;a00_cle_idweb;g04_01_date_publication;d01_07_cp;d01_08_ville;d01_01_denomination;g04_052_descripteurs_libelles;g01_02_02_perimetre;g01_02_01_famille;g01_02_03_nature;g01_02_04_statut;g04_061_criteres_sociaux;g04_062_criteres_environnementaux;g04_09_resume_objet
0;19-142231;2019-09-21;01003;BOURG EN BRESSE CEDEX;DEPARTEMENT DE L AIN;"[""Ouvrage d'art""]";autre;joue;rectificatif;rectificatif;non;non;reconstruction du pont de fleurville (rectificatif)
1;19-142727;2019-09-21;01700;miribel;Cté de Cnes de Miribel et du Plateau;['Signalisation', 'Voirie et réseaux divers'];directive24;joue;attribution;initial;non;non;accord-cadre à bons de commande pour des travaux de voirie réseaux divers (entretien et aménagement) et de signalisation horizontale.
2;19-142799;2019-09-21;01700;miribel;Cté de Cnes de Miribel et du Plateau;"['Berge', 'Espaces verts', ""Maîtrise d'oeuvre"", 'Protection, chutes de pierres', 'Ingénierie']";directive24;joue;attribution;initial;non;non;maitrise d'oeuvre pour la restauration des berges du canal de miribel
3;19-140054;2019-09-21;02007;Laon;USEDA;['Electricité, gaz (fourniture)'];directive24;joue;attribution;initial;non;non;groupement de commande pour la fourniture et l 'acheminement d'électricité et de services associés sur le territoire de l'useda
4;19-140053;2019-09-21;02007;laon;USEDA;['Electricité, gaz (fourniture)'];directive24;joue;attribution;initial;non;non;accord cadre pour la fourniture et l 'acheminement de gaz alimentant les points de livraison du groupement
5;19-140052;2019-09-21;02007;laon;USEDA;['Ingénierie'];directive24;joue;attribution;initial;non;non;assistance à maitrise d'ouvrage technique financière et juridique relative à l 'aménagement numérique du département de l 'Aisne
6;19-142441;2019-09-21;02860;CHAMOUILLE;SYND MIXTE PLAN EAU VALLEES AILETTE BI;['Repas, traiteur'];directive24;joue;appeloffre;initial;non;non;Marché public de services pour la fourniture de repas livrés selon le procédé dit de restauration différée en liaison froide pour le restaurant satellite de CAP'AISNE, base nautique avec hé-.
7;19-142758;2019-09-21;04360;Moustiers Sainte Marie;COMMUNE MOUSTIERS SAINTE MARIE;['Mobilier urbain'];directive24;joue;appeloffre;initial;non;non;Déconstruction, enlèvement d'habitats légers de loisirs et fourniture de mobil home
8;19-142297;2019-09-21;06000;Nice;METROPOLE NICE COTE D AZUR;['Véhicules (acquisition)'];directive24;joue;appeloffre;initial;non;oui;19N0408 ACQUISITION DE VEHICULES LEGERS ET UTILITAIRES NECESSAIRES A LA METROPOLE NICE COTE D'AZUR
9;19-142825;2019-09-21;06270;Villeneuve Loubet;SDIS (06);['Prestations de services', 'Véhicules'];directive24;joue;attribution;initial;non;non;Prestations de services de carrosserie pour les véhicules du SDIS 06
10;19-142591;2019-09-21;06364;Nice cedex 4;COMMUNE DE NICE;['Travaux de viabilité'];directive24;joue;appeloffre;initial;non;oui;Travaux de purge, confortement et soutènement de talus dans le cadre des pouvoirs de police administrative enmatière de sécurité publique
11;19-140527;2019-09-21;06901;Sophia antipolis cedex;Cté Agglomération Sophia Antipolis;"[""Maîtrise d'oeuvre""]";directive24;joue;appeloffre;initial;non;non;accord cadre de maîtrise d'oeuvre sur ouvrages et réseaux d'eaux pluviales, ouvrages littoraux et ouvrages gemapi
12;19-142688;2019-09-21;08011;CHARLEVILLE MEZIERES cedex;Conseil Départemental des Ardennes;['Espaces verts', 'Maintenance'];directive24;joue;appeloffre;initial;non;non;ENTRETIEN DES ESPACES VERTS DANS LES PROPRIETES GEREES PAR LE CONSEIL DEPARTEMENTAL-.
13;19-142845;2019-09-21;09250;Luzenac;CC DE LA HAUTE ARIEGE;['Prestations de services'];directive23;joue;appeloffre;initial;non;non;Exploitation des stations de sport d'hiver de la Communauté de Communes de la Haute-Ariègeà Mijanes, Ascou-Pailhères, Goulier - Station de ski nordique domaine du Chioula et
14;19-142618;2019-09-21;10000;TROYES;DEPARTEMENT DE L AUBE;['Etude'];directive24;joue;attribution;initial;non;non;AMENAGEMENT FONCIER AGRICOLE, FORESTIER ET ENVIRONNEMENTAL D'AVANT-LES-MARCILLY.
15;19-142777;2019-09-21;10003;Troyes cedex;Centre hospitalier de Troyes;['Sécurité incendie'];directive24;joue;appeloffre;initial;oui;oui;Changement du Système de sécurité Incendie de l'Institut de Formation en Soins Infirmiers.
16;19-142766;2019-09-21;11890;Carcassonne;OFFICE PUBLIC DE L HABITAT DE L AUDE;['Bâtiment'];directive24;joue;attribution;initial;non;non;Conception Realisation Pour La Construction De 50 Logements Et 10 Lots A Bâtir 'Le Faubourg De Surzac' A Capendu
17;19-142828;2019-09-21;12027;Rodez;Centre Hospitalier Jacques Puel;['Surveillance', 'Sécurité incendie'];directive24;joue;attribution;initial;non;non;AO 2019-08 : Prestation de surveillance et de sécurité incendie pour le compte du Groupement Hospitalier de territoire du Rouergue.
18;19-142715;2019-09-21;12104;Millau cedex;COM DE COMMUNES DE MILLAU GDS CAUSSES;['Véhicules (location)'];directive24;joue;attribution;initial;non;non;Exécution de services publics de transports scolaires pour assurer à titre principal à l'intention des élèves Millau Grands Causses la desserte d'Ets scolaires de la Communauté de Communes
19;19-142884;2019-09-21;13007;Marseille;METROPOLE D AIX MARSEILLE PROVENCE;['Transport'];directive23;joue;appeloffre;initial;non;non;Délégation de Service Public pour l'exploitation du réseau de transport : Libebus, Réseau des Bus de l'Etang étendu à Carry-le-Rouet, Sausset-Les-Pins et Châteauneuf-les-Martigues
20;19-142605;2019-09-21;13207;Marseille;ETS PUB FONCIER P A C A;['Assistance technique'];autre;joue;rectificatif;rectificatif;non;non;gestion de biens immobiliers bâtis pour le compte de l'etablissement public foncier de provence alpes côte d'azur dans le cadre de deux opérations en copropriété dégradée (rectificatif)
21;19-142595;2019-09-21;13233;Marseille cedex 20;Ville de Marseille;['Transport'];directive24;joue;appeloffre;initial;non;oui;Transport en autocars des enfants scolarisés dans les écoles de Marseille vers les piscines la Martine et la Castellane
22;19-142466;2019-09-21;13256;Marseille cedex 20;CONSEIL DEPARTEMENTAL 13;['Bâtiment'];autre;joue;rectificatif;rectificatif;non;non;Travaux liés à la délocalisation du Service Prestations Urgentes et Atelier sur la Traverse Santi
23;19-116334;2019-09-21;13284;Marseille Cedex 7;Université d'Aix-Marseille;['Ascenseur', 'Maintenance', 'Prestations de services'];directive24;joue;appeloffre;initial;non;non;maintenance des ascenseurs de l'université d'aix marseille
24;19-142622;2019-09-21;13331;Marseille;DIRMM;['Conteneur, poubelles', 'Collecte sélective', 'Ordures ménagères (prestations)', 'Déchets non ménagers (prestations)'];autre;joue;rectificatif;rectificatif;non;non;stockage, évacuation et traitement des déchets issus des centre de balisage opérationnels de marseille et de sète, du service des phares et balises de méditerranée (rectificatif)
25;19-142874;2019-09-21;13481;Marseille;Région Provence Alpes Côte d'Azur;"['Prestations de services', ""Assistance à maîtrise d'ouvrage""]";directive24;joue;attribution;initial;non;non;évaluation d'impact du fonds social européen
26;19-142632;2019-09-21;13626;Aix-en-Provence cedex 1;SA CO GI VA;['Ascenseur', 'Bardage', 'Bâtiment', 'Carrelage', 'Electricité (travaux)', 'Espaces verts', 'Etanchéité', 'Menuiserie', 'Peinture (travaux)', 'Plâtrerie', 'Plomberie (travaux)', 'Serrurerie', 'Voirie et réseaux divers'];directive24;joue;appeloffre;initial;non;non;Résidence ANTARES - Construction de 62 logements collectifs situés rue Fresse de Monval / rue Pierre Ambroggiani - ZAC de la Haute Duranne à Aix en Provence.
27;19-143774;2019-09-21;13640;La roque d'anthéron;Institut Medico Educatif Le Colombier;['Charpente', 'Cloison, faux plafond', 'Menuiserie', 'Peinture (travaux)', 'Serrurerie'];cmp2006;fns;appeloffre;initial;non;non;travaux de réhabilitation, restructuration et extension de l'ime le colombier - reconsultation des lots infructueux
28;19-142716;2019-09-21;13771;Fos sur mer cedex;Ville de Fos-sur-Mer;['Location (matériels)'];directive24;joue;appeloffre;initial;non;non;ORGANISATION D'ACTIVITES SPORTIVES ET LUDIQUES POUR LES BESOINS DE LA VILLE DE FOS-SUR-MER - LOT 4 LOCATION DE JEUX VIDÉO DE TYPE ARCADE
29;19-133153;2019-09-21;14050;CAEN;Communauté Urbaine Caen la mer;['Câblage', 'Génie civil', 'Terrassement'];directive24;joue;attribution;initial;non;non;Réalisation du Boulevard Urbain Nord entre la RD 7 à Biéville-Beuville et la RD 60 à Hérouville-Saint-Clair - relance lots no 1 et 2
30;19-133245;2019-09-21;14050;CAEN;Communauté Urbaine Caen la mer;['Câblage', 'Génie civil', 'Terrassement'];directive24;joue;attribution;initial;non;non;Réalisation du Boulevard Urbain Nord entre la RD 7 à Biéville-Beuville et la RD 60 à Hérouville-Saint-Clair
31;19-142857;2019-09-21;17086;La Rochelle;VILLE LA ROCHELLE;['Maintenance', 'Prestations de services'];autre;joue;rectificatif;rectificatif;non;non;Controles Reglementaires Des Installations Techniques Et Batiments De La Ville De La Rochelle
32;19-142754;2019-09-21;17700;Surgeres;SYNDICAT MIXTE CYCLAD;['Ordures ménagères (prestations)'];directive24;joue;appeloffre;initial;non;oui;Traitement De L'Excédent Des Déchets Ménagers
33;19-142455;2019-09-21;20179;Ajaccio cedex 1;CCIACS;['Ingénierie'];directive25;joue;attribution;initial;non;non;auscultations des chaussées des aéroports de corse du sud
34;19-142426;2019-09-21;20179;Ajaccio cedex 1;CCIACS;['Voyage'];directive24;joue;attribution;initial;non;non;prestation de service d'agence de voyage pour la fourniture des titres de transports, de solutions hébergements et prestations associées pour les besois de la cciacs
35;19-142371;2019-09-21;20179;Ajaccio cedex 1;CCIACS;['Nettoyage de locaux'];directive24;joue;appeloffre;initial;non;non;prestations de nettoyage des installations de l'aéroport de figari sud corse
36;19-143701;2019-09-21;21070;Dijon;DIR PJJ GRAND CENTRE;['Audit', 'Etude'];cmp2006;fns;appeloffre;initial;non;non;Evaluation des activités et de la qualité des prestations des établissements et services relevant de la protection judiciaire de la jeunesse - application du code de l'action sociale et des familles
37;19-142227;2019-09-21;21130;Auxonne;MAIRIE D'AUXONNE;['Assurance'];autre;joue;rectificatif;rectificatif;non;non;souscription aux contrats d'assurances de la commune d'auxonne (rectificatif)
38;19-142583;2019-09-21;25034;BESANCON;Ville de Besançon;['Publicité, Communication'];autre;joue;rectificatif;rectificatif;non;non;Régie publicitaire des magazines de la Ville de Besançon et de Grand Besançon Métropole (rectificatif)
39;19-142553;2019-09-21;25034;BESANCON;Ville de Besançon;['Impression'];autre;joue;rectificatif;rectificatif;non;non;Impression des magazines de la Ville de Besançon et de Grand Besançon Métropole (rectificatif)
40;19-142772;2019-09-21;26000;Valence;VALENCE ROMANS SUD RHONE-ALPES;['Transport'];directive24;joue;attribution;initial;non;non;182212 -Prestation De Transport Collectif Avec Chauffeur
41;19-142741;2019-09-21;26026;Valence;DEPARTEMENT DE LA DROME;"[""Tous corps d'état""]";directive24;joue;appeloffre;initial;non;non;Construction du nouveau collège de Saint Donat sur l'HerbasseLots 1 - 2 - 4 - 8 - 9 - 12 et 13
42;19-142782;2019-09-21;27004;EVREUX CEDEX;CA EVREUX PORTES DE NORMANDIE;['Gaz divers', 'Produits chimiques', 'Réactifs'];directive25;joue;attribution;initial;non;non;Fourniture de réactifs destinés à la production d'eau potable et à l'assainissement des eaux usées
43;19-142657;2019-09-21;28028;Chartres;Conseil général d'Eure et Loir;['Panneaux'];directive24;joue;appeloffre;initial;non;non;Fourniture et pose de signalétique de bâtiments et signalisation évènementielle
44;19-82476;2019-09-21;29196;Quimper Cedex;Département du Finistère;['Assistance technique'];directive24;joue;attribution;initial;oui;oui;assistance au conseil départemental dans le cadre du dispositif de l'accueil familial de personnes âgées et de personnes adultes handicapées
45;19-142707;2019-09-21;29200;Brest;SEMBREIZH;['Bâtiment'];autre;joue;rectificatif;rectificatif;oui;non;OP 18AGHH - Lycée Tristan Corbière à Morlaix - construction d'un bâtiment neuf
46;19-142669;2019-09-21;29240;Brest cedex 9;MINDEF/SCA/PFAF OUEST;['Equipements spécialisés', 'Mécanique'];directive24;joue;appeloffre;initial;non;non;Etude, réalisation et installation d'un banc d'épreuve hydrostatique
47;19-142877;2019-09-21;30900;Nimes;SITOM SUD GARD;['Prestations de services'];directive24;joue;appeloffre;initial;non;non;Valorisation des déchets végétaux broyés du Sitom Sud Gard issus des plateformes de broyage pour un gisement total d'environ 11 000 tonnes divisé en 3 lots géographiques
48;19-140178;2019-09-21;30947;Nîmes cedex 9;CA Nîmes Métropole;['Etude', 'Prestations de services', 'Ingénierie'];directive24;joue;appeloffre;initial;non;non;etude de faisabilite de l'amenagement hydraulique du ruisseau de la vallongue à bernis
49;19-142662;2019-09-21;31505;Toulouse;TOULOUSE METROPOLE;['Ingénierie'];directive24;joue;appeloffre;initial;non;non;Concours Pour L'Attribution D'Un Marche De Maitrise D'Oeuvre - Construction Du Batiment 'Spatioport' Pour Le Simulateur De Vol Spatial A La Cite De L'Espace - 19m198cr
50;19-142736;2019-09-21;33045;BORDEAUX;Bordeaux Métropole;['Bâtiment', 'Couverture'];directive24;joue;appeloffre;initial;non;non;Travaux acrobatiques
51;19-142694;2019-09-21;33045;BORDEAUX;Bordeaux Métropole;['Terrasse', 'Végétaux'];directive24;joue;appeloffre;initial;non;non;Travaux d'entretien des toitures terrasses et des murs et façades végétalisées
52;19-142864;2019-09-21;33074;Bordeaux;DEPARTEMENT DE LA GIRONDE;['Prestations de services'];directive24;joue;attribution;initial;non;non;Réalisation de contrôles de services fait (Csf) de dossiers de Fonds Social Européen (Fse)du programme opérationnel national emploi et inclusion (Axes Iii et Iv)
53;19-142588;2019-09-21;33600;Pessac;Atlandes;['Matériaux routiers'];directive24;joue;appeloffre;initial;non;non;A63-013
54;19-142872;2019-09-21;34074;Montpellier;ACM OPH de la CA de Montpellier;['Plomberie (travaux)'];directive24;joue;attribution;initial;non;non;Petits Travaux D'Entretien De Plomberie Et Astreinte Sur L'Ensemble Du Patrimoine D'Acm Habitat - 10 Lots
55;19-142670;2019-09-21;34087;Montpellier;Conseil départemental de l'Hérault;['Abonnement'];autre;joue;rectificatif;rectificatif;non;non;Fourniture Et Gestion D'Abonnements, De Revues, De Journaux Et Autres Publications Sur Tout Support Pour Les Besoins Du Département De L'Hérault
56;19-142903;2019-09-21;34200;Sete;CENTRE COMMUNAL D ACTION SOCIALE;['Prestations de services'];directive24;joue;appeloffre;initial;non;non;Réservation de 06 berceaux en structure multi accueil petite enfance
57;19-142786;2019-09-21;34295;Montpellier cedex 5;CHU DE MONTPELLIER;['Consommables médicaux'];directive24;joue;appeloffre;initial;non;non;Affaire no19A0269 - FOURNITURE DE DISPOSITIFS MEDICAUX STERILES DIVERS
58;19-142907;2019-09-21;34400;Lunel;Communauté de Communes Pays de Lunel;['Assurance'];directive24;joue;appeloffre;initial;non;non;Renouvellement des contrats d'assurances de la Communauté de Communes du Pays de Lunel: dommages aux biens, responsabilité civile, parc automobile.
59;19-142281;2019-09-21;34508;Béziers;Ville de Béziers;['Sanitaire'];directive24;joue;appeloffre;initial;non;non;Achat de vaccins
60;19-142820;2019-09-21;35031;RENNES CEDEX;Rennes Métropole;['Assainissement', 'Prestations de services', 'Transport'];directive24;joue;appeloffre;initial;non;non;Elaboration, actualisation, suivi et réalisation des plans d'épandage des boues et sables des stations d'épuration de Rennes Métropole - Programme 2020-2023
61;19-142878;2019-09-21;35033;Rennes cedex 9;CTRE HOSPITALIER UNIVERS PONTCHAILLOU;['Prestations de services'];directive24;joue;appeloffre;initial;non;non;Entretien et/ou location des articles textiles du Centre Hospitalier de Fougères.
62;19-142517;2019-09-21;35033;Rennes cedex 9;CTRE HOSPITALIER UNIVERS PONTCHAILLOU;['Produits pharmaceutiques'];directive24;joue;attribution;initial;non;oui;DISPOSITIFS MEDICAUX STERILES A VISEE VASCULAIRE INTERVENTIONNELLE
63;19-142229;2019-09-21;35711;Rennes cedex 7;Région Bretagne;['Equipements spécialisés'];autre;joue;rectificatif;rectificatif;non;non;Navire FROMVEUR II - Remplacement des deux lignes propulsives
64;19-142711;2019-09-21;35998;Rennes cedex 9;ESID de Rennes;['Prestations de services'];directive24;joue;attribution;initial;non;non;Département de l'Eure (27) - Accord cadre pour l'exécution de missions de chargé de sécurité pyrotechnique pour les sites soutenus par l'ESID de Rennes
65;19-142720;2019-09-21;37035;Tours cedex 9;UIOSS 37;['Maintenance'];directive24;joue;appeloffre;initial;non;non;Le marché concerne les installations techniques de l'immeuble de l'Union Immobilière des Organismes de Sécurité Sociale situé au 36 rue du Champ Girault à TOURS (37)
66;19-142701;2019-09-21;37044;Tours cedex 9;CENTRE HOSPITALIER REG UNVT DE TOURS;['Matériel médical'];directive24;joue;attribution;initial;non;non;Fourniture de consommables et solutions de substitutions pour hémofiltration, avec mise à disposition des générateurs, au CHRU de Tours
67;19-142467;2019-09-21;37044;Tours cedex 9;CENTRE HOSPITALIER REG UNVT DE TOURS;['Matériel médical'];directive24;joue;attribution;initial;non;non;Mise à disposition d'un automate pour la recherche d'altérations génétiques somatiques du gène EGFR sur l'ADN circulant pour les cancers broncho-pulmonaires, réactifs et maintenance ass
68;19-142904;2019-09-21;38036;Grenoble;Compagnie de Chauffage;['Plomberie (travaux)'];directive25;joue;appeloffre;initial;non;non;Remplacement de bouteilles de mélanges par des échangeurs à plaques et joints dans postes de livraison - réseau de chauffage urbain de l'Agglomération grenobloise - Accord cadre mu
69;19-142803;2019-09-21;38043;Grenoble cedex 09;CTRE HOSPITALIER UNVT GRENOBLE;['Equipements spécialisés'];autre;joue;rectificatif;rectificatif;non;non;Fourniture de matériels, matériaux, outillages, produits consommables et prestations associées pour les ateliers des services techniques du GHT Alpes Dauphiné
70;19-142431;2019-09-21;38600;FONTAINE;SDIS de l'Isère;"['Bâtiment', ""Maîtrise d'oeuvre"", 'Ingénierie']";directive24;joue;appeloffre;initial;non;non;Concours de maîtrise d'oeuvre pour la construction d'une caserne de sapeurs-pompiers et d'un centre d'entretien routier sur la commune de Vinay (38 470)
71;19-142603;2019-09-21;39400;Hauts-de-Bienne;COMMUNE DE HAUTS DE BIENNE;['Prestations de services'];directive24;joue;attribution;initial;non;non;"Mission de maîtrise d'oeuvre pour l'aménagement des berges de la Bienne, projet urbain "" l'Echappée Bienne """
72;19-142652;2019-09-21;40107;Dax cedex;Ville de Dax;['Canalisations', 'Equipement hydraulique'];directive25;joue;attribution;initial;non;non;Fourniture de tuyaux, raccords et accessoires
73;19-142889;2019-09-21;41020;Blois Cedex;CG Loir et Cher;['Autocommutateur'];directive24;joue;appeloffre;initial;non;non;Maintenance - extension des autocommutateurs gérés par le Conseil départemental
74;19-142620;2019-09-21;42055;Saint etienne cedex 02;CHU SAINT ETIENNE;"[""Produits d'entretien""]";autre;joue;rectificatif;rectificatif;non;non;DAL-DAH2019-32
75;19-142560;2019-09-21;45051;Orleans;SOC ECONOMIE MIXTE DVLPT ORLEANAIS S E;['Chauffage (travaux)', 'Démolition', 'Electricité (travaux)', 'Etanchéité', 'Gros oeuvre'];directive24;joue;attribution;initial;non;non;Travaux de restructuration du bâtiment B - J.Verdier & Cfa Est Loiret à Montargis (45 - Loiret)
76;19-142924;2019-09-21;46100;Figeac;SMBRC;"['Assistance technique', 'Etude', ""Maîtrise d'oeuvre"", 'Ingénierie']";autre;joue;rectificatif;rectificatif;non;non;Etude de mise en oeuvre des travaux de prévention des inondations sur le bassin du Riou Mort
77;19-142446;2019-09-21;49020;ANGERS;Angers Loire Métropole;['Publicité, Communication'];directive24;joue;attribution;initial;non;non;DISTRIBUTION ET AFFICHAGE DES SUPPORTS D'INFORMATION DE LA Ville d'Angers ET Angers Loire Métropole
78;19-142388;2019-09-21;49124;Saint Barthélemy d'Anjou;SAPL Angers Loire Restauration;['Restauration collective'];directive24;joue;appeloffre;initial;oui;oui;Fourniture de barquettes de conditionnement à usages alimentaires, films d'operculage et moules
79;19-142913;2019-09-21;49420;Ombrée d'Anjou;COMMUNE DE OMBREE D ANJOU;['Assurance'];directive24;joue;appeloffre;initial;non;non;Convention de participation pour la protection sociale complémentaire aux agents
80;19-142696;2019-09-21;51724;Reims cedex;Université de Reims Champagne Ardenne;['Ingénierie'];directive24;joue;attribution;initial;non;non;Mission d'assistance d'ingénierie du bâtiment relative aux opérations programmées par les services de l'Université de Reims Champagne-Ardenne
81;19-142402;2019-09-21;54035;Nancy cedex;CHRU de Nancy;['Laboratoire (fourniture)'];autre;joue;rectificatif;rectificatif;non;non;Biologie de l'histocompatibilité : Fourniture de réactifs, consommables, analyseurs, maintenance, solution logicielle d'analyse des données et connexion informatique
82;19-142831;2019-09-21;55012;BAR LE DUC CEDEX;Communauté agglo Bar le Duc Sud Meuse;['Collecte sélective', 'Ordures ménagères (prestations)', 'Transport'];directive24;joue;appeloffre;initial;non;non;Traitement des ordures ménagères résiduelles, le tri des recyclables et la collecte du verre en apport volontaire
83;19-142871;2019-09-21;57036;Metz;Ville de Metz;['Ingénierie'];directive24;joue;attribution;initial;non;non;Missions d'expertise et d'aide à la décision en cas de sinistre ou de péril
84;19-142643;2019-09-21;57036;Metz;Ville de Metz;['Electricité, gaz (fourniture)'];directive24;joue;appeloffre;initial;non;oui;Fourniture et acheminement d'électricité 100% verte alimentant les bâtiments municipaux et services associés
85;19-142558;2019-09-21;57036;Metz;DEPARTEMENT DE LA MOSELLE;['Electricité (travaux)', 'Menuiserie', 'Amiante (désamiantage)'];autre;joue;rectificatif;rectificatif;non;non;19s0117 - Dpi - Travaux dans divers collèges, bâtiments départementaux et Centres Moselle Solidarités du Département de la Moselle
86;19-142796;2019-09-21;57044;Metz cedex 1;Plate Forme Achats Finances Nord Est;['Nettoyage de locaux'];directive24;joue;appeloffre;initial;oui;non;Nettoyage des locaux et des vitres et plonge et nettoyage des locaux de plonge et locaux poubelles au profit du GSBdD de Strasbourg-Haguenau (CONTRAT SENSIBLE)
87;19-142709;2019-09-21;57044;Metz cedex 1;Plate Forme Achats Finances Nord Est;['Déneigement'];directive24;joue;appeloffre;initial;non;oui;Déneigement avec ou sans épandage au profit des formations militaires rattachées aux groupements de soutien des bases de défense (GSBdD) d'Épinal ? Luxeuil, de Nancy et de Strasbourg-Haguenau.
88;19-142607;2019-09-21;57085;Metz cedex 3;CHR METZ THIONVILLE;['Véhicules (location)'];autre;joue;rectificatif;rectificatif;non;non;LOCATION DE VEHICULES POIDS LOURDS DESTINES AU TRANSPORT DE CHARIOTS POUR LE CHR METZ-THIONVILLE LE GCS NORD LORRAINE UCPA ET LE CH DE BRIEY
89;19-142866;2019-09-21;57972;Yutz;COMMUNAUTE AGGLO PORTES DE FRANCE;['Berge', 'Espaces verts'];directive24;joue;attribution;initial;non;non;Accords-cadres pour l'entretien des berges de la Moselle
90;19-142631;2019-09-21;58287;Guesnain;S.P.L. S.T.A.D.;['Assurance'];directive24;joue;appeloffre;initial;non;non;COMPLEMENTAIRE SANTE POUR LES SALARIES DE LA STAD
91;19-142699;2019-09-21;59000;Lille;EuraTechnologies;['Prestations de services'];directive24;joue;appeloffre;initial;non;non;Prestations de service traiteur
92;19-142516;2019-09-21;59120;Loos;Etablissement Français du Sang;['Mobilier'];directive24;joue;attribution;initial;non;oui;Fourniture, montage et installation de mobilier sur les sites de l'EFS Hauts-de-France - Normandie
93;19-142713;2019-09-21;59386;Dunkerque cedex 1;Communauté Urbaine de Dunkerque;['Benne', 'Véhicules (acquisition)'];directive24;joue;attribution;initial;non;non;Acquisition de véhicules d'enlèvement des ordures ménagères - 2 lots
94;19-143783;2019-09-21;59427;Armentières cedex;Ville d'Armentières;['Illumination'];cmp2006;mapa;appeloffre;initial;non;non;Spectacle de Noël : descente du père Noël du haut du Beffroi et embrassement de l'Hôtel de Ville - Dimanche 08 décembre 2019 à 18h30
95;19-142893;2019-09-21;59700;Marcq en baoreul;Ville de Marcq-en-Baroeul;['Livres'];directive24;joue;appeloffre;initial;non;non;Fourniture de livres non scolaires pour la Ville de Marcq-en-Baroeul
96;19-142535;2019-09-21;59800;Lille;METROPOLE EUROPEENNE DE LILLE;['Prestations de services', 'Ingénierie'];directive24;joue;appeloffre;initial;non;non;Accord cadre pour la réalisation de prestations de maitrise d'oeuvre pour la réalisation de travaux d'assainissement sur le territoire de la MEL
97;19-142849;2019-09-21;60000;Beauvais;Communaute d'Agglo du Beauvaisis;['Cd, DVD'];directive24;joue;appeloffre;initial;non;non;Fourniture de documents audio, audiovisuels et multimédia pour le réseau des médiathèques du Beauvaisis
98;19-142582;2019-09-21;60150;Thourotte;COMMUNAUTE DE COMMUNES DES 2 VALLEES;['Denrées alimentaires'];directive24;joue;appeloffre;initial;non;non;Marché public de fourniture de repas cuisinés
99;19-142724;2019-09-21;62026;Arras cedex;Communauté Urbaine d'Arras;['Titres de transport'];autre;joue;rectificatif;rectificatif;non;non;Fourniture et pose des équipements et développement des interfaces pour le déploiement d'un système interopérable régional Pass-Pass sur le réseau de transport Artis de la Communauté Urbaine d&ap
100;19-142093;2019-09-21;62138;VIOLAINES;COMMUNE DE VIOLAINES;['Voirie'];directive24;joue;attribution;initial;non;non;travaux neufs de refection de la rue des cedres et rue lecoeuche
101;19-142664;2019-09-21;62407;Bethune;Mairie de Béthune;['Voirie'];directive24;joue;appeloffre;initial;non;non;Carottages, essais, mesures et études dans le cadre des travaux de voirie et d'études géotechniques
102;19-142578;2019-09-21;62510;ARQUES;RESIDENCE DES FONTINETTES;['Assurance'];directive24;joue;appeloffre;initial;non;non;AVIS D'APPEL PUBLIC A LA CONCURRENCE APPEL D OFFRES OUVERTASSURANCES
103;19-142771;2019-09-21;63007;Clermont-Ferrand;Ville de Clermont-Ferrand;['Nettoyage de locaux'];directive24;joue;attribution;initial;oui;non;Nettoyage De Divers Locaux De La Ville
104;19-142706;2019-09-21;66750;Saint-Cyprien;Mairie Saint-Cyprien;['Reprographie'];directive24;joue;appeloffre;initial;non;non;Reprographie
105;19-142760;2019-09-21;67004;Strasbourg cedex;CROUS;['Prestations de services'];directive24;joue;appeloffre;initial;non;non;Nettoyage et dégraissage complet des installations de ventilation des restaurants universitaires, des cafétérias et de trois cités universitaires gérés par le Crous de Strasbourg
106;19-124016;2019-09-21;67070;Strasbourg Cedex;REGION GRAND EST;['Transport'];directive24;joue;attribution;initial;oui;oui;Exécution de services réguliers de transports routiers de voyageurs destinés à titre principal aux usagers scolaires ouvert au public sur le territoire du Haut-Rhin
107;19-124014;2019-09-21;67070;Strasbourg Cedex;REGION GRAND EST;['Informatique (prestations de services)', 'Maintenance'];directive24;joue;attribution;initial;non;non;Tierce Maintenance Applicative - Applications Spécifiques
108;19-142280;2019-09-21;67073;Strasbourg;PREFECTURE DU BAS-RHIN;['Bâtiment'];autre;joue;rectificatif;rectificatif;non;non;2019mpgpcite67 (rectificatif)
109;19-142537;2019-09-21;68051;MULHOUSE Cedex;GHR Mulhouse Sud Alsace;['Conteneur, poubelles', 'Collecte sélective'];autre;joue;rectificatif;rectificatif;non;non;fourniture d'emballages pour déchets d'activités de soins à risques infectieux pour le ght de haute alsace (rectificatif)
110;19-142883;2019-09-21;69003;Lyon;UniHA GCS;['Matériel médical'];directive24;joue;appeloffre;initial;non;non;GCS UniHA : CASQUES DE RÉALITÉ VIRTUELLE CLINIQUE
111;19-142840;2019-09-21;69205;Lyon cedex 01;Ville de Lyon;['Titres restaurant'];directive24;joue;appeloffre;initial;oui;oui;Réalisation et fourniture de titres restaurant pour le personnel de la Ville de Lyon, du Centre Communal d'Action Social de Lyon et l'Ecole Nationale Supérieure des Beaux-Arts de L
112;19-142862;2019-09-21;69270;Fontaines Sur Saone;COMMUNE DE FONTAINES SUR SAONE;['Repas, traiteur'];directive24;joue;attribution;initial;non;non;Marché de fourniture et la livraison en liaison froide des repas pour le service scolaire et extrascolaire
113;19-142780;2019-09-21;69329;Lyon cedex 03;ATIH;['Prestations de services'];directive24;joue;appeloffre;initial;non;non;Mise à disposition d'assistants(es) de gestion / de projet / marchés publics, de secrétaires et de juristes en droit public intérimaires pour l'ATIH
114;19-142732;2019-09-21;69365;Lyon cedex 07;CROUS de Lyon/Saint-Etienne;['Chauffage (exploitation, entretien)'];directive24;joue;appeloffre;initial;non;non;Marché d'exploitation des installations de génie thermique des bâtiments du Crous de Lyon
115;19-142735;2019-09-21;69373;Lyon cedex 08;CHU Lyon;['Espaces verts'];autre;joue;rectificatif;rectificatif;non;non;ENTRETIEN COURANT DES ESPACES VERTS ET DES ARBRES POUR LE GHT RHONE CENTRE ET LE GCS BLANCHISSERIE (BIHL)
116;19-142672;2019-09-21;69400;Villefranche-sur-Saone;CABVS;['Prestations de services'];directive25;joue;attribution;initial;non;non;Prestations de détection et géo référencement des réseaux souterrains
117;19-142471;2019-09-21;71321;Chalon sur Saône;Centre hospitalier W. Morey;['Prestation hotelière'];directive24;joue;attribution;initial;non;non;fourniture de prestations d'hébergement temporaires
118;19-142563;2019-09-21;72072;Le Mans;DEPARTEMENT DE LA SARTHE;['Informatique (prestations de services)'];directive24;joue;attribution;initial;non;non;Services de télécommunications du Département de la Sarthe
119;19-142678;2019-09-21;74260;Les Gets;Commune des Gets;['Assurance'];directive24;joue;attribution;initial;non;non;Marché de Service relatif à la Prestation d'Assurance pour les besoins de la Commune des Gets
120;19-142698;2019-09-21;75005;Paris;ASSISTANCE PUBLIQUE HOPITAUX DE PARIS;['Equipements spécialisés'];directive24;joue;attribution;initial;non;non;Fourniture d'équipements de radiothérapie dans des hôpitaux de l'AP-HP
121;19-142833;2019-09-21;75010;Paris;PARIS MUSEES;['Audiovisuel'];directive24;joue;appeloffre;initial;non;non;Accompagnement et conseil technique, à la location, l'installation et la maintenance de matériels pour les dispositifs numériques et audiovisuels pour l'établissement public Paris Musées.
122;19-142917;2019-09-21;75011;Paris;GIP RESAH;['Informatique (matériel)'];autre;joue;rectificatif;rectificatif;non;non;LOCATION LONGUE DUREE (LLD) ET ACQUISITION DE MATERIELS INFORMATIQUES, PERIPHERIQUES, ACCESSOIRES ET SERVICES ASSOCIES - lot1 et 2
123;19-142283;2019-09-21;75013;PARIS;Ville de Paris;['Piscine'];autre;joue;rectificatif;rectificatif;non;non;Exploitation de la piscine Keller située au 14, rue de l'Ingénieur-Keller dans le 15e arrondissement de Paris
124;19-142359;2019-09-21;75014;Paris;EPF Ile de France;"[""Assistance à maîtrise d'ouvrage""]";autre;joue;rectificatif;rectificatif;non;non;Assistance à Maîtrise d'Ouvrage dans le cadre de la mise en oeuvre d'un contrat de fortage - Achères (78)
125;19-142704;2019-09-21;75015;Paris;ESCP Europe;['Informatique (prestations de services)', 'Logiciel'];directive24;joue;appeloffre;initial;non;non;Prestations d'intégration de JPLATFORM de l'éditeur JALIOS pour la Digital Workplace de ESCP Europe comprenant l'analyse, le développement, la formation et la maintenance.
126;19-142824;2019-09-21;75020;Paris;Institut National Etudes Démographique;['Mobilier'];autre;joue;rectificatif;rectificatif;non;non;Equipement en mobilier et matériels multimédia de salles de réunion
127;19-142885;2019-09-21;75291;Paris cedex 06;SENAT;['Etude', 'Sondage, enquête'];directive24;joue;appeloffre;initial;non;non;Accord-cadre Etudes d'opinion et exploitation des résultats de consultations sénatoriales,
128;19-142812;2019-09-21;75349;Paris 07 sp;Ministère de l'agriculture;['Assistance technique'];directive24;joue;attribution;initial;non;non;Prestation de traitement d'archives
129;19-142811;2019-09-21;75732;Paris Cedex 15;Ministère de l'éducation nationale;['Informatique (prestations de services)'];directive24;joue;appeloffre;initial;oui;non;Fourniture de prestations de maintenance et prestations associées pour des applications de technologie web conçues sous le CMS Pelican pour le compte du MENJ-MESRI
130;19-142891;2019-09-21;75935;PARIS;Cité de la Musique-Philharmonie Paris;['Impression'];directive24;joue;appeloffre;initial;non;oui;Travaux d'impression
131;19-142586;2019-09-21;76031;Rouen cedex;CHU-Hôpitaux de Rouen;['Carburant, hydrocarbure'];directive24;joue;attribution;initial;non;non;Fourniture de carburants et de fuel domestique pour le 'GHT Rouen Coeur de Seine'
132;19-142434;2019-09-21;76067;Le havre cedex;GPMH au Havre;['Assurance'];autre;joue;rectificatif;rectificatif;non;non;Assurances - Dommages aux Biens Mobiliers et Immobiliers - Bouées Houlographes et Matériels Topographiques - OEuvres d'Art
133;19-142725;2019-09-21;76100;Rouen;Union sociale pour l'habitat de HN;['Prestations de services'];autre;joue;rectificatif;rectificatif;non;non;Réalisation d'une enquête de satisfaction sur la perception de la qualité du service rendu dans l'habitat social en Normandie.
134;19-142691;2019-09-21;77010;Melun;Département de Seine-et-Marne;['Abris', 'Amiante'];directive24;joue;attribution;initial;non;non;Diagnostics amiante dans les collèges et les bâtiments départementaux
135;19-142692;2019-09-21;77011;Melun;COMMUNE MELUN;['Denrées alimentaires'];directive24;joue;appeloffre;initial;non;oui;ACHAT DE DENREES ALIMENTAIRES POUR LA VILLE DE MELUN
136;19-142554;2019-09-21;77347;PONTAULT COMBAULT CEDEX;Ville de Pontault-Combault;['Repas, traiteur', 'Voyage'];directive24;joue;appeloffre;initial;non;non;Organisation de 7 séjours à l'attention de personnes retraitées pour la Ville de Pontault-Combault
137;19-142823;2019-09-21;77360;Vaires sur marne;Ville de Vaires sur Marne;['Assurance'];directive24;joue;appeloffre;initial;non;non;Souscription des contrats d'assurance du groupement de commande constitué entre la Commune et le CCAS de Vaires-sur-Marne
138;19-142259;2019-09-21;78102;Saint germain en laye cedex;ESID IDF;"['Abris', ""Tous corps d'état"", 'Amiante (désamiantage)']";directive24;joue;attribution;initial;oui;non;Accord-cadre à bons de commande portant sur l'exécution de travaux d'entretien et de grosses réparations sur les emprises soutenues par l'ESID IDF et ses organismes subordonnés (USID)
139;19-142636;2019-09-21;78120;Rambouillet;SITREVA;['Bois', 'Déchetterie (exploitation)'];directive24;joue;appeloffre;initial;non;non;Traitement du bois issu des déchèteries du secteur de Dreux
140;19-142791;2019-09-21;80054;Amiens cedex 1;CHU AMIENS PICARDIE;['Maintenance'];directive24;joue;attribution;initial;non;non;Entretien et maintenance des échographes de marque TOSHIBA du GHT SLS.
141;19-142748;2019-09-21;82170;Grisolles;Ville de Grisolles;['Assurance'];directive24;joue;appeloffre;initial;non;non;souscription des contrats d'assurances pour la Commune de Grisolles
142;19-142745;2019-09-21;83000;Toulon;Conseil Général du Var;['Extincteur'];directive24;joue;appeloffre;initial;non;non;Maintenance Des Extincteurs, éclairages De Secours, Installation De Désenfumage, Ria Et Colonnes Sèches Dans Les Bâtiments Du Département Du Var - 5 lots
143;19-142750;2019-09-21;83412;Hyères;Commune d'Hyères-les-Palmiers;['Installation portuaire'];directive24;joue;appeloffre;initial;non;non;Fournitures de pontons flottants et autoportants, installations et travaux divers d'aménagement
144;19-142890;2019-09-21;85400;Luçon;ETABLISSEMENT PUBLIC DU MARAIS POITEVI;['Etude'];directive24;joue;appeloffre;initial;non;non;MAPF no19-02 - Mise en oeuvre du dispositif de suivi de l'évolution de la biodiversité en lien avec la gestion de l'eau dans le Marais poitevin
145;19-142888;2019-09-21;86008;Poitiers Cedex;Conseil Général de la Vienne;"['Etude', 'Prestations de services', ""Assistance à maîtrise d'ouvrage""]";directive24;joue;appeloffre;initial;non;non;"Mission de suivi-animation du PIG (programme d'intérêt général) ""habiter mieux"" de la vienne (86)"
146;19-142730;2019-09-21;87032;Limoges;Université de Limoges;['Matériel de précision'];directive24;joue;attribution;initial;non;non;904 18 68 et 69
147;19-142784;2019-09-21;90015;Belfort;HOPITAL NORD FRANCHE COMTE;['Assurance'];directive24;joue;appeloffre;initial;non;non;Prestations de services d'assurances responsabilité civile hospitalière et protection juridique du GHT Nord Franche-Comté
148;19-142808;2019-09-21;91012;Evry cedex;Conseil général de l'Essonne;['Cuisine (équipement)'];autre;joue;rectificatif;rectificatif;non;non;PRESTATIONS DE GROSSES REPARATIONS, ACQUISITIONS ET INSTALLATIONS DE MATERIELS DE CUISINES COLLECTIVES DANS LES BATIMENTS A USAGE DU DEPARTEMENT DE L?ESSONNE, COLLEGES COMPRIS
149;19-142717;2019-09-21;91106;Corbeil-essonnes;Centre Hospitalier Sud Francilien;['Maintenance'];directive24;joue;attribution;initial;non;non;Entretien et maintenance des matériels et équipements de restauration, des chambres froides alimentaires et médicales pour le GHT Ile de France Sud
150;19-142619;2019-09-21;91898;Orsay cedex;CA COMMUNAUTE PARIS SACLAY;['Restauration collective'];directive24;joue;appeloffre;initial;oui;oui;Exécution de prestations de restauration et de traiteurs pour l'organisation des fêtes, cérémonies, réunions et petits déjeuners de la Communauté Paris-Saclay (hors Voeux de la Collectivité).
151;19-142887;2019-09-21;92931;Paris la défense cedex;PARIS LA DEFENSE;['Panneaux'];directive24;joue;appeloffre;initial;non;non;Mobilier de signalétique piétonne connecté, digital et géolocalisé
152;19-142898;2019-09-21;93000;Bobigny;DEPARTEMENT DE LA SEINE SAINT DENIS;['Abris'];directive24;joue;appeloffre;initial;non;oui;Renovation Et Restructuration Du College Lenain De Tillemont A Montreuil
153;19-142510;2019-09-21;93160;Noisy-le-grand cedex;GRAND PARIS GRAND EST;['Bâtiment', 'Déchetterie (travaux)', 'Espaces verts'];directive24;joue;attribution;initial;oui;oui;Réalisation d'une déchèterie - recyclerie, d'une voirie et d'un dépôt communal à Neuilly-sur-Marne (93)
154;19-142473;2019-09-21;93160;Noisy le grand;GRAND PARIS GRAND EST;['Etude'];directive24;joue;appeloffre;initial;non;non;Mission d'Assistance à Maîtrise d'Ouvrage OPC Urbain pour les programmes de rénovation urbaine inscrits au NPNRU
155;19-142765;2019-09-21;93200;Saint-denis;Société du Grand Paris;['Assainissement'];directive25;joue;attribution;initial;non;non;Marché de travaux de dévoiement du réseau d'assainissement départemental des Hauts de Seine, Gare de Nanterre la Boule
156;19-142774;2019-09-21;93200;Saint-denis;Société du Grand Paris;['Prestations de services'];directive25;joue;attribution;initial;non;non;Auscultations préalables des bâtis, réseaux et ouvrages impactés par les futurs travaux de la Ligne 15 Ouest Tronçon 4
157;19-142606;2019-09-21;93200;Saint-denis;Société du Grand Paris;['Etude', 'Prestations de services'];directive25;joue;attribution;initial;non;non;Expertises scientifiques en géographie et en aménagement - urbanisme
158;19-142627;2019-09-21;93884;Noisy le grand cedex;POLE EMPLOI IDF;['Câblage', 'Charpente', 'Cloison, faux plafond', 'Démolition', 'Gros oeuvre', 'Plomberie (travaux)', 'Terrassement'];directive24;joue;attribution;initial;non;oui;MARCHE DE TRAVAUX DE CONSTRUCTION ET D'AMENAGEMENT DU SITE POLE EMPLOI DE BRIE COMTE ROBERT
159;19-142666;2019-09-21;94380;Bonneuil-sur-Marne;COMMUNE DE BONNEUIL SUR MARNE;['Denrées alimentaires'];directive24;joue;appeloffre;initial;non;oui;Fourniture de denrées alimentaires pour la Ville de Bonneuil-sur-Marne et son centre de vacances
160;19-142819;2019-09-21;94470;Boissy saint léger;Ville de Boissy-saint-Léger;"[""Maîtrise d'oeuvre""]";autre;joue;rectificatif;rectificatif;non;non;Accord cadre de maîtrise technique
161;19-142243;2019-09-21;94682;Vincennes;FONDS GARANTIE ASSUR OBL DE DOMMAGES;['Audiovisuel'];directive24;joue;appeloffre;initial;non;non;Acquisition et services associés des équipements audiovisuels du nouveau siège du Fonds de Garantie situé 64 bis avenue Aubert 94600 Vincennes
162;19-142757;2019-09-21;97100;BASSE-TERRE;Région Guadeloupe;['Prestations de services'];autre;joue;rectificatif;rectificatif;non;non;assistance technique dans le cadre du programme de développement rural cofinancé par le feader 2014-2020 et du programme opérationnel feamp (rectificatif)
163;19-142826;2019-09-21;97100;BASSE-TERRE;CA Sud Basse-Terre;['Curage'];directive24;joue;attribution;initial;non;non;Avis d'attribution : Hydro curage de réseaux sur le périmètre de la Communauté
164;19-142163;2019-09-21;97165;Pointe-à-Pitre Cedex;Grand Port Maritime de la Guadeloupe;['Assurance'];directive24;joue;appeloffre;initial;non;non;marché d'assurance de dommages aux biens
165;19-142938;2019-09-21;97261;Fort de france;MIOMCT / GN / DGGN / CAGN - Le Blanc /;['Electroménager', 'Literie', 'Mobilier'];directive24;joue;attribution;initial;non;non;Acquisition de mobilier d'ameublement au profit du commandement de la gendarmerie de MARTINIQUE. du commandement de la gendarmerie de MARTINIQUE
166;19-93060;2019-09-21;97261;FORT DE FRANCE;COLLECTIVITE TERRITORIALE MARTINIQUE;['Prestations de services'];directive24;joue;appeloffre;initial;oui;non;Mise en oeuvre du dispositif intitulé parcours d'insertion et d'accompagnement social territorial (piste)
167;19-142925;2019-09-21;97284;Le Lamentin;CAISSE DES ECOLES DU LAMENTIN;['Denrées alimentaires'];directive24;joue;preinformation;initial;non;non;Fourniture de denrées alimentaires pour l'année 2020
168;19-142798;2019-09-21;97310;Kourou;CC des Savanes;['Plancher technique', 'Tente'];directive24;joue;appeloffre;initial;non;non;Acquisition et livraison de matériels évènementiels pour la Communauté de Communes Des Savanes
169;19-142555;2019-09-21;97419;La Possession;VILLE DE LA POSSESSION;"[""Maîtrise d'oeuvre""]";directive24;joue;appeloffre;initial;non;non;Mission De Maitrise D'oeuvre Partielle Relative A La Réhabilitation De La Cuisine Satellite De L'école Paul Eluard Et A La Construction D'Une Cuisine Centrale
170;19-142597;2019-09-21;97600;Mamoudzou;Département de Mayotte;['Matériel de téléphonie'];directive24;joue;appeloffre;initial;non;non;Fourniture de services de téléphonie mobile pour le Conseil départemental de Mayotte
171;19-142905;2019-09-21;97821;Le Port;Grand Port Maritime de La Réunion;['Sondage (travaux)'];directive25;joue;attribution;initial;non;non;Campagne d'investigations géotechniques
172;19-142108;2019-09-21;None;Gaillac;Communauté d'aglomération Gaillac Grau;['Livres', 'Papeterie'];directive24;joue;appeloffre;initial;non;non;fournitures scolaires pour les écoles, alsh et alae de la communauté d'agglomération
173;19-142663;2019-09-21;None;CAEN;Université de Caen Normandie;['Voyage', 'Prestation hotelière'];directive24;joue;attribution;initial;non;non;service d'agence de voyages
174;19-142655;2019-09-21;None;miribel;Cté de Cnes de Miribel et du Plateau;['Transport'];directive24;joue;attribution;initial;non;non;execution de services de transport public de voyageurs sur le territoire de la communauté de communes.
175;19-141511;2019-09-21;None;Strasbourg;S.E.R.S.;['Cuisine (équipement)'];directive24;joue;appeloffre;initial;non;non;creation d'un pole d'excellence hotelier a illkirch lots 255 et 256 cuisine
176;19-142602;2019-09-21;None;Epagny Metz Tessy;CH Annecy Genevois;['Surgelés'];directive24;joue;attribution;initial;non;non;Plats cuisines surgelés en ration individuelle
177;19-142589;2019-09-21;None;Nantes cedex 9;Nantes Métropole;['Conteneur, poubelles'];directive24;joue;appeloffre;initial;non;non;fourniture et maintenance de spoints d'apport volontaire sur le territoire de nantes métropole. le contrat comprendra une condition d'exécution relative à l'insertion professionnelle de publics en dif
