;a00_cle_idweb;g04_01_date_publication;d01_07_cp;d01_08_ville;d01_01_denomination;g04_052_descripteurs_libelles;g01_02_02_perimetre;g01_02_01_famille;g01_02_03_nature;g01_02_04_statut;g04_061_criteres_sociaux;g04_062_criteres_environnementaux;g04_09_resume_objet
0;19-135374;2019-09-22;02000;Laon;Ville de Laon;['Assurance'];directive24;joue;appeloffre;initial;non;non;Assurance des risques statutaires.
1;19-143685;2019-09-22;02200;SOISSONS;Mairie de Soissons;['Assurance'];directive24;joue;appeloffre;initial;non;non;Services d'assurance des dommages aux biens et risques annexes pour la ville de Soissons (02).
2;19-143370;2019-09-22;02603;Villers-Cotterêts cedex;Cté de Communes de Villers Cotterêts;['Transport'];directive23;joue;appeloffre;initial;non;oui;contrat de concession de service public (dsp) pour la gestion du service de transports de voyageurs sur le territoire de la ccrv
3;19-143575;2019-09-22;03016;Moulins;DEPARTEMENT DE L ALLIER;['Pièces détachées'];directive24;joue;appeloffre;initial;non;non;Fournitures de pièces détachées et prestations externalisées pour les véhicules, engins et matériels du Département de l'Allier -
4;19-143021;2019-09-22;03400;YZEURE;ville d'Yzeure;['Assurance'];directive24;joue;appeloffre;initial;non;non;marches d'assurance
5;19-143253;2019-09-22;06364;Nice cedex 4;Métropole Nice Côte d'Azur;['Espaces verts'];directive24;joue;appeloffre;initial;oui;oui;TAILLE ET ABATTAGE D' ARBRES SUR LA COMMUNE DE NICE, EN GESTION PAR LA VILLE DE NICE, LA METROPOLE NICE CÔTE D'AZUR ET LE CCAS VILLE DE NICE
6;19-143473;2019-09-22;06406;Cannes;COMMUNE DE CANNES;['Impression', 'Papeterie'];directive24;joue;appeloffre;initial;non;oui;Fourniture De Papier Pour Les Services Municipaux De La Ville De Cannes
7;19-143083;2019-09-22;08400;Ballay;S.E.E. du sud est des ardennes;['Assurance'];directive24;joue;appeloffre;initial;non;non;Souscription du contrat d'assurance risques statutaires pour le syndicat d'eau et d'assainissement du sud-est des ardennes
8;19-143580;2019-09-22;09300;Lavelanet;COMMUNE DE LAVELANET;['Assurance', 'Prestations de services'];directive24;joue;appeloffre;initial;non;non;Marche Public De Prestations De Services En Assurances
9;19-142912;2019-09-22;10000;Troyes;Troyes Champagne Métropole;['Alimentation en eau potable'];directive24;joue;intentionconclure;initial;non;non;location et entretien de fontaine à eau sur réseau
10;19-143201;2019-09-22;10000;TROYES;DEPARTEMENT DE L AUBE;['Espaces verts'];directive24;joue;attribution;initial;non;non;Entretien du patrimoine arboré du déparement de l'Aube (élagage et abattage)
11;19-143403;2019-09-22;11600;CONQUES-SUR-ORBIEL;COMMUNE DE CONQUES-SUR-ORBIEL;['Eclairage public', 'Maintenance'];directive24;joue;attribution;initial;non;non;maintenance, renouvellement, gestion et exploitation de l'éclairage public
12;19-143724;2019-09-22;12032;Rodez;Rodez Agglo Habitat;['Prestations de services'];directive24;joue;appeloffre;initial;non;non;Contrat d'entretien portant sur les chaudières individuelles, chauffe eaux, robinetterie, sanitaires en logements et parties communes
13;19-143238;2019-09-22;13007;Marseille;METROPOLE D AIX MARSEILLE PROVENCE;['Equipement de piscine'];autre;joue;rectificatif;rectificatif;non;non;Concours restreint de maîtrise d'oeuvre sur Esquisse pour la démolition et la reconstruction d'un centre aquatique à LAMBESC (13)
14;19-142609;2019-09-22;13007;Marseille;METROPOLE D AIX MARSEILLE PROVENCE;['Etude', 'Prestations de services'];directive24;joue;attribution;initial;non;non;Inventaire des ouvrages pluviaux et création de fiches ouvrages sur la Métropole Aix-Marseille-Provence
15;19-143006;2019-09-22;13007;Marseille;METROPOLE D AIX MARSEILLE PROVENCE;['Assainissement', 'Prestations de services'];directive24;joue;attribution;initial;non;non;désobstruction et décolmatage de l'émissaire de rejet en mer - assainissement - carry-le-rouet et sausset-les-pins
16;19-143502;2019-09-22;13007;Marseille;METROPOLE D AIX MARSEILLE PROVENCE;['Maintenance'];directive24;joue;attribution;initial;non;non;Maintenance préventive et corrective des installations hydrauliques de pompage pour le territoire Métropolitain (3 lots)
17;19-143175;2019-09-22;13007;Marseille;METROPOLE D AIX MARSEILLE PROVENCE;['Analyses médicales, biologiques'];autre;joue;rectificatif;rectificatif;non;non;Programme annuel d'analyses pour l'eau destinée à la consommation humaine et l'autosurveillance du système d'assainissement - Période 2020 à 2023 - Territoire du Pays de Martigues
18;19-143345;2019-09-22;13009;Marseille;CAISSE PRIMAIRE CENTRALE ASSUR MALADIE;['Transport'];directive24;joue;attribution;initial;non;non;COLLECTE, TRANSPORT ET DISTRIBUTION DE PLIS, DE COLIS ET PALETTES POUR LA CPCAM DES BOUCHES-DU-RHONE
19;19-143290;2019-09-22;13140;Miramas;Commune de Miramas;['Articles de bureau et articles scolaires'];directive24;joue;appeloffre;initial;non;non;Acquisition de fournitures administratives, pédagogiques, scolaires et pour les activités manuelles commandées par les écoles et les services de la commune
20;19-143712;2019-09-22;13226;Marseille;GRAND PORT MARITIME DE MARSEILLE;['Etude', 'Sondage, enquête'];directive25;joue;appeloffre;initial;non;non;Création d'un Terminal de transport combiné et amélioration de la desserte ferroviaire des Bassins Est du Gpmm. Etudes et Dossiers Réglementaires et Assistance à la concertation
21;19-143536;2019-09-22;13232;Marseille cedex 01;SOLEAM;['Etude', 'Revêtements de sols'];directive24;joue;attribution;initial;non;non;Op. 606 - Aubagne Centre Ville Bras d'Or - Projet de requalification du cours Barthélémy / Loulou Delfieu / Place de l'horloge - Commune d'Aubagne (13400) - Marché de fournitures de Pie
22;19-143429;2019-09-22;13233;Marseille cedex 20;Ville de Marseille;['Logiciel'];autre;joue;rectificatif;rectificatif;non;non;Fourniture, hébergement et suivi d'une solution logicielle pour la mise en oeuvre expérimentale de guichets numériques dans les bureaux municipaux de proximité
23;19-143305;2019-09-22;13233;Marseille cedex 20;Ville de Marseille;['Carburant, hydrocarbure', 'Combustible'];directive24;joue;appeloffre;initial;oui;oui;Fourniture de carte accréditives
24;19-143397;2019-09-22;13256;Marseille cedex 20;DEPARTEMENT DES BOUCHES DU RHONE;"['Prestations de services', ""Assistance à maîtrise d'ouvrage""]";directive24;joue;appeloffre;initial;non;non;Réalisation de diagnostics immobiliers de l'ensemble du patrimoine immobilier du Conseil départemental des Bouches-du-Rhône
25;19-143396;2019-09-22;13256;Marseille cedex 20;CONSEIL DEPARTEMENTAL 13;['Prestations de services', 'Reprographie'];directive24;joue;attribution;initial;non;non;location et maintenance d'un système de production documentaire noir et blanc haut volume et d'un module de finition destinés au centre de reprographie du Conseil Départemental des Bouches-d
26;19-143695;2019-09-22;13295;Marseille Cedex 8;CMAR PACA;['Cloison, faux plafond', 'Electricité (travaux)', 'Equipement thermique', 'Isolation', 'Revêtements muraux'];directive24;joue;appeloffre;initial;non;non;TRAVAUX DE REQUALIFICATION ÉNERGÉTIQUE DU BÂTIMENT 110 AVENUE DE VERDUN DANS LE CADRE DU PROJET ECO BATI - SITE ECONOMIQUE 06
27;19-143675;2019-09-22;13295;Marseille Cedex 8;CMAR PACA;['Denrées alimentaires'];directive24;joue;appeloffre;initial;non;non;FOURNITURE ET LIVRAISON DE DENRÉES ALIMENTAIRES POUR LES CFAR CAMPUS DE LA CMAR PACA
28;19-143839;2019-09-22;13530;trets;Commune de Trets;['Maçonnerie', 'Menuiserie', 'Monuments historiques'];cmp2006;fns;appeloffre;initial;non;non;ravalement et restauration des deux façades nord est du château des remparts
29;19-143301;2019-09-22;13572;Marseille;IRD;['Autocommutateur', 'Télécommunications'];directive24;joue;appeloffre;initial;non;oui;Fourniture de solutions de réseaux de convergence voix-données et architecture de la mobilité
30;19-143614;2019-09-22;13657;Salon de provence cedex;Ville de Salon de Provence;['Blanchisserie (matériel)'];directive24;joue;appeloffre;initial;non;non;Service de blanchisserie - Nettoyage de vêtements de travail et articles textiles divers de la ville de Salon de Provence et le CCAS
31;19-131185;2019-09-22;13804;Istres;MINARM/DGA/DO/S2A;['Matériel électronique', 'Matériel de transmission'];directive81;joue;appeloffre;initial;non;non;Fourniture de centrales inertielles avec gyro compas et hybridées GNSS à usage aéronautique
32;19-143378;2019-09-22;14035;CAEN CEDEX;DEPARTEMENT DU CALVADOS;['Clôture', 'Espaces verts', 'Mobilier', 'Voirie'];directive24;joue;appeloffre;initial;non;non;2019ENV227 - Aménagement de la Vélo Maritime section Port-en-Bessin / Sainte-Honorine-des-Pertes
33;19-143436;2019-09-22;14035;CAEN;Région Normandie;['Informatique (prestations de services)', 'Transport'];directive24;joue;attribution;initial;non;non;Mise en oeuvre d'un système billettique (lot 1) et d'un système d'aide à l'exploitation (lot 2) sur les lignes de transport scolaire et non urbain régionales normandes
34;19-143107;2019-09-22;14035;CAEN;Région Normandie;['Ingénierie'];directive24;joue;attribution;initial;non;non;Construction d'un gymnase Raymond Queneau à Yvetôt
35;19-143624;2019-09-22;14480;Creully sur Seulles;CC SEULLES TERRE ET MER;['Assurance'];directive24;joue;appeloffre;initial;non;non;Marché pour la souscription et la gestion d'un contrat d'assurance statutaire
36;19-143314;2019-09-22;15005;AURILLAC CEDEX;Communauté d'Agglomération du Bassin;['Bâtiment', 'Etude'];directive24;joue;attribution;initial;non;non;"Opération Programmée d'Amélioration de l'Habitat et de Renouvellement Urbain (OPAH-RU) "" Action Coeur de Ville """
37;19-143569;2019-09-22;16600;Mornac;CALITOM;['Maintenance'];directive24;joue;appeloffre;initial;non;non;Contrats De Maintenance Des Equipements De Calitom
38;19-143372;2019-09-22;17086;La Rochelle;VILLE LA ROCHELLE;['Informatique (matériel)', 'Logiciel'];directive24;joue;appeloffre;initial;non;oui;Acquisition De Materiels Et Logiciels Bureautiques
39;19-143371;2019-09-22;17086;La Rochelle;VILLE LA ROCHELLE;['Blanchisserie (matériel)', 'Cuisine (équipement)', 'Maintenance'];directive24;joue;appeloffre;initial;non;oui;Entretien Et Maintenance Du Materiel De Cuisine Et De Blanchisserie
40;19-143550;2019-09-22;17306;Rochefort cedex;Conservatoire du littoral;['Etude', 'Prestations de services'];directive24;joue;appeloffre;initial;non;non;Appui à l'élaboration de projets de territoires sur les sites adapto
41;19-143697;2019-09-22;18021;Bourges cedex;Territoria;['Ascenseur', 'Bâtiment', 'Charpente', 'Chauffage (travaux)', 'Cloison, faux plafond', 'Couverture', 'Cuisine (équipement)', 'Electricité (travaux)', 'Etanchéité', 'Gros oeuvre', 'Menuiserie', 'Ravalement', 'Revêtements de sols', 'Revêtements muraux', 'Voirie et réseaux divers'];directive24;joue;appeloffre;initial;non;non;Reconstruction de l'EHPAD La Rocherie
42;19-143245;2019-09-22;19100;BRIVE;Centre communal d'action sociale;['Assurance'];directive24;joue;attribution;initial;non;non;Souscription et gestion des contrats d'assurance
43;19-143159;2019-09-22;20000;Ajaccio;COMMUNAUTE D AGGLO DU PAYS AJACCIEN;['Véhicules (location)'];directive24;joue;attribution;initial;non;non;Location de camions plateaux, de camions bennes à ordures ménagères et de camions grues destinés au service de la collecte de la Capa
44;19-143085;2019-09-22;20179;Ajaccio cedex 01;CCIACS;['Nettoyage de locaux'];directive24;joue;attribution;initial;non;non;prestations de nettoyage pour l'ensemble des besoins de la cciacs
45;19-143510;2019-09-22;20179;Ajaccio Cedex 1;CCIACS;"[""Assistance à maîtrise d'ouvrage""]";directive25;joue;attribution;initial;non;non;etude relative aux efforts latéraux et aux efforts d'accostage et d'amarrage sur un appontement
46;19-143576;2019-09-22;20187;Ajaccio;COLLECTIVITE DE CORSE;['Prestations de services'];directive24;joue;appeloffre;initial;non;non;Prestations de prévisions et d'observations de données météorologiques pour les besoins de la Cdc
47;19-143180;2019-09-22;20290;Lucciana;CC de Marana Golo;['Titres restaurant'];directive24;joue;appeloffre;initial;non;non;fourniture, livraison et gestion de titres-restaurant à destination du personnel de la communauté de communes marana-golo.
48;19-143595;2019-09-22;20293;Bastia;IGESA;"[""Maîtrise d'oeuvre""]";directive24;joue;attribution;initial;non;non;Maîtrise d'ouvre des travaux de rénovation intérieure des chambres et des espaces communs de l'hôtel club IGeSA Pralognan
49;19-143511;2019-09-22;20303;AJACCIO;centre hospitalier ajaccio;"[""Produits d'entretien""]";directive24;joue;appeloffre;initial;non;non;FOURNITURE DE PRODUITS D ENTRETIEN ET ARTICLES DE DROGUERIE
50;19-143045;2019-09-22;20304;Ajaccio;COMMUNE D AJACCIO;['Location (matériels)'];directive24;joue;attribution;initial;non;non;Fourniture de matériels électriques, plomberie, bois et accessoires, quincaillerie, ferronnerie, vitrerie-miroiterie et peinture pour la régie des bâtiments
51;19-143400;2019-09-22;21000;Dijon;Ecole nationale des greffes de Dijon;['Nettoyage de locaux', 'Prestations de services'];directive24;joue;appeloffre;initial;oui;oui;MARCHE DE NETTOYAGE DE L'ÉCOLE NATIONALE DES GREFFES DE DIJON
52;19-143239;2019-09-22;22000;saint brieuc;Groupement d'achats 22;['Restauration collective'];directive24;joue;appeloffre;initial;non;non;Fournitures de denrées alimentaires et produits d'entretien pour le Groupement d'Achats 22
53;19-143520;2019-09-22;22400;Lamballe;SERVICE COMMUN D ACHATS;"['Denrées alimentaires', ""Produits de l'agriculture""]";directive24;joue;appeloffre;initial;non;non;Fourniture et livraison de viandes fraîches et produits surgelés
54;19-143033;2019-09-22;23700;AUZANCES;SIVOM Auzances-Bellegarde;['Ordures ménagères (prestations)'];directive24;joue;appeloffre;initial;non;non;TRAITEMENT DES DECHETS MENAGERS ET ASSIMILES RESIDUELS (DMAr) DU SIVOM
55;19-143467;2019-09-22;24019;Perigueux;Centre hospitalier Périgueux;['Crédit-bail', 'Prestations de services', 'Véhicules (location)'];directive24;joue;appeloffre;initial;non;non;location longue duree de vehicules ambulance categorie c - type a
56;19-143263;2019-09-22;25034;BESANCON;Ville de Besançon;['Végétaux'];directive24;joue;appeloffre;initial;non;non;Fourniture de végétaux, graines et accessoires de plantation
57;19-143135;2019-09-22;25034;BESANCON;Ville de Besançon;"[""Produits d'entretien""]";directive24;joue;appeloffre;initial;non;non;FOURNITURES DE PRODUITS D'ENTRETIEN ET D' HYGIENE - LOT 9- PRODUITS CUISINE MUNICIPALE
58;19-143597;2019-09-22;25043;BESANCON;Grand Besançon Métropole;['Prestations de services'];directive24;joue;appeloffre;initial;non;non;Marché de prestation de service relatif à la gestion des aires de Grand Besançon Métropole dédiées à l'accueil des gens du voyage
59;19-141454;2019-09-22;25290;ORNANS;Communauté de Communes Loue Lison;['Prestations de services', 'Délégation de service public'];directive23;joue;appeloffre;initial;non;non;délégation de service public pour l'exploitation du camping domaine la roche d'ully
60;19-143333;2019-09-22;25300;PONTARLIER;Préval Haut-Doubs;['Déchets non ménagers (prestations)'];directive24;joue;appeloffre;initial;non;oui;Transport des bennes bois, incinérables, inertes, cartons et non valorisables issues des déchèteries présentes sur le territoire de Préval HD
61;19-143170;2019-09-22;28028;Chartres;Conseil général d'Eure et Loir;['Prestations de services'];directive24;joue;attribution;initial;non;non;émission et gestion de chèques emplois services universels préfinancés, avec prestations associées
62;19-142861;2019-09-22;29720;PLONEOUR LANVERN;EHPAD Pierre GOENVIC;['Bardage', 'Bâtiment', 'Chauffage (travaux)', 'Cloison, faux plafond', 'Cuisine (équipement)', 'Démolition', 'Electricité (travaux)', 'Espaces verts', 'Etanchéité', 'Gros oeuvre', 'Isolation', 'Matériel médical', 'Menuiserie', 'Métallerie', 'Peinture (travaux)', 'Plomberie (travaux)', 'Ravalement', 'Réseaux divers', 'Revêtements de sols', 'Sanitaire', 'Terrassement', 'Ventilation', 'Voirie', 'Occultation', 'Amiante (désamiantage)'];directive24;joue;attribution;initial;non;non;marchés de travaux en vue de l'extension /restructuration de l'ehpad de ploneour lanvern (29)
63;19-142742;2019-09-22;29720;PLONEOUR LANVERN;EHPAD Pierre GOENVIC;['Bâtiment', 'Carrelage', 'Chauffage (travaux)', 'Climatisation', 'Cloison, faux plafond', 'Cuisine (équipement)', 'Electricité (travaux)', 'Etanchéité', 'Gros oeuvre', 'Isolation', 'Matériel médical', 'Menuiserie', 'Peinture (travaux)', 'Plomberie (travaux)', 'Revêtements de sols', 'Revêtements muraux', 'Serrurerie', 'Terrassement', 'Occultation', 'Amiante (désamiantage)'];directive24;joue;attribution;initial;non;non;marchés de travaux en vue de l'extension /restructuration de l'ehpad de ploneour lanvern (29)
64;19-143036;2019-09-22;29720;PLONEOURN LANVERN;EHPAD Pierre GOENVIC;['Appareil élévateur', 'Bardage', 'Bâtiment', 'Chauffage (travaux)', 'Cloison, faux plafond', 'Couverture', 'Cuisine (équipement)', 'Démolition', 'Electricité (travaux)', 'Espaces verts', 'Etanchéité', 'Gros oeuvre', 'Isolation', 'Menuiserie', 'Métallerie', 'Peinture (travaux)', 'Plomberie (travaux)', 'Ravalement', 'Réseaux divers', 'Revêtements de sols', 'Terrassement', 'Ventilation', 'Voirie et réseaux divers', 'Occultation', 'Amiante (désamiantage)'];directive24;joue;attribution;initial;non;non;marchés de travaux en vue de l'extension /restructuration de l'ehpad de ploneour lanvern (29)
65;19-143094;2019-09-22;30029;NIMES CEDEX 9;CENTRE HOSPITALIER UNIVERSITAIRE;['Consommables médicaux'];directive24;joue;appeloffre;initial;non;non;FOURNITURE DE DISPOSITIFS MEDICAUX STERILES ET IMPLANTABLES POUR ORTHOPEDIE
66;19-141717;2019-09-22;30947;Nîmes;MERCATURA;['Informatique (matériel)', 'Informatique (prestations de services)', 'Logiciel', 'Informatique (assistance)', 'Informatique (maintenance serveurs et réseaux)'];directive24;joue;appeloffre;initial;non;non;consolidation du cloud communautaire
67;19-141771;2019-09-22;30947;Nîmes;Ville de Nîmes;['Etude', 'Ingénierie'];directive24;joue;appeloffre;initial;non;non;Missions d'Assistance à Maîtrise d'Ouvrage pour la réalisation d'une Etude de Sûreté et de Sécurité Publique (ESSP)
68;19-143323;2019-09-22;31004;Toulouse;SOC DE LA MOBILITE DE AGGL TOULOUSAINE;['Voirie'];directive25;joue;appeloffre;initial;oui;non;Travaux d'aménagement, ponctuels et linéaires, nécessaires dans le cadre de la création du téléphérique Teleo
69;19-143506;2019-09-22;31059;Toulouse cedex 9;CHU DE TOULOUSE;['Equipement industriel'];directive24;joue;appeloffre;initial;non;non;Location et maintenance d'équipements de production et d'armoires de secours pour les fluides médicaux
70;19-143223;2019-09-22;31081;Toulouse;TISSEO;['Formation'];directive25;joue;appeloffre;initial;non;non;Formation Continue Obligatoire (Fco) Transport voyageurs et de marchandises
71;19-143361;2019-09-22;31090;Toulouse cedex 09;Conseil Départemental Haute-Garonne;['Ordures ménagères (prestations)'];directive24;joue;appeloffre;initial;non;oui;collective sélective des bio-déchets pour les collèges membres du groupement adhérents au marché
72;19-143651;2019-09-22;31270;Cugnaux;COMMUNE DE CUGNAUX;['Denrées alimentaires'];directive24;joue;appeloffre;initial;non;non;Acquisition de denrées alimentaires nécessaires au fonctionnement des restaurants scolaires, restaurant 3ème âge, centre de loisirs et crèche municipale de Cugnaux
73;19-143084;2019-09-22;31400;Toulouse;SMEA31;['Véhicules (acquisition)'];directive24;joue;appeloffre;initial;non;non;Acquisition de véhicules et engins neufs
74;19-143659;2019-09-22;31505;Toulouse;TOULOUSE METROPOLE;['Jeux, jouets'];directive24;joue;appeloffre;initial;non;non;19c068ao - Pr/Za - Achat De Pieces Detachees Pour Aires De Jeux Annees 2019 A 2023
75;19-143224;2019-09-22;31670;Labège;Communauté d'Agglomération du Sicoval;['Prestations de services'];directive24;joue;attribution;initial;non;non;réalisation de prestations de géomètres sur le territoire des 36 communes de la communauté d'agglomération du sicoval et d'enova aménagement 2018-2022.
76;19-143330;2019-09-22;31670;Labège innopole;Urssaf Midi-Pyrénées;['Mobilier'];directive24;joue;appeloffre;initial;non;non;Marché de fourniture de mobilier de bureau pour tous les sites de l'Urssaf Midi-Pyrénées
77;19-143016;2019-09-22;31700;Cornebarrieu;Ville de Cornebarrieu;['Nettoyage de locaux'];directive24;joue;appeloffre;initial;non;non;Entretien des bâtiments communaux
78;19-143274;2019-09-22;32000;Auch;Trigone Syndicat Mixte Départemental;['Collecte sélective', 'Déchetterie (exploitation)'];directive24;joue;appeloffre;initial;non;non;Mise à disposition de contenants, collecte, transport, transfert et traitement des DDS issus des décheteries
79;19-143469;2019-09-22;32022;Auch;Département de Gers;['Matériaux routiers'];directive24;joue;appeloffre;initial;non;non;Fourniture d'émulsions cationiques de bitume destinées à la réalisation d'enduits superficiels et de travaux d'entretien (Pata) sur les routes départementales
80;19-143222;2019-09-22;32022;Auch;Département de Gers;['Matériel agricole, horticole'];directive24;joue;appeloffre;initial;non;non;Fourniture de pièces détachées pour tracteurs
81;19-143432;2019-09-22;33045;Bordeaux;Bordeaux Métropole;['Prestations de services'];autre;joue;rectificatif;rectificatif;non;non;aménagement, gestion technique et sociale de l'espace temporaire d'insertion de bèlges (rectificatif)
82;19-143187;2019-09-22;33077;Bordeaux;Région Nouvelle Aquitaine;['Gros oeuvre'];autre;joue;rectificatif;rectificatif;oui;oui;Marché de travaux pour la rénovation des bâtiments A, B, C, D, E, L, Administration et demi-pension (1ère tranche) au lycée Nicolas Brémontier à Bordeaux. Opération 9236B001. Marché 2019B000T04652
83;19-143188;2019-09-22;33081;Bordeaux cedex;SDIS 33 Gironde;['Maintenance'];directive24;joue;appeloffre;initial;non;non;Maintenance des pylônes de radiocommunication du SDIS de la Gironde.
84;19-143417;2019-09-22;33160;Saint médard en jalles;MAIRIE DE SAINT-MEDARD-EN-JALLES;['Espaces verts', 'Prestations de services'];directive24;joue;appeloffre;initial;non;non;Services d'entretien des espaces verts communaux.
85;19-143089;2019-09-22;33170;Gradignan;Institut National des Jeunes Sourds;['Transport'];directive24;joue;attribution;initial;non;non;Services de transports des jeunes de l'Institut National de Jeunes Sourds de Bordeaux
86;19-143063;2019-09-22;34064;MONTPELLIER;REGION OCCITANIE;['Topographie'];directive24;joue;appeloffre;initial;non;non;Prestations topographiques sur le domaine portuaire de la Région Occitanie
87;19-143232;2019-09-22;34074;Montpellier;ACM OPH de la CA de Montpellier;['Peinture (travaux)', 'Plomberie (travaux)', 'Ravalement'];directive24;joue;attribution;initial;non;non;Travaux De Gros Entretien 2019 Pour Les Agences Bagatelle Et Lemasson D'Acm Habitat
88;19-143398;2019-09-22;34090;Montpellier;UNIVERSITE DE MONTPELLIER;['Informatique (matériel)'];directive24;joue;appeloffre;initial;non;non;Extension de la couverture WIFI
89;19-143420;2019-09-22;34090;Montpellier;UNIVERSITE DE MONTPELLIER;['Matériel électrique'];directive24;joue;appeloffre;initial;non;non;Fourniture de matériel électrique
90;19-143143;2019-09-22;34110;Frontignan;Port de Plaisance;['Passerelle'];directive24;joue;appeloffre;initial;non;non;restructuration et modernisation du port de plaisance
91;19-143025;2019-09-22;34360;Saint Chinian;Groupement EHPAD du Saint-Chinianais;['Assurance'];directive24;joue;appeloffre;initial;non;non;Prestation de service d'assurance pour l'EHPAD 'Les Oliviers' de Saint-Chinian
92;19-143457;2019-09-22;34600;Bedarieux;COMMUNE DE BEDARIEUX;['Assurance'];directive24;joue;appeloffre;initial;non;non;Souscription Des Contrats D'Assurances De La Commune De Bedarieux
93;19-143127;2019-09-22;35042;RENNES CEDEX;Département d'Ille et Vilaine;['Mur antibruit'];directive24;joue;appeloffre;initial;non;non;RD173 - MISE A 2x2 VOIES DE L'AXE BRETAGNE / ANJOU - ECRAN ACOUSTIQUE DU PONT GEFFRAY
94;19-143599;2019-09-22;35065;Rennes;université de Rennes 1;['Assistance technique', 'Contrôle technique', 'Equipements spécialisés', 'Fluides médicaux', 'Gaz divers', 'Gaz médicaux', 'Maintenance'];directive24;joue;appeloffre;initial;non;non;fourniture de gaz de laboratoire pour les activités d'enseignement, de recherche et de fonctionnement de l'université de rennes 1, de l'enscr, de l'ehesp, de l'insa de rennes et de l'inra de rennes
95;19-142980;2019-09-22;35270;COMBOURG;Association Clinique Saint Joseph;['Hygiène (articles)', 'Nettoyage de locaux'];directive24;joue;appeloffre;initial;non;non;Délégation de l'exploitation du service de nionettoyage des établissements de l'Association Clinique Saint Joseph.
96;19-142983;2019-09-22;35270;COMBOURG;Association Clinique Saint Joseph;['Restauration collective', 'Prestations de services'];directive24;joue;appeloffre;initial;non;non;Délégation de l'exploitation du service de restauration des restaurants de l'Association Clinique St Joseph
97;19-143192;2019-09-22;35560;Bazouges la perouse;EHPAD VILLECARTIER;['Assurance'];directive24;joue;appeloffre;initial;non;non;La présente consultation a pour objet la souscription d'un contrat d'assurance PRESTATIONS STATUTAIRES pour les besoins de l'Etablissement.
98;19-143207;2019-09-22;35711;Rennes Cedex 7;Région Bretagne;['Espaces verts'];directive24;joue;appeloffre;initial;oui;oui;Entretien des espaces extérieurs des sites de la Région Bretagne - Lot 1 : Sites situés sur l'agglomération Rennaise
99;19-143342;2019-09-22;37170;Chambray les tours;mairie de chambray les tours;"[""Tous corps d'état""]";directive24;joue;appeloffre;initial;non;non;Construction d'une cuisine centrale 100 % BIO pour la ville de Chambray-Lès-Tours
100;19-143571;2019-09-22;38021;Grenoble;COMMUNE DE GRENOBLE;['Nettoyage de locaux', 'Nettoyage urbain'];directive24;joue;appeloffre;initial;non;oui;Accord-cadre relatif aux travaux dans les bâtiments de la Ville de Grenoble et du Centre Communal d'Action Social de Grenoble - relance du lot 14 : Nettoyage de chantier
101;19-143125;2019-09-22;38043;Grenoble cedex 09;CTRE HOSPITALIER UNVT GRENOBLE;['Abris', 'Véhicules'];directive24;joue;appeloffre;initial;non;non;2019T169
102;19-143562;2019-09-22;38093;Villefontaine cedex;Ville de Villefontaine;['Mobilier urbain'];directive24;joue;appeloffre;initial;non;non;Fabrication et livraison de mobiliers de signalétique directionnelle, de position et d'interprétation du patrimoine et d'espace naturel
103;19-140849;2019-09-22;40000;Mont de Marsan;Mont-de-Marsan Agglomération;"[""Aire d'accueil""]";directive24;joue;appeloffre;initial;non;non;gestion des aires des gens du voyage
104;19-143515;2019-09-22;41020;Blois Cedex;CG Loir et Cher;['Chèque cadeau'];directive24;joue;appeloffre;initial;non;oui;Fourniture et la livraison de chèques emploi-service universel préfinancés par le conseil départemental de Loir-et-Cher
105;19-143394;2019-09-22;42007;Saint etienne cedex 1;SDIS de la Loire;['Carburant, hydrocarbure'];directive24;joue;appeloffre;initial;non;non;Marché de fourniture en carburant et en fioul domestique pour le parc véhicules et les centres d'incendie et de secours du Service départemental d'incendie et de secours de la Loire
106;19-143606;2019-09-22;42330;Saint-Galmier;ville de Saint-Galmier;['Assurance'];directive24;joue;appeloffre;initial;non;non;Prestation de service d'assurance
107;19-143445;2019-09-22;44046;Nantes Cedex 1;SEMITAN mandataire de Nantes Métropole;['Equipements spécialisés', 'Matériel ferroviaire', 'Voies ferrées'];directive25;joue;attribution;initial;non;non;Accord-cadre de fourniture d'appareils de voie du réseau tramway à Nantes
108;19-143565;2019-09-22;44046;Nantes Cedex 1;SEMITAN;['Equipements spécialisés', 'Matériel ferroviaire', 'Voies ferrées'];directive25;joue;attribution;initial;non;non;Accord-cadre de fourniture d'appareils de voie du réseau tramway à Nantes
109;19-143163;2019-09-22;44046;Nantes;SEMITAN mandataire de Nantes Métropole;['Informatique (prestations de services)', 'Prestations de services'];directive25;joue;attribution;initial;non;non;"Mise en oeuvre du PCE e-busway (MTIC1), système de supervision des infrastructures électriques de la ligne de transport en commun "" e-busway """
110;19-143221;2019-09-22;44094;Nantes cedex 1;COMMUNE DE NANTES;['Ascenseur', 'Bardage', 'Charpente', 'Chauffage (travaux)', 'Cloison, faux plafond', 'Couverture', 'Etanchéité', 'Gros oeuvre', 'Menuiserie', 'Nettoyage de locaux', 'Peinture (travaux)', 'Plomberie (travaux)', 'Revêtements de sols', 'Ventilation', 'Voirie et réseaux divers', 'Amiante (désamiantage)'];directive24;joue;attribution;initial;oui;oui;quartier dervallieres-zola extension du groupe scolaire des châtaigniers. Certains lots comportent une prestation d'insertion professionnelle de publics en difficultés.
111;19-143103;2019-09-22;44094;Nantes cedex 1;Nantes Métropole;['Couverture', 'Etanchéité'];directive24;joue;attribution;initial;oui;non;Construction du CT de Bouaye reconsultation du lot 4 : couverture - étanchéité - panneaux photovoltaïques
112;19-143492;2019-09-22;44094;Nantes cedex 1;COMMUNE DE NANTES;['Cuisine (équipement)', 'Electricité (travaux)', 'Fondations spéciales', 'Serrurerie', 'Photovoltaïque'];directive24;joue;attribution;initial;oui;oui;quartier dervallières-zola extension du groupe scolaire des châtaigniers - lots 3, 9, 17 et 19
113;19-142971;2019-09-22;44360;CORDEMAIS;MAIRIE DE CORDEMAIS;['Télésurveillance'];directive24;joue;appeloffre;initial;non;non;Fourniture, mise en oeuvre et maintenance d'un système de vidéo protection urbaine
114;19-143189;2019-09-22;44923;Nantes cedex 9;Nantes Métropole;['Déchets non ménagers (prestations)'];directive24;joue;attribution;initial;non;oui;Traitement des balayures mécaniques de voirie des services de Nantes Métropole
115;19-143169;2019-09-22;44923;Nantes Cedex 9;Nantes Métropole;"[""Assistance à maîtrise d'ouvrage""]";directive24;joue;attribution;initial;non;non;missions de programmation et d'assistance à maîtrise d'ouvrage pour des opérations de bâtiments et ou des opérations mixtes bâtiment-infrastructure
116;19-143466;2019-09-22;45040;Orléans;Ville d'Orléans;['Nettoyage de locaux'];directive24;joue;appeloffre;initial;oui;oui;Nettoyage de locaux de la Ville d'Orléans, d'Orléans Métropole et du Centre Communal d'Action Sociale (Ccas) d'Orléans
117;19-143601;2019-09-22;45041;Orleans;REGION CENTRE VAL DE LOIRE;['Informatique (matériel)'];directive24;joue;attribution;initial;non;non;Equipements Informatiques pour les lycéens de la Région Centre-Val de Loire
118;19-143430;2019-09-22;47150;Monflanquin;CdC des Bastides en Haut Agenais P;['Ordures ménagères (prestations)'];directive24;joue;appeloffre;initial;non;non;Collecte et acheminement des déchets ménagers résiduels 2020-2021
119;19-143399;2019-09-22;49070;Saint Lambert la Potherie;ville de Saint Lambert la Potherie;['Alimentation en eau potable', 'Espaces verts'];directive24;joue;appeloffre;initial;non;non;Relance Appel d'offre- ZAC de Gagné-Saint-Lambert-La-PotherieLot no2- Travaux d'adduction d'eau potableLot no3- Travaux d'aménagement paysagers
120;19-143351;2019-09-22;49420;Ombrée d'Anjou;COMMUNE DE OMBREE D ANJOU;"['Mobilier', ""Oeuvre d'art"", 'Signalisation']";directive24;joue;appeloffre;initial;non;non;Fabrication, fourniture et pose de mobilier et signalétique urbain médiéval
121;19-142999;2019-09-22;50442;La Hague cedex;Commune de la Hague;['Location (matériels)'];autre;joue;rectificatif;rectificatif;non;non;Location de matériels pour la commune de la Hague
122;19-143307;2019-09-22;50490;SAINT-SAUVEUR-LENDELIN;SAINT-SAUVEUR-VILLAGES;['Carburant, hydrocarbure'];directive24;joue;appeloffre;initial;non;non;Fourniture de carburant gasoil et sans plomb 95
123;19-143692;2019-09-22;51000;Châlons-En-Champagne;CA DE CHALONS EN CHAMPAGNE;['Alimentation en eau potable'];directive24;joue;appeloffre;initial;oui;non;Accord-cadre pour la réalisation de travaux sur le réseau d'eau potable
124;19-143308;2019-09-22;52100;SAINT-DIZIER;Ville de Saint-Dizier;['Assurance'];directive24;joue;appeloffre;initial;non;non;Marché de service relatif à la prestation d'assurance pour les besoins du CCAS de Saint-Dizier-.
125;19-143708;2019-09-22;52115;SAINT-DIZIER;CA DE SAINT DIZIER DER ET BLAISE;['Informatique (prestations de services)'];directive24;joue;appeloffre;initial;non;non;Accompagnement de la collectivité au management de transition de la Direction des Systèmes d'Information-.
126;19-143604;2019-09-22;53015;LAVAL;CENTRE HOSPITALIER DE LAVAL;"[""Produits d'entretien""]";directive24;joue;appeloffre;initial;non;non;AO-PRODUITS LESSIVIELS LINGE-2019/62
127;19-143751;2019-09-22;54035;Nancy cedex;CHRU de Nancy;['Matériel médical'];directive24;joue;appeloffre;initial;non;non;Fourniture d'écarteurs chirurgicaux multidisciplinaires, consommables, accessoires et prestations associés
128;19-74547;2019-09-22;54042;Nancy cedex;UNION GEST ETS CAISSE ASSUR MALADIE;['Analyses médicales, biologiques'];directive24;joue;attribution;initial;non;non;Marché concernant la réalisation d'actes de biologie médicales
129;19-143300;2019-09-22;54052;Nancy cedex;Université de Lorraine;['Equipements spécialisés'];directive24;joue;attribution;initial;non;non;Acquisition de portoirs ventilés, d'unités de ventilation et leurs accessoires pour des hébergements de rongeurs pour le centre de coordination animalerie du campus biologie et santé
130;19-143051;2019-09-22;54052;Nancy cedex;Université de Lorraine;['Equipements spécialisés'];directive24;joue;attribution;initial;non;non;Acquisition, livraison, installation, mise en ordre de marche, formation et garantie d'un équipement scientifique de nanotribologie pour l'Université de Lorraine
131;19-143030;2019-09-22;54098;Nancy cedex;SOLOREM;['Etude'];directive24;joue;attribution;initial;non;non;Mission de maîtrise d'oeuvre pour le parachèvement de l'ouvrage (levée des réserves et adaptations fonctionnelles) au Centre des Congrès Prouvé à Nancy
132;19-142989;2019-09-22;54201;TOUL CÉDEX;CC Terres Touloises;['Piscine', 'Ingénierie'];directive24;joue;appeloffre;initial;non;non;MISSION DE MAÎTRISE D'OEUVRE POUR LA RESTRUCTURATION / EXTENSION PARTIELLE DU CENTRE AQUATIQUE COMMUNAUTAIRE OVIVE À ÉCROUVES - MARCHÉ 2019_PN_03
133;19-142996;2019-09-22;54300;LUNEVILLE;O.P.H.L.M. de Lunéville;"['Etude', ""Maîtrise d'oeuvre""]";directive24;joue;appeloffre;initial;non;non;Maîtrise d'oeuvre du plan d'entretien du patrimoine
134;19-143312;2019-09-22;55107;VERDUN Cedex;CH Verdun Saint-Mihiel;['Electricité, gaz (fourniture)'];directive24;joue;appeloffre;initial;non;non;Fourniture d'électricité des sites du GHT Coeur Grand EST en 2020.
135;19-143547;2019-09-22;57036;METZ CEDEX 1;REGION GRAND EST;['Informatique (prestations de services)', 'Site internet'];directive24;joue;appeloffre;initial;non;non;affaire 19c0014 mise en oeuvre et maintenance d'applications mobiles pour la région grand est
136;19-143634;2019-09-22;57044;Metz cedex 01;ESID de Metz;['Bâtiment', 'Chauffage (travaux)'];directive24;joue;appeloffre;initial;oui;oui;BOURSCHEID (Moselle) - Quartier La Horie - 1er RHC - Réhabilitation des VRD - Construction d'une chaufferie
137;19-143493;2019-09-22;57071;Metz;MOSELIS OPH MOSELLE;['Chauffage (matériel)', 'Maintenance', 'Plomberie (travaux)', 'Sanitaire'];directive24;joue;attribution;initial;non;non;Travaux d'entretien et de réparation en plomberie - sanitaire - chauffage
138;19-143248;2019-09-22;57071;Metz;MOSELIS OPH MOSELLE;['Informatique (maintenance serveurs et réseaux)'];directive24;joue;attribution;initial;non;non;Renouvellement du réseau privé virtuel de communication de Moselis avec ces agences et espaces d'accueils réseau Internet (Vpn)
139;19-143591;2019-09-22;57071;Metz;METZ METROPOLE;['Dépollution'];directive24;joue;attribution;initial;non;non;Diagnostics et aide à la gestion des terres polluées sur l'ensemble des zones de Metz Métropole
140;19-143289;2019-09-22;57232;Bitche;Cté Cnes du Pays de Bitche;['Electricité, gaz (fourniture)'];directive24;joue;appeloffre;initial;non;non;Contrat de fourniture d'électricité des points de livraisons sur le territoire de la Communauté de Communes du Pays de Bitche
141;19-143134;2019-09-22;57972;Yutz;COMMUNAUTE AGGLO PORTES DE FRANCE;['Espaces verts', 'Prestations de services'];directive24;joue;appeloffre;initial;non;non;Entretien des berges et des milieux aquatiques sur les rives des cours d'eau (2 lots)
142;19-143210;2019-09-22;59031;Lille cedex;CCI de région Nord de France;['Abris', 'Etude'];directive24;joue;appeloffre;initial;non;non;ETUDE DES FLUX ET DES COMPORTEMENTS D'ACHAT SUR LE TERRITOIRE DE LA CCI DE REGION HAUTS DE FRANCE
143;19-143442;2019-09-22;59033;Lille cedex;Ville de Lille;"[""Maîtrise d'oeuvre""]";directive24;joue;appeloffre;initial;non;non;Mission de maîtrise d'oeuvre portant sur les travaux de mise hors d'eau et de sécurisation d'élévations des églises du sacré Coeur, Saint Michel et Saint Pierre-Saint Paul à Lille
144;19-143023;2019-09-22;59034;Lille cédex;Voies navigables de France;['Acier', 'Métallurgie'];directive24;joue;appeloffre;initial;non;oui;Fourniture et livraison sur sites de produits de la métallurgie
145;19-143526;2019-09-22;59037;Lille cedex;CHU DE LILLE;['Consommables médicaux'];directive24;joue;appeloffre;initial;non;non;Fourniture de dispositifs médicaux spécifiques au traitement des incontinences urinaires, à l'endo urologie et à la chirurgie gynécologique
146;19-143523;2019-09-22;59043;Lille cedex;DIRECTION DES SERVICES JUDICIAIRES;"[""Maîtrise d'oeuvre"", 'Prestations de services']";directive24;joue;attribution;initial;non;non;DIL2019_MOE_COMBLES_AMIENS
147;19-143386;2019-09-22;59047;Lille;DEPARTEMENT DU NORD;['Matériel de précision'];directive24;joue;attribution;initial;non;non;Accord-cadre de services relative à la fourniture et mise en oeuvre de compteurs dédiés aux cyclistes, piétons et cavaliers
148;19-143270;2019-09-22;59047;Lille;DEPARTEMENT DU NORD;['Prestations de services'];directive24;joue;attribution;initial;non;non;Prestations de services de nettoyage des dépendances des routes départementales et des voies vertes du Département du Nord - 6 lots
149;19-143738;2019-09-22;59200;Tourcoing;Ville de Tourcoing;['Bardage', 'Bâtiment', 'Charpente', 'Chauffage (travaux)', 'Cloison, faux plafond', 'Clôture', 'Couverture', 'Electricité (travaux)', 'Etanchéité', 'Gros oeuvre', 'Isolation', 'Matériaux de construction', 'Menuiserie', 'Peinture (travaux)', 'Plomberie (travaux)', 'Revêtements de sols', 'Serrurerie', 'Ventilation', 'Vitrerie', 'Occultation'];directive24;joue;appeloffre;initial;non;non;Travaux d'entretien, réparation et mise en conformité du patrimoine bâti de la commune 16 corps d'état avec lot A écoles et équipements sportifs, et lot B divers bâtiments du patrimoine, soi
150;19-143649;2019-09-22;59508;Douai cedex;Agence de l'Eau Artois - Picardie;['Etude'];directive24;joue;attribution;initial;non;non;Évaluation d actions de coopération décentralisée financées au Togo par les Agences de l Eau Artois-Picardie, Seine-Normandie et Rhin-Meuse.
151;19-143167;2019-09-22;59831;Lambersart;COMMUNE DE LAMBERSART;['Chauffage (exploitation, entretien)'];directive24;joue;attribution;initial;non;non;Marché de service pour l'exploitation du chauffage et de l'eau chaude sanitaire du patrimoine de la Commune de Lambersart
152;19-142995;2019-09-22;60607;clermont de l'oise;CHI de Clermont;['Prestations de services'];directive24;joue;appeloffre;initial;non;non;mission de commissariat aux comptes pour le centre hospitalier isarien
153;19-143592;2019-09-22;62018;Arras Cedex 9;Conseil départemental du Pas-de-Calais;['Mécanique', 'Pièces détachées'];directive24;joue;attribution;initial;non;non;AOO LVF 19S0261- Fourniture de pièces et réparation pour tracteurs de marque John Deere pour le Service de la Maintenance et Ressources du Réseau Routier (SM3R) - Lot unique
154;19-143395;2019-09-22;62018;Arras cedex 09;Conseil départemental du Pas-de-Calais;"[""Maîtrise d'oeuvre""]";directive24;joue;appeloffre;initial;non;non;concours 19s0514 cbgs - concours de maîtrise d'oeuvre sur esquisse+ pour l'extension avec restructuratioon partielle du collège du pays de l'alloeu
155;19-143250;2019-09-22;62052;Saint-Laurent-Blangy cedex;SDIS 62;['Signalisation', 'Véhicules', 'Véhicules (acquisition)'];directive24;joue;attribution;initial;non;oui;Fourniture de véhicules, matériels roulants et équipements de signalisation pour véhicules
156;19-143241;2019-09-22;62052;saint laurent blangy cedex;SDIS 62;['Consommables médicaux', 'Textile'];directive24;joue;attribution;initial;non;oui;La présente consultation concerne la Fourniture d'accessoires et consommables pour moniteurs et défibrillateurs semi-automatiques (DSA) détenus par le SDIS du Pas-de-Calais.
157;19-143271;2019-09-22;62410;WINGLES;Ville de Wingles;['Titres restaurant'];directive24;joue;appeloffre;initial;non;non;Emission et livraison de titres restaurant au profit des agents de la ville de Wingles
158;19-143073;2019-09-22;62412;Béthune CEDEX;SIVOM COMMUNAUTE DU BETHUNOIS;"['Droguerie', ""Produits d'entretien""]";directive24;joue;attribution;initial;non;non;Attribution du marché 'Fourniture de produits en droguerie, pour l'ensemble des services du SIVOM de la Communauté du Béthunois'.
159;19-143452;2019-09-22;63000;Clermont-ferrand;UNIVERSITE CLERMONT AUVERGNE;['Nettoyage de locaux'];directive24;joue;appeloffre;initial;non;non;Prestations de nettoyage des locaux de l'Université Clermont Auvergne et de Sigma Clermont
160;19-143295;2019-09-22;63007;Clermont-Ferrand;Clermont Auvergne Métropole;['Gardiennage', 'Fourrière'];directive24;joue;attribution;initial;non;non;Gestion technique, administrative et financière de la fourrière automobile communautaire de Clermont Auvergne Métropole
161;19-143296;2019-09-22;63007;Clermont-Ferrand;Ville de Clermont-Ferrand;['Cuisine (équipement)'];directive24;joue;attribution;initial;non;non;Construction du lieu identitaire de la Comédie de Clermont - Scène Nationale Lot 07-B07 équipements de cuisine
162;19-143247;2019-09-22;64000;Pau Cedex;CA PAU BEARN PYRENEES;['Bâtiment', 'Chauffage (travaux)', 'Climatisation', 'Isolation', 'Menuiserie'];directive24;joue;attribution;initial;non;non;Marche Global De Performance Energetique Du Patrimoine Bati
163;19-143480;2019-09-22;65000;Tarbes;VILLE DE TARBES;['Denrées alimentaires'];autre;joue;rectificatif;rectificatif;non;non;Acquisition De Denrees Alimentaires Pour Le Groupement De Commandes Entre La Ville De Tarbes Et Le Ccass De La Ville De Tarbes
164;19-143132;2019-09-22;66000;Perpignan;EPMR;['Restauration collective'];directive24;joue;appeloffre;initial;non;non;FOURNITURE DE REPAS ELABORES EN LIAISON CHAUDE EN GESTION DIRECTE
165;19-143369;2019-09-22;66906;Perpignan;DEPARTEMENT DES PYRENEES-ORIENTALES;['Espaces verts'];directive24;joue;appeloffre;initial;oui;non;Prestations pluriannuelles d'entretien des sites de l'Anse de Paulilles et du Lac de la Raho
166;19-143265;2019-09-22;67013;Strasbourg cedex;SDEA ALSACE MOSELLE;['Matériel électrique', 'Véhicules'];directive24;joue;attribution;initial;non;non;2019F0163MAOOC01
167;19-75140;2019-09-22;67070;Strasbourg Cedex;REGION GRAND EST;['Formation'];directive24;joue;attribution;initial;non;non;Pacte régional d'investissement dans les compétences (PRIC 2019) et nouvelles actions du programme régional de formation (PRF 2019) en faveur des demandeurs d'emploi - relance
168;19-143020;2019-09-22;67076;STRASBOURG CEDEX;Eurométropole de Strasbourg;['Benne', 'Véhicules (acquisition)'];directive24;joue;appeloffre;initial;non;non;Acquisition de cinq châssis poids-lourds 19T GNV cabine basse avec équipement BOM 14m3 environ pour les services de l'Eurométropole de Strasbourg
169;19-143008;2019-09-22;67076;STRASBOURG CEDEX;Eurométropole de Strasbourg;['Prestations de services'];directive24;joue;appeloffre;initial;non;non;Accord cadre pour la réalisation de travaux fonciers
170;19-143067;2019-09-22;67076;STRASBOURG CEDEX;VILLE DE STRASBOURG;['Espaces verts'];directive24;joue;appeloffre;initial;non;non;19VDS0085G Prestations d'entretien dans les espaces verts de la Ville et de Strasbourg et de l'Eurométropole de Strasbourg
171;19-143093;2019-09-22;67076;STRASBOURG CEDEX;Eurométropole de Strasbourg;['Voirie'];directive24;joue;appeloffre;initial;non;non;Entretien de voirie des rues et places
172;19-143409;2019-09-22;67091;Strasbourg cedex;HOPITAUX UNIVERSITAIRES DE STRASBOURG;['Produits pharmaceutiques'];directive24;joue;appeloffre;initial;non;oui;FOURNITURE DE SPECIALITES PHARMACEUTIQUES GENERIQUES OU ALTERNATIVES - 2019
173;19-143438;2019-09-22;67129;Molsheim;Ville de MOLSHEIM;['Chauffage (exploitation, entretien)', 'Maintenance'];directive24;joue;attribution;initial;non;non;marché de conduite et d'entretien des chauffages, vmc et climatiseurs des bâtiments communaux
174;19-143358;2019-09-22;67504;Haguenau;CA DE HAGUENAU;['Location (matériels)', 'Produits chimiques'];directive24;joue;appeloffre;initial;non;non;Location, transport et montage de WC autonomes, WC raccordables ou WC PMR
175;19-142977;2019-09-22;68021;Colmar Cedex;VILLE DE COLMAR;['Denrées alimentaires'];directive24;joue;appeloffre;initial;non;non;Accords-cadres à bons de commande pour la fourniture de denrées alimentaires
176;19-143215;2019-09-22;68272;Wittenheim cedex;Ville de Wittenheim;['Espaces verts'];directive24;joue;appeloffre;initial;non;non;Prestation de désherbage écologique de la voirie communale
177;19-128572;2019-09-22;68304;saint-louis cedex;Aéroport de Bâle-Mulhouse;['Prestations de services', 'Transport'];directive25;joue;appeloffre;initial;non;non;transport de passagers par navettes automobiles
178;19-143082;2019-09-22;68948;Mulhouse;Mulhouse Alsace Agglomération;['Bassin, étang', 'Carrelage', 'Charpente', 'Chauffage (travaux)', 'Couverture', 'Electricité (travaux)', 'Espaces verts', 'Etanchéité', 'Gros oeuvre', 'Isolation', 'Menuiserie', 'Peinture (travaux)', 'Plâtrerie', 'Remembrement (travaux connexes)', 'Serrurerie', 'Ventilation', 'Voirie et réseaux divers', 'Zinguerie'];directive24;joue;appeloffre;initial;oui;non;création d'un espace dit horizon afrique au parc zoologique et botanique
179;19-143363;2019-09-22;69205;Lyon cedex 01;Ville de Lyon;['Prestations de services'];directive24;joue;appeloffre;initial;non;non;Assistance à l'Enregistrement et à la Retranscription de Réunions (Aerer 2020-2023)
180;19-143426;2019-09-22;69321;Lyon cedex 05;Voies navigables de France;['Produits chimiques', 'Revêtements muraux'];directive24;joue;attribution;initial;non;non;Fourniture de pierres pour la restauration des murs de soutènement
181;19-143088;2019-09-22;69373;Lyon cedex 08;CHU Lyon;"[""Ouvrage d'infrastructure""]";autre;joue;rectificatif;rectificatif;non;non;E19_0510
182;19-143388;2019-09-22;69373;Lyon Cedex 08;CHU Lyon;['Chambre froide', 'Prestations de services'];directive24;joue;appeloffre;initial;non;non;T19_4506
183;19-143404;2019-09-22;69373;Lyon Cedex 08;CHU Lyon;['Produits pharmaceutiques'];directive24;joue;attribution;initial;non;non;UNIHA_2DRES_M1876
184;19-143489;2019-09-22;69400;Villefranche-sur-Saone;CABVS;['Alimentation en eau potable', 'Assainissement'];directive25;joue;attribution;initial;non;non;Travaux de renouvellement et d'extension des réseaux d'eau potable et d'assainissement
185;19-143428;2019-09-22;69419;Lyon cedex 03;Préfecture de la région Rhône-Alpes;['Maintenance'];autre;joue;rectificatif;rectificatif;oui;oui;CVC3Ter_GN_ARA_2019
186;19-143479;2019-09-22;69483;Lyon;DEPARTEMENT DU RHONE;['Logiciel'];autre;joue;rectificatif;rectificatif;non;non;Evolution de l'architecture des réseaux des systèmes d'information du Département du Rhône
187;19-143734;2019-09-22;69487;Lyon;SYTRAL;['Câblage', 'Electricité (travaux)', 'Fibre optique', 'Sécurité incendie'];directive25;joue;appeloffre;initial;non;non;Travaux préparatoires d'automatismes de transmission ligne D préalables à l'opération Avenir Métro
188;19-123601;2019-09-22;69505;Lyon Cedex 03;Métropole de Lyon;"['Etude', 'Prestations de services', ""Assistance à maîtrise d'ouvrage""]";directive24;joue;appeloffre;initial;non;non;animation territoriale et marketing d'un dispositif de covoiturage sur le territoire de la métropole de lyon
189;19-136616;2019-09-22;69505;Lyon Cedex 03;Métropole de Lyon;['Prestations de services'];directive24;joue;appeloffre;initial;non;oui;distribution des documents d'information de la métropole de lyon
190;19-141743;2019-09-22;69505;Lyon cedex 03;Métropole de Lyon;['Maintenance', 'Radar', 'Voirie', 'Formation'];directive24;joue;appeloffre;initial;non;non;Fourniture de matériel de comptages automatiques, maintenance du parc de compteurs et appareils de mesures spécifiques et formation aux métiers des comptages automatiques
191;19-143703;2019-09-22;70006;Vesoul cedex;Conseil général de la Haute-Saône;['Habillement'];directive24;joue;attribution;initial;non;non;Fourniture de vêtements de travail et d'équipements de protection individuelle
192;19-143727;2019-09-22;70007;Vesoul Cedex;COMMUNAUTE D AGGLOMERATION DE VESOUL;['Télécommunications'];directive24;joue;appeloffre;initial;non;non;Prestations de services de télécommunications
193;19-143285;2019-09-22;72072;Le Mans;DEPARTEMENT DE LA SARTHE;['Titres de transport'];directive24;joue;appeloffre;initial;non;non;"Achat De E-Billets De Transports Ferroviaires "" Sncf - Grandes Lignes "", De Billets De Transports Aeriens Et De Prestations Hotelieres Associees"
194;19-143700;2019-09-22;73140;Orelle;COMMUNE D ORELLE;['Transport'];directive24;joue;appeloffre;initial;non;non;APPEL D'OFFRES OUVERT
195;19-143594;2019-09-22;74210;Faverges-Seythenex;COM DE COMMUNES DES SOURCES LAC ANNECY;['Transport', 'Déchetterie (exploitation)'];directive24;joue;appeloffre;initial;non;non;Déchèterie. Transport et traitement des déchets
196;19-143313;2019-09-22;75005;Paris;Agence de mutualisation des université;['Repas, traiteur'];directive24;joue;appeloffre;initial;non;oui;Emission et livraison de Titres-Restaurant pour le compte de l'Amue
197;19-143698;2019-09-22;75007;Paris;Musée du quai Branly-Jacques Chirac;['Informatique (prestations de services)'];autre;joue;rectificatif;rectificatif;non;non;Marché alloti de prestations de traitement documentaire pour la médiathèque du musée du quai Branly-Jacques Chirac
198;19-143462;2019-09-22;75008;Paris;EPPDCSI;['Prestations de services'];directive24;joue;appeloffre;initial;non;non;Production d'une oeuvre sonore pour l'exposition Bio-inspirés
199;19-143707;2019-09-22;75008;Paris;Présidence de la République;['Nettoyage de locaux'];directive24;joue;appeloffre;initial;non;non;Nettoyage des locaux et de la vitrerie des bâtiments de la présidence de la République
200;19-143690;2019-09-22;75009;Paris;SOC DE LIVRAISON OUVRAGES OLYMPIQUES;['Bâtiment', 'Démolition'];directive24;joue;appeloffre;initial;non;non;Accord cadre pour la réalisation de travaux de déconstruction et de réemploi des bâtiments et ouvrages de la ZAC village olympique et paralympique
201;19-143437;2019-09-22;75011;Paris;GIP RESAH;['Matériel médical'];autre;joue;rectificatif;rectificatif;non;non;ACQUISITION, LOCATION-MAINTENANCE AVEC ou SANS OPTION D'ACHAT DE SOLUTIONS D'IMAGERIE DE COUPE ET PRESTATIONS ASSOCIEES
202;19-143605;2019-09-22;75012;Paris;EPTB Seine Grands Lacs;['Abris', 'Impression', 'Prestations de services', 'Vidéo, cinéma'];directive24;joue;appeloffre;initial;non;non;Conception, impression et réalisation et montage de vidéos pour la communication
203;19-143503;2019-09-22;75015;Paris;PORT AUTONOME DE PARIS;['Ingénierie'];directive24;joue;appeloffre;initial;non;non;Mission d'assistance à la réalisation de plans de prévention conformément au décret no 92.158 du 20 février 1922
204;19-143584;2019-09-22;75019;Paris;Grand Paris Aménagement;['Etude'];directive24;joue;appeloffre;initial;non;non;accord-cadre amo immbilière et de construction
205;19-143195;2019-09-22;75019;Paris;ANGDM;['Transport'];directive24;joue;appeloffre;initial;non;non;"MARCHE DE TRANSPORTS DE BENEFICAIRES DE SEJOURS DE VACANCES "" SENIORS EN VACANCES """
206;19-143193;2019-09-22;75042;Paris Cedex 01;Ministère de la justice;['Impression', 'Informatique (prestations de services)'];autre;joue;rectificatif;rectificatif;non;non;externalisation de l'éditique du casier judicaire national (rectificatif)
207;19-143458;2019-09-22;75186;Paris Cedex 04;Centre des monuments nationaux;['Mobilier', 'Monuments historiques', 'Equipement muséographique'];directive24;joue;attribution;initial;non;non;prestations d'aménagements du centre d'interprétation de montmaurin (31)
208;19-143151;2019-09-22;75186;Paris;Centre des monuments nationaux;['Monuments historiques', 'Textile'];directive24;joue;attribution;initial;non;non;Lot fourniture de tissus pour l'Hotel de la Marine
209;19-143186;2019-09-22;75186;Paris;Centre des monuments nationaux;['Monuments historiques', 'Surveillance', 'Sécurité incendie'];directive24;joue;appeloffre;initial;non;non;prestation de sécurité incendie et prévention des établissements recevant du public de l'abbaye du mont-saint-michel
210;19-143329;2019-09-22;75191;Paris;Centre Pompidou;['Informatique (prestations de services)'];directive24;joue;appeloffre;initial;non;non;Accord-cadre d'assistance à l'installation et à l'utilisation des logiciels AUTODESK et BLUECIELO et à la saisie de données architecturales
211;19-143149;2019-09-22;75191;Paris;Centre Pompidou;['Prestations de services'];autre;joue;rectificatif;rectificatif;non;non;1908031 - Transport, manutention, conditionnement d'oeuvres d'art et montage, démontage et maintenance des expositions
212;19-142136;2019-09-22;75355;PARIS 07 SP;Assemblée Nationale;['Maintenance', 'Prestations de services'];directive24;joue;appeloffre;initial;non;non;Maintenance spécialisée des motorisations et des équipements associés de génie climatique (accord-cadre 2019AN-10)
213;19-143598;2019-09-22;75509;Paris cedex 15;ministère de la défense;['Prestations de services'];directive24;joue;appeloffre;initial;non;non;Conception et aménagement 'clé en main' du stand Défense à l'occasion du salon international Eurosatory 2020
214;19-143645;2019-09-22;75509;Paris;MINDEF/SGA/SPAC/S-Direction des achats;['Prestations de services'];autre;joue;rectificatif;rectificatif;non;oui;Réservation de berceaux
215;19-143418;2019-09-22;75639;Paris cedex 13;Ville de Paris;['Assainissement'];autre;joue;rectificatif;rectificatif;non;non;Travaux de réhabilitation de branchements particuliers du réseau d'assainissement de la Ville de Paris, en trois lots séparés
216;19-143316;2019-09-22;75646;Paris cedex 13;METROPOLE DU GRAND PARIS;['Prestations de services', 'Ingénierie'];directive24;joue;appeloffre;initial;oui;non;Mission de concertation relatives aux projets de la Plaine Saulnier en phase olympique
217;19-137729;2019-09-22;75654;Paris;Inserm - Administration du Siège;['Informatique (prestations de services)'];directive24;joue;appeloffre;initial;non;non;infogérance des systèmes d'information relatifs aux certificats de décès
218;19-143027;2019-09-22;75680;Paris cedex14;CCCA-BTP;['Formation'];directive24;joue;appeloffre;initial;non;non;Formation de formateurs et d'administratifs (référents) à la pédagogie et administration d''actions de formation en situation de travail' (AFEST)
219;19-143318;2019-09-22;75685;Paris;INST NAL RECHERCHES ARCHEOLOGIQUES PRE;['Prestations de services'];autre;joue;rectificatif;rectificatif;non;non;Titres restaurant pour les agents de l'Inrap
220;19-143102;2019-09-22;75706;Paris Cedex 13;Bibliothèque nationale de France;['Surveillance'];directive24;joue;attribution;initial;non;non;Surveillance quotidienne de la presse écrite nationale, européenne et internationale ainsi que de la presse audiovisuelle pour tout article et information concernant la BnF
221;19-143654;2019-09-22;75732;Paris cedex 15;OFII;['Abris', 'Impression'];directive24;joue;appeloffre;initial;oui;oui;Prestations d'édition, d'impression, de reprographie de documents sur tous supports et de fabrication de chemises à rabats en carte imprimée, ainsi que leur routage
222;19-143742;2019-09-22;75927;Paris cedex 19;SPL Paris et Métropole aménagement;['Prestations de services'];directive24;joue;appeloffre;initial;oui;non;Accord-cadre à bons de commande portant sur une mission de géomètre-expert sur la ZAC Gare des Mines-Fillettes à Paris 18ème
223;19-143512;2019-09-22;76036;Rouen cedex;PREFECTURE NORMANDIE;['Bâtiment'];directive24;joue;appeloffre;initial;non;oui;Travaux d'entretien courant des bâtiments des services de l'Etat et des établissements publics en région Normandie
224;19-143710;2019-09-22;76101;Rouen Cedex;Département de Seine-Maritime;['Assistance juridique'];directive24;joue;appeloffre;initial;non;non;Prestations de services juridiques
225;19-143249;2019-09-22;76140;Petit-Quevilly;COMMUNE DU PETIT QUEVILLY;['Peinture (travaux)', 'Revêtements de sols', 'Revêtements muraux'];directive24;joue;attribution;initial;non;non;Travaux De Peinture, De Revetements Muraux Et De Sols, Et De Ravalement De Facades Sur Le Patrimoine Bati Communal
226;19-143182;2019-09-22;76821;Mont saint aignan;Université de Rouen;['Maintenance'];directive24;joue;appeloffre;initial;non;non;Vérification et maintenance des moyens de secours des bâtiments de l'Université de Rouen Normandie.
227;19-143266;2019-09-22;77010;Melun cedex;Département de Seine-et-Marne;"['Ascenseur', 'Cuisine (équipement)', 'Electricité (travaux)', 'Espaces verts', 'Gros oeuvre', 'Plomberie (travaux)', ""Tous corps d'état""]";directive24;joue;attribution;initial;non;non;Travaux de construction d'une demi-pension et de réhabilitation de certains locaux du collège 'Denecourt' à Bois le Roi
228;19-143422;2019-09-22;77010;Melun cedex;Département de Seine-et-Marne;['Informatique (matériel)'];directive24;joue;appeloffre;initial;non;non;Fourniture d'équipements réseaux informatiques pour les collèges de Seine-et-Marne et prestations associées
229;19-143706;2019-09-22;77010;Melun cedex;Département de Seine-et-Marne;['Informatique (matériel)', 'Informatique (prestations de services)'];directive24;joue;appeloffre;initial;non;non;Services de transport de données, de voix et d'images, de services Internet centralisés et isolés et services associés, de téléphonie Trunk SIP pour les besoins du Département de Seine-et-Marne
230;19-143352;2019-09-22;77347;PONTAULT COMBAULT CEDEX;Ville de Pontault-Combault;['Pièces détachées', 'Véhicules'];directive24;joue;appeloffre;initial;non;non;Entretien des véhicules légers, utilitaires et de transports de personnes et fourniture de pièces détachées
231;19-143560;2019-09-22;78293;Croissy/Seine;COMMUNE DE CROISSY SUR SEINE;['Nettoyage de locaux', 'Prestations de services'];directive24;joue;appeloffre;initial;non;oui;NETTOYAGE DES LOCAUX DES BÂTIMENTS COMMUNAUX
232;19-143005;2019-09-22;81100;CASTRES;OPH Agglomération de Castres-Mazamet;['Assurance'];directive24;joue;appeloffre;initial;non;non;SERVICE D'ASSURANCE POUR L'OPH DE LA CACM - MARCHE PUBLIC DE SERVICES DOMMAGES AUX BIENS ET DES RISQUES ANNEXES
233;19-143460;2019-09-22;83000;Toulon;Conseil Général du Var;['Prestations de services'];directive24;joue;appeloffre;initial;non;non;Missions De Coordination De Securite Et De Protection De La Sante (Sps) De Niveaux 2 Et 3 Pour Les Travaux Realises Dans Les Colleges Et Batiments Du Departement Du Var -(4 Lots)
234;19-143310;2019-09-22;84208;Carpentras cedex;Ville de carpentras;['Electricité, gaz (fourniture)'];directive24;joue;appeloffre;initial;non;non;Accord cadre relatif à la fourniture d'électricité pour un ensemble de Points de Comptage et d'Estimation de la ville de Carpentras et des services associés à cette fourniture.
235;19-143068;2019-09-22;84250;Le Thor;Syndicat d'Electrification Vauclusien;['Eclairage public', 'Electrification rurale'];directive24;joue;attribution;initial;non;non;Maîtrise d'oeuvre de travaux d'électrification rurale, télécommunication et éclairage public des collèges de Vaison-Ventoux, d'Avignon, d'Apt, de Bollène, de Cavaillon et de l&apos
236;19-143612;2019-09-22;84360;Lauris;Mairie de Lauris;['Assurance'];directive24;joue;appeloffre;initial;non;non;Marché no2019-05 - Marché d'assurances - Dommages aux biens Responsabilité civile Flotte automobile Risques statutaires Cyber Risques
237;19-141620;2019-09-22;85021;La Roche-sur-Yon cédex;LA ROCHE-SUR-YON AGGLOMERATION;['Prestations de services'];directive24;joue;appeloffre;initial;non;non;Commercialisation du foncier économique
238;19-143337;2019-09-22;86020;Poitiers cedex;DREAL ALPC;"[""Ouvrage d'art""]";autre;joue;rectificatif;rectificatif;oui;oui;RN141 - Mise à 2x2 voies entre Roumazières et Exideuil - Construction de l'ouvrage d'art PS RN141
239;19-143638;2019-09-22;87000;LIMOGES;Conseil Départemental Haute-Vienne;['Assurance'];directive24;joue;appeloffre;initial;non;non;Prestation de services en assurance - lots Responsabilité civile générale, Dommages aux biens, Automobile et Prévoyance statutaire
240;19-143744;2019-09-22;87700;Aixe-sur-vienne;Ville d'Aixe sur Vienne;['Réseaux divers'];directive25;joue;appeloffre;initial;non;non;Gestion du système de collecte des eaux usées et des systèmes de collecte et de stockage des eaux pluviales urbaines
241;19-143268;2019-09-22;89012;Auxerre cedex;Ville d'Auxerre;['Transport'];directive24;joue;attribution;initial;non;non;Transports d'enfants des écoles et des centres de loisirs
242;19-143273;2019-09-22;89300;Joigny;COMMUNE DE JOIGNY;['Assurance'];directive24;joue;appeloffre;initial;non;non;Services d'assurance pour la commune de Joigny
243;19-143529;2019-09-22;89300;Joigny;Communauté de Communes du Jovinien;['Assurance'];directive24;joue;appeloffre;initial;non;non;Services d'assurances pour la communauté de communes du Jovinien
244;19-143664;2019-09-22;90400;Meroux;SMTC90;['Transport'];directive24;joue;appeloffre;initial;oui;oui;La présente consultation porte sur des services de transport de personnes à mobilité réduite pour le compte du Syndicat Mixte des Transports en Commun de Belfort
245;19-143319;2019-09-22;91000;Evry;PORTE SUD DU GRAND PARIS;"[""Maîtrise d'oeuvre""]";directive24;joue;appeloffre;initial;non;non;Maîtrise d'oeuvre ZAC de la FERME RIS ORANGIS
246;19-143129;2019-09-22;91230;Montgeron;COMMUNE DE MONTGERON;"[""Produits d'entretien""]";directive24;joue;appeloffre;initial;non;oui;Fourniture de produits et matériels d'entretien et d'hygiène pour les besoins de la ville de Montgeron
247;19-143661;2019-09-22;91805;Brunoy;CA VAL D'YERRES VAL DE SEINE;"[""Poteaux d'incendie""]";directive24;joue;appeloffre;initial;non;non;Fourniture et pose d'hydrants pour la Communauté d'agglomération Val d'Yerres Val de Seine
248;19-143587;2019-09-22;91805;Brunoy;CA VAL D YERRES VAL DE SEINE;['Automate'];directive24;joue;appeloffre;initial;non;non;Location d'automates de collecte des bouteilles plastiques et canettes sur le territoire de la Cavyvs
249;19-143276;2019-09-22;91898;Orsay cedex;CA COMMUNAUTE PARIS SACLAY;['Assainissement'];directive24;joue;appeloffre;initial;non;non;Schéma directeur d'assainissement communautaire
250;19-143729;2019-09-22;92055;Paris la défense cedex;MEDDTL - DGEC - SD7;['Etude', 'Prestations de services'];directive24;joue;appeloffre;initial;non;non;Adaptation au changement climatique en France : étude sur la mobilisation des filières économiques
251;19-143283;2019-09-22;92055;Paris La Défense Cedex;MEDDTL - DGEC - SD7;['Prestations de services', 'Eolienne'];directive24;joue;appeloffre;initial;non;non;Parcs éoliens en mer (France) - Achat commun DGEC / RTE pour des prestations d'AMOA pour l'achat des résultats techniques d'études géotechniques et géophysiques en mer (phase candidatur
252;19-143652;2019-09-22;92121;Montrouge cedex;Ville de Montrouge;['Chauffage (exploitation, entretien)'];directive24;joue;attribution;initial;non;non;Marché d'exploitation et de maintenance des installations de génie climatique, de traitemant d'air et de climatisation
253;19-143079;2019-09-22;92160;Antony;Ville d'Antony;['Assurance'];directive24;joue;appeloffre;initial;non;non;Assurances risques statutaires
254;19-143717;2019-09-22;92200;Neuilly-sur-seine;Ville de Neuilly-sur-Seine;['Restauration collective'];directive24;joue;appeloffre;initial;non;non;Fourniture de denrées alimentaires pour le restaurant municipal de Neuilly-sur-Seine
255;19-143287;2019-09-22;92300;Levallois;Ville de Levallois;['Assurance'];directive24;joue;appeloffre;initial;non;non;Prestations d'assurance pour la Ville, le Ccas et la Caisse Des Ecoles de Levallois
256;19-143141;2019-09-22;92300;Levallois;Ville de Levallois;['Denrées alimentaires'];directive24;joue;appeloffre;initial;non;non;Acquisition De Diverses Denrées Alimentaires Et Boissons Non Alcoolisées
257;19-143056;2019-09-22;92806;Puteaux cedex;PARIS OUEST LA DEFENSE;['Informatique (prestations de services)'];directive24;joue;attribution;initial;non;non;19107_SERV_CATALYSEUR
258;19-141901;2019-09-22;93100;Montreuil;ACOSS;['Informatique (matériel)', 'Informatique (prestations de services)'];directive24;joue;attribution;initial;non;non;fourniture d'équipements informatique de type serveurs et dispositifs de stockage, maintenance et prestations de services associées
259;19-142985;2019-09-22;93205;Saint-denis cédex 01;Ville de Saint-Denis;['Prestations de services'];directive24;joue;attribution;initial;non;non;Concours de maitrise d'oeuvre pour la construction d'un équipement dédié aux enseignements et aux pratiques artistiques en amateur
260;19-143702;2019-09-22;93218;La Plaine Saint-Denis Cedex;Etablissement Français du Sang;['Laboratoire (fourniture)'];directive24;joue;appeloffre;initial;non;non;Fourniture d'embouts de 200 µl et 1000 µl avec filtres utilisables sur différents automates de laboratoire
261;19-143622;2019-09-22;93230;Romainville;EST ENSEMBLE;['Conteneur, poubelles'];autre;joue;rectificatif;rectificatif;non;non;Fourniture et maintenance des conteneurs à déchets (bacs roulants) et de pièces détachées
262;19-143680;2019-09-22;93285;Saint denis cedex;AGCE NAL DE SECU MEDICAMENT PROD SANTE;['Maintenance'];directive24;joue;appeloffre;initial;non;oui;Maintenance multi-technique, Exploitation des installations de bâtiments et équipements techniques associés sur les sites de l'ANSM à Saint-Denis (93), Vendargues (34) et Lyon (69)
263;19-143252;2019-09-22;93500;Pantin;Ile-de-France-Construction Durable.fr;"[""Maîtrise d'oeuvre""]";directive24;joue;appeloffre;initial;non;non;Marché de Maîtrise d'oeuvre pour la rénovation globale du lycée Cachan (94)
264;19-143302;2019-09-22;93500;Pantin;Agence des Espaces Verts;['Espaces verts'];directive24;joue;appeloffre;initial;non;oui;Entretien des espaces verts régionaux - Lots 1, 3, 8, 9 et 12
265;19-143055;2019-09-22;93538;Aubervilliers cedex;FONCIA IPM;['Etude'];directive24;joue;attribution;initial;non;non;Accord-cadre prestations d'architecture
266;19-143069;2019-09-22;93538;Aubervilliers cedex;FONCIA IPM;['Etanchéité', 'Terrasse'];directive24;joue;attribution;initial;non;non;ENTRETIEN DE TOITURES TERRASSES
267;19-143406;2019-09-22;93884;Noisy le grand cedex;POLE EMPLOI IDF;"['Bâtiment', 'Chauffage (travaux)', 'Electricité (travaux)', ""Tous corps d'état""]";directive24;joue;attribution;initial;non;non;Marché de travaux d'aménagement du site Pôle Emploi Boulevard Ney (Paris 18ème)
268;19-143636;2019-09-22;93891;LIVRY-GARGAN cedex;Ville de Livry-Gargan;['Prestations de services'];directive24;joue;appeloffre;initial;non;non;Organisation de séjours de vacances et de classes d'environnement
269;19-143616;2019-09-22;94054;Créteil Cedex;Département du Val de Marne;"[""Produits de l'agriculture""]";directive24;joue;appeloffre;initial;non;oui;Fournitures de fruits et légumes frais pour les crèches départementales
270;19-143341;2019-09-22;94054;Créteil cedex;Département du Val de Marne;['Reprographie'];directive24;joue;appeloffre;initial;non;oui;Prestations de reprographie et prestations de services connexes pour les Directions techniques du Département du Val-de-Marne.
271;19-143391;2019-09-22;94107;Saint-maur-des-fossés cédex;ville de Saint-Maur-des-Fossés;['Abris', 'Assistance technique'];directive24;joue;appeloffre;initial;non;non;Prestations de conseil et d'assistance technique au maitre d'ouvrage
272;19-143582;2019-09-22;94270;Le Kremlin-Bicetre;COMMUNE LE KREMLIN BICETRE;['Articles de bureau et articles scolaires', 'Jeux, jouets', 'Papeterie'];directive24;joue;appeloffre;initial;oui;oui;Acquisition et livraison de fournitures de bureau, petite enfance, écoles, périscolaire et jeunesse
273;19-143240;2019-09-22;94270;Le Kremlin-Bicetre;COMMUNE LE KREMLIN BICETRE;['Cuisine (équipement)', 'Maintenance'];directive24;joue;appeloffre;initial;non;non;Maintenance préventive et curative des matériels de cuisine et acquisition de matériels de cuisine pour la Ville du Kremlin-Bicêtre
274;19-143623;2019-09-22;94350;Villiers sur marne;Ville de Villiers-sur-Marne;['Signalisation', 'Voirie'];directive24;joue;appeloffre;initial;non;non;Le présent accord-cadre a pour objet de définir les prestations de mise en place de la signalisation horizontale et verticale permanente ou temporaire.
275;19-143669;2019-09-22;95027;Cergy-Pontoise;CACP;['Etude', 'Ingénierie'];directive24;joue;appeloffre;initial;non;non;19sf10 - Etude du service public de l'eau potable de la Communauté d'Agglomération de Cergy Pontoise
276;19-143126;2019-09-22;95141;Garges-lès-gonesse;Ville de Garges-lès-Gonesse;['Carburant, hydrocarbure', 'Combustible'];directive24;joue;attribution;initial;non;non;Fourniture de produits pétroliers et prestations de services annexes
277;19-143450;2019-09-22;95270;Asnieres sur oise;SI COLLECTE TRAIT EAUX USEES;['Assainissement'];directive24;joue;attribution;initial;non;non;Mise à jour des Schémas directeurs d'assainissement et des plans de zonage EU et EP pour 7 communes du SICTEUB dans le département de l'oise
278;19-143260;2019-09-22;95280;Jouy le moutier;COMMUNE DE JOUY LE MOUTIER;['Abris', 'Espaces verts'];directive24;joue;attribution;initial;non;non;Bail espace vert
279;19-143228;2019-09-22;95380;Louvres;COMMUNE DE LOUVRES;['Espaces verts'];directive24;joue;appeloffre;initial;non;oui;Entretien Des Espaces Verts, Fleurissement, Abattage Et Elagage - Ville De Louvres
280;19-143757;2019-09-22;97100;Basse-terre;Préfecture de Guadeloupe;['Abris', 'Climatisation', 'Peinture (travaux)', 'Plomberie (travaux)', 'Sanitaire'];directive24;joue;appeloffre;initial;non;non;2019-PREF971-SANITAIRES-FE2
281;19-143440;2019-09-22;97120;SAINT-CLAUDE;COMGEND GUADELOUPE;['Véhicules (acquisition)'];directive24;joue;attribution;initial;non;non;Acquisition de véhicules neufs et d'occasion au profit du commandement de la Gendarmerie en Guadeloupe et des unités de gendarmerie de Saint-Martin (971)
282;19-143723;2019-09-22;97190;Gosier;SIAEAG;['Assurance', 'Prestations de services'];directive25;joue;appeloffre;initial;non;non;Prestations d'assurance du SIAEAG et de ses régies- 2020-2025
283;19-81210;2019-09-22;97200;Fort de france;COLLECTIVITE TERRITORIALE MARTINIQUE;['Dragage'];directive24;joue;attribution;initial;non;non;dragage du port de peche de grand riviere
284;19-143752;2019-09-22;97204;Fort de france cedex martinique;Cté d'Agglo du centre de la Martinique;['Charpente', 'Climatisation', 'Electricité (travaux)', 'Gros oeuvre', 'Menuiserie', 'Plomberie (travaux)', 'Prestations de services', 'Terrassement'];directive24;joue;attribution;initial;oui;non;Construction d'une Pépinière d'Agro-Transformation à la ZAE de Choco-Choisy - Lots no1,2,3,4,8,9,11 et 12
285;19-143745;2019-09-22;97204;Fort de france cedex martinique;Cté d'Agglo du centre de la Martinique;['Abris', 'Véhicules (location)'];directive24;joue;attribution;initial;non;non;Location de longue durée de véhicules pour la flotte automobile de la CACEM
286;19-143741;2019-09-22;97204;Fort de france cedex martinique;Cté d'Agglo du centre de la Martinique;['Véhicules (acquisition)'];directive24;joue;attribution;initial;non;non;Fourniture, livraison, maintenance et assistance des véhicules pour le compte de la CACEM
287;19-143472;2019-09-22;97204;Fort de france cedex martinique;Cté d'Agglo du centre de la Martinique;['Equipements spécialisés'];directive24;joue;attribution;initial;non;non;Accord-cadre de fourniture d'équipements de protection individuelle pour les agents de la CACEM
288;19-142088;2019-09-22;97224;Ducos;Ville de Ducos;['Mobilier'];directive24;joue;attribution;initial;non;non;fourniture, montage et installation de mobilier de bureau pour la mairie et les écoles de la ville de ducos
289;19-143748;2019-09-22;97307;Cayenne;COLLECTIVITE TERRITORIALE DE GUYANE;['Equipement sportif'];directive24;joue;attribution;initial;non;non;Acquisition de tapis pour l'équipement des installations sportives territoriales (I.S.T.)
290;19-142975;2019-09-22;97404;Saint-denis cedex;COUR D APPEL DE LA REUNION;['Reprographie'];directive24;joue;attribution;initial;non;oui;Location et maintenance de photocopieurs et de leurs accessoires au profit des juridictions du département de la réunion
291;19-143355;2019-09-22;97404;Saint-denis cedex;COUR D APPEL DE LA REUNION;['Etude', 'Ingénierie'];directive24;joue;attribution;initial;non;oui;Étude de faisabilité architecturale et technique pour l'accueil du futur pôle social au sein du palais de justice de Saint-Denis, estimation des futurs travaux et mission moe
292;19-143488;2019-09-22;97600;Mamoudzou;PREFECTURE DE MAYOTTE;['Publicité, Communication'];directive24;joue;appeloffre;initial;non;non;fournitures de prestations de conseils stratégiques en communication
293;19-142992;2019-09-22;97600;Mamoudzou;Département de Mayotte;['Electrification rurale'];directive24;joue;appeloffre;initial;oui;non;TRAVAUX D'ÉLECTRIFICATION RURALE POUR LES ANNÉES 2020 - 2022
294;19-142959;2019-09-22;98715;Papeete CMP;SSF Polynésie française;['Maintenance'];directive81;joue;attribution;initial;non;non;prestations d'installation de matériel d'échafaudage, d'appareillage et de manutention au profit de la marine nationale
295;19-142958;2019-09-22;98715;Papeete CMP;SSF Polynésie française;['Maintenance'];directive81;joue;attribution;initial;non;non;travaux de tôlerie et soudure au profit de la marine nationale
296;19-142957;2019-09-22;98715;Papeete Cmp;SSF Polynésie française;['Maintenance'];directive81;joue;attribution;initial;non;non;Réfection du bajoyer du dock flottant de Papeete
297;19-142960;2019-09-22;98715;Papeete;SSF Polynésie française;['Maintenance'];directive18;joue;attribution;initial;non;non;Visite type 24 000 heures du réducteur bâbord du patrouilleur Arago
298;19-143124;2019-09-22;None;Paris;fonds de réserve pour les retraites;['Prestations de services'];directive24;joue;appeloffre;initial;non;non;mandats de gestion overlay
299;19-130166;2019-09-22;None;Angers cedex 02;Ville d'Angers;"[""Maîtrise d'oeuvre""]";directive24;joue;appeloffre;initial;non;non;accord-cadre de maîtrise d'oeuvre urbaine et opérationnelle pour l'aménagement des places de l'Académie et Kennedy et de leurs abords à Angers
300;19-133532;2019-09-22;None;Kremlin Bicêtre;AGCE PUB POUR L IMMOB DE LA JUSTICE;"['Assistance technique', 'Bâtiment', ""Assistance à maîtrise d'ouvrage""]";directive24;joue;appeloffre;initial;non;non;Assistance technique et comissionnement dans le cadre d'un marche de conception, realisation et maintenance de logements a destination des stagiaires de l'ecole nationale d'administration penitentiair
301;19-143407;2019-09-22;None;Saint-flour;SAINT-FLOUR COMMUNAUTÉ;['Prestations de services'];directive24;joue;appeloffre;initial;non;non;mise à jour et élaboration de documents uniques et définition de programmes d'actions sur saint-flour communauté, le sytec, le siaep de neuvéglise et 31 communes.
302;19-135355;2019-09-22;None;Cherbourg-en-Cotentin;Communauté d'Agglomération du Cotentin;['Alimentation en eau potable'];directive25;joue;appeloffre;initial;non;non;accords-cadres à bons de commande relatifs à la fourniture de calcaire pour le traitement de l'eau potable
303;19-142894;2019-09-22;None;Les chapelles bourbon;CC VAL BRIARD;"['Bâtiment', 'Carrelage', 'Charpente', 'Couverture', 'Electricité (travaux)', 'Gros oeuvre', 'Matériel scénique', 'Menuiserie', 'Peinture (travaux)', 'Plâtrerie', 'Plomberie (travaux)', 'Revêtements de sols', 'Serrurerie', ""Tous corps d'état"", 'Voirie et réseaux divers']";directive24;joue;appeloffre;initial;non;non;réhabilitation de l'aile nord de la ferme des vieilles chapelles 77610 les chapelles bourbon (tranche 3)
304;19-141639;2019-09-22;None;Sainte-Clotilde Cedex - (Réunion  France);CINOR;['Bâtiment'];directive24;joue;appeloffre;initial;non;non;construction de la pépinière d'entreprises le cube
305;19-143564;2019-09-22;None;83056 Toulon CEDEX;Var Aménagement Développement;"['Gros oeuvre', 'Maçonnerie', ""Maîtrise d'oeuvre"", ""Tous corps d'état""]";directive24;joue;appeloffre;initial;non;non;Contrat de promotion immobilière pour la conception et la réalisation de bureaux destinés à accueillir de l'activité tertiaire
306;19-143039;2019-09-22;None;Nantes cedex 9;METROPOLE NANTES METROPOLE;['Maintenance'];directive25;joue;attribution;initial;non;non;maintenance de groupes électrogènes pour les installations de production d'eau potable de nantes métropole
307;19-135616;2019-09-22;None;MONTPELLIER;Montpellier Méditerranée Métropole;['Publicité, Communication'];directive24;joue;attribution;initial;non;non;achat espaces publicitaires d'actions de communication, de billets,d'abonnements pour le developpement du Hand ball
308;19-135799;2019-09-22;None;MONTPELLIER;Montpellier Méditerranée Métropole;['Publicité, Communication'];directive24;joue;attribution;initial;non;non;achat espaces publicitaires d'actions de communication, de billets,d'abonnements pour le developpement du football
309;19-143136;2019-09-22;None;Dijon;Université de bourgogne;['Laboratoire (matériel)'];directive24;joue;appeloffre;initial;non;non;l'acquisition d'un système de couplage pour améliorer les apprentissages et les ré-entraînements des fonctions cognitives et motrices
310;19-143050;2019-09-22;None;Marseille;Dir Méditerranée;['Formation'];directive24;joue;appeloffre;initial;non;oui;formation à l'exploitation et à la sécurité des tunnels de la dirmed
311;19-138609;2019-09-22;None;Châteauroux cédex;Conseil Départemental de l'Indre;['Etude'];directive24;joue;attribution;initial;non;non;etudes des ouvrages d'art rd80 suppression des passages à niveau 191 et 192 sur la ligne ferroviaire les aubrais - montauban
312;19-140937;2019-09-22;None;Castelnau le lez;UGECAM OCCITANIE;['Blanchissage', 'Prestations de services'];directive24;joue;appeloffre;initial;non;oui;Blanchissage du linge plat et des vêtements de travail de 4 établissements de l'UGECAM Occitanie
313;19-136226;2019-09-22;None;Arras Cedex 9;Conseil départemental du Pas-de-Calais;['Bois', 'Cloison, faux plafond', 'Isolation', 'Matériaux de construction', 'Matériel électrique', 'Ouvrage métallique', 'Peinture (fourniture)', 'Plâtrerie', 'Matériel robinetterie', 'Sanitaire'];directive24;joue;appeloffre;initial;non;non;AOO LBMF19S0509 - fourniture de matériels et matériaux nécessaires aux travaux des régies du pas-de-calais - 7 lots.
