,a00_cle_idweb,g04_01_date_publication,g04_03_date_fin_diffusion,g04_07_dep_publication,g04_09_resume_objet,g01_02_01_famille,g01_02_02_perimetre,g01_02_03_nature,g01_02_04_statut,d01_01_denomination,d01_07_cp,d01_08_ville,d08_09_decision_titulaireandRENSEIGNEMENT,g04_052_descripteurs_libelles,g04_051_descripteurs_codes,g04_061_criteres_sociaux,g04_062_criteres_environnementaux
0,20-57371,2020-04-27,2020-07-25,['1'],Fourniture de consommables pour le service informatique,fns,cmp2006,attribution,initial,COMMUNE D OYONNAX,01100,OYONNAX,[],['Consommables informatiques'],[68],non,non
1,20-57200,2020-04-27,2020-06-27,['2'],"Aménagement de voiries, trottoirs et réseaux divers",fns,cmp2006,attribution,initial,MAIRIE DE CHAUNY,02302,Chauny cedex,,['Voirie'],[365],non,non
2,20-57134,2020-04-27,2020-07-25,"['4', '5', '6', '13', '83', '84']",TRAVAUX DE RENOVATION ET D'EXTENSION - CENTRE HOSPITALIER PIERRE GROUES BARCELONNETTE,fns,cmp2006,appeloffre,rectificatif,EPS PIERRE GROUES DE BARCELONNETTE,04400,Barcelonnette,,['Gros oeuvre'],[144],non,non
3,20-57357,2020-04-27,2020-05-29,['5'],"ACQUISITION, MISE EN SERVICE ET MAINTENANCE DE LOGICIELS DE FACTURATION, DE PLANIFICATION ET DE SOINS POUR L'EHPAD 'LES 3 FONTAINES - SAINT MENS'",mapa,cmp2006,appeloffre,initial,CCAS de la ville de Gap,05000,GAP,,['Logiciel'],[186],non,non
4,20-57578,2020-04-27,2020-05-19,['5'],Mission de Coordination Sécurité et Protection de la Santé (CSPS) concernant des travaux de Voirie réseaux divers (VRD) ou de Bâtiments,fns,cmp2006,appeloffre,initial,Ville de Gap,05007,GAP,,['Etude'],[118],non,non
5,20-57339,2020-04-27,2020-06-05,['5'],réalisation d'un forage d'essai dans la nappe du réallon pour l'usage aep,fns,cmp2006,appeloffre,initial,Ville de Savines le Lac,05160,Savines-le-lac,,['Forage'],[132],non,non
6,20-57444,2020-04-27,2020-06-30,"['6', '4', '5']",Travaux de réfection et de consolidation de sentiers et de signalétique dans le Parc national du Mercantour,fns,cmp2006,appeloffre,initial,Parc national du Mercantour,06006,Nice,,"[""Tous corps d'état""]",[345],non,non
7,20-57426,2020-04-27,2020-05-27,['6'],M.A.P.A. N° 2020 - 020 ENTRETIEN ET MAINTENANCE DES ALARMES ANTI INTRUSION DES BÂTIMENTS DE LA VILLE DU CANNET,fns,cmp2006,appeloffre,rectificatif,COMMUNE LE CANNET,06110,Le Cannet,,"['Alarme', 'Maintenance']","[5, 196]",non,non
8,20-57372,2020-04-27,2020-05-27,['6'],"M.A.P.A. N° 2020 - 021 MAINTENANCE DES ALARMES, DÉTECTIONS INCENDIE DES BÂTIMENTS DE LA VILLE DU CANNET",fns,cmp2006,appeloffre,rectificatif,COMMUNE LE CANNET,06110,Le Cannet,,"['Alarme', 'Détection incendie', 'Maintenance']","[5, 90, 196]",non,non
9,20-57479,2020-04-27,2020-05-27,['6'],MAPA 2020-023 - Réhabilitation de la chaufferie du groupe scolaire Saint Jean avec mise en place d'une chaudière à condensation et réfection des réseaux de distrinution,fns,cmp2006,appeloffre,rectificatif,COMMUNE LE CANNET,06110,Le Cannet,,['Chauffage (travaux)'],[61],non,non
10,20-57273,2020-04-27,2020-05-29,['6'],Travaux de création et de rénovation d'espaces verts,fns,cmp2006,appeloffre,initial,Ville de Vence,06141,Vence Cedex,,"['Espaces verts', 'Travaux forestiers']","[116, 350]",non,non
11,20-57435,2020-04-27,2020-05-06,"['6', '13', '83']",PRESTATIONS DE REPARATIONS MECANIQUES ET CARROSSERIES IMPORTANTES DES VEHICULES DE LA REGIE PALM BUS,fns,cmp2006,appeloffre,initial,C.A.P.L.,06414,Cannes Cedex,,['Prestations de services'],[274],non,non
12,20-57495,2020-04-27,2020-05-28,['6'],Accord-cadre à bons de commande pour les travaux urgent et/ou imprévus sur les réseaux d'eaux usées et d'eaux pluviales et les petits ouvrages de génie civil,fns,cmp2006,appeloffre,initial,C.A.P.L.,06414,Cannes Cedex,,['Canalisations'],[48],non,non
13,20-56880,2020-04-27,2020-05-29,['6'],"Produits et articles d'entretien, d'hygiène et de droguerie à usage professionnel pour le ccas de la ville de cannes et ses sites extérieurs.",fns,cmp2006,appeloffre,initial,CCAS de Cannes,06414,Cannes Cedex,,"['Droguerie', 'Hygiène (articles)', ""Produits d'entretien""]","[95, 153, 278]",non,non
14,20-57345,2020-04-27,2020-07-06,['8'],"PROGRAMMATION ARTISTIQUE ET PRESTATIONS TECHNIQUES DE "" LA SAISON ENTRE PETITS ET GRANDS "" ANNEES 2020-21 ET 2021-22",fns,cmp2006,attribution,initial,ARDENNE METROPOLE,08003,Charleville-Mézières,"[('2020-04-27', 'MAISON DES JEUNES', (170000.0, 'EUR'), None)]",['Prestations de services'],[274],non,non
15,20-57461,2020-04-27,2020-06-08,['10'],Travaux de remplacement des 2 terrains synthétiques de football du Centre Sportif de l'Aube-.,fns,cmp2006,appeloffre,initial,DEPARTEMENT DE L AUBE,10000,TROYES,,"[""Tous corps d'état""]",[345],non,non
16,20-53208,2020-04-27,2020-05-25,"['10', '52', '51']",Travaux de renforcement de la toiture de la résidence cardinal de loménie à brienne-le-château,mapa,cmp2006,appeloffre,initial,Résidence Cardinal de Loménie,10500,Brienne-le-Château,,"['Charpente', 'Echafaudage']","[57, 101]",non,non
17,20-57311,2020-04-27,2020-06-26,['10'],TRAVAUX DE REHABILITATION DE L'ECOLE JEAN JAURES,mapa,cmp2006,appeloffre,initial,Ville de La Chapelle Saint Luc,10602,LA CHAPELLE SAINT-LUC CEDEX,,"['Electricité (travaux)', 'Isolation', 'Ventilation']","[105, 169, 360]",non,non
18,20-57133,2020-04-27,2020-05-27,['11'],Acquisition de supports pour la promotion évènementielle,fns,cmp2006,attribution,initial,Département de l'Aude,11855,CARCASSONNE Cedex 9,,"['Equipements spécialisés', 'Publicité, Communication', 'Evénementiel']","[115, 285, 445]",non,non
19,20-57296,2020-04-27,2020-06-15,['13'],"Numéro de la consultation : 2020DGMG0022 Fourniture et livraison de gants, ceintures, tee-shirts et accessoires de l'habillement destinés aux services municipaux",fns,cmp2006,appeloffre,rectificatif,COMMUNE D AIX EN PROVENCE,13100,Aix-en-Provence,,['Habillement'],[150],non,non
20,20-57182,2020-04-27,2020-05-26,['13'],P2003721 : TRAVAUX DE MAINTENANCE SUR LE MOTEUR THERMIQUE SEMT PIELSTICK DU GROUPE ELECTROGENE N°1 - 2000 KVA DE LA STATION DE POMPAGE DU VIGUEIRAT,fns,cmp2006,appeloffre,rectificatif,GRAND PORT MARITIME DE MARSEILLE,13226,MARSEILLE,,"['Groupe électrogène', 'Maintenance']","[143, 196]",non,non
21,20-57460,2020-04-27,2020-06-27,['13'],"Cet accord-cadre a pour objet de réaliser dans les 8 lots, deux types de prestations:- la représentation en Justice dans les contentieux- les consultations juridiques (conseil et assistance) prin..",fns,cmp2006,attribution,initial,DEPARTEMENT DES BOUCHES DU RHONE,13256,Marseille cedex 20,"[('2020-03-06', 'D4 Avocats Associés', (120, 'EUR'), None), ('2020-03-06', 'ALTRA CONSULTING', (140, 'EUR'), None), ('2020-03-06', 'Groupement AD2P AVOCATS', (110, 'EUR'), None), ('2020-03-06', ""ERNST & YOUNG, Société d'Avocats"", (125, 'EUR'), None), ('2020-03-06', 'MCL Avocats', (120, 'EUR'), None), ('2020-03-06', 'SELAS CHARREL et Associés', (105, 'EUR'), None), ('2020-03-06', 'Groupement AD2P AVOCATS', (110, 'EUR'), None), ('2020-03-06', 'Cabinet LE PRADO', (150, 'EUR'), None)]",['Assistance juridique'],[434],non,non
22,20-57102,2020-04-27,2020-06-03,"['13', '83', '84', '4', '5', '6']",MAINTENANCE DES INSTALLATIONS TECHNIQUES DES SITES DE LA CMAR PACA,joue,directive24,appeloffre,initial,CMAR PACA,13295,Marseille Cedex 8,,"['Chauffage (exploitation, entretien)', 'Cuisine (équipement)', 'Electricité (travaux)', 'Maintenance', 'Sécurité incendie', 'Porte automatique, portail']","[59, 77, 105, 196, 332, 412]",non,non
23,20-57506,2020-04-27,2020-05-25,['13'],"Le présent marché concerne la fourniture, l'installation et la mise en service d'équipements professionnels (cuisine industrielle) destinés à l'aménagement de la cuisine centrale de la",fns,cmp2006,appeloffre,initial,Commune de plan de cuques,13380,PLAN DE CUQUES,,['Cuisine (équipement)'],[77],non,non
24,20-57567,2020-04-27,2020-06-28,['13'],Location de deux types d'hébergements en tente sur le camping officiel au Circuit Paul Ricard durant la totalité de la période du Grand Prix de France de Formule 1 2020.,fns,cmp2006,appeloffre,annulation,GPT INTERET PUB GD PRIX FRANCE CASTELL,13481,Marseille,,['Tente'],[473],non,non
25,20-57562,2020-04-27,2020-06-28,['13'],Prestations de distribution électrique temporaire pour le Grand Prix de France de Formule 1 2020,fns,cmp2006,appeloffre,annulation,GPT INTERET PUB GD PRIX FRANCE CASTELL,13481,Marseille,,['Matériel électrique'],[203],non,non
26,20-57556,2020-04-27,2020-06-28,['13'],"Prestations de conception d'une solution de contrôle d'accès et location, installation et exploitation d'un système de contrôle d'accès pour le Grand Prix de France de Formule 1 20",fns,cmp2006,appeloffre,annulation,GPT INTERET PUB GD PRIX FRANCE CASTELL,13481,Marseille,,"[""Contrôle d'accès""]",[81],non,non
27,20-57622,2020-04-27,2020-06-28,"['13', '83']",Prestations de nettoyage pour le Grand Prix de France 2020,fns,cmp2006,appeloffre,annulation,GPT INTERET PUB GD PRIX FRANCE CASTELL,13481,Marseille,,['Nettoyage de locaux'],[239],non,non
28,20-57569,2020-04-27,2020-06-28,['13'],"Prestations de conception d'une solution de Cashless et location, installation et exploitation d'un système de Cashless pour le Grand Prix de France de Formule 1 2020.",fns,cmp2006,appeloffre,annulation,GPT INTERET PUB GD PRIX FRANCE CASTELL,13481,Marseille,,['Informatique (prestations de services)'],[163],non,non
29,20-57621,2020-04-27,2020-06-28,"['13', '83']",PRESTATIONS DE TRAITEUR DES ESPACES HOSPITALITES DE LA LIGNE DROITE A L'OCCASION DU GRAND PRIX DE France 2020,mapa,cmp2006,appeloffre,annulation,GPT INTERET PUB GD PRIX FRANCE CASTELL,13481,Marseille,,"['Repas, traiteur']",[304],non,non
30,20-57619,2020-04-27,2020-06-28,"['83', '13']",Prestations traiteurs Virage du Pont Grand Prix de France 2020,mapa,cmp2006,appeloffre,annulation,GPT INTERET PUB GD PRIX FRANCE CASTELL,13481,Marseille,,"['Repas, traiteur']",[304],non,non
31,20-57620,2020-04-27,2020-06-28,"['13', '83']",PRESTATIONS DE TRAITEUR DES ESPACES HOSPITALITES SAINTE BAUME A L'OCCASION DU GRAND PRIX DE FRANCE 2020 Circuit Paul Ricard,mapa,cmp2006,appeloffre,annulation,GPT INTERET PUB GD PRIX FRANCE CASTELL,13481,Marseille,,"['Repas, traiteur']",[304],non,non
32,20-57227,2020-04-27,2020-05-18,['13'],APPEL A PROPOSITIONS - convention d'occupation temporaire pour l'exercice dans les bâtiments administratifs régionaux d'une activité commerciale d'installation et d'exploitati,fns,cmp2006,appeloffre,initial,Région Provence Alpes Côte d'Azur,13481,Marseille,,['Denrées alimentaires'],[88],non,non
33,20-57564,2020-04-27,2020-06-28,['13'],Prestations de location des groupes électrogènes pour le Grand Prix de France de Formule 1 2020,mapa,cmp2006,appeloffre,annulation,GPT INTERET PUB GD PRIX FRANCE CASTELL,13481,Marseille,,['Groupe électrogène'],[143],non,non
34,20-57420,2020-04-27,2020-06-15,['13'],Numéro de la consultation : 2020/FCS/0020 Service d'assurance Flotte Automobile,fns,cmp2006,appeloffre,initial,COMMUNE LES PENNES MIRABEAU,13758,LES PENNES MIRABEAU,,['Assurance'],[20],non,non
35,20-57163,2020-04-27,2020-06-17,['17'],réhabilitation du réseau d'assainissement et du renouvellement du réseau d'eau potable sur le quartier de la voûte de l'hôpital à pons,fns,cmp2006,appeloffre,initial,Eau 17,17100,Saintes,,"['Alimentation en eau potable', 'Assainissement']","[6, 18]",non,non
36,20-57500,2020-04-27,2020-05-27,['17'],Maîtrise d'oeuvre pour 2 opérations d'extension de réseaux d'assainissement Communes de Médis et Meschers S/Gironde,mapa,cmp2006,appeloffre,initial,Agglomération Royan Atlantique,17200,Royan,,['Etude'],[118],non,non
37,20-57488,2020-04-27,2020-07-25,['17'],ACQUISITION D'UNE PELLE A PNEUS NEUVE D'UN POIDS EN ORDRE DE MARCHE COMPRIS ENTRE 10 ET 12 TONNES AVEC REPRISE OPTIONNELLE,fns,cmp2006,attribution,initial,CA ROCHEFORT OCEAN,17304,ROCHEFORT,"[('2020-03-16', 'M3', (141000, 'EUR'), None)]","['Equipement hydraulique', 'Equipements spécialisés']","[111, 115]",non,non
38,20-57318,2020-04-27,2020-05-11,['18'],INSPECTIONS SUBAQUATIQUES DES OUVRAGES D'ART 2020-2024,mapa,cmp2006,appeloffre,rectificatif,Conseil départemental du Cher,18023,BOURGES,,"[""Ouvrage d'art""]",[252],non,non
39,20-57303,2020-04-27,2020-06-27,['20A'],Rénovation de l'EHPAD de Porto-Vecchio,fns,cmp2006,appeloffre,rectificatif,Commune de Porto-Vecchio,20537,Porto-vecchio cedex,,['Bâtiment'],[33],non,non
40,20-57143,2020-04-27,2020-06-16,['21'],Conception de la scénographie et son environnement graphique de l'exposition 'A la table des Dijonnais',fns,cmp2006,appeloffre,initial,COMMUNE DE DIJON,21033,Dijon,,['Prestations de services'],[274],non,non
41,20-57135,2020-04-27,2020-05-31,['21'],Fourniture d'un ou plusieurs moyens de mesure d'effluents par spectrométrie alpha et d'un ordinateur équipé d'un logiciel de traitement des mesures. (rectificatif),fns,cmp2006DEFENSE,appeloffre,rectificatif,CIAT ENERGIE ATOMIQUE AUX ENERGIES ALT,21120,Is-sur-Tille,,"['Informatique (matériel)', 'Matériel électronique']","[162, 204]",non,non
42,20-57422,2020-04-27,2020-05-18,['22'],Dispositifs médicaux non stériles pour le compte du Groupement Pharmaceutique d'Armor,mapa,cmp2006,appeloffre,initial,CENTRE HOSPITALIER SAINT BRIEUC,22027,SAINT-BRIEUC,,"['Consommables médicaux', 'Produits pharmaceutiques']","[69, 280]",non,non
43,20-56119,2020-04-27,2020-06-02,['22'],construction d'un bâtiment modulaire 34/36 rue d'armor,fns,cmp2006,appeloffre,initial,Lamballe Terre & Mer,22404,Lamballe Armor Cedex,,['Bâtiments modulaires'],[27],non,non
44,20-57158,2020-04-27,2020-05-25,['22'],Vestiaires terrain de football la Roche Jaudy,fns,cmp2006,appeloffre,initial,Mairie de la Roche Jaudy,22450,La Roche Jaudy,,"['Assainissement', 'Carrelage', 'Charpente', 'Chauffage (travaux)', 'Couverture', 'Electricité (travaux)', 'Etanchéité', 'Gros oeuvre', 'Isolation', 'Menuiserie', 'Peinture (travaux)', 'Plomberie (travaux)', 'Sanitaire', 'Terrassement', 'Ventilation', 'Voirie et réseaux divers']","[18, 53, 57, 61, 74, 105, 117, 144, 169, 222, 264, 270, 319, 341, 360, 366]",non,non
45,20-57289,2020-04-27,2020-05-27,['23'],TRAVAUX SUITE A EXPERTISE BIBLIOTHEQUE MULTIMEDIA INTERCOMMUNALE SITUEE 28 AVENUE FAYOLLE A GUERET (23000) - 2eme PROCEDURE - LOT ELECTRICITE,fns,cmp2006,appeloffre,initial,CA DU GRAND GUERET,23006,GUERET Cedex,,['Electricité (travaux)'],[105],non,non
46,20-57468,2020-04-27,2020-06-02,['24'],"Route départementale no68, commune de CUBJAC, confortement du pont de Cubjac",fns,cmp2006,appeloffre,initial,Conseil Général de la Dordogne,24019,PERIGUEUX,,"[""Ouvrage d'art""]",[252],non,non
47,20-57529,2020-04-27,2020-06-02,['90'],Bourogne (90) - Quartier AILLERET - 1° RA - Bätiment 15 - Rénovation du club famille lot 3 : kiosque en bois,fns,cmp2006,appeloffre,initial,ESID de Metz,25027,Besancon,,['Abris'],[1],non,oui
48,20-57256,2020-04-27,2020-06-24,['25'],Fourniture et installation d'un analyseur thermogravimétrique,fns,cmp2006,appeloffre,initial,Université de Franche-Comté,25030,Besançon cedex,,"['Machines-outils', 'Matériel de précision']","[194, 215]",non,non
49,20-57290,2020-04-27,2020-06-12,['25'],Fourniture et pose d'un pont élévateur 2 fûts pour bus,mapa,cmp2006,appeloffre,initial,Pays de Montbéliard Agglomération,25208,MONTBELIARD Cedex,,['Matériel de manutention'],[208],non,non
50,20-57286,2020-04-27,2020-05-29,['25'],Révision de l'étude de danger des ouvrages de protection contre les inondations sur l'ensemble du territoire de Pays de Montbéliard Agglomération,mapa,cmp2006,appeloffre,initial,Pays de Montbéliard Agglomération,25208,MONTBELIARD Cedex,,"['Etude', 'Ingénierie']","[118, 455]",non,non
51,20-57465,2020-04-27,2020-06-12,['25'],"Diagnostic économique, comptable et financier de la délégation de service public des transports urbains",mapa,cmp2006,appeloffre,initial,Pays de Montbéliard Agglomération,25208,MONTBELIARD Cedex,,['Etude'],[118],non,non
52,20-57208,2020-04-27,2020-06-05,"['26', '84']",Délégation de service public par voie d'affermage de la gestion et de l'exploitation du cinéma 'le 7ème Art',dsp,dsp,appeloffre,initial,COMMUNE DE SAINT PAUL TROIS CHATEAUX,26130,Saint-Paul-Trois-Châteaux,,"['Vidéo, cinéma']",[362],non,non
53,20-57475,2020-04-27,2020-05-29,['26'],"Broyage, criblage des végétaux collectés en déchetteries",fns,cmp2006,appeloffre,rectificatif,COMMUNAUTE DE COMMUNES DU VAL DE DROME,26400,EURRE,,['Ordures ménagères (prestations)'],[249],non,non
54,20-57537,2020-04-27,2020-06-04,"['27', '76']",Numéro de la consultation : 2020CCPC07 Travaux d'entretien sur voiries de la Communauté de Communes,fns,cmp2006,appeloffre,initial,Communauté de Communes Pays de Conches,27190,CONCHES,,['Voirie'],[365],non,non
55,20-57270,2020-04-27,2020-05-29,"['27', '76', '14']",Entretien des espaces verts de la Communauté de Communes Roumois Seine,fns,cmp2006,appeloffre,initial,Communauté de Communes Roumois Seine,27310,Bourg-achard,,['Espaces verts'],[116],non,non
56,20-57486,2020-04-27,2020-07-25,['28'],REALISATION DE TRAVAUX D'ABATTAGE - TAILLE D'ARBRES ET DESTRUCTION DE NUISIBLES SUR LE DOMAINE ROUTIER DEPARTEMENTAL - Secteur Dunois - Perche et Beauce,fns,cmp2006,attribution,initial,Conseil général d'Eure et Loir,28028,Chartres,[],['Voirie'],[365],non,non
57,20-57379,2020-04-27,2020-06-12,"['28', '41']",réfection de la rue charles péguy,fns,cmp2006,appeloffre,initial,Commune de Fresnay-l'Evêque,28310,Fresnay l'Evêque,,['Voirie et réseaux divers'],[366],non,non
58,20-57430,2020-04-27,2020-05-04,['29'],etude pour l'installation au sol d'une centrale de production d'électricité à partir de l'énergie solaire - commune de landisiau - site de pen ar c'hoat,fns,cmp2006,appeloffre,rectificatif,Syndicat Départemental D'Energie 29,29000,Quimper,,['Photovoltaïque'],[476],non,non
59,20-57558,2020-04-27,2020-06-03,['29'],Acquisition d'un bus articulé thermique neuf,fns,cmp2006,appeloffre,initial,CA QUIMPER BRETAGNE OCCIDENTALE,29000,Quimper,,['Véhicules (acquisition)'],[475],non,oui
60,20-57417,2020-04-27,2020-05-05,['29'],marche de travaux realisation de centrales solaires photovoltaiques sur toiturescommune du folgoet - salle poylvalente,fns,cmp2006,appeloffre,rectificatif,Syndicat Départemental D'Energie 29,29000,Quimper,,['Photovoltaïque'],[476],non,non
61,20-57245,2020-04-27,2020-06-01,['29'],fourniture de petits matériels de bureau,fns,cmp2006,appeloffre,initial,CCPBS,29122,Pont-l'Abbé,,"['Articles de bureau et articles scolaires', 'Papeterie']","[16, 262]",oui,non
62,20-57449,2020-04-27,2020-06-04,['29'],dispositif accession jeune ménage : réalisation de diagnostic technique de logement,fns,cmp2006,appeloffre,initial,COMMUNAUTE LESNEVEN CÔTE DES LEGENDES,29260,Lesneven,,"['Assistance technique', 'Etude', 'Prestations de services', 'Ingénierie', 'Sondage, enquête']","[19, 118, 274, 455, 471]",non,non
63,20-57520,2020-04-27,2020-05-26,"['29', '22', '35', '56', '44']",Travaux de remplacement de couvertures en ardoises - Ecole primaire du Poan Ben à Morlaix,fns,cmp2006,appeloffre,initial,Ville de Morlaix,29671,Morlaix cedex,,['Couverture'],[74],non,non
64,20-57568,2020-04-27,2020-05-27,['30'],Réalisation d'une fouille archéologique préventive prescrite dans le périmètre des travaux de revitalisation du Vistre en amont de Caissargues (Moulin Villard).,fns,cmp2006,appeloffre,initial,EPTB VISTRE VISTRENQUE,30132,Caissargues,,['Fouille archéologique'],[450],non,non
65,20-57559,2020-04-27,2020-06-30,['30'],DIAGNOSTIC AMIANTE AVANT TRAVAUX DANS LESBATIMENTS COMMUNAUX ET VOIRIE,fns,cmp2006,appeloffre,initial,Ville de Pont Saint Esprit,30134,Pont saint esprit cedex,,['Amiante (diagnostic)'],[431],non,non
66,20-57257,2020-04-27,2020-05-15,['31'],RECONSTRUCTION DES BATIMENTS 8 et 14,fns,cmp2006,appeloffre,initial,MIN TOULOUSE OCCITANIE,31200,Toulouse,,"[""Tous corps d'état""]",[345],oui,non
67,20-57277,2020-04-27,2020-06-09,['31'],Fourniture et livraison de matériel et consommables techniques pour les ateliers municipaux,fns,cmp2006,appeloffre,initial,COMMUNE DE CUGNAUX,31270,Cugnaux,,['Pièces détachées'],[266],non,non
68,20-57407,2020-04-27,2020-06-16,['31'],Prestations de maintenance préventive et curative des équipements de blanchisserie,fns,cmp2006,appeloffre,initial,COMMUNE DE CUGNAUX,31270,Cugnaux,,['Maintenance'],[196],non,non
69,20-57494,2020-04-27,2020-06-03,['31'],MISSION DE CONTROLE TECHNIQUE ET MISSION DE COORDINATION EN MATIERE DE SECURITE ET DE PROTECTION DE LA SANTE DES TRAVAILLEURS POUR LA CREATION D'UNE EXTENSION ET RESTRUCTURATION DU SIEGE SOCIAL D,fns,cmp2006,appeloffre,initial,Urssaf Midi-Pyrénées,31670,Labège innopole,,['Prestations de services'],[274],non,non
70,20-57236,2020-04-27,2020-05-12,['31'],TRAVAUX DE CONSTRUCTION ET INSTALLATION DE VESTIAIRES SPORTIFS SUR LE COMPLEXE SPORTIF ANDROMÈDE,fns,cmp2006,appeloffre,rectificatif,Ville de Blagnac,31700,BLAGNAC,,['Bâtiments modulaires'],[27],non,non
71,20-57505,2020-04-27,2020-07-15,['23'],SGAMI33-2020-30-TX Mise aux normes électriques des logements et communs des brigades de Pontarion- Boussac et Bourganeuf (23),fns,cmp2006,appeloffre,rectificatif,SGAP Sud Ouest,33041,Bordeaux,,['Matériel électrique'],[203],non,oui
72,20-57405,2020-04-27,2020-06-13,['33'],Mise en conformité du réseau de ventilation et désenfumage du stand de tir de l'Hôtel de Police de Bordeaux (33),fns,cmp2006,appeloffre,rectificatif,SGAP Sud Ouest,33041,Bordeaux,,['Ventilation'],[360],non,non
73,20-57455,2020-04-27,2020-07-15,['33'],Nettoyage des installations techniques et de la toiture-terrasse au R+7 de l'Hôtel de Police de Bordeaux (33),mapa,cmp2006,appeloffre,rectificatif,SGAP Sud Ouest,33041,Bordeaux,,['Nettoyage de locaux'],[239],non,oui
74,20-57287,2020-04-27,2020-07-01,"['33', '40']","Empierrement de piste pour 2 620 ml,Reprise de fossés bordiers pour 6 110 ml,,Mise en place de passages busés D500 pour 35 ml, D800 pour 38,4 ml,Confection de 5 dos d'âne.",fns,cmp2006,appeloffre,initial,FEDERATION GIRONDINE DES ASA DE DFCI,33075,Bordeaux cedex,,['Travaux forestiers'],[350],non,non
75,20-57361,2020-04-27,2020-06-08,['33'],"fourniture, installation et mise en service de toilettes automatiques pour le compte de la ville de biganos (33380)",fns,cmp2006,appeloffre,initial,Ville de Biganos,33380,Biganos,,"['Gros oeuvre', 'Sanitaire']","[144, 319]",non,non
76,20-57542,2020-04-27,2020-05-07,['33'],Location de 12 Bungalows modulaires pour une durée de 18 mois,fns,cmp2006,appeloffre,rectificatif,CHU DE BORDEAUX,33400,TALENCE,,['Prestations de services'],[274],non,non
77,20-57538,2020-04-27,2020-05-07,['33'],Travaux de désamiantage avant démolition des bâtiments CDS et GRANGES,fns,cmp2006,appeloffre,rectificatif,CHU DE BORDEAUX,33400,TALENCE,,['Travaux de viabilité'],[353],non,non
78,20-56654,2020-04-27,2020-05-27,"['33', '47']","travaux d'aménagement en r+2 du bâtiment de "" l'institut du pin "" à agen",fns,cmp2006,appeloffre,initial,Université de Bordeaux,33405,Talence,,"['Bâtiment', 'Chauffage (travaux)', 'Climatisation', 'Electricité (travaux)', 'Maçonnerie', 'Peinture (travaux)', 'Plâtrerie', 'Plomberie (travaux)', 'Revêtements de sols', 'Revêtements muraux', 'Serrurerie', 'Ventilation']","[33, 61, 62, 105, 195, 264, 269, 270, 308, 309, 321, 360]",non,non
79,20-57573,2020-04-27,2020-05-22,['34'],Numéro de la consultation : 20STPB08 RD612 Dénivellation du giratoire de l'Ardide - Section Mise à 2x1 voie de la RD64 - Maitrise d'oeuvre PRO ACT,fns,cmp2006,appeloffre,initial,Conseil départemental de l'Hérault,34087,MONTPELLIER,,"[""Maîtrise d'oeuvre""]",[197],non,non
80,20-55981,2020-04-27,2020-06-27,['34'],pic natura - réhabilitation des bâtiments c et den restaurant,fns,cmp2006,attribution,initial,Cté Cnes du Grand Pic St Loup,34270,Saint Mathieu de Tréviers,,"['Carrelage', 'Charpente', 'Chauffage (travaux)', 'Climatisation', 'Cloison, faux plafond', 'Electricité (travaux)', 'Etanchéité', 'Gros oeuvre', 'Menuiserie', 'Peinture (travaux)', 'Plâtrerie', 'Plomberie (travaux)', ""Tous corps d'état"", 'Ventilation']","[53, 57, 61, 62, 63, 105, 117, 144, 222, 264, 269, 270, 345, 360]",non,non
81,20-57397,2020-04-27,2020-06-27,['34'],construction d'un gymnase au pôle sportif intercommunal zae st sauveur,fns,cmp2006,attribution,initial,Cté Cnes du Grand Pic St Loup,34270,Saint-Mathieu-de-Tréviers,,"['Bardage', 'Carrelage', 'Charpente', 'Climatisation', 'Couverture', 'Electricité (travaux)', 'Etanchéité', 'Gros oeuvre', 'Menuiserie', 'Plomberie (travaux)', 'Réseaux divers', 'Revêtements de sols', 'Serrurerie', 'Terrassement', ""Tous corps d'état"", 'Ventilation', 'Voirie']","[30, 53, 57, 62, 74, 105, 117, 144, 222, 270, 306, 308, 321, 341, 345, 360, 365]",non,non
82,20-57531,2020-04-27,2020-06-16,['34'],20020 ACCORD CADRE DE PRESTATION DE SERVICES POUR LA SURVEILLANCE ET SECURITE DU PORT DE CARNON,fns,cmp2006,appeloffre,initial,MAIRIE DE MAUGUIO CARNON,34280,CARNON,,['Surveillance'],[331],non,non
83,20-57472,2020-04-27,2020-06-16,['34'],Numéro de la consultation : 2020-04 Accord-cadre à bons de commande pour la fourniture et la livraison de repas en liaison froide pour la restauration scolaire,fns,cmp2006,appeloffre,initial,Ville de Bassan,34290,Bassan,,"['Repas, traiteur']",[304],non,oui
84,20-57498,2020-04-27,2020-05-28,"['34', '12']","FORMATION A LA PREVENTION DES RISQUES LIES A L'AMIANTE POUR LE CHU DE MONTPELLIER, ETABLISSEMENT SUPPORT DU GROUPEMENT HOSPITALIER DE TERRITOIRE 'EST-HERAULT ET SUD-AVEYRON' (GHT EHSA)",fns,cmp2006,appeloffre,initial,CHU DE MONTPELLIER,34295,Montpellier cedex 5,,"['Amiante', 'Formation']","[24, 410]",non,non
85,20-57147,2020-04-27,2020-05-19,['34'],"Mission d'accompagnement pour la mise en oeuvre d'une campagne de ravalement de façades, et de réfection de façades commerciales.",fns,cmp2006,appeloffre,initial,Ville de Béziers,34508,Béziers cedex,,['Etude'],[118],non,non
86,20-57275,2020-04-27,2020-05-29,"['22', '35', '29', '56']","Travaux de désamiantage et de déconstruction d'un ensemble de bâtiments sis 12-14, rue de Brocéliande à Eréac (22).",fns,cmp2006,appeloffre,rectificatif,Etablissement public foncier Bretagne,35207,Rennes cedex 2,,"['Curage', 'Démolition', 'Amiante (désamiantage)']","[78, 87, 479]",non,oui
87,20-57184,2020-04-27,2020-05-27,['35'],création d'un terrain de football synthétique et équipements sportifs connexes,fns,cmp2006,attribution,initial,Mairie Argentré du Plessis,35370,Argentré du Plessis,"[('2020-04-09', 'Pigeon T.P Loire Anjou', (736499.0, 'EUR'), None), ('2020-04-09', 'Citeos Rennes Lucitea Ouest SAS', (58844.6, 'EUR'), None)]","['Assainissement', 'Eclairage public', 'Terrassement', 'Terrain de sport']","[18, 102, 341, 342]",non,non
88,20-57575,2020-04-27,2020-05-20,['38'],COLLEGE MALRAUX A VOREPPE : TRAVAUX D'AMELIORATION DE LA LAVERIE ET DE LA PLONGE,mapa,cmp2006,appeloffre,initial,DEPARTEMENT DE L ISERE,38022,Grenoble,,"['Carrelage', 'Chauffage (travaux)', 'Cuisine (équipement)', 'Electricité (travaux)', 'Plomberie (travaux)']","[53, 61, 77, 105, 270]",non,non
89,20-57536,2020-04-27,2020-05-20,['38'],Evaluation de candidatures au poste de conducteur receveur,fns,cmp2006,attribution,initial,SOC ECONOMIE MIXTE TRPT PUB AGLOMERATI,38044,Grenoble,"[('2020-03-12', 'SOLERYS', (102790.0, 'EUR'), None)]",['Transport'],[347],oui,oui
90,20-57515,2020-04-27,2020-05-20,['38'],Renouvellement du système informatique d'administration des ventes (appelé système ADV).,fns,cmp2006,attribution,initial,SOC ECONOMIE MIXTE TRPT PUB AGLOMERATI,38044,Grenoble,,['Logiciel'],[186],oui,oui
91,20-57362,2020-04-27,2020-05-26,['38'],Accord cadre pour des travaux de revêtement des sols des aires collectives de jeux et des terrains multisports,fns,cmp2006,appeloffre,initial,Ville de Villefontaine,38093,Villefontaine cedex,,['Aire de jeux'],[400],non,non
92,20-57599,2020-04-27,2020-05-18,['38'],LOCATION ET MAINTENANCE DE COPIEURS MULTIFONCTIONS ET IMPRIMANTES,fns,cmp2006,appeloffre,rectificatif,VILLE D'ECHIROLLES,38433,ECHIROLLES,,"[""Matériel d'imprimerie""]",[211],non,non
93,20-57442,2020-04-27,2020-05-29,['40'],Prestation d'agence immobilière pour la mise en vente du château de Poyanne et ses dépendances,fns,cmp2006,appeloffre,initial,Conseil Général des Landes,40025,Mont-de-Marsan Cedex,,['Prestations de services'],[274],non,non
94,20-57561,2020-04-27,2020-06-02,['40'],"Construction de réseaux d'eaux usées et d'un poste de refoulement eaux usées sur la commune de Soorts-Hossegor,",fns,cmp2006,appeloffre,initial,Ville d'Hossegor,40150,Hossegor,,['Assainissement'],[18],non,non
95,20-57141,2020-04-27,2020-06-03,['40'],"Travaux sur la chaudière vapeur (55 bars, 38t/h et 415 °C) de lUnité de Valorisation Energétique de Bénesse Maremne (2 lots)",fns,cmp2006,appeloffre,initial,SITCOM Côte Sud des Landes,40230,BENESSE MAREMNE,,['Chaudronnerie'],[58],non,non
96,20-54388,2020-04-27,2020-06-11,['41'],mapa espaces verts pour le compte du GHT41,fns,cmp2006,appeloffre,initial,Centre Hospitalier de Blois,41016,Blois,,['Espaces verts'],[116],non,non
97,20-57132,2020-04-27,2020-05-20,"['42', '69', '71']",Travaux d'assainissement en vue de l'élimination d'eau claire parasite au poste de refoulement en amont de la station d'épuration de la ville de Charlieu,fns,cmp2006,appeloffre,initial,Ville de Charlieu,42190,CHARLIEU,,"['Assainissement', 'Terrassement']","[18, 341]",non,non
98,20-57229,2020-04-27,2020-05-27,['43'],"Numéro de la consultation : HC - 2020059 Suivi et fourniture de pneumatiques pour les services de la Communauté d'Agglomération, du Centre Communal d'Action Sociale (C.C.A.S.) et de la Ville",fns,cmp2006,appeloffre,initial,COMMUNAUTE D AGL DU PUY EN VELAY,43003,Le Puy en Velay,,['Pneumatiques'],[271],non,non
99,20-57171,2020-04-27,2020-06-15,['44'],restructuration et extension du groupe scolaire alain fournier à nantes,fns,cmp2006,appeloffre,rectificatif,COMMUNE DE NANTES,44094,Nantes cedex 1,,['Bâtiment'],[33],non,non
100,20-57383,2020-04-27,2020-06-29,['44'],Fourniture de bois brut.,fns,cmp2006,appeloffre,initial,GPM de Nantes - St Nazaire,44186,Nantes cedex 4,,['Bois'],[38],non,non
101,20-57604,2020-04-27,2020-05-22,['44'],Fourniture et maintenance de défibrillateurs pour la Ville d'Orvault,fns,cmp2006,appeloffre,initial,Ville d'Orvault,44700,ORVAULT,,['Matériel de sécurité'],[209],non,non
102,20-56707,2020-04-27,2020-05-15,['44'],remplacement des fauteuils du planétarium de nantes.,mapa,cmp2006,appeloffre,initial,Nantes Métropole,44923,Nantes cedex 9,,['Mobilier'],[230],non,non
103,20-57454,2020-04-27,2020-05-13,['44'],relance - travaux d'aménagement des espaces publics de feydeau - commerce à nantes - lot 7 : édicule d'ascenseur (rectificatif),fns,cmp2006,appeloffre,rectificatif,Nantes Métropole,44923,Nantes cedex 9,,['Ascenseur'],[17],non,non
104,20-57206,2020-04-27,2020-06-25,['44'],Opération de travaux de réhabilitation et d'aménagement de locaux de traite de la ferme expérimentale de Derval (44),fns,cmp2006,appeloffre,initial,Chambre agriculture 44,44939,NANTES cedex 9,,"['Charpente', 'Couverture', 'Démolition', 'Electricité (travaux)', 'Gros oeuvre', 'Menuiserie', 'Peinture (travaux)', 'Plâtrerie', 'Revêtements muraux', 'Terrassement', 'Travaux agricoles', 'Voirie et réseaux divers']","[57, 74, 87, 105, 144, 222, 264, 269, 309, 341, 348, 366]",non,non
105,20-57450,2020-04-27,2020-06-15,['44'],"Location et entretien d'articles textiles d'hébergement, de restauration ou de cuisine et de vêtements professionnels pour le service restauration et logistique de la Région des Pays de la L",fns,cmp2006,appeloffre,initial,Conseil régional des Pays de la Loire,44966,Nantes cedex 9,,['Blanchissage'],[36],oui,non
106,20-57097,2020-04-27,2020-05-26,['45'],DRFIP45huissiers PCA2020,joue,directive24,appeloffre,initial,DRFIP 45,45032,Orléans cedex 1,,['Prestations de services'],[274],non,non
107,20-57436,2020-04-27,2020-05-27,['45'],Conception et réalisation de produits d'information et de communication : documents d'information et livrets de vulgarisation (deux lots).,mapa,cmp2006,appeloffre,initial,Etablissement Public Loire,45057,Orléans Cedex,,"['Edition', 'Prestations de services', 'Publicité, Communication']","[104, 274, 285]",non,non
108,20-57602,2020-04-27,2020-05-28,"['45', '18', '58']","Mise en place d'un plan de circulation de crise des véhicules légers et poids lourds en période d'inondation(PAPI des vals de Loire dans la Nièvre, le Cher et le Giennois)",mapa,cmp2006,appeloffre,initial,Etablissement Public Loire,45057,Orléans Cedex,,"['Etude', 'Prestations de services', 'Voirie et réseaux divers']","[118, 274, 366]",non,non
109,20-57490,2020-04-27,2020-07-01,['45'],Travaux de désamiantage dans le cadre du projet de restructuration des urgences et des blocs opératoires,fns,cmp2006,appeloffre,initial,CENTRE HOSPITALIER REGIONAL D ORLEANS,45200,Amilly,,['Amiante (désamiantage)'],[479],non,non
110,20-57557,2020-04-27,2020-05-26,['45'],RENOVATION DU BATIMENT SITUE 15 RUE DU LION D'O,fns,cmp2006,appeloffre,initial,COMMUNE FERRIERES EN GATINAIS,45210,Ferrieres en gatinais,,['Gros oeuvre'],[144],non,non
111,20-57463,2020-04-27,2020-06-23,['45'],CONSTRUCTION D'UN EQUIPEMENT SPORTIF A LA CHAPELLE SAINT MESMIN,fns,cmp2006,appeloffre,initial,Ville de La Chapelle Saint Mesmin,45380,La Chapelle Saint Mesmin,,['Bâtiment'],[33],non,non
112,20-57167,2020-04-27,2020-05-26,['47'],Mise en accessibilité et création de 2 ascenseurs,fns,cmp2006,appeloffre,initial,SEM 47,47000,Agen,,['Maintenance'],[196],non,non
113,20-56645,2020-04-27,2020-08-14,['48'],Travaux de réparation de routes communales et intercommunales sur le Département de la Lozère,joue,directive24,appeloffre,initial,SDEE de la Lozère,48000,MENDE,,['Voirie'],[365],non,non
114,20-57282,2020-04-27,2020-05-25,['49'],Travaux de rénovation du sol sportif du gymnase de la Venaiserie,fns,cmp2006,appeloffre,initial,Saint Barthélemy d'Anjou,49180,Saint Barthélemy d'Anjou cedex,,"['Equipement sportif', 'Peinture (travaux)', 'Revêtements de sols', 'Terrain de sport']","[113, 264, 308, 342]",non,non
115,20-57322,2020-04-27,2020-06-17,['49'],Assurance dommages ouvragerelative aux travaux de créationd'une Maison de santépluridisciplinaire,fns,cmp2006,appeloffre,initial,Comm Comm de Doué la Fontaine,49700,Doué-en-anjou,,['Assurance'],[20],non,non
116,20-57419,2020-04-27,2020-06-04,['51'],"Numéro de la consultation : 20-réno4pavillons Rénovation de 4 pavillons situés au 66 rue Vercingétorix, 3 rue Daubenton, 48 rue Charlier et 24 rue du Châlet- 51100 REIMS",fns,cmp2006,appeloffre,initial,REIMS HABITAT CHAMPAGNE ARDENNE OFFICE,51100,Reims,,"['Chauffage (travaux)', 'Electricité (travaux)', 'Gros oeuvre', 'Peinture (travaux)', 'Plomberie (travaux)']","[61, 105, 144, 264, 270]",non,non
117,20-57252,2020-04-27,2020-05-28,['51'],2020-06MR - Mardeuil - programme de voirie 2020,fns,cmp2006,appeloffre,initial,Mairie de Mardeuil,51530,Mardeuil,,['Voirie'],[365],non,non
118,20-57485,2020-04-27,2020-05-20,"['51', '55', '8', '54']",création d'un réseau de mares au sein du vallon du ruisseau de ribeaupuits sur la commune de vaubecourt (55).,mapa,cmp2006,appeloffre,initial,SMAVAS,51800,Sainte Ménéhould,,"['Rivières/ruisseaux', 'Terrassement']","[310, 341]",non,non
119,20-57162,2020-04-27,2020-05-05,['51'],travaux d'aménagement d'une voirie de desserte et réseaux sur le territoire de la commune de Sainte Menehould,fns,cmp2006,appeloffre,initial,CC DE L ARGONNE CHAMPENOISE,51800,SAINTE MENEHOULD,,"[""Ouvrage d'art"", ""Ouvrage d'infrastructure"", 'Voirie', 'Voirie et réseaux divers']","[252, 253, 365, 366]",non,non
120,20-57473,2020-04-27,2020-05-20,['52'],"Travaux d'entretien de couverture, charpente, étanchéité, zinguerie sur divers bâtiments",fns,cmp2006,appeloffre,initial,VILLE DE CHAUMONT,52000,CHAUMONT,,"['Charpente', 'Couverture', 'Zinguerie']","[57, 74, 372]",non,non
121,20-57609,2020-04-27,2020-06-16,['52'],RESTAURATION DE L'ORGUE DE CH¼UR DE L'EGLISE NOTRE-DAME DE SAINT-DIZIER-.,fns,cmp2006,appeloffre,initial,Ville de Saint-Dizier,52100,SAINT-DIZIER,,"[""Tous corps d'état""]",[345],non,non
122,20-57176,2020-04-27,2020-05-25,"['52', '8', '10', '51', '54', '55', '57', '88', '70']",Le présent marché concerne l'exécution de travaux relatifs à la réfection généralisée de routes forestières en forêts domaniales du DER (route forestière du Haras) et de LA GARENNE-DE-LUZY (route,fns,cmp2006,appeloffre,initial,OFFICE NATIONAL DES FORETS,52130,Wassy,,"[""Ouvrage d'infrastructure""]",[253],non,non
123,20-57157,2020-04-27,2020-05-25,['52'],TRAVAUX DE VOIRIE GENERALE 2020-.,fns,cmp2006,appeloffre,initial,COM COMMUNES AUBERIVE VINGEANNE MONTSA,52190,LE MONTSAUGEONNAIS,,"[""Ouvrage d'infrastructure""]",[253],non,non
124,20-57563,2020-04-27,2020-05-28,"['53', '44', '49', '72', '35', '85']",Restructuration du réseau pluvial et d'un bassin de rétention en amont de la rue Alain Gerbault.,fns,cmp2006,appeloffre,initial,Ville de Saint Berthevin,53942,Saint berthevin cedex,,['Réseaux divers'],[306],non,non
125,20-57332,2020-04-27,2020-06-04,['55'],vérification et maintenance des systèmes de sécurité incendie des bâtiments du département de la meuse (dce téléchargeable gratuitement sur https://profilacheteur.meuse.fr).,fns,cmp2006,appeloffre,initial,Conseil départemental de la Meuse,55000,Bar-le-Duc,,"['Détection incendie', 'Extincteur', ""Matériel de secours et d'incendie"", 'Sécurité incendie']","[90, 119, 217, 332]",non,non
126,20-57294,2020-04-27,2020-05-29,['56'],Numéro de la consultation : 2020017 Marché de travaux pour la réhabilitation légère de 330 appartements à Kervénanec,fns,cmp2006,appeloffre,rectificatif,OFFICE PUB HABITAT COM AGGL PAYS LORIE,56325,LORIENT,,['Bâtiment'],[33],non,non
127,20-57579,2020-04-27,2020-05-28,['57'],SPECTACLE PYROTECHNIQUE ET MUSICAL,mapa,cmp2006,appeloffre,initial,Ville de Metz,57036,METZ,,"[""Feu d'artifice"", 'Spectacle']","[447, 472]",non,non
128,20-57365,2020-04-27,2020-05-29,['57'],ÉTUDE ET CONCEPTION GRAPHIQUE DU PROJET DE SIGNALETIQUE DE LA MAISON DE LA MÉTROPOLE,mapa,cmp2006,appeloffre,rectificatif,METZ METROPOLE,57071,Metz,,"['Etude', 'Prestations de services', 'Publicité, Communication', 'Ingénierie']","[118, 274, 285, 455]",non,non
129,20-57172,2020-04-27,2020-05-27,"['57', '54']",MAINTENANCE DES MATERIELS DE PRODUCTION ALIMENTAIRE POUR LE GHT LORRAINE NORD,fns,cmp2006,appeloffre,rectificatif,CHR METZ THIONVILLE,57085,Metz cedex 03,,['Maintenance'],[196],non,non
130,20-57467,2020-04-27,2020-05-25,['57'],Acquisition de véhicules pour la Communauté d'Agglomération Portes de France - Thionville,fns,cmp2006,appeloffre,initial,COMMUNAUTE AGGLO PORTES DE FRANCE,57972,Yutz,,['Véhicules (acquisition)'],[475],non,non
131,20-57308,2020-04-27,2020-06-02,"['59', '62']","Le présent marché, sous maîtrise d'ouvrage de La fabrique des quartiers agissant au nom et pour le compte de la Ville de Lille, a pour objet les travaux de réhabilitation complète de 12 maisons d",fns,cmp2006,appeloffre,rectificatif,Lille Métropole Amélioration de L'Habi,59000,Lille,,"['Charpente', 'Gros oeuvre', 'Menuiserie', 'Peinture (travaux)', 'Plâtrerie']","[57, 144, 222, 264, 269]",non,non
132,20-57093,2020-04-27,2020-05-29,"['59', '62']","Marche D'Insertion Et De Qualification Professionnelles Ayant Comme Support L'Animation Et La Gestion Des Parcs, Squares Et Espaces Ludiques De Proximite Sur La Ville De Roubaix",joue,autre,rectificatif,rectificatif,COMMUNE DE ROUBAIX,59066,Roubaix,,"['Espaces verts', 'Mise à disposition de personnel']","[116, 461]",non,non
133,20-57580,2020-04-27,2020-05-29,"['59', '62']",TRANSPORT DES USAGERS DE L'ACCUEIL DE JOUR LA GLORIETTE,fns,cmp2006,appeloffre,rectificatif,CENTRE COMMUNAL D ACTION SOCIALE,59100,ROUBAIX,,['Transport'],[347],non,non
134,20-57378,2020-04-27,2020-05-27,['59'],"MAINTENANCE DES CIRCUITS HYDRAULIQUES SUR LES SITES DE DUNKERQUE, HALLUIN ET LILLE LOOS",fns,cmp2006,attribution,initial,TRISELEC,59250,Halluin,,"['Equipement hydraulique', 'Maintenance']","[111, 196]",non,non
135,20-51371,2020-04-27,2020-06-22,"['59', '62']",pose d'une station de refoulement - rue berthe garnier à douai,fns,cmp2006,appeloffre,initial,Douaisis Agglo,59351,Douai cedex,,['Station de refoulement'],[334],non,oui
136,20-57396,2020-04-27,2020-06-27,['59'],Mise à disposition et maintenance de jeux sur la plage durant la saison estivale,fns,cmp2006,attribution,initial,Ville de Dunkerque,59386,Dunkerque,,"['Jeux, jouets', 'Location (matériels)']","[175, 185]",non,non
137,20-33777,2020-04-27,2020-05-29,['59'],fourniture et acheminement d'électricité et services publics associés pour les bâtiments communaux de la ville de st amand les eaux dont la puissance souscrite est supérieure à 36 kva.,fns,cmp2006,appeloffre,initial,Ville de Saint-Amand-les-Eaux,59734,Saint-Amand-Les-Eaux Cedex,,"['Electricité, gaz (fourniture)']",[443],non,non
138,20-43647,2020-04-27,2020-06-12,"['59', '62']",campagne les hesdin,mapa,cmp2006,appeloffre,initial,ETS PUBLIC FONCIER NORD PAS DE CALAIS,59777,Euralille,,"[""Maîtrise d'oeuvre""]",[197],non,non
139,20-57195,2020-04-27,2020-06-15,"['59', '62']",restauration intérieure et extérieure de la poudrière du marquis d'asfeld (rectificatif),fns,cmp2006,appeloffre,rectificatif,COMMUNE DE GRAVELINES,59820,Gravelines,,"['Charpente', 'Couverture', 'Electricité (travaux)', 'Gros oeuvre', 'Maçonnerie']","[57, 74, 105, 144, 195]",non,non
140,20-57487,2020-04-27,2020-07-25,['59'],"Numéro de la consultation : 2019-MAI-0052 Travaux d'entretien, de réfection et de création de voiries, parking et cours",fns,cmp2006,attribution,initial,COMMUNE DE LAMBERSART,59831,LAMBERSART,,['Voirie'],[365],non,non
141,20-48038,2020-04-27,2020-05-27,['60'],fourniture et livraison de couches et de produits d'hygiène infantile pour les structures petite enfance de la ville de creil,fns,cmp2006,appeloffre,initial,Ville de Creil,60109,Creil cedex,,"['Couches', 'Hygiène (articles)']","[73, 153]",non,non
142,20-57381,2020-04-27,2020-05-13,['60'],Remplacement des radiateurs du groupe scolaire de l'Obier.,mapa,cmp2006,appeloffre,initial,COMMUNE DE NOGENT SUR OISE,60181,Nogent-sur-Oise Cedex,,['Chauffage (travaux)'],[61],non,non
143,20-57404,2020-04-27,2020-05-27,['60'],Entretien des voiries et réseaux de la Communauté de Communes du Pays de Valois,fns,cmp2006,appeloffre,initial,CC Pays de Valois,60800,Crépy-en-Valois,,"['Voirie', 'Voirie et réseaux divers']","[365, 366]",non,non
144,20-57380,2020-04-27,2020-06-02,"['62', '59']",Travaux d'aménagement d'un parking de délestage et d'un parc à terres,fns,cmp2006,appeloffre,rectificatif,Ville de Calais,62100,Calais,,['Voirie'],[365],non,non
145,20-57207,2020-04-27,2020-05-25,['64'],Prestations de services d'assurances pour le Centre hospitalier de Pau (rectificatif),fns,cmp2006,appeloffre,rectificatif,Centre Hospitalier de Pau,64046,Pau CEDEX,,['Assurance'],[20],non,non
146,20-57295,2020-04-27,2020-06-01,['64'],Filères boues des stations d'épuration de Aroue et de Garris,fns,cmp2006,appeloffre,rectificatif,CA DU PAYS BASQUE,64185,BAYONNE CEDEX,,"[""Station d'épuration (travaux)""]",[328],non,non
147,20-57358,2020-04-27,2020-05-27,['65'],Recalibrage de la RD902 du PR4+665 au PR5+200 - Bordères sur l'Echez,fns,cmp2006,appeloffre,initial,DEPARTEMENT HAUTES-PYRENEES,65013,TARBES,,['Voirie'],[365],non,non
148,20-57576,2020-04-27,2020-05-18,['65'],TRAVAUX DE RÉHABILITATION DE L'ECOLE CLAIR VALLON,fns,cmp2006,appeloffre,initial,Ville de Bagnères-de-Bigorre,65201,Bagnères de Bigorre,,"['Démolition', 'Gros oeuvre', 'Isolation', 'Maçonnerie', 'Plomberie (travaux)']","[87, 144, 169, 195, 270]",non,non
149,20-57483,2020-04-27,2020-05-18,['65'],Accompagnement digital Hautes-Pyrénées 2020 - 2021,mapa,cmp2006,appeloffre,initial,Hautes-Pyrénées Tourisme Environnement,65950,Tarbes,,['Prestations de services'],[274],non,non
150,20-57373,2020-04-27,2020-05-27,['66'],Fournitures,fns,cmp2006,appeloffre,initial,Mairie Saint-Cyprien,66750,Saint-Cyprien,,"['Electroménager', ""Produits d'entretien"", 'Vaisselle']","[108, 278, 357]",non,non
151,20-57335,2020-04-27,2020-05-29,['67'],Mission de Commissariat aux Comptes (titulaire et suppléant) pour les exercices comptables 2020 à 2025 de la Sté R.E.T.,fns,cmp2006,appeloffre,initial,Port Autonome de Strasbourg,67002,STRASBOURG CEDEX,,"['Audit', 'Expertise comptable']","[21, 446]",non,non
152,20-57334,2020-04-27,2020-05-29,['67'],Mission de Commissariat aux Comptes (titulaire et suppléant) pour les exercices comptables 2020 à 2025,fns,cmp2006,appeloffre,initial,Port Autonome de Strasbourg,67100,STRASBOURG,,['Expertise comptable'],[446],non,non
153,20-57382,2020-04-27,2020-05-24,['67'],Marchés de travaux (Démolition/Déconstruction) pour la construction de l'école élémentaire passive Libermann à Illkirch-Graffenstaden,fns,cmp2006,appeloffre,initial,Illkirch-Graffenstaden,67401,Illkirch cedex,,"['Démolition', ""Tous corps d'état"", 'Amiante (désamiantage)']","[87, 345, 479]",non,non
154,20-57552,2020-04-27,2020-05-27,['67'],"Hébergement, maintenance et évolution du site internet du SMICTOM d'Alsace Centrale",mapa,cmp2006,attribution,initial,SMICTOM d'Alsace Centrale,67750,Scherwiller,[],['Site internet'],[171],non,non
155,20-57351,2020-04-27,2020-05-27,['67'],Extension de l'aire de jeux aux 7 écluses à plobsheim,mapa,cmp2006,attribution,initial,DEPARTEMENT DU BAS RHIN,67964,STRASBOURG Cedex 9,,['Aire de jeux'],[400],non,non
156,20-54509,2020-04-27,2020-06-02,['67'],travaux de menuiserie intérieure bois dans la salle plénière de l'hôtel du département au conseil départemental dubas-rhin,fns,cmp2006,appeloffre,initial,DEPARTEMENT DU BAS RHIN,67964,Strasbourg cedex 9,,['Menuiserie'],[222],non,non
157,20-57146,2020-04-27,2020-06-01,['67'],Rénovation de la cuisine au collège de Soultz-sous-Forêts - relance du lot 03 : résine,fns,cmp2006,attribution,initial,DEPARTEMENT DU BAS RHIN,67964,Strasbourg Cedex 9,"[('2020-04-20', 'FRANCE RESINE', (36219.48, 'EUR'), None)]",['Revêtements de sols'],[308],non,non
158,20-57187,2020-04-27,2020-06-05,['68'],Accord-cadre à bons de commande pour la fourniture de matériel de jalonnement dynamique de parking,fns,cmp2006,appeloffre,initial,VILLE DE COLMAR,68021,Colmar cedex,,['Signalisation'],[322],non,non
159,20-57612,2020-04-27,2020-05-26,['68'],"Les travaux objet de la présente consultation, consistent à rénover énergétiquement le bâtiment A, réaménager l'intérieur de certains locaux, réorganiser les extérieurs avec une mise en valeur du",fns,cmp2006,appeloffre,initial,Université de Haute-Alsace,68093,Mulhouse cedex,,['Bâtiment'],[33],non,non
160,20-57129,2020-04-27,2020-06-29,['69'],mission d'assistance pour l'animation club développement durable,fns,cmp2006,appeloffre,initial,Métropole de Lyon,69003,Lyon,,"[""Assistance à maîtrise d'ouvrage""]",[433],non,non
161,20-57571,2020-04-27,2020-06-11,['69'],Acquisition d'une nouvelle balayeuse aspiratrice de voirie par la Ville de Tarare,fns,cmp2006,appeloffre,initial,COMMUNE DE TARARE,69173,Tarare,,"['Prestations de services', 'Véhicules (acquisition)']","[274, 475]",non,non
162,20-57314,2020-04-27,2020-05-28,['69'],FOURNITURE D'UNE SOLUTION DE COMPTAGE DE FREQUENTATION EXTERIEUR DES CYCLES/PIETONS ET PRESTATIONS ANNEXES POUR LA VILLE DE LYON,fns,cmp2006,appeloffre,initial,Ville de Lyon,69205,Lyon cedex 01,,"['Logiciel', 'Surveillance']","[186, 331]",non,non
163,20-57551,2020-04-27,2020-05-28,['69'],Travaux de restauration hydromorphologique de la Turdine dans la traversée de la Zone d'Activités de Tarare ouest,fns,cmp2006,appeloffre,initial,Syndicat de Rivières Brévenne-Turdine,69210,L'ARBRESLE,,['Ouvrage hydraulique'],[255],non,oui
164,20-57159,2020-04-27,2020-05-29,"['74', '69', '1']",travaux de démolition et de construction de l'aubette commerciale de sortie de la brigade des douanes de saint-julien bardonnex,mapa,cmp2006,appeloffre,initial,DI Douane Auvergne Rhone Alpes,69215,LYON cedex 02,,"['Bardage', 'Bâtiment', 'Charpente', 'Climatisation', 'Couverture', 'Electricité (travaux)', 'Etanchéité', 'Gros oeuvre', 'Menuiserie', 'Peinture (travaux)', 'Plâtrerie', 'Plomberie (travaux)', 'Revêtements de sols', 'Revêtements muraux', 'Serrurerie', 'Ventilation', 'Voirie et réseaux divers']","[30, 33, 57, 62, 74, 105, 117, 144, 222, 264, 269, 270, 308, 309, 321, 360, 366]",non,non
165,20-57191,2020-04-27,2020-05-29,"['74', '69', '73']",travaux de réaménagement des locaux de la direction régionale des douanes d'annecy liés à l'installation de la brigade de surveillance intérieure d'annecy,mapa,cmp2006,appeloffre,initial,DI Douane Auvergne Rhone Alpes,69215,LYON cedex 02,,"['Bâtiment', 'Chauffage (travaux)', 'Climatisation', 'Cloison, faux plafond', 'Démolition', 'Electricité (travaux)', 'Gros oeuvre', 'Menuiserie', 'Peinture (travaux)', 'Plâtrerie', 'Plomberie (travaux)', 'Revêtements de sols', 'Serrurerie', 'Ventilation']","[33, 61, 62, 63, 87, 105, 144, 222, 264, 269, 270, 308, 321, 360]",non,non
166,20-57464,2020-04-27,2020-05-19,['69'],"Fourniture, installation et location de bâtiments modulaires préfabriqués - Groupe scolaire P. et M. Curie",fns,cmp2006,appeloffre,initial,COMMUNE DE VAULX EN VELIN,69518,Vaulx en Velin cedex,,['Bâtiments modulaires'],[27],non,non
167,20-57411,2020-04-27,2020-05-25,['69'],TRAVAUX DE DESAMIANTAGE SUR LE PATRIMOINE DE LA VILLE DE VILLEURBANNE,fns,cmp2006,appeloffre,initial,Ville de Villeurbanne,69601,VILLEURBANNE,,['Amiante (désamiantage)'],[479],non,non
168,20-57539,2020-04-27,2020-05-20,['71'],Achat d'un point à temps pour l'entretien des routes départementales,mapa,cmp2006,appeloffre,initial,Conseil Général de Saône-et-Loire,71026,Mâcon cedex 9,,['Matériel de travaux publics'],[220],non,non
169,20-57533,2020-04-27,2020-05-27,['71'],"Maîtrise d'oeuvre pour l'extension de la vie scolaire, l'isolation thermique par l'extérieur et la protection solaire du mur rideau du bâtiment de la vie scolaire au collège '",fns,cmp2006,appeloffre,initial,Conseil Général de Saône-et-Loire,71026,Mâcon cedex 9,,"[""Maîtrise d'oeuvre""]",[197],non,non
170,20-55829,2020-04-27,2020-05-29,['71'],fourniture d'un camion benne a ordures menageres (châssis + lève­conteneur) de contenance entre 14 et 15 m3,fns,cmp2006,appeloffre,initial,Le Grand Autunois Morvan,71400,Autun,,['Benne'],[34],non,non
171,20-57412,2020-04-27,2020-06-10,['71'],"marchés assurances dommage aux biens, flotte, responsabilité et risques annexes et protection juridique 2021 à 2025",mapa,cmp2006,appeloffre,initial,Commune de Gergy,71590,Gergy,,['Assurance'],[20],non,non
172,20-57409,2020-04-27,2020-05-28,['72'],Extension et Renforcement du réseau de distribution en eau potable sur le territoire syndical - Programme 2020_TRANCHE 4,fns,cmp2006,appeloffre,initial,SIAEP RG VIVE PARENCE,72110,TORCE EN VALLEE,,['Alimentation en eau potable'],[6],non,non
173,20-57534,2020-04-27,2020-06-30,['72'],Réalisation d'une assistance à maître d'ouvrage pour la désignation d'un délégataire de service public de l'assainissement collectif,mapa,cmp2006,appeloffre,initial,COMMUNE DE SAVIGNE L EVEQUE,72460,Savigné l'Evêque,,"[""Assistance à maîtrise d'ouvrage""]",[433],non,non
174,20-57331,2020-04-27,2020-05-28,['73'],"Il s'agit d'un marché de travaux relatif à l'aménagement du Bd Garibaldi sur la Commune d'Aix-les-bains.Lesquels consistent en :- de travaux préparatoires,- de travaux de terras",fns,cmp2006,appeloffre,initial,Ville d'Aix les Bains,73103,Aix les bains,,['Voirie et réseaux divers'],[366],non,non
175,20-57283,2020-04-27,2020-05-18,"['73', '74', '38', '69']","mission de coordination SPS (coordinateur en matière de sécurité et de protection de la santé) dans le cadre du réagencement des locaux de la bibliothèque, de la Maison de services aux publics et de l",mapa,cmp2006,appeloffre,initial,S.I.G.P,73211,AIME LA PLAGNE,,"['Prestations de services', ""Assistance à maîtrise d'ouvrage""]","[274, 433]",non,non
176,20-57240,2020-04-27,2020-06-30,"['74', '73']",contrat d'assurance dommages ouvrage - construction de la mairie de Demi-Quartier,mapa,cmp2006,appeloffre,initial,Commune de Demi-Quartier,74120,MEGEVE,,['Assurance'],[20],non,non
177,20-57482,2020-04-27,2020-07-25,['74'],Opération 'Coeur de Village' - Construction d'un espace 'Cérémonie' et réhabilitation d'un bâtiment en espace 'Associations',fns,cmp2006,attribution,initial,Commune de Poisy,74334,POISY cedex,,['Bâtiment'],[33],non,non
178,20-57293,2020-04-27,2020-06-15,['74'],Numéro de la consultation : 20S01T TRAVAUX DE RESTAURATION DE LA TOITURE DE L'EGLISE SAINT LOUP A SERVOZ,fns,cmp2006,appeloffre,initial,COM COMMUNES VAL CHAMONIX MONT BLANC,74400,CHAMONIX MONT-BLANC,,['Clocher'],[80],non,non
179,20-57230,2020-04-27,2020-06-09,['74'],ESPACE TAIRRAZ - COULOIRS SECURISES,mapa,cmp2006,appeloffre,initial,COM COMMUNES VAL CHAMONIX MONT BLANC,74400,CHAMONIX MONT-BLANC,,"[""Contrôle d'accès""]",[81],non,non
180,20-57503,2020-04-27,2020-05-20,['75'],Travaux de serrurerie à réaliser au sein des établissements publics du Nouveau Forum des Halles et de la Canopée - Paris 1er,fns,cmp2006,attribution,initial,SPL PARISEINE,75004,Paris,,['Serrurerie'],[321],non,non
181,20-57459,2020-04-27,2020-06-30,"['75', '17']",Prestations d'entretien des locaux des tours de la Rochelle et des locaux du pôle administratif,mapa,cmp2006,appeloffre,initial,Centre des monuments nationaux,75004,Paris,,"['Nettoyage de locaux', 'Prestations de services']","[239, 274]",non,non
182,20-57451,2020-04-27,2020-06-09,['75'],"Marché de travaux relatif à la rénovation et à la modernisation du mur d'escalade du gymnase Croix Nivert, 107 rue de la Croix Nivert 75015 Paris",fns,cmp2006,appeloffre,initial,Ville de Paris - Jeunesse et sports,75004,Paris,,['Travaux de viabilité'],[353],non,non
183,20-57598,2020-04-27,2020-05-25,['75'],Actualiser et développer le référentiel des métiers et des compétences de la construction,fns,cmp2006,appeloffre,initial,CONSTRUCTYS,75010,Paris,,['Etude'],[118],non,non
184,20-57585,2020-04-27,2020-05-26,['75'],Travaux de sécurisation de la plateforme technique d'accès aux nappes d'éclairages de la grande salle de l'Opéra Bastille,mapa,cmp2006,appeloffre,initial,Opéra national de Paris,75012,PARIS,,['Ouvrage métallique'],[254],non,non
185,20-57105,2020-04-27,2020-05-28,['75'],Maintenance et l'extension par ajout de boitiers et licences de solutions de sandboxing de la société Fire Eye et les prestations associées.,joue,directive24,appeloffre,initial,Ministère de l'économie,75012,Paris,,['Informatique (prestations de services)'],[163],non,non
186,20-57214,2020-04-27,2020-05-15,"['77', '75']",Travaux de réparation de la tête amont de l'écluse de Neuilly sur Marne.,fns,cmp2006,appeloffre,rectificatif,Voies navigables de France,75013,Paris,,['Génie civil'],[141],non,non
187,20-57244,2020-04-27,2020-05-10,"['75', '93']",Maintenance et fourniture de pièces détachées pour des matériels de levage (ponts élévateurs) des ateliers de mécanique de la ville de Paris,fns,cmp2006,appeloffre,rectificatif,Ville de Paris,75013,Paris,,['Maintenance'],[196],non,oui
188,20-57439,2020-04-27,2020-06-28,"['93', '75']","Travaux de remise en état de la chaufferie gaz du bâtiment 73 (salle multisports), situé sur l'ancien site PSA, boulevard André Citroën à AULNAY-SOUS-BOIS (93)",fns,cmp2006,appeloffre,initial,EPF Ile de France,75014,Paris,,"['Gaz divers', 'Réseaux divers']","[139, 306]",non,non
189,20-57577,2020-04-27,2020-06-05,['75'],"2020-DA-0019 Mise à disposition, hébergement maintenance et acquisition d'une solution pour la gestion de contenus numériques de Gobelins, l'école de l'image (DAM)",fns,cmp2006,appeloffre,initial,CCI Paris Ile-de-France,75017,PARIS,,"['Informatique (prestations de services)', 'Logiciel']","[163, 186]",non,non
190,20-57603,2020-04-27,2020-05-11,['75'],Mission de l'organisme qualifié agréé (OQA) pour l'évaluation de la sécurité du projet (rectificatif),fns,cmp2006,appeloffre,rectificatif,SYSTRA,75513,Paris,,"['Assistance technique', 'Contrôle technique', 'Prestations de services']","[19, 72, 274]",non,non
191,20-52709,2020-04-27,2020-05-27,['75'],prestations d'accompagnement par un(e) assistant(e) du service social du travail externe,fns,cmp2006,appeloffre,initial,CNAVTS de Paris,75951,Paris Cedex 19,,['Prestations de services'],[274],non,non
192,20-57530,2020-04-27,2020-05-25,['76'],BÂTIMENTS COMMUNAUX - ENTRETIEN ET DÉPANNAGE DES BRULEURS,fns,cmp2006,appeloffre,initial,COMMUNE DE ROUEN,76037,ROUEN CEDEX,,['Cuisine (équipement)'],[77],non,non
193,20-57237,2020-04-27,2020-05-29,['76'],"CONSTRUCTION D'UN CENTRE DE LOISIRS SUR LE SITE HENRI WALLON ET RESTRUCTURATION, EXTENSION DE LA MAISON DE L'ENFANCE GEORGES BRASSENS A PETIT-QUEVILLY - RELANCE DES LOTS N° 7 ET 8 SUITE A RE",fns,cmp2006,appeloffre,rectificatif,COMMUNE DU PETIT QUEVILLY,76140,PETIT-QUEVILLY,,"['Menuiserie', 'Métallerie']","[222, 223]",non,non
194,20-57264,2020-04-27,2020-06-05,['76'],atelier-musée du textile sur la commune de bolbec consultation pour le choix d'un amo relative à l'opération portant sur la réalisation d'une étude de programmation - mus2e textile,mapa,cmp2006,appeloffre,initial,Communauté d'Agglomération Caux vallée,76170,Lillebonne,,['Prestations de services'],[274],non,non
195,20-57535,2020-04-27,2020-06-16,"['27', '76']",MAITRISE D'OEUVRE DE REHABILITATION DE LA HALLE FERROVIAIRE A LA TRINITE DE REVILLE (27),fns,cmp2006,appeloffre,initial,Etab Public Foncier de Normandie,76178,Rouen cedex 1,,"[""Maîtrise d'oeuvre""]",[197],non,non
196,20-57220,2020-04-27,2020-05-27,['76'],Marché no 20.00.02 - Fourniture de carburant par cartes accréditives pour les véhicules du parc automobile de l'IMS de Bolbec,fns,cmp2006,attribution,initial,Institution Medico Sociale de Bolbec,76210,Bolbec,,"['Carburant, hydrocarbure']",[52],non,non
197,20-57388,2020-04-27,2020-07-11,['77'],Fourniture et mise en oeuvre d'une plateforme en ligne pour la gestion des situations de travaux et d'honoraires.,fns,cmp2006,appeloffre,rectificatif,Département de Seine-et-Marne,77010,Melun,,"['Informatique (prestations de services)', 'Logiciel', 'Prestations de services']","[163, 186, 274]",non,non
198,20-57194,2020-04-27,2020-05-29,['77'],Le présent marché a pour objet la construction d'un ALSHLes travaux se situent à l'adresse suivante :rue jean d'ormesson77100 Nanteuil-lés-Meaux,fns,cmp2006,appeloffre,initial,mairie de nanteuil les meaux,77100,Nanteuil les meaux,,['Equipements spécialisés'],[115],non,non
199,20-57205,2020-04-27,2020-05-25,['77'],Mission d'étude métrologique des déversoirs du système d'assainissement Fontainebleau Avon,fns,cmp2006,appeloffre,initial,C.C Fontainebleau-Avon,77300,Fontainebleau,,['Etude'],[118],non,non
200,20-57566,2020-04-27,2020-06-05,"['77', '91']",Maintenance préventive et corrective des aires de jeux de la ville de Lieusaint,fns,cmp2006,appeloffre,initial,Mairie de Lieusaint,77567,Lieusaint cedex,,"['Maintenance', 'Aire de jeux']","[196, 400]",non,non
201,20-57491,2020-04-27,2020-06-11,"['91', '78']",La présente consultation a pour objet la réalisation de prestations de travaux dans le cadre de l'opération de sécurisation et de reprise d'une plateforme RC2 sur le site de la D.G.A Essais,fns,cmp2006,appeloffre,initial,ESID IDF,78102,Saint germain en laye cedex,,['Bâtiment'],[33],non,oui
202,20-57363,2020-04-27,2020-06-03,['78'],Fourniture de barquettes et de film alimentaires - Ville de Trappes,fns,cmp2006,appeloffre,initial,Ville de Trappes,78197,Trappes,,['Restauration collective'],[66],non,non
203,20-57212,2020-04-27,2020-05-20,['78'],Travaux d'aménagement de la plaine de jeux à Mantes la Jolie,fns,cmp2006,appeloffre,initial,Commune de Mantes la Jolie,78200,Mantes la jolie,,"[""Tous corps d'état""]",[345],non,non
204,20-57501,2020-04-27,2020-05-29,['78'],ENFOUISSEMENT DES RESEAUXRUE MAGLOIRE DOUVILLE (Entre le no23 et la rue André Mojard),fns,cmp2006,appeloffre,initial,Commune de Cravent,78270,Cravent,,"['Eclairage public', 'Electricité (travaux)', 'Matériaux routiers', 'Terrassement']","[102, 105, 199, 341]",non,non
205,20-57109,2020-04-27,2020-06-05,['78'],"Travaux D'Entretien Et Mise Aux Normes De La Voirie, Des Espaces Publics Et Des Réseaux Divers",joue,directive24,appeloffre,initial,Ville de Fontenay-le-Fleury,78330,Fontenay-le-Fleury,,"['Réseaux divers', 'Voirie']","[306, 365]",non,non
206,20-57555,2020-04-27,2020-06-16,['78'],La présente consultation a pour objet la réalisation de travaux d'extension des réseaux d'eaux usées rue Anatole France et rue Maréchal Joffre à Conflans-Sainte-Honorine et rue des Frères Ma,fns,cmp2006,appeloffre,initial,GRAND PARIS SEINE ET OISE,78410,Aubergenville,,['Réseaux divers'],[306],non,non
207,20-57233,2020-04-27,2020-06-15,['78'],Marché public de travaux de rénovation et aménagement de 2 courts de tennis pour la commune d'Orgerus(78),mapa,cmp2006,appeloffre,rectificatif,COMMUNE DE ORGERUS,78910,ORGERUS,,"['Electricité (travaux)', 'Réseaux divers', 'Revêtements de sols', 'Terrain de sport', 'Porte automatique, portail']","[105, 306, 308, 342, 412]",non,non
208,20-57313,2020-04-27,2020-05-26,['79'],Travaux de réhabilitation des bâtiments de la Communauté d'Agglomération du Bocage Bressuirais,fns,cmp2006,appeloffre,initial,COM D AGGL DU BOCAGE BRESSUIRAIS,79304,BRESSUIRE,,"['Carrelage', 'Charpente', 'Chauffage (travaux)', 'Couverture', 'Peinture (travaux)']","[53, 57, 61, 74, 264]",non,non
209,20-57526,2020-04-27,2020-05-18,"['80', '59', '62']",Réaménagement des sanitaires et extension du dortoir de la maternelle.,fns,cmp2006,appeloffre,initial,COMMUNE DE NESLE,80190,Nesle,,"['Chauffage (travaux)', 'Electricité (travaux)', 'Gros oeuvre', 'Sanitaire']","[61, 105, 144, 319]",non,non
210,20-55394,2020-04-27,2020-05-25,"['80', '2', '60', '59', '62']",fourniture et livraison de produits d'entretien (2 lots),mapa,cmp2006,appeloffre,initial,COMMUNAUTE DE COMMUNES DE LA HTE SOMME,80200,Péronne,,"[""Produits d'entretien""]",[278],non,oui
211,20-57166,2020-04-27,2020-07-27,['80'],marché de maîtrise d'oeuvre pour l'agrandissement d'un bâtiment et installation de deux terrains de padel au tennis stade d'albert,mapa,cmp2006,attribution,initial,Mairie d'Albert,80300,Albert,,"[""Maîtrise d'oeuvre""]",[197],non,non
212,20-57414,2020-04-27,2020-05-20,['82'],Numéro de la consultation : 20/022 TRAVAUX D'EXTENSION DU COLUMBARIUM DU JARDIN DU SOUVENIR DE MONTAUBAN,fns,cmp2006,appeloffre,initial,Ville de Montauban,82013,MONTAUBAN CEDEX,,['Terrassement'],[341],non,non
213,20-57512,2020-04-27,2020-05-19,['83'],Acquisition d'équipement pour la réalisation d'une salle de métrologie pour l'université de Toulon.Cet achat concerne un matériel permettant la réalisation des cours de Métrologie/Rétr,fns,cmp2006,appeloffre,initial,UNIVERSITE DE TOULON,83041,Toulon cedex 9,,['Machines-outils'],[194],non,non
214,20-57516,2020-04-27,2020-05-27,['83'],Le présent marché de travaux a pour objet l'aménagement des locaux de la police municipale du Luc en Provence.,fns,cmp2006,appeloffre,initial,COMMUNE LE LUC,83340,Le Luc en Provence,,"['Maçonnerie', 'Menuiserie', 'Plâtrerie', 'Plomberie (travaux)']","[195, 222, 269, 270]",oui,oui
215,20-57298,2020-04-27,2020-05-27,['87'],BONS D'ACHAT DE PEINTURE POUR LES LOCATAIRES,fns,cmp2006,appeloffre,initial,Limoges Habitat,87010,LIMOGES CEDEX 1,,"['Droguerie', ""Produits d'entretien""]","[95, 278]",non,non
216,20-57517,2020-04-27,2020-05-28,['87'],Travaux de réfection de deux couvertures en ardoises d'un immeuble rue La Fontaine à Saint-Junien.,mapa,cmp2006,appeloffre,initial,Ville de Saint Junien,87200,Saint Junien,,['Couverture'],[74],non,non
217,20-57523,2020-04-27,2020-05-28,['87'],"Travaux de construction et pose d'un préau en charpente bois traditionnelle, couverture et fondations associées.",mapa,cmp2006,appeloffre,initial,Ville de Saint Junien,87200,Saint Junien,,"['Charpente', 'Couverture']","[57, 74]",non,non
218,20-57246,2020-04-27,2020-05-29,['88'],Aménagement d'une cour et du raccordement à l'assainissement collectif du bâtiment AITHEX-.,fns,cmp2006,appeloffre,initial,CC Porte des Vosges Méridionales,88200,Saint-Etienne-les-Remiremont,,"[""Tous corps d'état""]",[345],non,oui
219,20-57299,2020-04-27,2020-05-19,['89'],"Prestations de CT, de coordination SPS et de coordination SSI dans le cadre de la construction d'un espace socio-culturel et petite enfance au quartier des Arènes et des Champs Plaisants de Sens",mapa,cmp2006,appeloffre,initial,Ville de Sens,89100,Sens,,"['Contrôle technique', 'Surveillance', 'Sécurité incendie']","[72, 331, 332]",non,non
220,20-57605,2020-04-27,2020-05-20,['91'],Réalisation d'une mission d'expertise et de clarification foncière,fns,cmp2006,appeloffre,rectificatif,ESSONNE AMENAGEMENT,91034,Evry cedex,,['Ingénierie'],[455],non,non
221,20-56980,2020-04-27,2020-06-28,['92'],travaux de pose d'un bâtiment modulaire pour le groupe scolaire elsa triolet à nanterre.,fns,cmp2006,attribution,initial,Ville de Nanterre,92014,Nanterre cedex,"[('2020-04-15', 'SARL LUTECE', (464698, 'EUR'), None)]",['Bâtiments modulaires'],[27],non,non
222,20-57522,2020-04-27,2020-06-28,['92'],travaux de pose d'un bâtiment modulaire pour l'école maternelle eugénie cotton à nanterre,fns,cmp2006,attribution,initial,Ville de Nanterre,92014,Nanterre cedex,"[('2020-04-14', 'EUROPE ET COMMUNICATION', (235250, 'EUR'), None)]",['Bâtiments modulaires'],[27],non,non
223,20-57581,2020-04-27,2020-06-10,['92'],"Travaux relatifs au réaménagement partiel du multi-accueil les enfants du paradis sis 137, rue des Enfants du Paradis à Boulogne-Billancourt (92100).",fns,cmp2006,appeloffre,initial,COMMUNE DE BOULOGNE BILLANCOURT,92100,Boulogne-billancourt,,"[""Tous corps d'état""]",[345],non,non
224,20-57174,2020-04-27,2020-05-26,['92'],"Travaux de remplacement des chutes EU, EV et DEP dans les pièces d'eau et travaux liés au 18/32, avenue Emile Boutroux à Montrouge",fns,cmp2006,appeloffre,rectificatif,Montrouge Habitat - OPH,92120,Montrouge,,"['Plomberie (travaux)', ""Tous corps d'état""]","[270, 345]",non,non
225,20-57502,2020-04-27,2020-06-02,"['92', '75']",Gestion et fourniture des abonnements de la Commune de La Garenne-Colombes 2 lots,fns,cmp2006,appeloffre,initial,Ville de La Garenne-Colombes,92250,La garenne-colombes,,['Abonnement'],[2],non,non
226,20-57401,2020-04-27,2020-05-27,['92'],Fourniture et livraison d'enveloppes et de papier (2 lots),fns,cmp2006,appeloffre,initial,Commune de Garches,92380,Garches,,"['Articles de bureau et articles scolaires', 'Papeterie']","[16, 262]",non,non
227,20-57489,2020-04-27,2020-05-29,"['93', '75', '95', '77', '92', '94']",Missions de contrôle technique pour la construction d'un groupe scolaire et d'espaces associatifs,fns,cmp2006,appeloffre,initial,Mairie Villepinte,93420,Villepinte,,['Contrôle technique'],[72],non,oui
228,20-57235,2020-04-27,2020-05-25,['94'],Numéro de la consultation : PA20-02 Location et maintenance d'une balayeuse aspiratrice,fns,cmp2006,appeloffre,rectificatif,COMMUNE LE KREMLIN BICETRE,94270,LE KREMLIN-BICETRE,,"['Maintenance', 'Véhicules (location)']","[196, 474]",non,non
229,20-57387,2020-04-27,2020-06-25,['94'],RÉNOVATION ET EXTENSION DE L'ÉCOLE MATERNELLE CHARLES PÉGUY,fns,cmp2006,appeloffre,rectificatif,COMMUNE DE MAISONS ALFORT,94700,Maisons-alfort,,"['Echafaudage', 'Gros oeuvre', ""Tous corps d'état""]","[101, 144, 345]",oui,oui
230,20-57428,2020-04-27,2020-05-25,['95'],Travaux de rénovation au R+1 de l'Externat du Collège Jean Vilar à Herblay - 2 lots,fns,cmp2006,appeloffre,initial,Conseil général du Val d'Oise,95032,Cergy pontoise cedex,,"['Amiante', ""Tous corps d'état""]","[24, 345]",non,oui
231,20-57231,2020-04-27,2020-05-28,['95'],Service d'impression (2 lots),fns,cmp2006,appeloffre,initial,Ville de L'Isle-Adam,95290,L'Isle-Adam,,['Impression'],[160],non,non
232,20-57234,2020-04-27,2020-05-25,['95'],Remplacement de la toiture du Gymnase André Malraux à Puiseux-en-France,fns,cmp2006,appeloffre,rectificatif,COMMUNE DE PUISEUX EN FRANCE,95380,PUISEUX-EN-FRANCE,,['Couverture'],[74],non,non
233,20-57447,2020-04-27,2020-05-05,['95'],"L'assistance à maitrise d'ouvrage pour la recherche d'une nouvelle ressource en eau, la conception d'un outil de gestion patrimoniale et mise en oeuvre du schéma directeur alimenta",fns,cmp2006,attribution,initial,SIEVA,95450,VIGNY,"[('2019-07-15', 'SCE', (57860, 'EUR'), None)]","['Alimentation en eau potable', ""Assistance à maîtrise d'ouvrage""]","[6, 433]",non,non
234,20-57117,2020-04-27,2020-05-27,['95'],Fourniture et livraison de sable pour le golf intercommunal de Roissy-en-France,joue,directive24,appeloffre,initial,COMMUNAUTE D AGL ROISSY PAYS DE FRANCE,95700,Roissy En France,,['Matériaux routiers'],[199],non,non
235,20-57103,2020-04-27,2020-05-25,['971'],ACCORD-CADRE À BONS DE COMMANDE RELATIF À L'ACQUISITION DE PRODUITS DE TRAITEMENT,joue,autre,rectificatif,rectificatif,EAU D'EXCELLENCE,97122,BAIE-MAHAULT,,['Produits chimiques'],[275],non,non
236,20-55114,2020-04-27,2020-05-29,['972'],Acquisition et maintenance de machines plieuses et de mise sous plis,mapa,cmp2006,appeloffre,initial,COLLECTIVITE TERRITORIALE MARTINIQUE,97201,Fort-de-France,,['Machines-outils'],[194],non,non
237,20-57554,2020-04-27,2020-06-27,['972'],RECHERCHE UN ASSISTANT A MAÎTRISE D' OUVRAGE et UN ACCOMPAGNATEUR EN COMMUNICATION,fns,cmp2006,attribution,initial,Kaynou Sainte Marie,97230,Sainte-Marie,"[('2020-04-01', 'Entreprise C5ap West Indies', (94910, 'EUR'), None), ('2020-04-01', 'Entreprise C5ap West Indies', (127208.65, 'EUR'), None)]","[""Assistance à maîtrise d'ouvrage""]",[433],non,non
238,20-57342,2020-04-27,2020-05-26,['972'],Fort-de-France - Tartenson -Rénovation des villas 33 et 36 -Mission de maîtrise d'oeuvre,fns,cmp2006,appeloffre,initial,MINDEF/SGA/DCSID/DID FdF,97261,Fort-de-france cedex,,['Bâtiment'],[33],non,oui
239,20-57617,2020-04-27,2020-07-25,['973'],MISSION COORDINATION SECURITE ET PROTECTION DE LA SANTE POUR LA CONSTRUCTION DE LA MAISON TERRITORIALES DES SOLIDARITES DE MATOURY,mapa,cmp2006,attribution,initial,COLLECTIVITE TERRITORIALE DE GUYANE,97307,CAYENNE,,['Prestations de services'],[274],non,non
240,20-57618,2020-04-27,2020-07-25,['973'],CONTRÔLE TECHNIQUE POUR LA CONSTRUCTION DE LA MAISON TERRITORIALE DES SOLIDARITES DE MATOURY,mapa,cmp2006,attribution,initial,COLLECTIVITE TERRITORIALE DE GUYANE,97307,CAYENNE,,['Prestations de services'],[274],non,non
241,20-57385,2020-04-27,2020-05-28,['973'],Réhabilitation des réseaux et de la voirie de la Zone Artisanale Gaston Césaire à Mana- Marché de maitrise d'oeuvre,fns,cmp2006,appeloffre,initial,Cté de Cnes de l'Ouest Guyanais,97360,Mana,,"[""Maîtrise d'oeuvre"", 'Voirie et réseaux divers']","[197, 366]",non,non
242,20-57098,2020-04-27,2020-06-08,['1'],"acquisition de défibrillateurs, pièces détachées et accessoires (2 lots) (rectificatif)",joue,autre,rectificatif,rectificatif,SDIS de L'Ain,,Bourg en bresse,,"[""Matériel de secours et d'incendie""]",[217],non,oui
