a00_cle_idweb,g04_01_date_publication,g04_03_date_fin_diffusion,g04_07_dep_publication,g04_09_resume_objet,g01_02_01_famille,g01_02_02_perimetre,g01_02_03_nature,g01_02_04_statut,d01_01_denomination,d01_07_cp,d01_08_ville,d08_09_decision_titulaireandRENSEIGNEMENT,g04_052_descripteurs_libelles,g04_051_descripteurs_codes,g04_061_criteres_sociaux,g04_062_criteres_environnementaux
20-50678,2020-04-11,2020-05-15,['2'],ACQUISITION D'EFFETS VESTIMENTAIRES,joue,directive24,attribution,initial,Cté d'Agglo du Saint-Quentinois,02108,SAINT QUENTIN CEDEX,,"['Chaussures ou articles chaussants', 'Habillement']","[79, 150]",non,non
20-50811,2020-04-11,2020-05-14,['3'],Fourniture et transport de liants nécessaires à la réalisation des travaux effectués par les services du Département de l'Allier,joue,directive24,appeloffre,initial,DEPARTEMENT DE L ALLIER,03016,Moulins,,['Matériaux routiers'],[199],non,oui
20-50929,2020-04-11,2020-05-14,['5'],Magazine Départemental Des Hautes-Alpes,joue,directive24,appeloffre,initial,DEPARTEMENT DES HAUTES-ALPES,05008,Gap,,"['Publicité, Communication']",[285],non,non
20-51064,2020-04-11,2020-05-15,['5'],Fourniture de vêtements de travail et d'équipement de protection individuelle pour le Département des Hautes-Alpes,joue,directive24,appeloffre,initial,DEPARTEMENT DES HAUTES-ALPES,05008,Gap,,"['Chaussures ou articles chaussants', 'Equipements spécialisés']","[79, 115]",non,non
20-50802,2020-04-11,2020-05-29,['6'],fourniture de trophées et de médailles pour les besoins des services départementaux (rectificatif),joue,autre,rectificatif,rectificatif,Département des Alpes-Maritimes,06201,Nice Cedex 3,,['Produits travail des métaux'],[281],non,non
20-51081,2020-04-11,2020-05-12,['6'],Location pose dépose et maintenance d'éléments décoratifs lumineux,joue,directive24,appeloffre,initial,COMMUNE DE CANNES,06406,Cannes,,"['Illumination', 'Prestations de services']","[170, 274]",non,non
20-50744,2020-04-11,2020-06-09,['10'],création de la nouvelle placette palissy à la chapelle saint-luc,joue,directive24,attribution,initial,Troyes Champagne Métropole,10000,Troyes,,['Abris'],[1],non,non
20-50944,2020-04-11,2020-05-28,['12'],fourniture et réparation de signalisation embarquée et remorquée sur véhicules et engins (rectificatif),joue,autre,rectificatif,rectificatif,Conseil Départemental de l AVEYRON,12007,RODEZ cedex,,['Signalisation'],[322],non,non
20-50991,2020-04-11,2020-05-28,['12'],"routes departementales fourniture, transport et pose de signalisation verticale de police et de signalisation temporaire (rectificatif)",joue,autre,rectificatif,rectificatif,Conseil Départemental de l AVEYRON,12450,Flavin,,"['Panneaux', 'Signalisation']","[261, 322]",non,non
20-51026,2020-04-11,2020-05-11,['13'],Fourniture de dispositifs médicaux stériles à usage unique,joue,directive24,appeloffre,initial,CENTRE HOSPITALIER REG DE MARSEILLE,13005,Marseille,,['Consommables médicaux'],[69],non,non
20-50773,2020-04-11,2020-05-25,"['13', '83', '84', '4', '5', '6']",Mission de commissariat aux comptes pour les besoins de la CCI de Région PACA,joue,directive24,appeloffre,initial,CCIR PACA,13221,Marseille cedex 01,,['Expertise comptable'],[446],oui,non
20-50750,2020-04-11,2020-05-12,['13'],"Réalisation De Sondages Et D'Essais Géotechniques Terrestres, In Situ Et En Laboratoire, Pour Le Grand Port Maritime De Marseille",joue,directive24,appeloffre,initial,GRAND PORT MARITIME DE MARSEILLE,13226,Marseille,,"['Etude', 'Sondage']","[118, 323]",non,non
20-50835,2020-04-11,2020-05-09,['13'],Mission MOE pour des interventions de confortement et de réhabilitation du patrimoine immobilier de l'op. Grand Centre-Ville (Marseille) et de l'op. Interface Vallée de l'Huveaune/Bras,joue,directive24,attribution,initial,SOLEAM,13232,Marseille cedex 01,,"[""Maîtrise d'oeuvre""]",[197],non,non
20-45428,2020-04-11,2020-05-29,['13'],prestations d'entretien des espaces verts pour le site du campus joseph aiguier à marseille de la délégation provence et corse du c.n.r.s.,joue,directive24,appeloffre,initial,CNRS Marseille,13402,Marseille,,['Espaces verts'],[116],oui,oui
20-50862,2020-04-11,2020-05-15,['13'],Mission d'Assistance pour la valorisation et la mise en synergie des lauréats Filidechet,joue,directive24,appeloffre,initial,Région Provence Alpes Côte d'Azur,13481,Marseille,,"['Assistance technique', 'Ordures ménagères (prestations)', 'Prestations de services', 'Déchets non ménagers (prestations)']","[19, 249, 274, 404]",non,non
20-51046,2020-04-11,2020-05-11,['13'],"Impression du carnet de correspondance, repiquage de la couverture, livraison en 1 ou 2 points sur Marseille et en tournée dans les lycées sur le territoire régional",joue,directive24,appeloffre,initial,Région Provence Alpes Côte d'Azur,13481,Marseille,,"['Impression', 'Prestations de services', 'Transport']","[160, 274, 347]",non,non
20-50900,2020-04-11,2020-05-15,"['13', '974']",Renforcement des capacités d'action pour la réalisation du projet CORECRABE,joue,directive24,appeloffre,initial,IRD,13572,Marseille,,"['Prestations de services', 'Transport', 'Véhicules (location)']","[274, 347, 474]",non,non
20-51643,2020-04-11,2020-05-10,['16'],Fourniture et pose d'une grappe de 10 centrales photovoltaïques sur toitures de puissance unitaire comprise entre 8.99 et 35.99 kWc sur différents bâtiments communaux.,fns,cmp2006,appeloffre,initial,SEM ENERGIES MIDI ATLANTIQUE,17500,Jonzac,,"['Electricité (travaux)', 'Photovoltaïque']","[105, 476]",non,non
20-51045,2020-04-11,2020-05-28,['21'],"Accord-cadre à bons de commande de prestations intellectuelles - Lot 6 : Mission d'études de sols dans l'emprise de bâtiments, d'ouvrages d'art et/ou d'espaces publics",joue,directive24,appeloffre,initial,Dijon Métropole,21075,Dijon,,['Prestations de services'],[274],non,non
20-50624,2020-04-11,2020-05-30,['25'],Acquisition de mobilier,joue,directive24,attribution,initial,Grand Besançon Métropole,25043,BESANCON,,['Mobilier'],[230],non,non
20-50847,2020-04-11,2020-05-25,['27'],"Construction du collège Louise Michel à Bourneville Sainte Croix - Relance des lots no 1, 6 et 14",joue,directive24,appeloffre,initial,DEPARTEMENT DE L EURE,27021,Evreux cedex 01,,"[""Tous corps d'état""]",[345],oui,oui
20-49432,2020-04-11,2020-05-25,['27'],marché de valorisation et de traitement des déchets végétaux et du bois issus des déchèteries,joue,directive24,appeloffre,initial,SYGOM,27700,Les Andelys,,['Déchetterie (exploitation)'],[405],non,oui
20-50992,2020-04-11,2020-05-29,['28'],Auscultation du réseau routier.Relevés et mesures de dégradations et autres paramètres sur le réseau routier départemental,joue,directive24,appeloffre,initial,Conseil général d'Eure et Loir,28028,Chartres,,['Prestations de services'],[274],non,non
20-50388,2020-04-11,2020-08-01,"['28', '27', '45', '78']",p2020/11 - fourniture de contenants et pièces détachées destinés à la collecte des déchets (rectificatif),joue,autre,rectificatif,rectificatif,Agglo-Pays-Dreux,28103,Dreux,,"['Conteneur, poubelles']",[71],non,non
20-50898,2020-04-11,2020-06-30,['30'],Accord-cadre d'approvisionnement en matériels électriques pour la Ville d'Alès - département gestion du patrimoine immobilier,joue,autre,rectificatif,rectificatif,Ville d'Alès,30115,Ales cedex,,['Quincaillerie (articles)'],[291],non,non
20-51054,2020-04-11,2020-04-21,['30'],Accord cadre de maîtrise d'oeuvre urbaine pour la mise en oeuvre de l'axe mobilité du projet urbain de la commune d'Aigues-Mortes,joue,autre,rectificatif,rectificatif,COMMUNE D AIGUES MORTES,30220,Aigues-Mortes,,['Ingénierie'],[455],non,non
20-51027,2020-04-11,2020-05-25,['31'],Fourniture de publications en série sur tous supports,joue,directive24,appeloffre,initial,Université Toulouse 1 Sciences Sociale,31042,Toulouse cedex 9,,['Edition'],[104],non,non
20-50959,2020-04-11,2020-05-14,['31'],Marché pour la réalisation des préprogrammes proposés par l'UPS dans le cadre du CPER 2021-2027 - Université Toulouse III,joue,directive24,appeloffre,initial,Université Paul Sabatier,31062,Toulouse,,"['Prestations de services', ""Assistance à maîtrise d'ouvrage""]","[274, 433]",non,non
20-50995,2020-04-11,2020-06-05,['32'],Mise en place d'une convention de participation prévoyance pour les agents du Sdis du Gers,joue,directive24,appeloffre,initial,SDIS DU GERS,32021,Auch,,['Assurance'],[20],non,non
20-51008,2020-04-11,2020-05-11,['32'],Exécution de divers travaux de voirie,joue,autre,rectificatif,rectificatif,Département de Gers,32022,Auch,,['Voirie'],[365],non,non
20-50762,2020-04-11,2020-05-18,['33'],Restructuration du dépôt de bus de Lescure - Phase 1Bbis LOT 22 GNV,joue,directive24,appeloffre,initial,Bordeaux Métropole,33045,BORDEAUX,,"[""Tous corps d'état""]",[345],non,non
20-50860,2020-04-11,2020-05-12,['33'],"Acquisition, Maintenance Preventive Et Corrective D'Un Equipement De Lipofilling Et Fourniture Des Pieces Detachees Et Des Accessoires Associes Au Profit Du Chu De Bordeaux",joue,directive24,appeloffre,initial,CHU DE BORDEAUX,33400,Talence,,['Matériel médical'],[212],non,non
20-50842,2020-04-11,2020-06-09,['33'],Transport à la demande sur le ressort territorial de la communauté d'agglomération du Bassin d'Arcachon Nord,joue,directive24,attribution,initial,CdC Bassin d'Arcachon Nord,33510,Andernos les bains,"[('2020-04-01', 'AIT Transports', (350700, 'EUR'), ""Transport à la demande sur le ressort territorial de la Communauté D'agglomération du Bassin d'Arcachon Nord"")]",['Transport'],[347],non,non
20-51055,2020-04-11,2020-06-10,"['66', '34']",CONSTRUCTION D'UN DISPOSITIF EXPERIMENTAL AGRIVOLTAIQUE DYNAMIQUE POUR LE MARAICHAGE SOUS ABRI - LOT 4,joue,directive24,appeloffre,initial,INRA de Montpellier,34060,Montpellier cedex 2,,['Irrigation'],[168],non,non
20-50149,2020-04-11,2020-05-12,"['34', '30']","Impression, mise sous pli et diffusion de courriers pour le service public de l'eau potable de la Régie des eaux de Montpellier Méditerranée Métropole.",joue,directive25,appeloffre,initial,Régie des Eaux de Montpellier 3M,34197,Montpellier,,"['Impression', 'Prestations de services']","[160, 274]",non,oui
20-50826,2020-04-11,2020-04-29,"['34', '30']",fourniture de coffrets et regards d'eau potable (rectificatif),joue,autre,rectificatif,rectificatif,Régie des Eaux de Montpellier 3M,34197,Montpellier,,['Alimentation en eau potable'],[6],non,non
20-51650,2020-04-11,2020-07-09,['34'],Regroupement des laboratoires de biologie sur le site unique du CHU de Montpellier concernant les lots suivants:Lot 4 - PaillassesLot 6 - Fluides SpéciauxLot 7 - Appareils élévateursLot 8 - Rés..,fns,cmp2006,appeloffre,rectificatif,CHU DE MONTPELLIER,34295,Montpellier,,['Bâtiment'],[33],non,non
20-50902,2020-04-11,2020-06-09,['34'],Réalisation de la passerelle Nelson Mandela en structure BFUP,joue,directive24,appeloffre,initial,Ville de Béziers,34500,Béziers,,"[""Ouvrage d'art""]",[252],non,non
20-51076,2020-04-11,2020-07-07,['34'],Maîtrise d'oeuvre du pôle entrepreneurial à Béziers (Concours restreint Esquisse+),joue,directive24,attribution,initial,COMMUNAUTE D AGGL BEZIERS MEDITERRANEE,34536,Béziers,,"[""Maîtrise d'oeuvre""]",[197],non,non
20-50783,2020-04-11,2020-06-04,['35'],FOURNITURE D'ENROBES HYDROCARBONES A CHAUD POUR DES TRAVAUX DE VOIRIE,joue,directive24,appeloffre,initial,Département d'Ille et Vilaine,35042,RENNES CEDEX,,['Voirie'],[365],non,non
20-51056,2020-04-11,2020-05-30,['35'],Equipements de caratérisation pour platforme laser d'essais R&D d'applications industrielles,joue,directive24,appeloffre,initial,Institut Maupertuis,35170,Bruz,,['Equipement industriel'],[112],non,non
20-50614,2020-04-11,2020-06-10,['35'],"accord-cadre pour l'aménagement, la transformation et les réparations des équipements des véhicules sapeurs-pompiers du sdis 35 (années 2020 à 2024)",joue,directive24,attribution,initial,SCE DEPARTEMENTAL INCENDIE ET SECOURS,35701,Rennes cedex 7,"[('2020-03-27', 'SD SERVICES', (250000, 'EUR'), ""Tous types de travaux d'aménagement pour les véhicules sapeurs-pompiers de moins de 7,5 tonnes""), ('2020-03-27', 'CTID SAS', (250000, 'EUR'), ""Tous types de travaux d'aménagement pour les véhicules sapeurs-pompiers de moins de 7,5 tonnes""), ('2020-03-27', 'PLUSIEURS K', (250000, 'EUR'), ""Tous types de travaux d'aménagement pour les véhicules sapeurs-pompiers de moins de 7,5 tonnes""), ('2020-03-27', 'CTID SAS', (300000, 'EUR'), ""Tous types de travaux d'aménagement pour les véhicules sapeurs-pompiers de 7,5 tonnes et plus""), ('2020-03-27', 'SD SERVICES', (20000, 'EUR'), 'Travaux de menuiseries bois pour tous types de véhicules'), ('2020-03-27', 'PLUSIEURS K', (20000, 'EUR'), 'Travaux de menuiseries bois pour tous types de véhicules'), ('2020-03-27', 'SD SERVICES', (20000, 'EUR'), 'Travaux de menuiseries aluminium sur tous les types de véhicules'), ('2020-03-27', 'CTID', (20000, 'EUR'), 'Travaux de menuiseries aluminium sur tous les types de véhicules'), ('2020-03-27', 'PLUSIEURS K', (20000, 'EUR'), 'Travaux de menuiseries aluminium sur tous les types de véhicules'), ('2020-03-30', 'APPLICATION MOBILE TECHNOLOGIE - AMT', (20000, 'EUR'), ""Travaux d'aménagement électrique 12V - 24V - 220V sur tous types de véhicules""), ('2020-03-30', 'APPLICATION MOBILE TECHNOLOGIE - AMT', (20000, 'EUR'), ""Travaux d'aménagement de radiophonie mobile sur tous types de véhicules""), ('2020-03-27', 'SD SERVICES', (20000, 'EUR'), ""Travaux d'aménagement de radiophonie mobile sur tous types de véhicules""), ('2020-03-27', 'AZ ET DEP PUBLICITE SERIGRAPHIE', (20000, 'EUR'), ""Travaux d'aménagement de balisage, films de sécurité et covering carrosserie sur tous types de véhicules""), ('2020-03-27', 'SD SERVICES', (20000, 'EUR'), ""Travaux d'aménagement de balisage, films de sécurité et covering carrosserie sur tous types de véhicules""), ('2020-03-31', 'PUBLIVUE', (20000, 'EUR'), ""Travaux d'aménagement de balisage, films de sécurité et covering carrosserie sur tous types de véhicules"")]","['Electricité (travaux)', 'Maintenance', 'Mécanique', 'Menuiserie', 'Signalétique', 'Matériel de téléphonie']","[105, 196, 221, 222, 333, 339]",non,non
20-51007,2020-04-11,2020-05-04,['42'],Prestations de laboratoire d'analyses biologiques pour le Centre Hospitalier de Pélussin et le Centre Hospitalier de Saint Pierre de Boeuf,joue,autre,rectificatif,rectificatif,CENTRE HOSPITALIER GAL LUCIEN HUSSEL,38209,Vienne Cedex,,"['Analyses médicales, biologiques']",[8],non,non
20-51672,2020-04-11,2020-05-12,['40'],Souscription de prestations d'assurances couvrant les risques statutaires du personnel de l'Adacl,fns,cmp2006,appeloffre,initial,AGCE DEP AIDE AUX COLLECTIVITES LOCALE,40002,Mont-de-marsan cédex,,['Assurance'],[20],non,non
20-50958,2020-04-11,2020-04-29,['42'],Fourniture de matériel informatique pour les besoins de l'EN3S,joue,autre,rectificatif,rectificatif,EN3S,42031,SAINT ETIENNE cédex 2,,['Informatique (matériel)'],[162],non,non
20-50916,2020-04-11,2020-06-08,['42'],DMS2019-02 AO 077 Dispositifs médicaux stériles non implantables : anesthésie réanimation ; chirurgie ; CEC ; PIPAC ; médecine ; endoscopie ; obstétrique,joue,directive24,attribution,initial,CHU SAINT ETIENNE,42055,Saint etienne cedex 02,,['Produits pharmaceutiques'],[280],non,non
20-50858,2020-04-11,2020-06-19,['44'],Marchés de travaux pour la construction d'un ensemble hospitalo-universitaire dit 'Projet Île de Nantes',joue,autre,rectificatif,rectificatif,CHU NANTES,44100,Nantes,,['Bâtiment'],[33],non,non
20-50911,2020-04-11,2020-05-13,['44'],"Fourniture de serveurs, logiciels "" serveurs "", matériels connexes et prestations associées",joue,directive24,appeloffre,initial,SDIS 44,44243,La chapelle sur erdre,,['Informatique (matériel)'],[162],non,non
20-50946,2020-04-11,2020-07-07,['44'],Acquisition et maintenance d'un système d'information et de gestion du courrier,joue,directive24,attribution,initial,COMMUNE DE SAINT NAZAIRE,44600,Saint Nazaire,"[('2020-03-26', 'Edissyum', (262925, 'EUR'), None)]","['Informatique (prestations de services)', 'Logiciel']","[163, 186]",non,non
20-51034,2020-04-11,2020-05-11,['45'],Fourniture et livraison de journaux et gestion d'Abonnements/Ouvrages,joue,autre,rectificatif,rectificatif,B R G M,45060,Orléans,,['Abonnement'],[2],non,non
20-37109,2020-04-11,2020-07-31,"['49', '75']",marché global de performance relatif à la conception et réalisation du projet de territoire intelligent,joue,directive24,attribution,initial,Angers Loire Métropole,49020,Angers cedex 02,,"['Eclairage public', 'Etude', 'Logiciel', 'Matériel de transmission', 'Télécommunications', 'Matériel de téléphonie', 'Télégestion', 'Voirie et réseaux divers', 'Informatique (maintenance serveurs et réseaux)', 'Ingénierie']","[102, 118, 186, 210, 338, 339, 352, 366, 454, 455]",oui,oui
20-50912,2020-04-11,2020-05-25,['49'],Location longue durée et maintenance d'un robot de traite (lait) pour la Ferme expérimentale de Derval (44),joue,directive24,appeloffre,initial,CHAMBRE REG AGRI PAYS DE LA LOIRE,49105,ANGERS Cedex 02,,"['Abris', 'Location (matériels)', 'Matériel agricole, horticole']","[1, 185, 200]",non,non
20-50920,2020-04-11,2020-06-12,['49'],souscription et la gestion de contrats d'assurance,joue,autre,rectificatif,rectificatif,MONTREVAULT-SUR-ÈVRE,49110,Montrevault sur Èvre,,['Assurance'],[20],non,non
20-50849,2020-04-11,2020-05-20,"['50', '14']","Accord Cadre Multi Attributaires A Marches Subséquents Pour La Conception, Fourniture, Installation D'Aires De Jeux Collectifs Et Des Espaces De Pratiques Sportives Extérieures",joue,directive24,appeloffre,initial,Commune de la hague,50442,La Hague,,['Aire de jeux'],[400],non,non
20-45059,2020-04-11,2020-07-01,['54'],Prestations de désinfection et de luttes contre les nuisibles-.,joue,directive24,attribution,initial,Ville de Nancy,54005,NANCY Cedex,,"['Aéronautique', 'Dératisation, désinsectisation']","[4, 89]",non,non
20-50891,2020-04-11,2020-06-09,['54'],"Fourniture de bornes de limites parcellaires, de jalons avec étiquettes, de piquets d'arpentage et de repérage dans le cadre des opérations d'aménagement foncier agricole forestier et enviro",joue,directive24,attribution,initial,Département de Meurthe-et-Moselle,54035,NANCY CEDEX,"[('2020-03-24', 'Faynot Industries SA', (80000.0, 'EUR'), ""Fourniture de bornes de limites parcellaires, de jalons avec étiquettes, de piquets d'arpentage et de repérage dans le cadre des opérations d'aménagement foncier agricole forestier et environnemental."")]","['Matériel de sécurité', 'Matériel de travaux publics']","[209, 220]",non,non
20-50799,2020-04-11,2020-06-10,"['57', '67']","Location de récipients, collecte, pompage et traitement des déchets non dangereux et des déchets dangereux au profit du GSBdD de STRASBOURG HAGUENAU et de ses sites rattachés",joue,directive24,attribution,initial,Plate Forme Achats Finances Nord Est,57044,METZ CEDEX 1,,['Ordures ménagères (prestations)'],[249],oui,oui
20-50721,2020-04-11,2020-05-11,['57'],PAN_DMS_DIVERS_2020,joue,directive24,appeloffre,initial,CHR METZ THIONVILLE,57070,Metz,,['Consommables médicaux'],[69],non,non
20-50859,2020-04-11,2020-04-27,['58'],réhabilitation - aménagement du pont sur la vieille loire à decize,joue,directive24,attribution,initial,Conseil général de la Nièvre,58039,nevers,,['Ingénierie'],[455],non,non
20-50910,2020-04-11,2020-04-30,['59'],Mission de maitrise d'oeuvre en vue de la rénovation et/ou le remplacement d'appareils élévateurs à l'Hôpital Huriez et mise en place d'un nouvel équipement à l'Hôpital Fourri,joue,directive24,appeloffre,initial,CHU DE LILLE,59037,Lille cedex,,"[""Maîtrise d'oeuvre"", 'Prestations de services']","[197, 274]",non,non
20-51679,2020-04-11,2020-04-27,"['59', '14', '76', '80']",location et la maintenance de fontaines à eau en réseau et en bonbonnes et la fourniture de consommables aux profits des structures de recherche et de la délégation régionale nord-ouest,mapa,cmp2006,appeloffre,initial,Inserm DR Nord-Ouest,59045,Lille,,"['Location (matériels)', 'Fontaine']","[185, 449]",non,oui
20-50885,2020-04-11,2020-06-08,['59'],Fournitures de prestations d'assurances de l'ENSAIT,joue,directive24,appeloffre,initial,ENSAIT,59100,Roubaix,,"['Abris', 'Assurance']","[1, 20]",non,non
20-51659,2020-04-11,2020-05-15,['59'],ENTRETIEN DES ESPACES VERTS ET DES PLANTATIONS DE LA COMMUNE,fns,cmp2006,appeloffre,initial,COMMUNE DE MOUVAUX,59420,Mouvaux,,"['Espaces verts', 'Cimetière']","[116, 437]",non,oui
20-50887,2020-04-11,2020-04-24,"['59', '2', '60', '62', '80']","accord-cadre à bons de commandes pour des prestations de nettoyage de chantiers dans les e.p.l.e.,les bâtiments portuaires, les bâtiments hors e.p.l.e. dont la région a la charge. (rectificatif)",joue,autre,rectificatif,rectificatif,Région Hauts-de-France,59555,LILLE,,"['Nettoyage de locaux', 'Prestations de services']","[239, 274]",non,oui
20-50923,2020-04-11,2020-06-05,"['59', '2', '60', '62', '80']",Distribution du magazine institutionnel et autres documents institutionnels pour la Région Hauts-de-France,joue,directive24,appeloffre,initial,Région Hauts-de-France,59555,LILLE,,"['Prestations de services', 'Routage']","[274, 312]",non,non
20-49927,2020-04-11,2020-05-05,['59'],fourniture de matériel didactique,mapa,cmp2006,appeloffre,initial,Ville de Raismes,59590,raismes,,['Matériel didactique'],[202],non,non
20-50736,2020-04-11,2020-06-02,['59'],"Fourniture de matériaux bois, de plâtrerie et d'isolation pour la ville de Marcq-en-Baroeul",joue,directive24,appeloffre,initial,Ville de Marcq-en-Baroeul,59704,Marcq en baroeul cedex,,['Matériaux de construction'],[198],non,non
20-51649,2020-04-11,2020-06-11,['59'],MISSION D'ASSISTANCE A MAÎTRISE D'OUVRAGE POUR LA PRÉPARATION ET LA PASSATION DU CONTRAT DE CONCESSION DE SERVICES RELATIFS A L'EXPLOITATION DU FUTUR CENTRE AQUATIQUE DE DENAIN,fns,cmp2006,appeloffre,initial,Ville de Denain,59723,Denain cedex,,"[""Assistance à maîtrise d'ouvrage""]",[433],non,non
20-45527,2020-04-11,2020-05-12,['60'],fourniture de pieces detachees et prestations de reparation et d'entretien des vehicules legers (vl) et des vehicules utilitaires legers (vul) du departement de l'oise,joue,directive24,appeloffre,initial,Conseil Départemental de l'Oise,60000,Beauvais,,"['Pièces détachées', 'Prestations de services']","[266, 274]",non,non
20-50809,2020-04-11,2020-06-09,['60'],Organisation de voyages pour les séniors de la commune de Méru,joue,directive24,attribution,initial,Ville de Méru,60111,Méru Cedex,"[('2019-10-23', 'CREA TOURS/SUNSET VOYAGES ; HIBLE/LOIRE OCEAN VOYAGES ; FVH INTERNATIONAL TRAVEL/TIBO TOURS ; S.A. SODISTOUR TOURISTRA VACANCES  ', (480000, 'EUR'), None)]",['Voyage'],[367],non,non
20-50718,2020-04-11,2020-05-26,['62'],Fourniture et pose de colonnes enterrées,joue,directive24,appeloffre,initial,CA DES DEUX BAIES EN MONTREUILLOIS,62170,MONTREUIL-SUR-MER,,"['Conteneur, poubelles', 'Terrassement', 'Déchets non ménagers (prestations)']","[71, 341, 404]",non,non
20-50948,2020-04-11,2020-07-07,['65'],Maîtrise d'oeuvre pour la réalisation d'aménagements hydrauliques en amont et en aval de Luz-Saint-Sauveur sur le torrent de l'Yse,joue,directive24,attribution,initial,POLE EQUILIBRE TERRITORIAL RUR PAYS LO,65100,Lourdes,"[('2020-04-09', 'Safege', (302180, 'EUR'), None)]","[""Maîtrise d'oeuvre""]",[197],non,non
20-51020,2020-04-11,2020-07-07,['66'],Acquisition de prestations de services juridiques - Groupement de commandes entre la Ville de Perpignan et Perpignan Méditerranée Métropole Communauté Urbaine,joue,directive24,attribution,initial,COMMUNE DE PERPIGNAN,66931,Perpignan Cedex,,['Assistance juridique'],[434],non,non
20-50822,2020-04-11,2020-05-27,"['67', '68', '57']",2020S0111AAOOC01,joue,directive24,appeloffre,initial,SDEA ALSACE MOSELLE,67013,Strasbourg cedex,,"['Prestations de services', ""Station d'épuration (exploitation)""]","[274, 335]",non,oui
20-49384,2020-04-11,2020-05-15,['68'],"fourniture, installation et maintenance de lignes motorisees pour poste d'inspection filtrage",joue,directive25,attribution,initial,Aéroport de Bâle-Mulhouse,68304,SAINT-LOUIS,"[('2020-03-16', 'TG CONCEPT', (449634, 'EUR'), 'Fourniture et installation de modules de convoyage pour 4 lignes motorisées'), ('2020-03-16', 'SMITHS HEIMANNN', (820000, 'EUR'), 'Fourniture et installation de modules de convoyage multiplexés et RX '), ('2020-03-16', 'SMITHS HEIMANN', (56350, 'EUR'), 'Maintenance des lignes motorisées du lot 2 ')]","['Equipements spécialisés', 'Maintenance']","[115, 196]",non,non
20-50953,2020-04-11,2020-05-19,"['69', '1']",Marché de fauchage sur l'ensemble du territoire de la CCEL,joue,directive24,appeloffre,initial,COM DE COMMUNES DE L EST LYONNAIS,69125,Colombier Saugnieu cedex,,['Espaces verts'],[116],non,non
20-51000,2020-04-11,2020-05-11,"['69', '43']",RN 88 AMO négociation fonciere acquistion amiable occupation cession,joue,directive24,attribution,initial,REGION AUVERGNE RHONE ALPES,69269,Lyon Cedex 2,"[('2020-04-02', 'Systra', (248000, 'EUR'), 'RN 88 AMO négociation foncière acquisition amiableoccupation cession')]",['Prestations de services'],[274],non,non
20-50981,2020-04-11,2020-05-09,['69'],Prestations d'expertise informatique sur l'infrastructure de la Région-Relance du Lot 5 Domaine Communication Unifiée et Téléphonie,joue,directive24,attribution,initial,REGION AUVERGNE RHONE ALPES,69269,Lyon cedex 02,"[('2020-04-03', 'NXO France', (280388, 'EUR'), ""Prestations d'expertise informatique sur l'infrastructure de la RégionRelance du Lot 5 : Domaine Communication Unifiée et Téléphonie"")]",['Informatique (prestations de services)'],[163],non,non
20-50925,2020-04-11,2020-05-20,['69'],Prestations de médiation culturelle au musée des Confluences,joue,directive24,appeloffre,initial,Musée des Confluences,69285,Lyon,,['Prestations de services'],[274],non,non
20-50973,2020-04-11,2020-04-30,"['69', '38']","SERVICES D'AGENCE DE VOYAGES POUR LA FOURNITURE DE TITRES DE TRANSPORTS NATIONAUX, INTERNATIONAUX ET PRESTATIONS ASSOCIÉES",joue,autre,rectificatif,rectificatif,CRCI Rhône-Alpes,69286,Lyon cedex 02,,['Voyage'],[367],non,oui
20-50820,2020-04-11,2020-05-06,['69'],UJM2020-05 Marché de fourniture et de pose de stores,joue,autre,rectificatif,rectificatif,Université Jean Moulin Lyon 3,69372,Lyon cedex 08,,['Vitrerie'],[363],non,non
20-50804,2020-04-11,2020-05-06,['69'],Travaux d'impression tous formats et tous grammages,joue,autre,rectificatif,rectificatif,Université Jean Moulin Lyon 3,69372,Lyon cedex 08,,['Impression'],[160],non,non
20-50823,2020-04-11,2020-05-22,"['69', '1', '38', '42']",Fourgon Nucléaire Radiologique Biologique Chimique,joue,autre,rectificatif,rectificatif,SCE DEP METROPOLITAIN INCENDIE SECOURS,69421,LYON Cedex 03,,['Véhicules (acquisition)'],[475],non,non
20-51073,2020-04-11,2020-05-20,['69'],"Construction d'un parc relais "" P+R "" à Saint-Genis-Laval Hôpitaux Sud - Lot 04 - Electricité",joue,directive25,appeloffre,initial,SYTRAL,69487,Lyon,,['Electricité (travaux)'],[105],non,non
20-50993,2020-04-11,2020-05-26,['69'],"Fourniture de vêtements de travail, de chaussures de sécurité et Epi",joue,directive24,appeloffre,initial,Ville de Saint-Priest (69),69800,Saint-Priest,,"['Chaussures ou articles chaussants', 'Habillement']","[79, 150]",non,non
20-51017,2020-04-11,2020-07-20,['72'],Réseau SESAM-Vitale,joue,directive24,appeloffre,initial,GIE SESAM Vitale,72019,Le mans cedex 2,,['Informatique (prestations de services)'],[163],non,non
20-50970,2020-04-11,2020-07-20,['72'],Service de messagerie SESAM-Vitale,joue,directive25,appeloffre,initial,GIE SESAM Vitale,72019,Le mans cedex 2,,"['Informatique (prestations de services)', 'Prestations de services']","[163, 274]",non,non
20-50832,2020-04-11,2020-06-30,"['75', '92', '93', '94']","Mesures physico-chimiques et analyses diverses sur les résidus solides des installations du Syctom, sur les composts, sur les sols et sur les ordures ménagères",joue,directive24,attribution,initial,Syctom,75001,Paris,"[('2020-04-03', 'SGS France', (117541.1, 'EUR'), 'Mesures physico-chimiques et analyses diverses sur les résidus solides des installations du Syctom, sur les composts, sur les sols et sur les ordures ménagères.')]","['Analyses médicales, biologiques']",[8],non,non
20-50960,2020-04-11,2020-05-26,['75'],TMA APOGEE,joue,directive24,appeloffre,initial,Agence de mutualisation des université,75005,Paris,,"['Informatique (prestations de services)', 'Logiciel']","[163, 186]",non,non
20-50821,2020-04-11,2020-06-09,"['75', '95']",Travaux de rénovation des unités de filtration de lusine de Méry sur Oise,joue,directive25,attribution,initial,Syndicat des Eaux d'Ile-de-France,75006,PAris,,"[""Ouvrage d'infrastructure""]",[253],non,non
20-51031,2020-04-11,2020-06-04,"['75', '92']",HCESSIS/CENCOM/2020,joue,directive24,appeloffre,initial,ministère de la transition écolo CGDD,75007,Paris,,['Prestations de services'],[274],oui,oui
20-51057,2020-04-11,2020-06-10,['75'],MAINTENANCE DES APPAREILS DE LEVAGE DE BATIMENTS DES MINISTERES ECONOMIQUES ET FINANCIERS,joue,directive24,attribution,initial,Ministères économiques et financiers,75012,Paris,"[('2020-04-02', 'GONDOLA SERVICES', (51400, 'EUR'), 'MAINTENANCE DES APPAREILS DE LEVAGE DE BATIMENTS DES MINISTERESECONOMIQUES ET FINANCIERS')]","['Manutention', 'Prestations de services']","[237, 274]",non,non
20-51641,2020-04-11,2020-05-05,['75'],CONCEPTION-REALISATION D'UN KIT PEDAGOGIQUE SUR LES METIERS DE L'ASSURANCE Date limite de réception des offres : Le 05,mapa,cmp2006,appeloffre,initial,OPCO ATLAS,75013,Paris,,['Formation'],[410],non,non
20-50845,2020-04-11,2020-05-26,['75'],Fourniture et livraison de préservatifs féminins et masculins sous pochette personnalisée,joue,directive24,appeloffre,initial,Ville de Paris,75013,Paris,,['Hygiène (articles)'],[153],non,non
20-50854,2020-04-11,2020-05-15,['75'],"Mission complète de Maîtrise d'oeuvre relative à la réhabilitation d'un immeuble occupé de 110 logements sis 64-66 quai de la Loire, Paris 19eme",joue,directive24,appeloffre,initial,REGIE IMMOBILIERE DE LA VILLE DE PARIS,75013,Paris,,"[""Maîtrise d'oeuvre""]",[197],non,non
20-50934,2020-04-11,2020-05-15,['75'],"Mission complète de Maîtrise d'oeuvre relative à la réhabilitation d'un immeuble occupé sis 8-12 rue Regnault, Paris 13eme",joue,directive24,appeloffre,initial,REGIE IMMOBILIERE DE LA VILLE DE PARIS,75013,Paris,,"[""Maîtrise d'oeuvre""]",[197],non,non
20-50933,2020-04-11,2020-05-15,['75'],"Mission complète de Maîtrise d'oeuvre relative à la réhabilitation d'un immeuble occupé sis 133 rue Manin, Paris 19eme",joue,directive24,appeloffre,initial,REGIE IMMOBILIERE DE LA VILLE DE PARIS,75013,Paris,,"[""Maîtrise d'oeuvre""]",[197],non,non
20-50928,2020-04-11,2020-05-15,['75'],"Mission complète de Maîtrise d'oeuvre relative à la réhabilitation de 2 immeubles occupés sis 25 rue du Retrait - 26 rue Boyer, Paris 20eme",joue,directive24,appeloffre,initial,REGIE IMMOBILIERE DE LA VILLE DE PARIS,75013,Paris,,"[""Maîtrise d'oeuvre""]",[197],non,non
20-51660,2020-04-11,2020-04-20,['75'],Marché public de travaux remplacement des menuiseries extérieures bois rez-de-chaussée du groupe scolaire 16 rue Wurtz 75013 Paris.,fns,cmp2006,attribution,initial,VILLE DE PARIS,75013,Paris,"[('2020-04-09', 'SAS MENUISERIE G. DUBOIS', (120000.0, 'EUR'), None)]",['Menuiserie'],[222],non,non
20-50999,2020-04-11,2020-05-15,['75'],"Mission complète de Maîtrise d'oeuvre relative à la réhabilitation d'un immeuble occupé sis 16-18 rue des Lyanes, Paris 20eme",joue,directive24,appeloffre,initial,REGIE IMMOBILIERE DE LA VILLE DE PARIS,75013,Paris,,"[""Maîtrise d'oeuvre""]",[197],non,non
20-51058,2020-04-11,2020-05-11,['75'],"La présente consultation lancée par la CATP, agissant sur le fondement de l'article L2113-2.1° du Code de la commande publique a pour objet l'acquisition de compteurs et de matériels annexes",joue,directive24,appeloffre,initial,Centrale d'Achat du Transport Public,75014,PARIS,,['Equipements spécialisés'],[115],non,non
20-50801,2020-04-11,2020-05-31,"['75', '77', '91', '92', '93', '94', '95']",fourniture de denrees alimentaires pour la restauration scolaire,joue,directive24,attribution,initial,LYCEE GENERAL JEAN DE LA FONTAINE,75016,PARIS,,['Denrées alimentaires'],[88],non,oui
20-50838,2020-04-11,2020-06-08,['75'],Développement agile d'applications informatiques selon le framework Symfony et prestations connexes,joue,autre,rectificatif,rectificatif,Ministère de la défense - BCAC-CG195/M,75700,Paris sp07,,['Informatique (prestations de services)'],[163],non,non
20-48623,2020-04-11,2020-07-04,['75'],renouvellement du suivi-support du logiciel blaze advisor,joue,directive24,attribution,initial,CNAVTS de Paris,75951,Paris cédex 19,"[('2020-03-31', 'Fair Isaac Services Limited (FICO)', (241296, 'EUR'), 'Renouvellement du suivi-support du logiciel Blaze Advisor')]","['Logiciel', 'Informatique (maintenance serveurs et réseaux)']","[186, 454]",non,non
20-50841,2020-04-11,2020-05-07,['75'],Accompagnement de cinq établissements de santé pour le déploiement d'une expérimentation relative aux molécules onéreuses administrées dans ces établissements,joue,autre,rectificatif,rectificatif,CNAMTS,75986,Paris cedex 20,,['Etude'],[118],non,non
20-50869,2020-04-11,2020-07-07,['76'],Marché de maîtrise d'oeuvre concernant des travaux de réhabilitation énergétique et création d'ascenseurs sur des bâtiments collectifs du département de la Seine-Maritime,joue,directive24,attribution,initial,HABITAT 76,76040,Rouen,"[('2020-04-08', 'Sogeti Ingenierie Batiment', (296581.15, 'EUR'), 'Grand Quevilly Résidence les Bruyères (49 logements) et Sotteville Les Rouen Résidence Gabrielle Meret (100 logements)'), ('2020-04-08', 'Sogeti Ingenierie Batiment', (351273.15, 'EUR'), ""Sotteville Les Rouen Résidence Pierre Sémard (154 logements) dont la création d'ascenseurs""), ('2020-04-08', 'Thermi Clim', (153268, 'EUR'), 'Eu Résidence Jacques Anquetil tranches 1, 2 et 3 (84 logements)')]",['Etude'],[118],non,non
20-50924,2020-04-11,2020-05-08,['76'],"Marché de Transport scolaire, périscolaire, et d'accueil de loisirs d'été",joue,directive24,appeloffre,initial,Ville de Pavilly,76570,PAVILLY,,"['Prestations de services', 'Transport']","[274, 347]",non,non
20-47862,2020-04-11,2020-09-09,['77'],fourniture de repas pour le ccas d'avon,joue,directive24,attribution,initial,Commune d'Avon,77210,Avon,"[('2020-03-05', 'SOGERES', (147600, 'EUR'), ""Prestation de restauration de la Résidence Autonomie Jean Fontenelle - CCAS d'Avon""), ('2020-03-05', 'API RESTAURATION CALM (comme à la maison)', (50985, 'EUR'), ""fourniture de repas en liaison froide pour les personnes âgées de commune d'Avon"")]","['Restauration collective', 'Repas, traiteur']","[66, 304]",non,non
20-51036,2020-04-11,2020-06-09,"['77', '91']",Accord-cadre de prestations intellectuelles portant sur des opérations d'eau potable et d'assainissement eaux usées et eaux pluviales,joue,directive24,attribution,initial,CC BRIE DES RIVIERES ET CHATEAUX,77820,Le chatelet en brie,,['Prestations de services'],[274],non,non
20-51028,2020-04-11,2020-05-15,['78'],La consultation porte sur les prestations suivantes : Fourniture de mobiliers de bureau et de siègesLot no 1 : Fourniture de mobiliers de bureauLot no 2 : Fourniture,joue,autre,rectificatif,rectificatif,Conseil départemental des Yvelines,78012,Versailles,,['Mobilier'],[230],non,non
20-49755,2020-04-11,2020-05-15,"['78', '75']",Hébergement et infogérance du dossier patient informatisé pour le GHT 78 Sud,joue,directive24,appeloffre,initial,CENTRE HOSPITALIER DE VERSAILLES,78150,Le chesnay,,"['Informatique (prestations de services)', 'Informatique (assistance)']","[163, 453]",non,non
20-51682,2020-04-11,2020-05-07,['78'],Diagnostics préalables au lancement du concours de maîtrise d'oeuvre pour la construction d'un groupe scolaire pour la ZAC Rouget de Lisle (4 lots),fns,cmp2006,appeloffre,initial,Ville de Poissy,78300,Poissy,,['Etude'],[118],non,non
20-51012,2020-04-11,2020-05-15,['78'],"Acquisition et livraison de fournitures scolaires, de livres et de manuels scolaires pour les écoles primaires de la ville de Sartrouville",joue,autre,rectificatif,rectificatif,ville de Sartrouville,78506,Sartrouville,,['Articles de bureau et articles scolaires'],[16],non,non
20-51029,2020-04-11,2020-05-11,['78'],Fourniture de mobilier scolaire,joue,directive24,appeloffre,initial,Ville de Houilles,78800,Houilles,,['Mobilier'],[230],non,non
20-50752,2020-04-11,2020-05-29,['79'],Fourniture d'éclairages et de matériels de technologie Led pour les établissements du Ght 79,joue,directive24,appeloffre,initial,CENTRE HOSPITALIER DE NIORT,79021,Niort,,['Matériel électrique'],[203],non,non
20-50743,2020-04-11,2020-06-01,"['59', '62', '80', '60', '2', '75']",mission d'accompagnement des territoires du service public de l'efficacite energetique,joue,directive24,attribution,initial,Régie régionale du SPEE,80000,Amiens,,"[""Assistance à maîtrise d'ouvrage"", 'Ingénierie']","[433, 455]",non,non
20-50939,2020-04-11,2020-05-28,['81'],"Fourniture De Liant Et Matériaux Pour Les Travaux D'Entretien, De Grosses Réparations Et De Modernisation Des Voies Et Réseaux",joue,autre,rectificatif,rectificatif,COMMUNE DE CASTRES,81115,Castres,,['Matériaux routiers'],[199],non,non
20-51066,2020-04-11,2020-07-07,['83'],19four23-Accord-Cadre A Bon De Commande De Fourniture De Materiaux Pour L'Entretien Des Voiries Sur L'Ensemble Du Territoire De La Metropole Tpm,joue,directive24,attribution,initial,Métropole Toulon Provence Méditerranée,83041,Toulon,"[('2020-04-08', 'Etablissements Descours Et Cabaud Provence Alpes Cote D Azur', (101193.74, 'EUR'), 'Fourniture de matériaux de voirie - Secteur Est'), ('2020-04-08', 'Etablissements Descours Et Cabaud Provence Alpes Cote D Azur', (14663.86, 'EUR'), 'Fourniture de matériaux de voirie - Secteur Ouest'), ('2020-04-08', 'Etablissements Descours Et Cabaud Provence Alpes Cote D Azur', (4041.5, 'EUR'), ""Fourniture d'enrobés bitumineux et d'émulsion de bitume froids en seaux"")]",['Voirie et réseaux divers'],[366],non,non
20-50819,2020-04-11,2021-04-09,['83'],travaux de construction du quartier de la créativité et de la connaissance site de l'ancien hôpital,joue,directive24,modification,modification,Conseil Général du Var,83076,Toulon,"[('2018-03-12', 'SENEC / Bec Construction Provence / S.N.T.T.P. / EPC France ', (5750000.0, 'EUR'), 'Terrassements généraux, chapitre A - Gros \x9cuvre, chapitre B \x97 charpente métallique, chapitre C')]","['Charpente', 'Gros oeuvre', 'Terrassement', ""Tous corps d'état""]","[57, 144, 341, 345]",non,non
20-50848,2020-04-11,2021-04-09,['83'],travaux de construction du quartier de la créativité et de la connaissance site de l'ancien hôpital,joue,directive24,modification,modification,Conseil Général du Var,83076,Toulon,"[('2018-03-12', 'SENEC / Bec Construction Provence / S.N.T.T.P. / EPC France', (5750000.0, 'EUR'), 'Terrassements généraux, chapitre A - Gros \x9cuvre, chapitre B \x97 charpente métallique, chapitre C')]","['Charpente', 'Gros oeuvre', 'Terrassement', ""Tous corps d'état""]","[57, 144, 341, 345]",non,non
20-51038,2020-04-11,2020-05-19,['83'],Fourniture de carburants à la pompe destinés à approvisionner les véhicules du SDIS du Var,joue,directive24,appeloffre,initial,SDIS du Var,83300,Draguignan,,"['Carburant, hydrocarbure']",[52],non,non
20-50651,2020-04-11,2020-05-07,['85'],Prestations techniques de couverture photographique du Vendée Globe 2020-2021,joue,autre,rectificatif,rectificatif,VENDEE,85000,LA ROCHE SUR YON,,['Prestations de services'],[274],non,non
20-50808,2020-04-11,2020-05-12,['85'],"Conception, aménagement et fourniture d'écrans pour le Pavillon du tourisme sur le Village du Vendée Globe 2020",joue,autre,rectificatif,rectificatif,Vendée Expansion,85005,La roche sur yon cedex,,['Evénementiel'],[445],non,non
20-50853,2020-04-11,2020-06-09,['85'],travaux d'impression pour les éditions de communication de la ville des sables d'olonne,joue,directive24,attribution,initial,COMMUNE LES SABLES D OLONNE,85100,Les Sables d'Olonne,"[('2020-04-08', 'WESTGRAPHY', (120000, 'EUR'), 'Impression d\x92affiche'), ('2020-04-02', 'SAS IMPRIMERIE OFFSET 5 EDITION', (400000, 'EUR'), ' Impression de tracts, dépliants, brochures'), ('2020-04-08', 'FABREGUE IMPRIMEUR SAS', (400000, 'EUR'), 'Impression du magazine officiel de la ville')]",['Impression'],[160],non,non
20-50974,2020-04-11,2020-05-11,['86'],Acquisition et livraison de matériels et véhicules de collecte année 2020,joue,directive24,attribution,initial,CA DE GRAND CHATELLERAULT,86100,Châtellerault,,['Véhicules (acquisition)'],[475],non,oui
20-50805,2020-04-11,2020-05-16,['91'],"Fourniture de matériels et consommables de manutention non motorisée, de stockage et d'emballage",joue,directive24,appeloffre,initial,SDIS 91,91007,Evry,,"['Carton', 'Matériel de manutention']","[54, 208]",non,non
20-50876,2020-04-11,2020-07-07,['91'],Restructuration et extension du gymnase Gambetta à Massy - 9 lots,joue,directive24,attribution,initial,COMMUNE DE MASSY,91300,Massy,"[('2020-02-28', 'Atlante Construction', (232369, 'EUR'), 'Gros oeuvre - démolition - désamiantage'), ('2020-02-28', 'Eci France', (44024, 'EUR'), 'Etanchéité'), ('2020-02-28', 'Entreprise Pommerol', (41375, 'EUR'), 'Menuiseries extérieures aluminium - métallerie'), ('2020-03-06', 'Agd', (285078, 'EUR'), 'Menuiserie intérieures - cloisons-doublages - faux plafonds'), ('2020-02-28', 'Bouclet Sas', (145366, 'EUR'), 'Plomberie - Chauffage - ventilation'), ('2020-02-28', 'Eet Service', (56000, 'EUR'), 'Electricité- courants forts-courants faibles'), ('2020-02-28', 'Egb France', (58761, 'EUR'), 'Carrelage - faïence'), ('2020-03-03', 'Laumax', (43513, 'EUR'), 'Peinture-revêtement de sols souples'), ('2020-02-28', 'thyssenkrupp Ascenseurs', (20950, 'EUR'), 'Ascenseur')]",['Bâtiment'],[33],oui,non
20-50874,2020-04-11,2020-07-07,['91'],Entretien et rénovation des installations d'éclairage public et sportif et de signalisation lumineuse et tricolore,joue,directive24,attribution,initial,COMMUNE DE MASSY,91300,Massy,"[('2020-03-12', 'Bouygues Energies Et Services', (5000000, 'EUR'), None)]","['Eclairage public', 'Signalisation']","[102, 322]",non,oui
20-50873,2020-04-11,2020-07-07,['91'],Fourniture de plantes pour le fleurissement de la ville - 4 lots,joue,directive24,attribution,initial,COMMUNE DE MASSY,91300,Massy,"[('2020-02-28', 'Scea Fanfelle-Gaussens', (200000, 'EUR'), 'Fourniture de plantes annuelles et biannuelles'), ('2020-03-02', 'C.L.J. Les Tulipes De France', (60000, 'EUR'), 'Fourniture de plantes bulbeuses'), ('2020-02-28', 'Chamoulaud Sas', (80000, 'EUR'), 'Fourniture de tapis fleuris'), ('2020-03-06', 'Scea Simier', (60000, 'EUR'), 'Fourniture de plantes vivaces et graminées')]",['Espaces verts'],[116],non,oui
20-50870,2020-04-11,2020-07-07,['91'],Taille et soins des arbres d'ornement sur l'ensemble de la ville,joue,directive24,attribution,initial,COMMUNE DE MASSY,91300,Massy,"[('2020-03-04', 'Projardins', (800000, 'EUR'), None)]","['Espaces verts', 'Travaux forestiers']","[116, 350]",oui,oui
20-50879,2020-04-11,2020-07-07,['91'],Remplacement des fauteuils et du sol souple de la grande salle de l'Opéra de Massy - 2 lots,joue,directive24,attribution,initial,COMMUNE DE MASSY,91300,Massy,"[('2020-03-12', 'B.S.Moquettes', (74169, 'EUR'), 'Dépose, fourniture et pose de sol souple'), ('2020-03-12', 'kleslo', (184705, 'EUR'), 'Dépose, fourniture et pose de fauteuils')]","['Menuiserie', 'Revêtements de sols']","[222, 308]",non,non
20-50877,2020-04-11,2020-07-07,['91'],"Fourniture, Pose et Location de locaux modulaires pour l'accueil des élèves de l'école élémentaire Painlevé et la restauration des écoles élémentaires et maternelle",joue,directive24,attribution,initial,COMMUNE DE MASSY,91300,Massy,"[('2020-03-12', 'Loxammodule', (670000, 'EUR'), None)]",['Bâtiments modulaires'],[27],non,oui
20-51069,2020-04-11,2020-04-20,"['75', '77', '78', '91']","Réhabilitation du bâtiment 4 du Pôle Ministériel de Saint Germain au 246, BD Saint Germain-Paris 7",joue,directive24,appeloffre,initial,MEDDTL,92055,La défense cedex,,"['Etanchéité', 'Menuiserie', ""Tous corps d'état""]","[117, 222, 345]",non,oui
20-51642,2020-04-11,2020-05-18,['92'],Travaux de rénovation lourde du gymnase Jules Verne,fns,cmp2006,appeloffre,initial,COMMUNE DE CHATENAY MALABRY,92290,Chatenay-malabry,,"['Ascenseur', 'Equipement sportif', 'Gros oeuvre', 'Menuiserie', 'Plomberie (travaux)']","[17, 113, 144, 222, 270]",non,non
20-50840,2020-04-11,2020-05-12,['93'],MARCHE SECURITE AU TRAVAIL DE LA REGION 2020-2024,joue,directive24,appeloffre,initial,Conseil Régional d'Ile de France,93400,SAINT OUEN,,['Formation'],[410],non,non
20-50797,2020-04-11,2020-05-31,"['94', '91', '92', '77', '75', '78']",Prestation de transports spécifiques et transports de courses autres,joue,directive24,appeloffre,initial,HOPITAL INTERCOMMUNAL DE CRETEIL,94010,Créteil,,['Prestations de services'],[274],non,oui
20-50913,2020-04-11,2020-05-15,['94'],Assistance technique pour la réalisation des études et le suivi des travaux d'infrastructures,joue,directive24,appeloffre,initial,Département du Val de Marne,94054,Creteil cedex,,['Etude'],[118],non,non
20-50921,2020-04-11,2020-05-18,['94'],Fourniture et pose de signalisation verticale sur les routes départementales du Val-de-Marne,joue,autre,rectificatif,rectificatif,Département du Val de Marne,94054,Créteil cedex,,['Signalisation'],[322],non,non
20-50719,2020-04-11,2020-05-11,['94'],FOURNITURE DE DENREES ALIMENTAIRES SOUS FORME DE REPAS POUR LES ETABLISSEMENTS DE LA PETITE ENFANCE DE LA VILLE D'ALFORTVILLE,joue,directive24,appeloffre,initial,Mairie d'Alfortville,94142,Alfortville cedex,,['Denrées alimentaires'],[88],non,oui
20-50904,2020-04-11,2020-09-04,['94'],"Prestations de securite, de gardiennage et protection incendie pour les sites de la ville d'alfortville",joue,autre,rectificatif,rectificatif,Mairie d'Alfortville,94142,Alfortville cedex,,['Surveillance'],[331],non,non
20-50919,2020-04-11,2020-06-11,['95'],Marché de maîtrise d'oeuvre pour la construction d'un bâtiment polyvalent à Argenteuil,joue,autre,rectificatif,rectificatif,GPT APPRENTISS REPARAT AUTOMOBILE CYCL,95102,Argenteuil cedex,,['Prestations de services'],[274],non,non
20-50917,2020-04-11,2020-05-09,['971'],Fourniture et manutention de charbons actifs dans les unités de production d'eau potable,joue,autre,rectificatif,rectificatif,CA Sud Basse-Terre,97100,BASSE-TERRE,,['Produits chimiques'],[275],non,non
20-50966,2020-04-11,2020-04-23,['971'],Acquisition et maintenance de conteneurs à déchets ménagers,joue,autre,rectificatif,rectificatif,CA Sud Basse-Terre,97100,BASSE-TERRE,,"['Benne', 'Conteneur, poubelles']","[34, 71]",non,non
20-50896,2020-04-11,2020-05-09,['971'],Acquisition de véhicules,joue,autre,rectificatif,rectificatif,EPSM de Guadeloupe,97120,Saint-Claude,,['Véhicules (acquisition)'],[475],non,non
20-51072,2020-04-11,2020-05-14,['971'],ACQUISITION D'ENGINS NEUFS A MOTEUR POUR LA VILLE DES ABYMES,joue,autre,rectificatif,rectificatif,Ville des Abymes,97139,Les Abymes,,['Matériel de travaux publics'],[220],non,non
20-51023,2020-04-11,2020-05-09,['972'],Prestations d'élagage sur le patrimoine immobilier de la société,joue,directive24,attribution,initial,SA HLM OZANAM,97274,Schoelcher,"[('2020-04-06', 'SARL LES BOUGAINVILLEES', (155057.25, 'EUR'), '1 - CAP NORD'), ('2020-04-06', 'SARL LES BOUGAINVILLEES', (124470, 'EUR'), '2 - ESPACE SUD'), ('2020-04-06', 'SARL LES BOUGAINVILLEES', (115650, 'EUR'), '3 - CACEM 1'), ('2020-04-06', 'CLEAN GARDEN', (141705, 'EUR'), '4 - CACEM 2'), ('2020-04-06', 'SARL LES BOUGAINVILLEES', (4410, 'EUR'), '5 - SIEGE SOCIAL')]","['Espaces verts', 'Prestations de services']","[116, 274]",oui,non
20-51079,2020-04-11,2020-05-09,['973'],Gardiennage et sécurité des bâtiments du siège de la CACL - Report de la date de remise des offres,joue,autre,rectificatif,rectificatif,Communauté de cmes du centre littoral,97357,Matoury Cedex,,"['Gardiennage', 'Surveillance']","[138, 331]",non,non
20-50767,2020-04-11,2020-04-24,['974'],"aoo 01-2020 la maintenance preventive, corrective et l'installation des systemes de climatisation de type "" splits systemes "" du rectorat de la reunion et de ses sites exterieurs (rectificatif)",joue,autre,rectificatif,rectificatif,Rectorat de La Réunion,97400,Saint-Denis,,['Climatisation'],[62],non,non
20-45222,2020-04-11,2020-06-09,"['67', '68', '88', '57', '54', '51', '10', '8', '55']",prestations d'assistance à maîtrise d'ouvrage pour la mise en oeuvre et le suivi des outils de la formation professionnelle de la Région Grand Est,joue,directive24,appeloffre,initial,REGION GRAND EST,,Strasbourg cedex,,['Prestations de services'],[274],non,non
20-50117,2020-04-11,2020-08-15,['64'],travaux de confortement des falaises de la côte des basques - phase no1,joue,directive24,attribution,initial,Ville de Biarritz,,Biarritz,"[('2020-03-30', 'SOCIETE M.T.P.S.', (3171100, 'EUR'), 'Travaux de confortement des falaises - phase no1')]",['Falaise'],[125],non,oui
20-50907,2020-04-11,2020-05-05,['10'],gestion de la patinoire des 3 seine (rectificatif),joue,autre,rectificatif,rectificatif,Troyes Champagne Métropole,,Troyes,,['Equipement sportif'],[113],non,non
