a00_cle_idweb,g04_01_date_publication,g04_03_date_fin_diffusion,g04_07_dep_publication,g04_09_resume_objet,g01_02_01_famille,g01_02_02_perimetre,g01_02_03_nature,g01_02_04_statut,d01_01_denomination,d01_07_cp,d01_08_ville,d08_09_decision_titulaireandRENSEIGNEMENT,g04_052_descripteurs_libelles,g04_051_descripteurs_codes,g04_061_criteres_sociaux,g04_062_criteres_environnementaux
20-82959,2020-06-29,2020-08-03,['1'],prestation de services d'assurance,fns,cmp2006,appeloffre,initial,Syndicat mixte du plateau retord,01130,Nantua,,['Assurance'],[20],non,non
20-83082,2020-06-29,2020-07-23,['1'],"Les prestations du présent accord-cadre concernent l'impression, le façonnage et la livraison des supports de communication papier de la ville de Saint-Genis-Pouilly (journal municipal, plaquette",fns,cmp2006,appeloffre,initial,MAIRIE,01630,Saint-genis-pouilly,,['Impression'],[160],non,oui
20-82707,2020-06-29,2020-07-20,['2'],Travaux pour la réalisation d'une voirie supplémentaire sur la ZAC du Pôle d'Activités du Griffon (Aisne)Cette opération de travaux est divisée en trois lots définis ci-dessous :- Lot 1 :,fns,cmp2006,appeloffre,initial,SEDA,02007,Laon cedex,,['Travaux de viabilité'],[353],non,non
20-82937,2020-06-29,2020-08-20,"['2', '51', '60']",réalisation d'un terrain multisports,mapa,cmp2006,appeloffre,initial,E.P.S.M.D. de l'Aisne,02320,prémontré,,['Equipement sportif'],[113],non,non
20-83254,2020-06-29,2020-07-17,['3'],Réhabilitation d'un bâtiment industriel,fns,cmp2006,appeloffre,initial,SPL277,03150,VARENNES SUR ALLIER,,"['Bardage', 'Bâtiment', 'Couverture', 'Maçonnerie']","[30, 33, 74, 195]",non,non
20-82675,2020-06-29,2020-07-31,['4'],Contrôle décennal des moyens élevateurs aériens pour les besoins du SDIS 04,fns,cmp2006,appeloffre,initial,SCE DEPARTEMENTAL INCENDIE ET SECOURS,04990,Digne les Bains,,['Prestations de services'],[274],non,non
20-83195,2020-06-29,2020-08-06,['5'],Travaux d'éclairage public et de réseaux secs,fns,cmp2006,appeloffre,initial,Ville de Gap,05007,GAP,,"['Eclairage public', 'Réseaux divers']","[102, 306]",non,non
20-82817,2020-06-29,2020-07-30,['5'],RD 420 - Reconstruction du pont des Esclots sur le Briançon,fns,cmp2006,appeloffre,initial,DEPARTEMENT DES HAUTES-ALPES,05008,GAP,,"[""Ouvrage d'art""]",[252],oui,non
20-54908,2020-06-29,2020-07-21,['6'],mission de maîtrise d'oeuvre relative à la réfection de la couverture de la piscine de valdeblore,fns,cmp2006,appeloffre,initial,Syndicat mixte Deve Vesubie Valdeblore,06201,nice cedex 3,,"[""Maîtrise d'oeuvre""]",[197],non,non
20-82981,2020-06-29,2020-07-21,['6'],Restructuration Vestiaires et Chambres froides de l'UCP Nice Centre,fns,cmp2006,appeloffre,initial,CROUS NICE-TOULON,06300,Nice,,"['Cloison, faux plafond', 'Electricité (travaux)', 'Menuiserie', 'Plomberie (travaux)']","[63, 105, 222, 270]",non,non
20-78672,2020-06-29,2020-08-10,['6'],fourniture et livraison de sacs de couchage pour les sans domicile stable du ccas de la ville de cannes,mapa,cmp2006,appeloffre,initial,CCAS de Cannes,06414,Cannes CEDEX,,['Textile'],[343],non,non
20-82753,2020-06-29,2020-07-27,['6'],Prestations de traiteur dans le cadre de l'organisation de manifestations,fns,cmp2006,appeloffre,initial,Ville d'Antibes Juan-les-Pins,06606,Antibes cedex,,['Prestations de services'],[274],non,non
20-82839,2020-06-29,2020-07-07,['6'],Acquisition de mobiliers de réfectoire pour la restauration scolaire,mapa,cmp2006,appeloffre,rectificatif,Ville d'Antibes Juan-les-Pins,06606,Antibes cedex,,['Mobilier'],[230],non,non
20-82858,2020-06-29,2020-07-27,['6'],"Prestations de réparation de carrosserie de véhicules de moins de 3,5 tonnes (Toutes marques)",fns,cmp2006,appeloffre,initial,Ville d'Antibes Juan-les-Pins,06606,Antibes cedex,,['Véhicules'],[359],non,non
20-82771,2020-06-29,2020-08-21,['10'],implantation local d'exploitation gare routière,fns,cmp2006,appeloffre,initial,Troyes Champagne Métropole,10000,Troyes,,"['Carrelage', 'Chauffage (travaux)', 'Electricité (travaux)', 'Menuiserie', 'Peinture (travaux)', 'Plâtrerie', 'Plomberie (travaux)', 'Ventilation']","[53, 61, 105, 222, 264, 269, 270, 360]",non,non
20-82881,2020-06-29,2020-08-21,['10'],implantation d'un parc de location de vélos,fns,cmp2006,appeloffre,initial,Troyes Champagne Métropole,10000,Troyes,,"['Carrelage', 'Chauffage (travaux)', 'Electricité (travaux)', 'Menuiserie', 'Mobilier urbain', 'Peinture (travaux)', 'Plâtrerie', 'Serrurerie', 'Ventilation']","[53, 61, 105, 222, 231, 264, 269, 321, 360]",non,non
20-82769,2020-06-29,2020-07-17,['10'],Travaux de restauration d'un immeuble rue du Pont Chevalier à Vendeuvre-sur-Barse-. (rectificatif),fns,cmp2006,appeloffre,rectificatif,Commune de VENDEUVRE SUR BARSE,10140,VENDEUVRE SUR BARSE,,"[""Tous corps d'état""]",[345],non,non
20-82780,2020-06-29,2020-07-31,['11'],MISSION D'ARCHITECTE - URBANISTE CONSEIL,fns,cmp2006,appeloffre,initial,COMMUNE DE NARBONNE,11108,NARBONNE CEDEX,,['Etude'],[118],non,non
20-83098,2020-06-29,2020-07-22,['11'],GN20P13 - Travaux de remplacement des gradateurs scéniques du théâtre de Narbonne (11100).,fns,cmp2006,appeloffre,initial,Le Grand Narbonne,11785,NARBONNE,,['Electricité (travaux)'],[105],non,non
20-83019,2020-06-29,2020-09-02,['11'],Travaux d'aménagement divers : voirie et réseaux sur la commune d'Alzonne Les travaux consistent en :L'installation d'un pont bascule et aménagements annexesL'aménagement,fns,cmp2006,appeloffre,initial,covaldem11,11890,Carcassonne cedex 9,,['Travaux de viabilité'],[353],non,non
20-83020,2020-06-29,2020-07-24,"['12', '46', '15']",prestations de transports des usagers du cdds (année scolaire 2020/2021),mapa,cmp2006,appeloffre,initial,C.D.D.S.,12000,Rodez,,['Transport'],[347],non,non
20-82748,2020-06-29,2020-07-27,"['13', '83', '84']","Le présent accord-cadre a pour objet la réalisation de prestations d'agence de voyages : émission de titres de transport, réservation et services annexes (hébergement, ...) pour les personnes don",fns,cmp2006,appeloffre,initial,METROPOLE D AIX MARSEILLE PROVENCE,13007,Marseille,,['Voyage'],[367],non,non
20-82787,2020-06-29,2020-08-26,['13'],Le présent accord-cadre a pour objet la fourniture et l'installation de divers équipements pour sécuriser les quais à gravats des déchèteries du Territoire du Pays d'Aix.,fns,cmp2006,attribution,initial,METROPOLE D AIX MARSEILLE PROVENCE,13007,Marseille,"[('2020-04-27', 'TECHNEGOCE', (174817.09, 'EUR'), None)]",['Matériel de sécurité'],[209],non,non
20-83038,2020-06-29,2020-07-29,['13'],PRESTATIONS DE TIERCE MAINTENANCE APPLICATIVE EVOLUTIVES RELATIVES A LA SUITE LOGICIEL SALESFORCE,fns,cmp2006,appeloffre,annulation,Régie des Transports Métropolitains,13013,Marseille,,['Informatique (prestations de services)'],[163],non,non
20-83052,2020-06-29,2020-07-20,['13'],ENLEVEMENT ET MISE EN FOURRIERE DES VEHICULES EN INFRACTION AU CODE DE LA ROUTE OU AU CODE GENERAL DES COLLECTIVITES TERRITORIALES (ARRETES MUNICIPAUX),mapa,cmp2006,appeloffre,initial,COMMUNE DE GARDANNE,13120,GARDANNE,,"['Gardiennage', 'Fourrière']","[138, 451]",non,non
20-82955,2020-06-29,2020-07-06,['13'],"travaux de désamiantage, déplombage et déconstruction complète d'un ensemble de bâtiments situé sur le boulevard national à marseille (13).",fns,cmp2006,appeloffre,rectificatif,ETS PUB FONCIER P A C A,13207,MARSEILLE CEDEX 01,,['Amiante (désamiantage)'],[479],non,non
20-83118,2020-06-29,2020-09-01,"['13', '4', '5', '6', '84', '83', '75', '69', '30']",Prestations d'accueil pour les besoins de la CCIAMP,fns,cmp2006,appeloffre,initial,CCI Marseille Provence,13221,Marseille cedex 01,,['Prestations de services'],[274],non,non
20-82893,2020-06-29,2020-07-24,['13'],Vérifications réglementaires des installations électriques et des équipements de l'Activité Fluides du GPMM,mapa,cmp2006,appeloffre,initial,GRAND PORT MARITIME DE MARSEILLE,13226,MARSEILLE,,"['Contrôle technique', 'Installation portuaire', 'Prestations de services']","[72, 165, 274]",non,non
20-82786,2020-06-29,2020-08-24,['13'],Maintenance préventive et corrective des installations de distribution de carburant appartenant au bataillon de marins-pompiers et d'autres services de la ville de Marseille.,fns,cmp2006,appeloffre,initial,Ville de Marseille,13233,Marseille cedex 20,,"['Carburant, hydrocarbure', 'Prestations de services']","[52, 274]",non,oui
20-83061,2020-06-29,2020-09-26,['13'],Rénovation de 7 ascenseurs et remplacement complet d'un ascenseur au lycée MARSEILLEVEYRE à MARSEILLE,fns,cmp2006,attribution,initial,Conseil Rég Provence-Alpes-Côte d'Azur,13331,Marseille,"[('2020-06-12', 'PACA ASCENSEURS SERVICES', (180190, 'EUR'), None)]",['Ascenseur'],[17],non,non
20-83062,2020-06-29,2020-09-26,['4'],"Réhabilitation de 3 logements de fonction site CRAPLET, Lycée André Honnorat à BARCELONNETTE (04)",fns,cmp2006,attribution,initial,Conseil Rég Provence-Alpes-Côte d'Azur,13331,Marseille,"[('2020-06-11', 'Démolition Technologie', (15925, 'EUR'), None), ('2020-06-11', 'FESTA SAS', (148489.39, 'EUR'), None), ('2020-06-11', 'ECO CONSTRUCTION BOIS', (10681.7, 'EUR'), None), ('2020-06-11', 'Atelier KL Ferronnerie', (8551.12, 'EUR'), None), ('2020-06-11', 'SE CHARLES', (72500, 'EUR'), None), ('2020-06-11', 'ac-tec', (52106.95, 'EUR'), None), ('2020-06-11', 'GAP CARRELAGES', (23889.46, 'EUR'), None), ('2020-06-11', 'PROVENCE RENOVATION', (17447.8, 'EUR'), None), ('2020-06-11', 'AILLIAUD FRERES', (72190.88, 'EUR'), None), ('2020-06-11', 'CAPARROS ELECTRICITE', (23620, 'EUR'), None)]","[""Tous corps d'état""]",[345],non,non
20-83063,2020-06-29,2020-09-26,['13'],Restructuration du SSI du site au lycée Marcel PAGNOL à MARSEILLE (13),fns,cmp2006,attribution,initial,Conseil Rég Provence-Alpes-Côte d'Azur,13331,Marseille,"[('2020-06-25', 'arcom provence', (133700, 'EUR'), None)]",['Alarme'],[5],non,non
20-83065,2020-06-29,2020-09-26,['13'],Numéro de la consultation : 9JNATXXA Remplacement du SSI au lycée AMPERE à MARSEILLE (13),fns,cmp2006,attribution,initial,Conseil Rég Provence-Alpes-Côte d'Azur,13331,Marseille,"[('2020-06-16', 'arcom provence', (99200, 'EUR'), None)]",['Sécurité incendie'],[332],non,non
20-83067,2020-06-29,2020-09-26,['13'],Rénovation des façades au lycée Camille JULLIAN à MARSEILLE (13),mapa,cmp2006,attribution,initial,Conseil Rég Provence-Alpes-Côte d'Azur,13331,Marseille,,"[""Tous corps d'état""]",[345],non,non
20-83266,2020-06-29,2020-07-29,['6'],Remplacement de l'ascenseur du bâtiment principal du lycée BRISTOL à CANNES (06),mapa,cmp2006,appeloffre,initial,Conseil Rég Provence-Alpes-Côte d'Azur,13331,Marseille,,['Ascenseur'],[17],non,non
20-83222,2020-06-29,2020-09-26,['13'],"TRAVAUX DIVERS DE PEINTURE, DE REVETEMENTS MURAUX, DE SOLS SOUPLES ET DE FAUX-PLAFONDS",fns,cmp2006,attribution,initial,Commune de Carry le Rouet,13620,CARRY-LE-ROUET,"[('2020-05-29', 'BPVR', (220000, 'EUR'), None)]","['Peinture (travaux)', 'Revêtements muraux']","[264, 309]",non,non
20-83224,2020-06-29,2020-09-26,['13'],GARDIENNAGE ET SECURITE DES SITES MUNICIPAUX,fns,cmp2006,attribution,initial,Commune de Carry le Rouet,13620,CARRY-LE-ROUET,"[('2020-06-24', 'KARL EUROPE INTERVENTION', (200000, 'EUR'), None)]",['Gardiennage'],[138],non,non
20-83223,2020-06-29,2020-09-26,['13'],"TRAVAUX DE GENIE CIVIL, D'AMENAGEMENT DE SOL ET DE MACONNERIE",fns,cmp2006,attribution,initial,Commune de Carry le Rouet,13620,CARRY-LE-ROUET,"[('2020-06-24', 'SOCIETE CARRYENNE DE TRAVAUX PUBLICS', (1000000, 'EUR'), None)]",['Génie civil'],[141],non,non
20-83270,2020-06-29,2020-09-26,['13'],"ORGANISATION ET CONDUITE DES PRESTATIONS DE CONDITIONNEMENT, TRANSPORT, MANUTENTION ET CONVOYAGE D'OEUVRES D'ART",fns,cmp2006,attribution,initial,Ville d'Arles,13637,Arles,"[('2020-06-26', 'Etablissements Leon AGET SAS', (150000, 'EUR'), None)]","[""Oeuvre d'art"", 'Transport']","[247, 347]",non,oui
20-83124,2020-06-29,2020-07-23,['13'],Mission de maîtrise d'oeuvre pour la mise à niveau de la décheterie de Trinquetaille à Arles,fns,cmp2006,appeloffre,initial,Communauté d'Agglomération ACCM,13637,ARLES,,"[""Maîtrise d'oeuvre""]",[197],non,non
20-82918,2020-06-29,2020-09-24,['13'],Réalisation d'évaluations énergétiques avant et après travaux pour la SEM ou la SPL Façonéo.,fns,cmp2006,attribution,initial,FACONEO,13685,Aubagne cedex,,['Assistance technique'],[19],non,non
20-83116,2020-06-29,2020-07-26,['14'],Déclaration sans suite - Mission de contrôle technique pour la restructuration et l'extension du collège du Val d'Aure à Isigny sur Mer - Consultation no 2020COL109,mapa,cmp2006,appeloffre,annulation,DEPARTEMENT DU CALVADOS,14035,Caen,,['Contrôle technique'],[72],non,non
20-82778,2020-06-29,2020-07-23,['14'],Bayeux (14) Cathédrale - Travaux d'entretien de maçonnerie et de couverture,fns,cmp2006,appeloffre,initial,MINISTERE DE LA CULTURE,14052,Caen,,"['Couverture', 'Maçonnerie']","[74, 195]",non,non
20-83165,2020-06-29,2020-08-31,['14'],Mission d'assistance à maîtrise d'ouvrage pour la définition d'une stratégie digitale et sa mise en oeuvre pour les Ports de Normandie,fns,cmp2006,appeloffre,initial,Ports Normands Associés,14280,Saint-contest,,"[""Assistance à maîtrise d'ouvrage""]",[433],non,non
20-83162,2020-06-29,2020-07-24,"['14', '50']",Assistance technique et réglementaire pour un projet ferroviaire,fns,cmp2006,appeloffre,initial,Ports Normands Associés,14280,Saint-contest,,['Etude'],[118],non,non
20-83253,2020-06-29,2020-08-06,"['15', '43', '63']",Mission de maîtrise d'oeuvre relative à la réhabilitation de la Cité Administrative d'État d'Aurillac,fns,cmp2006,appeloffre,initial,Préfecture du Cantal,15000,Aurillac,,['Prestations de services'],[274],non,non
20-82814,2020-06-29,2020-07-20,['15'],Numéro de la consultation : 2020-TX-CHM-0006 Isolation des planchers bas,fns,cmp2006,appeloffre,initial,CENTRE HOSPITALIER HENRI MONDOR,15002,AURILLAC,,"['Isolation', 'Plancher technique']","[169, 267]",non,non
20-82838,2020-06-29,2020-08-04,['16'],"Résorption des Points Noirs Bruit sur la RN 10 et sur la RN : recensement, mesures proposées, diagnostic et suivi des travaux",mapa,cmp2006,appeloffre,initial,DIRECTION DEPARTEMENTALE TERRITOIRES,16000,Angoulême,,['Etude'],[118],non,non
20-81624,2020-06-29,2020-07-30,['17'],Prestations de tierce maintenance applicative du site internet du Département 17,fns,cmp2006,appeloffre,initial,Cons. Départ. de la Charente-Maritime,17076,La Rochelle Cedex 9,,"['Site internet', 'Maintenance']","[171, 196]",non,non
20-83145,2020-06-29,2020-08-31,['17'],PRESTATIONS DE SERVICES D'ASSURANCE,fns,cmp2006,appeloffre,initial,Commune de Marsilly,17137,MARSILLY,,['Assurance'],[20],non,non
20-83251,2020-06-29,2020-08-04,"['83', '84', '13']",Travaux de réhabilitation de l'assainissement autonome de la ferme de l'Oustaou de Diou à Porquerolles Commune d'Hyères (83),mapa,cmp2006,appeloffre,initial,Conservatoire du littoral,17306,Rochefort cedex,,['Travaux de viabilité'],[353],non,non
20-83084,2020-06-29,2020-07-23,['18'],VERIFICATION ET MAINTENANCE DES EQUIPEMENTS DE SECURITE INCENDIE POUR L'ETABLISSEMENT DU CENTRE HOSPITALIER DE GEORGE SAND,fns,cmp2006,appeloffre,initial,C.H. Jacques Coeur de Bourges,18020,BOURGES cedex,,"['Maintenance', ""Matériel de secours et d'incendie"", 'Sécurité incendie']","[196, 217, 332]",oui,oui
20-83150,2020-06-29,2020-07-24,['19'],maîtrise d'oeuvre : travaux réseaux d'assainissement -secteurs du bourg et de la gare de corrèze et construction d'une nouvelle station d'épuration et de ses équipements - secteur du bourg,fns,cmp2006,appeloffre,initial,COMMUNAUTE D AGGLOMERATION TULLE AGGLO,19000,Tulle,,"[""Maîtrise d'oeuvre""]",[197],non,non
20-83260,2020-06-29,2020-07-29,['19'],"Délégation pour la gestion administrative, technique, financière et l'animation de la pépinière agroalimentaire et bio industrielle étendue aux technologies de la communication et",dsp,dsp,appeloffre,initial,COMMUNAUTE D'AGGLO DU BASSIN DE BRIVE,19103,Brive,,['Prestations de services'],[274],non,non
20-83198,2020-06-29,2020-07-15,['19'],Aménagement de la route des Saulières à Donzenac,fns,cmp2006,appeloffre,initial,COMMUNE DE DONZENAC,19270,Donzenac,,['Voirie'],[365],non,non
20-82806,2020-06-29,2020-07-17,['19'],Acquisition de petits matériels électriques et thermiques,mapa,cmp2006,appeloffre,initial,Mairie de BRIVE LA GAILLARDE,19312,Brive,,['Espaces verts'],[116],non,non
20-82890,2020-06-29,2020-07-29,"['20A', '20B']",Numéro de la consultation : 2020-7DIE-0154 CITE SCOLAIRE LAETITIA BONAPARTE - AMELIORATION ET MISE EN CONFORMITE DE L'ACCESSIBILITE PMR,fns,cmp2006,appeloffre,initial,COLLECTIVITE DE CORSE,20187,AJACCIO,,['Bâtiment'],[33],non,non
20-83134,2020-06-29,2020-07-22,"['20A', '20B']","Numéro de la consultation : 2020-CDC-0035 Fourniture, marquage et livraison d'objets publicitaires et de signalétique de l'Assemblée de Corse",fns,cmp2006,appeloffre,initial,COLLECTIVITE DE CORSE,20187,AJACCIO,,['Objet publicitaire'],[464],non,non
20-83234,2020-06-29,2020-07-31,['20B'],"Travaux d'aménagements scénographiques de la maison du grand site de France Conca d'oru, vignoble de Patrimonio - golfe de Saint-florent",fns,cmp2006,appeloffre,initial,syndicat mixte grand site conca d'oru,20200,Bastia c,,['Equipement muséographique'],[409],non,non
20-82692,2020-06-29,2020-07-22,"['20B', '20A']",Construction d'un groupe scolaire à Miomo,mapa,cmp2006,appeloffre,initial,COMMUNE DE SANTA MARIA DI LOTA,20200,Santa Maria di Lota,,"['Bardage', 'Bâtiment', 'Revêtements de sols', 'Serrurerie']","[30, 33, 308, 321]",non,non
20-82770,2020-06-29,2020-07-22,['21'],Rénovation du cinéma 'Le Nuiton',fns,cmp2006,appeloffre,initial,CC GEVREY CHAMBERTIN NUITS ST GEORGES,21700,Nuits saint georges,,"[""Tous corps d'état""]",[345],non,non
20-82868,2020-06-29,2020-07-27,"['22', '35']",Travaux de clôtures - remplacement de la clôture existante de la gendarmerie de Caulnes.Consultation no 20.038,fns,cmp2006,appeloffre,initial,DINAN AGGLOMERATION,22106,Dinan cedex,,['Clôture'],[64],non,non
20-81731,2020-06-29,2020-07-27,['22'],assurance dommage ouvrage et tous risques chantier pour la construction de la halle sportive du liffrélots no1 et no2,fns,cmp2006,appeloffre,initial,Lamballe Terre & Mer,22400,Lamballe-Armor,,['Assurance'],[20],non,non
20-81670,2020-06-29,2020-07-27,['22'],assurance dommage ouvrage et tous risques chantier pour la construction du musée mathurin méheut à lamballe-armorlots no1 et no2,fns,cmp2006,appeloffre,initial,Lamballe Terre & Mer,22400,Lamballe-Armor,,['Assurance'],[20],non,non
20-82901,2020-06-29,2020-09-26,['24'],"Développement et exploitation du camping municipal "" La Borgne """,dsp,autre,attribution,initial,COMMUNE DE CAZOULES,24370,Cazoules,"[('2020-06-04', 'Alpha Camping Holding France', (1100000, 'EUR'), None)]",['Délégation de service public'],[406],non,non
20-82702,2020-06-29,2020-08-31,"['21', '58', '71', '89', '25', '39', '70', '90']",Lycées de Bourgogne Franche-Comté : équipement Energétique et développement durable.Lot 02 : système d'éclairage public connecté type 'Smart City'Lot 03 : système d'éclairage pub,fns,cmp2006,appeloffre,initial,Région Bourgogne - Franche-Comté,25031,Besançon cedex,,['Eclairage public'],[102],non,non
20-82667,2020-06-29,2020-07-31,['25'],Equipement du forage de reconnaissance f6 et pompages d'essai,fns,cmp2006,appeloffre,initial,GRAND BESANCON METROPOLE,25043,Besançon cedex,,"['Alimentation en eau potable', 'Equipement hydraulique', 'Forage']","[6, 111, 132]",non,non
20-83173,2020-06-29,2020-07-29,['25'],Restauration de la continuité écologique au droit du barrage des pipes Ropp sur le Cusancin à Baume-les-Dames (25) - Maîtrise d'oeuvre,mapa,cmp2006,appeloffre,initial,CC DU DOUBS BAUMOIS,25110,Baume les Dames,,"[""Maîtrise d'oeuvre"", 'Ouvrage hydraulique', 'Passe à poissons']","[197, 255, 287]",non,non
20-82897,2020-06-29,2020-09-26,['25'],"Contrat de concession de Service public - NumericaExploitation, animation et gestion d'un ensemble immobilier dédié au numérique",dsp,autre,attribution,initial,Pays de Montbéliard Agglomération,25208,Montbeliard Cedex,"[('2020-03-26', 'Numerica', (2485712.63, 'EUR'), None)]","['Prestations de services', 'Délégation de service public']","[274, 406]",non,non
20-83129,2020-06-29,2020-09-01,['25'],Acquisition et livraison de véhicules et matériels roulants pour la Ville de Pontarlier,fns,cmp2006,appeloffre,initial,COMMUNE DE PONTARLIER,25304,PONTARLIER,,['Véhicules (acquisition)'],[475],non,non
20-82595,2020-06-29,2020-07-27,['27'],Fourniture de services de télécommunications : accès internet professionnels et interconnexion de sites MPLS,joue,directive24,appeloffre,initial,CA EVREUX PORTES DE NORMANDIE,27004,EVREUX CEDEX,,['Télécommunications'],[338],non,non
20-82800,2020-06-29,2020-08-04,['27'],VELOROUTE - VOIE VERTE - LA SEINE A VELO - Section Vernon - Les Andelys - Réhabilitation de l'ouvrage du Gambon -Travaux d'ouvrage d'art,joue,autre,rectificatif,rectificatif,DEPARTEMENT DE L EURE,27021,Evreux cedex 01,,"[""Tous corps d'état""]",[345],non,non
20-82645,2020-06-29,2020-07-21,"['27', '76']",Travaux d'électricitté dans les bâtiments communaux de la Ville de Bernay,fns,cmp2006,appeloffre,initial,COMMUNE DE BERNAY,27300,Bernay,,['Electricité (travaux)'],[105],non,non
20-83217,2020-06-29,2020-09-26,['28'],Travaux de restructuration et de rénovation partielle du collège Jules Ferry à Auneau : Démolition - désamiantage,fns,cmp2006,attribution,initial,Conseil général d'Eure et Loir,28028,Chartres,"[('2020-06-23', 'SARL POULLARD', (300000, 'EUR'), None)]",['Démolition'],[87],non,non
20-82902,2020-06-29,2020-09-26,['28'],PRESTATIONS DE GRATTAGE OU D'EFFACAGE DE MARQUAGE HORIZONTAL SUR CHAUSSEE ROUTIERE,fns,cmp2006,attribution,initial,Conseil général d'Eure et Loir,28028,Chartres,"[('2020-06-17', 'VIA SYSTEM', (800000, 'EUR'), None)]",['Voirie'],[365],non,non
20-82904,2020-06-29,2020-09-26,['28'],Commune de Coulombs - RD 7083 - ouvrage noAN086 - réfection et élargissement par une passerelle piétonne du pont sur le Coulis,fns,cmp2006,attribution,initial,Conseil général d'Eure et Loir,28028,Chartres,"[('2020-06-17', 'VINCI CONSTRUCTION MARITIME ET FLUVIAL', (139067.41, 'EUR'), None)]",['Voirie'],[365],non,non
20-83147,2020-06-29,2020-08-31,['28'],"La prestation a pour objet le gardiennage, la protection des installations lors des différentes manifestations organisées par la ville de Dreux et du gardiennage ponctuel.",fns,cmp2006,attribution,initial,Commune de Dreux,28103,Dreux cedex,,['Gardiennage'],[138],non,non
20-83156,2020-06-29,2020-07-10,"['29', '56', '44', '22', '35']",réhabilitation de trois réservoirs d'eau potable pour Quimperlé Communauté (29) :- châteaux d'eau du bourg et du pouldu en clohars-carnoët ;- réservoir de toul ar bleiz à quimperlé.,fns,cmp2006,appeloffre,rectificatif,CA QUIMPERLE COMMUNAUTE,29394,Quimperlé Cedex,,"['Alimentation en eau potable', 'Etanchéité', 'Ravalement', 'Réservoir']","[6, 117, 299, 307]",non,non
20-83214,2020-06-29,2020-07-30,"['30', '34', '13', '84', '69']",Travaux hydrauliques - Extension de la ZAC du Petit Verger (30190 La Calmette),fns,cmp2006,appeloffre,initial,SPL AGATE,30000,Nîmes,,['Ouvrage hydraulique'],[255],oui,non
20-83228,2020-06-29,2020-07-21,['30'],Réhabilitation d'un ancien bâtiment industriel en Centre Technique Municipal - Travaux de réparation de façades en béton cellulaire (Ville de Nîmes),fns,cmp2006,appeloffre,initial,SPL AGATE,30035,Nimes Cedex 1,,['Peinture (travaux)'],[264],non,non
20-83153,2020-06-29,2020-07-29,['30'],"Travaux courants d'entretien, de grosses réparations et d'investissement dans les bâtiments gérés par le SIVU de la Piscine de Beaucaire TarasconRELANCE DU LOT N°5 PLÂTRERIES ET PEINTURE",fns,cmp2006,appeloffre,initial,Ville de Beaucaire,30300,Beaucaire,,"['Peinture (travaux)', 'Plâtrerie']","[264, 269]",non,non
20-83136,2020-06-29,2020-07-24,['30'],Numéro de la consultation : 2020-SIGN HORIZ Réfection et création de signalisation horizontale,fns,cmp2006,appeloffre,initial,COMMUNE DE VILLENEUVE LES AVIGNON,30404,VILLENEUVE LEZ AVIGNON,,"['Peinture (travaux)', 'Signalisation']","[264, 322]",non,non
20-80784,2020-06-29,2020-07-29,['30'],travaux de réhabilitation du mas larrier chemin de jonquières - bouzilhe - relance lots 15 et 16,fns,cmp2006,appeloffre,initial,CA Nîmes Métropole,30947,Nîmes,,"['Etanchéité', 'Mobilier']","[117, 230]",non,non
20-83141,2020-06-29,2020-07-27,['31'],Travaux d'aménagement du lotissement Athéna dans la zone industrielle à Auterive,fns,cmp2006,appeloffre,initial,CC DU BASSIN AUTERIVAIN HAUT GARONNAIS,31190,AUTERIVE,,"['Génie civil', 'Réseaux divers', 'Travaux de viabilité', 'Voirie']","[141, 306, 353, 365]",non,non
20-83032,2020-06-29,2020-07-30,['31'],Acquisition de vêtements de travail pour équiper ses agents municipaux. Commune de Cugnaux (31270),mapa,cmp2006,appeloffre,initial,COMMUNE DE CUGNAUX,31270,Cugnaux,,['Habillement'],[150],non,non
20-83154,2020-06-29,2020-07-30,['31'],Acquisition des véhicules utilitaires légers,fns,cmp2006,appeloffre,initial,COMMUNE DE CUGNAUX,31270,Cugnaux,,['Véhicules (acquisition)'],[475],non,non
20-83205,2020-06-29,2020-08-03,['33'],RÉORGANISATION ET CONSTRUCTION DU GROUPEMENT TECHNIQUE ET LOGISTIQUE (GTL) A BORDEAUX NORD 3 LOTS,fns,cmp2006,appeloffre,initial,S.C.E.T.,33000,BORDEAUX,,"[""Tous corps d'état""]",[345],non,non
20-83190,2020-06-29,2020-07-20,['33'],Achat de barriques pour l'élevage et la vinification de vins blancs Pour le Château Luchey Halde à Mérignac,mapa,cmp2006,appeloffre,initial,Bordeaux Sciences Agro,33175,Gradignan,,['Conditionnement'],[67],non,oui
20-83287,2020-06-29,2020-07-20,['33'],Achat de Barriques pour l'élevage de vins rouges,mapa,cmp2006,appeloffre,initial,Bordeaux Sciences Agro,33175,Gradignan,,['Conditionnement'],[67],non,oui
20-83232,2020-06-29,2020-07-27,['33'],AMENAGEMENT DU BOURG DE ST ROMAIN LA VIRVEE RD137E6 Tranche 2,fns,cmp2006,appeloffre,initial,MAIRIE DE ST ROMAIN LA VIRVEE,33240,St romain la virvée,,['Voirie'],[365],non,non
20-83028,2020-06-29,2020-07-06,['33'],travaux d'aménagement du fil vert à lormont,fns,cmp2006,attribution,initial,Ville de Lormont,33305,Lormont cedex,,"['Espaces verts', 'Ouvrage métallique', 'Revêtements de sols', 'Serrurerie', 'Voirie et réseaux divers']","[116, 254, 308, 321, 366]",non,non
20-83127,2020-06-29,2020-07-31,['33'],assistance à maîtrise d'ouvrage pour le suivi des marchés de maintenance/exploitation des installations thermiques de l'ugecam d'aquitaine,fns,cmp2006,appeloffre,initial,UGECAM d'Aquitaine,33523,Bruges,,"['Chauffage (exploitation, entretien)', 'Equipement thermique', 'Prestations de services', ""Assistance à maîtrise d'ouvrage""]","[59, 114, 274, 433]",non,non
20-82910,2020-06-29,2020-07-30,['33'],Clos et couvert du bâtiment administratif du centre de loisirs de ROMAINVILLE,mapa,cmp2006,appeloffre,initial,COMMUNE DE PESSAC,33604,PESSAC CEDEX,,"['Couverture', 'Isolation']","[74, 169]",non,non
20-82644,2020-06-29,2020-08-26,['33'],Restructuration et réorganisation du site et bâtiments de l'Union Saint-Jean. Etudes préliminaires et maîtrise d'oeuvre.,fns,cmp2006,appeloffre,initial,Union Saint-Jean,33800,Bordeaux,,"['Etude', ""Maîtrise d'oeuvre""]","[118, 197]",non,non
20-83099,2020-06-29,2020-09-21,['34'],souscription des contrats d'assurance de la commune d'aniane (y compris c.c.a.s.),fns,cmp2006,appeloffre,initial,Commune d'Aniane,34150,Aniane,,['Assurance'],[20],non,non
20-82650,2020-06-29,2020-07-10,['34'],fourniture des repas au restaurant scolaire et au centre de loisirs,mapa,cmp2006,appeloffre,initial,mairie le pouget,34230,Le Pouget,,['Restauration collective'],[66],non,non
20-82929,2020-06-29,2020-09-05,['34'],Travaux de génie climatique dans les bâtiments existants - Rénovation de chaufferies,fns,cmp2006,attribution,initial,Ville de Montpellier,34267,Montpellier,,['Chauffage (travaux)'],[61],non,non
20-82717,2020-06-29,2020-07-20,"['35', '22', '44', '56']","L'objet du marché porte sur l'agrandissement et la rénovation de la halte-garderie, la mise aux normes des installations électriques et de chauffage ainsi que la mise en oeuvre d'un "" m",fns,cmp2006,appeloffre,initial,Caisse d'Allocations Familiales d'Ille,35028,Rennes cedex 09,,['Bâtiment'],[33],non,non
20-82664,2020-06-29,2020-09-01,['35'],Travaux de peinture aux Champs Libres,fns,cmp2006,appeloffre,initial,Rennes Métropole,35039,RENNES CEDEX,,['Peinture (travaux)'],[264],non,non
20-82885,2020-06-29,2020-09-01,['35'],Achat et installation d un système de brochage dos carré piqué pour l atelier de production du service éditions plurimédia du Département d Ille et Vilaine.,fns,cmp2006,appeloffre,initial,Département d'Ille et Vilaine,35042,RENNES CEDEX,,"[""Matériel d'imprimerie""]",[211],non,non
20-82745,2020-06-29,2020-07-31,"['22', '29', '35', '56']",Rénovation des portes et remplacement de la mécanisation de l'écluse de Guily Glas,fns,cmp2006,appeloffre,initial,Région Bretagne,35711,Rennes cedex 7,,['Ecluse'],[103],non,non
20-83161,2020-06-29,2020-07-15,"['35', '22']",TRAVAUX D'EXTENSION ET DE REHABILITATION DE LA MAIRIE DE PLEURTUIT,fns,cmp2006,appeloffre,rectificatif,SOC PUB LOCALE CONSTR PUB ILLE VILAINE,35768,Saint gregoire cedex,,"['Bâtiment', ""Tous corps d'état""]","[33, 345]",non,non
20-83115,2020-06-29,2020-08-30,['37'],MARCHE D'ENTRETIEN ECOLOGIQUE DES LOCAUX DU SIEGE SOCIAL DU SIEIL,mapa,cmp2006,appeloffre,rectificatif,SI D ENERGIE D INDRE ET LOIRE,37013,Tours cedex 01,,['Nettoyage de locaux'],[239],non,oui
20-82876,2020-06-29,2020-07-17,['37'],aménagement d'un accès au centre équestre chemin de l'oucherie chemin rural no35 à savonnières,fns,cmp2006,appeloffre,initial,mairie de savonnieres,37510,Savonnières,,['Voirie et réseaux divers'],[366],non,non
20-83201,2020-06-29,2020-08-03,['38'],Prestations de gardiennage,fns,cmp2006,appeloffre,initial,GRENOBLE-ALPES METROPOLE,38031,GRENOBLE,,['Gardiennage'],[138],oui,non
20-82942,2020-06-29,2020-07-31,['40'],fourniture de véhiculespour les régies de l'eau et de l'assainissement,mapa,cmp2006,appeloffre,initial,MONT DE MARSAN AGGLOMERATION,40001,Mont de Marsan Cedex,,['Véhicules (acquisition)'],[475],non,oui
20-83107,2020-06-29,2020-07-16,['40'],"travaux d'entretien des façades et des toitures "" la montagne "" à labenne",fns,cmp2006,appeloffre,initial,O.P.D.H.L.M. des Landes,40011,Mont De Marsan Cedex,,"['Couverture', 'Peinture (travaux)', 'Zinguerie']","[74, 264, 372]",non,non
20-82665,2020-06-29,2020-07-24,['41'],Location installation et maintenance d'une patinoire mobile et de sa piste de luge,fns,cmp2006,appeloffre,initial,Ville de Blois,41012,Blois Cedex,,['Equipement sportif'],[113],non,oui
20-82815,2020-06-29,2020-09-04,['41'],REFECTION DE LA TOITURE DU CENTRE DE SECOURS DE DROUE ET DU CENTRE DE PREMIERE INTERVENTION DE SELOMMES,fns,cmp2006,appeloffre,initial,SDIS de Loir-et-Cher,41043,Blois,,['Couverture'],[74],non,non
20-83003,2020-06-29,2020-08-10,['41'],Service de transports dans le cadre des sorties scolaires et service de transport des enfants du périscolaire des écoles primaires de Vendôme,mapa,cmp2006,appeloffre,initial,Ville de Vendôme,41106,Vendôme Cedex,,['Transport'],[347],non,non
20-82662,2020-06-29,2020-08-31,['41'],Travaux de renouvellement de canalisations d'eau potable sujets au relargage de CVM - communes de Crucheray - Lancé - Nourray,fns,cmp2006,appeloffre,initial,Territoires vendômois,41106,Vendôme,,"['Canalisations', 'Génie civil', 'Réseaux divers']","[48, 141, 306]",non,non
20-82965,2020-06-29,2020-07-31,['42'],location de matériel et personnel pour le théâtre du parc et manifestations communales,fns,cmp2006,appeloffre,initial,COMMUNE D ANDREZIEUX BOUTHEON,42160,Andrézieux-Bouthéon,,"['Location (matériels)', 'Mise à disposition de personnel']","[185, 461]",non,non
20-83074,2020-06-29,2020-07-21,['42'],Travaux de réfection d'un ouvrage d'art sur le Merderet sur la commune de Saint-Romain-le-Puy,mapa,cmp2006,appeloffre,initial,Communauté d'Agglomération Loire Forez,42605,Montbrison Cedex,,"[""Ouvrage d'art"", 'Terrassement', 'Voirie']","[252, 341, 365]",non,non
20-82921,2020-06-29,2020-08-03,['44'],Achat de véhicules pour la ville de Pornic,fns,cmp2006,appeloffre,initial,Commune de Pornic,44210,Pornic,,['Véhicules (acquisition)'],[475],non,non
20-83171,2020-06-29,2020-08-30,['44'],Encadrement pédagogique d'un atelier de formation pour l'acquisition des savoirs de base pour le CCAS de Bouguenais,mapa,cmp2006,attribution,initial,Ville de Bouguenais,44341,BOUGUENAIS CEDEX,,['Formation'],[410],non,non
20-83016,2020-06-29,2020-07-23,['44'],CONSTRUCTION D'UN RESTAURANT A MESSAN,fns,cmp2006,appeloffre,initial,Ville de Rouans,44640,ROUANS,,"['Bâtiment', 'Carrelage', 'Charpente', 'Cloison, faux plafond', 'Couverture', 'Electricité (travaux)', 'Etanchéité', 'Gros oeuvre', 'Menuiserie', 'Plomberie (travaux)', 'Ravalement', 'Revêtements de sols', 'Revêtements muraux', 'Serrurerie', 'Terrassement', 'Ventilation']","[33, 53, 57, 63, 74, 105, 117, 144, 222, 270, 299, 308, 309, 321, 341, 360]",non,non
20-82792,2020-06-29,2020-07-29,['44'],Chambre des Métiers et de l'Artisanat des Pays de la Loire - Construction d'un bâtiment de formation et administration - 6 bd des Patureaux - 44 STE LUCE S/LOIRE,fns,cmp2006,appeloffre,initial,CMAR Pays de La Loire,44985,Sainte Luce sur Loire cédex,,"['Ascenseur', 'Bardage', 'Carrelage', 'Charpente', 'Cloison, faux plafond', 'Electricité (travaux)', 'Etanchéité', 'Gros oeuvre', 'Isolation', 'Menuiserie', 'Métallerie', 'Peinture (travaux)', 'Plomberie (travaux)', 'Revêtements de sols', ""Tous corps d'état""]","[17, 30, 53, 57, 63, 105, 117, 144, 169, 222, 223, 264, 270, 308, 345]",non,non
20-83278,2020-06-29,2020-07-21,['45'],MARCHE DE GEOMETRE ACCORD-CADRE A BONS DE COMMANDE,mapa,cmp2006,appeloffre,initial,SEMDO,45056,Orleans cedex 1,,['Ingénierie'],[455],non,non
20-82846,2020-06-29,2020-07-27,['13'],Le marché a pour objet la rénovation des installations de traitement d'air par :- la dépose des installations exsitantes ;- la remplacement des unités intérieures ;- la mise en place d'un,fns,cmp2006,appeloffre,initial,B R G M,45060,Orléans cedex 2,,"[""Tous corps d'état""]",[345],non,oui
20-82998,2020-06-29,2020-07-24,"['45', '77', '89']",La présente consultation concerne donc les travaux de restauration de la continuité écologique sur un ouvrage prioritaire : le barrage de la Retournée à Fontenay-sur-Loing.Les barrages de la Retou..,fns,cmp2006,appeloffre,initial,EPAGE DU BASSIN DU LOING,45200,Montargis,,"['Ouvrage hydraulique', 'Rivières/ruisseaux', 'Terrassement', ""Travaux dans l'eau""]","[255, 310, 341, 349]",non,non
20-82759,2020-06-29,2020-07-20,['45'],CONSTRUCTION D'UN ACCUEIL PERISCOLAIRE DANS L'ECOLE MAURICE MEUNIER,fns,cmp2006,appeloffre,initial,Ville de Montargis,45207,MONTARGIS CEDEX,,"['Charpente', 'Electricité (travaux)', 'Maçonnerie', 'Menuiserie', 'Plomberie (travaux)']","[57, 105, 195, 222, 270]",non,non
20-82843,2020-06-29,2020-07-22,['47'],Extension de la salle à manger des élèves,fns,cmp2006,appeloffre,initial,SEM 47,47000,Agen,,['Maintenance'],[196],non,non
20-83179,2020-06-29,2020-07-28,"['47', '24', '33', '40', '46', '32', '31', '82']",Mission de Maîtrise d'oeuvre pour les travaux de Réhabilitation des réseaux d'eau potable et d'assainissement du Centre-Ville - Commune de CASTELJALOUX - Territoire Porte des Landes,fns,cmp2006,appeloffre,initial,Syndicat Départemental EAU47,47031,Agen cedex,,"['Alimentation en eau potable', 'Assainissement', 'Canalisations', ""Maîtrise d'oeuvre""]","[6, 18, 48, 197]",non,non
20-82860,2020-06-29,2020-07-20,"['47', '32', '31', '33', '28']",La presente consultation concerne l'amenagement d'un cheminement pieton PMR.,fns,cmp2006,appeloffre,initial,Commune de BAJAMONT,47480,Bajamont,,"['Espaces verts', 'Terrassement']","[116, 341]",non,non
20-83184,2020-06-29,2020-07-07,['49'],TRANSPORT DES DÉCHETS DU CENTRE D'ENVIRONNEMENT DE BELLEVUE AUX EXUTOIRES,fns,cmp2006,attribution,initial,Saumur Agglopropreté,49401,SAUMUR Cedex,"[('2020-06-24', 'SémA-E', (39990, 'EUR'), None), ('2020-06-24', 'SémA-E', (34650, 'EUR'), None), ('2020-06-24', 'SémA-E', (24570, 'EUR'), None), ('2020-06-24', 'SémA-E', (43340, 'EUR'), None)]",['Transport'],[347],non,non
20-82730,2020-06-29,2020-07-31,['49'],Fourniture de dispositifs numériques,fns,cmp2006,appeloffre,initial,SOC PUBLIQUE REG ABE DE FONTEVRAUD,49590,FONTEVRAUD L'ABBAYE,,['Informatique (matériel)'],[162],non,non
20-82845,2020-06-29,2020-07-27,['49'],AUDIT DU SERVICE REPROGRAPHIE DU CHU D ANGERS EN VUE D?UNE EXTERNALISATION,fns,cmp2006,appeloffre,initial,CTRE HOSP UNIVERSITAIRE ANGERS,49933,Angers cédex 9,,['Audit'],[21],non,non
20-83011,2020-06-29,2020-07-24,['49'],"La fourniture, installation, mise en service et évolutivité d'un osmomètre pour analyse de biologie médicale, fourniture d'accessoires, de consommables, de pièces détachées et prestations.",mapa,cmp2006,appeloffre,initial,CTRE HOSP UNIVERSITAIRE ANGERS,49933,Angers cédex 9,,['Matériel médical'],[212],non,non
20-83261,2020-06-29,2020-07-24,['50'],Mission d'assistance à la maîtrise d'ouvrage pour la rédaction d'un schéma de développement économique et d'urbanisme commercial,mapa,cmp2006,appeloffre,initial,CA SAINT LO AGGLO,50008,SAINT-LO,,['Etude'],[118],non,non
20-83206,2020-06-29,2020-07-31,['50'],REMPLACEMENT DES PORTES EXTERIEURES DE LA STATION GOELANE DU SMAAG,fns,cmp2006,appeloffre,initial,S.M.A.A.G,50380,SAINT-PAIR SUR MER,,['Menuiserie'],[222],non,non
20-82752,2020-06-29,2020-07-29,['54'],Acquisition d'un système d'assemblage et de brochage en ligne pour l'imprimerie du département de Meurthe et Moselle,fns,cmp2006,appeloffre,initial,Département de Meurthe-et-Moselle,54035,NANCY CEDEX,,['Impression'],[160],non,non
20-82646,2020-06-29,2020-09-25,['55'],Travaux de dragage du CMRO,fns,cmp2006,attribution,initial,Voies navigables de France,54036,Nancy,[],"['Dragage', 'Ecluse']","[93, 103]",non,non
20-83105,2020-06-29,2020-07-17,['54'],TRAVAUX DE PEINTURE VILLE DE LONGWY,fns,cmp2006,appeloffre,initial,Ville de Longwy,54400,Longwy,,['Peinture (travaux)'],[264],non,non
20-82708,2020-06-29,2020-07-31,['55'],travaux de mise en sécurité incendie des personnes à mobilité réduite au musée de la bière,mapa,cmp2006,appeloffre,initial,Conseil départemental de la Meuse,55012,Bar le Duc cedex,,"['Electricité (travaux)', 'Menuiserie', 'Peinture (travaux)', 'Plâtrerie', 'Sécurité incendie']","[105, 222, 264, 269, 332]",non,non
20-82709,2020-06-29,2020-07-30,['55'],construction d'un centre d'exploitation routière à void-vacon (dce téléchargeable gratuitement sur https://profilacheteur.meuse.fr),fns,cmp2006,appeloffre,initial,Conseil départemental de la Meuse,55012,Bar-le-Duc,,"['Carrelage', 'Charpente', 'Couverture', 'Electricité (travaux)', 'Gros oeuvre', 'Isolation', 'Menuiserie', 'Peinture (travaux)', 'Plâtrerie', 'Plomberie (travaux)', 'Serrurerie', 'Voirie et réseaux divers', 'Porte automatique, portail']","[53, 57, 74, 105, 144, 169, 222, 264, 269, 270, 321, 366, 412]",oui,non
20-83233,2020-06-29,2020-07-29,"['56', '35', '44']",missions de conseil et d'accompagnement de la communication de l'eptb vilaine.,mapa,cmp2006,appeloffre,initial,Institution Aménagement de la Vilaine,56130,La Roche Bernard,,"['Publicité, Communication']",[285],non,non
20-83097,2020-06-29,2020-08-28,['56'],Mission d'assistance à maîtrise d'ouvrage en vue de l'élaboration d'un Plan Climat Air Energie Territoriale et de l'Evaluation Environnementale Stratégique de Pontivy Communau,mapa,cmp2006,appeloffre,initial,PONTIVY COMMUNAUTE,56303,Pontivy Cedex,,"['Assistance technique', 'Assistance juridique']","[19, 434]",non,non
20-81616,2020-06-29,2020-09-08,['56'],marché d'assistance à maîtrise d'ouvrage pour le regroupement des services techniques,mapa,cmp2006,appeloffre,initial,ville d'Hennebont,56700,Hennebont,,"[""Assistance à maîtrise d'ouvrage""]",[433],non,non
20-82842,2020-06-29,2020-07-22,"['57', '54', '55', '88']",La consultation engagée vise la conclusion d'un accord-cadre tel que réglementé par les articles R.2162-1 et suivants du code de la commande publique.L'accord-cadre a pour objet d'étab,fns,cmp2006,appeloffre,initial,sebl,57045,Metz,,"['Publicité, Communication']",[285],non,non
20-82997,2020-06-29,2020-08-01,['57'],Marché de travaux pour la requalification de la salle polyvalente à Plappeville,fns,cmp2006,appeloffre,initial,Mairie de Plappeville,57050,PLAPPEVILLE,,"['Bardage', 'Bâtiment', 'Carrelage', 'Charpente', 'Chauffage (travaux)', 'Cloison, faux plafond', 'Couverture', 'Electricité (travaux)', 'Etanchéité', 'Gros oeuvre', 'Isolation', 'Matériel scénique', 'Menuiserie', 'Peinture (travaux)', 'Plâtrerie', 'Plomberie (travaux)', 'Revêtements de sols', 'Serrurerie', 'Ventilation', 'Voirie']","[30, 33, 53, 57, 61, 63, 74, 105, 117, 144, 169, 216, 222, 264, 269, 270, 308, 321, 360, 365]",oui,non
20-82732,2020-06-29,2020-07-30,['57'],ÉTUDE POUR L'OUVERTURE AU PUBLIC DES SECTEURS BASE VIE ET ZAC POINTE SUD DU PLATEAU DE FRESCATY JUSQU'A LA PHASE ACT,mapa,cmp2006,appeloffre,initial,METZ METROPOLE,57071,Metz,,"['Etude', 'Ingénierie']","[118, 455]",non,non
20-82749,2020-06-29,2020-07-15,['57'],Acquisition d'un tracteur,mapa,cmp2006,appeloffre,initial,Mairie de Florange,57198,FLORANGE,,"['Machines-outils', 'Matériel agricole, horticole', 'Véhicules']","[194, 200, 359]",non,non
20-82696,2020-06-29,2020-07-31,['57'],Citadelle - travaux d'urgence 2019-2021 - Restauration du bastion nord-ouest et du couronne,fns,cmp2006,appeloffre,rectificatif,Mairie de Bitche,57232,BITCHE Cedex,,['Maçonnerie'],[195],non,non
20-82961,2020-06-29,2020-07-26,['58'],"remplacement des licences, du support, de la maintenance et possibilités d'extensions du logiciel fsecure.",mapa,cmp2006,attribution,initial,Centre Hospitalier de Nevers,58033,Nevers Cedex,,['Informatique (maintenance serveurs et réseaux)'],[454],non,non
20-82852,2020-06-29,2020-07-29,['58'],"ght nièvre : maintenance des matériels de marque nikkiso/hemotech, fourniture des accessoires et consommables pour le centre hospitalier de l'agglomération de nevers",mapa,cmp2006,attribution,initial,Centre Hospitalier de Nevers,58033,Nevers,,['Matériel médical'],[212],non,non
20-83010,2020-06-29,2020-07-28,['58'],identification - restauration et valorisation du patrimoine naturel et bocager du réseau de mares,fns,cmp2006,appeloffre,initial,COMMUNAUTÉ DE COMMUNES COEUR DE LOIRE,58200,Cosne-cours-sur-loire,,['Etude'],[118],non,non
20-82857,2020-06-29,2020-07-24,['59'],Croix - Roubaix - Travaux d'aménagement du Carrefour du fer à Cheval et du Carrefour d'Hem - Opération no2,joue,autre,rectificatif,rectificatif,METROPOLE EUROPEENNE DE LILLE,59034,Lille cedex,,['Voirie'],[365],non,non
20-82686,2020-06-29,2020-07-23,['59'],"Conception graphique des éléments de communication et de signalétique de l'exposition "" Dynastie Francken """,mapa,cmp2006,appeloffre,initial,DEPARTEMENT DU NORD,59047,Lille,,['Equipement muséographique'],[409],non,non
20-79714,2020-06-29,2020-07-29,['59'],Hébergement des sites internet de la caph,mapa,cmp2006,attribution,initial,COM D AGGL DE LA PORT DU HAINAUT,59135,Wallers,,['Informatique (prestations de services)'],[163],non,non
20-82756,2020-06-29,2020-07-06,['59'],caméra thermique rapide,fns,cmp2006,attribution,initial,Université de Valenciennes,59313,Valenciennes cedex 09,,"['Equipement thermique', 'Equipements spécialisés', 'Laboratoire (matériel)', 'Matériel de précision']","[114, 115, 188, 215]",non,non
20-82765,2020-06-29,2020-07-29,['59'],robot de conduite pour banc dynamométrique,fns,cmp2006,attribution,initial,Université de Valenciennes,59313,Valenciennes cedex 09,,"['Laboratoire (matériel)', 'Matériel de précision']","[188, 215]",non,non
20-82441,2020-06-29,2020-07-24,['59'],"construction d'un boulodrome couvert dans l'eco-quartier du raquet à sin le noblerelance lots 9, 10, 11, 12 et 14",fns,cmp2006,appeloffre,initial,Douaisis Agglo,59351,Douai,,"['Cloison, faux plafond', 'Menuiserie', 'Peinture (travaux)', 'Revêtements de sols', 'Revêtements muraux', 'Serrurerie', 'Signalisation']","[63, 222, 264, 308, 309, 321, 322]",non,non
20-82966,2020-06-29,2020-08-29,['59'],Réfection d'installations thermiques et développement des systèmes de télégestion dans certains bâtiments,fns,cmp2006,attribution,initial,Ville de Dunkerque,59386,Dunkerque,,['Chauffage (travaux)'],[61],non,non
20-82747,2020-06-29,2020-07-15,['59'],Acquisition de quatre bennes ouvertes destinées au transport du verre pour le SM SIROM Flandre Nord.,fns,cmp2006,appeloffre,rectificatif,SYND MIXTE RAMASSAGE ORDURES MENAGERES,59470,Wormhout,,"['Benne', 'Ordures ménagères (prestations)', 'Transport']","[34, 249, 347]",non,non
20-82698,2020-06-29,2020-07-15,['59'],Acquisition d'une semi remorque à fond mouvant alternatif destinées au transport des déchets verts pour le SM SIROM Flandre Nord.,fns,cmp2006,appeloffre,rectificatif,SYND MIXTE RAMASSAGE ORDURES MENAGERES,59470,Wormhout,,"['Transport', 'Véhicules (acquisition)']","[347, 475]",non,non
20-82680,2020-06-29,2020-07-29,['59'],Réhabilitation de la chaufferie du bâtiment ex-Métrologie à l?Institut Mines Télécom Lille Douai ? site de Douai.,fns,cmp2006,attribution,initial,IMT LILLE DOUAI,59508,Douai cedex,"[('2020-06-23', 'CEB Energie', (99924.18, 'EUR'), None)]",['Chauffage (travaux)'],[61],non,oui
20-83093,2020-06-29,2020-08-31,['59'],"Le marché concerne l'exécution de travaux pour le projet de réhabilitation/réaménagement de 2 bâtiments faisant partie du site abbatial de Maroilles et la création d'une extension, réalisée",fns,cmp2006,attribution,initial,SYND MIXTE GEST PARC NATUREL REG AVESN,59550,Maroilles,,"['Charpente', 'Chauffage (travaux)', 'Electricité (travaux)', 'Gros oeuvre', 'Menuiserie']","[57, 61, 105, 144, 222]",non,non
20-83086,2020-06-29,2020-08-31,['60'],Groupement de commande pour la mise en place d'une solution informatique de gestion et de suivi énergétique des équipements publics,fns,cmp2006,appeloffre,initial,SE60 Syndicat d'énergie de l'Oise,60000,Tillé,,['Informatique (prestations de services)'],[163],non,non
20-82785,2020-06-29,2020-09-14,['2'],ENTRETIEN DES INSTALLATIONS ELECTRIQUES DES OUVRAGES DE L'ENTENTE OISE-AISNE EN 2 LOTS GEOGRAPHIQUES-.,fns,cmp2006,appeloffre,initial,ENTENTE OISE AISNE,60200,Compiègne,,['Maintenance'],[196],non,non
20-82728,2020-06-29,2020-07-24,"['61', '72']",Numéro de la consultation : 1_2020035. Construction d'une passerelle cyclable sur la Sarthe située à l'Arboretum d'Alençon,fns,cmp2006,appeloffre,initial,Ville d'Alençon,61014,Alençon,,"[""Travaux dans l'eau""]",[349],non,non
20-82840,2020-06-29,2020-07-30,['61'],Affichage dans les abris de voyageur du département de l'orne,fns,cmp2006,appeloffre,initial,Conseil départemental de l'Orne,61017,Alençon,,['Abris'],[1],non,non
20-81317,2020-06-29,2020-07-24,['62'],19s0824-mpa-das-formation initiale et continue des accueillants familiaux pour personnes agées et personnes adultes handicapées - 9 lots,fns,cmp2006,appeloffre,initial,Conseil départemental du Pas-de-Calais,62018,Arras Cedex 09,,['Formation'],[410],non,non
20-83177,2020-06-29,2020-09-25,['62'],"Aménagement de la rue du Général de Gaulle à Rebecques, RD 189 (opération MMU)",fns,cmp2006,appeloffre,initial,COMMUNE DE SAINT AUGUSTIN,62120,Saint augustin,,['Voirie'],[365],oui,non
20-82776,2020-06-29,2020-07-20,['62'],Travaux d'entretien des voiries du Parc des industries,fns,cmp2006,appeloffre,initial,Syndicat Mixte SIZIAF,62138,Douvrin,,['Voirie'],[365],non,non
20-82856,2020-06-29,2020-07-08,['62'],"Les prestations de gardiennage et de sécurité, objet du présent contrat, consistent à mettre en place un dispositif de sécurité dans le cadre des manifestations de la ville.",fns,cmp2006,appeloffre,annulation,Ville de lens,62300,Lens,,['Gardiennage'],[138],non,non
20-83281,2020-06-29,2020-09-26,['62'],"Le présent marché a pour objet la maintenance du matériel, l'entretien, le dépannage, la réparation ainsi que la fourniture de pièces de portails, portes piétonnes, portes sectionnelles ou rideau",fns,cmp2006,appeloffre,initial,Ville de lens,62307,Lens,,['Maintenance'],[196],non,non
20-82722,2020-06-29,2020-08-29,['62'],Fourniture de matériaux ferreux suite au marché 2020M003 déclaré infructueux,fns,cmp2006,attribution,initial,Mairie de LIEVIN,62800,Liévin,[],['Ferronnerie'],[126],non,non
20-78690,2020-06-29,2020-07-30,['63'],"conception, fourniture et installation de 2 convoyeurs à rouleaux pour la chaîne réception de l'aia cf",fns,cmp2006DEFENSE,appeloffre,initial,MINDEF/AIR/SIAé/AIA CF,63028,Clermont Ferrand Cedex 2,,"['Equipement industriel', 'Matériel de manutention']","[112, 208]",non,non
20-82887,2020-06-29,2020-07-24,['63'],Fourniture de plantations pour les services des espaces verts et environnement de la ville de Cournon-d'Auvergne,fns,cmp2006,appeloffre,initial,Ville de Cournon d'Auvergne,63804,Cournon,,['Végétaux'],[358],non,non
20-82599,2020-06-29,2020-08-31,['64'],La fourniture de réactifs de biologie moléculaire - 2 lots,joue,directive24,attribution,initial,Centre hospitalier de la côte basque,64109,Bayonne cedex,"[('2020-06-19', 'DIASORIN SA', (181000, 'EUR'), 'Réactifs HSV'), ('2020-06-19', 'DIASORIN SA', (18760.0, 'EUR'), 'Réactifs VZV')]",['Réactifs'],[301],non,non
20-81015,2020-06-29,2020-07-17,"['64', '40', '65']",Remplacement de menuiseries extérieures et pose de stores intérieurs et extérieurs au groupe scolaire de la chaussée de Dax.,mapa,cmp2006,appeloffre,initial,Ville d'orthez,64300,Orthez,,['Menuiserie'],[222],non,oui
20-82920,2020-06-29,2020-07-23,"['64', '65']",Entretien des dispositifs d'assainissement non collectif sur le territoire de la CCPN,mapa,cmp2006,appeloffre,initial,Communauté de communes du Pays de Nay,64800,Bénéjacq,,['Assainissement'],[18],non,oui
20-83151,2020-06-29,2020-07-24,"['66', '11']",MARCHE A PROCEDURE ADAPTEE - MAPA N° 04 E 20 B - FOURNITURE ET LIVRAISON DE VEHICULES AUTOMOBILES (POUR LES CENTRES HOSPITALIERS DE NARBONNE ET DE PRADES) La consultation se compose de 4 lots.,fns,cmp2006,appeloffre,initial,Centre hospitalier de Perpignan,66049,Perpignan,,"['Véhicules', 'Véhicules (acquisition)']","[359, 475]",non,non
20-83160,2020-06-29,2020-07-23,['66'],Fourniture de boissons,fns,cmp2006,appeloffre,initial,Ville de Barcarès,66421,LE BARCARES CEDEX,,['Boisson'],[39],non,non
20-82830,2020-06-29,2020-09-26,['66'],"Réalisation de murs de soutènement en parois clouées sur les routes départementales no3, 4, 6, 13, 14, 24, 26, 27, 28, 35, 43, 53, 54, 57, 115, 118 et 900",fns,cmp2006,attribution,initial,DEPARTEMENT DES PYRENEES-ORIENTALES,66906,PERPIGNAN,"[('2020-06-17', 'OZONE Travaux Spéciaux', (1000000, 'EUR'), None)]",['Voirie'],[365],non,non
20-83280,2020-06-29,2020-07-16,['67'],rénovation du lycée lezay marnesia à strasbourg - mission diagnostic amiante et plomb avant travaux,mapa,cmp2006,appeloffre,initial,S.E.R.S.,67080,Strasbourg Cédex,,['Amiante (diagnostic)'],[431],non,non
20-82927,2020-06-29,2020-09-26,['67'],Travaux de réfection partielle de la toiture de l'Hôtel de Ville de Schiltigheim,mapa,cmp2006,attribution,initial,Ville de Schiltigheim,67302,Schiltigheim,,['Terrasse'],[354],oui,oui
20-82928,2020-06-29,2020-09-26,['67'],Travaux de mise en conformité électrique de divers bâtiments communaux de la Ville de Schiltigheim au titre de l'année 2020,mapa,cmp2006,attribution,initial,Ville de Schiltigheim,67302,Schiltigheim,,['Electricité (travaux)'],[105],non,non
20-82699,2020-06-29,2020-07-31,['67'],Achat d'une Torchère Centralisée pour le CSDND de Châtenois,fns,cmp2006,appeloffre,initial,SMICTOM d'Alsace Centrale,67750,Scherwiller,,['Equipements spécialisés'],[115],non,non
20-82706,2020-06-29,2020-07-29,['67'],mission de coordination sps pour l'opération de restructuration du collège simone veil à herrlisheim,mapa,cmp2006,attribution,initial,DEPARTEMENT DU BAS RHIN,67964,STRASBOURG Cedex 9,,['Ingénierie'],[455],non,non
20-82919,2020-06-29,2020-07-27,['68'],FOURNITURE D'ÉLECTRICITÉ POUR LE SITE ' PISCINE DE TAGOLSHEIM ',fns,cmp2006,appeloffre,initial,Communauté de Communes SUNDGAU,68131,Altkirch Cedex,,"['Electricité, gaz (fourniture)']",[443],non,non
20-82818,2020-06-29,2020-07-10,['68'],Reconditionnement de la protection cathodique et remplacement des masses filtrantes de 8 filtres à plancher à la Piscine Couverte de Saint-Louis Agglomération,fns,cmp2006,appeloffre,rectificatif,SAINT-LOUIS Agglomération,68305,Saint-Louis,,['Equipement de piscine'],[120],non,non
20-82619,2020-06-29,2020-07-27,['69'],Le présent accord-cadre a pour objet la location et le transport aller-retour de pianos à queue et de pianos droits pour les services et établissements de la Ville de Lyon,joue,directive24,appeloffre,initial,Ville de Lyon,69205,Lyon cedex 01,,['Instruments de musique'],[166],non,non
20-83004,2020-06-29,2020-07-30,['69'],Prestations d'interprétariat en langue des signes et de retranscription simultanée.,fns,cmp2006,appeloffre,initial,REGION AUVERGNE RHONE ALPES,69269,Lyon,,['Prestations de services'],[274],non,non
20-83002,2020-06-29,2020-07-22,['69'],"Travaux de rénovation des locaux BFPSA et QSA, sur le campus vétérinaire de VetAgro Sup",fns,cmp2006,attribution,initial,VetAgro Sup,69280,Marcy l'etoile,,"[""Tous corps d'état""]",[345],non,non
20-82760,2020-06-29,2020-09-10,"['62', '59']",La présente consultation concerne un marché de travaux construction de 31 logements sociaux. Le marché est exécuté à : SAINTE CATHERINE LES ARRAS (62) - 15 RUE CAMILLE COROTDate prévisionnelle de..,fns,cmp2006,appeloffre,initial,FONCIERE D HABITAT ET HUMANISME,69300,Caluire,,['Bâtiment'],[33],non,non
20-82652,2020-06-29,2020-07-17,['69'],Fournitures et services pour l'Ecole de musique de l'Ozon,mapa,cmp2006,appeloffre,initial,Cté Cnes du Pays de l'Ozon,69360,Saint Symphorien d'Ozon,,"['Instruments de musique', 'Location (matériels)', 'Sonorisation']","[166, 185, 324]",non,non
20-73939,2020-06-29,2020-08-13,['69'],organisation de transports individuels et collectifs de personnes (hors taxi) pour la métropole de lyon,fns,cmp2006,appeloffre,initial,Métropole de Lyon,69505,Lyon CEDEX 03,,['Transport'],[347],non,non
20-83130,2020-06-29,2020-07-31,['69'],Création de 4 abris vélos sécurisés,fns,cmp2006,appeloffre,initial,METROPOLE DE LYON,69505,LYON,,['Abris'],[1],non,non
20-83049,2020-06-29,2020-09-02,['69'],PRESTATIONS DE GARDIENNAGE ET DE SECURITE,fns,cmp2006,appeloffre,initial,Ville de Villefranche-sur-saône,69653,Villefranche-sur-Saône,,"['Gardiennage', 'Surveillance']","[138, 331]",non,non
20-83285,2020-06-29,2020-07-31,['71'],"Maîtrise d'oeuvre pour la restructuration de la demi-pension du collège "" Robert Schuman "" à MACON",fns,cmp2006,appeloffre,initial,Conseil Général de Saône-et-Loire,71026,Mâcon cedex 9,,"[""Maîtrise d'oeuvre""]",[197],non,non
20-83257,2020-06-29,2020-07-31,['71'],Maîtrise d'oeuvre pour la construction de la Maison Locale d'Autonomie (MLA) à PARAY-LE-MONIAL,fns,cmp2006,appeloffre,initial,Conseil Général de Saône-et-Loire,71026,Mâcon cedex 9,,"[""Maîtrise d'oeuvre""]",[197],non,non
20-83282,2020-06-29,2020-07-31,['71'],fourniture et confection des repas dans une residence autonomie (accueillant environ 70 personnes agees),mapa,cmp2006,attribution,initial,CCAS RESIDENCE SAINT JULIEN,71240,Sennecey le grand,,['Restauration collective'],[66],non,non
20-83196,2020-06-29,2020-08-07,['73'],Numéro de la consultation : 2020-A04 Prestations de nettoyage industriel des équipements du Centre de tri de Chambéry de Savoie Déchets,fns,cmp2006,appeloffre,initial,Savoie Déchets,73000,CHAMBERY,,['Nettoyage de locaux'],[239],non,non
20-82888,2020-06-29,2020-07-20,['73'],Organisation et coordination de la rencontre des élus de Savoie du vendredi 30 octobre 2020,mapa,cmp2006,appeloffre,initial,DEPARTEMENT DE LA SAVOIE,73018,CHAMBERY,,"['Prestations de services', 'Evénementiel']","[274, 445]",non,non
20-83199,2020-06-29,2020-07-31,['74'],Marché de maîtrise d'oeuvre domaine infrastructure passé dans le cadre d'un groupement de commandes entre la Commune de Rumilly et la Communauté de Communes Rumilly Terre de Savoie,fns,cmp2006,appeloffre,initial,Ville de Rumilly,74150,RUMILLY,,"[""Maîtrise d'oeuvre""]",[197],non,non
20-83191,2020-06-29,2020-09-22,['75'],"L'objet du marché public est la mise à disposition d'un système de vote électronique, par internet, pour les élections du Sénat académique de PSL et qui se dérouleront à l'automne 2020.",mapa,cmp2006,appeloffre,initial,PARIS SCIENCES LETTRES QUARTIER LATIN,75006,Paris,,['Prestations de services'],[274],non,non
20-83041,2020-06-29,2020-08-31,['75'],Recommandation de 3 organismes maximum pour assurer et gérer le régime complémentaire santé.cette recommandation prendra effet le 1er janvier 2021 pour une durée maximum de 5 ans.,divers,autre,appeloffre,initial,RISKEO conseil et services,75009,Paris,,['Assurance'],[20],non,non
20-82962,2020-06-29,2020-08-31,['75'],Recommandation d'un organisme pour assurer et gérer le régime complémentaire prévoyance.cette recommandation prendra effet le 1er janvier 2021 pour une durée maximum de 5 ans.,divers,autre,appeloffre,initial,RISKEO conseil et services,75009,Paris,,['Assurance'],[20],non,non
20-82601,2020-06-29,2020-07-28,"['75', '91', '92', '93', '94', '95', '78', '77']","Elaboration du Schéma de principe et du dossier d'enquête publique dans le cadre de l'opération "" le prolongement du T8 """,joue,directive24,appeloffre,initial,Ile de France Mobilités,75009,Paris,,['Etude'],[118],non,non
20-83284,2020-06-29,2020-09-10,['75'],Enquête téléphonique pour la note de conjoncture 2e semestre 2020,mapa,cmp2006,appeloffre,initial,CRMA IDF,75012,Paris,,"['Sondage, enquête']",[471],non,non
20-82809,2020-06-29,2020-07-24,['75'],Réhabilitation d'un immeuble vacant situé 5 rue Geoffroy L'Angevin 75004 PARIS,fns,cmp2006,appeloffre,initial,REGIE IMMOBILIERE DE LA VILLE DE PARIS,75013,Paris,,['Bâtiment'],[33],non,non
20-83128,2020-06-29,2020-08-04,['75'],Fournitures pour l'entretien et la réparation des engins spécifiques à la filière de l'EA,mapa,cmp2006,appeloffre,initial,CCI Paris Ile-de-France,75017,PARIS,,"['Mécanique', 'Pièces détachées']","[221, 266]",non,non
20-82853,2020-06-29,2020-07-21,['75'],"Prestation de migration de ERP CEGID version 9 vers la version CEGID SPRINT, hotline et accompagnement.",fns,cmp2006,appeloffre,initial,CTIFL,75017,Paris,,"['Logiciel', 'Informatique (assistance)']","[186, 453]",non,non
20-82783,2020-06-29,2020-07-22,['30'],Remplacement total de l'automate de gestion du climat et partiel de l'automate d'irrigation fertilisante.Remplacements des interfaces et cartes relais des armoires de commande et des c,fns,cmp2006,appeloffre,initial,CTIFL,75017,Paris,,['Serre'],[469],non,non
20-82750,2020-06-29,2020-09-12,['75'],Prestations de conservation-restauration de trois manteaux et d'un ensemble d'ornements de l'ordre du Saint-Esprit,joue,autre,rectificatif,rectificatif,Musée du Louvre,75058,Paris,,['Prestations de services'],[274],non,non
20-79636,2020-06-29,2020-07-27,"['75', '91', '77', '78', '92', '93', '94', '95']","Travaux d'aménagement de locaux au palais de justice de paris (Ile de la Cité), pour l'organisation de grands procès sécurisés.",fns,cmp2006,appeloffre,initial,MINISTERE DE LA JUSTICE,75181,Paris,,"['Câblage', 'Charpente', 'Electricité (travaux)', 'Menuiserie', 'Métallerie', 'Peinture (travaux)', 'Plomberie (travaux)', 'Revêtements de sols', 'Sanitaire']","[47, 57, 105, 222, 223, 264, 270, 308, 319]",non,non
20-82618,2020-06-29,2020-08-03,['75'],AOO Documents électroniques 2020,joue,directive24,appeloffre,initial,Bibliothèque publique d'information,75197,Paris cedex 04,,['Abonnement'],[2],non,non
20-83104,2020-06-29,2020-08-31,['75'],"Rénovation du dispositif de maintien des Ducs d'Albe sur l'Archipel des Berges de Seine Niki-de-Saint-Phalle, Paris 7e arrondissement",fns,cmp2006,attribution,initial,Ville de Paris,75639,Paris cedex 13,"[('2020-06-05', 'SARL HANSEN', (503052, 'EUR'), None)]",['Serrurerie'],[321],non,non
20-82835,2020-06-29,2020-07-22,['75'],réalisation d'un diagnostic environnemental de 15 établissements cinématographiques situés en france métropolitaine,fns,cmp2006,appeloffre,initial,Centre national du cinéma,75675,Paris cedex 14,,['Etude'],[118],non,non
20-82803,2020-06-29,2020-07-22,['75'],réalisation d'une étude d'évaluation de l'impact économique et social du périmètre d'intervention du cnc de 2010 à 2019,fns,cmp2006,appeloffre,initial,Centre national du cinéma,75675,Paris cedex 14,,['Etude'],[118],non,non
20-82941,2020-06-29,2020-07-29,['57'],TRAVAUX D'ENTRETIEN ET DE REPARATION DES BATIMENTS DE LA DIRECTION REGIONALE EST DE FILIERIS,fns,cmp2006,attribution,initial,CANSSM,75714,Paris cedex 15,,['Bâtiment'],[33],non,non
20-82810,2020-06-29,2020-07-29,['75'],"Installation d'une nouvelle solution rondier et d'un système de protection du travailleur isolé, intégrant la localisation et la gestion de ronde en temps réel sur réseau radio DMR.",mapa,cmp2006,appeloffre,initial,Conseil economique social environnemen,75775,Paris cedex 16,,['Surveillance'],[331],non,non
20-82854,2020-06-29,2020-07-28,['75'],"Installation d'une nouvelle solution rondier et d'un système de protection du travailleur isolé, intégrant la localisation et la gestion de ronde en temps réel sur réseau radio DMR.",mapa,cmp2006,appeloffre,initial,Conseil economique social environnemen,75775,Paris cedex 16,,['Surveillance'],[331],non,non
20-83203,2020-06-29,2020-07-27,['75'],Numéro de la consultation : 2020-TX-EMO1-0128 Désamiantage et curage d'un ancien site de bureaux 4 bis rue Coustou 75018 Paris,fns,cmp2006,appeloffre,initial,ELOGIE SIEMP,75924,Paris cedex 19,,"['Curage', 'Amiante (désamiantage)']","[78, 479]",non,non
20-82884,2020-06-29,2020-07-21,"['76', '27', '14', '80']",Aménagement de 12 700 mètres carrésde terre-pleins sur le Terminal de Honfleur,fns,cmp2006,appeloffre,initial,GRAND PORT MARITIME DE ROUEN,76022,Rouen cedex,,"['Terrassement', 'Voirie et réseaux divers']","[341, 366]",non,non
20-82801,2020-06-29,2020-07-31,['76'],Déviation de la RD 75 suite aux éboulements de la falaise - Commune de DIEPPE - Canton de Dieppe 1 - AMÉNAGEMENTS PAYSAGERS,fns,cmp2006,appeloffre,initial,Département de Seine Maritime,76101,ROUEN Cedex,,"['Espaces verts', 'Végétaux']","[116, 358]",non,oui
20-83262,2020-06-29,2020-08-31,['76'],"FOURNITURE DE GAZ INDUSTRIEL, ACHAT et LOCATION DES BOUTEILLES et ENTRETIEN DES INSTALLATIONS",mapa,cmp2006,appeloffre,initial,Département de Seine Maritime,76101,ROUEN CEDEX,,['Gaz divers'],[139],non,non
20-82726,2020-06-29,2020-07-31,['76'],RD 925 - Sécurisation du carrefour entre la route départementale et la voie d'accès au Centre Nucléaire de Production d'Électricité (CNPE) de Penly - Aménagements paysagers,fns,cmp2006,appeloffre,initial,Département de Seine Maritime,76101,ROUEN Cedex,,"['Espaces verts', 'Végétaux']","[116, 358]",non,oui
20-82812,2020-06-29,2020-08-10,['76'],"Le présent marché a pour objet l'organisation des banquets de fin d'année à l'attention des séniors de la Ville. Les prestations comprennent notamment la location de la salle, la décora",fns,cmp2006,appeloffre,initial,COMMUNE DE LE GRAND QUEVILLY,76120,Grand Quevilly,,"['Location (matériels)', 'Repas, traiteur']","[185, 304]",non,non
20-82889,2020-06-29,2020-07-24,['76'],MISSION D'ACCOMPAGNEMENT DES MOBILISATIONS CITOYENNES ET ASSOCIATIVES DANS LE CADRE DU NPRU BEL-AIR/COTY,mapa,cmp2006,appeloffre,initial,VILLE DE DIEPPE,76200,DIEPPE,,['Etude'],[118],oui,non
20-82734,2020-06-29,2020-07-20,"['76', '80']",aménagement de bureaux pour les services techniquesà saint quentin lamotte,fns,cmp2006,appeloffre,initial,CC DES VILLES SOEURS,76260,eu,,"['Bardage', 'Carrelage', 'Charpente', 'Chauffage (travaux)', 'Electricité (travaux)', 'Gros oeuvre', 'Menuiserie', 'Peinture (travaux)', 'Plâtrerie', 'Plomberie (travaux)', 'Revêtements de sols', 'Ventilation']","[30, 53, 57, 61, 105, 144, 222, 264, 269, 270, 308, 360]",non,oui
20-82643,2020-06-29,2020-07-29,['76'],Achat et livraison de farines biologiques ou équivalents pour l'ESAT de l'IDEFHI - Relance suite procédure précédente déclarée infructueuse,mapa,cmp2006,attribution,initial,IDEFHI,76380,Canteleu,[],['Denrées alimentaires'],[88],non,non
20-82775,2020-06-29,2020-09-07,"['76', '27']",marché public de maîtrise d'oeuvre pour le renouvellement et la réparation de canalisations d'eau potable et d'assainissement,fns,cmp2006,appeloffre,initial,SIAEPA de Valmont,76450,Valmont,,"['Alimentation en eau potable', 'Assainissement', 'Canalisations', ""Maîtrise d'oeuvre""]","[6, 18, 48, 197]",non,non
20-82954,2020-06-29,2020-09-18,['76'],Déconstruction de 2 bâtiments sur le campus de l'Université à Mont-Saint-Aignan,fns,cmp2006,appeloffre,initial,Université de Rouen,76821,Mont saint aignan cedex,,['Démolition'],[87],non,non
20-82864,2020-06-29,2020-09-01,['78'],"Les prestations du présent marché consistent dans l'installation d'une alvéole de stockage et de manutention de déchets issus "" encombrants "" issus de déchèteries. Cette alvéole devra être i",fns,cmp2006,appeloffre,initial,SITREVA,78120,Rambouillet,,"['Déchetterie (travaux)', 'Mur de soutènement', ""Ouvrage d'infrastructure""]","[96, 233, 253]",non,non
20-82922,2020-06-29,2020-07-30,['78'],Le présent marché a pour objet la fourniture d'un camion porteur 19 tonnes équipé d'une benne à ordures ménagères avec lève-conteneurs pour le service des ordures ménagères de la ville de Sa,fns,cmp2006,appeloffre,initial,ville de Sartrouville,78506,Sartrouville,,['Véhicules (acquisition)'],[475],non,non
20-82872,2020-06-29,2020-07-30,['78'],Mission de contrôle technique dans le cadre de la construction d'un espace Culturel Site Malesherbes à Maisons-Laffitte,fns,cmp2006,attribution,initial,COMMUNE DE MAISONS LAFFITTE,78600,Maisons laffitte,"[('2020-06-15', 'Société CEFNA', (17884.0, 'EUR'), None)]",['Contrôle technique'],[72],non,non
20-83073,2020-06-29,2020-08-05,['78'],Location et maintenance de 16 photocopieurs multifonctions,fns,cmp2006,appeloffre,initial,COMMUNE DE EPONE,78680,Epone,,['Reprographie'],[305],non,non
20-82973,2020-06-29,2020-07-24,['78'],Marché public de travaux de restauration des vitraux et de la bancellerie de l'église Saint-Gilles pour la commune de BREUIL-BOIS-ROBERT(78),mapa,cmp2006,appeloffre,initial,COMMUNE DE BREUIL BOIS ROBERT,78930,BREUIL-BOIS-ROBERT,,"['Menuiserie', 'Vitraux']","[222, 418]",non,non
20-82836,2020-06-29,2020-08-29,['80'],Mission de maîtrise d'oeuvre portant sur les travaux de restructuration et d'extension du Centre départemental d'exploitation routière de Rue.,fns,cmp2006,attribution,initial,Conseil Départemental de la Somme,80026,Amiens,"[('2020-06-26', 'Groupement conjoint OPALARCHI / OPALINGENIERIE / M3C INGENIERIE', (66825, 'EUR'), None)]","[""Maîtrise d'oeuvre""]",[197],non,non
20-83048,2020-06-29,2020-08-27,['80'],RD 917 - Renforcement de chaussée entre la sortie de la commune de Péronne et le carrefour avec la RD 184 (hors traverse de la commune d'Aizecourt-le-Haut) du P.R. 0+000 au P.R. 5+447 et entre le,fns,cmp2006,appeloffre,initial,Conseil Départemental de la Somme,80026,Amiens,,['Travaux de viabilité'],[353],non,oui
20-82849,2020-06-29,2020-08-31,['80'],"Fourniture, mise en service, confection et réparation de dispositifs de comptages routiers (compteurs mobiles, stations fixes, capteurs électromagnétiques et piézoélectriques et accessoires) pour l..",fns,cmp2006,appeloffre,initial,Conseil Départemental de la Somme,80026,Amiens,,['Prestations de services'],[274],non,non
20-82690,2020-06-29,2020-07-20,['80'],assistance à maitrise d'ouvrage pour la réalisation d'un diagnostic du patrimoine sportif,mapa,cmp2006,appeloffre,initial,AMIENS METROPOLE,80027,Amiens cedex 1,,"['Etude', ""Assistance à maîtrise d'ouvrage""]","[118, 433]",non,non
20-82424,2020-06-29,2020-07-29,['80'],Rénovation de bâtiments dans le parc de l'Hôtel de Berny: 42 rue Victor Hugo et 49 rue de l'Amiral Courbet à Amiens. Relance du lot 5: Menuiseries extérieures bois,fns,cmp2006,attribution,initial,Amiens Métropole,80027,Amiens,"[('2020-06-05', 'TAILLY MENUISERIE', (209470.99, 'EUR'), None)]",['Menuiserie'],[222],non,non
20-82795,2020-06-29,2020-07-29,['80'],"enlèvement, transport et traitement des déchets dangereux des ménages",fns,cmp2006,appeloffre,initial,TRINOVAL,80640,Thieulloy l'abbaye,,['Déchets non ménagers (prestations)'],[404],non,non
20-82905,2020-06-29,2020-09-26,['83'],"20PM05 Prestations d'affichage urbain pour 2 expositions de l'Hôtel des arts en 2020, en 3 lots",fns,cmp2006,attribution,initial,Métropole Toulon Provence Méditerranée,83041,TOULON,"[('2020-06-29', ""Com N'Diff"", (1596, 'EUR'), None)]","['Publicité, Communication']",[285],non,non
20-82906,2020-06-29,2020-09-26,['83'],"20MAP08 - Accord cadre à bons de commande de travaux relatif à la fabrication, la pose et l'entretien de la signalétique sur le sentier du littoral sur le territoire de la Métropole Toulon Prove",fns,cmp2006,attribution,initial,Métropole Toulon Provence Méditerranée,83041,TOULON,[],['Signalétique'],[333],non,non
20-83291,2020-06-29,2020-07-21,['83'],Maintenance de remorques porte-char et de bennes de camions du Département du Var,mapa,cmp2006,appeloffre,initial,Conseil Général du Var,83076,TOULON,,['Mécanique'],[221],non,non
20-83123,2020-06-29,2020-09-17,['84'],Maintenance des pylones et de leurs aériens du SDIS de Vaucluse,fns,cmp2006,appeloffre,initial,SCE DEPARTEMENTAL INCENDIE ET SECOURS,84018,Avignon,,"['Maintenance', 'Onduleur']","[196, 465]",non,non
20-82875,2020-06-29,2020-07-30,"['84', '13', '30']",Location de stands et de matériels de réception pour diverses manifestations de la Ville d'Avignon 2020-2022,fns,cmp2006,appeloffre,initial,Ville d'Avignon,84045,Avignon cedex 9,,['Stand'],[325],non,oui
20-83022,2020-06-29,2020-07-24,['84'],Révision du plan de gestion du patrimoine arboré au bord des routes départementales,fns,cmp2006,appeloffre,initial,Département de Vaucluse,84909,Avignon cedex 9,,"['Espaces verts', 'Etude', 'Prestations de services', 'Végétaux']","[116, 118, 274, 358]",non,non
20-69181,2020-06-29,2020-07-31,['85'],concession d'aménagement pour la réalisation de l'ilôt rue de challans / rue des sables,dsp,dsp,appeloffre,initial,Commune de Saint Jean de Monts,85160,SAINT-JEAN-DE-MONTS,,"['Prestations de services', 'Ingénierie']","[274, 455]",non,non
20-83029,2020-06-29,2020-07-29,['86'],Mise en oeuvre d'une charte graphique pour une collection d'ouvrage réalisée par la DRAC Nouvelle-Aquitaine,fns,cmp2006,appeloffre,initial,MINISTERE DE LA CULTURE,86020,Poitiers cedex,,['Impression'],[160],non,non
20-82796,2020-06-29,2020-08-26,['86'],Création et rénovation du réseau d'éclairage public et AEP du site de la Milétrie zone nord,fns,cmp2006,appeloffre,initial,CHU DE POITIERS,86021,Poitiers cedex,,['Eclairage public'],[102],non,non
20-83008,2020-06-29,2020-07-29,['86'],Aménagement rue du Bétin - rue Thibaudeau,fns,cmp2006,appeloffre,initial,Commune de Neuville de Poitou,86170,Neuville-de-Poitou,,['Voirie'],[365],non,non
20-82758,2020-06-29,2020-07-31,['87'],prestation de services d'assurance ' responsabilité et risques annexes' pour le site de l'abattoir de limoges,mapa,cmp2006,appeloffre,initial,Régie Municipale de l'Abattoir,87000,Limoges,,['Prestations de services'],[274],non,non
20-83053,2020-06-29,2020-07-31,['87'],"L'objet de la présente consultation concerne les travaux de mise en sécurité du bâtiment de la Chambre de commerce et d'industrie de Limoges et de la Haute-Vienne, situé 16, place Jourdan 87",fns,cmp2006,appeloffre,initial,CCI de Limoges et de la Haute-Vienne,87011,Limoges cedex,,"['Démolition', 'Electricité (travaux)', 'Menuiserie', 'Serrurerie', 'Sécurité incendie']","[87, 105, 222, 321, 332]",non,non
20-83015,2020-06-29,2020-07-24,['87'],"Acquisition, mise en oeuvre, maintenance et prestations associées d'un progiciel de gestion, de suivi et de prévention des infections (infectiovigilance) en hygiène hospitalière au CHU de Limoges",fns,cmp2006,appeloffre,initial,CHU DUPUYTREN,87042,Limoges cedex,,['Logiciel'],[186],non,non
20-82704,2020-06-29,2020-07-20,['88'],fourniture de chèques de cadeaux dans le cadre de noël pour e personnel du conseil départemental des vosges.,mapa,cmp2006,appeloffre,initial,Conseil Départemental des Vosges,88088,Epinal cédex 09,,['Chèque cadeau'],[436],non,non
20-82968,2020-06-29,2020-07-30,['89'],AMO - Etudes de Programmation Réaménagement fonctionnel et mise à niveau Bâtiments de la Pépinière d'entreprises de l'Auxerrois,mapa,cmp2006,attribution,initial,CCI Yonne,89005,Auxerre cedex,,['Prestations de services'],[274],non,non
20-82807,2020-06-29,2020-08-29,['89'],Maintenance du dispositif de vidéoprotection urbaine de la ville de Sens - Années 2020 et 2021,fns,cmp2006,attribution,initial,Ville de Sens,89100,SENS Cedex,"[('2020-06-25', 'GSCOM MAINTENANCE', (17400, 'EUR'), None)]",['Maintenance'],[196],non,non
20-82912,2020-06-29,2020-07-29,['91'],"Fourniture et pose d'équipements dans le cadre de remplacement ou d'extension d'installations existantes, ainsi que la maintenance préventive et corrective des aires de jeux et de leurs",fns,cmp2006,attribution,initial,Conseil général de l'Essonne,91012,Evry cedex,"[('2020-06-22', 'JULLIEN', (102400, 'EUR'), None)]",['Aire de jeux'],[400],non,non
20-82659,2020-06-29,2020-07-25,['91'],TRAVAUX DE REMPLACEMENT DES INSTALLATIONS THERMIQUES DANS 9 COLLEGES DU DEPARTEMENT DE L'ESSONNE - 2 LOTS,fns,cmp2006,attribution,initial,Conseil général de l'Essonne,91012,Evry courcouronnes cedex,"[('2020-06-19', 'ENGTE ENERGIE SERVICES - ENGIE Solutions', (1207327.8, 'EUR'), None), ('2020-06-19', 'CRAM - Agence Ile de France/Picardie', (600611.22, 'EUR'), None)]",['Chauffage (travaux)'],[61],non,non
20-83106,2020-06-29,2020-08-22,['91'],Le présent marché a pour objectif de permettre à Télécom Paris d'acquérir une carte électronique offrant la possibilité de générer des signaux à très haut débit pour les plateformes de transmissi,fns,cmp2006,appeloffre,initial,Télécom ParisTech,91120,Palaiseau,,['Equipements spécialisés'],[115],non,non
20-83114,2020-06-29,2020-07-31,"['91', '75', '78', '77', '92', '93', '94', '95']",La présente consultation porte sur des travaux d'installation et de remplacement des équipements d'alarmes anti-intrusion et de contrôle d'accès dans les bâtiments communaux de la Ville,fns,cmp2006,appeloffre,initial,Ville de Palaiseau,91125,Palaiseau cedex,,['Alarme'],[5],non,oui
20-83236,2020-06-29,2020-07-29,['91'],Installation d'un secours électrique pour DataCenter au bâtiment 206,fns,cmp2006,appeloffre,initial,UNIVERSITE PARIS-SACLAY,91190,SAINT AUBIN,,"['Electricité (travaux)', 'Groupe électrogène']","[105, 143]",non,non
20-83088,2020-06-29,2020-07-30,['92'],"Aménagements intérieurs relance du lot 5 relatif à la création d'un stade de football en toiture, d'un éclairage sportif, et de ses annexes à la Pointe de Trivaux",fns,cmp2006,attribution,initial,Ville de Meudon,92195,Meudon cedex,"[('2020-06-19', 'CTBI', (428386.0, 'EUR'), None)]","['Cloison, faux plafond', 'Peinture (travaux)']","[63, 264]",non,non
20-83268,2020-06-29,2020-09-26,['92'],ORGANISATION DES ATELIERS DE CIRQUE ESTIVAUX POUR LE CENTRE DE VACANCES DE MENILLESNuméro de la consultation : 19DME03,fns,cmp2006,attribution,initial,COMMUNE DE GENNEVILLIERS,92230,Gennevilliers,"[('2020-03-11', 'cirque renouveau', (33000, 'EUR'), None)]",['Spectacle'],[472],non,non
20-83186,2020-06-29,2020-09-07,['92'],Mission d'assistance et d'expertise pour la gestion de fin de carrière et l'optimisation de la retraite des agents et élus municipaux,fns,cmp2006,appeloffre,rectificatif,Ville du Plessis-Robinson,92350,Le plessis robinson,,['Assistance juridique'],[434],non,non
20-83271,2020-06-29,2020-09-26,['92'],Fourniture et livraison de vêtements haute visibilité,fns,cmp2006,attribution,initial,Ville de Courbevoie,92401,Courbevoie,"[('2020-06-18', 'GEDIVEPRO', (120000, 'EUR'), None)]","['Habillement', 'Textile']","[150, 343]",non,non
20-80797,2020-06-29,2020-07-27,"['28', '92']",Occupation du domaine public pour un service irve,divers,autre,appeloffre,initial,COFIROUTE,92500,Rueil-Malmaison,,"['Câblage', 'Prestations de services', 'Transport', 'Electricité, gaz (fourniture)']","[47, 274, 347, 443]",non,non
20-82655,2020-06-29,2020-08-26,['92'],Marché de travaux de remplacement de menuiseries extérieures - Plessis Robinson.,fns,cmp2006,attribution,initial,Hauts-de-Seine Habitat - OPH,92532,Levallois Perret,"[('2020-06-26', 'MPO FENETRES', (500614.52, 'EUR'), None)]",['Menuiserie'],[222],non,non
20-82658,2020-06-29,2020-07-25,"['93', '75', '92', '94']",Prestations de tierce recette applicative des applications informatiques de l'UCANSS.,joue,autre,rectificatif,rectificatif,UCANSS,93100,Montreuil,,['Informatique (prestations de services)'],[163],non,non
20-78929,2020-06-29,2020-08-29,['93'],organisation de séjours nature à Sérandon en période estivale pour les jeunes de 12 à 17 ans,fns,cmp2006,attribution,initial,Commune de Sevran,93270,Sevran,,['Voyage'],[367],non,non
20-78366,2020-06-29,2020-08-29,['93'],services de location de matériel de sonorisation et matériels annexes,fns,cmp2006,attribution,initial,Commune de Sevran,93270,Sevran,,"['Instruments de musique', 'Sonorisation']","[166, 324]",non,non
20-80318,2020-06-29,2020-08-29,['93'],"la location de structures gonflables, attractions et promenade en calèche pour les événementiels",fns,cmp2006,attribution,initial,Commune de Sevran,93270,Sevran,,"['Location (matériels)', 'Evénementiel', 'Véhicules (location)']","[185, 445, 474]",non,non
20-83210,2020-06-29,2020-07-24,"['91', '75']",Lycée Rosa PARKS à MONTGERON (91) - Travaux de rénovation des volets du château,fns,cmp2006,appeloffre,initial,REGION ILE DE FRANCE,93400,Saint-ouen-sur-seine,,"[""Tous corps d'état""]",[345],non,non
20-83289,2020-06-29,2020-08-31,"['75', '69', '93', '13']",MARCHE POUR LA CONSTRUCTION ET L'ANIMATION DE FORMATION SUR LES PROCESSUS DES DIFFERENTS DEGRES DE REPLI SOCIAL ET COMMUNAUTAIRE,fns,cmp2006,appeloffre,initial,EC RENOUVELLEMENT URBAIN INST FORM MAI,93534,Aubervilliers cedex,,['Formation'],[410],non,non
20-83277,2020-06-29,2020-08-31,"['75', '69', '93', '13', '67']","Le marché porte sur la construction et l'animation, par des formateurs experts, d'actions de formation à destination des élus, des agents des collectivités territoriales, des dirigeants, des",fns,cmp2006,appeloffre,initial,EC RENOUVELLEMENT URBAIN INST FORM MAI,93534,Aubervilliers cedex,,['Formation'],[410],non,non
20-82951,2020-06-29,2020-08-10,['93'],Travaux de construction de 04 logements collectifs sis 05 rue du Domaine à Drancy (93700).,fns,cmp2006,appeloffre,rectificatif,OPHLM de Drancy,93700,Drancy,,"[""Tous corps d'état""]",[345],non,non
20-83078,2020-06-29,2020-08-29,['94'],TRAVAUX SIGNALETIQUE EXTERIEURE INTERIEURE,fns,cmp2006,appeloffre,initial,ASSISTANCE PUBLIQUE HOPITAUX DE PARIS,94010,Créteil cedex,,['Signalétique'],[333],non,non
20-83298,2020-06-29,2020-09-17,"['91', '94', '78', '75', '93', '92']","La présente consultation a pour objet les travaux de réfection de la clôture du "" no man's land "" de la Maison d'Arrêt des Femmes de Fleury-Mérogis. Le projet prévoit des travaux de mise en",fns,cmp2006,appeloffre,initial,DIR INTERREGIONALE SCES PENITENTIAIRES,94267,Fresnes,,"['Clôture', 'Equipements spécialisés', 'Matériel de sécurité', 'Métallerie']","[64, 115, 209, 223]",non,non
20-83202,2020-06-29,2020-07-28,['94'],Numéro de la consultation : PA20-01 Maintenance des systèmes de sécurité incendie et désenfumage,mapa,cmp2006,appeloffre,initial,COMMUNE LE KREMLIN BICETRE,94270,LE KREMLIN-BICETRE,,"['Maintenance', 'Sécurité incendie']","[196, 332]",non,non
20-82653,2020-06-29,2020-08-29,['94'],"Prestations de surveillance et de gardiennage sur les manifestations organisées par la Ville, la protection des bâtiments et espaces relevant de la Ville.En plus de la liste des principales manife..",fns,cmp2006,attribution,initial,Ville de Villiers-sur-Marne,94355,Villiers-sur-marne cedex,[],"['Gardiennage', 'Surveillance']","[138, 331]",non,non
20-83026,2020-06-29,2020-09-15,['31'],maintenance préventive et corrective des installations électriques du service technique de l'aviation civile de toulouse.,mapa,cmp2006,appeloffre,initial,Service Technique de l'Aviation Civile,94385,BONNEUIL SUR MARNE CEDEX,,['Matériel électrique'],[203],non,oui
20-82911,2020-06-29,2020-08-29,['95'],Lot 14.- Réfection des pôles science aux collèges Pierre Curie et Montaigne à Goussainville,fns,cmp2006,attribution,initial,Conseil général du Val d'Oise,95032,Cergy pontoise cedex,"[('2020-06-26', 'LUNEMAPA', (155495.4, 'EUR'), None)]","[""Tous corps d'état""]",[345],non,non
20-82883,2020-06-29,2020-08-25,['95'],La présente consultation a pour objet la souscription d'une assurance dommages - ouvrage pour les travaux de construction d'une Maison départementale de l'Enfance (MDE) à Cergy.,fns,cmp2006,attribution,initial,Conseil général du Val d'Oise,95032,Cergy pontoise cedex,"[('2020-06-25', ""SOCIETE MUTUELLE D'ASSURANCES DU BATIMENT ET DES TRAVAUX PUBLICS"", (60446.48, 'EUR'), None)]",['Assurance'],[20],non,non
20-82915,2020-06-29,2020-08-29,['95'],Lot 28 - Réfection de 4 salles de sciences au Collège Henri Wallon à Bezons,fns,cmp2006,attribution,initial,Conseil général du Val d'Oise,95032,Cergy pontoise cedex,"[('2020-06-26', 'SBME', (57700, 'EUR'), None)]","[""Tous corps d'état""]",[345],non,non
20-82850,2020-06-29,2020-08-30,['95'],La présente consultation a pour objet les prestations de création et de diffusion de podcasts pour le Conseil départemental du Val d'Oise.,fns,cmp2006,attribution,initial,Conseil général du Val d'Oise,95032,Cergy pontoise cedex,"[('2020-06-25', 'MEDIAMEETING', (101864.91, 'EUR'), None)]","['Audiovisuel', 'Télévision']","[22, 340]",non,non
20-82661,2020-06-29,2020-08-18,"['95', '93', '77']",Acquisition de mobiliers de bureau et mobiliers spécifiques pour le service Fêtes et Cérémonies.,fns,cmp2006,appeloffre,initial,COMMUNE DE MONTIGNY LES CORMEILLES,95370,Montigny-lès-cormeilles,,['Mobilier'],[230],non,non
20-82671,2020-06-29,2020-08-17,['95'],Mission de maîtrise d'oeuvre pour les travaux de restauration du Château de Grouchy,fns,cmp2006,appeloffre,initial,COMMUNE DE OSNY,95520,Osny,,"[""Assistance à maîtrise d'ouvrage""]",[433],non,non
20-83312,2020-06-29,2020-07-15,['971'],Prolongement du boulevard de Marie Galante - Travaux de Voiries et Réseaux DiversLot no3 : Espaces verts et mobilier urbain,fns,cmp2006,appeloffre,initial,SEM D AMENAGEMENT DE LA GUADELOUPE,97139,ABYMES,,['Espaces verts'],[116],oui,oui
20-83288,2020-06-29,2020-07-10,['971'],"Fourniture, installation, confIguration et maintenance d'une solution de sauvagarde PC",mapa,cmp2006,appeloffre,initial,Grand Port Maritime de la Guadeloupe,97165,Pointe-à-Pitre Cedex,,['Informatique (prestations de services)'],[163],non,non
20-83175,2020-06-29,2020-07-27,['972'],Contruction d'une Pépinière d'Agro-Transformation de la ZAE de Choco-Choisy - LOT no10B Niveleur de Quai.,mapa,cmp2006,appeloffre,initial,Cté d'Agglo du centre de la Martinique,97204,Fort de france cedex martinique,,['Ascenseur'],[17],non,non
20-81209,2020-06-29,2020-07-30,['972'],"accord-cadre mono-attributaire portant sur l'acquisition de consommables pour les imprimantes, telecopieurs et traceurs de la collectivite territoriale de martinique",joue,directive24,appeloffre,initial,COLLECTIVITE TERRITORIALE MARTINIQUE,97261,Fort-de-France,,['Consommables informatiques'],[68],non,oui
20-83290,2020-06-29,2020-07-24,['972'],Gestion opérationnelle de la 'Transat Cap Martinique',mapa,cmp2006,appeloffre,initial,Comité Martiniquais du Tourisme,97276,Fort de France Cedex,,"[""Assistance à maîtrise d'ouvrage""]",[433],non,non
20-83310,2020-06-29,2020-08-04,['973'],"Lot 1 : Plomberie - Entretien, réparation et aménagement au sein des différents sites militaires et logements domaniaux situés à Kourou.Lot 2 : Plomberie - Entretien, réparation et aménagement au ..",fns,cmp2006,appeloffre,initial,MINDEF/SGA/SID/DID Cayenne,97300,Cayenne,,['Plomberie (travaux)'],[270],non,non
20-82933,2020-06-29,2020-08-14,['973'],Marché de travaux pour la construction de 11 logements à RONJON,fns,cmp2006,appeloffre,initial,SEMSAMAR (973),97351,Matoury,,"['Menuiserie', 'Serrurerie']","[222, 321]",non,non
20-83279,2020-06-29,2020-07-24,['973'],Travaux relatifs aux fauteuils dans le cadre de l'aménagement intérieur de la salle de délibération,fns,cmp2006,appeloffre,initial,Cté d'agglomération du Centre Littoral,97357,MATOURY CEDEX,,['Mobilier'],[230],non,non
20-82936,2020-06-29,2020-07-20,['974'],MAITRISE D'OEUVRE POUR LA RÉHABILITATION D'UNE UNITÉ D'HOSPITALISATION DE 16 LITS POUR ENFANTS ET ADOLESCENTS,fns,cmp2006,appeloffre,initial,Groupement de Commandes EPSMR - CHGM,97400,SAINT DENIS,,"[""Maîtrise d'oeuvre""]",[197],non,non
20-82660,2020-06-29,2020-07-27,['974'],Travaux d'aménagement des parkings de la fenêtre des Makes à Saint-Louis,joue,autre,rectificatif,rectificatif,Conseil Régional de la Réunion,97490,Sainte clotilde,,['Travaux forestiers'],[350],non,non
