,a00_cle_idweb,g04_01_date_publication,g04_03_date_fin_diffusion,g04_07_dep_publication,g04_09_resume_objet,g01_02_01_famille,g01_02_02_perimetre,g01_02_03_nature,g01_02_04_statut,d01_01_denomination,d01_07_cp,d01_08_ville,d08_09_decision_titulaireandRENSEIGNEMENT,g04_052_descripteurs_libelles,g04_051_descripteurs_codes,g04_061_criteres_sociaux,g04_062_criteres_environnementaux
0,20-110142,2020-09-08,2020-09-18,"['1', '69']",marché de travaux concernant la construction de la gendarmerie sur la commune de Meximieux,fns,cmp2006,appeloffre,rectificatif,SEM DE CONSTRUCTION DU DPT DE L AIN,01000,Bourg-en-Bresse,,"[""Tous corps d'état""]",[345],non,non
1,20-110147,2020-09-08,2020-10-01,['1'],Assistance à la gestion de la dette propre et de la dette garantie en vue de son optimisation sécurisée via internet,fns,cmp2006,appeloffre,initial,Département de l'Ain,01003,BOURG EN BRESSE CEDEX,,['Assistance technique'],[19],non,non
2,20-110390,2020-09-08,2020-10-07,['1'],Fournitures et livraison d'articles de bureau,fns,cmp2006,appeloffre,initial,Commune de Valserhone,01206,Valserhône cedex,,"['Articles de bureau et articles scolaires', 'Matériel de bureau']","[16, 207]",non,non
3,20-110110,2020-09-08,2020-10-16,['2'],Enlèvement et traitement des huiles de vidange collectées dans les collectivités du département de l'Aisne-.,fns,cmp2006,appeloffre,initial,Valor'Aisne,02000,LAON,,['Prestations de services'],[274],non,oui
4,20-110068,2020-09-08,2020-09-30,"['3', '63']",Démolition complète de l'ancienne piscine de Bellerive-sur-Allier,fns,cmp2006,appeloffre,initial,Vichy Communauté,03209,Vichy,,"['Démolition', 'Amiante (désamiantage)']","[87, 479]",non,non
5,20-110285,2020-09-08,2020-10-06,['3'],VIDEOPROTECTION,fns,cmp2006,appeloffre,initial,Ville de Gannat,03800,GANNAT,,"['Surveillance', 'Télésurveillance']","[331, 415]",non,non
6,20-110301,2020-09-08,2020-09-29,"['5', '4', '6', '13', '26', '38', '83', '84']",Mission d'assistance à maîtrise d'ouvrage pour la réalisation d'études de faisabilité et de programmation pour diverses opérations d'aménagement au sein des CIS des Hautes-Alpes,fns,cmp2006,appeloffre,initial,Sdis 05,05000,Gap,,"['Etude', ""Maîtrise d'oeuvre""]","[118, 197]",non,non
7,20-109968,2020-09-08,2020-11-09,['6'],location et maintenance de fontaines à eau sur réseau avec livraison sur sites de fournitures associées pour le compte de la regie parcs d'azur.,mapa,cmp2006,attribution,initial,REGIE PARCS D AZUR,06000,Nice,,['Fontaine'],[449],non,non
8,20-109962,2020-09-08,2020-11-09,['6'],marché de travaux de fourniture et pose de portes rapides rigides automatiques.,fns,cmp2006,attribution,initial,REGIE PARCS D AZUR,06000,Nice,,['Equipements spécialisés'],[115],non,non
9,20-110197,2020-09-08,2020-09-30,['6'],Station de valberg -operation 2020optimisation reseau neigeconception-fourniture-installation et mise en service,fns,cmp2006,appeloffre,initial,syndicat mixte de valberg,06470,Valberg,,['Enneigement artificiel'],[109],non,non
10,20-110256,2020-09-08,2020-10-08,['6'],Le présent accord cadre a pour objet la conception et le portage de repas à domicile envers les personnes âgées et/ou handicapées sur toute la commune de Carros.,fns,cmp2006,appeloffre,initial,Ville de Carros,06510,Carros,,"['Repas, traiteur']",[304],non,non
11,20-110286,2020-09-08,2020-10-08,['6'],19V1896 - Fourniture et livraison d'aliments infantiles dans les établissements de la Petite Enfance de la Ville de Nice.,fns,cmp2006,attribution,initial,COMMUNE DE NICE,06593,Nice cedex 4,"[('2020-06-09', 'RIVADIS', (3248, 'EUR'), None)]",['Restauration collective'],[66],non,non
12,20-110134,2020-09-08,2020-10-08,['6'],SERVICES DE TELEPHONIE MOBILE,mapa,cmp2006,appeloffre,initial,CCAS de Saint Laurent du Var,06700,Saint Laurent du Var,,['Télécommunications'],[338],non,non
13,20-110171,2020-09-08,2020-09-18,['8'],Prestations de services vétérinaires pour les années 2021 à 2024 et pour les besoins des services municipaux - 2 lots-. (rectificatif),fns,cmp2006,appeloffre,rectificatif,COMMUNE DE CHARLEVILLE MEZIERES,08000,CHARLEVILLE-MEZ.,,['Prestations de services'],[274],non,non
14,20-110183,2020-09-08,2020-09-23,['8'],"fourniture de pièces détachées, accessoires etconsommables pour les véhicules entretenus par leservice garage du ch bélair",mapa,cmp2006,attribution,initial,CENTRE HOSPITALIER BELAIR,08000,Charleville Mézières,,['Pièces détachées'],[266],non,non
15,20-110179,2020-09-08,2020-09-23,['8'],Acquisition d'un camping car neuf pour le ch bélair,mapa,cmp2006,attribution,initial,CENTRE HOSPITALIER BELAIR,08000,Charleville Mézières,,['Véhicules (acquisition)'],[475],non,non
16,20-110350,2020-09-08,2020-09-30,['10'],Concession de service public pour la gestion d'un accueil de loisirs périscolaire et extrascolaire,dsp,dsp,appeloffre,initial,BOURANTON,10270,Bouranton,,['Prestations de services'],[274],non,non
17,20-110051,2020-09-08,2020-10-01,['11'],"Stockage, réception, transport et valorisation des déchets industriels",fns,cmp2006,appeloffre,initial,COMMUNE DE CARCASSONNE,11835,Carcassonne Cedex 9,,"['Conteneur, poubelles', 'Déchets non ménagers (prestations)']","[71, 404]",non,non
18,20-110221,2020-09-08,2020-10-12,['11'],Travaux de branchements neufs d'eau potable et d'assainissement des eaux usées,fns,cmp2006,appeloffre,initial,CARCASSONNE AGGLO,11890,Carcassonne,,['Assainissement'],[18],non,non
19,20-110086,2020-09-08,2020-12-06,['13'],FORMATION GARDES PARTICULIERS,mapa,cmp2006,attribution,initial,GRAND PORT MARITIME DE MARSEILLE,13226,MARSEILLE,,['Formation'],[410],non,non
20,20-110315,2020-09-08,2020-11-05,"['13', '34', '83', '84']",Travaux de réhabilitation du stade de l'Allée des Pins à Fos-sur-Mer.,fns,cmp2006,appeloffre,initial,Ville de Fos-sur-Mer,13771,Fos sur mer cedex,,['Equipement sportif'],[113],non,non
21,20-109963,2020-09-08,2020-10-09,['14'],"Acquisition, exploitation et maintenance d'une solution logicielle de gestion financière",fns,cmp2006,appeloffre,initial,SYND.DEPT D'ENERGIES DU CALVADOS,14077,CAEN CEDEX 5,,"['Logiciel', 'Maintenance']","[186, 196]",non,non
22,20-109950,2020-09-08,2020-09-30,['14'],Assistance technique et réglementaire pour un projet ferroviaire,fns,cmp2006,attribution,initial,Ports Normands Associés,14280,Saint-contest,,['Etude'],[118],non,non
23,20-109981,2020-09-08,2020-12-06,['15'],"Numéro de la consultation : 2019-FCS-CHM-0017 Enlèvement, transport d'échantillons biologiques et réalisation d'examens (B et hors nomenclature)",fns,cmp2006,attribution,initial,CENTRE HOSPITALIER HENRI MONDOR,15002,AURILLAC,,"['Analyses médicales, biologiques']",[8],non,non
24,20-109973,2020-09-08,2020-09-18,['15'],Travaux de réhabilitation des réservoirs de Coissy et ouvrages annexes,fns,cmp2006,appeloffre,rectificatif,Communauté d'Agglomération du Bassin,15005,AURILLAC CEDEX,,"['Génie civil', 'Menuiserie', 'Serrurerie', ""Tous corps d'état""]","[141, 222, 321, 345]",non,non
25,20-110267,2020-09-08,2020-10-15,['16'],Mission urbanisme pour l'élaboration du Plan Local d'Urbanisme Intercommunal de la Communauté de Communes du Rouillacais,fns,cmp2006,appeloffre,initial,Communauté de Communes du ROUILLACAIS,16170,Rouillac,,['Ingénierie'],[455],non,non
26,20-110383,2020-09-08,2020-09-30,['17'],"Opération 395 : remplacement du système de vidéosurveillance sur les sites de Marius Lacroix, du CSPA et de la Crèche",fns,cmp2006,appeloffre,initial,CH GPE HOSP DE LA ROCHELLE RE AUNIS,17019,La rochelle,,"['Electricité (travaux)', 'Matériel de sécurité', 'Télésurveillance']","[105, 209, 415]",non,non
27,20-110102,2020-09-08,2020-10-08,"['20B', '20A', '6', '13', '83']",Travaux de restauration et de protection du littoral des communes de Castellare di Casinca et Penta di Casina sur le site des Rivages de Casinca (2B) - Marché réservé pour le lot 1 -,fns,cmp2006,appeloffre,initial,Conservatoire du littoral,17306,Rochefort cedex,,['Terrassement'],[341],oui,oui
28,20-110318,2020-09-08,2020-10-06,['18'],"Fourniture, pose et maintenance de feutres sur calandres LAPAUW pour la Blanchisserie Inter-Hospitalière Bourges-Vierzon",mapa,cmp2006,appeloffre,initial,Blanchis Interhosp Bourges Vierzon,18020,Bourges cedex,,"['Blanchisserie (matériel)', 'Maintenance']","[37, 196]",non,non
29,20-107605,2020-09-08,2020-10-09,['18'],marché public d'assurances,fns,cmp2006,appeloffre,initial,CCAS DE BOURGES,18022,BOURGES Cedex,,['Assurance'],[20],non,non
30,20-110392,2020-09-08,2020-10-05,['18'],Travaux de suppression de matériaux amiantés ou plombés,fns,cmp2006,appeloffre,initial,Conseil départemental du Cher,18023,BOURGES,,['Amiante (désamiantage)'],[479],non,non
31,20-110074,2020-09-08,2020-10-16,['21'],Marché public de prestation de services en assurances,fns,cmp2006,appeloffre,initial,COMMUNE DE FONTAINE LES DIJON,21121,Fontaine-lès-Dijon,,['Assurance'],[20],non,non
32,20-110349,2020-09-08,2020-12-06,['22'],2020-MOE-0003 Maîtrise d'oeuvre - Construction du CIS PLEUDIHEN,mapa,cmp2006,attribution,initial,SCE DEPARTEMENTAL INCENDIE ET SECOURS,22015,SAINT-BRIEUC,,"[""Maîtrise d'oeuvre""]",[197],non,non
33,20-110406,2020-09-08,2020-12-06,['22'],Relance - lot 12 - Extension et Réhabilitation du CIS PLEMET,fns,cmp2006,attribution,initial,SCE DEPARTEMENTAL INCENDIE ET SECOURS,22015,SAINT-BRIEUC,"[('2020-09-02', 'ATS', (19615.55, 'EUR'), None)]",['Plomberie (travaux)'],[270],non,non
34,20-110311,2020-09-08,2020-09-29,['22'],Reprise de l'enrobé rue des Bouessières à Saint Brieuc,mapa,cmp2006,appeloffre,initial,Ville de Saint-Brieuc,22023,SAINT BRIEUC Cedex 1,,['Voirie'],[365],non,non
35,20-110283,2020-09-08,2020-12-06,['24'],Elagage d'arbres en bordure des routes départementales de la Dordogne,mapa,cmp2006,attribution,initial,Conseil Général de la Dordogne,24019,PERIGUEUX,,['Travaux agricoles'],[348],non,non
36,20-110386,2020-09-08,2020-10-06,['28'],Thermographies aérienne et terrestre sur le nouveau périmètre ORT de Chartres Métropole,fns,cmp2006,appeloffre,initial,Chartres Métropole,28019,Chartres cedex,,"['Bâtiment', 'Ingénierie']","[33, 455]",non,non
37,20-110009,2020-09-08,2020-10-04,['28'],TRAVAUX DE REQUALIFICATION DE LA RUE DE LA FONTAINE ET D'AMÉNAGEMENT DU PARVIS DE L'EGLISE,fns,cmp2006,appeloffre,initial,Commune de Barjouville,28630,Barjouville,,"['Espaces verts', 'Voirie', 'Voirie et réseaux divers']","[116, 365, 366]",non,non
38,20-110252,2020-09-08,2020-10-12,['29'],Confection de marquages routiers sur chaussées,fns,cmp2006,appeloffre,initial,Brest métropole,29238,Brest cedex 02,,['Matériaux routiers'],[199],oui,oui
39,20-110036,2020-09-08,2020-10-07,['29'],marché de travaux - procédure adaptée - construction d'une maison médicale et sociale en centre bourg,fns,cmp2006,appeloffre,initial,Mairie de KERLOUAN,29890,Kerlouan,,"['Ascenseur', 'Bâtiment', 'Charpente', 'Cloison, faux plafond', 'Couverture', 'Démolition', 'Electricité (travaux)', 'Gros oeuvre', 'Menuiserie', 'Peinture (travaux)', 'Plomberie (travaux)', 'Réseaux divers', 'Revêtements de sols', 'Serrurerie', 'Terrassement', 'Amiante (désamiantage)']","[17, 33, 57, 63, 74, 87, 105, 144, 222, 264, 270, 306, 308, 321, 341, 479]",oui,non
40,20-110097,2020-09-08,2020-10-05,['30'],Marché d'études portant sur la réalisation d'un schéma directeur de mobilité,fns,cmp2006,appeloffre,initial,COMMUNAUTE DE COMMUNES DE CEZE CEVENNE,30500,Saint ambroix,,['Etude'],[118],non,non
41,20-76219,2020-09-08,2020-09-30,"['30', '34']",fourniture de carburant par carte - 2020,fns,cmp2006,appeloffre,initial,Commune de Vauvert,30600,Vauvert,,"['Carburant, hydrocarbure']",[52],non,non
42,20-110150,2020-09-08,2020-12-08,['9'],réalisation de travaux d'urgence sur les seuils de millas et du soler - sécurisation de la rn116,fns,cmp2006,attribution,initial,DIR Sud-Ouest,31300,Toulouse,,"['Berge', 'Ouvrage hydraulique']","[35, 255]",non,oui
43,20-110340,2020-09-08,2020-09-29,['31'],Numéro de la consultation : 20M0418PA 20M0418PA - CONSTRUCTION D'UN BATIMENT POUR LES MACONS PAVEURS - GABARDIE - AV-LM,fns,cmp2006,appeloffre,initial,TOULOUSE METROPOLE,31505,Toulouse,,['Maçonnerie'],[195],oui,oui
44,20-110138,2020-09-08,2020-09-29,['33'],Réorganisation et construction du GROUPEMENT TECHNIQUE ET LOGISTIQUE - GTL DE BORDEAUX NORD,fns,cmp2006,appeloffre,initial,S.C.E.T.,33000,BORDEAUX,,"[""Tous corps d'état""]",[345],non,non
45,20-110373,2020-09-08,2020-09-25,['33'],Remplacement des postes haute tension de la DZCRS à Cenon (33),fns,cmp2006,appeloffre,rectificatif,SGAP Sud Ouest,33041,Bordeaux,,['Electricité (travaux)'],[105],non,non
46,20-110385,2020-09-08,2020-11-01,"['33', '75']",Audit qualité de l'ingénierie logicielle de la solution GERTRUDE avec préconisations de réingénierie et plans de mise en oeuvre,fns,cmp2006,appeloffre,initial,EPSILON CENTRALE D'ACHAT INFORMATIQUE,33077,Bordeaux cedex,,['Informatique (prestations de services)'],[163],non,non
47,20-110426,2020-09-08,2020-10-10,['33'],Alimentation en eau potable - Canalisations - Accord-cadre à bons de commande,fns,cmp2006,appeloffre,initial,SYNDICAT INTERCOMMUNAL DES EAUX DU BLA,33920,Saint savin,,"['Alimentation en eau potable', 'Canalisations', ""Travaux dans l'eau""]","[6, 48, 349]",non,non
48,20-109984,2020-09-08,2020-12-06,['34'],20018 Démolition - Désamiantage de la capitainerie de Carnon,fns,cmp2006,attribution,initial,MAIRIE DE MAUGUIO CARNON,34130,MAUGUIO,"[('2020-08-19', 'CARDEM', (65283.5, 'EUR'), None)]",['Démolition'],[87],non,non
49,20-110416,2020-09-08,2020-10-31,"['35', '22', '29', '56']",Marché d'assurances pour les besoins du GIP Numérique de Bretagne. Ce marché est divisé en 4 lots,mapa,cmp2006,appeloffre,initial,GIP NUMERIQUE DE BRETAGNE,35000,Rennes,,['Assurance'],[20],non,non
50,20-109960,2020-09-08,2020-09-29,['35'],ASSAINISSEMENT DES PLATES-FORMES ROUTIERES DANS LE DEPARTEMENT D'ILLE-ET-VILAINE - PROGRAMME 2020-2023 - LOT 4 SAINT-MALO,fns,cmp2006,appeloffre,initial,Département d'Ille et Vilaine,35042,RENNES,,['Voirie'],[365],non,non
51,20-110002,2020-09-08,2020-10-23,"['35', '22', '50', '53']",Travaux de mise aux normes des sanitaires et adjonction d'une issue de secours au bâtiment D de l'Ecole Nationale de Police de Saint-Malo. Relance des lots no 2 et 11.,fns,cmp2006,appeloffre,initial,SEC GAL POUR L ADM MIN INTERIEUR OUEST,35207,Rennes cedex 2,,"['Charpente', 'Couverture', 'Etanchéité', 'Ventilation']","[57, 74, 117, 360]",non,non
52,20-109957,2020-09-08,2020-09-18,['29'],Travaux de désamiantage et de déconstruction de l'ancien Hôtel de la Plage sis Rue Joliot Curie à Plobannalec-Lesconil (29).,fns,cmp2006,appeloffre,annulation,Etablissement public foncier Bretagne,35207,Rennes,,"['Curage', 'Démolition', 'Amiante (désamiantage)']","[78, 87, 479]",non,non
53,20-110066,2020-09-08,2020-10-02,['35'],Impression et livraison du magazine municipal.,fns,cmp2006,appeloffre,initial,Ville de Saint-Malo,35400,Saint-malo,,['Impression'],[160],non,oui
54,20-110083,2020-09-08,2020-09-18,['38'],Mission de maîtrise d'oeuvre relative à la réhabilitation de la Médiathèque départementale de St Martin d' Hères,fns,cmp2006,appeloffre,rectificatif,DEPARTEMENT DE L ISERE,38022,Grenoble,,"[""Maîtrise d'oeuvre""]",[197],non,non
55,20-110262,2020-09-08,2020-09-30,['38'],Expertise relative à la comparaison des modes tramways et BHNS pour la liaison entre Grenoble et Montbonnot,mapa,cmp2006,appeloffre,initial,SMMAG Mobilités de l'Aire Grenobloise,38031,GRENOBLE,,['Etude'],[118],non,non
56,20-110332,2020-09-08,2020-10-06,['38'],Conception et mise en oeuvre de dispositifs de concertation sur des projets de mobilité du Nord-Ouest de l'agglomération grenobloise,fns,cmp2006,appeloffre,initial,SMMAG Mobilités de l'Aire Grenobloise,38031,GRENOBLE,,['Prestations de services'],[274],non,non
57,20-110141,2020-09-08,2020-10-02,['38'],ST VERAND - Amélioration des groupes : Les Saules et les Noisetiers - 12 logements Allée des Saules et 7 logements impasse des Noisetiers,fns,cmp2006,appeloffre,initial,Commune d'Agytest,38035,GRENOBLE,,"[""Tous corps d'état""]",[345],non,non
58,20-110196,2020-09-08,2020-10-05,['38'],Audit organisationnel et fonctionnel de la direction des ressources humaines,mapa,cmp2006,appeloffre,initial,Commune de Saint-Martin-d'Hères,38401,SAINT-MARTIN-D'HERES CEDEX,,"['Audit', 'Formation', ""Assistance à maîtrise d'ouvrage""]","[21, 410, 433]",non,non
59,20-109952,2020-09-08,2020-10-05,['39'],SEM - Réalisation des études d'impacts et élaboration du dossier nécessaire au dépôt d'une demande d'autorisation unique pour la construction et l'exploitation d'un parc éolie,fns,cmp2006,appeloffre,initial,SEM EnR Citoyenne,39000,LONS LE SAUNIER,,['Etude'],[118],non,non
60,20-110263,2020-09-08,2020-10-09,['39'],Impression et livraison de chèques d'accompagnement personnalisés Alimentation - Hygiène,mapa,cmp2006,appeloffre,initial,DEPARTEMENT DU JURA,39039,LONS LE SAUNIER,,['Prestations de services'],[274],non,non
61,20-110007,2020-09-08,2020-09-28,['39'],location de matériel médical,fns,cmp2006,appeloffre,initial,Etapes,39100,dole,,['Location (matériels)'],[185],non,non
62,20-110125,2020-09-08,2020-10-08,['39'],prestation de services d'assurances,fns,cmp2006,appeloffre,initial,Commune de Salins Les Bains,39110,Salins-les-bains,,['Assurance'],[20],non,non
63,20-108654,2020-09-08,2020-10-15,['40'],commune de saint eulalie en bornassainissementréhabilitation de réseauopération no 2020-527,mapa,cmp2006,appeloffre,initial,SYDEC,40006,Mont de Marsan cedex,,['Assainissement'],[18],non,oui
64,20-105178,2020-09-08,2020-11-11,['40'],fourniture de carburants,fns,cmp2006,attribution,initial,Ville de Saint-Paul-les-Dax,40992,Saint-Paul-lès-Dax cedex,,"['Carburant, hydrocarbure']",[52],non,non
65,20-110322,2020-09-08,2020-10-07,['41'],Le présent marché a pour objet les travaux de finition de voirie situés Rue Copernic et Rue Galilée à LA CHAUSSEE-SAINT-VICTOR (41).,fns,cmp2006,appeloffre,initial,CCI de Loir-et-Cher,41018,Blois,,['Voirie'],[365],non,non
66,20-109986,2020-09-08,2020-12-06,['42'],Reprise du Pont des Fourches sur le Cotatay sur la commune du Chambon Feugerolles,fns,cmp2006,attribution,initial,Saint Etienne Métropole,42006,Saint Etienne,"[('2020-09-07', 'SARL ELLIPSE', (160990, 'EUR'), None)]","['Démolition', 'Enrochements', 'Génie civil', ""Ouvrage d'art"", 'Terrassement']","[87, 110, 141, 252, 341]",non,non
67,20-110284,2020-09-08,2020-12-06,['42'],Remplacement du système de sonorisation du complexe sportif Claudius Rey à Saint-Chamond,fns,cmp2006,attribution,initial,Ville de Saint-Chamond,42400,Saint-Chamond,"[('2020-08-25', 'MAG SCENE', (32790.3, 'EUR'), None)]",['Sonorisation'],[324],non,non
68,20-110289,2020-09-08,2020-10-01,['43'],Marché de travaux pour la réhabilitation de l'immeuble 7 rue Saint-Jacques au Puy-en-Velay,fns,cmp2006,appeloffre,initial,SPL du Velay,43000,Le Puy en Velay,,"['Charpente', 'Couverture', 'Démolition', 'Maçonnerie', 'Menuiserie', 'Produits chimiques', 'Ravalement', ""Tous corps d'état"", 'Zinguerie']","[57, 74, 87, 195, 222, 275, 299, 345, 372]",non,non
69,20-110402,2020-09-08,2020-10-13,['44'],"Renouvellement de canalisations en acier DN500mm, en PEHD PN16 DN125mm et de branchements d'eau potable sur la commune de Donges",fns,cmp2006,appeloffre,initial,COM D AGGLO REG NAZAIRIENNE ESTUAIRE,44605,Saint-Nazaire,,['Alimentation en eau potable'],[6],non,non
70,20-110381,2020-09-08,2020-10-01,"['45', '48']",Barrage de Naussac: traitement anticorrosion conduite de restitution,fns,cmp2006,appeloffre,initial,Etablissement Public Loire,45057,Orléans Cedex,,['Barrage'],[31],non,non
71,20-110359,2020-09-08,2020-10-05,['44'],"Le marché a pour objet des travaux consistant à réaliser, de façon durable, un chemin de randonnée adapté aux piétons et aux cyclistes autour de l'ancien site minier du Bois Vert à Abbaretz",fns,cmp2006,appeloffre,initial,B R G M,45060,Orléans cedex 2,,"[""Tous corps d'état""]",[345],non,oui
72,20-110081,2020-09-08,2020-10-12,"['45', '41']",Maîtrise d'oeuvre pour la restauration de la Porte d'Amont,mapa,cmp2006,appeloffre,initial,Commune de Meung-sur-Loire,45130,Meung-sur-loire,,['Monuments historiques'],[236],non,non
73,20-109532,2020-09-08,2020-10-19,['45'],Etude pour le bilan du contrat territorial Dhuy Loiret - volet milieux aquatiques (2016-2020) et la définition d'un nouveau programme d'actions (2021-2027),mapa,cmp2006,appeloffre,initial,SYND INTERCOMMUNAL DU BASSIN DU LOIRET,45150,Ferolles,,['Etude'],[118],non,non
74,20-110436,2020-09-08,2020-09-29,['45'],"Maîtrise d'oeuvre pour la conception, la mise en oeuvre d'un système de vidéoprotection et de ses moyens d'exploitation",mapa,cmp2006,appeloffre,initial,Ville de Briare,45250,Briare le Canal,,['Télésurveillance'],[415],non,non
75,20-110167,2020-09-08,2020-10-08,['47'],Désamiantage et démolitions à la base de loisirs du temple sur lot,fns,cmp2006,appeloffre,initial,SEM 47,47000,Agen,,['Amiante (désamiantage)'],[479],non,non
76,20-110077,2020-09-08,2020-10-13,['47'],Numéro de la consultation : 20-MVSL-0004 FOURNITURE DE DENREES ALIMENTAIRES DANS LE CADRE D'UN GROUPEMENT DE COMMANDES ENTRE LA MAIRIE ET LA CAGV - Produits laitiers,fns,cmp2006,appeloffre,initial,COMMUNE DE VILLENEUVE SUR LOT,47307,VILLENEUVE-SUR-LOT,,['Denrées alimentaires'],[88],non,oui
77,20-109449,2020-09-08,2020-11-30,['48'],Travaux de réparation de routes communales et intercommunales sur le Département de la Lozère.,joue,directive24,attribution,initial,SDEE de la Lozère,48000,MENDE,"[('2020-08-20', 'COLAS RAA', (238666, 'EUR'), 'Programme de voirie 2020 secteur 05 Nasbinals'), ('2020-08-20', 'Lozérienne de Travaux Publics', (319996, 'EUR'), 'Programme de voirie 2020 secteur 18 Mont Lozère et Goulet / Villefort'), ('2020-08-20', 'COLAS RAA', (349780, 'EUR'), 'Programme de voirie 2020 secteur 19 Châteauneuf / Monts de Randon')]",['Voirie'],[365],non,non
78,20-110062,2020-09-08,2020-10-01,"['49', '44', '53', '72']",Réfection du plancher de scène du Grand Théâtre d'Angers,fns,cmp2006,appeloffre,initial,Ville d'Angers,49020,ANGERS,,['Bois'],[38],non,non
79,20-110413,2020-09-08,2020-10-02,['50'],Réaménagement des locaux du CODIS et création de 4 cabinets de consultation,fns,cmp2006,appeloffre,initial,SDIS 50,50009,SAINT LO CEDEX,,"['Electricité (travaux)', 'Informatique (matériel)', 'Menuiserie', 'Plomberie (travaux)', 'Revêtements de sols']","[105, 162, 222, 270, 308]",non,non
80,20-110266,2020-09-08,2020-10-13,['50'],Prestations de modélisation des processus du secteur de l'enfance au sein d'une direction du Département de la Manche,fns,cmp2006,appeloffre,initial,DEPARTEMENT DE LA MANCHE,50050,Saint-Lo,,['Prestations de services'],[274],non,non
81,20-110265,2020-09-08,2020-10-02,"['50', '14', '35', '61']",Acquisition d'une nacelle à mat vertical avec déport,fns,cmp2006,appeloffre,initial,CHERBOURG-EN-COTENTIN,50108,Cherbourg-en-Cotentin,,['Matériel de manutention'],[208],non,non
82,20-110016,2020-09-08,2020-10-08,['52'],PRESTATIONS DE NETTOYAGE DES LOCAUX DE LA PEPINIERE D'ENTREPRISES - ZONE PLEIN'EST A CHAUMONT (52),mapa,cmp2006,appeloffre,initial,AGGLOMERATION DE CHAUMONT,52012,CHAUMONT,,['Nettoyage de locaux'],[239],non,non
83,20-110070,2020-09-08,2020-10-10,"['53', '44', '72', '49', '85', '35', '61']",Travaux de mise en accessibilité - Personnes à mobilité réduite - AD'AP,fns,cmp2006,appeloffre,initial,Ville de Saint Berthevin,53942,Saint berthevin cedex,,"['Electricité (travaux)', 'Gros oeuvre', 'Menuiserie', 'Peinture (travaux)', 'Plomberie (travaux)']","[105, 144, 222, 264, 270]",non,non
84,20-110312,2020-09-08,2020-10-31,"['54', '57', '55', '88']",SCY-CHAZELLES / PLAPPEVILLE - site du MONT-SAINT-QUENTIN (Moselle) TRAVAUX DE PRESERVATION ET DE SECURISATIONLot no2 : Serrurerie externe aux ouvragesLot no4 : Métallerie neuve sur ouvrages/Rest..,fns,cmp2006,appeloffre,initial,EPF Lorraine,54701,Pont à mousson,,"['Métallerie', 'Serrurerie']","[223, 321]",non,non
85,20-110149,2020-09-08,2020-10-05,"['56', '22', '29', '44', '35']",Le marché de travaux a pour objet l'opération de désamiantage et de couverture du rez de chaussée sud du siège de la DDFIP situé 35 boulevard de la Paix à Vannes,fns,cmp2006,appeloffre,initial,DIRECTION DEP FIN PUBLIQUES MORBIHAN,56019,Vannes,,['Amiante (désamiantage)'],[479],non,non
86,20-110078,2020-09-08,2020-10-02,['56'],Numéro de la consultation : 20200078 Marché de TRAVAUX pour la reconstruction des murs d'enceinte de la résidence Les Terrasses d'Arbois à Hennebont,fns,cmp2006,appeloffre,initial,OFFICE PUB HABITAT COM AGGL PAYS LORIE,56325,LORIENT,,['Gros oeuvre'],[144],non,non
87,20-106108,2020-09-08,2020-10-28,['56'],"accord-cadre mono-attributaire relatif à la réalisation d'études générales eau et assainissement, études de faisabilité /fiabilisation/acceptabilité et études règlementaires sur le territoire d'AQTA",fns,cmp2006,appeloffre,initial,Auray Quiberon Terre Atlantique,56404,Auray Cedex,,"['Assistance technique', 'Etude']","[19, 118]",non,non
88,20-110326,2020-09-08,2020-11-09,['57'],La conception et la réalisation graphique des supports de communication pour la saison 2021-2022 de la Cité musicale-Metz,fns,cmp2006,appeloffre,initial,EPCC Metz en scènes,57000,Metz,,"['Publicité, Communication']",[285],non,non
89,20-110139,2020-09-08,2020-10-05,['57'],MISSION D'ASSISTANCE A MAÎTRISE D'OUVRAGE POUR L'ÉLABORATION DU RÈGLEMENT LOCAL DE PUBLICITÉ INTERCOMMUNAL (RLPi)DE METZ MÉTROPOLE,fns,cmp2006,appeloffre,initial,METZ METROPOLE,57071,Metz,,"[""Assistance à maîtrise d'ouvrage""]",[433],non,non
90,20-109975,2020-09-08,2020-10-09,['57'],Travaux de remplacement d'installation de chauffage et de climatisation au R22 pour le corps de bâtiment A du Pôle des Métiers de Thionville,fns,cmp2006,appeloffre,initial,CRMA Grand Est,57078,Metz cedex 03,,"['Chauffage (travaux)', 'Climatisation']","[61, 62]",non,non
91,20-110164,2020-09-08,2020-11-08,['57'],"vérification annuelle et maintenance des extincteurs, ria et blocs de secours des établissements hospitaliers membres du groupement de commandes de moselle sud et moselle est.",mapa,cmp2006,attribution,initial,Groupement Commandes CH Lorquin,57790,Lorquin,,['Extincteur'],[119],non,non
92,20-109523,2020-09-08,2020-09-15,['59'],désamiantage et nettoyage du bâtiment 'recettes' situé sur le site minier de wallers-arenberg,fns,cmp2006,appeloffre,rectificatif,Cté d'Agglo de la porte du Hainaut,59135,Wallers,,"['Charpente', 'Amiante (désamiantage)']","[57, 479]",non,non
93,20-110244,2020-09-08,2020-10-08,['59'],Location longue durée de 2 véhicules de tourisme et de 2 véhicules utilitaires,mapa,cmp2006,appeloffre,initial,mairie de loon plage,59279,Loon-Plage,,['Véhicules (location)'],[474],non,non
94,20-110180,2020-09-08,2020-10-08,['59'],Rénovation du bâtiment SSR,fns,cmp2006,appeloffre,initial,Centre Hélène Borel,59283,RAIMBEAUCOURT,,"[""Tous corps d'état""]",[345],non,non
95,20-110094,2020-09-08,2020-09-28,['59'],"aménagement de l'éclairage public de la coulée verte, le parc de la rhonelle, le parking de la tour périlleuse",fns,cmp2006,appeloffre,initial,Ville de Valenciennes,59300,Valenciennes,,['Eclairage public'],[102],non,non
96,20-109995,2020-09-08,2020-09-30,['59'],organisation d'un colloque national,mapa,cmp2006,appeloffre,initial,Université de Valenciennes,59313,Valenciennes cedex 09,,['Evénementiel'],[445],non,non
97,20-110338,2020-09-08,2020-09-15,['59'],mapa 2020-2141 mise en sécurité des installations électriques haute tension et d'un groupe électrogène pour l'hôpital départemental de felleries-liessies,fns,cmp2006,appeloffre,rectificatif,Centre hospitalier de Valenciennes,59322,Valenciennes,,['Electricité (travaux)'],[105],non,non
98,20-110018,2020-09-08,2020-10-07,['59'],Acquisition de matériels de signalisation,fns,cmp2006,appeloffre,initial,Ville de Dunkerque,59386,Dunkerque,,['Signalisation'],[322],non,oui
99,20-110376,2020-09-08,2020-09-25,['59'],"Travaux de réfection des sanitaires à l'école élémentaire du Pont-Allant, rue Léon Bathiat à Maubeuge.",fns,cmp2006,appeloffre,rectificatif,Commune de Maubeuge,59607,Maubeuge cedex,,['Sanitaire'],[319],non,non
100,20-109588,2020-09-08,2020-11-20,['60'],"réhabilitation du bâtiment d, du parc des cheminots rue des cheminots à beauvais",fns,cmp2006,attribution,initial,Département de l'Oise,60000,Beauvais,"[('2020-09-03', 'SAS PIVETTA BATIMENT', (199999.03, 'EUR'), None), ('2020-09-03', 'SOCIETE PICARDE DE CONSTRUCTION', (26186.0, 'EUR'), None), ('2020-09-03', 'LCIE SAS', (55041.2, 'EUR'), None), ('2020-09-03', 'METALLERIE LEJEUNE SAS', (10530, 'EUR'), None), ('2020-09-03', 'SERRURERIE MODERNE CREILLOISE', (35850, 'EUR'), None), ('2020-09-03', 'MARISOL SA', (21653.95, 'EUR'), None), ('2020-09-03', 'ETS GED NORD PICARDIE ELEC', (19700, 'EUR'), None), ('2020-09-03', 'SARL ASFB', (25000, 'EUR'), None), ('2020-09-04', 'SAS SPRID', (4500, 'EUR'), None)]","['Bâtiment', 'Couverture', 'Electricité (travaux)', 'Gros oeuvre', 'Maçonnerie', 'Menuiserie', 'Métallerie', 'Peinture (travaux)', 'Plâtrerie', 'Plomberie (travaux)', 'Serrurerie', 'Voirie et réseaux divers']","[33, 74, 105, 144, 195, 222, 223, 264, 269, 270, 321, 366]",oui,oui
101,20-108356,2020-09-08,2020-11-23,['60'],rd 924 - reparation du pont suspendu sur l'oise a boran sur oise,fns,cmp2006,attribution,initial,Département de l'Oise,60000,Beauvais,"[('2020-09-03', 'SAS FREYSSINET FRANCE', (72898.09, 'EUR'), None)]","[""Ouvrage d'art"", ""Ouvrage d'infrastructure""]","[252, 253]",non,non
102,20-110379,2020-09-08,2020-10-01,['62'],maintenance annuelle des équipements d'éclairage des stades sportifs avionnais.,fns,cmp2006,appeloffre,initial,Ville d'Avion,62210,Avion,,['Maintenance'],[196],non,oui
103,20-109738,2020-09-08,2020-10-02,['62'],assistance à maitrise d'ouvrage dans le cadre du renouvellement de la concession de la plage (ville/etat) et de la délégation de service public pour sous-concessions de plage sur le domaine maritime,fns,cmp2006,appeloffre,initial,ville du Touquet-Paris-Plage,62520,Le Touquet Paris Plage,,"[""Assistance à maîtrise d'ouvrage""]",[433],non,non
104,20-110333,2020-09-08,2020-10-06,['63'],FACILITATEUR DES CLAUSES SOCIALES DANS LA COMMANDE PUBLIQUE,mapa,cmp2006,appeloffre,initial,Clermont Auvergne Métropole,63007,CLERMONT-FERRAND,,['Prestations de services'],[274],non,non
105,20-110201,2020-09-08,2020-12-06,['63'],Travaux de mise en conformité contre les risques d'incendie et de réaménagement des locaux - Espace Beaufort,fns,cmp2006,attribution,initial,COMMUNE DE PONT DU CHATEAU,63430,Pont-du-Château,,['Bâtiment'],[33],non,non
106,20-109992,2020-09-08,2020-10-30,['64'],construction d'un réservoir d'eau potable de 2000 m3,fns,cmp2006,appeloffre,initial,SYND EAU ET ASSAINISSEMENT 3 CANTONS,64170,Artix,,['Alimentation en eau potable'],[6],non,oui
107,20-109956,2020-09-08,2020-09-23,['64'],"Acquisition d'un véhicule utilitaire type fourgonnette, neuf, pour le service de la police municipale de la ville de biarritz",mapa,cmp2006,appeloffre,initial,Ville de Biarritz,64202,Biarritz cedex,,['Véhicules (acquisition)'],[475],non,non
108,20-110193,2020-09-08,2020-10-08,['65'],MARCHE DE TRAVAUX DE CLIMATISATION / VENTILATION ET ISOLATION DE L'AGENCE NORD DE L'OPH 65- N'est uniquement relancé que le lot no 2 déclaré infructueux sur la consultation du 23 juille,fns,cmp2006,appeloffre,initial,OFFICE PUB DE L HABITAT HTES PYRENEES,65000,TARBES,,['Isolation'],[169],non,non
109,20-110437,2020-09-08,2020-10-12,['66'],Numéro de la consultation : 20MDETEPPA27 Requalification des espaces publics de la résidence HLM Champ de Mars - Aménagement de l'avenue Albert CAMUS,fns,cmp2006,appeloffre,rectificatif,COMMUNE DE PERPIGNAN,66931,PERPIGNAN CEDEX,,"['Espaces verts', 'Voirie']","[116, 365]",non,non
110,20-110126,2020-09-08,2020-10-08,['67'],RÉALISATION D'UN PLANÉTARIUM ET AMÉNAGEMENT D'UN JARDIN HISTORIQUERELANCE DES LOTS 05-1 ET 21,fns,cmp2006,attribution,initial,Université de Strasbourg,67081,Strasbourg,"[('2020-07-23', 'SMAC SAS', (177000.0, 'EUR'), None), ('2020-07-27', 'EIFFAGE ENERGIES SYSTEMES - LOHNER', (78497.78, 'EUR'), None)]","['Etanchéité', 'Plomberie (travaux)']","[117, 270]",non,non
111,20-110217,2020-09-08,2020-10-08,['67'],La présente consultation porte sur le nettoyage et la désinfection annuelle des ballons de production d'eau chaude sanitaire de l'Etablissement Public de Santé Alsace Nord ainsi que de ses s,fns,cmp2006,attribution,initial,HOPITAUX UNIVERSITAIRES DE STRASBOURG,67091,Strasbourg cedex,,['Chauffage (matériel)'],[60],non,non
112,20-110028,2020-09-08,2020-10-02,['67'],Fourniture et mise en service d'enceintes tri-températures pour les Hôpitaux Universitaires de Strasbourg,mapa,cmp2006,appeloffre,initial,HOPITAUX UNIVERSITAIRES DE STRASBOURG,67091,Strasbourg cedex,,['Transport'],[347],non,non
113,20-109993,2020-09-08,2020-10-02,['67'],BARR Lotissement 'Le Clos St André' - Rue Louis Apfel Construction de 16 logements,mapa,cmp2006,appeloffre,initial,SOCIETE IMMOBILIERE DU BAS RHIN,67100,Strasbourg,,"[""Tous corps d'état""]",[345],non,non
114,20-110003,2020-09-08,2020-09-21,['67'],Prestations de blanchisserie pour les besoins du Conseil Départemental du Bas-Rhin (rectificatif),fns,cmp2006,appeloffre,rectificatif,DEPARTEMENT DU BAS RHIN,67964,Strasbourg,,['Blanchissage'],[36],non,non
115,20-110113,2020-09-08,2020-11-02,['68'],Commune de Saint Pierre Bois - Travaux d'enfouissement des réseaux secs rue de Dambach et rue des Alouettes,mapa,cmp2006,appeloffre,initial,SDEG 68,68000,COLMAR,,['Réseaux divers'],[306],non,non
116,20-110190,2020-09-08,2020-09-30,['68'],Réfection des façades du centre sportif des Rives de la Thur et étanchéité des auvants,fns,cmp2006,appeloffre,initial,Ville de Cernay,68700,Cernay,,"['Bâtiment', 'Etanchéité']","[33, 117]",non,non
117,20-110261,2020-09-08,2020-09-22,['69'],fiabilisation comptable du patrimoine immobilier de l'université lumière lyon 2,mapa,cmp2006,appeloffre,initial,Université Lumière Lyon 2 - DAJIM,69007,Lyon,,['Audit'],[21],non,non
118,20-110064,2020-09-08,2020-09-29,['69'],Navette municipale,fns,cmp2006,appeloffre,initial,Commune de Saint-Fons,69195,Saint-Fons Cedex,,['Transport'],[347],non,non
119,20-110017,2020-09-08,2020-10-07,['69'],Maintenance des équipements NRAZO et liens de collecte du Département du Rhône,fns,cmp2006,appeloffre,initial,Conseil Départemental du Rhône,69483,LYON,,"['Maintenance', 'Informatique (maintenance serveurs et réseaux)']","[196, 454]",non,non
120,20-110203,2020-09-08,2020-12-06,['69'],Prestation d'accompagnement au déploiement des classes culturelles numériques,mapa,cmp2006,attribution,initial,METROPOLE DE LYON,69505,LYON,,['Prestations de services'],[274],non,non
121,20-110033,2020-09-08,2020-10-08,['69'],territoire métropole de lyon -appui au pilotage d'agglomération de la gestion sociale et urbaine de proximité 2020-2024,mapa,cmp2006,attribution,initial,Métropole de Lyon,69505,Lyon,,['Etude'],[118],non,non
122,20-110258,2020-09-08,2020-10-08,['69'],THEATRE - RENOVATION ET MISE EN ACCESSIBILITE,fns,cmp2006,appeloffre,initial,Ville de Villefranche-sur-saône,69653,Villefranche-sur-Saône,,"['Chauffage (travaux)', 'Electricité (travaux)', 'Maçonnerie', 'Peinture (travaux)', 'Plomberie (travaux)']","[61, 105, 195, 264, 270]",non,non
123,20-110454,2020-09-08,2020-09-29,['69'],"Réhabilitation de 3 logements,14 chemin du Rozard à Vaugneray",fns,cmp2006,appeloffre,initial,COMMUNE DE VAUGNERAY,69670,VAUGNERAY,,"['Climatisation', 'Menuiserie', 'Plomberie (travaux)']","[62, 222, 270]",non,non
124,20-110195,2020-09-08,2020-09-28,['69'],"FOURNITURE, INSTALLATION ET MAINTENANCE DE DEFIBRILLATEURS AUTOMATIQUES EXTERNES(DAE)",fns,cmp2006,appeloffre,initial,COMMUNE DE BRON,69671,Bron,,"['Equipements spécialisés', 'Stimulateurs cardiaques']","[115, 329]",non,non
125,20-104036,2020-09-08,2020-09-23,['69'],location de cars avec chauffeur,fns,cmp2006,attribution,initial,Ville de Corbas,69960,Corbas,,['Transport'],[347],non,oui
126,20-110401,2020-09-08,2020-10-14,"['71', '21']",fourniture et acheminement gaz pour bâtiments communaux,fns,cmp2006,appeloffre,initial,VILLE DE CHAGNY,71150,Chagny,,"['Electricité, gaz (fourniture)']",[443],non,non
127,20-110346,2020-09-08,2020-09-25,['73'],MISE EN RESEAU INFORMATIQUE DES BIBLIOTHEQUES DU TERRITOIRE ARLYSERE,fns,cmp2006,appeloffre,rectificatif,Communauté d'Agglomération ARLYSERE,73207,ALBERTVILLE CEDEX,,"['Informatique (matériel)', 'Logiciel']","[162, 186]",non,non
128,20-110202,2020-09-08,2020-12-06,['73'],Rénovation des locaux du poste de contrôle du Tunnel du Fréjus plateforme France (PCCF),fns,cmp2006,attribution,initial,SOC FRANCAISE TUNNEL ROUTIER DE FREJUS,73500,MODANE,"[('2020-09-03', 'SOA', (192362.85, 'EUR'), None)]","['Câblage', 'Climatisation', 'Cloison, faux plafond', 'Electricité (travaux)', 'Menuiserie']","[47, 62, 63, 105, 222]",non,non
129,20-110145,2020-09-08,2020-12-06,['73'],Installation d'une détection incendie thermométrique par câble dans les gaines du tunnel d'Orelle,fns,cmp2006,attribution,initial,SOC FRANCAISE TUNNEL ROUTIER DE FREJUS,73500,MODANE,"[('2020-09-07', 'BOUYGUES ENERGIES ET SERVICES', (445248.55, 'EUR'), None)]","['Câblage', 'Matériel électrique']","[47, 203]",non,non
130,20-109982,2020-09-08,2020-12-06,['73'],Travaux de désamiantage du parking du Charvet à Arc 1800,fns,cmp2006,attribution,initial,Commune de Bourg-St-Maurice / Les Arcs,73700,Bourg Saint Maurice,"[('2020-08-03', 'MTS', (105805, 'EUR'), None)]",['Amiante (désamiantage)'],[479],non,non
131,20-110407,2020-09-08,2020-12-06,['74'],Prestations pour la programmation des expositions du Palais-Espace d'expositions,fns,cmp2006,attribution,initial,Commune de Megève,74120,MEGEVE,"[('2020-08-24', 'CULTURE&CO', (107850, 'EUR'), None)]",['Ingénierie'],[455],non,non
132,20-110140,2020-09-08,2020-10-14,['74'],REHABILITATION DU REFUGE DE LA PIERRE BERARD A VALLORCINE - MISSION DE MAITRISE D'OEUVRE,mapa,cmp2006,appeloffre,initial,COMMUNE DE VALLORCINE,74660,VALLORCINE,,"[""Maîtrise d'oeuvre""]",[197],non,non
133,20-110220,2020-09-08,2020-10-07,['74'],Acquisition d'équipements médicaux liés à la prise en charge et au transport des victimes,mapa,cmp2006,appeloffre,initial,SCE DEPARTEMENTAL INCENDIE ET SECOURS,74966,ANNECY,,['Matériel médical'],[212],non,non
134,20-110045,2020-09-08,2020-09-22,['75'],Marché de travaux d'installation des compteurs d'énergie et de climatisation des établissements publics au sein du Nouveau Forum des Halles - Paris 1er,fns,cmp2006,appeloffre,initial,SPL PARISEINE,75004,Paris,,['Climatisation'],[62],non,oui
135,20-110420,2020-09-08,2020-09-30,['971'],Travaux de forage de trois puits destinés à recevoir des appareils de mesure géophysique.,mapa,cmp2006,appeloffre,initial,Institut de physique du globe de Paris,75005,Paris,,['Forage'],[132],non,oui
136,20-110304,2020-09-08,2020-09-29,['75'],Marché de prestations audiovisuelles,mapa,cmp2006,appeloffre,initial,CNO des masseurs-kinésithérapeutes,75006,Paris,,"['Audiovisuel', 'Matériel photographique et cinématographique', 'Vidéo, cinéma']","[22, 214, 362]",non,non
137,20-110248,2020-09-08,2020-09-24,['75'],Réalisation d'un chantier des collections et à l'évacuation de mobilier de la cathédrale Notre Dame de Paris,fns,cmp2006,appeloffre,rectificatif,RNDP,75007,Paris,,['Prestations de services'],[274],non,non
138,20-110153,2020-09-08,2020-09-29,['75'],Formation linguistique pour le personnel de l'EPMOLot 1 langues européennesLot 2 langues orientales et asiatiques,fns,cmp2006,appeloffre,initial,ETS PUB DU MUS D ORSAY MUS ORANGERIE,75007,Paris,,['Formation'],[410],non,non
139,20-109953,2020-09-08,2020-10-10,['75'],La présente consultation a pour objet une mission d'assistance à maîtrise d'ouvrage juridique pour la passation de marchés publics en procédures de dialogues compétitifs sur le fondement de,fns,cmp2006,attribution,initial,SOC DE LIVRAISON OUVRAGES OLYMPIQUES,75009,Paris,"[('2020-09-07', 'OVEUS', (65100, 'EUR'), None)]",['Assistance juridique'],[434],non,non
140,20-110185,2020-09-08,2020-10-13,['75'],"Accord-cadre à bons de commande de travaux d'entretien des ornements en pierre, métaux et dorures sur les fontaines ornementales de la Ville de Paris",fns,cmp2006,appeloffre,initial,Ville de Paris,75013,Paris,,['Fontaine'],[449],non,non
141,20-110080,2020-09-08,2020-10-09,['75'],Numéro de la consultation : 2020DC10012 Réhabilitation d'un immeuble de 19 logements 64 rue de Saintonge Paris 3è,fns,cmp2006,appeloffre,rectificatif,REGIE IMMOBILIERE DE LA VILLE DE PARIS,75013,Paris,,"[""Tous corps d'état""]",[345],non,oui
142,20-110237,2020-09-08,2020-09-16,['75'],"Fabrication de mobiliers en acier, impression de panneaux et plan de signalétique ainsi que leur pose au sein du jardin botanique de Paris.",fns,cmp2006,attribution,initial,Ville de Paris,75013,Paris,"[('2020-08-06', 'SARL ETABLISSEMENTS PEREIRA', (88982.63, 'EUR'), None)]",['Panneaux'],[261],non,non
143,20-110447,2020-09-08,2020-10-08,"['94', '92', '75']",La consultation porte sur une mission d'assistance à maîtrise d'ouvrage pour la réorganisation des services restauration du GH Paris Saclay,mapa,cmp2006,appeloffre,initial,Groupe Hospitalier HUPIFO,75016,Paris,,"[""Maîtrise d'oeuvre""]",[197],non,non
144,20-110445,2020-09-08,2020-09-24,['75'],Numéro de la consultation : 2020-DA-0042 Accompagnement de la CCI Paris Ile de France dans une démarche de co-construction de la Holding CCI Paris Ile de France Education,fns,cmp2006,appeloffre,initial,CCI Paris Ile-de-France,75017,PARIS,,['Prestations de services'],[274],non,non
145,20-110415,2020-09-08,2020-10-06,['75'],"Travaux de rénovation de l'étanchéité des toitures terrasses des bâtiments M, N et O de la Cité de la musique",fns,cmp2006,appeloffre,initial,Cité de la Musique-Philharmonie Paris,75019,Paris,,['Etanchéité'],[117],non,non
146,20-109756,2020-09-08,2020-10-20,['75'],Prestations de formation des chauffeurs de l'assemblée nationale,mapa,cmp2006,appeloffre,initial,ASSEMBLÉE NATIONALE,75355,Paris,,['Formation'],[410],non,oui
147,20-110076,2020-09-08,2020-10-27,"['75', '77', '78', '91', '92', '93', '94', '95']",Entretien préventif et correctif des réseaux d'eaux usées du PIC de l'AP-HP,fns,cmp2006,appeloffre,initial,PIC SCA SCB SMS APHP,75624,Paris cedex 13,,['Assainissement'],[18],non,non
148,20-110356,2020-09-08,2020-10-07,['75'],Travaux de réaménagement de locaux sous la cour d'honneur de Richelieu,fns,cmp2006,appeloffre,initial,Bibliothèque nationale de France,75706,Paris Cedex 13,,"['Electricité (travaux)', 'Peinture (travaux)', 'Plomberie (travaux)', 'Revêtements de sols', 'Revêtements muraux']","[105, 264, 270, 308, 309]",non,non
149,20-110431,2020-09-08,2020-10-08,['75'],Mise en oeuvre et analyse de l'enquête par questionnaire Observatoire des publics de la BnF,fns,cmp2006,attribution,initial,Bibliothèque nationale de France,75706,Paris Cedex 13,"[('2020-07-30', 'TEST SA', (51450, 'EUR'), None)]",['Sondage'],[323],non,non
150,20-110396,2020-09-08,2020-10-16,['75'],Travaux de construction neuve en entreprise générale au 5-7 Passage Lathuille Paris 18,fns,cmp2006,appeloffre,initial,ELOGIE SIEMP,75924,Paris cedex 19,,['Gros oeuvre'],[144],non,non
151,20-110198,2020-09-08,2020-09-21,['76'],RD 925 - Sécurisation du carrefour entre la route départementale et la voie d'accès au Centre Nucléaire de Production d'Electricité (CNPE) de Penly - Aménagements Paysagers,mapa,cmp2006,appeloffre,rectificatif,Département de Seine Maritime,76101,ROUEN Cedex,,['Espaces verts'],[116],non,oui
152,20-109978,2020-09-08,2020-10-19,['76'],Travaux de consolidation des façades du réservoir de stockage d'eau potable - Léon Salva - Sotteville-Lès-Rouen,mapa,cmp2006,appeloffre,initial,METROPOLE ROUEN NORMANDIE,76176,ROUEN,,"[""Ouvrage d'art""]",[252],non,non
153,20-110137,2020-09-08,2020-10-05,['76'],REMPLACEMENT DE LA COUVERTURE DU TENNIS COUVERT,fns,cmp2006,appeloffre,initial,COMMUNE DE GOURNAY EN BRAY,76220,GOURNAY-EN-BRAY,,"['Couverture', 'Etanchéité']","[74, 117]",non,non
154,20-110449,2020-09-08,2020-10-12,"['76', '27', '14', '80', '78', '50', '28', '60', '61']",Fourniture ouvrages imprimés publiés hors de France et en langue étrangère.,mapa,cmp2006,appeloffre,initial,Université du Havre,76600,Le havre,,['Livres'],[184],non,non
155,20-110050,2020-09-08,2020-12-05,"['77', '75', '78', '91', '92', '93', '94', '95']",Marché public de prestation de services en assurances dans le cadre d'un groupement de commande regroupant : - La Commune d'Othis- Le C.C.A.S d'Othis- La Caisse des Écoles d'Oth,fns,cmp2006,appeloffre,initial,Commune d'Othis,77280,Othis,,['Assurance'],[20],non,non
156,20-110342,2020-09-08,2020-10-20,"['78', '45', '75', '77', '91', '92', '93', '94', '95']",Travaux de densification du site de la DDT 78 :Réhabilitation du bâtiment A (tranche ferme) et aménagement d'un accueil au bâtiment C (tranche optionnelle),fns,cmp2006,appeloffre,initial,DDT des Yvelines,78000,Versailles,,"[""Tous corps d'état""]",[345],non,non
157,20-110021,2020-09-08,2020-12-06,['78'],Travaux de mise en conformité et de réaménagement du centre de secours nautique du Service départemental d'incendie et de secours des Yvelines (SDIS 78) - Péniche Freycinet - Lot B : Mise en conf,fns,cmp2006,attribution,initial,SDIS des Yvelines,78007,Versailles,[],"['Chaudronnerie', 'Electricité (travaux)', 'Menuiserie', 'Peinture (travaux)', 'Plomberie (travaux)']","[58, 105, 222, 264, 270]",non,non
158,20-110414,2020-09-08,2020-10-20,['78'],"Accord cadre à bons de commande portant sur des prestations 'traiteurs', comportant 3 lots distincts (plateaux repas - buffets - cocktails), d'une durée d'une année, renouvelable d",fns,cmp2006,appeloffre,initial,CTRE INTERDEPARTEMENTAL GEST GDE COURO,78008,Versailles,,"['Repas, traiteur']",[304],non,non
159,20-110450,2020-09-08,2020-10-25,['78'],Organisation d'animations de Noël du samedi 19 au dimanche 27 décembre 2020 (13 lots),fns,cmp2006,appeloffre,initial,Ville de Poissy,78303,Poissy cedex,,['Evénementiel'],[445],non,non
160,20-110319,2020-09-08,2020-09-30,"['78', '75']","Achat de portails autoportants ultrarapides, d'un tourniquet couvert avec portillon intégré, de barrières levantes intensives et dispositifs associés",fns,cmp2006,appeloffre,initial,Centre(s) INRA d'IDF ou des HdF,78350,Jouy-en-josas,,"['Porte automatique, portail']",[412],non,non
161,20-110117,2020-09-08,2020-09-29,['78'],Maîtrise d'oeuvre pour la création d'une salle de danse à l'ancienne usine des eaux de la commune de Maisons Laffitte.,fns,cmp2006,appeloffre,rectificatif,COMMUNE DE MAISONS LAFFITTE,78600,Maisons laffitte,,"['Etude', 'Ingénierie']","[118, 455]",non,non
162,20-110199,2020-09-08,2020-11-08,['80'],Prestation de plonge au collège de Péronne,fns,cmp2006,attribution,initial,Conseil Départemental de la Somme,80026,Amiens,,"['Restauration collective', 'Nettoyage de locaux', 'Prestations de services', 'Vaisselle']","[66, 239, 274, 357]",non,non
163,20-110053,2020-09-08,2020-09-27,"['80', '62']",Travaux d'assainissement des eaux usées de la Rue de l'Authie et de la Rue Louis Petit,fns,cmp2006,appeloffre,rectificatif,COMMUNE DE FORT MAHON PLAGE,80120,Fort mahon plage,,"['Génie civil', 'Matériaux routiers']","[141, 199]",non,non
164,20-110299,2020-09-08,2020-10-07,['83'],Le marché porte sur la fourniture de batteries neuves pour les véhicules et équipements spécifiques du SDIS du VAR,fns,cmp2006,attribution,initial,SDIS du Var,83300,Draguignan,,"['Pièces détachées', 'Véhicules']","[266, 359]",non,non
165,20-110288,2020-09-08,2020-11-30,['83'],Travaux de débroussaillement et de terrassement sur pistes forestières,fns,cmp2006,attribution,initial,Ville de Pierrefeu du Var,83390,Pierrefeu du Var,,['Travaux forestiers'],[350],non,non
166,20-110090,2020-09-08,2020-12-31,['84'],Equipement en systèmes transportables de captation/retransmission vidéo,fns,cmp2006,attribution,initial,Université Avignon et Pays de Vaucluse,84029,avignon cedex 1,"[('2020-08-24', 'inwicast', (64700, 'EUR'), None), ('2020-08-24', 'INWICAST', (106125, 'EUR'), None), ('2020-08-24', 'Kalyzée', (71520, 'EUR'), None)]",['Audiovisuel'],[22],non,non
167,20-110412,2020-09-08,2020-12-06,['84'],Numéro de la consultation : CCFP2009 TRAVAUX D'URGENCE DE REPRISE POST CRUE SUR 15 SITES DU TERRITOIRE DE COTELUB,fns,cmp2006,attribution,initial,COMMUNAUTE TERRITORIALE DU SUD LUBERON,84240,LA TOUR D AIGUES,"[('2020-08-31', 'Amourdedieu', (115129, 'EUR'), None)]","['Espaces verts', 'Génie civil', 'Rivières/ruisseaux']","[116, 141, 310]",non,non
168,20-110357,2020-09-08,2020-10-06,['84'],20-07 Maîtrise d'oeuvre - Travaux de réhabilitation de l'aire des gens de voyage - 84800 L'Isle sur la Sorgue,mapa,cmp2006,appeloffre,initial,CC Pays des Sorgues Monts de Vaucluse,84800,L'Isle sur la Sorgue,,"[""Maîtrise d'oeuvre""]",[197],non,non
169,20-110216,2020-09-08,2020-10-05,['84'],RD 956 : Renforcement de la couche de roulement entre la RD 33 à GRAMBOIS et LA TOUR D'AIGUES - Zone 2 : du PR 13+600 accès déchetterie au PR 16 +340 carrefour RD 956 -RD 120,fns,cmp2006,appeloffre,initial,Département de Vaucluse,84909,Avignon Cedex 9,,['Voirie et réseaux divers'],[366],non,non
170,20-110061,2020-09-08,2020-10-10,['84'],NETTOYAGE DES LOCAUX DE LA SPL TECELYS,mapa,cmp2006,attribution,initial,TECELYS,84918,Avignon Cedex 9,[],['Nettoyage de locaux'],[239],non,non
171,20-110353,2020-09-08,2020-10-08,['86'],L'accord cadre porte sur la mise sous pli des documents de propagande à destinations des électeurs pour le compte de la préfecture de la Vienne (86),fns,cmp2006,appeloffre,initial,PREFECTURE DU DEPARTEMENT DE LA VIENNE,86021,Poitiers,,['Conditionnement'],[67],non,oui
172,20-110352,2020-09-08,2020-10-22,"['17', '86']",exécution des prestations nécessaires au fonctionnement des cuisines et des deux restaurants inrae situés à lusignan 86600 et au magneraud 17700.,mapa,cmp2006,appeloffre,initial,INRAE N-AQUITAINE-POITIERS,86600,Lusignan,,['Restauration collective'],[66],non,oui
173,20-110093,2020-09-08,2020-12-06,['87'],"Travaux de création d'infrastructures de récupération des eaux pluviales dans le domaine municipal de "" La Vergne """,fns,cmp2006,attribution,initial,COMMUNE DE LIMOGES,87031,LIMOGES CEDEX 1,"[('2020-09-03', 'LIMOUSIN TRAVAUX PUBLICS', (329000, 'EUR'), None)]",['Réservoir'],[307],non,non
174,20-109451,2020-09-08,2020-10-12,['87'],Mission d'accompagnement du CHU de Limoges dans le cadre de l'activité de monitoring des projets de Recherche clinique,joue,directive24,appeloffre,initial,CHU DUPUYTREN,87042,Limoges cedex,,['Prestations de services'],[274],non,non
175,20-109453,2020-09-08,2020-10-08,"['87', '19', '23']",Services de connectivité optique passive dite location de fibre noire entre différents sites du GHT du Limousin,joue,directive24,appeloffre,initial,CHU DUPUYTREN,87042,Limoges cedex,,['Fibre optique'],[133],non,non
176,20-110186,2020-09-08,2020-09-16,['88'],entretien des espaces verts du conseil départemental des vosges (rectificatif),fns,cmp2006,appeloffre,rectificatif,Conseil Départemental des Vosges,88088,Epinal cedex 09,,['Espaces verts'],[116],non,non
177,20-110111,2020-09-08,2020-09-29,['88'],Travaux d'eau potable - 2ème Tranche-.,fns,cmp2006,appeloffre,initial,DOMBROT LE SEC,88140,DOMBROT-LE-SEC,,"[""Ouvrage d'infrastructure""]",[253],non,non
178,20-110374,2020-09-08,2020-10-02,['91'],"REALISATION D'UNE PASSERELLE MIXTE (PIETONS, CYCLES) AU NIVEAU DE LA RD 36 AU FRANCHISSEMENT DE LA RN 118 A SACLAY",fns,cmp2006,appeloffre,initial,Conseil général de l'Essonne,91102,Evry cédex,,"[""Ouvrage d'art""]",[252],oui,non
179,20-110429,2020-09-08,2020-09-25,['91'],"Call for tenders relating the delivery, installation and connection of the computers for tomography data storage, pre-treatment, and visualisation at the PSICHE beamline.This supply will be carried..",fns,cmp2006,appeloffre,initial,SYNCHROTRON SOLEIL,91190,Gif-sur-yvette,,['Informatique (matériel)'],[162],non,non
180,20-110336,2020-09-08,2020-09-17,['92'],"Campagne d'études de sol dans le cadre de l'opération de construction de 20 logements aux 5, passage Raymond et 168, avenue Henri Ginoux à Montrouge",mapa,cmp2006,appeloffre,rectificatif,Montrouge Habitat - OPH,92120,Montrouge,,"[""Maîtrise d'oeuvre""]",[197],non,non
181,20-110310,2020-09-08,2020-10-05,['92'],"Construction d'un centre socio-culturel à Bourg-la-Reine - Lot 9 Menuiserie intérieure bois, parquet, mobilier, cuisine",fns,cmp2006,appeloffre,initial,COMMUNE DE BOURG LA REINE,92340,Bourg-la-reine,,['Menuiserie'],[222],non,oui
182,20-110098,2020-09-08,2020-10-06,['92'],"Assurance des risques statutaires du personnel de la Ville, du SIVU et de la CEP",fns,cmp2006,appeloffre,initial,Commune de Garches,92380,Garches,,['Assurance'],[20],non,non
183,20-110404,2020-09-08,2020-10-02,['93'],Travaux de calorifugeage des réseaux de chauffage pour la ville du Pré Saint-Gervais.,mapa,cmp2006,appeloffre,rectificatif,COMMUNE DE PRE SAINT GERVAIS,93310,Le Pré Saint-Gervais,,['Chauffage (travaux)'],[61],non,non
184,20-110162,2020-09-08,2020-10-01,['93'],Gravure sur support numérique du recueil des actes administratifs de la Région Île-de-France,fns,cmp2006,appeloffre,initial,Région Ile de France,93400,Saint-ouen-sur-seine,,['Numérisation'],[463],non,non
185,20-96610,2020-09-08,2020-09-28,['93'],etude sur le commerce équitable dans les filières ppam en france,mapa,cmp2006,appeloffre,initial,FranceAgriMer,93555,Montreuil cedex,,['Etude'],[118],non,non
186,20-96916,2020-09-08,2020-09-23,['93'],évaluation technico-économique de l'impact de la disparition des herbicides pour les productions de ppam,mapa,cmp2006,appeloffre,initial,FranceAgriMer,93555,Montreuil cedex,,['Etude'],[118],non,non
187,20-110114,2020-09-08,2020-09-29,['93'],MARCHE DE MAITRISE D'OEUVRE POUR LA RESTAURATION DU PRESBYTERE ET DE L'EGLISE SAINT SULPICE A AULNAY-SOUS-BOIS - ANNEE 2020,fns,cmp2006,appeloffre,rectificatif,Ville d'Aulnay-sous-Bois,93600,Aulnay-sous-bois,,['Etude'],[118],non,non
188,20-110361,2020-09-08,2020-10-07,['94'],FOURNITURE DE CHEQUE D'ACCOMPAGNEMENT PERSONNALISE,fns,cmp2006,appeloffre,initial,CCAS de Créteil,94000,Créteil,,['Prestations de services'],[274],non,non
189,20-110015,2020-09-08,2020-10-30,"['93', '75', '94', '92', '91', '78', '77']","Prestations d'assistance, de conseil et de représentation en justice pour l'établissement de communication et de production audiovisuelle de la défense (ECPAD)",fns,cmp2006,appeloffre,initial,E.C.P.A.D,94205,Ivry sur seine cédex,,['Assistance juridique'],[434],non,non
190,20-110107,2020-09-08,2020-09-29,['94'],Travaux de rénovation du centre de vacances Les Primevères à Habère Poche,fns,cmp2006,attribution,initial,Ville de Vincennes,94300,Vincennes,,"['Electricité (travaux)', 'Maçonnerie', 'Peinture (travaux)', 'Ventilation', 'Voirie et réseaux divers']","[105, 195, 264, 360, 366]",non,non
191,20-110371,2020-09-08,2020-11-07,['94'],"Travaux de création, d'extension, de rénovation et de réfection des réseaux d'arrosage automatique de la Ville de Vincennes",fns,cmp2006,attribution,initial,Ville de Vincennes,94300,Vincennes,"[('2020-08-25', 'TERIDEAL SEGEX ENERGIES', (320000, 'EUR'), None)]",['Arrosage'],[13],non,non
192,20-109991,2020-09-08,2020-11-08,['94'],AMO concession de stationnement de la Ville de Villiers-sur-Marne.,mapa,cmp2006,attribution,initial,Ville de Villiers-sur-Marne,94350,Villiers sur marne,,"[""Assistance à maîtrise d'ouvrage""]",[433],non,non
193,20-105127,2020-09-08,2020-09-30,['94'],relocalisation d'un service de gendarmerie - travaux de couverture,fns,cmp2006,attribution,initial,COMSOPGN - COSIL,94700,Maisons-alfort,"[('2020-08-05', 'MENIGER', (158920.0, 'EUR'), None)]","['Charpente', 'Couverture', 'Etanchéité', 'Zinguerie']","[57, 74, 117, 372]",non,non
194,20-109989,2020-09-08,2020-10-02,['6'],Travaux et remplacement d'un groupe d'eau glacée et d'une armoire de traitement d'air sur le site de Sophia Antipolis,fns,cmp2006,appeloffre,initial,ANSES,94701,Maisons-alfort cedex,,['Climatisation'],[62],non,oui
195,20-110055,2020-09-08,2020-10-10,"['95', '75', '77', '78', '91', '92', '93', '94', '60']",La présente consultation concerne les travaux et l'entretien du patrimoine de la Commune d'Ermont - Corps d'état : Maçonnerie-Menuiserie intérieureLieu(x) d'exécution : Commune d&,fns,cmp2006,appeloffre,initial,Commune d'Ermont,95120,Ermont,,"['Maçonnerie', 'Menuiserie']","[195, 222]",non,non
196,20-110001,2020-09-08,2020-09-30,"['95', '75', '91', '92', '93', '94', '60', '77', '78']","La présente consultation concerne l'achat d'un véhicule léger essence type citadine pour la Commune d'Ermont.Lieu(x) d'exécution : Centre Technique Municipal, rue du Centre Techni",fns,cmp2006,appeloffre,initial,Commune d'Ermont,95120,Ermont,,['Véhicules'],[359],non,non
197,20-110206,2020-09-08,2020-10-07,"['95', '75', '77', '78', '91', '92', '93', '94', '60']",La présente consultation concerne : Location d'un chariot élévateur pour les ateliers municipaux de la Commune d'Ermont.Lieu(x) d'exécution : Centre technique municipal - rue du centre,fns,cmp2006,appeloffre,initial,Commune d'Ermont,95120,Ermont,,['Location (matériels)'],[185],non,non
198,20-110174,2020-09-08,2020-10-01,"['95', '60', '75']","Acquisition d'équipements standards et consommables informatiques, fournitures précisément indiquées dans BPU, fournitures répertoriées dans le catalogue du titulaire et tous les autres articles",fns,cmp2006,appeloffre,initial,COMMUNE DE MONTIGNY LES CORMEILLES,95370,Montigny-lès-cormeilles,,['Informatique (matériel)'],[162],non,non
199,20-110215,2020-09-08,2020-11-09,['95'],Requalification des plateaux sportifs et de la piste d'athlétisme et aménagement d'un terrain de football de loisirs type city stade au complexe sportif axe majeur horloge de la Ville de Cer,fns,cmp2006,attribution,initial,COMMUNE DE CERGY,95800,Cergy,,['Terrain de sport'],[342],non,oui
200,20-110455,2020-09-08,2020-10-08,['971'],Prestation de nettoyage des locaux de la Régie Eau d'Excellence.,fns,cmp2006,appeloffre,initial,EAU D'EXCELLENCE,97122,Baie-Mahault,,['Nettoyage de locaux'],[239],non,non
201,20-108810,2020-09-08,2020-10-09,['971'],mission de programmation et d'assistance technique à maîtrise d'ouvrage pour la construction d'un bâtiment 'vie étudiante et multi-services' sur le campus de fouillole à Pointe à PItre,fns,cmp2006,appeloffre,initial,Rectorat de la Guadeloupe,97183,Les Abymes,,"['Assistance technique', 'Audit', 'Etude', 'Ingénierie', 'Sondage, enquête']","[19, 21, 118, 455, 471]",non,non
202,20-110380,2020-09-08,2020-09-24,['972'],Prestation d'assistance et conseils liées au domaine opérationnel et au fonctionnement de la société et ses filiales dans la réalisation et la gestion des opérations menées ; dans la gestion et l,fns,cmp2006,appeloffre,initial,SOC ECONOMIE MIXTE AMENAGEMENT VILLE F,97200,Fort de france,,['Assistance juridique'],[434],non,non
203,20-108195,2020-09-08,2020-10-09,['972'],travaux pour la maintenance des points d'eau d'incendie (pei),fns,cmp2006,appeloffre,initial,Ville du Lamentin,97232,Le Lamentin Martinique,,"['Maintenance', 'Sécurité incendie']","[196, 332]",non,non
204,20-110428,2020-09-08,2020-10-12,['972'],P20033 Martinique (972) - Fort de France - Morne Desaix - Rénovation intérieure du bâtiment 0167,fns,cmp2006,appeloffre,initial,MINDEF/SGA/DCSID/DID FdF,97261,Fort-de-france cedex,,"[""Tous corps d'état""]",[345],non,oui
205,20-110452,2020-09-08,2020-10-05,['972'],MAPA- AC à bons de commande pour l'enlèvement et le traitement des véhicules hors d'usage (VHU) présents sur le territoire de la Ville de FDF,fns,cmp2006,appeloffre,initial,Ville de Fort de France,97262,Fort-de-france cedex,,['Prestations de services'],[274],non,non
206,20-110448,2020-09-08,2020-09-25,['973'],Mission de maitrise d'oeuvre pour la construction d'un centre d'accueil et de conférence international,fns,cmp2006,appeloffre,initial,Ville de Saint-Georges-de-l'Oyapock,97313,Saint Georges,,"[""Maîtrise d'oeuvre""]",[197],non,non
207,20-109948,2020-09-08,2020-09-30,['974'],TRAVAUX DE CREATION DE POSTES ABONNES EDF POUR DEUX RESERVOIRS,fns,cmp2006,appeloffre,initial,C.I.V.I.S.,97410,Saint-Pierre,,['Electricité (travaux)'],[105],non,non
208,20-109947,2020-09-08,2020-11-30,['974'],ACQUISITION ET MAINTENANCE DE 2 VÉHICULES100 % ÉLECTRIQUE POUR LE SERVICE AUTO-PARTAGE DE LA CIVIS,fns,cmp2006,attribution,initial,C.I.V.I.S.,97410,Saint-Pierre,"[('2020-03-12', 'AUTOMOBILES REUNION', (61987, 'EUR'), None)]","['Pièces détachées', 'Véhicules (acquisition)']","[266, 475]",non,non
209,20-110296,2020-09-08,2020-09-30,['974'],Mission d'accompagnement pour l'élaboration d'une stratégie de Marketing Territorial pour la Réunion - Opportunité et faisabilité d'une marque territoriale,fns,cmp2006,appeloffre,initial,Conseil Régional de la Réunion,97490,Sainte clotilde,,['Etude'],[118],non,non
210,20-110154,2020-09-08,2020-09-30,['974'],PLATE-FORME DE TOURISME NUMERIQUE REUNION - HEBERGEMENT ET MAINTENANCE - SOCLE ' INFORMATIONS ',fns,cmp2006,appeloffre,initial,Conseil Régional de la Réunion,97490,Ste clotilde,,['Informatique (prestations de services)'],[163],non,non
211,20-110305,2020-09-08,2020-10-08,['976'],FORMATION DU PERSONNEL EN CONTRAT PARCOURS EMPLOI COMPÉTENCE (PEC) DE LA COMMUNE DE DZAOUDZI-LABATTOIR,fns,cmp2006,appeloffre,initial,COMMUNE DE DZAOUDZI LABATTOIR,97610,Labattoir,,['Formation'],[410],non,oui
