a00_cle_idweb,g04_01_date_publication,g04_03_date_fin_diffusion,g04_07_dep_publication,g04_09_resume_objet,g01_02_01_famille,g01_02_02_perimetre,g01_02_03_nature,g01_02_04_statut,d01_01_denomination,d01_07_cp,d01_08_ville,d08_09_decision_titulaireandRENSEIGNEMENT,g04_052_descripteurs_libelles,g04_051_descripteurs_codes,g04_061_criteres_sociaux,g04_062_criteres_environnementaux
20-32548,2020-04-28,2020-05-28,['1'],etude de trafic en lien avec les déviations du mas rillier et des echets,mapa,cmp2006,appeloffre,initial,DEPARTEMENT DE L AIN,01003,BOURG-EN-BRESSE Cedex,,['Etude'],[118],non,non
20-57801,2020-04-28,2020-06-18,"['2', '59', '62', '60', '80', '77', '95', '8']",Conventions de participation pour la mise en oeuvre d'une protection sociale complémentaire de santé et de prévoyance complémentaire pour les agents de la ville et du CCAS de GUISE,fns,cmp2006,appeloffre,initial,COMMUNE DE GUISE,02120,GUISE,,['Assurance'],[20],non,non
20-58049,2020-04-28,2020-06-25,['2'],Requalification de la Place Charles de Gaulle-.,fns,cmp2006,appeloffre,initial,COMMUNE DE BRAINE,02220,BRAINE,,"[""Ouvrage d'infrastructure""]",[253],non,non
20-58058,2020-04-28,2020-05-25,['3'],Acquisition d'un logiciel de dématérialisation des correspondances pour le Département de l'Allier (03),fns,cmp2006,appeloffre,initial,DEPARTEMENT DE L ALLIER,03016,MOULINS,,['Logiciel'],[186],non,non
20-57707,2020-04-28,2020-07-26,['3'],RD2209 - TRAVAUX DE REMPLACEMENT DU GARDE-CORPS ET DE REHABILITATION DES CANDELABRES DU PONT DE BELLERIVE SUR L'ALLIER,fns,cmp2006,attribution,initial,DEPARTEMENT DE L ALLIER,03016,MOULINS,"[('2020-04-27', 'Gpt THIVENT SAS-DR Equipement', (611088.36, 'EUR'), None)]","[""Ouvrage d'art""]",[252],non,non
20-57755,2020-04-28,2020-05-25,['3'],"Mission de consultation juridique,d'assistance et de conseil, et de représentation en justice du Département de l'Allier dans le cadre du projet VIA ALLIER",fns,cmp2006,appeloffre,initial,DEPARTEMENT DE L ALLIER,03016,MOULINS,,['Assistance juridique'],[434],non,non
20-57942,2020-04-28,2020-07-24,['5'],REALISATION D'UN FORAGE EN NAPPE ALLUVIALEDU BUËCH ET DES EQUIPEMENTS ANNEXES,fns,cmp2006,appeloffre,initial,ASA DE LA BEOUX,05000,GAP,,"['Electricité (travaux)', 'Forage', 'Génie civil', 'Matériel robinetterie', 'Station de pompage', 'Terrassement']","[105, 132, 141, 311, 326, 341]",non,non
20-57654,2020-04-28,2020-07-26,['5'],RETRAITEMENT EN PLACE DES ROUTES DEPARTEMENTALES,fns,cmp2006,attribution,initial,DEPARTEMENT DES HAUTES-ALPES,05008,GAP,"[('2020-04-24', 'ROUTIERE DU MIDI', (1541027, 'EUR'), None)]",['Voirie'],[365],oui,non
20-57713,2020-04-28,2020-07-26,['5'],Route Départementale no902 PR 14+980 réparation du pont du Câble et 18+020 pose de l'étanchéité du pont de la Cantine commune de Cervières,fns,cmp2006,attribution,initial,DEPARTEMENT DES HAUTES-ALPES,05008,GAP,"[('2020-04-27', 'CHARLES QUEYRAS TP', (215532, 'EUR'), None)]","[""Ouvrage d'art""]",[252],oui,non
20-57668,2020-04-28,2020-06-05,['6'],travaux de peinture dans les differents batiments de la ville de mougins - accord-cadre de travaux,fns,cmp2006,appeloffre,initial,Ville de Mougins,06251,mougins,,['Peinture (travaux)'],[264],non,non
20-57830,2020-04-28,2020-06-07,['6'],Fourniture et pose d'un système de péage pour le parking DETRAS de la ville de la Turbie,fns,cmp2006,appeloffre,initial,COMMUNE DE LA TURBIE,06320,La Turbie,,"[""Contrôle d'accès"", 'Equipements spécialisés', 'Logiciel', 'Télégestion']","[81, 115, 186, 352]",non,non
20-57647,2020-04-28,2020-06-11,['6'],"CFA MNCA Achat de Fruits et Légumes frais pour la restauration des apprentis et des stagiaires, ainsi que pour lescours de cuisine pour les sections alimentaires",fns,cmp2006,appeloffre,initial,METROPOLE NICE COTE D AZUR,06364,Nice cedex 4,,['Denrées alimentaires'],[88],non,non
20-57800,2020-04-28,2020-06-02,"['6', '83', '13']","Numéro de la consultation : 2020-0023 Fourniture de différents types d'huiles, graisses et produits de refroidissement pour les véhicules légers, poids lourds et engins spéciaux de la Ville de Ca",fns,cmp2006,appeloffre,initial,COMMUNE DE CANNES,06406,CANNES,,"['Produits des industries diverses', 'Véhicules']","[279, 359]",non,non
20-57889,2020-04-28,2020-05-28,['6'],ISOLA 2000 - BÂTIMENTS LES CLARINESMISE EN CONFORMITÉ DES PARTIES COMMUNES ET EMBELLISSEMENT-REMPLACEMENT DES PORTES D'ACCES ET DES FENÊTRES - 2020,mapa,cmp2006,appeloffre,initial,COMMUNE D ISOLA,06420,Isola,,['Menuiserie'],[222],non,non
20-58071,2020-04-28,2020-05-15,['6'],"PEINTURE - TRAVAUX D'ENTRETIEN, DE DEPANNAGE, D'AMELIORATION ET D'EXTENSION DES BÂTIMENTS COMMUNAUX",fns,cmp2006,appeloffre,rectificatif,Commune de Menton,06500,Menton,,['Métallerie'],[223],non,non
20-58026,2020-04-28,2020-05-28,['9'],Réfection de la toiture de l'ancien tribunal de Pamiers (09100),fns,cmp2006,appeloffre,initial,CONSEIL GENERAL de L'ARIEGE,09000,FOIX,,['Couverture'],[74],non,non
20-57785,2020-04-28,2020-05-28,['10'],Marché de maîtrise d'oeuvre pour la démolition et la reconstruction du bloc vestiaires au gymnase de Bouilly-.,mapa,cmp2006,appeloffre,initial,Troyes Champagne Métropole,10000,TROYES,,"[""Maîtrise d'oeuvre""]",[197],non,non
20-57280,2020-04-28,2020-06-02,['11'],aménagement et mise aux normes mairie,mapa,cmp2006,appeloffre,initial,COMMUNE DE SIGEAN,11130,Sigean,,"['Ascenseur', 'Carrelage', 'Cloison, faux plafond', 'Démolition', 'Electricité (travaux)', 'Gros oeuvre', 'Menuiserie', 'Peinture (travaux)', 'Plomberie (travaux)', 'Amiante (désamiantage)']","[17, 53, 63, 87, 105, 144, 222, 264, 270, 479]",non,non
20-57744,2020-04-28,2020-05-29,['11'],acquisition de fournitures pour les ateliers mécaniques - 12 lots,fns,cmp2006,appeloffre,initial,Ville de Port La Nouvelle,11210,Port la nouvelle,,['Pièces détachées'],[266],non,non
20-58066,2020-04-28,2020-05-25,['11'],"Accord cadre à bon de commande pour l'exploitation, la maintenance préventive et corrective du système de sécurité incendie du site 3RPIMa et GSBDD de Carcassonne",mapa,cmp2006,appeloffre,initial,DRSID Lyon,11801,Carcassonne,,['Maintenance'],[196],non,non
20-58056,2020-04-28,2020-05-25,['66'],Accord cadre à bon de commande pour la maintenance préventive et corrective du système sécurité incendie - Antenne Mont-Louis,mapa,cmp2006,appeloffre,initial,DRSID Lyon,11801,Carcassonne,,['Maintenance'],[196],non,non
20-57736,2020-04-28,2020-05-29,['11'],Equipement en rayonnages de la salle 1A aux Archives départementales de l'Aude,mapa,cmp2006,attribution,initial,Département de l'Aude,11855,CARCASSONNE Cedex 9,,['Rayonnage'],[300],non,non
20-57645,2020-04-28,2020-06-02,['11'],Groupe d'écoute et de parole professionnel pour les assistants familiaux du département de l'Aude,fns,cmp2006,appeloffre,initial,Département de l'Aude,11855,CARCASSONNE Cedex 9,,['Formation'],[410],non,non
20-58075,2020-04-28,2020-05-18,['12'],route departementale no 554calibrage de la chaussée sur 7 sectionsdu p.r. 0.235 au p.r. 1.535canton de causses-rougierscommune de laval-roqueceziere,fns,cmp2006,appeloffre,initial,Conseil Départemental de l AVEYRON,12450,Flavin,,['Voirie'],[365],non,non
20-53347,2020-04-28,2020-06-03,['12'],travaux de création d'une nouvelle plateforme de compostage des déchets verts sur la commune de millau,fns,cmp2006,appeloffre,initial,SYDOM,12510,Olemps,,"['Clôture', 'Espaces verts', 'Réseaux divers', 'Terrassement', 'Voirie']","[64, 116, 306, 341, 365]",non,non
20-57730,2020-04-28,2020-07-25,['13'],TRAVAUX DE REAMENAGEMENT DU DEPOT DE BUS DE MARTIGUES,fns,cmp2006,attribution,initial,Régie des Transports Métropolitains,13013,Marseille,,"['Cloison, faux plafond']",[63],non,non
20-57936,2020-04-28,2020-07-26,['13'],Conseil juridique et représentation en justice du GPMM dans le cadre de situations de crise,mapa,cmp2006,attribution,initial,GRAND PORT MARITIME DE MARSEILLE,13226,MARSEILLE,,['Assistance juridique'],[434],non,non
20-57840,2020-04-28,2020-06-15,"['13', '83', '84']","Le présent marché a pour objet les travaux de construction de la plateforme technologique "" Halle CIRENE "" sur la ZAC du Petit Arbois à Aix-en-Provence.",fns,cmp2006,appeloffre,initial,METROPOLE D AIX MARSEILLE PROVENCE,13626,Aix en provence cedex 1,,"[""Tous corps d'état""]",[345],non,non
20-58038,2020-04-28,2020-07-26,['13'],Numéro de la consultation : 2019/TX/0045 Travaux de réhabilitation après incendie du parc Victor Mellan,fns,cmp2006,attribution,initial,COMMUNE LES PENNES MIRABEAU,13758,LES PENNES MIRABEAU,,"['Mobilier', 'Panneaux', 'Travaux forestiers', 'Voirie', 'Aire de jeux']","[230, 261, 350, 365, 400]",non,non
20-58000,2020-04-28,2020-05-28,['13'],RECONSTRUCTION D'UNE PARTIE DES MURS DU CIMETIERE,fns,cmp2006,appeloffre,initial,Ville de Cabries,13828,Cabriès,,"['Mur de soutènement', 'Cimetière']","[233, 437]",non,non
20-57998,2020-04-28,2020-06-22,['14'],Réalisation de reportages photographiques pour le compte du Département du Calvados,fns,cmp2006,appeloffre,initial,DEPARTEMENT DU CALVADOS,14000,Caen,,['Prestations de services'],[274],non,non
20-57852,2020-04-28,2020-05-28,"['14', '27', '50', '61', '76']",Travaux de couverture et d'étanchéité - Réfection de toiture et étanchéité du bâtiment 54 Quartier Koenig à Bretteville sur Odon (rectificatif),fns,cmp2006,appeloffre,rectificatif,Communauté Urbaine Caen la mer,14050,CAEN,,['Couverture'],[74],non,non
20-57859,2020-04-28,2020-06-11,['16'],Création cellule de décontamination dans le bâtiment ETI,fns,cmp2006,appeloffre,initial,Centre Hospitalier Angoulême,16959,ANGOULEME CEDEX 9,,"['Carrelage', 'Charpente', 'Chauffage (travaux)', 'Electricité (travaux)', 'Gros oeuvre', 'Menuiserie', 'Peinture (travaux)', 'Plâtrerie', 'Plomberie (travaux)', 'Revêtements de sols', 'Ventilation']","[53, 57, 61, 105, 144, 222, 264, 269, 270, 308, 360]",non,non
20-58030,2020-04-28,2020-05-29,['17'],Numéro de la consultation : 2020.TX.PAT.0036 TRAVAUX DE RESTRUCTURATION D'UN BATIMENT EN UNE RECYCLERIE - ZONE D'ACTIVITE D'AYTRE,fns,cmp2006,appeloffre,rectificatif,CDA LA ROCHELLE,17086,La Rochelle,,"['Couverture', 'Electricité (travaux)', 'Gros oeuvre', 'Plomberie (travaux)']","[74, 105, 144, 270]",non,non
20-57982,2020-04-28,2020-05-25,['17'],"Numéro de la consultation : 2020.FCS.DECH.0047 COLLECTE, TRANSPORT, TRAITEMENT ET VALORISATION DES DECHETS DIFFUS SPECIFIQUES ISSUS DES DECHETERIES DE LA COMMUNAUTE D'AGGLOMERATION DE LA ROCHELLE",fns,cmp2006,appeloffre,initial,CDA LA ROCHELLE,17086,La Rochelle,,['Déchets non ménagers (prestations)'],[404],non,non
20-57983,2020-04-28,2020-05-29,['17'],Numéro de la consultation : 2020.TX.PAT.0020 TRAVAUX D'AMENAGEMENT D'UN ATELIER VELO YELO DANS LES ANCIENS LOCAUX DE LA SERNAM - QUAI LOUIS PRUNIER - COMMUNE DE LA ROCHELLE,fns,cmp2006,appeloffre,rectificatif,CDA LA ROCHELLE,17086,La Rochelle,,"['Electricité (travaux)', 'Gros oeuvre', 'Menuiserie', 'Peinture (travaux)', 'Plomberie (travaux)']","[105, 144, 222, 264, 270]",non,non
20-57828,2020-04-28,2020-05-28,['17'],Étude de faisabilité pour l'assainissement collectif des eaux usées des zones ostréicoles implantées rive gauche de la Seudre,mapa,cmp2006,appeloffre,initial,Agglomération Royan Atlantique,17200,Royan,,['Etude'],[118],non,non
20-57952,2020-04-28,2020-05-28,['17'],Réhabilitation des réseaux d'assainissement Commune de COZES - Route de Bordeaux- rue Neuve,fns,cmp2006,appeloffre,initial,Agglomération Royan Atlantique,17200,Royan,,['Assainissement'],[18],non,non
20-57826,2020-04-28,2020-05-28,['17'],Marché accord-cadre no2020-004 de fourniture de produits d'entretien,mapa,cmp2006,appeloffre,initial,COMMUNE DE LA COUARDE SUR MER,17690,La Couarde sur Mer,,"[""Produits d'entretien""]",[278],non,non
20-57994,2020-04-28,2020-06-29,['19'],Travaux de soutènement en éléments modulaires en béton plein pour le Département de la Corrèze,fns,cmp2006,attribution,initial,DEPARTEMENT DE LA CORREZE,19005,Tulle cedex,"[('2020-04-27', 'Groupement SAS Pignot TP/ Lascaux TP', (80000, 'EUR'), None)]",['Mur de soutènement'],[233],non,non
20-57987,2020-04-28,2020-07-25,['19'],"Le présent marché a pour objet l'externalisation et la dématérialisation du traitement des courriers en lettre Recommandée avec Accusé Réception (LRAR) adressés aux assurés, aux employeurs et aux",fns,cmp2006,appeloffre,initial,CPAM de la CORREZE,19033,Tulle,,"['Informatique (prestations de services)', 'Logiciel']","[163, 186]",non,non
20-58032,2020-04-28,2020-05-27,"['19', '23', '87']",analyse comparative de l'évolution des populations d'oiseaux communs dans la ZPS du plateau de Millevaches,mapa,cmp2006,appeloffre,initial,Syndicat mixte PNR de Millevaches,19290,Millevaches,,"['Etude', ""Assistance à maîtrise d'ouvrage"", 'Ingénierie']","[118, 433, 455]",non,non
20-52261,2020-04-28,2020-05-20,"['19', '87', '23']",définition des principes et de la territorialisation des énergies renouvelables sur le territoire classé pnr (rectificatif),mapa,cmp2006,appeloffre,rectificatif,Syndicat mixte PNR de Millevaches,19290,Millevaches,,"['Etude', ""Mission d'ordonnancement, pilotage, coordination (OPC)"", ""Assistance à maîtrise d'ouvrage"", 'Assistance juridique', 'Sondage, enquête']","[118, 234, 433, 434, 471]",non,non
20-58061,2020-04-28,2020-06-10,"['20A', '20B']","Réalisation (création, impression, façonnage et gestion), et livraison (expédition et livraison sur site) de carnets de santé et de carnets de maternité, pour les besoin des services de Protection mat",fns,cmp2006,appeloffre,initial,COLLECTIVITE DE CORSE,20187,AJACCIO,,['Impression'],[160],non,non
20-57924,2020-04-28,2020-05-26,"['20B', '20A']",Mission de Maîtrise d'oeuvre portant sur la conception des aménagements de la rue du Colle,fns,cmp2006,appeloffre,initial,COMMUNE DE BASTIA,20410,Bastia,,"[""Maîtrise d'oeuvre""]",[197],non,non
20-57788,2020-04-28,2020-06-09,['20A'],Prestations de contrôles techniques du sis 2a,fns,cmp2006,appeloffre,initial,SDIS Corse du Sud,20700,Ajaccio cedex 9,,['Contrôle technique'],[72],non,non
20-57908,2020-04-28,2020-07-01,"['21', '25', '70', '39', '90', '58', '71', '89', '45']",Réalisation de levés topographiques et de plans pour la direction interrégionale des services pénitentiaires de DIJON et pour certains services et opérateurs de l'Etat en BFC,fns,cmp2006,appeloffre,initial,Préfecture région Bourgogne,21041,Dijon cedex,,['Prestations de services'],[274],non,oui
20-57979,2020-04-28,2020-06-11,['21'],Travaux de renouvellement de réseaux d'eau potable sur les communes de Daix et Fontaine les Dijon,fns,cmp2006,appeloffre,initial,DIJON METROPOLE,21075,Dijon,,['Réseaux divers'],[306],non,non
20-55575,2020-04-28,2020-06-04,['22'],construction d'un stade de beach volley à binic étables sur mer - relance du lot 3 : charpente métallique - serrurerie - métallerie,fns,cmp2006,appeloffre,initial,Saint-Brieuc Agglomération,22000,Saint-Brieuc,,"['Charpente', 'Métallerie', 'Serrurerie']","[57, 223, 321]",non,non
20-57691,2020-04-28,2020-06-02,['22'],Création d'un HDJ médical polyvalent et d'un HDJ SSR nutrition - Centre Hospitalier de Paimpol,fns,cmp2006,appeloffre,initial,CENTRE HOSPITALIER SAINT BRIEUC,22027,SAINT-BRIEUC,,['Bâtiment'],[33],non,non
20-57920,2020-04-28,2020-05-26,['24'],"Collège de Sarlat-la-Canéda, réfection du plateau sportif",fns,cmp2006,appeloffre,initial,Conseil Général de la Dordogne,24019,PERIGUEUX,,['Terrain de sport'],[342],non,non
20-58039,2020-04-28,2020-07-26,['24'],Application écotourisme de la Dordogne,fns,cmp2006,attribution,initial,Conseil Général de la Dordogne,24019,PERIGUEUX,"[('2020-04-09', 'BETOMORROW', (148150, 'EUR'), None)]",['Informatique (prestations de services)'],[163],non,non
20-58062,2020-04-28,2020-06-08,['25'],Prestations de coaching individuel et collectif,mapa,cmp2006,appeloffre,initial,DEPARTEMENT DU DOUBS,25031,BESANCON Cedex,,['Prestations de services'],[274],non,non
20-57792,2020-04-28,2020-05-29,['27'],Réfection de l'extrados du pont de Courcelles sur Seine - Pont sur Seine,fns,cmp2006,appeloffre,initial,DEPARTEMENT DE L EURE,27021,Evreux cedex 01,,['Génie civil'],[141],oui,oui
20-57901,2020-04-28,2020-06-27,['27'],Formations dans le domaine bureautique pour les agents des services départementaux,mapa,cmp2006,attribution,initial,Conseil Général de l'Eure,27021,Evreux cedex 01,,['Formation'],[410],non,non
20-57835,2020-04-28,2020-05-29,['27'],Réfection des appareilles d'appuis et mise en place d'accès de service Le Val d'Hazey - Pont SNCF,fns,cmp2006,appeloffre,initial,DEPARTEMENT DE L EURE,27021,Evreux cedex 01,,['Génie civil'],[141],oui,oui
20-57824,2020-04-28,2020-06-02,['27'],Maîtrise d'oeuvre pour la réalisation de travaux de réhabilitation de réservoirs d'eau potable,mapa,cmp2006,appeloffre,initial,SAEP du Lieuvin Pays d'Ouche,27270,BROGLIE,,"['Alimentation en eau potable', ""Maîtrise d'oeuvre""]","[6, 197]",non,non
20-57968,2020-04-28,2020-06-30,"['27', '60', '76']",Service de transports par autocars,fns,cmp2006,appeloffre,initial,MAIRIE,27380,Charleval,,['Transport'],[347],non,oui
20-58072,2020-04-28,2020-06-13,"['29', '56']",Concession de service public portant sur l'exploitation commerciale des services de télévision-multimédia-téléphonie et d'une cafétéria-boutique-presse,dsp,dsp,appeloffre,initial,CH DE CORNOUAILLE,29107,Quimper cedex,,['Prestations de services'],[274],non,non
20-57978,2020-04-28,2020-05-29,['30'],travaux de remplacement d'une armoire de climatisation dans la salle blanche de l'hôtel communautaire de nîmes métropole,mapa,cmp2006,appeloffre,initial,CA Nîmes Métropole,30947,Nîmes cedex 9,,['Climatisation'],[62],non,non
20-47007,2020-04-28,2020-06-12,"['31', '44']","Étude, fabrication et installation d'un meuble de contrôle en salle IFR de Nantes",fns,cmp2006,appeloffre,initial,DSNA,31035,Toulouse Cedex 1,,['Mobilier'],[230],non,non
20-46617,2020-04-28,2020-06-17,"['31', '13']",travaux de rénovation du système incendie de la station radar de vitrolles,fns,cmp2006,appeloffre,initial,DSNA,31035,TOULOUSE CEDEX 1,,"['Câblage', 'Détection incendie', 'Matériel électrique', ""Matériel de secours et d'incendie"", 'Sécurité incendie']","[47, 90, 203, 217, 332]",non,non
20-50577,2020-04-28,2020-05-29,['31'],travaux pour la modification du sol de la fumière à la stabulation du lycée professionnel agricole de saint gaudens (opération no50117),fns,cmp2006,appeloffre,initial,S.P.L Midi-Pyrénées Construction,31086,Toulouse cédex 9,,"['Bâtiment', 'Démolition', 'Gros oeuvre']","[33, 87, 144]",non,non
20-57667,2020-04-28,2020-06-18,['31'],Le présent marché a pour objet l'acquisition d'une chambre à fumée - smoke density chamber.Le présent projet de marché est soumis à la procédure adaptée conformément aux dispositions des ar,fns,cmp2006DEFENSE,appeloffre,initial,MINARM/DGA/DO/S2A,31131,Balma cedex,,['Equipement industriel'],[112],non,non
20-58069,2020-04-28,2020-05-29,['31'],Réfection du terrain d'honneur et de la piste d'athlétisme du stade Georges Beyney,fns,cmp2006,appeloffre,initial,Mairie de L'Union,31240,L'Union,,"['Démolition', 'Equipement sportif', 'Terrassement', 'Terrain de sport']","[87, 113, 341, 342]",non,non
20-57926,2020-04-28,2020-05-20,['31'],20V0033PA - ECOLE ELEMENTAIRE LEO LAGRANGE - RAVALEMENT FACADES EXTERIEURES ET RENOVATION INTERIEURE DES CAGES ESCALIERS - SA/LA,fns,cmp2006,appeloffre,initial,COMMUNE DE TOULOUSE,31505,Toulouse,,['Ravalement'],[299],non,non
20-57810,2020-04-28,2020-05-18,['31'],20V0088PA - ECOLE MATERNELLE SAOUZELONG- Ravalement des façades MS-SG,mapa,cmp2006,appeloffre,rectificatif,TOULOUSE METROPOLE,31505,Toulouse,,['Ravalement'],[299],non,non
20-57989,2020-04-28,2020-06-15,['33'],Travaux de mise en conformité des équipements de ligne aérienne de contact des phases 1 et 2 du tramway de Bordeaux Métropole,fns,cmp2006,appeloffre,initial,Bordeaux Métropole,33045,BORDEAUX,,"['Matériel électrique', 'Voies ferrées']","[203, 364]",non,non
20-57932,2020-04-28,2020-05-12,['33'],"mission d'accompagnement d'un parcours d'innovation collaborative pour l'élaboration d'un plan de gestion durable de bordeaux, port de la lune",fns,cmp2006,appeloffre,initial,Bordeaux Métropole,33045,Bordeaux,,['Etude'],[118],non,non
20-17370,2020-04-28,2020-05-29,['33'],Travaux de fourniture et pose de signalisation de police et signalisation directionnelle sur le réseau routier national de la DIR Atlantique,fns,cmp2006,appeloffre,initial,DIR Atlantique,33073,Bordeaux cedex,,['Signalisation'],[322],non,oui
20-40636,2020-04-28,2020-06-03,['33'],Approvisionnement des services des chambres de commerce et d'industrie de la région nouvelle aquitaine en matériel informatique (lot no1) et en consommables et accessoires informatiques (lot no2),joue,directive24,appeloffre,initial,CCI Bordeaux,33076,Bordeaux cedex,,"['Consommables informatiques', 'Informatique (matériel)']","[68, 162]",non,non
20-57847,2020-04-28,2020-06-09,['33'],"Location et entretien triennale des décorations lumineuses pour les fêtes de fin d'année 2020-2022La prestation concerne la fourniture et entretien, la pose étant assurée par un tiers extérieur",fns,cmp2006,appeloffre,initial,Ville de Blanquefort,33294,Blanquefort cedex,,['Illumination'],[170],non,oui
20-57791,2020-04-28,2020-06-27,['33'],Marché d'impression et de livraison de documents administratifs,mapa,cmp2006,appeloffre,rectificatif,COMMUNE D'EYSINES,33327,EYSINES CEDEX,,['Impression'],[160],non,non
20-57931,2020-04-28,2020-07-26,['33'],Extension de l'unité de dialyse médicalisée au Centre Hospitalier de LIBOURNE,fns,cmp2006,attribution,initial,CHU DE BORDEAUX,33400,TALENCE,"[('2020-03-13', 'MAB SUD-OUEST', (276000, 'EUR'), None), ('2020-03-13', 'ALUMIN', (59097, 'EUR'), None), ('2020-03-13', 'MAINVIELLE', (100000, 'EUR'), None), ('2020-03-13', 'LEGENDRE ET LUREAU', (124300, 'EUR'), None), ('2020-03-13', 'FRSM', (54373.97, 'EUR'), None), ('2020-03-13', 'EPRM', (37132, 'EUR'), None), ('2020-03-13', 'TAPHANEL TP', (49779, 'EUR'), None), ('2020-03-13', 'CIMEA', (248896.4, 'EUR'), None), ('2020-03-13', 'EIFFAGE ENERGIE SYSTEMES - CLEVIA NOUVELLE AQUITAINE', (194843.22, 'EUR'), None), ('2020-03-13', 'LINDE HEALTHCARE', (13200, 'EUR'), None)]","['Démolition', 'Electricité (travaux)', 'Gros oeuvre', 'Menuiserie', 'Plomberie (travaux)']","[87, 105, 144, 222, 270]",non,non
20-58098,2020-04-28,2020-05-25,['33'],Souscription des contrats d'assurance pour la commune de Carbon-Blanc,fns,cmp2006,appeloffre,initial,VILLE DE CARBON-BLANC,33564,CARBON BLANC,,['Assurance'],[20],non,non
20-58097,2020-04-28,2020-05-25,['33'],Souscription des contrats d'assurance pour le Centre d'Action Sociale (CCAS) de Carbon-Blanc,mapa,cmp2006,appeloffre,initial,VILLE DE CARBON-BLANC,33564,CARBON BLANC,,['Assurance'],[20],non,non
20-56803,2020-04-28,2020-05-28,['34'],"travaux de mise en conformité des sites : club scotto, club baroncelli, club boulet, club bonnet, club les aubes, club laure moulin, club la cavalerie, ehpad demangel et ehpad gauffier",fns,cmp2006,appeloffre,initial,CCAS de Montpellier,34060,Montpellier cedex 2,,"['Ascenseur', 'Cloison, faux plafond', 'Maçonnerie', 'Menuiserie', 'Plomberie (travaux)', 'Revêtements de sols']","[17, 63, 195, 222, 270, 308]",non,non
20-57660,2020-04-28,2020-06-08,['34'],Achat d'un progiciel de santé au travail et de prestations de maintenance afférentes intégrant les spécificités attachées au statut du CDG 34.,fns,cmp2006,appeloffre,initial,CDG de l'Hérault,34184,Montpellier cedex 4,,['Progiciel'],[283],non,non
20-58054,2020-04-28,2020-05-28,"['56', '35']",Mission d'assistance à l'accompagnement des riverains concernés par les travaux de réduction de la vulnérabilité de leur habitation prescrits par le plan de prévention des risques technologi,fns,cmp2006,appeloffre,initial,DREAL BRETAGNE,35065,Rennes,,"[""Assistance à maîtrise d'ouvrage""]",[433],non,oui
20-57804,2020-04-28,2020-05-30,['36'],"Études d'évaluation et de programmation pour la rénovation du musée Bertrand - 2 rue Descente des Cordeliers, 36000 Châteauroux. (rectificatif no 2)",mapa,cmp2006,appeloffre,rectificatif,VILLE DE CHATEAUROUX,36012,Châteauroux cedex,,"['Bâtiment', 'Etude', 'Prestations de services', 'Ingénierie']","[33, 118, 274, 455]",non,non
20-58040,2020-04-28,2020-05-28,['37'],Mission de maîtrise duvre - Schéma cyclable - Itinéraire 4 Entre SAINT AVERTIN et DRUYE,fns,cmp2006,appeloffre,initial,Tours Métropole Val de Loire,37206,TOURS CEDEX 3,,"[""Maîtrise d'oeuvre""]",[197],non,non
20-57975,2020-04-28,2020-05-29,['38'],travaux de remplacement des brise-soleil extérieurs au collège le Vergeron à Moirans,mapa,cmp2006,appeloffre,initial,DEPARTEMENT DE L ISERE,38022,Grenoble,,"['Menuiserie', 'Occultation']","[222, 414]",non,non
20-57827,2020-04-28,2020-06-30,"['38', '74', '69']","Mission de maîtrise d'oeuvre pour le projet d'extension des chalets Balmes et Chavanne à l'Ecole de Physique des Houches (Les Houches, 74310)",fns,cmp2006,appeloffre,initial,Université Grenoble Alpes,38058,Grenoble cedex 9,,['Ingénierie'],[455],non,non
20-57922,2020-04-28,2020-06-02,['38'],Création d'un escalier de secours 3 UP - Théâtre antique de Vienne,fns,cmp2006,appeloffre,initial,COMMUNE DE VIENNE,38200,Vienne,,"['Ferronnerie', 'Maçonnerie']","[126, 195]",non,non
20-57161,2020-04-28,2020-05-29,['38'],Réservation de 10 places dans une structure multi-accueil collectif pour enfants sur la commune de vif,fns,cmp2006,appeloffre,initial,CCAS DE VIF,38450,Vif,,['Prestations de services'],[274],non,non
20-57644,2020-04-28,2020-06-16,['40'],Le présent marché porte sur la réalisation d'une étude sur la stratégie d'accueil sur les plages océanes et lacustres e Soorts-Hossegor.,fns,cmp2006,appeloffre,initial,Ville d'Hossegor,40150,Hossegor,,['Etude'],[118],non,non
20-57676,2020-04-28,2020-05-28,['41'],fourniture et mise en oeuvre d'un logiciel de gestion informatisée du service d'anatomie pathologique du centre hospitalier de blois,fns,cmp2006,appeloffre,initial,Centre Hospitalier de Blois,41016,Blois cedex,,"['Logiciel', 'Laboratoire (matériel)', 'Progiciel']","[186, 188, 283]",non,non
20-55272,2020-04-28,2020-05-29,['42'],mission d'assistance au maître d'ouvrage,fns,cmp2006,appeloffre,initial,Syndicat Intercommunal Energies Loire,42270,Saint Priest en Jarez,,"[""Assistance à maîtrise d'ouvrage""]",[433],non,non
20-57715,2020-04-28,2020-06-08,['42'],Mission d'assistance à maitrise d'ouvrage pour l'établissement du plan façades de la ville de Montbrison,fns,cmp2006,appeloffre,initial,Ville de Montbrison,42605,Montbrison,,['Prestations de services'],[274],non,non
20-57125,2020-04-28,2020-06-07,['43'],Fourniture et installation de bornes de recharge pour véhicules électriques et hybrides rechargeables,joue,directive24,appeloffre,initial,SDE 43 - SEMEV (Mandataire),43000,Le Puy en Velay,,['Equipements spécialisés'],[115],non,non
20-58068,2020-04-28,2020-05-29,['44'],Le marché concerne l'exécution des prestations de maintenance préventive et corrective des équipements de conservation à température proche de -80 degré Celsius SI et les banques de sang du Centr,fns,cmp2006,appeloffre,initial,CHU de Nantes,44093,Nantes cedex,,['Maintenance'],[196],non,non
20-57735,2020-04-28,2020-07-20,['44'],fourniture de lait infantile et petit pot pour les multi-accueils petite enfance (rectificatif),fns,cmp2006,appeloffre,rectificatif,Ville de Nantes,44094,Nantes Cedex 1,,['Denrées alimentaires'],[88],non,oui
20-57685,2020-04-28,2020-05-22,['44'],Mise aux normes de la réserve sèche de la cuisine centrale,mapa,cmp2006,appeloffre,initial,Ville d'Ancenis-Saint-Géréon,44156,Ancenis-Saint-Géréon cedex,,"['Revêtements de sols', 'Revêtements muraux', 'Amiante (désamiantage)']","[308, 309, 479]",non,oui
20-57893,2020-04-28,2020-05-30,['44'],Encadrement pédagogique d'un atelier de formation pour l'acquisition des savoirs de base pour le CCAS de Bouguenais,mapa,cmp2006,appeloffre,initial,Ville de Bouguenais,44341,BOUGUENAIS CEDEX,,['Formation'],[410],non,non
20-57883,2020-04-28,2020-05-22,"['44', '72']",DOTATION 1ER EQUIPEMENT PROFESSIONNEL METIERS DE L'ALIMENTATION POUR LES APPRENTIS ET STAGIAIRES DU CFP DU MANS (72) - URMA PDL,mapa,cmp2006,appeloffre,initial,CMAR Pays de La Loire,44985,Sainte Luce sur Loire Cedex,,['Equipements spécialisés'],[115],non,non
20-57817,2020-04-28,2020-07-26,['45'],"Numéro de la consultation : 19FC29I Maintenance, fourniture et prestations associées sur les relais inverses http/https pour la sécurisation des extranets",fns,cmp2006,attribution,initial,REGION CENTRE VAL DE LOIRE,45041,ORLEANS,"[('2020-04-15', 'Alliance Networks', (200000, 'EUR'), None)]","['Informatique (prestations de services)', 'Informatique (assistance)', 'Informatique (maintenance serveurs et réseaux)']","[163, 453, 454]",non,non
20-57814,2020-04-28,2020-07-26,['45'],"Numéro de la consultation : 19FC28P valuation stratégique et environnementale (ESE) des programmes opérationnels du Fonds européens de développement régional (FEDER), du Fonds social européen (FSE) et",fns,cmp2006,attribution,initial,REGION CENTRE VAL DE LOIRE,45041,ORLEANS,"[('2020-03-26', 'Teriteo', (36950, 'EUR'), None)]","['Audit', ""Assistance à maîtrise d'ouvrage""]","[21, 433]",non,non
20-57775,2020-04-28,2020-07-26,['45'],Evaluation de la politique culturelle régionale jeunesse en faveur du livre et de la lecture,fns,cmp2006,attribution,initial,REGION CENTRE VAL DE LOIRE,45041,ORLEANS,"[('2020-04-15', 'PLANETE PUBLIQUE', (49225, 'EUR'), None)]","['Audit', ""Assistance à maîtrise d'ouvrage""]","[21, 433]",non,non
20-57816,2020-04-28,2020-07-26,['45'],Numéro de la consultation : 19FC30P Evaluation ex ante des instruments financiers 2021-2027 (FEDER-FSE-FEADER) en Région Centre-Val de Loire,fns,cmp2006,attribution,initial,REGION CENTRE VAL DE LOIRE,45041,ORLEANS,"[('2020-04-14', 'TECHNOPOLIS FRANCE', (116137.5, 'EUR'), None)]",['Etude'],[118],non,non
20-57869,2020-04-28,2020-05-07,['34'],La présente consultation a pour objet la réalisation d'un forage carotté équipé en piézomètre. L'objectif du forage est d'atteindre le Jurassique Moyen à 1000m de profondeur afin d&apos,fns,cmp2006,appeloffre,annulation,B R G M,45060,Orléans cedex 2,,['Forage'],[132],non,non
20-58011,2020-04-28,2020-05-26,['45'],TRAVAUX DE COMBLEMENT DE L'ANCIEN FORAGE AINSI QUE DE REMPLACEMENT DU SURPRESSEUR ET DE LA PARTIE BASSE DE LA COLONNE DE DISTRIBUTION,fns,cmp2006,appeloffre,initial,Commune de GIVRAINES,45300,GIVRAINES,,"['Alimentation en eau potable', 'Forage']","[6, 132]",non,non
20-57807,2020-04-28,2020-05-28,['45'],Travaux de remplacement de menuiseries extérieures et de reprise de peinture dans les bâtiments communautaires - programme 2020,fns,cmp2006,appeloffre,initial,CC DU PITHIVERAIS,45300,PITHIVIERS-LE-VIEIL,,['Menuiserie'],[222],non,non
20-57712,2020-04-28,2020-07-26,['45'],Numéro de la consultation : 2020/TX/0005 Travaux d'entretien de la voirie communale (2020 à 2024),fns,cmp2006,attribution,initial,Ville de Pithiviers,45307,Pithiviers,"[('2020-04-17', 'SAS EUROVIA CENTRE LOIRE', (1668000, 'EUR'), None)]",['Voirie'],[365],non,non
20-58080,2020-04-28,2020-05-20,['47'],2020TB01_TRAVAUX DE RACCORDEMENT AUX RESEAUX D'EAUX USEES DU MUSEE DES BEAUX ARTS D'AGEN,fns,cmp2006,appeloffre,rectificatif,COMMUNE D AGEN,47916,AGEN,,"[""Tous corps d'état""]",[345],non,non
20-57734,2020-04-28,2020-05-25,['49'],travaux de mise en conformité du système de désenfumage mécanique du parking fleur d'eau-les-halles à angers (49),fns,cmp2006,appeloffre,initial,Angers Loire Métropole,49020,Angers cedex 02,,"['Electricité (travaux)', 'Sécurité incendie']","[105, 332]",non,non
20-58005,2020-04-28,2020-05-29,['49'],Travaux de construction d'un atelier relais - ZA de Bonneveau à Brain sur Allonnes (49),fns,cmp2006,appeloffre,initial,ALTER Public,49101,Angers cedex 02,,"[""Tous corps d'état""]",[345],non,non
20-58004,2020-04-28,2020-06-30,['49'],accord-cadre mono-attributaire à bons de commande concernant la fourniture et l'installation d'habitations légères de loisirs au camping de Coulvée - Melay,fns,cmp2006,appeloffre,initial,COMMUNE DE CHEMILLE EN ANJOU,49120,CHEMILLE EN ANJOU,,['Bâtiment'],[33],non,non
20-57995,2020-04-28,2020-05-28,['49'],ACQUISITION DE PRODUITS D'ENTRETIEN,mapa,cmp2006,appeloffre,initial,COMMUNE DE LOIRE AUTHION,49250,Loire-Authion,,"[""Produits d'entretien""]",[278],non,oui
20-57948,2020-04-28,2020-06-02,"['50', '35', '14', '61', '53']",TRAVAUX D'INSTALLATION DE CENTRALES SOLAIRES PHOTOVOLTAÏQUES SUR TOITURES ET OMBRIERES,fns,cmp2006,appeloffre,initial,Synd. Dptal d'Energies de la Manche,50008,SAINT-LO,,['Photovoltaïque'],[476],non,non
20-57856,2020-04-28,2020-06-30,['50'],"Prestation de contrôle annuel, d'entretien et de réparation des compresseurs d'air respirable et de distribution d'air",fns,cmp2006,attribution,initial,SDIS 50,50009,SAINT LO CEDEX,,['Prestations de services'],[274],non,non
20-49997,2020-04-28,2020-05-26,['51'],Aéroport Paris-Vatry. Diagnostic patrimonial du service eau potable,mapa,cmp2006,appeloffre,initial,Département de la Marne,51038,Châlons-en-Champagne cedex,,['Etude'],[118],non,non
20-57903,2020-04-28,2020-06-19,['51'],Travaux pour reprise des activités du CH AUBAN MOET d'Epernay au sein du Pôle Logistique du CHU de Reims.,fns,cmp2006,appeloffre,initial,CHU REIMS,51092,"Reims cedex, cellule des marchés publics",,"[""Tous corps d'état""]",[345],non,non
20-57670,2020-04-28,2020-05-11,['51'],Maîtrise d'oeuvre pour l'étude et la réalisation des travaux de remise à niveau de la mise en lumière de la Cathédrale de Reims et la basilique Saint-Remi.,fns,cmp2006,appeloffre,initial,Communauté urbaine du Grand Reims,51722,Reims cedex,,"[""Maîtrise d'oeuvre""]",[197],non,non
20-57681,2020-04-28,2020-05-20,"['51', '55', '8']",travaux d'accessibilité des groupes scolaires de auve et camille margaine,fns,cmp2006,appeloffre,initial,CC DE L'ARGONNE CHAMPENOISE,51800,Sainte menehould,,"['Appareil élévateur', 'Bâtiment', 'Electricité (travaux)', 'Maçonnerie', 'Métallerie', 'Peinture (travaux)', 'Plâtrerie', 'Serrurerie']","[11, 33, 105, 195, 223, 264, 269, 321]",non,non
20-57958,2020-04-28,2020-05-21,"['53', '72', '44', '35', '49', '85']","Fourniture, installation et réglage de 8 équipes motorisées afin de compléter le matériel existant.",mapa,cmp2006,appeloffre,initial,Ville de Saint Berthevin,53942,Saint berthevin cedex,,['Equipements spécialisés'],[115],non,non
20-57789,2020-04-28,2020-06-13,"['54', '57', '88', '55']","Acquisition, livraison, installation, mise en ordre de marche, formation et garantie d'un appareil de micro-placement et de soudure",fns,cmp2006,appeloffre,initial,Université de Lorraine,54000,Nancy,,['Equipements spécialisés'],[115],non,non
20-57965,2020-04-28,2020-06-30,"['54', '57', '88']",Accord cadre pour l'entretien pour l'entretien et la réalisation de travaux de voiries et réseaux divers de l'université de Lorraine,fns,cmp2006,appeloffre,initial,Université de Lorraine,54052,Nancy,,['Voirie'],[365],non,non
20-57900,2020-04-28,2020-05-16,['54'],Fourniture de sacs translucides et de sacs noirs pour les collectes au porte à porte,mapa,cmp2006,appeloffre,initial,C.C. des Pays du Sel et du Vermois,54110,Dombasle sur meurthe,,['Sacs'],[318],non,non
20-57786,2020-04-28,2020-05-29,['55'],TRAVERSE_ROUVOIS-.,fns,cmp2006,appeloffre,initial,COMMUNAUTE DE COMMUNES DU SAMMIELLOIS,55300,SAINT-MIHIEL,,"[""Ouvrage d'infrastructure""]",[253],non,non
20-57635,2020-04-28,2020-06-08,['55'],lot 6 doublage cloison plafond-.,fns,cmp2006,appeloffre,initial,Commune de Verneuil grand,55600,VERNEUIL GRAND,,"[""Tous corps d'état""]",[345],non,non
20-57714,2020-04-28,2020-05-28,['56'],MARCHE DE TRAVAUX D'ENTRETIEN SUR LES MARAIS DOUX A SAUMÂTRES PROPRIÉTÉS DU MORBIHAN,fns,cmp2006,attribution,initial,Département du Morbihan,56009,VANNES CEDEX,"[('2020-04-17', 'CDES (SOCIETE CURAGES DRAGAGES ET SYST', (800000.0, 'EUR'), None)]","['Espaces verts', ""Travaux dans l'eau""]","[116, 349]",non,non
20-57641,2020-04-28,2020-05-20,"['67', '54', '88', '57', '68', '55']",Le présent marché a pour objet la réalisation de prestations de fourniture et mise en place de clôtures de protection contre le gibier et la mise en place de plants dans les forêts domaniales de l&apo,fns,cmp2006,appeloffre,initial,OFFICE NATIONAL DES FORETS,57400,Sarrebourg,,['Prestations de services'],[274],non,non
20-57999,2020-04-28,2020-06-29,['59'],Programmation immobilière pour la restructuration d'un atelier de soudure et de divers locaux sur l'antenne de Solesmes de la CMA Hauts-de-France,fns,cmp2006,attribution,initial,CMAR Hauts de France,59011,Lille Cedex,"[('2020-02-25', 'D2CI', (25600, 'EUR'), None)]","['Prestations de services', ""Assistance à maîtrise d'ouvrage""]","[274, 433]",non,non
20-57798,2020-04-28,2020-05-20,"['59', '62', '2', '80', '60']",Gestion des relations presse du Salon International des Métiers d'Art de Lens - édition 2020 - pour la Chambre de métiers et de l'artisanat Hauts-de-France,mapa,cmp2006,appeloffre,initial,CMAR Hauts de France,59011,Lille Cedex,,"['Prestations de services', 'Publicité, Communication']","[274, 285]",non,non
20-57803,2020-04-28,2020-06-29,['59'],Prestations d'audits d'évaluation pour les antennes de la CMA Hauts-de-France dans le cadre du référentiel national qualité.,mapa,cmp2006,attribution,initial,CMAR Hauts de France,59011,LILLE CEDEX,,['Audit'],[21],non,non
20-57724,2020-04-28,2020-06-29,['2'],Programmation immobilière pour la rénovation et la restructuration de l'antenne de La Capelle de la CMA Hauts-de-France,fns,cmp2006,attribution,initial,CMAR Hauts de France,59011,Lille Cedex,"[('2020-03-03', 'MP CONSEIL', (24940, 'EUR'), None)]",['Prestations de services'],[274],non,non
20-57953,2020-04-28,2020-06-29,['59'],Fourniture d'un logiciel en location permettant d'établir des prévisionnels financiers pour la CMA Hauts-de-France.,mapa,cmp2006,attribution,initial,CMAR Hauts de France,59011,Lille cedex,,['Logiciel'],[186],non,non
20-57702,2020-04-28,2020-05-28,['59'],Fourniture de petits matériels accessoires informatiques et réseaux,fns,cmp2006,attribution,initial,COM D AGGL DE LA PORT DU HAINAUT,59135,Wallers,,['Informatique (matériel)'],[162],non,non
20-57848,2020-04-28,2020-05-26,['59'],Etude d'identification et de requalification des friches stratégiques prioritaires de valenciennes métropole,fns,cmp2006,appeloffre,initial,Cté d'Agglo Valenciennes Métropole,59300,Valenciennes,,['Etude'],[118],non,non
20-57892,2020-04-28,2020-05-18,['59'],Amenagement des espaces publics du centre-bourg de prouvy : ilot de l'ancienne ecole des filles - mission de maîtrise d'oeuvre (rectificatif),fns,cmp2006,appeloffre,rectificatif,Cté d'Agglo Valenciennes Métropole,59300,Valenciennes,,"[""Maîtrise d'oeuvre""]",[197],non,non
19-158681,2020-04-28,2020-05-29,['59'],Fourniture de matériels électriques pour les travaux en régie de la ville d'Hazebrouck en 3 lots,fns,cmp2006,appeloffre,initial,Ville d'Hazebrouck,59524,Hazebrouck,,"['Câblage', 'Matériel électrique']","[47, 203]",non,oui
20-57796,2020-04-28,2020-05-22,['59'],"Réfection de la rue de l'Eglise : travaux de voirie (rabotage de la chaussée, terrassement et mise à niveau, mise en oeuvre de tapis d'enrobés), travaux de borduration et assainissement.",fns,cmp2006,appeloffre,initial,COMMUNE de ROMBIES-et-MARCHIPONT,59990,Rombies-et-marchipont,,['Voirie et réseaux divers'],[366],non,oui
20-54511,2020-04-28,2020-06-04,['60'],mise à disposition de personnel de remplacement dans les structures enfance et petite enfance de la ville de creil,joue,directive24,appeloffre,initial,Ville de Creil,60109,Creil cedex,,['Mise à disposition de personnel'],[461],oui,non
20-57671,2020-04-28,2020-05-16,['60'],Création de points d'amarrage à l'amont de l'écluse de Creil (Rivière Oise Canalisée),mapa,cmp2006,appeloffre,rectificatif,Voies navigables de France,60200,Compiègne,,"['Berge', 'Ecluse', 'Mur de soutènement']","[35, 103, 233]",non,non
20-57686,2020-04-28,2020-06-03,"['60', '80', '62']",Fourniture de repas en liaison froide destinés au restaurant scolaire,mapa,cmp2006,appeloffre,initial,Mairie de CLAIROIX,60280,Clairoix,,"['Restauration collective', 'Repas, traiteur']","[66, 304]",non,non
20-56447,2020-04-28,2020-05-22,['60'],"°°°Mise en souterrain de réseaux, rue de Plémont, à Compiègne°°°",fns,cmp2006,appeloffre,initial,Ville de Compiègne,60321,Compiègne Cédex,,"['Eclairage public', 'Génie civil', 'Télécommunications']","[102, 141, 338]",oui,oui
20-57348,2020-04-28,2020-05-18,['60'],etude géotechnique pour la construction d'un skate park,mapa,cmp2006,appeloffre,initial,Ville de La Croix saint Ouen,60610,la croix saint ouen,,['Etude'],[118],non,non
20-56651,2020-04-28,2020-06-28,['61'],le présent marché a pour objet la fourniture et l'installation d'équipements de cuisine et de laverie pour les deux multi-accueils petite enfance de la ville d'argentan.,mapa,cmp2006,attribution,initial,Commune d'Argentan,61201,Argentan Cedex,,"['Blanchisserie (matériel)', 'Cuisine (équipement)']","[37, 77]",non,non
20-53198,2020-04-28,2020-05-19,['62'],20s0200-mpa-datm-acquisition de fruits et légumes frais issus ou non de l'agriculture biologique pour le restaurant administratif du département du pas-de-calais,fns,cmp2006,appeloffre,initial,Conseil départemental du Pas-de-Calais,62018,arras cedex 9,,['Denrées alimentaires'],[88],non,non
20-57254,2020-04-28,2020-05-29,['62'],Location de matériel d'oxygénothérapie et fourniture d'oxygène médicinal à destination des équipements de loisirs aquatiques,mapa,cmp2006,appeloffre,initial,CA DE BETHUNE BRUAY ARTOIS LYS ROMANE,62411,Béthune,,"[""Matériel de secours et d'incendie""]",[217],non,non
20-57768,2020-04-28,2020-05-20,['64'],"Construction d'une maison des services au public "" Eyhartzea "" à Bardos.La présente consultation porte uniquement sur les lots 4 et 7",fns,cmp2006,appeloffre,rectificatif,CA DU PAYS BASQUE,64185,BAYONNE CEDEX,,"['Bâtiment', 'Menuiserie']","[33, 222]",non,non
20-57696,2020-04-28,2020-06-15,['64'],Etude globale pour une gestion optimisée de la ressource en eau sur le territoire de la Communauté d'Agglomération Pays Basque,fns,cmp2006,appeloffre,initial,CA DU PAYS BASQUE,64185,BAYONNE CEDEX,,"['Etude', 'Ingénierie']","[118, 455]",non,non
20-57703,2020-04-28,2020-06-08,['64'],Connexion de la source ATXURRA au réseau public d'eau potable et création d'un réservoir,fns,cmp2006,appeloffre,rectificatif,CA DU PAYS BASQUE,64185,BAYONNE CEDEX,,['Canalisations'],[48],non,non
20-57764,2020-04-28,2020-06-08,['65'],FOURNITURE ET MISE EN PLACE D'AIRES DE JEUX-PROGRAMME 2020,fns,cmp2006,appeloffre,initial,VILLE DE TARBES,65000,TARBES,,['Aire de jeux'],[400],non,non
20-58037,2020-04-28,2020-06-11,['65'],RESTAURATION ET MISE EN VALEUR INTERIEURE DE L'EGLISE ST EXUPERE A ARREAU,fns,cmp2006,appeloffre,initial,COMMUNE ARREAU,65240,ARREAU,,['Clocher'],[80],non,non
20-57688,2020-04-28,2020-06-05,['66'],BAT-PMM-ENTRETIEN ET RÉPARATION DES UNITÉS DE CHLORATION ET DES ANALYSEURS EN CONTINU SUR LES COMMUNES EN RÉGIE,fns,cmp2006,appeloffre,initial,Perpignan Méditerranée Communauté,66006,Perpignan,,['Bâtiment'],[33],non,non
20-57689,2020-04-28,2020-06-02,['66'],"ACQUISITION, MISE EN OEUVRE ET MAINTENANCE D'UNE SOLUTION INFORMATIQUE DE GESTION DE LA DIRECTION PRÉVENTION POUR LA SANTÉ ET BIEN ÊTRE AU TRAVAIL",fns,cmp2006,appeloffre,initial,DEPARTEMENT DES PYRENEES-ORIENTALES,66906,PERPIGNAN,,['Informatique (prestations de services)'],[163],non,non
20-57659,2020-04-28,2020-06-25,"['57', '67', '68']",Mission de maîtrise d'oeuvre relative à l'amélioration de la station de pompage de l'étang du Stock,fns,cmp2006,appeloffre,initial,Voies navigables de France,67010,Strasbourg cedex,,"['Ouvrage hydraulique', 'Prestations de services', 'Station de pompage']","[255, 274, 326]",non,non
20-57794,2020-04-28,2020-07-26,['67'],Le marché public concerne les travaux de remplacement de 6 portes palières de logements de fonction situés au centre de Strasbourg.,fns,cmp2006,appeloffre,initial,HOPITAUX UNIVERSITAIRES DE STRASBOURG,67091,Strasbourg cedex,,['Menuiserie'],[222],non,non
20-57878,2020-04-28,2020-05-28,['67'],Remplacement de 700mètres carrés de revêtement de sols textiles de la médiathèque de Sélestat,mapa,cmp2006,appeloffre,initial,Communauté de Communes de Sélestat,67604,Sélestat,,['Revêtements de sols'],[308],non,oui
20-38450,2020-04-28,2020-06-30,['67'],travaux de mise en conformité et de restructuration du kiosque au château du haut-koenigsbourg,fns,cmp2006,appeloffre,initial,DEPARTEMENT DU BAS RHIN,67964,Strasbourg cedex 9,,"['Bardage', 'Bois', 'Carrelage', 'Charpente', 'Chauffage (travaux)', 'Cloison, faux plafond', 'Clôture', 'Couverture', 'Cuisine (équipement)', 'Démolition', 'Echafaudage', 'Electricité (travaux)', 'Gros oeuvre', 'Isolation', 'Menuiserie', 'Mobilier', 'Peinture (travaux)', 'Plâtrerie', 'Sanitaire', 'Serrurerie', 'Sécurité incendie', 'Ventilation', 'Zinguerie', 'Porte automatique, portail']","[30, 38, 53, 57, 61, 63, 64, 74, 77, 87, 101, 105, 144, 169, 222, 230, 264, 269, 319, 321, 332, 360, 372, 412]",non,non
20-21491,2020-04-28,2020-06-10,['68'],travaux de voirie et réseaux divers sur le patrimoine de m2a habitat,fns,cmp2006,appeloffre,initial,m2A HABITAT,68071,Mulhouse,,['Voirie et réseaux divers'],[366],non,non
20-57769,2020-04-28,2020-05-28,['68'],etude de faisabilité pour la reconversion et la valorisation d'un site industriel à lautenbach (rectificatif),mapa,cmp2006,appeloffre,rectificatif,C.C. de la Région de Guebwiller,68502,Guebwiller cedex,,['Etude'],[118],non,non
20-56191,2020-04-28,2020-05-29,['69'],"travaux des réseaux d'évacuation des eaux usées, vannes, et grasses de la cuisine du restaurant du bâtiment médico-social du cnrssite de villeurbanne",fns,cmp2006,appeloffre,initial,C.N.R.S. de Villeurbanne,69100,Villeurbanne,,"['Carrelage', 'Cloison, faux plafond', 'Cuisine (équipement)', 'Electricité (travaux)', 'Etanchéité', 'Gros oeuvre', 'Peinture (travaux)', 'Plâtrerie', 'Plomberie (travaux)', 'Revêtements de sols']","[53, 63, 77, 105, 117, 144, 264, 269, 270, 308]",non,non
20-57664,2020-04-28,2020-05-26,"['69', '42']",Travaux d'étanchéité bâtiments A B et CLycée J HOLTZER à FIRMINY (42),fns,cmp2006,appeloffre,initial,REGION AUVERGNE RHONE ALPES,69269,Lyon cedex 02,,['Etanchéité'],[117],non,non
20-57655,2020-04-28,2020-06-29,['84'],ORANGE (84) - BA 115 - Installations canines - Extension du chenil (ESID 19346_348 ; no COSI : 453 147),fns,cmp2006,attribution,initial,DRSID Lyon,69347,Lyon cedex 07,"[('2020-04-23', 'Groupement conjoint : BRIES ORANGE S.A.S /BATRI DIAZ CONSTRUCTIONS S.A.R.L./ BRAJA VESIGNE S.A./ DAUDET PAYSAGES S.A.R.L./ DIRICKX Espace Clôture Méditerranée/ HYDRAUSTAB S.A.S. dont BRIES ORANGE S.A.S est le mandataire', (629970.97, 'EUR'), None), ('2020-04-21', 'Groupement conjoint : SARL METALLERIE PERRUT/BATRI DIAZ CONSTRUCTIONS dont METALLERIE PERRUT est le mandataire', (474699.49, 'EUR'), None), ('2020-04-21', 'Groupement conjoint : PROCONTAIN S.A.S./ BATRI DIAZ CONSTRUCTIONS dont PROCONTAIN S.A.S est le mandataire', (710611.91, 'EUR'), None)]",['Maçonnerie'],[195],oui,oui
20-57719,2020-04-28,2020-05-25,['69'],POLEYMIEUX (69) - Mont Verdun - BA 942 - Fiabilisation électrique des boucles hautes tension : forage.(ESID-20-170),fns,cmp2006,appeloffre,initial,DRSID Lyon,69347,Lyon cedex 07,,['Forage'],[132],non,non
20-57885,2020-04-28,2020-05-25,['69'],GROUPEMENT HOSPITALIER SUDHOPITAL LYON SUD - BATIMENT 1PRelocalisation des activités de Sainte Eugenie sur Jules CourmontTRAVAUX DE CREATION D'UNE PLATEFORME DECHETS ETREAMENAGEMENT DE LOCAUX,fns,cmp2006,appeloffre,initial,CHU Lyon,69373,Lyon cedex 08,,['Bâtiment'],[33],non,non
20-58029,2020-04-28,2020-06-02,['69'],Prestations d'interprétariat en Langue des Signes Française,mapa,cmp2006,appeloffre,rectificatif,METROPOLE DE LYON,69505,LYON,,"['Prestations de services', 'Mise à disposition de personnel']","[274, 461]",non,non
20-57838,2020-04-28,2020-05-29,['69'],CONSTRUCTION D'UN POLE CULTUREL,fns,cmp2006,appeloffre,initial,COMMUNE DE MESSIMY,69510,MESSIMY,,['Bâtiment'],[33],non,non
20-57760,2020-04-28,2020-06-19,['69'],Travaux d'accessibilité extérieur de l'église de Chaponost,mapa,cmp2006,appeloffre,initial,Commune de Chaponost,69630,CHAPONOST,,['Bâtiment'],[33],non,non
20-57787,2020-04-28,2020-07-26,['69'],Fourniture de masques de protection sanitaire,fns,cmp2006,attribution,initial,Ville de Saint-Priest (69),69800,SAINT-PRIEST,"[('2020-04-28', 'SBP DEVELOPPEMENT', (122500, 'EUR'), None)]",['Matériel médical'],[212],non,non
20-57875,2020-04-28,2020-05-30,['70'],"Remise en état d'un ancien fort militaire (maçonnerie, taille et pose de couvertines...)",fns,cmp2006,appeloffre,initial,Ville d'Héricourt,70400,Héricourt,,['Maçonnerie'],[195],oui,non
20-57974,2020-04-28,2020-06-05,['72'],L'opération de travaux a pour objet la construction d'un bâtiment vestiaires / tribunes sur le site du vélodrome du Mans.Site du Vélodrome - Route de l'Etrier Sarthois LE MANS,fns,cmp2006,appeloffre,initial,CENOVIA CITES,72015,Le Mans,,['Equipement sportif'],[113],non,non
20-57934,2020-04-28,2020-07-26,['72'],Travaux préparatoires à la rénovation globale - Désamiantage et réfection de l'habillage intérieur du Gymnase du complexe sportif Coubertin,fns,cmp2006,attribution,initial,Ville du Mans,72039,Le Mans,"[('2020-04-14', 'HYGEPUR ENVIRONNEMENT OUEST', (49984, 'EUR'), None), ('2020-04-13', 'LESSINGER MENUISERIE', (75000, 'EUR'), None)]","['Menuiserie', 'Amiante (désamiantage)']","[222, 479]",non,non
20-57868,2020-04-28,2020-07-26,['73'],Maintenance des installations frigorifiques de l'atelier culinaire,mapa,cmp2006,attribution,initial,DEPARTEMENT DE LA SAVOIE,73018,CHAMBERY,,"['Chambre froide', 'Maintenance']","[56, 196]",non,non
20-58063,2020-04-28,2020-05-29,['73'],RD 216 - Modane - Stabilisation d'un talus aval par dévoiement de la route au PR 6 + 600,fns,cmp2006,appeloffre,initial,DEPARTEMENT DE LA SAVOIE,73018,CHAMBERY,,['Génie civil'],[141],non,non
20-58027,2020-04-28,2020-05-28,['73'],RD925 - Création d'un ouvrage de franchissement de la route départementale (Glissement du Bersend - La Joux),fns,cmp2006,appeloffre,initial,DEPARTEMENT DE LA SAVOIE,73018,CHAMBERY,,['Génie civil'],[141],non,non
20-57761,2020-04-28,2020-06-02,['73'],Numéro de la consultation : 202007 Amélioration de la sécurité du tunnel des téléphériques,fns,cmp2006,appeloffre,initial,COMMUNE DE VAL D ISERE,73155,VAL D'ISERE CEDEX,,"[""Ouvrage d'infrastructure"", 'Sécurité incendie']","[253, 332]",non,non
20-57770,2020-04-28,2020-05-26,['73'],"fourniture de produits d'entretien, petits matériels de nettoyage et consommables pour l'entretien des bâtiments communaux",fns,cmp2006,appeloffre,initial,Ville de Saint-Jean-de-Maurienne,73302,Saint-Jean-de-Maurienne cedex,,"[""Produits d'entretien""]",[278],non,non
20-57972,2020-04-28,2020-05-29,['73'],Travaux de remise à niveau du réseau des eaux usées,fns,cmp2006,appeloffre,initial,Ville de Moûtiers,73601,MOUTIERS,,"['Ouvrage hydraulique', 'Station de pompage']","[255, 326]",non,non
20-57352,2020-04-28,2020-05-25,"['74', '73']","prestation de service portant sur la gestion du tiers payant relatifs aux frais liés aux accidents de travail, de trajet et maladies professionnelles des agents titulaires et stagiaires.",fns,cmp2006,appeloffre,initial,Centre Hospitalier Alpes Léman,74130,Contamine sur Arve,,['Prestations de services'],[274],non,non
20-57911,2020-04-28,2020-05-22,['74'],Travaux de désamiantage de l'Espace Croisollet à Rumilly,mapa,cmp2006,appeloffre,initial,Ville de Rumilly,74150,RUMILLY,,['Amiante (diagnostic)'],[431],non,non
20-57669,2020-04-28,2020-06-30,['74'],ACQUISITION D'UN LOGICIEL DE TRACABILITE POUR LA STERILISATION DU CHANGE,fns,cmp2006,attribution,initial,CH Annecy Genevois,74374,PRINGY CEDEX,"[('2020-04-27', 'APPERTON', (71040.0, 'EUR'), None)]",['Logiciel'],[186],non,non
20-57850,2020-04-28,2020-07-31,['74'],TRAVAUX DE MISE EN PLACE D'UNE CHAUDIERE DANS LA CHAUFFERIE CENTRALE DU CHANGE,fns,cmp2006,attribution,initial,CH Annecy Genevois,74374,PRINGY CEDEX,"[('2020-04-23', 'EIFFAGE ENERGIE SYSTEMES', (608636.72, 'EUR'), None)]",['Chauffage (travaux)'],[61],non,non
20-58077,2020-04-28,2020-05-22,"['75', '77', '78', '91', '92', '93', '94', '95']",La présente consultation a pour objet la recherche d'une assistance pour l'élaboration du Schéma Régional de Développement du Tourisme et des Loisirs d'Île-de-France 2022-2026,fns,cmp2006,appeloffre,initial,COMITE REGIONAL TOURISME ILE DE FRANCE,75000,Paris,,['Etude'],[118],non,non
20-57904,2020-04-28,2020-07-03,['75'],"Marché 2019SAIP-30 : travaux de rénovation de la salle 6237 située au 2e sous-sol du Palais-Bourbon - lots 2, 3, 5 et 6",fns,cmp2006,attribution,initial,ASSEMBLÉE NATIONALE,75007,Paris,"[('2020-04-23', 'MCFE', (143235.71, 'EUR'), None), ('2020-04-23', 'SPIE INDUSTRIE ET TERTIAIRE', (39243.35, 'EUR'), None), ('2020-04-23', 'ETS GUEGAN', (84830.2, 'EUR'), None), ('2020-04-23', 'ETS GUEGAN', (44713, 'EUR'), None)]","['Chauffage (travaux)', 'Electricité (travaux)', 'Menuiserie', 'Mobilier']","[61, 105, 222, 230]",non,non
20-57766,2020-04-28,2020-05-26,['75'],"Rénovation des espaces tertiaires au 56 rue de Lille - niveau 03, secteur Anatole France",fns,cmp2006,appeloffre,rectificatif,CAISSE DES DEPOTS,75007,PARIS,,['Menuiserie'],[222],oui,oui
20-58064,2020-04-28,2020-06-16,['75'],Aqueduc de la Voulzie et aqueduc de la Vanne - sécurisation des accès à l'eau et étanchéité des ouvrages,fns,cmp2006,appeloffre,initial,EAU DE PARIS,75013,PARIS,,"['Etanchéité', 'Maçonnerie']","[117, 195]",non,non
20-58013,2020-04-28,2020-06-02,['75'],"Travaux d'aménagement de voirie, d'espace vert et de pose de mobiliers urbains avenue Daumesnil à Paris 12ème arrondissement.",fns,cmp2006,appeloffre,initial,Ville de Paris,75013,Paris,,['Voirie'],[365],non,non
20-57902,2020-04-28,2020-07-20,"['75', '93']",Maintenance et fourniture de pièces détachées pour des matériels de levage (ponts élévateurs) des ateliers de mécanique de la ville de Paris,fns,cmp2006,appeloffre,rectificatif,Ville de Paris,75013,Paris,,['Maintenance'],[196],non,oui
20-57862,2020-04-28,2020-05-27,['75'],Travaux de modernisation des sanitaires de l'école élémentaire située 12 rue Sévero 75014 Paris,fns,cmp2006,appeloffre,initial,VILLE DE PARIS,75014,Paris,,"['Plomberie (travaux)', 'Sanitaire']","[270, 319]",non,non
20-58023,2020-04-28,2020-06-30,['75'],Numéro de la consultation : 2020-DPI-0021 Rénovation immeuble d'activité Paris SOLEILLET,fns,cmp2006,appeloffre,initial,CCI PARIS ILE DE FRANCE,75017,Paris,,"['Electricité (travaux)', 'Gros oeuvre', 'Menuiserie', 'Peinture (travaux)', 'Revêtements de sols']","[105, 144, 222, 264, 308]",non,non
20-49742,2020-04-28,2020-06-05,"['75', '77', '78', '91', '93', '94', '95', '92']",réaménagement de la plateforme interrégionale du ministère de la justice à savigny-sur-orge _ lot no6 vrd,fns,cmp2006,appeloffre,initial,MINISTERE DE LA JUSTICE,75042,Paris cedex 01,,['Voirie et réseaux divers'],[366],non,non
20-58099,2020-04-28,2020-05-28,"['75', '93', '92', '77', '78', '94', '95']",Réalisation d une prestation de service pour la cafétéria du Conseil d Etat,fns,cmp2006,appeloffre,initial,Conseil d'Etat,75100,Paris cedex 01,,['Nettoyage de locaux'],[239],non,non
20-57782,2020-04-28,2020-05-21,['75'],marché de prestations intellectuelles - études acoustique et vibratoires dans le cadre du prolongement du t7 (rectificatif),mapa,cmp2006,appeloffre,rectificatif,SYSTRA,75513,Paris,,"['Etude', 'Ingénierie']","[118, 455]",non,non
20-57829,2020-04-28,2020-06-28,['75'],Arrosage et petit entretien des points de végétalisation situés sur tout l'espace public parisien intra-muros,fns,cmp2006,attribution,initial,Ville de Paris - DEVE,75639,Paris cedex 13,,"['Arrosage', 'Espaces verts']","[13, 116]",non,non
20-57991,2020-04-28,2020-07-10,"['75', '60']","code projet l021-09 - marché de travaux de mise à niveau du système de chauffage, des couvertures et des menuiseries extérieures de la manufacture nationale de beauvais (rectificatif2)",fns,cmp2006,appeloffre,rectificatif,OPPIC,75647,Paris Cedex 13,,"['Chauffage (travaux)', 'Cloison, faux plafond', 'Couverture', 'Démolition', 'Electricité (travaux)', 'Menuiserie', 'Peinture (travaux)', 'Plomberie (travaux)', 'Serrurerie']","[61, 63, 74, 87, 105, 222, 264, 270, 321]",non,non
20-58017,2020-04-28,2020-06-03,['75'],Mise en oeuvre d'une Thermo-Frigo-Pompe sur le site François Mitterrand de la Bibliothèque nationale de France,fns,cmp2006,appeloffre,initial,Bibliothèque nationale de France,75706,Paris Cedex 13,,"['Equipement hydraulique', 'Equipement thermique', 'Equipements spécialisés']","[111, 114, 115]",non,non
20-57882,2020-04-28,2020-05-15,"['75', '92']",N118 - Projet de voies dédiées aux transports en commun - Reconnaissance et nettoyage du réseau à Sèvres et du diffuseur de Seine,fns,cmp2006,appeloffre,rectificatif,MEEDDM,75732,Paris cedex 15,,['Nettoyage urbain'],[240],non,non
20-57740,2020-04-28,2020-05-31,['76'],REALISATION D'UN TRANSPORT AUTOMATIQUE PAR PNEUMATIQUE,fns,cmp2006,attribution,initial,CHU-Hôpitaux de Rouen,76031,Rouen cedex,"[('2020-04-06', 'AEROCOM & CO Systèmes de communication', (1064000, 'EUR'), None), ('2020-04-06', 'EIFFAGE ENERGIE SYSTEMES HAUTE-NORMANDIE', (39220.35, 'EUR'), None)]",['Pneumatiques'],[271],non,non
20-58086,2020-04-28,2020-06-11,"['76', '14']",Port de Fécamp - Travaux de remise en état d'une grue LIEBHERR LHM 150,fns,cmp2006,appeloffre,initial,CCIT SEINE ESTUAIRE,76067,Le havre cedex,,"['Equipements spécialisés', 'Installation portuaire', 'Ouvrage métallique', 'Peinture (travaux)']","[115, 165, 254, 264]",non,non
20-57697,2020-04-28,2020-05-30,['76'],Mission d'accompagnement à la muséographie,mapa,cmp2006,appeloffre,initial,Science Action Normandie,76100,Rouen,,['Equipement muséographique'],[409],non,non
20-57777,2020-04-28,2020-07-26,['76'],Le contrat porte sur les prestations suivantes : Fourniture de dispositifs médicaux gynécologiquesConsommables médicaux et matériel médical à usage unique,mapa,cmp2006,attribution,initial,DEPARTEMENT DE LA SEINE MARITIME,76101,ROUEN Cedex,,['Produits pharmaceutiques'],[280],non,non
20-58031,2020-04-28,2020-05-29,['76'],Travaux d'entretien et de réparation 2020 - Abbaye de JUMIEGES,mapa,cmp2006,appeloffre,rectificatif,DEPARTEMENT DE LA SEINE MARITIME,76101,ROUEN CEDEX,,"['Maçonnerie', 'Monuments historiques']","[195, 236]",non,non
20-57341,2020-04-28,2020-05-15,['76'],"marché de fourniture d'électricité pour les bâtiments communaux de la ville de bonsecours, dont la puissance est supérieure à 36 kva.",fns,cmp2006,appeloffre,initial,Ville de Bonsecours,76240,Bonsecours,,"['Electricité, gaz (fourniture)']",[443],non,non
20-58045,2020-04-28,2020-06-15,"['77', '78', '75', '91', '92', '93', '94', '95']",La présente consultation concerne une mission d'Assistance Technique à Maîtrise d'Ouvrage (ATMO) dans le cadre de la réalisation d'un groupe scolaire de 22 classes à Bussy-Saint-Georges,fns,cmp2006,appeloffre,initial,AMENAGEMENT 77,77004,Melun cedex,,"[""Assistance à maîtrise d'ouvrage""]",[433],non,non
20-57493,2020-04-28,2020-05-25,['77'],fourniture et pose d'une aire de jeux accessible pmr au parc de la gramine,fns,cmp2006,appeloffre,initial,Ville de Montereau,77130,Montereau-fault-yonne,,['Aire de jeux'],[400],non,non
20-56894,2020-04-28,2020-05-12,['77'],"travaux d'enfouissement des réseaux enedis basse tension, orange, eclairage public rue du viaduc à avon (rectificatif)",fns,cmp2006,appeloffre,rectificatif,Commune d'Avon,77210,Avon,,"['Eclairage public', 'Réseaux divers', 'Voirie']","[102, 306, 365]",non,non
20-57752,2020-04-28,2020-06-01,['77'],La consultation a pour objet l'achat de fournitures scolaires,fns,cmp2006,appeloffre,initial,COMMUNE LOGNES,77315,Marne la vallee cedex 02,,['Articles de bureau et articles scolaires'],[16],non,non
20-58067,2020-04-28,2020-07-25,['77'],"PRESTATIONS D'ASSISTANCE, DE CONSEILS ET DE REPRESENTATIONS JURIDIQUES EN DROIT SOCIAL POUR LES BESOINS DE FONCTIONNEMENT DE L'UGAP",fns,cmp2006,appeloffre,rectificatif,Union des Groupements d'Achats Publics,77444,Marne-la-vallée cedex 2,,['Assistance juridique'],[434],non,non
20-57915,2020-04-28,2020-06-28,['77'],fourniture et livraison de déjeuners et de goûters en liaison froide réfrigérée pour le multi-accueil de la ville de lieusaint,fns,cmp2006,attribution,initial,Ville de Lieusaint,77567,Lieusaint cedex,,"['Repas, traiteur']",[304],non,non
20-57720,2020-04-28,2020-06-10,['78'],Réalisation de prestations de maintenance des groupes électrogènes et des onduleurs protégeant les salles machines sous responsabilité du rectorat de l'académie de Versailles,fns,cmp2006,appeloffre,initial,Rectorat de l'académie de Versailles,78017,Versailles cedex,,['Maintenance'],[196],non,oui
20-58059,2020-04-28,2020-05-26,['78'],Séjours en classes de découverte septembre octobre 2020,fns,cmp2006,appeloffre,initial,Ville de Guyancourt,78041,Guyancourt,,['Prestations de services'],[274],non,non
20-57944,2020-04-28,2020-07-04,['91'],SACLAY (91) DGA EP Projet Empire Marché multidiagnosticsLot no1 : Repérage réseauxLot no2 : Etude géotechniqueLot no3 : Diagnostic amiante et plomb,fns,cmp2006,appeloffre,initial,ESID IDF,78102,Saint germain en laye cedex,,"['Etude', 'Amiante (diagnostic)', 'Ingénierie']","[118, 431, 455]",non,oui
20-58087,2020-04-28,2020-06-17,"['92', '75', '78']",CLAMART (92) - ILOT PERCY - Adaptation des locaux de la stérilisation.,fns,cmp2006,appeloffre,initial,ESID IDF,78102,Saint germain en laye cedex,,"[""Tous corps d'état""]",[345],non,non
20-57811,2020-04-28,2020-05-25,"['78', '75', '92']",Travaux d'électricité et de câblage dans les bâtiments communaux,fns,cmp2006,appeloffre,initial,Ville de Celle Saint Cloud,78170,La celle saint cloud,,"['Câblage', 'Electricité (travaux)']","[47, 105]",non,non
20-58025,2020-04-28,2020-06-05,['78'],Assurance responsabilité civile et risques annexes pour l'Etablissement Public Interdépartementale 78/92,fns,cmp2006,appeloffre,initial,Conseil départemental des Yvelines,78280,GUYANCOURT,,['Assurance'],[20],non,non
20-57981,2020-04-28,2020-05-28,['78'],Numéro de la consultation : 2006 ENTRETIEN DU PATRIMOINE ARBORE DE LA VILLE ET DES ESPACES VERTS DU DOMAINE PUBLIC,fns,cmp2006,appeloffre,initial,Ville de Fontenay-le-Fleury,78330,Fontenay-le-Fleury,,['Espaces verts'],[116],non,non
20-57650,2020-04-28,2020-06-12,['78'],Remplacement de fenêtres bois de l'hôtel de ville et annexe,fns,cmp2006,appeloffre,initial,Ville de Vernouillet,78540,Vernouillet,,['Menuiserie'],[222],non,non
20-57897,2020-04-28,2020-06-01,['78'],"Travaux de dépose, d'enlèvement et de mise en décharge d'une main courante existante - Travaux de fourniture et de pose d'une nouvelle main courante autour du stade Bernard Giroux",mapa,cmp2006,appeloffre,initial,Ville de Plaisir,78735,PLAISIR Cedex,,['Equipement sportif'],[113],non,non
20-57832,2020-04-28,2020-06-05,"['79', '16', '17', '85', '86', '44']","Le présent marché a pour objet la construction de deux postes de refoulement sur la commune de Niort, s'inscrivant dans le cadre du projet de transfert des eaux usées du Lieu-Dit "" La Tranchée """,fns,cmp2006,appeloffre,initial,Communauté d'agglomération du Niortais,79027,Niort cedex,,['Assainissement'],[18],non,non
20-57675,2020-04-28,2020-06-30,"['79', '85', '86', '17']",Mise à disposition d'un concept de location de matériel destiné exclusivement à la réalisation des illuminations des rues et sites de la Ville de Parthenay pendant les fêtes de fin d'année,fns,cmp2006,appeloffre,rectificatif,Ville de Parthenay,79200,Parthenay,,"['Illumination', 'Location (matériels)', 'Matériel électrique']","[170, 185, 203]",non,non
20-57699,2020-04-28,2020-06-22,['83'],Achat de vaisselle et ustensiles de cuisine mono-usage bio-sourcés ou réutilisables et emballages alimentaires pour le Département du Var,fns,cmp2006,appeloffre,initial,Conseil Général du Var,83000,TOULON,,"['Articles à usage unique', 'Barquettes alimentaires']","[15, 32]",non,non
20-57700,2020-04-28,2020-06-04,['83'],"Mission de maîtrise d'oeuvre pour la création d'une plateforme de stockage des camions de collecte avec des bâtiments pour la base vie, l'atelier des Bennes à Ordures Ménagères et des b",fns,cmp2006,appeloffre,initial,Communauté Communes Golfe de ST-Tropez,83310,COGOLIN,,"[""Maîtrise d'oeuvre""]",[197],non,non
20-57888,2020-04-28,2020-05-30,['83'],Marché de travaux relatif à la réfection de la toiture du Centre Technique Municipal,fns,cmp2006,appeloffre,initial,Commune de La Croix Valmer,83420,La Croix Valmer,,"['Couverture', 'Photovoltaïque', 'Amiante (désamiantage)']","[74, 476, 479]",non,non
20-57698,2020-04-28,2020-05-07,['84'],Consultation bancaire pour le financement du programme d'investissement de la Ville de L'Isle sur la Sorgue 2020,fns,cmp2006,appeloffre,initial,COMMUNE DE L ISLE SUR LA SORGUE,84800,L'Isle sur la Sorgue,,['Prestations de services'],[274],non,non
20-58006,2020-04-28,2020-05-29,['84'],Acquisition de matériels et de logiciels téléphoniques et prestations de maintenanceLot no 2 : Maintenance de plusieurs systèmes téléphoniques ALE OXO/4200,fns,cmp2006,appeloffre,initial,Département de Vaucluse,84909,Avignon Cedex 9,,"['Autocommutateur', 'Matériel de téléphonie']","[23, 339]",non,non
20-57962,2020-04-28,2020-05-22,['85'],Maîtrise d'oeuvre pour les travaux de remplacement des canalisations en inox de l'usine de production d'eau potable de Finfarine sur la Commune du Poiroux.,fns,cmp2006,appeloffre,initial,VENDEE EAU,85036,La Roche sur Yon,,"[""Maîtrise d'oeuvre""]",[197],non,non
20-57881,2020-04-28,2020-06-04,['87'],Mission de maîtrise d'oeuvre pour la création d'une interconnexion entre deux réseaux de chaleur de Limoges Métropole,fns,cmp2006,appeloffre,initial,COMMUNAUTE D AGL LIMOGES METROPOLE,87031,LIMOGES Cedex 1,,"[""Maîtrise d'oeuvre"", 'Réseaux divers']","[197, 306]",non,non
20-57890,2020-04-28,2020-05-29,['87'],CONSTRUCTION D'UN COURT DE TENNIS COUVERT,fns,cmp2006,appeloffre,initial,Commune de CHATEAUPONSAC,87290,CHATEAUPONSAC,,"['Bardage', 'Charpente', 'Couverture', 'Electricité (travaux)', 'Equipement sportif', 'Maçonnerie', 'Revêtements de sols', 'Voirie et réseaux divers']","[30, 57, 74, 105, 113, 195, 308, 366]",oui,non
20-57818,2020-04-28,2020-06-30,['87'],Construction d'une bâche de 2000 m3 et d'une station de reprise sur la commune de FEYTIAT - (87),fns,cmp2006,attribution,initial,SIAEP Vienne Briance Gorre,87700,AIXE SUR VIENNE,"[('2020-02-25', 'GROUPEMENT SAUR/ LAURIERE', (1256000, 'EUR'), None), ('2020-02-25', 'PRADEAU TP', (395432, 'EUR'), None)]",['Alimentation en eau potable'],[6],non,non
20-57907,2020-04-28,2020-05-25,['91'],Développement d'applications web d'emplois du temps,fns,cmp2006,appeloffre,initial,CENTRALESUPELEC,91190,Gif-sur-yvette,,['Informatique (prestations de services)'],[163],non,non
20-56598,2020-04-28,2020-06-03,['91'],réfection du gazon synthétique 105x68m au centre sportif georges brassens,fns,cmp2006,appeloffre,initial,COMMUNE DE VIGNEUX SUR SEINE,91270,Vigneux sur seine,,"['Terrain de sport', 'Aire de jeux']","[342, 400]",non,non
20-57966,2020-04-28,2020-05-28,['91'],"Travaux de construction d'une cuisine centrale - 91340 OllainvilleLieu d'exécution : 7A, Route d'Arpajon, 91340 OllainvilleCe projet s'inscrit dans une démarche environnementale",fns,cmp2006,appeloffre,initial,MAIRIE D'OLLAINVILLE,91340,Ollainville,,"['Cuisine (équipement)', ""Tous corps d'état""]","[77, 345]",oui,oui
20-57825,2020-04-28,2020-06-10,['91'],Inventaire et diagnostic du patrimoine arboré de Coeur d'Essonne Agglomération.,fns,cmp2006,appeloffre,initial,CA COEUR D ESSONNE AGGLOMERATION,91700,Sainte geneviève des bois,,"['Espaces verts', 'Etude']","[116, 118]",non,non
20-58083,2020-04-28,2020-06-02,['92'],Fourniture et livraison de matériels électriques pour le site de Sèvres-Manufacture et musée nationaux,fns,cmp2006,appeloffre,initial,ETS PUB CITE CERAMIQUE SEVRES LIMOGES,92310,Sèvres,,['Matériel électrique'],[203],non,non
20-58085,2020-04-28,2020-06-02,['92'],Rénovation de la motorisation de tours situés dans les ateliers de la Manufacture nationale de Sèvres,fns,cmp2006,appeloffre,initial,ETS PUB CITE CERAMIQUE SEVRES LIMOGES,92310,Sèvres,,"['Equipement industriel', 'Prestations de services']","[112, 274]",non,non
20-58007,2020-04-28,2020-06-08,"['92', '75']",Rénovation du Commissariat de la Police Nationale à Neuilly-sur-Seine,fns,cmp2006,appeloffre,rectificatif,Ville de Neuilly-sur-Seine,92522,Neuilly-sur-seine cedex,,"[""Tous corps d'état""]",[345],non,non
20-57843,2020-04-28,2020-06-04,"['93', '69']",Mise à disposition de deux imprimantes feuille à feuille avec facturation uniquement d'un coût à la page.Ces imprimantes seront installées sur le site ACOSS de Saint-Priest et sur le site ACOSS,fns,cmp2006,appeloffre,initial,ACOSS,93108,Montreuil,,['Impression'],[160],non,oui
20-58010,2020-04-28,2020-05-29,['75'],Mission de mandataire de sécurité et de son suppléant pour la sécurité incendie au lycée Pierre Gilles de Gennes ENCPB à Paris 13 (75),fns,cmp2006,appeloffre,initial,Région Île-de-France,93400,Saint-ouen-sur-seine,,['Bâtiment'],[33],non,non
20-57949,2020-04-28,2020-05-12,"['93', '75']",Séjours de vacances 'équitation-poney' pour les enfants du personnel du conseil régional d'Ile de France,fns,cmp2006,appeloffre,rectificatif,Conseil regional d'Ile de France,93400,Saint ouen sur seine,,['Voyage'],[367],non,non
20-57906,2020-04-28,2020-05-29,['75'],Amélioration du confort thermique et traitement d'une problématique de surchauffe des locaux au Lycée Louis Girard à Malakoff (92),fns,cmp2006,appeloffre,initial,Région Île-de-France,93400,Saint-ouen-sur-seine,,['Bâtiment'],[33],non,non
20-57905,2020-04-28,2020-05-25,"['93', '77', '75', '78', '91', '92', '94', '95']",Marché d'études pour diagnostics préalables dans le cadre de l'opération Rénovation globale du campus Georges Cormier et Jules Ferry à Coulommiers.Lot 1 : V.R.D. / Fluides/RéseauxLot 2 : S,fns,cmp2006,appeloffre,initial,Ile-de-France-Construction Durable,93500,Pantin,,['Etude'],[118],non,non
20-58090,2020-04-28,2020-06-01,"['94', '31']",Formation des télétravailleurs de Météo-France et de leurs chefs de service en visio-conférence ou/et en présentiel dans les centres dédiés.,mapa,cmp2006,appeloffre,annulation,METEO FRANCE,94165,Saint-mande cedex,,['Formation'],[410],non,non
20-57833,2020-04-28,2020-07-25,"['94', '91', '93', '95', '78', '75']",La présente consultation a pour objet les travaux de remplacement de l'ascenseur de la division 1 du Centre Pénitentiaire de Fresnes.,fns,cmp2006,appeloffre,initial,DIR INTERREGIONALE SCES PENITENTIAIRES,94267,Fresnes,,"['Ascenseur', 'Electricité (travaux)']","[17, 105]",non,non
20-57127,2020-04-28,2020-05-29,['94'],La présente consultation est relative aux opérations dites complexes de réalisation de travaux relatifs à la sécurisation de sites du ministère des Armées.,joue,directive81,appeloffre,initial,DIRISI,94270,Le kremlin bicêtre,,['Matériel de sécurité'],[209],non,non
20-57927,2020-04-28,2020-07-04,['94'],Prestation de gardiennage sur le site du STAC de Bonneuil-sur-Marne,fns,cmp2006,appeloffre,initial,Service Technique de l'Aviation Civile,94385,BONNEUIL SUR MARNE CEDEX,,['Gardiennage'],[138],non,non
20-57845,2020-04-28,2020-05-29,['95'],La présente consultation a pour objet l'élaboration et suivi de dossiers d'enquêtes parcellaires et d'enquêtes publiques dans le cadre de l'instauration des périmètres de protectio,fns,cmp2006,appeloffre,initial,Conseil général du Val d'Oise,95032,Cergy pontoise cedex,,"['Etude', 'Sondage, enquête']","[118, 471]",non,non
20-57776,2020-04-28,2020-06-09,['95'],"Travaux courants de voirie, de réseaux divers et de requalifications de voiries sur l'ensemble du territoire communal.",fns,cmp2006,appeloffre,initial,commune de Saint-Brice-sous-Forêt,95350,Saint Brice sous Forêt,,['Voirie et réseaux divers'],[366],non,oui
20-57964,2020-04-28,2020-06-11,['971'],Remplacement du refroidisseur d'eau glacée du bâtiment Félix Eboué de la Préfecture de la région Guadeloupe,fns,cmp2006,appeloffre,initial,Prefecture de Guadeloupe,97100,Basse-terre,,['Climatisation'],[62],non,non
20-57960,2020-04-28,2020-05-25,['971'],aménagement des locaux du centre technique municipal de le moule,fns,cmp2006,appeloffre,initial,Ville de Le Moule,97160,Le Moule,,"['Cloison, faux plafond', 'Démolition', 'Fondations spéciales', 'Menuiserie', 'Peinture (travaux)', 'Revêtements de sols', 'Revêtements muraux']","[63, 87, 129, 222, 264, 308, 309]",non,oui
20-58082,2020-04-28,2020-07-26,['973'],Réalisation des missions géotechniques dans le cadre des travaux du lycée SAINT-LAURENT IV,fns,cmp2006,attribution,initial,COLLECTIVITE TERRITORIALE DE GUYANE,97307,CAYENNE,"[('2020-04-17', 'GEOTEC GUYANE', (99250, 'EUR'), None)]",['Prestations de services'],[274],non,non
20-57634,2020-04-28,2020-06-13,['973'],Aménagement urbain des quartiers AMAPA 1 et 3,fns,cmp2006,appeloffre,initial,Commune de Saint-Laurent du Maroni,97320,SAINT-LAURENT DU MARONI,,"['Assainissement', 'Eclairage public', 'Réseaux divers', 'Terrassement', 'Voirie', 'Voirie et réseaux divers']","[18, 102, 306, 341, 365, 366]",non,non
20-57863,2020-04-28,2020-06-11,['976'],Fourniture de chapiteauxStockage de chapiteaux,mapa,cmp2006,appeloffre,initial,CDT de Mayotte,97600,Mamoudzou,,"['Matériel de travaux publics', 'Prestations de services']","[220, 274]",non,non
20-57743,2020-04-28,2020-05-28,['976'],Diagnostic préalable aux travaux de mise à niveau des ouvrages de stockage d'eau potable,fns,cmp2006,appeloffre,initial,SIEAM,97600,Mamoudzou,,['Alimentation en eau potable'],[6],non,oui
20-57849,2020-04-28,2020-06-10,['976'],Accompagnement à la transformation du CDT Mayotte en Agence de Développement Touristique,mapa,cmp2006,appeloffre,initial,CDT de Mayotte,97600,Mamoudzou,,"['Assistance technique', 'Audit', 'Etude', 'Prestations de services', 'Ingénierie']","[19, 21, 118, 274, 455]",non,non
