a00_cle_idweb,g04_01_date_publication,g04_03_date_fin_diffusion,g04_07_dep_publication,g04_09_resume_objet,g01_02_01_famille,g01_02_02_perimetre,g01_02_03_nature,g01_02_04_statut,d01_01_denomination,d01_07_cp,d01_08_ville,d08_09_decision_titulaireandRENSEIGNEMENT,g04_052_descripteurs_libelles,g04_051_descripteurs_codes,g04_061_criteres_sociaux,g04_062_criteres_environnementaux
20-49718,2020-04-07,2020-04-30,['1'],Réaménagement de locaux du collège Louis Vuitton à Saint-Trivier-de-Courtes,fns,cmp2006,appeloffre,initial,DEPARTEMENT DE L AIN,01003,BOURG EN BRESSE CEDEX,,['Bâtiment'],[33],non,non
20-49695,2020-04-07,2020-07-05,['1'],Fourniture de produits multimédia pour la bibliothèque municipale,mapa,cmp2006,attribution,initial,COMMUNE D OYONNAX,01100,OYONNAX,,"['Cd, DVD']",[45],non,non
20-49645,2020-04-07,2020-05-05,['1'],"Réalisation de diagnostics amiante et HAP avant travaux ou démolition sur sites bâtis, voieries, trottoirs et parkings.",fns,cmp2006,appeloffre,initial,Haut-Bugey Agglomération,01117,Oyonnax cedex,,['Amiante (diagnostic)'],[431],non,non
20-49799,2020-04-07,2020-04-22,['1'],marchés de travaux relatifs à l'aménagement de la forêt mystérieuse au col de la faucille - ii,fns,cmp2006,appeloffre,rectificatif,Cté d'Agglomération du Pays de Gex,01170,Gex,,['Aire de jeux'],[400],non,non
20-50045,2020-04-07,2020-07-05,['2'],Numéro de la consultation : 19081TNC TRAVAUX D'AMÉNAGEMENT DES EXTÉRIEURS A LA PISCINE JEAN BOUIN DE SAINT-QUENTIN,fns,cmp2006,attribution,initial,CA DU SAINT QUENTINOIS,02108,Saint-Quentin,,['Voirie et réseaux divers'],[366],non,non
20-50017,2020-04-07,2020-07-05,['2'],"Numéro de la consultation : 19080TNC TRAVAUX DE SIGNALISATION VERTICALE ET HORIZONTALE, DE MISE EN CONFORMITÉ DU CIRCUIT ET DE MISE EN PLACE DE MOBILIER URBAIN A LA ZAE LA CLEF DES CHAMPS A CLASTRES",fns,cmp2006,attribution,initial,CA DU SAINT QUENTINOIS,02108,Saint-Quentin,,"['Signalétique', 'Voirie et réseaux divers']","[333, 366]",non,non
20-50043,2020-04-07,2020-07-05,['2'],Numéro de la consultation : 19082TNC REFECTION DE VOIES ET TROTTOIRS DANS LES COMMUNES MEMBRES DE LA COMMUNAUTE D'AGGLOMERATION DU SAINT-QUENTINOIS,fns,cmp2006,attribution,initial,CA DU SAINT QUENTINOIS,02108,Saint-Quentin,"[('2020-04-07', 'EUROVIA PICARDIE', (350000, 'EUR'), None), ('2020-04-07', 'EUROVIA PICARDIE', (900000, 'EUR'), None)]",['Voirie'],[365],non,non
20-49793,2020-04-07,2020-04-29,['3'],"Marché public de conduite d'opération pour l'opération de restructuration, extension et mise aux normes de l'EHPAD François Grèze",fns,cmp2006,appeloffre,initial,EHPAD François GREZE,03120,lapalisse,,['Assistance technique'],[19],non,non
20-49764,2020-04-07,2020-05-15,['3'],Travaux de modernisation d'un ascenseur électrique au pavillon Saint-François à Saint-Pourçain-sur-Sioule (03500) pour le Centre Hospitalier Coeur du Bourbonnais (03240 Tronget),mapa,cmp2006,appeloffre,rectificatif,HOPITAL COEUR DU BOURBONNAIS,03240,TRONGET,,['Ascenseur'],[17],non,non
20-49912,2020-04-07,2020-05-27,['4'],Numéro de la consultation : VILMF20S05 NETTOYAGE ET CURAGE DES RÉSEAUX HUMIDES ET DE SES EQUIPEMENTS,fns,cmp2006,appeloffre,initial,COMMUNE DE MANOSQUE,04100,Manosque,,"['Curage', 'Nettoyage urbain']","[78, 240]",non,non
20-49892,2020-04-07,2020-05-20,['6'],Travaux de plomberie CVC pour les bâtiments communaux,fns,cmp2006,appeloffre,initial,Ville de Vence,06141,Vence Cedex,,"['Chauffage (travaux)', 'Climatisation', 'Plomberie (travaux)', 'Ventilation']","[61, 62, 270, 360]",non,non
20-49971,2020-04-07,2020-05-11,['6'],Travaux de réparation du bâtiment de la piscine Montfleury : mécanisme de couverture mobile et joints de carrelage,fns,cmp2006,appeloffre,initial,COMMUNE DE CANNES,06406,CANNES,,"['Carrelage', 'Charpente', 'Couverture', 'Piscine']","[53, 57, 74, 265]",non,non
20-49867,2020-04-07,2020-06-08,['6'],"PRESTATION DE SERVICE D'ACCOMPAGNEMENT, DE MISE A JOUR ET DE MAINTENANCE DE LA SOLUTION OPEN SOURCE MAARCH COURRIER",fns,cmp2006,appeloffre,initial,SICTIAM,06905,Sophia Antipolis Cedex,,['Maintenance'],[196],non,non
20-49590,2020-04-07,2020-05-04,['10'],Il s'agit d'un marché de commissariat aux comptes avec désignation d'un suppléant en application de l'article L712-6 du code de commerce.,mapa,cmp2006,appeloffre,initial,CCI de Troyes et de l'Aube,10000,Troyes,,['Prestations de services'],[274],non,non
20-49561,2020-04-07,2020-05-04,['10'],Il s'agit d'un marché de commissariat aux comptes avec désignation d'un suppléant en application de l'article L712-6 du code de commerce.,mapa,cmp2006,appeloffre,annulation,CCI de Troyes et de l'Aube,10000,Troyes,,['Prestations de services'],[274],non,non
20-49581,2020-04-07,2020-04-30,['10'],REHABILITATION ET EXTENSION DU CIS DE VILLENAUXE LA GRANDE-. (rectificatif),fns,cmp2006,appeloffre,rectificatif,SCE DEPARTEMENTAL INCENDIE ET SECOURS,10088,TROYES,,"[""Tous corps d'état""]",[345],non,non
20-49776,2020-04-07,2020-05-25,['11'],marché de fourniture et livraison de produits d'entretien et articles de droguerie. 2 lots,fns,cmp2006,appeloffre,initial,CIAS CARCASSONNE AGGLO SOLIDARITE,11000,Carcassonne,,"[""Produits d'entretien""]",[278],non,non
20-33537,2020-04-07,2020-05-25,['11'],fourniture de carburant par enlèvement dans les stations-services avec cartes accréditives,fns,cmp2006,appeloffre,initial,CIAS CARCASSONNE AGGLO SOLIDARITE,11890,Carcassonne,,"['Carburant, hydrocarbure']",[52],non,non
20-49791,2020-04-07,2020-05-06,"['13', '83']",suivi de l'état des eaux de l'arc et dequelques affluents - programme 2020-2022 (rectificatif),fns,cmp2006,appeloffre,rectificatif,Syndicat d'Amenagt du Bassin de l'Arc,13109,Simiane-Collongue,,['Rivières/ruisseaux'],[310],non,non
20-49989,2020-04-07,2020-05-07,"['13', '30']","Sécurisation du plan de gestion des ouvrages en période de crue(PGOPC), 3ème phase. Marchés de maitrise d'oeuvre.",mapa,cmp2006,appeloffre,initial,SYMADREM (syndicat aménagement digues),13200,Arles,,['Prestations de services'],[274],non,non
20-49760,2020-04-07,2020-05-12,['13'],ENTRETIEN DE L'INSTALLATION DE TRAITEMENT DE CHLORE DE LA STATION DE POMPAGE D'EAU POTABLE DU VENTILLON (FOS-SUR-MER),mapa,cmp2006,appeloffre,initial,GRAND PORT MARITIME DE MARSEILLE,13226,MARSEILLE,,"['Maintenance', 'Station de pompage']","[196, 326]",non,non
20-49998,2020-04-07,2020-04-30,['13'],Assistance à la passation de marchés publics pour l'IRD,fns,cmp2006,appeloffre,initial,IRD,13572,Marseille,,['Prestations de services'],[274],non,non
20-47838,2020-04-07,2020-05-11,"['13', '84', '30', '34']","réalisation d'études préliminaires et d'avant-projet du parking-relais "" du pont de rognonas "".",fns,cmp2006,appeloffre,initial,CA TERRE DE PROVENCE,13630,Eyragues,,"['Etude', 'Prestations de services', 'Transport']","[118, 274, 347]",non,non
20-49861,2020-04-07,2020-07-05,['13'],FOURNITURE ET LIVRAISON DE PETITES FOURNITURES DE RESTAURATION COLLECTIVE (2 lots),fns,cmp2006,attribution,initial,EPARCA,13637,ARLES,,"['Articles à usage unique', 'Vaisselle']","[15, 357]",non,oui
20-49576,2020-04-07,2020-07-05,['13'],FOURNITURE ET MISE EN OEUVRE D'UN CLUSTER DE PARE-FEUX,mapa,cmp2006,attribution,initial,Ville d'Arles,13637,Arles,,"['Informatique (matériel)', 'Informatique (maintenance serveurs et réseaux)']","[162, 454]",non,non
20-49795,2020-04-07,2020-07-03,['13'],Eclairage public,fns,cmp2006,attribution,initial,Ville d'Ensuès la Redonne,13820,ENSUES-LA-REDONNE,"[('2020-04-03', 'ECOTEC', (369734.8, 'EUR'), None)]",['Eclairage public'],[102],oui,oui
20-49618,2020-04-07,2020-05-25,['14'],"Prestation de maintenance, dépannage et petits travaux dans les bâtiments du Département du Calvados.",fns,cmp2006,appeloffre,initial,DEPARTEMENT DU CALVADOS,14000,Caen,,"['Clôture', 'Couverture', 'Maçonnerie', 'Maintenance', 'Plomberie (travaux)', 'Prestations de services']","[64, 74, 195, 196, 270, 274]",non,non
20-49896,2020-04-07,2020-05-11,"['14', '75']",Maitrise d'oeuvre pour les travaux de restructuration concernant la création d'une Unité de Court Séjour gériatrique pour le CH d'Aunay-Bayeux - Bâtiment Nesmond,fns,cmp2006,appeloffre,initial,CENTRE HOSPITALIER UNIVERSITAIRE,14033,Caen,,"['Assistance technique', ""Assistance à maîtrise d'ouvrage""]","[19, 433]",non,non
20-49847,2020-04-07,2020-05-07,['14'],2020ETP012 - Mise aux normes de l'aire de carénage Port Guillaume,mapa,cmp2006,appeloffre,initial,DEPARTEMENT DU CALVADOS,14035,CAEN CEDEX,,"[""Maîtrise d'oeuvre""]",[197],non,non
20-49919,2020-04-07,2020-06-30,['15'],Mission de contrôle extérieur de dépollution (rectificatif),mapa,cmp2006,appeloffre,rectificatif,Communauté d'Agglomération du Bassin,15005,Aurillac cedex,,['Prestations de services'],[274],non,non
20-49682,2020-04-07,2020-05-18,['17'],Numéro de la consultation : 2020.TX.GTPB.0025 EGLISE DE SAINT PIERRE DE LALEU - REFECTION DE LA TOITURE,fns,cmp2006,appeloffre,rectificatif,VILLE LA ROCHELLE,17086,La Rochelle,,['Couverture'],[74],non,non
20-49947,2020-04-07,2020-06-06,['17'],organisation d'un feu d'artifice et d'un spectacle pyromélodique,fns,cmp2006,appeloffre,initial,Ville de ROYAN,17200,ROYAN,,"[""Feu d'artifice""]",[447],non,non
20-49738,2020-04-07,2020-05-14,['20A'],NETTOYAGE DES LOCAUX DU SYNDICAT D'ENERGIE DE LA CORSE DU SUD,fns,cmp2006,appeloffre,initial,SDE2A,20700,AJACCIO,,['Nettoyage de locaux'],[239],non,non
20-49608,2020-04-07,2020-06-07,['21'],Entretien des fontaines de la Ville de Beaune,fns,cmp2006,attribution,initial,Ville de Beaune,21205,Beaune cedex,,['Fontaine'],[449],non,oui
20-46367,2020-04-07,2020-05-05,['22'],reconstruction du collège public hqe de lannion,joue,directive24,appeloffre,initial,Département des Côtes d'Armor,22000,saint brieuc,,"['Clôture', 'Espaces verts', 'Etanchéité', 'Terrassement']","[64, 116, 117, 341]",non,non
20-49921,2020-04-07,2020-07-05,['22'],Matériels et produits de nettoyage et désinfection des véhicules sanitaires et matériels médico-secouriste,fns,cmp2006,attribution,initial,SCE DEPARTEMENTAL INCENDIE ET SECOURS,22015,SAINT-BRIEUC,"[('2019-12-03', 'PAREDES CSE', (120000, 'EUR'), None)]","[""Produits d'entretien""]",[278],non,non
20-49569,2020-04-07,2020-05-28,['22'],Restructuration des bureaux Bâtiment I - Centre Hospitalier de Saint-Brieuc - Site Yves Le Foll,fns,cmp2006,appeloffre,initial,CENTRE HOSPITALIER SAINT BRIEUC,22027,SAINT-BRIEUC,,['Bâtiment'],[33],non,non
20-50046,2020-04-07,2020-07-05,['22'],"Acquisition de chaussures de travail pour les personnels des CH de PAIMPOL, TREGUIER et LANNION-TRESTEL avec mise à disposition d'un site internet et livraison à domicile",fns,cmp2006,attribution,initial,CENTRE HOSPITALIER SAINT BRIEUC,22027,SAINT-BRIEUC,"[('2020-03-02', 'POLEMIL', (215000, 'EUR'), None)]",['Chaussures ou articles chaussants'],[79],non,non
20-49778,2020-04-07,2020-05-18,['21'],Travaux de réfection de la toiture terrasse du pavillon Buffon Résidence universitaire Montmuzard à Dijon,mapa,cmp2006,appeloffre,initial,CROUS DE BESANCON,25001,Besancon cedex 1,,['Terrasse'],[354],non,non
20-49775,2020-04-07,2020-05-11,['25'],Aménagement et équipement d'un véhicule pour réaliser des inspections télévisées des réseaux d'assainissement non visitables de Grand Besançon Métropole,fns,cmp2006,appeloffre,initial,GRAND BESANCON METROPOLE,25043,BESANCON,,"['Assainissement', 'Informatique (matériel)', 'Matériel électronique']","[18, 162, 204]",non,non
20-50037,2020-04-07,2020-04-30,['26'],Travaux de Grosses Réparations 2020 - Drôme Nord - Unité 2 Collèges,fns,cmp2006,appeloffre,initial,DEPARTEMENT DE LA DROME,26026,Valence,,"[""Tous corps d'état""]",[345],non,non
20-49856,2020-04-07,2020-06-08,"['26', '7']",L'entretien ponctuel de la vitrerie des établissements du GHT SDA,fns,cmp2006,appeloffre,initial,GPT HOSPITALIER PORTES DE PROVENCE,26216,MONTELIMAR,,['Nettoyage de locaux'],[239],non,oui
20-49944,2020-04-07,2020-07-01,['27'],"MISSIONS DE DIAGNOSTICS SOLIDITÉ, AMIANTE/HAP ETPLOMB AVANT TRAVAUX, DE CONTRÔLES TECHNIQUES,DE COORDINATION SÉCURITÉ ET PROTECTION DE LASANTÉ ET D'ÉTUDES GÉOTECHNIQUES EN VUE DEL'INSTAL",fns,cmp2006,appeloffre,initial,SIEGE 27,27930,Guichainville,,"['Contrôle technique', 'Amiante (diagnostic)']","[72, 431]",non,non
20-49725,2020-04-07,2020-05-11,['29'],lavage des bacs et colonnes de collecte,fns,cmp2006,appeloffre,initial,CCPBS,29122,Pont-l'Abbé cedex,,['Nettoyage urbain'],[240],non,non
20-49769,2020-04-07,2020-06-12,['29'],Travaux de démolition et de réparation du sol en béton de la dalle de mâchefers.,fns,cmp2006,appeloffre,initial,VALCOR,29187,Concarneau cedex,,"['Etanchéité', 'Génie civil', 'Voirie et réseaux divers']","[117, 141, 366]",non,oui
20-49553,2020-04-07,2020-04-21,['29'],Travaux de rénovation d'ouvrages d'art : pont de Caernarfon,fns,cmp2006,appeloffre,initial,Ville de Landerneau,29800,Landerneau,,"[""Ouvrage d'art""]",[252],non,non
20-49730,2020-04-07,2020-04-24,['30'],Marchés de travaux pour la réalisation des aménagements des espaces extérieurs de l'espace Diderot à Nîmes,fns,cmp2006,appeloffre,rectificatif,SPL 30,30035,Nîmes cedex 01,,"['Ascenseur', 'Electricité (travaux)', 'Gros oeuvre', 'Menuiserie', 'Voirie et réseaux divers']","[17, 105, 144, 222, 366]",non,non
20-49890,2020-04-07,2020-06-01,['30'],"prestations de révision et d'entretien des véhicules du parc automobile de nîmes métropole, fourniture d'équipements et de consommables pour ces véhicules (rectificatif)",fns,cmp2006,appeloffre,rectificatif,CA Nîmes Métropole,30947,Nîmes Cedex 9,,"['Maintenance', 'Prestations de services']","[196, 274]",non,non
20-49979,2020-04-07,2020-07-05,['31'],Marché d'Infogérance des Infrastructures Informatiques de Tisséo Ingénierie,mapa,cmp2006,attribution,initial,SOC DE LA MOBILITE DE AGGL TOULOUSAINE,31004,TOULOUSE,,['Informatique (prestations de services)'],[163],non,non
20-32539,2020-04-07,2020-05-12,"['31', '82']","coordination sécurité protection de la santé pour création de nouveaux locaux, cdi professeurs salle polyvalente et autres travaux au lycée antoine bourdelle à montauban (opération no 50217)",mapa,cmp2006,appeloffre,initial,S.P.L Midi-Pyrénées Construction,31086,Toulouse cedex 2,,['Prestations de services'],[274],non,non
20-46260,2020-04-07,2020-05-22,"['31', '65']","travaux pour la réfection du bâtiment internat, l'accessibilité et la laverie au lycée sixte-vignon à aureilhan (opération no 50182).",mapa,cmp2006,appeloffre,initial,S.P.L Midi-Pyrénées Construction,31086,Toulouse,,"['Ascenseur', 'Bâtiment', ""Tous corps d'état""]","[17, 33, 345]",non,non
20-49868,2020-04-07,2020-05-05,['31'],Réfection des toitures terrasses avec et sans isolant du toit terrasse du groupe scolaire maternelle Christian Blanc,fns,cmp2006,appeloffre,initial,COMMUNE DE CUGNAUX,31270,Cugnaux,,"[""Tous corps d'état""]",[345],non,non
20-50061,2020-04-07,2020-05-06,['31'],19M297PA - TRAVAUX D'AMENAGEMENT D'INFRASTRUCTURES POUR LA LIGNE DE BUS STRUCTURANTE 'CEINTURE SUD'-SA/LM,fns,cmp2006,appeloffre,initial,TOULOUSE METROPOLE,31505,Toulouse,,"['Voirie', 'Voirie et réseaux divers']","[365, 366]",non,non
20-49694,2020-04-07,2020-07-05,['31'],"19V101PA - AC-SM - EQUIPEMENTS AUDIOVISUELS DANS LE CADRE DE LA REHABILITATION DU CASTELET DE LA PRISON SAINT MICHEL : ÉTUDE, FOURNITURE, INSTALLATION, INTÉGRATION, FORMATION ET MAINTENANCE",fns,cmp2006,attribution,initial,COMMUNE DE TOULOUSE,31505,Toulouse,"[('2020-03-02', 'AVANTAGES VIDEO', (72757.95, 'EUR'), None)]",['Equipements spécialisés'],[115],non,non
20-50056,2020-04-07,2020-07-05,['31'],19V200PA-MSA-NF-Travaux d'amélioration de l'éclairage du stade Gonin à Montaudran,fns,cmp2006,attribution,initial,COMMUNE DE TOULOUSE,31505,Toulouse,,['Eclairage public'],[102],non,non
20-49573,2020-04-07,2020-04-15,['79'],Saint-Maixent ENSOA bois Busseau Réhabilitation de la butte de tir du stand PFL,mapa,cmp2006,appeloffre,initial,MINDEF/SGA/DCSID/ESID Bordeaux,33068,Bordeaux cedex,,['Terrassement'],[341],non,non
20-49790,2020-04-07,2020-04-30,['33'],Préparation et le transfert de sédiments de dragage depuis trois sites de stockage jusqu'au site de valorisation de FERTI 33 à Audenge,mapa,cmp2006,appeloffre,initial,SYND INTERCOM DU BASSIN D ARCACHON,33120,Arcachon,,"['Terrassement', 'Transport']","[341, 347]",non,non
20-28533,2020-04-07,2020-06-18,['33'],Acquisition de stations de travail hautes performances et d'écrans pour la simulation numérique,fns,cmp2006DEFENSE,appeloffre,initial,MINARM/DGA/DO/S2A,33166,Saint-Médard-en-Jalles,,['Informatique (matériel)'],[162],non,non
20-49642,2020-04-07,2020-06-06,['33'],"Fourniture, maintenance et entretien des moyens de secours (extincteurs, désenfumage, système de sécurité incendie...)",mapa,cmp2006,appeloffre,initial,COMMUNE D'EYSINES,33327,EYSINES CEDEX,,"[""Matériel de secours et d'incendie""]",[217],non,non
20-48428,2020-04-07,2020-05-07,['33'],"travaux de désamiantage, de déplombage et de démolition nécessaires à la construction du bâtiment pôle de vie de campus sur le site de carreire pour l'université de bordeaux",fns,cmp2006,appeloffre,initial,Université de Bordeaux,33405,Talence,,"['Démolition', 'Amiante (désamiantage)']","[87, 479]",non,non
20-49653,2020-04-07,2020-06-07,"['33', '16', '17', '19', '24', '40', '47', '64']",Le présent marché concerne la production de vidéos 360° sur l environnement viticole et ses métiers et la fourniture de casques de réalité virtuelle.,fns,cmp2006,appeloffre,initial,AROFE,33600,Pessac,,"['Vidéo, cinéma']",[362],non,non
20-49816,2020-04-07,2020-04-30,['33'],Numéro de la consultation : 2020MG05 PRESTATIONS DE CONTROLE ET DE SECURITE DES SITES DU SMICVAL DU LIBOURNAIS HAUTE - GIRONDE,fns,cmp2006,appeloffre,initial,SYND MIXTE INTERCOMMUNAL COLLECTE VALO,33910,Saint Denis de Pile,,"['Gardiennage', 'Matériel de sécurité']","[138, 209]",non,non
20-50007,2020-04-07,2020-06-05,['33'],Travaux neufs et réfection de VRD,fns,cmp2006,appeloffre,initial,SYND MIXTE DES PORTS DU BSN D ARCACHON,33980,AUDENGE,,['Voirie'],[365],non,non
20-49881,2020-04-07,2020-06-08,['34'],CONSTRUCTION D'UN DISPOSITIF EXPERIMENTAL AGRIVOLTAIQUE DYNAMIQUE POUR LE MARAICHAGE SOUS ABRI,fns,cmp2006,attribution,initial,INRA de Montpellier,34060,Montpellier cedex 2,,['Serre'],[469],non,non
20-49976,2020-04-07,2020-05-07,['34'],"Réalisation de levés topographiques et parcellaires, sur le territoire du département de l'Hérault",fns,cmp2006,appeloffre,rectificatif,Conseil départemental de l'Hérault,34087,MONTPELLIER,,['Topographie'],[344],non,non
20-49959,2020-04-07,2020-05-20,"['30', '34', '11', '66']",Marché de travaux de rénovation de l'Urssaf Languedoc Roussillon - site de Nîmes,fns,cmp2006,appeloffre,initial,URSSAF de l'HERAULT,34937,Montpellier,,"[""Tous corps d'état""]",[345],non,non
20-49893,2020-04-07,2020-05-16,['30'],RESTRUCTURATION ET EXTENSION - Travaux préparatoires VRD Relance suite à déclaration sans suite.,fns,cmp2006,appeloffre,initial,LANGUEDOC ROUSSILLON AMENAGEMENT,34961,Montpellier,,['Voirie et réseaux divers'],[366],non,non
20-49625,2020-04-07,2020-04-26,['35'],"Maintenance des installations de contrôle d'accès, de vidéoprotection, de détection intrusion et d'interphonie",fns,cmp2006,appeloffre,rectificatif,CTRE HOSPITALIER UNIVERS PONTCHAILLOU,35033,Rennes cedex 9,,['Maintenance'],[196],non,non
20-49957,2020-04-07,2020-04-26,['35'],"Maintenance des installations de contrôle d'accès, de vidéoprotection, de détection intrusion et d'interphonie",fns,cmp2006,appeloffre,rectificatif,CTRE HOSPITALIER UNIVERS PONTCHAILLOU,35033,Rennes cedex 9,,['Maintenance'],[196],non,non
20-49747,2020-04-07,2020-06-07,['36'],location longue duree vehicules de transports pour le ght 36,fns,cmp2006,attribution,initial,CH de Châteauroux,36019,Châteauroux,,['Véhicules (location)'],[474],non,non
20-49870,2020-04-07,2020-05-29,['37'],Réalisation de travaux pour la mise en sécurité des châssis coulissants du Bâtiment L du pôle immobilier Grandmont de l'Université de Tours.,fns,cmp2006,appeloffre,rectificatif,Université François Rabelais de Tours,37020,Tours cedex 1,,['Menuiserie'],[222],non,non
20-49676,2020-04-07,2020-05-20,['38'],Numéro de la consultation : A20DM-FS006 Mission de conseil et d'expertise comptable et financière - Aéroport de Grenoble-Alpes-Isère,fns,cmp2006,appeloffre,initial,DEPARTEMENT DE L ISERE,38022,Grenoble,,['Audit'],[21],non,non
20-50036,2020-04-07,2020-05-12,['38'],Réalisation d'un diagnostic ressources pour la construction du futur siège metropolitain de Grenoble,mapa,cmp2006,appeloffre,initial,GRENOBLE-ALPES METROPOLE,38031,GRENOBLE,,['Etude'],[118],non,non
20-49915,2020-04-07,2020-05-04,['38'],LOCATION ET MAINTENANCE DE COPIEURS MULTIFONCTIONS ET IMPRIMANTES,fns,cmp2006,appeloffre,initial,VILLE D'ECHIROLLES,38433,ECHIROLLES,,"[""Matériel d'imprimerie""]",[211],non,non
20-49543,2020-04-07,2020-05-11,['38'],fourniture de véhicules hors d'usage (vhu) pour les actions de formation et prestations associées,fns,cmp2006,attribution,initial,SDIS de l'Isère,38600,Fontaine,,['Véhicules (acquisition)'],[475],non,non
20-49545,2020-04-07,2020-05-11,['38'],vérification des équipements de maintien de l'aptitude physique du sdis de l'isère,mapa,cmp2006,attribution,initial,SDIS de l'Isère,38600,Fontaine,[],['Prestations de services'],[274],non,non
20-49544,2020-04-07,2020-05-11,['38'],clôture de la parcelle et installation d'un portail motorisé - caserne de saint-martin-d'hères,mapa,cmp2006,attribution,initial,SDIS de l'Isère,38600,Fontaine,,"['Clôture', 'Porte automatique, portail']","[64, 412]",non,non
20-49649,2020-04-07,2020-06-06,['38'],Création d'une maison de santé pluridisciplinaire (MSP),fns,cmp2006,appeloffre,rectificatif,COMMUNE D HUEZ,38750,ALPE D'HUEZ,,['Terrassement'],[341],non,non
20-40462,2020-04-07,2020-04-30,['40'],Gardiennage pour la 32ème édition du festival Arte Flamenco de Mont-de-Marsan (rectificatif),mapa,cmp2006,appeloffre,rectificatif,Conseil Général des Landes,40025,Mont-de-Marsan Cedex,,['Prestations de services'],[274],non,non
20-45055,2020-04-07,2020-05-07,['40'],concession d'aménagement à vocation d'habitat pour la réalisation d'un lotissement d'habitation sur la commune de labatut (40300).,dsp,dsp,appeloffre,initial,Commune de Labatut,40300,LABATUT,,"[""Ouvrage d'infrastructure"", 'Voirie et réseaux divers']","[253, 366]",non,non
20-49910,2020-04-07,2020-05-05,['41'],RD956 - Vineuil - Remise à niveau d'ouvrages d'art - Pont sur le Cosson (RD956022),fns,cmp2006,appeloffre,initial,CONSEIL DEPARTEMENTAL DE LOIR-ET-CHER,41020,Blois,,"[""Ouvrage d'art""]",[252],non,non
20-49928,2020-04-07,2020-06-02,['42'],"Fourniture et gestion d'abonnements à des journaux, revues et périodiques d'information générale et spécialisée en version papier pour les Médiathèques de Roannais Agglomération",mapa,cmp2006,appeloffre,initial,Roannais Agglomération,42311,ROANNE,,['Abonnement'],[2],non,non
20-49900,2020-04-07,2020-05-06,['43'],avis de publicité préalable suite à une manifestation d'intérêt spontanée pour l'occupation du golf du puy en velay,divers,autre,appeloffre,initial,COMMUNAUTE D AGL DU PUY EN VELAY,43003,Le Puy en Velay,,['Prestations de services'],[274],non,non
20-49611,2020-04-07,2020-05-31,['43'],Réfection des voies communales - Programme 2020,fns,cmp2006,appeloffre,initial,Commune de Monistrol sur Loire,43120,MONISTROL SUR LOIRE,,['Voirie'],[365],non,non
20-49673,2020-04-07,2020-05-11,['44'],Entretien et maintenance des équipements professionnels de restauration du SDIS 44,fns,cmp2006,appeloffre,initial,SDIS 44,44243,La chapelle sur erdre,,['Maintenance'],[196],non,non
20-49592,2020-04-07,2020-05-29,['44'],"Travaux courants d'aménagements et d'entretien de voiries et réseaux, de signalisation horizontale et verticale et de balayage de voiries d'intérêt communautaire",fns,cmp2006,appeloffre,initial,Comcom Estuaire et Sillon,44260,SAVENAY,,"['Matériaux routiers', 'Mobilier urbain', 'Nettoyage urbain', 'Peinture (travaux)', 'Signalisation', 'Signalétique', 'Terrassement', 'Voirie', 'Voirie et réseaux divers']","[199, 231, 240, 264, 322, 333, 341, 365, 366]",non,non
20-49721,2020-04-07,2020-05-07,['44'],Aménagement des bureaux du CESIR au Restaurant Universitaire Le Tertre à Nantes,fns,cmp2006,attribution,initial,CROUS de Nantes,44322,Nantes cedex 3,,"['Cloison, faux plafond', 'Démolition']","[63, 87]",non,non
20-49974,2020-04-07,2020-05-27,['45'],"Accord-cadre pour les travaux de diagnostic, d'entretien, de réparation et de rénovation des rails du train du Parc Floral de la Source",fns,cmp2006,appeloffre,rectificatif,Orléans Métropole,45058,Orléans,,['Voies ferrées'],[364],non,non
20-49684,2020-04-07,2020-05-28,['45'],Travaux d'assainissement-Construction d'un réseau gravitaire-Rue de la Roche / Chemin de HalageCommunes de Saint-Jean-de-la-Ruelle & de La Chapelle-Saint-Mesmin,fns,cmp2006,appeloffre,rectificatif,Orléans Métropole,45058,Orléans,,"['Assainissement', 'Canalisations']","[18, 48]",oui,non
20-49697,2020-04-07,2020-07-05,['46'],RD 840 Giratoire du Couquet,fns,cmp2006,attribution,initial,DEPARTEMENT DU LOT,46005,CAHORS,"[('2020-03-11', 'GREGORY', (923452.9, 'EUR'), None)]",['Voirie et réseaux divers'],[366],non,non
20-49838,2020-04-07,2020-05-12,"['47', '24', '33', '31', '82']",Prestation appui technique pêche électrique et suivi en dévalaison poissons migrateurs,fns,cmp2006,appeloffre,initial,ASSOCIATION MIGADO,47520,Le passage,,['Prestations de services'],[274],non,non
20-49609,2020-04-07,2020-05-04,['49'],"travaux de réalisation d'un éclairage led 250 lux (niveau e4- fff), stade de salpinte à angers (rectificatif)",fns,cmp2006,appeloffre,rectificatif,Ville d'Angers,49020,Angers Cedex 02,,['Electricité (travaux)'],[105],non,non
20-49864,2020-04-07,2020-04-27,"['49', '44', '53', '72']",Remplacement du sol sportif des gymnases Jean Moulin et André Bertin 1,fns,cmp2006,appeloffre,initial,Ville d'Angers,49020,ANGERS,,"['Revêtements de sols', 'Terrain de sport']","[308, 342]",non,non
20-49993,2020-04-07,2020-05-20,['49'],Travaux d'aménagement du parc de l'Europe,fns,cmp2006,appeloffre,initial,Saint Barthélemy d'Anjou,49180,Saint Barthélemy d'Anjou cedex,,"['Assainissement', 'Clôture', 'Eclairage public', 'Espaces verts', 'Maçonnerie', 'Mobilier urbain', 'Réseaux divers', 'Sanitaire', 'Signalétique', 'Terrassement', ""Tous corps d'état"", 'Végétaux', 'Voirie et réseaux divers']","[18, 64, 102, 116, 195, 231, 306, 319, 333, 341, 345, 358, 366]",oui,non
20-49901,2020-04-07,2020-05-06,['49'],Réalisation d'une étude sur les besoins en matière de logement et d'hébergement des jeunes.,mapa,cmp2006,attribution,initial,MAUGES COMMUNAUTE,49602,Beaupréau-en-Mauges Cedex,,['Etude'],[118],non,non
20-49712,2020-04-07,2020-06-30,['49'],Diagnostics amiante et plomb avant travaux,fns,cmp2006,appeloffre,initial,CAISSE PRIMAIRE ASSUR MALADIE MAINE LO,49937,Angers cedex 9,,['Amiante (diagnostic)'],[431],non,non
20-49874,2020-04-07,2020-05-05,['49'],Travaux de mise à niveau de la chaufferie du collège Auguste et Jean Renoir à Angers,fns,cmp2006,appeloffre,initial,Département de Maine-et-Loire,49941,Angers cedex 9,,"['Bâtiment', 'Chauffage (travaux)']","[33, 61]",non,non
20-49628,2020-04-07,2020-05-25,['50'],Acquisition de certificats de signatures électroniques avancées RGS** / EIDAS,fns,cmp2006,appeloffre,initial,Syndicat Mixte Manche Numérique,50000,Saint LO,,['Informatique (matériel)'],[162],non,non
20-49906,2020-04-07,2020-05-29,['51'],Maîtrise d'oeuvre pour la réhabilitation des stations d'épuration de Jalons et Mourmelon le Petit,fns,cmp2006,appeloffre,initial,CA DE CHALONS EN CHAMPAGNE,51000,CHÂLONS-EN-CHAMPAGNE,,"[""Maîtrise d'oeuvre"", 'Prestations de services']","[197, 274]",non,non
20-49899,2020-04-07,2020-04-22,['52'],Levé topographique préalable à la réalisation de travaux d'assainissement-.,mapa,cmp2006,appeloffre,initial,SIALC,52360,NEUILLY-L'EVEQUE,,"['Assainissement', 'Prestations de services']","[18, 274]",non,non
20-49983,2020-04-07,2020-07-05,['53'],Mise en oeuvre du dispositif des chéquiers Jeunes 3ème,fns,cmp2006,attribution,initial,DEPARTEMENT DE LA MAYENNE,53014,LAVAL,[],"['Impression', 'Informatique (prestations de services)']","[160, 163]",non,non
20-49306,2020-04-07,2020-05-25,['54'],réhabilitation de la piscine- jean marie feve-rue emile gridel-54120 baccarat - phase 1- lot 2 charpente metallique,fns,cmp2006,appeloffre,initial,C.C.T.L.B.,54300,Lunéville,,['Charpente'],[57],non,non
20-49555,2020-04-07,2020-05-07,['54'],"gardiennage des bâtiments communaux par télésurveillance, rondes et interventions en cas d'effraction",fns,cmp2006,appeloffre,initial,Ville de vandoeuvre,54500,Vandoeuvre,,"['Gardiennage', 'Télésurveillance']","[138, 415]",non,non
20-50027,2020-04-07,2020-05-11,['55'],Acquisition d'un minibus neuf au profit de la Communauté de Communes des Portes de Meuse,mapa,cmp2006,appeloffre,initial,CC des Portes De Meuse,55290,MONTIERS-SUR-SAULX,,['Véhicules (acquisition)'],[475],non,non
20-49840,2020-04-07,2020-05-12,['56'],Halles SAFIRE : Rénovation des radiants gaz et d'un système de chauffage à eau chaude - Relance du lot 2 déclaré sans suite lors de la consultation initiale,fns,cmp2006,appeloffre,initial,Pontivy Communauté,56303,Pontivy cedex,,['Charpente'],[57],non,non
20-49813,2020-04-07,2020-05-05,['56'],Programme eau potable 2020 - Gâvres Locmiquélic,fns,cmp2006,appeloffre,rectificatif,Lorient Agglomération,56314,Lorient cedex,,['Assainissement'],[18],non,non
20-49982,2020-04-07,2020-07-05,['57'],Equipement atelier mécanique CTLD,fns,cmp2006,attribution,initial,SCE DEPARTEMENTAL INCENDIE ET SECOURS,57072,METZ,"[('2020-03-17', 'TPA', (47670, 'EUR'), None), ('2020-03-30', 'TPA', (14630, 'EUR'), None), ('2020-03-27', 'Provac', (5842, 'EUR'), None), ('2020-03-30', 'TPA', (11000, 'EUR'), None)]",['Equipements spécialisés'],[115],non,non
20-49891,2020-04-07,2020-06-08,['57'],Fourniture et installation de panneaux de signalisation verticale pour la période septembre 2020 - août 2024,fns,cmp2006,appeloffre,initial,Cté de Communes Rives de Moselle,57280,Maizières-lès-metz,,"['Signalisation', 'Signalétique']","[322, 333]",non,non
20-49572,2020-04-07,2020-05-25,['57'],Conception et livraison de repas en liaison froide et prestation hotelière,fns,cmp2006,appeloffre,annulation,COMMUNAUTE AGGLO PORTES DE FRANCE,57970,Yutz,,['Restauration collective'],[66],non,non
20-49839,2020-04-07,2020-04-15,['58'],maintenance des groupes électrogènes pour le compte des centres hospitaliers du ght de la nièvre,mapa,cmp2006,attribution,initial,Centre Hospitalier de Nevers,58033,Nevers cedex,,['Maintenance'],[196],non,non
20-49808,2020-04-07,2020-04-21,"['59', '62', '80', '60', '2']",Travaux d'amélioration des systèmes de chauffage et de ventilationRéhabilitation du centre d'hébergement des apprentis à BOVES,fns,cmp2006,appeloffre,annulation,CMAR Hauts de France,59011,Lille cedex,,['Chauffage (travaux)'],[61],non,non
20-49771,2020-04-07,2020-06-10,['59'],"Soins de développements des prématurés niveau 1, programme néonatal individualisé d'évaluation et de soutien au développement (NIDCAP) et aux compétences pratiques en soins de développement centr",fns,cmp2006,attribution,initial,CHU DE LILLE,59037,Lille cedex,[],['Formation'],[410],non,non
20-49857,2020-04-07,2020-05-29,['59'],Numéro de la consultation : 2020M5 Travaux de réfection de voirie,fns,cmp2006,appeloffre,rectificatif,Communauté de Communes FLANDRE LYS,59253,La Gorgue,,['Voirie'],[365],non,non
20-49735,2020-04-07,2020-06-06,['59'],Marché d'assurances Dommage Ouvrage pour l'extension et la rénovation du DOJO de Wasquehal,fns,cmp2006,appeloffre,initial,Ville de Wasquehal,59290,Wasquehal,,['Assurance'],[20],non,non
20-49557,2020-04-07,2020-05-07,['59'],"mapa 2020-2035 système lecture automatisée des antibiogrammes en diffusion la fourniture, livraison, mise en service, formation, maintenance",fns,cmp2006,attribution,initial,Centre hospitalier de Valenciennes,59322,Valenciennes,,['Laboratoire (matériel)'],[188],non,non
20-49962,2020-04-07,2020-05-06,['59'],REMPLACEMENT DES MENUISERIES EXTÉRIEURES DE L' HOTEL DE VILLE,fns,cmp2006,appeloffre,initial,Commune de La Bassée,59480,La bassee,,['Menuiserie'],[222],non,non
20-49963,2020-04-07,2020-05-11,['59'],aménagement du pôle d'échange gare de phalempin (59133),fns,cmp2006,appeloffre,initial,Communauté Communes Pévèle Carembault,59710,Pont-à-Marcq,,"['Eclairage public', 'Espaces verts', 'Mobilier urbain', 'Terrassement', 'Voirie et réseaux divers']","[102, 116, 231, 341, 366]",non,non
20-49567,2020-04-07,2020-05-05,['59'],Prestations de transport de personnes avec chauffeurs,fns,cmp2006,appeloffre,initial,Ville de Lesquin,59810,Lesquin,,['Transport'],[347],non,non
20-49796,2020-04-07,2020-06-22,"['59', '62']",Mission de maitrise d'oeuvre pour la réfection des toitures terrasses du site de Lille de la CPAM Lille Douai,fns,cmp2006,appeloffre,rectificatif,CPAM LILLE-DOUAI,59895,Lille cedex 9,,['Prestations de services'],[274],non,non
20-49702,2020-04-07,2020-06-07,"['60', '75', '80', '59', '62']",Travaux d'entretien du patrimoine d'éclairage public de la commune,fns,cmp2006,appeloffre,initial,COMMUNE DE LAMORLAYE,60260,Lamorlaye,,['Eclairage public'],[102],non,oui
20-50058,2020-04-07,2020-05-15,['62'],Elaboration du plan de gestion de la sécurité sanitaire des eaux de la CA2BM,fns,cmp2006,appeloffre,initial,CA DES DEUX BAIES EN MONTREUILLOIS,62170,MONTREUIL SUR MER,,"['Alimentation en eau potable', 'Prestations de services', 'Réseaux divers', 'Station de pompage']","[6, 274, 306, 326]",non,non
20-49819,2020-04-07,2020-07-05,['62'],Numéro de la consultation : 19PA5961 TRAVAUX DE REHABILITATION DE LA VOIRIE ET DES RESEAUX ZA PARC A STOCK A LIBERCOURT,fns,cmp2006,attribution,initial,COMMUNAUTE D AGL D HENIN CARVIN,62253,HENIN BEAUMONT CEDEX,"[('2020-01-22', 'EUROVIA PAS DE CALAIS', (766846.2, 'EUR'), None), ('2020-01-22', 'EIFFAGE ENERGIE SYSTEMES - INFRA NORD', (92112.55, 'EUR'), None), ('2020-03-04', 'CITEVERT', (50991, 'EUR'), None)]",['Assainissement'],[18],oui,non
20-49727,2020-04-07,2020-05-06,['62'],Déploiement d'un dispositif de communication mobilisant les communes et EPCI du SYMSAGEL,mapa,cmp2006,appeloffre,initial,SYMSAGEL,62290,NOEUX LES MINES,,"['Publicité, Communication']",[285],non,non
20-49756,2020-04-07,2020-05-25,['62'],"Balayage, désherbage et nettoyage des voiries",fns,cmp2006,appeloffre,initial,COMMUNE DE HARNES,62440,Harnes,,['Nettoyage urbain'],[240],non,non
20-49681,2020-04-07,2020-05-11,['62'],Réalisation des études de sol et de préconisation de filières préalablement à la mise en oeuvre d'un programme coordonné de travaux de réhabilitation d'ANC sur le territoire de l'interc,mapa,cmp2006,appeloffre,initial,Communauté de Communes du Sud-Artois,62452,Bapaume cedex,,"['Assainissement', 'Etude']","[18, 118]",non,non
20-49975,2020-04-07,2020-05-25,['63'],TRAVAUX D' AMENAGEMENT DE L'ESPACE PALEONTOLOGIQUE AU MUSEE LECOQ,fns,cmp2006,appeloffre,rectificatif,Clermont Auvergne Métropole,63007,CLERMONT-FERRAND,,"['Impression', 'Mobilier', ""Oeuvre d'art"", 'Peinture (travaux)']","[160, 230, 247, 264]",non,non
20-49862,2020-04-07,2020-07-05,['64'],"Collecte et valorisation des textiles usagés, linges de maison, chaussures, petite maroquinerie et mise à disposition de bornes de collecte sur le territoire la Communauté d'Agglomération Pau Béa",fns,cmp2006,attribution,initial,CA PAU BEARN PYRENEES,64000,PAU CEDEX,,['Collecte sélective'],[82],non,non
20-49863,2020-04-07,2020-07-05,['64'],Travaux de marquage routier,fns,cmp2006,attribution,initial,CA PAU BEARN PYRENEES,64000,PAU CEDEX,"[('2020-03-30', 'SIGNATURE', (1409089, 'EUR'), None)]",['Voirie'],[365],non,non
20-49991,2020-04-07,2020-05-14,['64'],Prestation de garde de nuit dans les Résidences Autonomie Beth Ceü et Margalide,fns,cmp2006,appeloffre,initial,Centre Communal d'Action Sociale,64000,Pau,,['Gardiennage'],[138],non,non
20-49914,2020-04-07,2020-06-22,['64'],"Acquisition de vêtements de travail, d'équipements de protection individuelle et divers",fns,cmp2006,appeloffre,initial,VALOR BEARN - SMTD,64010,PAU,,['Habillement'],[150],non,non
20-49376,2020-04-07,2020-06-16,['64'],consultation 07-2020:'fourniture de pain et de viennoiseries'1 lot,mapa,cmp2006,appeloffre,initial,HOPITAL MARIN DE HENDAYE,64701,Hendaye cedex,,['Denrées alimentaires'],[88],non,oui
20-49715,2020-04-07,2020-05-07,['65'],Fourniture de bennes pour le nouveau pôle de recyclage à Ibos,mapa,cmp2006,appeloffre,initial,SYNDICAT MIXTE DE COLLECTE DES DECHETS,65460,BOURS,,['Benne'],[34],non,non
20-49632,2020-04-07,2020-04-27,['66'],CREATION D'UNE STRUCTURE ARTIFICIELLE D'ESCALADE DANS LE GYMNASE DU COLLEGE CERDANYA A BOURG MADAME,mapa,cmp2006,appeloffre,rectificatif,DEPARTEMENT DES PYRENEES-ORIENTALES,66906,PERPIGNAN,,"['Bois', 'Equipement sportif']","[38, 113]",non,non
20-49943,2020-04-07,2020-05-19,"['67', '68', '57']",Travaux de dragages à l'amont et à l'aval des écluses à Gambsheim,fns,cmp2006,appeloffre,rectificatif,Voies navigables de France,67010,Strasbourg cedex,,['Dragage'],[93],non,non
20-49996,2020-04-07,2020-05-04,['67'],Ouvrage de soutènement du talus du tramway du Pont André Bord au droit du lot Citadelle 4. La réalisation de l'ouvrage de soutènement au droit du lot Citadelle 4 participe au développement du pro,fns,cmp2006,appeloffre,initial,Société Publique Locale Deux-Rives,67016,Strasbourg cedex,,"[""Ouvrage d'infrastructure""]",[253],non,non
20-49472,2020-04-07,2020-05-05,['67'],Prestations de réparation et d'acquisition d'appareils électroménagers en réemploi (rectificatif),fns,cmp2006,appeloffre,rectificatif,Eurométropole de Strasbourg,67076,STRASBOURG CEDEX,,['Electroménager'],[108],non,non
20-50002,2020-04-07,2020-05-27,"['57', '54']",Marché de remplacement de chaudières individuelles sur la commune de Nancy et de remplacement de chauffe-bains sur la commune de Metz,fns,cmp2006,appeloffre,initial,IN'LI GRAND EST,67084,Strasbourg cedex,,['Chauffage (travaux)'],[61],non,non
20-50030,2020-04-07,2020-05-20,['67'],Mission de programmation pour le regroupement des crèches de l'Hôpital Civil.,fns,cmp2006,appeloffre,initial,HOPITAUX UNIVERSITAIRES DE STRASBOURG,67091,Strasbourg cedex,,['Assistance technique'],[19],non,non
20-49966,2020-04-07,2020-07-05,['67'],Le marché public concerne des travaux à réaliser pour la mise en oeuvre d'un dispositif d'alerte individuel portatif géolocalisable pour le personnel des urgences du Nouvel Hôpital Civil ain,fns,cmp2006,appeloffre,initial,HOPITAUX UNIVERSITAIRES DE STRASBOURG,67091,Strasbourg cedex,,['Electricité (travaux)'],[105],non,non
20-49888,2020-04-07,2020-05-07,['67'],Réalisation d'une étude territoriale transports / mobilités et analyse relative à la compétence Autorité Organisatrice des Mobilités,mapa,cmp2006,appeloffre,initial,Cnté de Communes du Canton d'Erstein,67230,BENFELD,,"['Etude', ""Assistance à maîtrise d'ouvrage""]","[118, 433]",non,non
20-49803,2020-04-07,2020-04-27,['67'],Le marché concerne l'accompagnement à la transformation managériale et au pilotage des activités du Centre de Traitement Informatique Strasbourg.,mapa,cmp2006,appeloffre,rectificatif,CTI Grand Est,67405,Illkirch fraffenstaden cedex,,['Formation'],[410],non,non
20-44035,2020-04-07,2020-05-19,['67'],Travaux de mise en place d'une isolation thermique extérieure et rénovation de l'étanchéité au collège d'Ingwiller - relance du lot 05 : isolation thermique extérieure.,fns,cmp2006,appeloffre,initial,DEPARTEMENT DU BAS RHIN,67964,Strasbourg Cedex 9,,['Isolation'],[169],oui,non
20-49563,2020-04-07,2020-05-11,['67'],Rénovation de la cuisine au collège de soultz-sous-forets,fns,cmp2006,attribution,initial,DEPARTEMENT DU BAS RHIN,67964,Strasbourg Cedex 9,,"['Cuisine (équipement)', 'Démolition', 'Peinture (travaux)', 'Plâtrerie', 'Revêtements de sols']","[77, 87, 264, 269, 308]",non,non
20-49936,2020-04-07,2020-04-27,['68'],Travaux pour la construction d'un foyer d'accueil spécialisé de 44 lits à Colmar sur le site du CDRS (rectificatif),fns,cmp2006,appeloffre,rectificatif,Ctre Départemental Repos et Soins,68020,Colmar cedex,,"['Bâtiment', 'Carrelage', 'Charpente', 'Chauffage (travaux)', 'Couverture', 'Echafaudage', 'Electricité (travaux)', 'Etanchéité', 'Gros oeuvre', 'Isolation', 'Menuiserie', 'Nettoyage de locaux', 'Peinture (travaux)', 'Plâtrerie', 'Plomberie (travaux)', 'Revêtements de sols', 'Serrurerie', 'Ventilation', 'Voirie et réseaux divers', 'Zinguerie']","[33, 53, 57, 61, 74, 101, 105, 117, 144, 169, 222, 239, 264, 269, 270, 308, 321, 360, 366, 372]",non,non
20-49780,2020-04-07,2020-05-04,['68'],Fourniture de consommables et accessoires non stériles liés à l'électrochirurgie,fns,cmp2006,appeloffre,rectificatif,Hopitaux Civils de Colmar,68024,Colmar,,['Consommables médicaux'],[69],non,non
20-49622,2020-04-07,2020-05-14,"['74', '69']",Prestation de maitrise d'oeuvre pour l'opération de travaux d'extension du site EFS de Metz-Tessy,fns,cmp2006,appeloffre,initial,Etablissement Français du Sang,69150,Décines-charpieu,,['Prestations de services'],[274],non,non
20-49307,2020-04-07,2020-05-07,['69'],zac lybertecentretiens des espaces verts,fns,cmp2006,appeloffre,initial,Syndicat Mixte LYBETEC,69220,Belleville-en-beaujolais,,"['Arrosage', 'Espaces verts']","[13, 116]",non,oui
20-49570,2020-04-07,2020-05-01,['83'],DGN - Fréjus (83) - DESTREMAU- Aménagement des accès piétons avec l'éclairage aux bungalows (ESID-20-029_030 / COSI: 447869),fns,cmp2006,appeloffre,rectificatif,DRSID Lyon,69347,Lyon cedex 07,,['Terrassement'],[341],non,non
20-49716,2020-04-07,2020-05-07,['69'],Raccordement réseau câble SFR,fns,cmp2006,attribution,initial,SCE DEP METROPOLITAIN INCENDIE SECOURS,69421,LYON Cedex 03,"[('2020-04-03', 'SFR FIBRE SAS', (214000, 'EUR'), None)]",['Informatique (prestations de services)'],[163],non,non
20-49737,2020-04-07,2020-05-07,['69'],Contrôle périodique appareils de levage,fns,cmp2006,attribution,initial,SCE DEP METROPOLITAIN INCENDIE SECOURS,69421,LYON Cedex 03,"[('2020-03-30', 'APAVE SUDEUROPE', (180000, 'EUR'), None)]",['Contrôle technique'],[72],non,non
20-49945,2020-04-07,2020-06-26,"['69', '1', '42', '38', '26', '7', '71']",Diagnostic énergétique et étude de faisabilité du remplacement des menuiseries et mise en place d'isolation par l'extérieur du palais de justice de Villefranche-sur-Saône.,fns,cmp2006,appeloffre,initial,Are de Lyon,69432,Lyon cedex 03,,['Ingénierie'],[455],non,non
20-49854,2020-04-07,2020-05-25,['69'],Maitrise d'oeuvre pour la reconstruction de l'atelier du dépôt bus de Vaise suite à incendie,fns,cmp2006,appeloffre,initial,SYTRAL,69487,Lyon,,"[""Maîtrise d'oeuvre""]",[197],non,non
20-49693,2020-04-07,2020-07-05,['69'],Réalisation d'opérations de sensibilisation à la sécurité des déplacements des élèves sur les lignes du réseau des Cars du Rhône et du réseau TCL sur le territoire de la CCEL,fns,cmp2006,attribution,initial,SYTRAL,69487,Lyon,"[('2020-04-06', 'Kisio Services & Consulting', (1850889.17, 'EUR'), None)]",['Formation'],[410],non,non
20-49815,2020-04-07,2020-05-29,['69'],Construction d'une subdivision de la propreté à Grigny,fns,cmp2006,appeloffre,initial,METROPOLE DE LYON,69505,LYON,,['Bâtiment'],[33],non,non
20-49851,2020-04-07,2020-05-04,['69'],MAINTENANCE TABLEAUX NUMERIQUES INTERACTIFS (TNI) POUR LES ECOLES DE LA VILLE DE VAULX-EN-VELIN,fns,cmp2006,appeloffre,initial,COMMUNE DE VAULX EN VELIN,69518,Vaulx en Velin cedex,,"['Informatique (matériel)', 'Logiciel']","[162, 186]",non,oui
20-50012,2020-04-07,2020-06-02,['69'],Rue Ernest RENAN et boulevard GAMBETTA : aménagement de deux plateaux surélevés,fns,cmp2006,appeloffre,initial,Ville de Villefranche-sur-saône,69653,Villefranche-sur-Saône,,['Voirie'],[365],non,non
20-50010,2020-04-07,2020-05-12,['69'],INSTALLATION ET MAINTENANCE D'UN RESEAU DE RADIOCOMMUNICATION PRIVÉE POUR LA POLICE MUNICIPALE,mapa,cmp2006,appeloffre,initial,MAIRIE DE BRON,69671,BRON,,['Matériel de transmission'],[210],non,non
20-49973,2020-04-07,2020-05-18,['69'],Etude de programmation de l'espace Albert Camus 'Pôle en scènes',mapa,cmp2006,appeloffre,initial,COMMUNE DE BRON,69671,Bron,,['Etude'],[118],non,non
20-49956,2020-04-07,2020-05-04,"['71', '1', '21']",Fourniture de cartes accréditives pour carburant a la pompe,fns,cmp2006,appeloffre,initial,VILLE DE LOUHANS CHATEAURENAUD,71500,Louhans,,"['Carburant, hydrocarbure', 'Carte magnétique, carte à puce']","[52, 403]",non,non
20-49686,2020-04-07,2020-05-04,['72'],Fournitures de produits laitiers et d'ovoproduits pour le groupement de commande Arnage-Mulsanne-Yvré l'Evêque,fns,cmp2006,appeloffre,rectificatif,COMMUNE YVRE L'EVÊQUE,72530,YVRE L EVEQUE,,['Denrées alimentaires'],[88],non,non
20-49688,2020-04-07,2020-05-04,['72'],Fournitures de viandes fraiches et charcuteries pour le groupement de commande Arnage-Mulsanne-Yvré l'Evêque,fns,cmp2006,appeloffre,rectificatif,COMMUNE YVRE L'EVÊQUE,72530,YVRE L EVEQUE,,['Denrées alimentaires'],[88],non,non
20-49700,2020-04-07,2020-07-05,['73'],Numéro de la consultation : 2006 MAÎTRISE D'OEUVRE POUR LA RENOVATION DE LOCAUX EXISTANTS EN UN POLE FAMILLE ET UNE MAISON DE SERVICES AU PUBLIC,fns,cmp2006,attribution,initial,COMMUNE DE CHAMBERY,73011,Chambéry,"[('2020-04-01', ""Pour le groupement conjoint avec mandataire non solidaire constitué de LOUP & MENIGOZ (mandataire)_TEC LM(73000 CHAMBERY)_ETBA (73200 ALBERTVILLE)_BRIERE Bureau d'Etudes (74370 METZ TESSY)"", (98333, 'EUR'), None)]",['Ingénierie'],[455],non,non
20-49969,2020-04-07,2020-06-04,['73'],Rénovation des locaux du poste de contrôle du Tunnel du Fréjus plateforme France (PCCF),fns,cmp2006,appeloffre,initial,SOC FRANCAISE TUNNEL ROUTIER DE FREJUS,73500,MODANE,,"['Câblage', 'Climatisation', 'Cloison, faux plafond', 'Electricité (travaux)', 'Menuiserie']","[47, 62, 63, 105, 222]",non,non
20-49909,2020-04-07,2020-04-20,"['73', '38', '69', '74']","Numéro de la consultation : 20200022 Contrat d'entretien pour l'exploitation et la maintenance des installations techniques de VMC, de chauffage, d'électricité et de plomberie des bâtim",fns,cmp2006,appeloffre,initial,Ville de Méribel les Allues,73550,MERIBEL LES ALLUES,,"['Chauffage (exploitation, entretien)', 'Maintenance', 'Matériel électrique', 'Ventilation']","[59, 196, 203, 360]",non,non
20-49752,2020-04-07,2020-07-05,['73'],ASSURANCE,mapa,cmp2006,appeloffre,initial,SIAEP,73600,MOUTIERS,,['Assurance'],[20],non,non
20-49620,2020-04-07,2020-05-06,['73'],Travaux d'entretien et petits aménagements dans les bâtiments communaux,fns,cmp2006,appeloffre,initial,Commune de Montvalezan,73700,Montvalezan,,"['Bâtiment', 'Electricité (travaux)', 'Maçonnerie', 'Métallerie', 'Peinture (travaux)', 'Plomberie (travaux)', 'Vitrerie']","[33, 105, 195, 223, 264, 270, 363]",non,non
20-49850,2020-04-07,2020-05-06,['74'],"Exploitation des déchèteries d'Annecy, Annecy le Vieux, Chavanod, Cran Gevrier et Epagny Metz-Tessy - Collecte et traitement des déchets diffus spécifiques (DDS) hors périmètres Eco DDS",fns,cmp2006,appeloffre,initial,GRAND ANNECY,74007,ANNECY,,['Collecte sélective'],[82],non,non
20-49639,2020-04-07,2020-05-22,['74'],Travaux d'assainissement sur la commune de Thonon (74200): réhabilitation du réseau des Eaux Usées par chemisage continu sans tranchée,mapa,cmp2006,appeloffre,initial,THONON AGGLOMERATION,74207,THONON-LES-BAINS Cedex,,['Assainissement'],[18],non,non
20-49787,2020-04-07,2020-05-18,['74'],Préparation et livraison de repas en liaison froide pour les structures d'accueil petite enfance de Thonon Agglomération,fns,cmp2006,appeloffre,initial,THONON AGGLOMERATION,74207,THONON-LES-BAINS Cedex,,"['Restauration collective', 'Repas, traiteur']","[66, 304]",non,non
20-50047,2020-04-07,2020-05-04,['74'],Maîtrise d'oeuvre pour la construction d'une salle de motricité et d'une salle polyvalente au groupe scolaire des Ewües 2,mapa,cmp2006,appeloffre,initial,SOC D ECONOMIE MIXTE DE VILLE CLUSES,74302,CLUSES CEDEX,,"[""Maîtrise d'oeuvre""]",[197],non,non
20-49843,2020-04-07,2020-05-18,"['75', '91', '77', '92', '93', '94', '95']",Travaux de construction d'un bâtiment modulaire et d'une passerelle en prolongement du tribunal judiciaire de Bobigny (93),fns,cmp2006,appeloffre,initial,MINISTERE DE LA JUSTICE,75004,Paris,,['Bâtiments modulaires'],[27],oui,non
20-49810,2020-04-07,2020-05-22,['75'],location dun coffre automate pour la collecte des recettes de billetterie en espèces à lOpéra Garnier,fns,cmp2006,appeloffre,initial,Opéra national de Paris,75012,PARIS,,['Matériel de sécurité'],[209],non,non
20-49578,2020-04-07,2020-05-16,"['77', '75']",Travaux de réparation de la tête amont de l'écluse de Neuilly sur Marne.,fns,cmp2006,appeloffre,initial,Voies navigables de France,75013,Paris,,['Génie civil'],[141],non,non
20-49551,2020-04-07,2020-05-19,['75'],"Fabrication de mobiliers en acier, impression de panneaux et plan de signalétique ainsi que leur pose au sein du jardin botanique de Paris.",fns,cmp2006,appeloffre,rectificatif,Ville de Paris,75013,Paris,,['Panneaux'],[261],non,non
20-49607,2020-04-07,2020-06-07,['75'],"Transfert, enregistrement, renouvellement et surveillance des noms de domaines pour la Ville de Paris",fns,cmp2006,attribution,initial,Ville de Paris,75013,Paris,"[('2020-03-23', 'NAMESHIELD SAS', (163832, 'EUR'), None)]",['Assistance juridique'],[434],non,non
20-49597,2020-04-07,2020-06-16,['75'],"Travaux de restauration des éléments bâtis du square René-Le Gall situé 28, rue Croulebarbe- 75013 Paris- Relance du lot no1- Gros oeuvre, reprise en sous-oeuvre et second oeuvre",fns,cmp2006,appeloffre,initial,Ville de Paris,75013,Paris,,['Bâtiment'],[33],non,non
20-49809,2020-04-07,2020-05-15,"['75', '89']",Conception et animation d'une formation au métier de Soudeur SEMI AUTO à Auxerre,fns,cmp2006,appeloffre,initial,AKTO,75019,Paris,,['Formation'],[410],non,non
20-49719,2020-04-07,2020-06-25,"['75', '972']",Conception et animation d'une formation au métier de Maçon en Martinique,fns,cmp2006,appeloffre,initial,AKTO,75019,Paris,,['Formation'],[410],non,non
20-49617,2020-04-07,2020-06-08,['75'],Travaux de réhabilitation d'ouvrages non visitables du réseau d'assainissement de Paris en 2 lots séparés,fns,cmp2006,attribution,initial,Ville de Paris,75639,Paris cedex 13,"[('2020-04-06', 'SAS VALENTIN', (2600000, 'EUR'), None), ('2020-04-06', 'SAS VALENTIN', (2600000, 'EUR'), None)]",['Assainissement'],[18],non,non
20-49777,2020-04-07,2020-06-09,"['75', '92', '94', '93']",MISSION DE MAITRISE D'OEUVRE POUR LE REAMENAGEMENT PARTIEL ET LA SECURISATION DU MUSEE DE LA LEGION D'HONNEUR ET DES ORDRES DE CHEVALERIE,mapa,cmp2006,appeloffre,initial,Grande chancellerie Légion d'honneur,75700,Paris sp 07,,"[""Maîtrise d'oeuvre"", 'Monuments historiques']","[197, 236]",non,non
20-49537,2020-04-07,2020-04-28,['75'],Location d'un groupe de production d'eau glacée pour le bâtiment Hamburger de l'hôpital Universitaire Necker Enfants Malades du Groupe Hospitalier Universitaire de l'Assistance Pub,fns,cmp2006,appeloffre,initial,GHU AP-HP.CENTRE - UNIVERSITE DE PARIS,75908,Paris,,['Location (matériels)'],[185],non,non
20-49668,2020-04-07,2020-05-07,['76'],Construction d'un SAMU-SMUR pour le CHU de Rouen. Le présent avis concerne uniquement les LOTS N° 3 (étanchéité) et N° 4 (couverture).,fns,cmp2006,appeloffre,annulation,CHU-Hôpitaux de Rouen,76031,Rouen cedex,,"[""Tous corps d'état""]",[345],non,non
20-49926,2020-04-07,2020-07-04,['76'],"La présente consultation concerne des travaux de dépose, de destruction et de mise en oeuvre de matériels sur des équipements électriques Haute Tension et Basse Tension, situés sur le domaine portu..",fns,cmp2006,attribution,initial,GPMH au Havre,76067,Le havre cedex,"[('2020-03-31', 'DESORMEAUX', (538364.28, 'EUR'), None)]",['Electricité (travaux)'],[105],non,non
20-49371,2020-04-07,2020-04-30,['76'],conception scénographique et fabrication d'une exposition jeune public de culture scientifique sur le corps humain,mapa,cmp2006,appeloffre,initial,Science Action Normandie,76100,Rouen,,['Equipement muséographique'],[409],non,non
20-49759,2020-04-07,2020-05-29,['76'],Formation sur le thème 'Analyse des pratiques professionnelles à destination des intervenants sociaux',fns,cmp2006,appeloffre,initial,Département de Seine-Maritime,76101,ROUEN CEDEX,,['Formation'],[410],non,non
20-49728,2020-04-07,2020-05-11,['76'],Accord-cadre à bons de commande d'entretien de voiries et d'assainissement de la Ville d'Eu,fns,cmp2006,appeloffre,initial,COMMUNE D EU,76260,Eu,,['Voirie et réseaux divers'],[366],non,non
20-49692,2020-04-07,2020-07-05,['76'],Numéro de la consultation : 2020008 Travaux d'impression de divers documents,fns,cmp2006,attribution,initial,COMMUNE DE BARENTIN,76360,BARENTIN,"[('2019-12-02', 'BEMOGRAPHIC', (30000, 'EUR'), None), ('2019-12-02', 'CORLET IMPRIMEUR', (15000, 'EUR'), None)]",['Impression'],[160],non,non
20-49547,2020-04-07,2020-05-10,['76'],Achat et livraison de farines biologiques ou équivalents pour l'ESAT de l'IDEFHI,mapa,cmp2006,attribution,initial,IDEFHI,76380,Canteleu,[],['Denrées alimentaires'],[88],non,non
20-49696,2020-04-07,2020-07-05,['76'],Marché de service,fns,cmp2006,attribution,initial,COMMUNE DE SAINT AUBIN LES ELBEUF,76410,Saint-Aubin-lès-Elbeuf,"[('2020-03-17', 'SHEMA', (78750, 'EUR'), None)]","[""Assistance à maîtrise d'ouvrage""]",[433],non,non
20-49616,2020-04-07,2020-05-29,['77'],"Fourniture de produits d'entretien, d'hygiène et prestations annexes",fns,cmp2006,appeloffre,rectificatif,Ville de Dammarie-Lès-Lys,77190,Dammarie lès lys,,"[""Produits d'entretien""]",[278],non,non
20-50026,2020-04-07,2020-07-05,['77'],"PRESTATIONS D'ASSISTANCE, DE CONSEILS ET DE REPRESENTATIONS JURIDIQUES EN DROIT SOCIAL POUR LES BESOINS DE FONCTIONNEMENT DE L'UGAP",fns,cmp2006,appeloffre,initial,Union des Groupements d'Achats Publics,77444,Marne-la-vallée cedex 2,,['Assistance juridique'],[434],non,non
20-49564,2020-04-07,2020-06-11,"['78', '91', '92', '95']","Fourniture, livraison et installation de mobiliers dans le cadre de l'aménagement du restaurant universitaire de l'IUT de Ville d'Avray, restaurant géré par le Crous de Versailles (rectificatif)",mapa,cmp2006,appeloffre,rectificatif,CROUS de Versailles,78000,Versailles,,['Mobilier'],[230],non,non
20-49757,2020-04-07,2020-05-18,['78'],Fournitures et livraisons d'articles et équipements de sports pour divers services de la ville de Versailles,fns,cmp2006,appeloffre,initial,Ville de Versailles,78011,Versailles,,['Equipement sportif'],[113],non,oui
20-49705,2020-04-07,2020-04-20,['78'],Il s'agit de mettre à disposition du service de la restauration du CHI de Meulan-Les Mureaux des barquettes et films alimentaires à usage unique,fns,cmp2006,appeloffre,initial,CH INTERCOMMUNAL DE POISSY ST GERMAIN,78300,Poissy,,"['Restauration collective', 'Film plastique']","[66, 448]",non,oui
20-50050,2020-04-07,2020-06-15,"['78', '91']",ENTRETIEN DE CERTAINS ESPACES VERTS DE LA VILLE DE JOUY EN JOSAS (12 SITES COMMUNAUX),fns,cmp2006,appeloffre,initial,COMMUNE DE JOUY EN JOSAS,78350,Jouy-en-josas,,['Espaces verts'],[116],non,non
20-49680,2020-04-07,2020-05-22,['78'],Marché de Performance Énergétique,fns,cmp2006,appeloffre,initial,Ville de Chevreuse,78460,Chevreuse,,"['Eclairage public', 'Illumination']","[102, 170]",non,oui
20-49779,2020-04-07,2020-05-05,['78'],Service d'assistance au recrutement des cadres et des agents dirigeants,fns,cmp2006,appeloffre,initial,COMMUNE DE CONFLANS SAINTE HONORINE,78700,CONFLANS SAINTE HONORINE,,['Prestations de services'],[274],non,non
20-50004,2020-04-07,2020-04-20,['78'],"Fourniture de vaisselle, appareils électriques et matériels pour la restauration collective",fns,cmp2006,appeloffre,rectificatif,Ville de Houilles,78800,Houilles,,['Vaisselle'],[357],non,non
20-49710,2020-04-07,2020-06-15,['80'],réalisation de fouilles archéologiques préventives relatives au projet d'aménagement d'un parking situé rue montesquieu à amiens,fns,cmp2006,appeloffre,initial,Conseil Départemental de la Somme,80026,Amiens,,['Fouille archéologique'],[450],non,non
20-49828,2020-04-07,2020-09-07,"['80', '59', '60', '62', '2']",Placement et gestion d'un programme d'assurance pour les besoins de la Régie Communale de Montdidier,mapa,cmp2006,appeloffre,initial,Regie Communal de Montdidier,80500,Montdidier,,['Assurance'],[20],non,non
20-49745,2020-04-07,2020-05-15,"['80', '59', '62', '60', '2']",fournitures de colonnes de la collecte en apport volontaire de la collecte du verre,fns,cmp2006,appeloffre,initial,TRINOVAL,80640,Thieulloy l'abbaye,,"['Conteneur, poubelles']",[71],non,non
20-49550,2020-04-07,2020-07-05,['83'],"19MAP59 - ETUDE DE LA QUALITE DU MILIEU MARIN AU DROIT DU REJET DES STATIONS D'EPURATION AMPHITRIA, AMPHORA ET L'ALMANARRE CAMPAGNE 2020",fns,cmp2006,attribution,initial,Métropole Toulon Provence Méditerranée,83041,TOULON,,['Assainissement'],[18],non,non
20-49789,2020-04-07,2020-06-15,['83'],Fourniture et pose de caveaux,fns,cmp2006,appeloffre,initial,Ville de Grimaud,83316,GRIMAUD,,['Cimetière'],[437],non,non
20-49657,2020-04-07,2020-05-29,"['84', '13']",travaux d'entretien des ouvrages de défense incendie et du réseau de la colline saint-jacques,fns,cmp2006,appeloffre,initial,Ville de Cavaillon,84300,Cavaillon,,"[""Matériel de secours et d'incendie"", 'Sécurité incendie']","[217, 332]",non,non
20-49663,2020-04-07,2020-05-29,"['84', '13', '30']","Reconstruction d'un pont, commune de MERINDOL (84)",fns,cmp2006,appeloffre,rectificatif,Commune MERINDOL,84360,MERINDOL,,"[""Ouvrage d'art"", 'Voirie', 'Voirie et réseaux divers']","[252, 365, 366]",non,non
20-49880,2020-04-07,2020-04-17,['84'],Travaux de toitures charpentes du patrimoine du Conseil départemental de Vaucluse,fns,cmp2006,appeloffre,rectificatif,Département de Vaucluse,84909,Avignon Cedex 9,,"['Charpente', 'Couverture']","[57, 74]",non,non
20-49879,2020-04-07,2020-05-06,['85'],Acquisition et mise en oeuvre d'un Système d'Information Géographique,fns,cmp2006,appeloffre,initial,VENDEE EAU,85036,LA ROCHE-SUR-YON CEDEX,,['Logiciel'],[186],non,non
20-49942,2020-04-07,2020-06-05,['86'],Rénovation du stade d'athlétisme du CREPS de Poitiers,fns,cmp2006,appeloffre,initial,CREPS DE POITIERS,86580,VOUNEUIL SOUS BIARD,,"['Equipement sportif', 'Terrain de sport']","[113, 342]",non,non
20-49841,2020-04-07,2020-05-13,['87'],Réfection de la rue de la Vialoube à Limoges,fns,cmp2006,appeloffre,rectificatif,COMMUNAUTE D AGL LIMOGES METROPOLE,87000,Limoges,,['Voirie'],[365],oui,non
20-49587,2020-04-07,2020-07-05,['87'],Accompagnement dans l'Elaboration et l'Organisation des 'journées du personnel' de la Carsat cenrte Ouest,mapa,cmp2006,appeloffre,rectificatif,CARSAT Centre Ouest,87048,Limoges cedex,,['Evénementiel'],[445],non,non
20-49872,2020-04-07,2020-04-28,['88'],Aménagement d'aires de camping-car à Etival - Clairefontaine et Senones - Relance du Lot no3 : Equipement des aires de camping-car (mobilier et électricité),fns,cmp2006,appeloffre,initial,CA DE SAINT DIE DES VOSGES,88100,SAINT-DIE-DES-VOSGES,,"['Electricité (travaux)', 'Mobilier']","[105, 230]",non,non
20-49865,2020-04-07,2020-04-30,['88'],PRESTATIONS TOPOGRAPHIQUES - Centrale d'Achat-.,fns,cmp2006,appeloffre,initial,CA D EPINAL,88190,GOLBEY,,['Topographie'],[344],non,non
20-50063,2020-04-07,2020-04-29,['90'],Fourniture et mise en oeuvre d'un poste de refoulement et d'une chambre de Comptage à VEZELOIS,fns,cmp2006,appeloffre,rectificatif,Cté de l'Agglomération Belfortaine,90020,BELFORT CEDEX,,['Assainissement'],[18],non,non
20-49905,2020-04-07,2020-04-28,['91'],Travaux de désamiantage de la couverture et des faux plafonds de l'école Bois Loriot à Verrières-le-Buisson,fns,cmp2006,appeloffre,initial,Ville de Verrières-le-Buisson,91371,Verrières-Le-Buisson,,['Amiante (désamiantage)'],[479],non,non
20-50021,2020-04-07,2020-06-11,['92'],Mise en place et gestion d'un dispositif d'agents de médiation,fns,cmp2006,appeloffre,initial,COMMUNE DE VANVES,92172,VANVES CEDEX,,['Prestations de services'],[274],non,non
20-48968,2020-04-07,2020-05-07,"['92', '75']",Acquisition d'outillages d'ateliers tous corps d'état pour la Ville de Neuilly-sur-Seine,joue,directive24,appeloffre,initial,Ville de Neuilly-sur-Seine,92200,Neuilly-sur-seine,,['Outillage'],[251],non,non
20-49992,2020-04-07,2020-05-08,['92'],"Fourniture de médicaments, produits pharmaceutiques, consommables et matériels médicaux et paramédicaux et consommables à usage dentaire pour la commune de Châtillon (92320)",fns,cmp2006,attribution,initial,COMMUNE DE CHATILLON,92320,Chatillon,,"['Consommables médicaux', 'Matériel dentaire', 'Produits pharmaceutiques']","[69, 201, 280]",non,non
20-49643,2020-04-07,2020-06-07,['92'],Marché de travaux de réhabilitation du Centre Commercial des Fontenelles au 27 rue de la Paix à Nanterre (6 lots),fns,cmp2006,attribution,initial,Hauts-de-Seine Habitat - OPH,92532,Levallois Perret,,"['Etanchéité', 'Gros oeuvre', 'Amiante (désamiantage)']","[117, 144, 479]",non,non
20-49594,2020-04-07,2020-06-07,['92'],MARCHE DE TRAVAUX DE REHABILITATION DU CENTRE COMMERCIAL DES FONTENELLES sis 27 RUE DE LA PAIX A NANTERRE. LOT 3 CHARPENTE BARDAGE,fns,cmp2006,attribution,initial,Hauts-de-Seine Habitat - OPH,92532,Levallois Perret,"[('2020-01-16', 'FRANCE ETANCHEITE', (242796, 'EUR'), None)]","['Bardage', 'Charpente']","[30, 57]",non,non
20-47932,2020-04-07,2020-04-20,['93'],Evolution capacitaire de la salle HD recouvrement du site de Feyzin (rectificatif),fns,cmp2006,appeloffre,rectificatif,ACOSS,93100,Montreuil,,"['Climatisation', 'Electricité (travaux)']","[62, 105]",non,non
20-49837,2020-04-07,2020-05-26,['973'],Travaux de réhabilitation électrique et réfection de la couverture à la Cité douanière Rebard à Cayenne,mapa,cmp2006,appeloffre,initial,EPA LA MASSE DES DOUANES,93100,Montreuil,,"['Couverture', 'Matériel électrique']","[74, 203]",non,non
20-49631,2020-04-07,2020-04-15,['93'],Numéro de la consultation : 20/4716 Organisation des séjours de vacances d'été 2020 pour les jeunes de 12 à 17 ans,fns,cmp2006,appeloffre,rectificatif,Commune de Noisy-le-Sec,93130,Noisy-le-Sec,,['Voyage'],[367],non,non
20-49990,2020-04-07,2020-05-07,['93'],L objet de cet accord-cadre multi-attributaire concerne des prestations de conception et organisation de spectacles pyrotechniques pour la Ville des Pavillons-sous-Bois.,fns,cmp2006,appeloffre,rectificatif,Ville de Pavillons-sous-Bois,93320,Les pavillons sous bois,,"[""Feu d'artifice""]",[447],non,non
20-49720,2020-04-07,2020-05-27,"['93', '77']",Travaux de réfection complète des terrasses inaccessibles du pavillon Dauphiné à Neuilly sur Marne de l'EPS Ville Evrard.,fns,cmp2006,appeloffre,initial,ETS PUBLIC DE SANTE DE VILLE EVRARD,93332,Neuilly sur marne,,['Terrasse'],[354],non,non
20-49651,2020-04-07,2020-04-30,"['93', '75']",Accompagnement pour animer un programme dédié aux entrepreneurs et intrapreneurs,fns,cmp2006,appeloffre,initial,Région Ile-de-France,93400,Saint-ouen-sur-seine,,"[""Assistance à maîtrise d'ouvrage""]",[433],non,non
20-49591,2020-04-07,2020-06-30,['94'],Travaux de remise à niveau de la signalisation directionnelle sur plusieurs échangeurs de l'autoroute A10.,fns,cmp2006,appeloffre,initial,MEEDDM,94046,Créteil cedex,,['Signalisation'],[322],non,non
20-49672,2020-04-07,2020-05-07,['94'],ENSEIGNEMENT DU SKI ET ENCADREMENT DES SORTIES ORGANISEES PAR LE VILLAGE VACANCES JEAN FRANCO,fns,cmp2006,appeloffre,initial,Département du Val de Marne,94054,Créteil cedex,,['Prestations de services'],[274],non,non
20-49637,2020-04-07,2020-06-29,"['94', '93', '92', '91', '75']",Le présent marché a pour objet la réalisation des travaux de remplacement de la gestion technique centralisée (GTC) du siège de la DISP de Paris - Ile de France. Ces travaux intègrent les câblages..,fns,cmp2006,appeloffre,initial,DIR INTERREGIONALE SCES PENITENTIAIRES,94267,Fresnes,,"['Automatisation', 'Bâtiment', 'Câblage', 'Equipements spécialisés']","[14, 33, 47, 115]",non,non
20-49711,2020-04-07,2020-05-15,['94'],Les séjours sont destinés à des jeunes âgés entre 4 et 17 ans durant les vacances scolaires de printemps et majoritairement de l'été 2020 pour une durée de cinq jours ou sept jours.,fns,cmp2006,attribution,initial,Ville de Villiers-sur-Marne,94350,Villiers sur marne,,['Voyage'],[367],non,non
20-49733,2020-04-07,2020-06-02,['95'],"RD 928 Commune de Méry-sur-Oise - Requalification de l'avenue de la Libération entre l'échangeur et la RD 44 (rue Jean Brestel), Carrefour compris - section 2/3.",fns,cmp2006,appeloffre,initial,Conseil général du Val d'Oise,95032,Cergy pontoise cedex,,['Voirie'],[365],oui,oui
20-49904,2020-04-07,2020-05-29,['95'],Le marché a pour objet la réalisation d'une mission de maîtrise d'oeuvre pour des travaux de création d'un court supplémentaire de tennis couvert au Tennis Club de Soisy-38 rue d'A,mapa,cmp2006,appeloffre,rectificatif,Ville de Soisy-sous-Montmorency,95232,Soisy-sous-montmorency cedex,,"[""Maîtrise d'oeuvre""]",[197],non,non
20-49001,2020-04-07,2020-04-27,['95'],Organisation et réalisation du spectacle pyrotechnique du 13 juillet,mapa,cmp2006,appeloffre,initial,Mairie de Domont,95330,Domont,,"['Matériel électrique', ""Feu d'artifice""]","[203, 447]",non,non
20-49753,2020-04-07,2020-04-30,['95'],Le présent marché est un marché public concernant la réhabilitation des réseaux intercommunaux d'eaux usées de la rue des écoles sur la commune de le Thillay.,fns,cmp2006,attribution,initial,SIAH des Vallées du Croult,95500,Bonneuil en france,"[('2020-02-24', 'Entreprise de travaux FAYOLLE & FILS', (195233.95, 'EUR'), None)]",['Assainissement'],[18],non,non
20-49539,2020-04-07,2020-05-02,['971'],travaux de voiries et réseaux divers,fns,cmp2006,appeloffre,initial,Semsamar (971),97122,Baie-Mahault,,['Déchetterie (travaux)'],[96],oui,non
20-50035,2020-04-07,2020-05-06,['972'],"Présélectionner des candidats que le CMT mettra en compétition, pendant une période d'un an, pour la réalisation et la livraison d'objets promotionnels.",fns,cmp2006,appeloffre,initial,Comité Martiniquais du Tourisme,97276,Fort de France Cedex,,['Objet publicitaire'],[464],non,non
20-49938,2020-04-07,2020-05-06,['973'],Acquisition de fourniture de véhicules,mapa,cmp2006,appeloffre,initial,OFFICE NATIONAL DES FORETS - DR GUYANE,97300,Cayenne,,['Véhicules (acquisition)'],[475],non,oui
20-50060,2020-04-07,2020-04-30,['973'],Construction de la caserne des pompiers de Grand Santi,fns,cmp2006,appeloffre,initial,COLLECTIVITE TERRITORIALE DE GUYANE,97307,CAYENNE,,"[""Maîtrise d'oeuvre""]",[197],non,non
