,a00_cle_idweb,g04_01_date_publication,g04_03_date_fin_diffusion,g04_07_dep_publication,g04_09_resume_objet,g01_02_01_famille,g01_02_02_perimetre,g01_02_03_nature,g01_02_04_statut,d01_01_denomination,d01_07_cp,d01_08_ville,d08_09_decision_titulaireandRENSEIGNEMENT,g04_052_descripteurs_libelles,g04_051_descripteurs_codes,g04_061_criteres_sociaux,g04_062_criteres_environnementaux
0,20-104380,2020-08-23,2020-09-21,"['1', '69', '38', '42']",Mission de maitrise d'oeuvre pour la création d'une zone d'activités économique. Reconsultation,joue,directive24,appeloffre,initial,CTE DE COMMUNES DE LA PLAINE DE L AIN,01150,Chazey sur ain,,"['Prestations de services', 'Ingénierie']","[274, 455]",non,non
1,20-103727,2020-08-23,2020-09-21,['1'],marché relatif à l'achat et l'installation de classes modulaires préfabriquées de 60 places sur la commune de pougny,joue,directive24,appeloffre,initial,Mairie Pougny,01550,POUGNY,,['Bâtiments modulaires'],[27],non,non
2,20-104499,2020-08-23,2020-09-21,['2'],"acquisition de papier en ramette, de papier en format et d'enveloppes pour les services du conseil départemental de l'aisne 2021-2024-. (rectificatif)",joue,autre,rectificatif,rectificatif,DEPARTEMENT DE L'AISNE,02000,Laon,,['Papeterie'],[262],non,non
3,20-104510,2020-08-23,2020-09-23,['2'],Suivi-animation de l'Opération Programmée d'Amélioration de l'Habitat - Renouvellement Urbain (OPAH-RU) de la ville de Soissons (02),joue,directive24,appeloffre,initial,Mairie de Soissons,02200,SOISSONS,,['Prestations de services'],[274],non,non
4,20-101767,2020-08-23,2020-09-16,['6'],réalisation d'audits ciblés et d'accompagnement dans la conduite de cpom - appui dans la mission de contrôle des établissements sociaux et médico-sociaux du département des AM (rectificatif),joue,autre,rectificatif,rectificatif,Département des Alpes-Maritimes,06201,Nice cedex 3,,['Etude'],[118],non,non
5,20-104516,2020-08-23,2020-09-17,['6'],ACTIONS DE SENSIBILISATION A L'ENVIRONNEMENT ET A LA PREVENTION DES RISQUES POUR LA COMMUNAUTE D'AGGLOMERATION CANNES PAYS DE LERINS,joue,directive24,attribution,initial,C.A.P.L.,06414,Cannes Cedex,,['Formation'],[410],non,non
6,20-103688,2020-08-23,2020-09-04,['6'],acquisition de véhicules pour la direction envinet de la communauté d'agglomération sophia antipolis,joue,directive24,attribution,initial,Cté Agglomération Sophia Antipolis,06901,Sophia antipolis cedex,"[('2020-07-27', 'SAS PB ENVIRONNEMENT', (270000, 'EUR'), ""acquisition de quatre mini bennes à ordures ménagères d'une capacité de 4 à 5 m3""), ('2020-07-27', 'SAS FAUN ENVIRONNEMENT', (147600, 'EUR'), ""Fourniture et montage de deux bennes à ordures ménagères d'une capacité de 14m3""), ('2020-07-27', 'SAS FAUN ENVIRONNEMENT', (78000, 'EUR'), ""fourniture et montage d'une benne à ordures ménagères d'une capacité de 20m3""), ('2020-07-27', 'SAS NISS VEHICULES', (71000, 'EUR'), ""acquisition de deux utilitaires <3.5T benne basculante équipés d'un hayon pour la collecte des encombrants d'un volume utile de 4 à 5m3 environ""), ('2020-07-24', 'SAS VAR POIDS LOURDS', (103701, 'EUR'), ""acquisition d'un chassis poids lourd de 10T équipé d'une grue de levage et d'une benne relevable""), ('2020-07-24', 'RENAULT RETAIL GROUP CANNES', (18871, 'EUR'), ""acquisition d'un véhicule utilitaire de type pick up"")]",['Véhicules (acquisition)'],[475],non,non
7,20-104571,2020-08-23,2020-09-21,['7'],"Acquisition, location et maintenance des systèmes d'impression bureautique, des logiciels de gestion et prestations associées",joue,directive24,appeloffre,initial,Département de l'Ardèche,07007,Privas,,['Consommables informatiques'],[68],oui,non
8,20-104397,2020-08-23,2020-10-30,['7'],installation photovoltaïque sur la serre de l'usine de potabilisation d'eau de pont-de-veyrières (07380 meyras),joue,directive25,attribution,initial,Synd. des Eaux du Bassin de l'Ardèche,07110,LARGENTIÈRE,"[('2020-06-22', 'SUNVIE', (107338.39, 'EUR'), 'Installation photovoltaïque sur la serre de l\x92usine de potabilisation d\x92eau  de Pont-de-Veyrières (07380 MEYRAS)')]",['Photovoltaïque'],[476],non,non
9,20-104536,2020-08-23,2020-10-06,['11'],Transports scolaires des élèves et étudiants en situation de handicap - Carcassonne (Relance suite à déclaration sans suite),joue,directive24,appeloffre,initial,Département de l'Aude,11855,CARCASSONNE Cedex 9,,['Transport'],[347],non,non
10,20-104191,2020-08-23,2020-09-25,['11'],Prestation de conception et d'impression des supports de communication,joue,directive24,appeloffre,initial,CARCASSONNE AGGLO,11890,Carcassonne,,['Impression'],[160],non,non
11,20-104459,2020-08-23,2020-10-21,['13'],Accord cadre à bons de commande pour le Programme de Réussite Educative au bénéfice des services du GIP PRE de Marseille,joue,directive24,attribution,initial,PREFET REGION PROVENCE ALPES COTE AZUR,13001,Marseille,"[('2020-06-04', ""Ligue de l'enseignement"", (1071000, 'EUR'), ""Prestations d'accompagnement individualisé à la scolarité dans le cadre du dispositif du programme de Réussite Éducative au bénéfice des services du GIP PRE de Marseille"")]",['Prestations de services'],[274],non,non
12,20-104468,2020-08-23,2020-10-20,['13'],"Prestation d'agence immobilière, intermédiation immobilière, pour la vente d'un immeuble situé à Saint Laurent du Var, propriété de l'EFS - Mandat exclusif",joue,directive24,attribution,initial,Etablissement Français du Sang,13005,Marseille,"[('2020-07-03', 'Arthur Loyd Investissement (DPR Investissement)', (1, 'EUR'), ""Achat de prestations d'agence d'immobilière/intermédiation immobilière pour la vente d'un immeuble situé à Saint Laurent du Var, propriété de l'EFS. Le mandat immobilier choisi est le mandat exclusif"")]",['Assistance technique'],[19],non,non
13,20-104429,2020-08-23,2020-10-31,['13'],2019-0264 Fourniture de dispositifs médicaux stériles à usage unique,joue,directive24,attribution,initial,CENTRE HOSPITALIER REG DE MARSEILLE,13005,Marseille,"[('2020-04-06', 'Medtronic France', (74364, 'EUR'), 'MONOFILAMENT NON RESORBABLE SYNTHETIQUE - CHIRURGIE CARDIOVASCULAIRE'), ('2020-04-07', 'B Braun Medical', (18204.4, 'EUR'), 'MONOFILAMENT NON RESORBABLE SYNTHETIQUE POLYAMIDE BRIN'), ('2020-04-06', 'Peters Surgical', (190228.4, 'EUR'), 'MONOFILAMENT NON RESORBABLE SYNTHETIQUE POLYAMIDE POUR FERMETURE CUTANEE'), ('2020-06-17', 'Assut Europe', (10100, 'EUR'), 'MONOFILAMENT RESORBABLE - RESORPTION RAPIDE'), ('2020-04-06', 'Medtronic France', (19576, 'EUR'), 'MONOFILAMENT RÉSORBABLE - RÉSORPTION LONGUE PÉDIATRIQUE'), ('2020-04-06', 'B Braun Medical', (24162.92, 'EUR'), 'SUTURE MICROCHIRURGIE - MONOFILAMENT NON RÉSORBABLE DE POLYAMIDE LONGUEURS 8 - 13 - 15 CM'), ('2020-04-06', 'Peters Surgical', (1998, 'EUR'), 'LAC SUSPENSEUR POLYAMIDE TRESSE'), ('2020-04-06', 'Contrôle Graphique', (607.2, 'EUR'), 'LAC SUSPENSEUR SILICONE LONGUEUR 40CM (RUBAN)'), ('2020-04-06', 'Boston Scientific', (37440, 'EUR'), 'LIGATURES POUR VARICES OESOPHAGIENNES ET HÉMORROÏDES INTERNES SOUS ENDOSCOPIE'), ('2020-04-06', 'B Braun Medical', (6480, 'EUR'), 'COLLE TISSULAIRE POUR FERMETURE CUTANÉE ET OBLITÉRATION DES VARICES OESOPHAGIENNES'), ('2020-04-06', 'Peters Surgical', (111380, 'EUR'), 'COLLE SYNTHÉTIQUE A USAGE CHIRURGICAL À BASE DE CYANOACRYLATE DE N-HEXYLE PURE')]","['Abris', 'Consommables médicaux']","[1, 69]",non,non
14,20-104585,2020-08-23,2020-09-21,['13'],Travaux D'Entretien Et D'Extension Du Dispositif De Videoprotection Urbaine De La Ville D'Aix-En-Provence,joue,directive24,appeloffre,initial,COMMUNE D AIX EN PROVENCE,13100,Aix-en-Provence,,"['Maintenance', 'Voirie et réseaux divers']","[196, 366]",non,non
15,20-103845,2020-08-23,2020-09-23,['13'],location de motifs d'illuminations pour la commune de berre l'etang,joue,directive24,appeloffre,initial,Commune de Berre l'Etang,13130,Berre l'Etang,,"['Illumination', 'Location (matériels)']","[170, 185]",non,non
16,20-104324,2020-08-23,2020-09-10,['13'],TELEGESTION DE L'ARROSAGE AUTOMATIQUE - EXPERIMENTATION PLAGES DE LA VIEILLE CHAPELLE - 13008 MARSEILLE,joue,autre,rectificatif,rectificatif,Ville de Marseille,13233,Marseille cedex 20,,['Arrosage'],[13],non,oui
17,20-104531,2020-08-23,2020-10-22,['13'],Accord-cadre pour la réalisation des versions braille et sonore des documents d'information édités par les services à destination des personnes malvoyantes du Département des Bouches-du-Rhône 2 l,joue,directive24,attribution,initial,CONSEIL DEPARTEMENTAL 13,13256,Marseille,"[('2020-07-23', 'APEAAS Association Loi 1901 Pour les Enfants et Adultes déficients Sensoriels, membre de la Fédération Nationale des Déficients Visuels', (28788, 'EUR'), ""Accord-cadre pour la réalisation des versions braille de documents d'informations destinées aux populations malvoyantes du Département des Bouches-du-Rhône - Lot 1 version Braille""), ('2020-07-23', 'APEAAS Association Loi 1901 Pour les Enfants et Adultes déficients Sensoriels, membre de la Fédération Nationale des Déficients Visuels', (106223.2, 'EUR'), ""Accord-cadre pour la réalisation des versions sonores de documents d'informations destinées aux populations malvoyantes du Département des Bouches-du-Rhône - Lot 2 version sonore"")]","['Audiovisuel', 'Edition', 'Imprimés']","[22, 104, 161]",non,non
18,20-104539,2020-08-23,2020-10-21,['13'],"ACCORD-CADRE A BONS DE COMMANDE RELATIF A LA LOCATION, LA LIVRAISON ET L'INSTALLATION DE PLANTES ET D'ARBRES NATURELS POUR LES BESOINS DU DEPARTEMENT DES BOUCHES-DU-RHONE - 2 LOTS",joue,directive24,attribution,initial,CONSEIL DEPARTEMENTAL 13,13256,Marseille,"[('2020-07-23', 'DECORATION FLORALE RICARD', (21320, 'EUR'), ""Location d'arbustes et d'arbres""), ('2020-07-23', 'DECORATION FLORALE RICARD', (7488, 'EUR'), 'Location de plantes et de sapins')]",['Végétaux'],[358],non,oui
19,20-104326,2020-08-23,2020-10-20,['13'],"Achat d'anticorps pour la cytométrie en flux, de kits de purification cellulaire et de réactifs dans le cadre de protocoles de Recherche pour l'EFS PACA CORSE",joue,directive24,attribution,initial,Etablissement Français du Sang,13272,Marseille cedex 08,,['Réactifs'],[301],non,non
20,20-104352,2020-08-23,2020-09-25,['13'],Appel A Manifestations D'Interet (Ami)Sélection des investisseurs pour la constitution duFonds régional d'investissement dans les projets,joue,autre,rectificatif,rectificatif,Région Provence Alpes Côte d'Azur,13481,Marseille,,['Prestations de services'],[274],non,non
21,20-104341,2020-08-23,2020-09-21,['13'],"Collecte, tri et valorisation des objets encombrants ménagers sur les communes d'Arles, de Tarascon et de Saint-Martin-de-Crau",joue,directive24,appeloffre,initial,Communauté d'Agglomération ACCM,13637,Arles,,"['Collecte sélective', 'Déchets non ménagers (prestations)']","[82, 404]",non,oui
22,20-104255,2020-08-23,2020-10-21,"['13', '83', '84', '30', '34', '26']","Acquisition de véhicules électriques neufs, véhicules légers et utilitaires",joue,directive24,attribution,initial,Ville de Salon de Provence,13663,Salon de provence,,['Véhicules'],[359],non,non
23,20-104376,2020-08-23,2020-10-05,['13'],ENTRETIEN ET TRAVAUX NEUFS DE LA SIGNALISATION TRICOLORE DE LA VILLE DE VITROLLES.,joue,directive24,appeloffre,initial,COMMUNE DE VITROLLES,13743,Vitrolles cedex,,['Signalisation'],[322],non,non
24,20-104284,2020-08-23,2020-09-24,"['14', '27', '35', '50', '61', '76']",Fourniture de changes complets pour les établissements d'accueil de jeunes enfants du CCAS de la ville de Caen,joue,directive24,appeloffre,initial,Centre Communal d'Action Sociale Caen,14012,CAEN,,['Non-tissés'],[241],non,non
25,20-104306,2020-08-23,2020-09-10,['50'],Contrat d'affermage: Identification et certification de parenté d'animaux sur le département de la Manche,joue,autre,rectificatif,rectificatif,Chambre rég. agriculture de Normandie,14053,CAEN Cedex 4,,['Animaux'],[9],non,non
26,20-104524,2020-08-23,2020-09-20,['17'],Marché de services relatif à la prestation d'assurance pour les besoins de la Communauté d'Agglomération Royan Atlantique,joue,directive24,appeloffre,initial,Agglomération Royan Atlantique,17201,Royan,,['Assurance'],[20],non,non
27,20-104369,2020-08-23,2020-09-21,"['20A', '20B']",Marché de maintenance préventive et corrective des équipements de chauffageclimatisation-ventilation de 269 bâtiments en Corse,joue,directive24,attribution,initial,Préfecture de Corse - SGAC,20000,Ajaccio cedex 9,,['Maintenance'],[196],oui,non
28,20-104517,2020-08-23,2020-09-30,['25'],""" CHUB-CAMSP_GHT CFC_AO21-1 """,joue,directive24,appeloffre,initial,CENTRE HOSPITALIER REGIONAL UNVT,25030,Besançon,,['Matériel médical'],[212],non,non
29,20-104597,2020-08-23,2020-11-18,['26'],Fourniture de titres-restaurant et de chèques d'accompagnement personnalisés pour les agents du Département de la Drôme,joue,directive24,attribution,initial,Département de la Drôme,26026,Valence,"[('2020-08-21', 'Up', (2337407.1, 'EUR'), 'Fourniture de titres-restaurant'), ('2020-08-21', 'Up', (240000, 'EUR'), ""Fourniture de chèques d'accompagnement personnalisés"")]",['Prestations de services'],[274],non,non
30,20-104310,2020-08-23,2020-09-25,['28'],"Affaire no20A033 : Missions de géomètre et de topographe pour Chartres métropole, la Ville de Chartres, le CCAS et le CIAS",joue,directive24,appeloffre,initial,Chartres Métropole,28019,Chartres cédex,,"['Prestations de services', 'Topographie']","[274, 344]",non,non
31,20-104327,2020-08-23,2020-09-21,['29'],Accord-cadre multi-attributaires en vue de la passation de commandes et de marchés subséquents pour la réalisation de travaux,joue,directive24,attribution,initial,CH REG ET UNVT DE BREST,29609,Brest cedex,,"['Abris', 'Cloison, faux plafond', 'Menuiserie', 'Métallerie', 'Peinture (travaux)', 'Revêtements de sols', ""Tous corps d'état""]","[1, 63, 222, 223, 264, 308, 345]",non,non
32,20-104394,2020-08-23,2020-10-06,['31'],Accord-cadre pour des missions de conseil au pilotage et au suivi de la stratégie patrimoniale au profit de l'ISAE-SUPAERO et de l'ENAC,joue,directive24,appeloffre,initial,ISAE SUPAERO,31055,TOULOUSE,,"['Assistance technique', 'Etude', ""Assistance à maîtrise d'ouvrage"", 'Assistance juridique', 'Ingénierie']","[19, 118, 433, 434, 455]",non,non
33,20-104610,2020-08-23,2020-09-25,['31'],TRAVAUX D'IMPRESSION ET FOURNITURE D'IMPRIMES,joue,directive24,appeloffre,initial,CHU DE TOULOUSE,31059,Toulouse cedex 9,,['Impression'],[160],non,non
34,20-104288,2020-08-23,2020-09-30,"['31', '34']",Conseil juridique pour la mise en place et le suivi d'un programme d'émissions obligataires de type Euro Medium Term Notes (EMTN) pour la Région Occitanie,joue,directive24,appeloffre,initial,REGION OCCITANIE,31406,TOULOUSE,,['Assistance juridique'],[434],non,non
35,20-104594,2020-08-23,2020-09-21,['31'],20v0172aoo - Prestations De Mise A Disposition De Personnel Pour Le Nettoyage Et La Restauration Dans Les Ecoles Publiques Dg-Eo,joue,directive24,appeloffre,initial,COMMUNE DE TOULOUSE,31505,Toulouse,,['Prestations de services'],[274],non,non
36,20-104493,2020-08-23,2020-09-15,['31'],Mission de maîtrise d'oeuvre pour la réalisation des travaux de création d'une extension de bâtiment et restructuration du rez-de-chaussée du Siège social de l'URSSAF Midi-Pyrénées,joue,directive24,attribution,initial,Urssaf Midi-Pyrénées,31670,Labège innopole,,['Bâtiment'],[33],non,non
37,20-104498,2020-08-23,2020-10-22,"['31', '73', '34']",Marché 20OCC28G : Développement de modules et tierce maintenance applicative de l'outil ACTIF - Plateforme valorisant l'économie circulaire-,joue,directive24,appeloffre,initial,CCI Occitanie,31701,Blagnac cedex,,['Informatique (prestations de services)'],[163],oui,oui
38,20-104483,2020-08-23,2020-11-18,['32'],Impression Et Réalisation De Documents Culturels Et Pédagogiques Du Patrimoine Départemental Et Du Réseau Des Musées Du Gers,joue,directive24,attribution,initial,Département de Gers,32022,Auch,"[('2020-08-18', 'Imprimerie Malvezin-Valadou Sas', (8851, 'EUR'), 'Impression et réalisation de documents culturels et pédagogiques'), ('2020-08-18', 'Art Et Caractere Sas', (5573, 'EUR'), ""Impression de catalogues d'exposition""), ('2020-08-18', 'Evoluprint Sas', (1370, 'EUR'), 'Impression de catalogues photographiques')]",['Impression'],[160],non,non
39,20-104606,2020-08-23,2020-09-21,['33'],"MAINTENANCE DES INSTALLATIONS THERMIQUES, TECHNIQUES ET DE TRAITEMENT D'AIR DES SITES DE LA REGION NOUVELLE-AQUITAINE - TERRITOIRE LIMOUSIN (hors lycées) ET REALISATION DE TRAVAUX HORS MAINTENANC",joue,directive24,appeloffre,initial,Région Nouvelle Aquitaine,33000,Bordeaux,,"['Maintenance', 'Prestations de services']","[196, 274]",non,oui
40,20-104572,2020-08-23,2020-10-21,"['23', '87', '19', '36']",Lycée Raymond Loewy à La Souterraine (23) - Implantation de 3 modulaires pré-équipés de salles de classe - Relance suite à déclaration sans suite de la consultation du 6 janvier 2020,joue,directive24,attribution,initial,Région Nouvelle Aquitaine,33000,Bordeaux,"[('2020-07-10', 'EIFFAGE CONSTRUCTION TRAVAUX 23', (68474.1, 'EUR'), 'Fondations - Gros oeuvre - Réseaux'), ('2020-07-15', 'SOLFAB CONSTRUCTIONS MODULAIRES', (147960, 'EUR'), 'Fourniture des bâtiments modulaires')]",['Bâtiments modulaires'],[27],non,non
41,20-96065,2020-08-23,2020-09-22,"['33', '64', '40', '19']",prestations de transports de personnels du ministère des armées travaillant au profit de différentes entités,joue,directive24,appeloffre,initial,SCA/PFAF SO,33068,BORDEAUX,,['Transport'],[347],non,oui
42,20-104512,2020-08-23,2020-09-14,"['33', '40']",Fourniture de produits pour les services espaces verts et entretien des stades,joue,autre,rectificatif,rectificatif,COMMUNE DE VILLENAVE D ORNON,33140,Villenave d'ornon,,['Arrosage'],[13],non,non
43,20-104437,2020-08-23,2020-09-21,['33'],Maintenance et fournitures d'affichage de système de flux patients de marque Esii (ou autres équivalents),joue,directive24,appeloffre,initial,CHU DE BORDEAUX,33400,Talence,,['Maintenance'],[196],non,non
44,20-104309,2020-08-23,2020-10-28,['34'],enlèvement des graffitis et des affiches,joue,directive24,attribution,initial,Ville de Montpellier,34067,Montpellier Cedex 2,"[('2020-08-17', 'CIEL VERT', (3460000, 'EUR'), 'Enlèvement des graffitis et des affiches')]",['Nettoyage urbain'],[240],non,non
45,20-104422,2020-08-23,2020-10-12,['35'],Maintenance des centrales de production d'énergie et de secours électrique par groupe électrogène du CHU de Rennes,joue,directive24,appeloffre,initial,CTRE HOSPITALIER UNIVERS PONTCHAILLOU,35033,Rennes cedex 9,,['Prestations de services'],[274],non,non
46,20-104465,2020-08-23,2020-10-05,"['35', '56', '50', '27', '49', '37', '18', '28', '45']",ESID RENNES - approvisionnement des équipes de travaux de régies en fournitures,joue,directive24,appeloffre,initial,ESID de Rennes,35998,Rennes cedex 9,,"['Abris', 'Electricité, gaz (fourniture)']","[1, 443]",non,non
47,20-104619,2020-08-23,2020-09-22,['38'],"Maintenance,réparation et dépannage de matériels informatiques pour le Conseil départemental de l'Isère(Ordinateurs bureau,ordinateurs portables,smartphones,tablettes,imprimantesin",joue,directive24,appeloffre,initial,DEPARTEMENT DE L ISERE,38022,Grenoble,,"['Consommables informatiques', 'Informatique (matériel)', 'Informatique (prestations de services)', 'Maintenance', 'Informatique (assistance)']","[68, 162, 163, 196, 453]",non,non
48,20-104620,2020-08-23,2020-09-24,['38'],"Fourniture et acheminement d'électricité, dont de l'électricité à haute valeur environnementale, pour le patrimoine de Grenoble-Alpes Métropole",joue,directive24,appeloffre,initial,GRENOBLE-ALPES METROPOLE,38031,Grenoble,,"['Electricité, gaz (fourniture)']",[443],non,oui
49,20-104405,2020-08-23,2020-10-02,['38'],"Assistance à la mise en oeuvre des évolutions du portail "" Pass'Mobilités "" de l'aire grenobloise intégrant une "" brique transport en commun """,joue,directive25,appeloffre,initial,SMMAG Mobilités de l'Aire Grenobloise,38031,Grenoble,,['Prestations de services'],[274],non,non
50,20-104553,2020-08-23,2020-11-18,['38'],"Accord cadre pour les travaux de terrassements, réseaux divers et voiries liés au développement des Za de Bièvre Isère Communauté",joue,directive24,attribution,initial,BIEVRE ISERE COMMUNAUTE,38590,St-Etienne De St-Geoirs,"[('2020-07-28', 'Colas Rhone Alpes Auvergne', (8600000, 'EUR'), 'Lot Geographique Est'), ('2020-07-28', 'Gachet Tp', (1800000, 'EUR'), 'Lot Geographiqueouest'), ('2020-07-28', 'Gachet Tp', (1800000, 'EUR'), 'Lot Geographique Nord')]","['Réseaux divers', 'Voirie']","[306, 365]",non,non
51,20-104296,2020-08-23,2020-08-31,['39'],AOO - AC A BC - FOURNITURE DE FLUIDES MEDICAUX ET PRESTATIONS ASSOCIEES - GHT JURA,joue,directive24,attribution,initial,Centre Hospitalier Jura Sud,39016,LONS LE SAUNIER CEDEX,"[('2020-07-01', 'AIR PRODUCTS', (114600, 'EUR'), None), ('2020-07-01', 'SOL FRANCE', (83920, 'EUR'), None), ('2020-07-01', 'SOL FRANCE', (67200, 'EUR'), None), ('2020-07-01', 'AIR PRODUCTS', (38384, 'EUR'), None), ('2020-07-01', 'AIR PRODUCTS', (32784, 'EUR'), None), ('2020-07-01', 'LINDE', (70800, 'EUR'), None), ('2020-07-01', 'LINDE', (123335, 'EUR'), None), ('2020-07-01', 'LINDE', (12962, 'EUR'), None), ('2020-07-01', 'AIR LIQUIDE SANTE', (197846, 'EUR'), None), ('2020-07-01', 'AIR LIQUIDE', (48000, 'EUR'), None), ('2020-07-01', 'LINDE', (87742, 'EUR'), None), ('2020-07-01', 'AIR LIQUIDE', (60000, 'EUR'), None)]",['Gaz médicaux'],[140],non,non
52,20-104424,2020-08-23,2020-09-22,['40'],FOURNITURE DE REPAS EN LIAISON FROIDE POUR EHPAD CANTE CIGALE,joue,directive24,appeloffre,initial,CCAS de Vielle-Saint-Girons,40560,Vielle-Saint-Girons,,"['Repas, traiteur']",[304],non,non
53,20-104415,2020-08-23,2020-11-18,['42'],Accord-Cadre Mono-Attributaire A Bons De Commande De Fourniture Et Acheminement De L'Electricite,joue,directive24,attribution,initial,Commune de Lorette,42420,Lorette,"[('2020-06-23', 'Edf', (320526, 'EUR'), None)]","['Electricité, gaz (fourniture)']",[443],non,non
54,20-104557,2020-08-23,2020-09-30,['44'],Maintenance des échographes toutes marques pour le GHT 44 - 10 lots,joue,directive24,appeloffre,initial,CHU de Nantes,44093,Nantes cedex,,"['Maintenance', 'Matériel médical']","[196, 212]",non,non
55,20-103566,2020-08-23,2020-09-23,['44'],service et fournitures funéraires pour les obsèques des personnes dépourvues de ressources suffisantes ou sans famille connue et à l'organisation de la crémation de restes mortels exhumés,joue,directive24,appeloffre,initial,Ville de Nantes,44094,Nantes cedex 1,,"['Prestations de services', 'Articles funéraires, cercueil']","[274, 401]",non,non
56,20-104370,2020-08-23,2020-09-30,"['44', '56', '85', '49']",Transports scolaires vers les Collèges d'HERBIGNAC et primaires d'HERBIGNAC et de FEREL,joue,directive24,attribution,initial,SMT LILA PRESQUILE,44350,Guérande,"[('2020-02-21', 'MAURY TRANSPORTS', (2253291.39, 'EUR'), ""Transports scolaires vers les Collèges d'HERBIGNAC et primaires d'HERBIGNAC et de FEREL"")]",['Véhicules (location)'],[474],non,non
57,20-104269,2020-08-23,2020-11-05,['57'],"HAEST 200819-Prélèvements, mesures sur site et analyses en laboratoire réalisés par le Titulaire, sur des eaux souterraines et des eaux de surface",joue,directive24,appeloffre,initial,B R G M,45060,Orleans cedex 2,,['Prestations de services'],[274],non,non
58,20-104275,2020-08-23,2020-11-05,['57'],"HAEST 200820-Prestations de prélèvements et d'analyses d'échantillons d'eau (Marienau, Merlebach et Diesen)",joue,directive24,appeloffre,initial,B R G M,45060,Orleans cedex 2,,['Prestations de services'],[274],non,non
59,20-104277,2020-08-23,2020-11-05,['57'],HAEST 200821-Prélèvements et analyses physico-chimiques réalisés dans le cadre de la sourveillance des stations de pompage et de traitement des eaux minières,joue,directive24,appeloffre,initial,B R G M,45060,Orleans cedex 2,,['Prestations de services'],[274],non,non
60,20-104280,2020-08-23,2020-11-05,['57'],HAEST 200822-Prestations de prélèvements et d'analyses sur des échantillons de gaz issus de confinements et des échantillons d'air ambiant,joue,directive24,appeloffre,initial,B R G M,45060,Orleans cedex 2,,['Prestations de services'],[274],non,non
61,20-104286,2020-08-23,2020-09-22,['45'],projet plascossa - évaluation de l'efficaité d'administration de plasma de convalescent covid 19,joue,directive81,attribution,initial,EMA/DCSSA/DAPS-SSA,45404,Fleury les aubrais,"[('2020-08-20', 'UGA Filiale FLORALIS', (88393.33, 'EUR'), None)]",['Matériel médical'],[212],non,non
62,20-104329,2020-08-23,2020-10-31,['49'],"Accord-cadre à bons de commande mono-attributaire Mission de suivi-animation OPAH-RU, d'assistance à maitrise d'ouvrage pour la mise en place d'actions coercitives, suivi-animation opér",joue,directive24,attribution,initial,COMMUNE DE CHEMILLE EN ANJOU,49120,CHEMILLE EN ANJOU,,['Prestations de services'],[274],non,non
63,20-104565,2020-08-23,2020-09-20,['49'],"Nettoyage, Entretien, Hygiène de la salle ARENA LOIRE",joue,directive24,appeloffre,initial,SPIC - ARENA LOIRE TRELAZE,49800,Trélazé,,['Nettoyage de locaux'],[239],non,non
64,20-104507,2020-08-23,2020-10-29,['49'],Fourniture de fioul domestique et de GNR ZERO pour les établissements du GHT 49,joue,directive24,appeloffre,initial,CTRE HOSP UNIVERSITAIRE ANGERS,49933,Angers cédex 9,,"['Carburant, hydrocarbure']",[52],non,non
65,20-103412,2020-08-23,2020-09-22,['49'],prestations d'hébergement et d'accompagnement social de familles étrangères avec enfants,joue,directive24,appeloffre,initial,Département de Maine-et-Loire,49941,ANGERS cedex 09,,['Prestations de services'],[274],non,non
66,20-104351,2020-08-23,2020-09-21,['50'],"Fourniture, installation et maintenance d'un automate de dispensation nominative par déconditionnement et consommables associés pour la PUI du Centre Hospitalier Avranches-Granville",joue,directive24,attribution,initial,Centre Hospitalier Avranches Granville,50303,Avranches,"[('2020-08-04', 'JVM EUROPE', (192284.37, 'EUR'), ""Fourniture, installation et maintenance d'un automate de dispensation nominative"")]","['Matériel électrique', 'Automate']","[203, 402]",non,non
67,20-104603,2020-08-23,2020-10-01,"['54', '8', '10', '51', '52', '57', '67', '68', '88']","Collecte, transport et traitement des déchets non dangereux assimilés aux ordures ménagères valorisables ou non, volumineux et variés et des déchets d'équipements électriques et électroniques",joue,directive24,appeloffre,initial,Etablissement Français du Sang,54064,Nancy Cedex,,['Ordures ménagères (prestations)'],[249],non,oui
68,20-103597,2020-08-23,2020-10-22,['56'],"prestations de surveillance des sites et de sécurité des manifestations et des publics lors des événements festifs, culturels et sportifs organises par la ville de vannes et le ccas de vannes - phase",joue,directive24,attribution,initial,Ville de Vannes,56000,Vannes,"[('2020-08-19', 'AMISS Sécurité privée', (80000, 'EUR'), 'Fêtes historiques : gardiennage du site et sécurité de la manifestation et du public'), ('2020-08-19', 'SECURITEAM OPTIONS SECURITE', (80000, 'EUR'), 'Fetes historiques'), ('2020-08-19', 'SECURITEAM OPTIONS SEURITE', (320000, 'EUR'), 'Gardiennages de sites et sécurisation des manifestations et du public'), ('2020-08-19', 'AMISS Sécurité privée', (320000, 'EUR'), 'Gardiennages de sites et sécurisation des manifestations et du public'), ('2020-08-19', 'TARGET SECURITY', (320000, 'EUR'), 'Gardiennages de sites et sécurisation des manifestations et du public')]","['Gardiennage', 'Surveillance']","[138, 331]",non,non
69,20-104433,2020-08-23,2020-09-30,['56'],ao cardio radio 2021,joue,directive24,appeloffre,initial,Groupe Hospitalier Bretagne Sud,56322,LORIENT,,['Matériel médical'],[212],non,non
70,20-104442,2020-08-23,2020-11-18,['57'],20s0034 - Dpi - Prestations de nettoyage de divers bâtiments départementaux,joue,directive24,attribution,initial,DEPARTEMENT DE LA MOSELLE,57036,Metz,"[('2020-08-17', 'Onet Services', (151052.29, 'EUR'), 'Secteur Nord De La Moselle'), ('2020-08-17', 'Challancin', (31193.25, 'EUR'), '6 Rue Mozart - Metz'), ('2020-08-17', 'Onet Services', (73954.12, 'EUR'), '28/30 Avenue Andre Malraux - Metz'), ('2020-08-17', 'Caronet', (5400, 'EUR'), 'Vitrerie - 28/30 Avenue Andre Malraux - Metz'), ('2020-08-17', 'Caronet', (31538.5, 'EUR'), 'Maison De Robert Schuman Et Ses Annexes - Scy Chazelles'), ('2020-08-17', 'Onet Services', (23213.01, 'EUR'), 'Domaine Du Lindre - Lindre Basse')]",['Nettoyage de locaux'],[239],oui,oui
71,20-104441,2020-08-23,2020-11-18,['57'],20s0035 - Drm - Sder - Salage et déneignement du réseau routier départemental - Unité Technique Territoriale de Sarreguemines - Bitche - Circuits Bit13 N2e et Bit13 N3e,joue,directive24,attribution,initial,DEPARTEMENT DE LA MOSELLE,57036,Metz,"[('2020-08-14', 'Tpdl', (69694.17, 'EUR'), None)]",['Déneigement'],[98],non,non
72,20-104391,2020-08-23,2020-11-28,"['57', '90', '88', '70']","APPROVISIONNEMENT EN PAINS ET VIENNOISERIES A L'ETAT FRAIS AU PROFIT DES CERCLES DE BELFORT, EPINAL-LUXEUIL et VERDUN",joue,directive24,appeloffre,initial,Plate Forme Achats Finances Nord Est,57044,Metz cedex 1,,['Denrées alimentaires'],[88],non,oui
73,20-104663,2020-08-23,2020-09-29,['57'],FOURNITURE DE TROIS VEHICULES UTILITAIRES D'OCCASION-POUR LES SERVICES TECHNIQUES,mapa,cmp2006,appeloffre,initial,Ville de Terville,57180,TERVILLE,,['Véhicules (acquisition)'],[475],non,non
74,20-104559,2020-08-23,2020-09-28,['57'],"Barquettes et bols jetables à sceller, films pelables pour thermofilmage, étiquettes et rubans encreurs",joue,directive24,appeloffre,initial,CENTRE HOSPITALIER ROBERT PAX,57211,Sarreguemines,,['Barquettes alimentaires'],[32],non,non
75,20-104378,2020-08-23,2020-09-21,"['58', '18', '3']",Missions de suivi-animation d'une OPAH-RU et de dispositifs territoriaux complémentaires,joue,directive24,appeloffre,initial,ADN Nevers,58027,Nevers cedex,,['Etude'],[118],non,non
76,20-104522,2020-08-23,2020-12-14,['59'],"Tx de mise en sécurité, de maint. préventive et curative, de restaura° ponctuelle du Pat. classé",joue,directive24,appeloffre,initial,Ville de Lille,59033,Lille cedex,,"['Bâtiment', 'Charpente', 'Couverture', 'Ferronnerie', 'Maçonnerie', 'Menuiserie', 'Plâtrerie', 'Vitraux']","[33, 57, 74, 126, 195, 222, 269, 418]",non,oui
77,20-104368,2020-08-23,2020-11-18,['59'],Canal de l'Escaut canalisé - Restauration de l'écluse de Denain,joue,directive24,attribution,initial,Voies navigables de France,59034,Lille Cédex,,"['Ecluse', ""Travaux dans l'eau""]","[103, 349]",non,oui
78,20-104515,2020-08-23,2020-09-21,['59'],Contrôles techniques réglementaires des établissements du GHT LMFI,joue,directive24,appeloffre,initial,CHU DE LILLE,59037,Lille cedex,,"['Contrôle technique', 'Prestations de services']","[72, 274]",non,non
79,20-104307,2020-08-23,2020-09-28,['59'],"AMO en vue du diagnostic de fin de contrats (dernière année), d'assistance à la contractualisation et suivi annuel des installations d'exploitation de CVC pour les 10 établissements du GHT L",joue,directive24,appeloffre,initial,CHU DE LILLE,59037,Lille cedex,,"[""Assistance à maîtrise d'ouvrage""]",[433],non,non
80,20-104237,2020-08-23,2020-10-15,['59'],villeneuve d'Ascq Stadium - Village du Sport Marché no 20DT50_01 - Lot 1 : Construction des Bâtiments - Installation et location des vestiaires - Marché no 20 DT 50_02 - Lot 2 : VRD,joue,autre,rectificatif,rectificatif,METROPOLE EUROPEENNE DE LILLE,59040,Lille cedex,,"[""Tous corps d'état""]",[345],non,non
81,20-100478,2020-08-23,2020-10-15,"['59', '62']",marche restauration scolaire,joue,directive24,appeloffre,initial,COMMUNE D'UXEM,59229,UXEM,,['Restauration collective'],[66],non,non
82,20-104426,2020-08-23,2020-09-20,['59'],Mission de contrôleur technique pour le projet de construction d'un équipement multifonctionnel au quartier du Banc Vert à Dunkerque,joue,directive24,attribution,initial,Ville de Dunkerque,59386,Dunkerque,"[('2020-07-23', 'SOCIETE DEKRA INDUSTRIAL', (22618, 'EUR'), ""Mission de contrôleur technique pour le projet de construction d'un équipement multifonctionnel au quartier du Banc Vert à Dunkerque."")]","['Contrôle technique', 'Prestations de services']","[72, 274]",non,non
83,20-104361,2020-08-23,2020-10-05,['59'],Marché d'impression et façonnage des supports de communication imprimés (grands formats et spécifiques)2020.12,joue,directive24,appeloffre,initial,Ville de Coudekerque-Branche (59),59411,Coudekerque-Branche Cedex,,"['Impression', 'Imprimés', 'Papeterie']","[160, 161, 262]",non,non
84,20-104584,2020-08-23,2020-11-18,"['59', '62']","Marché de fourniture, de conduite, d'entretien et de maintenance des installations de chauffage des bâtiments communaux",joue,directive24,attribution,initial,Commune de Cuincy,59553,Cuincy,"[('2020-08-04', 'ENGIE ENERGIE SERVICES - ENGIE SOLUTIONS', (792270.24, 'EUR'), ""Marché de fourniture, de conduite, d'entretien et de maintenance des installations de chauffage des bâtiments communaux."")]","['Chauffage (exploitation, entretien)', 'Prestations de services']","[59, 274]",non,non
85,20-104485,2020-08-23,2020-11-18,['59'],Fourniture de bons d'achat nécessaires aux activités du Ccas de la Ville de Villeneuve d'Ascq,joue,directive24,attribution,initial,Ville de Villeneuve d'Ascq,59650,Villeneuve d'Ascq,"[('2020-08-21', 'Up', (363000, 'EUR'), None)]","['Impression', 'Prestations de services', 'Chèque cadeau']","[160, 274, 436]",non,non
86,20-104301,2020-08-23,2020-10-20,['62'],"Conception et Réalisation d'un magazine touristique semestriel d'environ 66 pages, conception et réalisation de supports de communication diverses",joue,directive24,attribution,initial,OFFICE TOURISME LOISIRS CONGRES GD ARR,62000,Arras,"[('2020-07-24', 'SARL Cituation et Ensemble', (650000, 'EUR'), ""Conception-Réalisation d'un magazine touristique semestriel et de supports de communication complémentaires (hors impression)"")]","['Informatique (prestations de services)', 'Prestations de services']","[163, 274]",non,non
87,20-104525,2020-08-23,2020-10-22,"['62', '59']",Le présent marché a pour objet la fourniture et pose (location) de stations vélos à assistance électrique en libre-service ainsi que la maintenance.,joue,directive24,appeloffre,initial,SMTC Artois-Gohelle,62303,Lens cedex,,['Mobilier urbain'],[231],non,non
88,20-104303,2020-08-23,2020-08-31,['62'],MARCHE D'EXPLOITATION DES INSTALLATIONS THERMIQUES DES BATIMENTS COMMUNAUX,joue,directive24,attribution,initial,MAIRIE AUDRUICQ,62370,AUDRUICQ,,"['Chauffage (matériel)', 'Chauffage (travaux)', 'Equipement thermique']","[60, 61, 114]",non,non
89,20-104232,2020-08-23,2020-10-05,"['62', '59', '2', '60', '80']",2020-02,joue,directive24,appeloffre,initial,LYCEE VOLTAIRE,62410,Wingles,,['Denrées alimentaires'],[88],oui,oui
90,20-104360,2020-08-23,2020-09-21,['62'],Location d'un véhicule de tourisme type 308 sans chauffeur,joue,directive24,appeloffre,initial,Mairie de LIEVIN,62800,LIEVIN,,['Véhicules (location)'],[474],non,non
91,20-104582,2020-08-23,2020-10-21,['64'],Fourniture et installation d'équipements numériques individuels et collectifs,joue,directive24,attribution,initial,Département des Pyrénées-Atlantiques,64000,Pau,"[('2020-08-20', 'ACTUEL BURO', (403409, 'EUR'), ""Fourniture et installation d'équipements numériques individuels et collectifs"")]",['Informatique (matériel)'],[162],non,non
92,20-104444,2020-08-23,2020-11-18,['64'],"Exploitation des installations de chauffage, climatisation, ventilation, production d'eau chaude sanitaire et installations techniques des parkings",joue,directive24,attribution,initial,CA PAU BEARN PYRENEES,64000,Pau Cedex,"[('2020-07-21', 'Spie Facilities', (233609, 'EUR'), None)]",['Prestations de services'],[274],non,non
93,20-104462,2020-08-23,2020-10-21,"['64', '33']",assistance à maîtrise d'ouvrage - conseil en matière de projets d'aménagement et de construction durables. (rectificatif),joue,autre,rectificatif,rectificatif,Ville d'Anglet,64603,Anglet,,"[""Assistance à maîtrise d'ouvrage""]",[433],non,non
94,20-104267,2020-08-23,2020-09-25,['65'],Travaux De Reconstruction De L'Ecole Jean Mace,joue,autre,rectificatif,rectificatif,VILLE DE TARBES,65000,Tarbes,,"['Charpente', 'Electricité (travaux)', 'Gros oeuvre', 'Menuiserie', 'Plomberie (travaux)']","[57, 105, 144, 222, 270]",non,non
95,20-104316,2020-08-23,2020-11-18,['66'],Accord Cadre Pour L'Acquisition De Mobilier Scolaire Pour L'Ensemble Des Colleges Publics Du Departement Des Pyrenees-Orientales Avec Prestation De Livraison Et Montage,joue,directive24,attribution,initial,DEPARTEMENT DES PYRENEES-ORIENTALES,66906,Perpignan,"[('2020-08-05', 'mobidecor', (30000, 'EUR'), 'Mobilier De Salle De Classe'), ('2020-08-05', 'La Saonoise De Mobiliers', (30000, 'EUR'), 'Mobilier De Salle De Classe'), ('2020-08-05', 'Eurl Qu4tre', (30000, 'EUR'), 'Mobilier De Salle De Classe'), ('2020-08-05', 'Sas', (30000, 'EUR'), 'Mobilier De Salle De Classe'), ('2020-08-05', 'Lafa Collectivites', (30000, 'EUR'), 'Mobilier De Salle De Classe'), ('2020-08-05', 'Acial', (15000, 'EUR'), 'Casiers - Vestiaires - Rangements'), ('2020-08-05', 'Eurl Qu4tre', (15000, 'EUR'), 'Casiers - Vestiaires - Rangements'), ('2020-08-05', 'Sas', (15000, 'EUR'), 'Casiers - Vestiaires - Rangements'), ('2020-08-05', 'Eurl Qu4tre', (10000, 'EUR'), 'Mobilier Specifique'), ('2020-08-05', 'Lafa Collectivites', (10000, 'EUR'), 'Mobilier Specifique')]",['Mobilier'],[230],non,non
96,20-104543,2020-08-23,2020-09-21,['66'],Fourniture et pose de mobiliers et d'équipements pour les centres de secours du Sdis 66,joue,directive24,appeloffre,initial,SCE DEPARTEMENTAL INCENDIE ET SECOURS,66962,Perpignan,,"['Cuisine (équipement)', 'Mobilier']","[77, 230]",non,oui
97,20-104607,2020-08-23,2020-11-15,"['67', '68']",Contrat d'assurances obligatoires et collectives complémentaire santé,joue,directive25,appeloffre,initial,Société Publique Locale - Compagnie de,67000,Strasbourg,,['Assurance'],[20],non,non
98,20-104506,2020-08-23,2020-09-22,['67'],2020S0209MAOOC01,joue,directive24,appeloffre,initial,SDEA ALSACE MOSELLE,67013,Strasbourg cedex,,"['Prestations de services', 'Formation']","[274, 410]",non,non
99,20-104545,2020-08-23,2020-09-22,['67'],2020S0210MAOOC01,joue,directive24,appeloffre,initial,SDEA ALSACE MOSELLE,67013,Strasbourg cedex,,['Formation'],[410],non,non
100,20-104383,2020-08-23,2020-09-29,['67'],Assistance à maîtrise d'ouvrage pour l'élaboration de dossiers de propositions dans le cadre du 4ème appel à projets (État) ' Transports collectifs et mobilité durable ',joue,directive24,appeloffre,initial,Eurométropole de Strasbourg,67076,STRASBOURG CEDEX,,"[""Assistance à maîtrise d'ouvrage""]",[433],non,non
101,20-104421,2020-08-23,2020-10-25,['67'],Fourniture et équipements réseau avec maintenance et services associés pour l?ensemble des sites de la CCI GRAND EST,joue,directive24,attribution,initial,CCI GRAND EST,67085,Strasbourg cedex,,['Equipements spécialisés'],[115],non,non
102,20-104349,2020-08-23,2020-09-30,['67'],Achats De Fournitures Scolaires Et De Materiels Pedagogiques,joue,directive24,appeloffre,initial,Ville de Schiltigheim,67302,Schiltigheim,,"['Jeux, jouets', 'Matériel de bureau', 'Matériel de puériculture']","[175, 207, 458]",non,oui
103,20-104258,2020-08-23,2020-08-31,['67'],Fourniture d'enrobés froids et de produits absorbants pour une utilisation sur le réseau routier du Bas-Rhin et du Haut-Rhin - Bas-Rhin et Haut-Rhin,joue,directive24,appeloffre,initial,DEPARTEMENT DU BAS RHIN,67964,Strasbourg,,['Matériaux routiers'],[199],non,non
104,20-104031,2020-08-23,2020-10-08,['68'],Assurance,joue,directive24,appeloffre,initial,COLMARIENNE DES EAUX SEML,68027,COLMAR,,['Assurance'],[20],non,non
105,20-104490,2020-08-23,2020-10-08,['68'],Assurance,joue,directive24,appeloffre,initial,COLMARIENNE DES EAUX SEML,68027,COLMAR,,['Assurance'],[20],non,non
106,20-104251,2020-08-23,2020-10-01,"['68', '67']",assistance à l'émission et la réception de dt/dict/atu et de récépissés,joue,directive24,appeloffre,initial,Ville de Mulhouse,68948,Mulhouse,,['Prestations de services'],[274],non,non
107,20-104263,2020-08-23,2020-09-19,['69'],"Maintenance, assistance, évolutions et développements du SI Applicatifs de la Région",joue,directive24,attribution,initial,REGION AUVERGNE RHONE ALPES,69002,Lyon,"[('2020-08-18', 'GFI Informatique', (6605412.98, 'EUR'), 'Maintenance, assistance, évolutions etdéveloppements du SI Applicatifs de la Région')]",['Informatique (prestations de services)'],[163],non,non
108,20-104593,2020-08-23,2020-09-25,['69'],Fourniture de vêtements de travail pour les services de la ville de Vénissieux,joue,directive24,appeloffre,initial,COMMUNE DE VENISSIEUX,69200,Vénissieux,,"['Chaussures ou articles chaussants', 'Habillement', 'Textile']","[79, 150, 343]",non,non
109,20-104321,2020-08-23,2020-10-09,"['71', '21', '39']",Marché d'assurances pour la Ville et le CCAS de Louhans-Châteaurenaud,joue,directive24,appeloffre,initial,VILLE DE LOUHANS CHATEAURENAUD,71500,Louhans-chateaurenaud,,['Assurance'],[20],non,non
110,20-104289,2020-08-23,2020-10-07,['73'],Exploitation des services d'eau potable et d'assainissement collectif,joue,directive24,appeloffre,initial,Communauté de Communes Coeur de Savoie,73802,Montmélian Cedex,,"['Alimentation en eau potable', 'Assainissement']","[6, 18]",non,non
111,20-104546,2020-08-23,2020-10-06,['74'],"Exploitation de la décheterie intercommunale de Menthon Saint Bernard- Accueil, réception, orientation et gestion",joue,directive24,appeloffre,initial,GRAND ANNECY,74007,Annecy,,['Déchetterie (exploitation)'],[405],non,non
112,20-104470,2020-08-23,2020-12-01,['75'],2020-MNPP-0123-AC,joue,directive24,appeloffre,initial,MUSEE NATIONAL PICASSO PARIS,75003,Paris,,['Signalétique'],[333],oui,oui
113,20-104627,2020-08-23,2020-09-30,['75'],Fourniture d'une solution électronique de suivi et de gestions des situations financières dans le cadre des travaux de restauration de la cathédrale Notre-Dame de Paris,joue,directive24,appeloffre,initial,RNDP,75007,Paris,,['Informatique (prestations de services)'],[163],non,non
114,20-104366,2020-08-23,2020-10-31,['75'],"Assistance juridique, technique, administrative, financière et commerciale pour le suivi du contrôle de l'exploitation de la concession du Stade de France jusqu'à son terme",joue,directive24,attribution,initial,"Ministères santé, travail et sport",75007,Paris,,['Prestations de services'],[274],non,non
115,20-104446,2020-08-23,2020-09-25,['75'],"Fourniture, déploiement, hébergement et maintenance préventive, corrective et évolutive d'un logiciel de billetterie et ses matériels associés, pour les besoins de l'epppd.",joue,directive24,appeloffre,initial,EPPD-CNHI,75012,paris,,"['Informatique (prestations de services)', 'Logiciel', 'Prestations de services']","[163, 186, 274]",non,non
116,20-104362,2020-08-23,2020-10-27,['75'],Accord-cadre à marchés subséquents relatif aux travaux d'aménagement d'espaces verts et de végétalisation sur l'espace public pour la Ville de Paris,joue,directive24,appeloffre,initial,Ville de Paris,75013,Paris,,"['Décoration (travaux)', 'Espaces verts']","[85, 116]",non,non
117,20-104460,2020-08-23,2020-09-22,['75'],"Fournitures de pièces détachées, accessoires, produits multimarques, tous types, destinés au parc de véhicules légers et poids lourds de la Ville de Paris",joue,directive24,appeloffre,initial,Ville de Paris,75013,Paris,,"['Pièces détachées', 'Véhicules']","[266, 359]",non,non
118,20-104579,2020-08-23,2020-09-15,['75'],2013030,joue,directive24,appeloffre,initial,Centre Pompidou,75191,Paris,,['Prestations de services'],[274],non,non
119,20-86196,2020-08-23,2020-09-25,"['75', '91', '92', '93', '94', '95', '77', '78']",marché de travaux pour la construction de l'hôtel de police de torcy - 77,joue,directive24,appeloffre,initial,Préfecture de Police de Paris,75195,Paris,,"['Ascenseur', 'Chauffage (travaux)', 'Climatisation', 'Cloison, faux plafond', 'Electricité (travaux)', 'Fondations spéciales', 'Gros oeuvre', 'Peinture (travaux)', 'Plomberie (travaux)', 'Revêtements de sols', 'Serrurerie', 'Terrassement', 'Ventilation']","[17, 61, 62, 63, 105, 129, 144, 264, 270, 308, 321, 341, 360]",non,non
120,20-104503,2020-08-23,2020-09-25,"['75', '78', '76', '77', '79', '95', '94', '93', '92']",Achat et maintenance d'EEG,joue,directive24,appeloffre,initial,ASSISTANCE PUBLIQUE HOPITAUX DE PARIS,75475,Paris,,"['Automatisation', 'Matériel électrique']","[14, 203]",non,non
121,20-104580,2020-08-23,2020-10-21,['75'],Transmission de données intersites et accès internet,joue,directive24,attribution,initial,INST NAL RECHERCHES ARCHEOLOGIQUES PRE,75685,Paris cedex 14,,['Informatique (prestations de services)'],[163],non,non
122,20-104290,2020-08-23,2020-09-21,"['61', '14', '27', '50', '76']","Prestations de services d'insertion professionnelle de type "" Un emploi stable, c'est pour moi "" (EMS) à mettre en oeuvre auprès des demandeurs d'emploi de la région Normandie.",joue,directive24,attribution,initial,Pôle emploi Normandie,76040,ROUEN,,['Prestations de services'],[274],oui,non
123,20-104346,2020-08-23,2020-09-22,['76'],Fourniture d'équipements de protection individuelle,joue,directive24,appeloffre,initial,HABITAT 76,76040,Rouen,,['Chaussures ou articles chaussants'],[79],non,non
124,20-104438,2020-08-23,2020-09-07,['76'],Prestations de balayage mécanisé stations Teor,joue,autre,rectificatif,rectificatif,METROPOLE ROUEN NORMANDIE,76176,Rouen,,['Nettoyage urbain'],[240],non,non
125,20-104624,2020-08-23,2020-09-22,['77'],Prestation de transport pour le personnel à mobilité réduite de l'onisep,joue,directive24,appeloffre,initial,ONISEP,77437,MARNE LA VALLÉE CEDEX 2,,['Véhicules (location)'],[474],oui,non
126,20-104547,2020-08-23,2020-09-24,['78'],Les Mureaux - Concours restreint de Maîtrise d'oeuvre pour la construction d'un centre d'intervention et de secours,joue,directive24,appeloffre,initial,Conseil départemental des Yvelines,78012,Versailles,,"[""Maîtrise d'oeuvre""]",[197],non,non
127,20-104628,2020-08-23,2020-11-01,['78'],Fourniture et maintenance de bacs pour la collecte des déchets ménagers,joue,directive24,appeloffre,initial,Saint-quentin-en-yvelines,78192,Trappes cedex,,"['Conteneur, poubelles']",[71],non,non
128,20-104564,2020-08-23,2020-09-30,['78'],Maintenance du patrimoine forestier sur le territoire de Saint-Quentin-en-Yvelines,joue,directive24,appeloffre,initial,Saint-quentin-en-yvelines,78192,Trappes cedex,,['Espaces verts'],[116],non,non
129,20-87117,2020-08-23,2020-09-30,"['80', '59', '60', '62']","Accord-cadre pour des missions d'études pré-opérationnelles en urbanisme, paysage, architecture et production d'esquisses d'infrastructures à Amiens",joue,directive24,attribution,initial,Vallée idéale Développement,80011,Amiens cedex 1,,"['Etude', 'Prestations de services']","[118, 274]",non,non
130,20-104480,2020-08-23,2020-09-21,['83'],Appel d'offres en vue de la fourniture de masques pour la Ville de Toulon en 4 lots,joue,directive24,appeloffre,initial,COMMUNE DE TOULON,83056,Toulon,,"['Consommables médicaux', 'Produits pharmaceutiques', 'Textile']","[69, 280, 343]",non,non
131,20-104253,2020-08-23,2020-09-20,['83'],Marché d'entretien et de débroussaillement,joue,directive24,attribution,initial,Ville de Bormes les Mimosas,83230,Bormes Les Mimosas,"[('2020-08-12', 'CLM ENVIRONNEMENT', (375000, 'EUR'), ""La présente consultation a pour objet :- l'entretien de parcelle en zone nature- l'entretien de parcelle en zone paysagère- l'entretien des bords de routes et chemins communaux"")]",['Espaces verts'],[116],non,non
132,20-104528,2020-08-23,2020-10-02,['83'],Entretien des arbres de la Commune,joue,directive24,appeloffre,initial,Ville de Fréjus,83608,Frejus,,['Espaces verts'],[116],non,non
133,20-104500,2020-08-23,2020-10-30,['83'],Fourniture de carburants sur site,joue,directive24,appeloffre,initial,Ville de Fréjus,83608,Fréjus Cedex,,"['Carburant, hydrocarbure']",[52],non,non
134,20-104452,2020-08-23,2020-10-20,['85'],creation d'un port de plaisance a bretignolles-sur-mer,joue,directive24,attribution,initial,CDC du Pays de Saint Gilles Cx de Vie,85806,Saint Gilles Croix de Vie,,"['Génie civil', 'Installation portuaire', ""Ouvrage d'art"", 'Terrassement']","[141, 165, 252, 341]",non,non
135,20-104618,2020-08-23,2020-10-25,['85'],"FOURNITURE, INSTALLATION, L'ACCOMPAGNEMENT, MISE EN OEUVRE ET MAINTENANCE D'UNE SOLUTION DE GESTION DES RECRUTEMENTS POUR LE GHT VENDEE",joue,directive24,attribution,initial,CHD VENDEE,85925,La Roche sur Yon cedex 9,"[('2020-04-21', 'KIOSKEMPLOI', (117480, 'EUR'), ""La fourniture, l'installation, la mise en oeuvre et l'accompagnement d'une solution informatique de gestion des candidatures""), ('2020-04-21', 'KIOSKEMPLOI', (16800, 'EUR'), ""Maintenance d'une solution informatique de gestion des candidatures."")]",['Logiciel'],[186],non,non
136,20-104602,2020-08-23,2020-10-25,['85'],"FOURNITURE, INSTALLATION, MISE EN SERVICE, MAINTENANCE D'ISOLATEUR(S) RIGIDE(S) ET FOURNITURE DE CONSOMMABLES ASSOCIES POUR LA PREPARATION DE CYTOTOXIQUES INJECTABLES",joue,directive24,attribution,initial,CHD VENDEE,85925,LA ROCHE SUR YON Cedex 9,"[('2020-06-22', 'JCE BIOTECHNOLOGY', (158330, 'EUR'), ""Fourniture, installation, consommables et mise en service d'isolateur(s) rigide(s) pour l'unité de reconstitution des chimiothérapies de la pharmacotechnie du Centre Hospitalier de Vendée""), ('2020-06-22', 'JCE BIOTECHNOLOGY', (122887, 'EUR'), ""La maintenance d'isolateur(s) rigide(s) pour l'unité de reconstitution des chimiothérapies de la pharmacotechnie du Centre Hospitalier de Vendée"")]",['Matériel médical'],[212],non,non
137,20-104416,2020-08-23,2020-09-21,['86'],Fourniture et impression d'enveloppes et pochettes,joue,directive24,attribution,initial,CTRE NATIONAL D ENST A DISTANCE,86963,Chasseneuil futuroscope cedex,"[('2020-08-03', 'Cepap', (4472, 'EUR'), 'Enveloppes imprimées non mécanisables'), ('2020-08-05', 'Bong', (4472, 'EUR'), 'Enveloppes imprimées non mécanisables'), ('2020-08-03', 'Gpv France', (41067, 'EUR'), 'Enveloppes imprimées mécanisables'), ('2020-08-03', 'Cepap', (41067, 'EUR'), 'Enveloppes imprimées mécanisables'), ('2020-08-05', 'Bong', (81694, 'EUR'), 'Pochettes imprimées 1 couleur'), ('2020-08-03', 'Gpv France', (81694, 'EUR'), 'Pochettes imprimées 1 couleur'), ('2020-08-03', 'Gpv France', (2373, 'EUR'), 'Pochettes spécifiques')]",['Impression'],[160],non,non
138,20-104440,2020-08-23,2020-09-04,['91'],Mission de maîtrise d'oeuvre pour la construction d'une maison de quartier aux Pyramides,joue,autre,rectificatif,rectificatif,COMMUNE DE EVRY COURCOURONNES,91000,Evry-Courcouronnes,,"[""Maîtrise d'oeuvre""]",[197],non,non
139,20-104428,2020-08-23,2020-10-20,['91'],"Travaux d'entretien et de réparations de VRD dans les espaces extérieurs des sites du département de l'Essonne relevant du lot no3 "" secteur 3 """,joue,directive24,attribution,initial,Conseil général de l'Essonne,91012,Evry cedex,,['Espaces verts'],[116],non,non
140,20-104569,2020-08-23,2020-11-14,['91'],Concession de service public pour l'exploitation d'une plateforme de compostage des déchets végétaux,joue,autre,rectificatif,rectificatif,Siredom,91029,EVRY CEDEX,,"['Végétaux', 'Déchets non ménagers (prestations)']","[358, 404]",non,oui
141,20-104505,2020-08-23,2020-11-03,['91'],Vidange des bacs à graisse pour 82 collèges et lycées de l'Essonne,joue,directive24,appeloffre,initial,Grpt services EPLE Essonne L.P. Perrin,91163,Longjumeau,,['Collecte sélective'],[82],non,non
142,20-104509,2020-08-23,2020-12-09,['91'],Contrôles d'hygiène alimentaire dans les restaurants scolaires,joue,directive24,appeloffre,initial,Grpt services EPLE Essonne L.P. Perrin,91163,Longjumeau,,"['Analyses médicales, biologiques']",[8],non,non
143,20-104626,2020-08-23,2020-11-30,['91'],"Travaux d'entretien, de création des espaces verts et d'entretien du patrimoine arboricole",joue,directive24,appeloffre,initial,CA COMMUNAUTE PARIS SACLAY,91898,Orsay cedex,,['Espaces verts'],[116],non,non
144,20-104250,2020-08-23,2020-09-21,['92'],Infogérance d'un centre de services informatiques et d'ingénierie du poste de travail -CSIP,joue,directive24,appeloffre,initial,Cons. Départ. des Hauts-de-Seine,92000,Nanterre,,['Informatique (prestations de services)'],[163],non,non
145,20-104558,2020-08-23,2020-09-27,"['75', '20B']",Procédure en appel d'offres concernant la réalisation du panorama de presse quotidien et de la veille médiatique pour le compte de l'Autorité de sûreté nucléaire (ASN),joue,directive24,appeloffre,initial,AUTORITE DE SURETE NUCLEAIRE,92120,Montrouge,,['Informatique (prestations de services)'],[163],non,non
146,20-104340,2020-08-23,2020-10-20,['92'],"Installation, maintenance, entretien et approvisionnement des équipements d'hygiène sanitaire des sites de la ville de Montrouge",joue,directive24,attribution,initial,Ville de Montrouge,92121,Montrouge cedex,"[('2020-03-19', 'Société Bartholus', (72725, 'EUR'), ""INSTALLATION, MAINTENANCE, ENTRETIEN ET APPROVISIONNEMENT DES EQUIPEMENTS D'HYGIENE SANITAIRE DES SITES DE LA VILLE DE MONTROUGE"")]",['Hygiène (articles)'],[153],non,non
147,20-104497,2020-08-23,2020-09-25,['92'],La présente consultation a pour objet de confier au titulaire du marché la fourniture et la livraison de végétaux pour la commune de Clamart,joue,autre,rectificatif,rectificatif,Ville de Clamart,92140,CLAMART,,"['Matériel agricole, horticole']",[200],non,non
148,20-104238,2020-08-23,2020-10-01,['92'],Prestations d'entretien du patrimoine arboré,joue,autre,rectificatif,rectificatif,GRAND PARIS SEINE OUEST,92197,Meudon,,['Prestations de services'],[274],non,non
149,20-104617,2020-08-23,2020-09-17,"['92', '94', '75']",PRESTATIONS DE TIERCE RECETTE APPLICATIVE ET D ASSISTANCE A MAITRISE D OEUVRE INFORMATIQUE AU PROFIT DE L EPIDE,joue,autre,rectificatif,rectificatif,EPIDE,92247,Malakoff cedex,,['Informatique (prestations de services)'],[163],non,non
150,20-104520,2020-08-23,2020-09-21,"['92', '75']","Etudes et mesures acoustiques pour les projets de rénovation, de réhabilitation et de construction dans les bâtiments de la ville de Neuilly-Sur-Seine",joue,directive24,appeloffre,initial,Ville de Neuilly-sur-Seine,92522,Neuilly-sur-seine,,['Prestations de services'],[274],non,non
151,20-104514,2020-08-23,2020-10-21,['92'],FOURNITURE ET LIVRAISON DE MOBILIERS DE BUREAU POUR LES SERVICES MUNICIPAUX DE LA VILLE D'ASNIERES-SUR-SEINE,joue,directive24,attribution,initial,Ville d'Asnières-sur-Seine,92600,Asnières sur seine,,"['Matériel de bureau', 'Mobilier', ""Produits d'entretien""]","[207, 230, 278]",non,non
152,20-104567,2020-08-23,2020-10-21,['92'],"TRAVAUX DE DEMOLITION, DE RECONSTRUCTION DE LA HALLE DU MARCHE DE LA PLACE DES VICTOIRES ET CREATION D'UN PARKING SOUTERRAIN",joue,directive24,attribution,initial,Ville d'Asnières-sur-Seine,92600,Asnières sur seine,"[('2020-08-19', 'ENTREPRISE DE TRAVAUX FAYOLLE ET FILS', (15678000, 'EUR'), ""Travaux de restructuration, démolition et d'extension du marché couvert, Place des Victoires à Asnières-sur Seine et la création d'un parking souterrain."")]","['Bâtiment', ""Tous corps d'état""]","[33, 345]",non,non
153,20-104466,2020-08-23,2020-10-02,['92'],Prestations de gardiennage et de sécurité des biens et des personnes pour le centre sportif des Courtilles et différents services de la ville,joue,directive24,appeloffre,initial,Ville d'Asnières-sur-Seine,92600,Asnières sur seine,,"['Prestations de services', 'Surveillance']","[274, 331]",non,non
154,20-104359,2020-08-23,2020-10-21,"['92', '75']",Recherche d'un courtier en assurances,joue,directive24,attribution,initial,PARIS LA DEFENSE,92932,Paris-la-Défense Cedex,,"['Assurance', 'Prestations de services']","[20, 274]",non,non
155,20-104450,2020-08-23,2020-11-20,['93'],Maîtrise d'oeuvre des travaux de mise en accessibilité et travaux d'adaptation des bâtiments et espaces extérieurs de la ville de Bobigny,joue,directive24,appeloffre,initial,COMMUNE DE BOBIGNY,93000,Bobigny,,"['Bâtiment', 'Prestations de services']","[33, 274]",non,non
156,20-102272,2020-08-23,2020-09-21,['93'],accord cadre pour la mission d'externalisation des avis d'échéance et archivage de plaine commune habitat,joue,directive24,appeloffre,initial,OPH Plaine Commune Habitat,93200,Saint-Denis,,['Prestations de services'],[274],non,oui
157,20-104381,2020-08-23,2020-09-30,['93'],Missions d'études géotechniques et de diagnostic de pollution des sols,joue,directive24,appeloffre,initial,EST ENSEMBLE,93232,Romainville,,"['Etude', 'Prestations de services']","[118, 274]",oui,oui
158,20-74649,2020-08-23,2020-09-23,['93'],travaux d'impression et de réalisation des supports physiques de communication,joue,directive24,appeloffre,initial,Commune de Sevran,93270,Sevran,,['Impression'],[160],non,non
159,20-104583,2020-08-23,2020-09-28,['93'],TELEPHONIE - ENTRETIEN ET MAINTENANCE,joue,directive24,appeloffre,initial,MAIRIE DE TREMBLAY EN FRANCE,93290,Tremblay-en-France,,['Matériel de téléphonie'],[339],oui,oui
160,20-104616,2020-08-23,2020-09-25,['94'],ACHAT DE DOCUMENTS AUDIOVISUELS POUR LE RESEAU DES MEDIATHEQUES ET BIBLIOTHEQUES DE GPSEA (2020-2024),joue,directive24,appeloffre,initial,GRAND PARIS SUD EST AVENIR,94046,Créteil cedex,,"['Cd, DVD']",[45],non,non
161,20-104604,2020-08-23,2020-11-20,"['94', '78', '77', '75']",Mission de maîtrise d'oeuvre relative au réaménagement des R+2 et R+4 et à la mise en conformité technique et réglementaire du Monobloc IGH du Centre Hospitalier de Villeneuve-Saint-Georges (CHIV,joue,autre,rectificatif,rectificatif,HOPITAL INTERCOMMUNAL DE CRETEIL,94100,Créteil,,"[""Maîtrise d'oeuvre""]",[197],non,non
162,20-104484,2020-08-23,2020-11-18,['94'],Achat de produits alimentaires divers dans le cadre de la campagne 2019 des épiceries socialesLot 5 - Thon entier au naturel,joue,directive24,attribution,initial,FFBA - Fédération Banques Alimentaires,94250,Gentilly,"[('2020-06-05', 'Etablissements Dhumeaux', (402000, 'EUR'), None)]",['Denrées alimentaires'],[88],non,non
163,20-104344,2020-08-23,2020-10-01,['94'],Fourniture de gaz dans les établissements municipaux,joue,directive24,appeloffre,initial,COMMUNE DE CHAMPIGNY SUR MARNE,94507,Champigny-sur-Marne,,"['Electricité, gaz (fourniture)']",[443],non,non
164,20-104354,2020-08-23,2020-09-21,['95'],"Acquisition, Location Et Maintenance De Défibrillateurs Semi-Automatiques Et Automatiques Dans Le Cadre Du Groupement De Commandes Agat",joue,autre,rectificatif,rectificatif,CA VAL PARISIS,95250,Beauchamp,,['Equipements spécialisés'],[115],non,non
165,20-104406,2020-08-23,2020-09-23,['95'],19171 : Acquisition d'un logiciel police et procès-verbal électronique,joue,directive24,appeloffre,initial,COMMUNAUTE D AGL ROISSY PAYS DE FRANCE,95700,Roissy-En-France,,['Logiciel'],[186],non,non
166,20-104600,2020-08-23,2020-09-21,['971'],COLLECTE DES ENCOMBRANTS SUR LE TERRITOIRE DE LA CANBT - COMMUNES DE PETIT BOURG ET GOYAVE,joue,directive24,attribution,initial,COMMUNAUTE D AGL DU NORD BASSE TERRE,97115,Sainte rose,,"['Collecte sélective', 'Prestations de services']","[82, 274]",non,non
167,20-104233,2020-08-23,2020-09-11,['971'],Fourniture Et Pose De Climatiseurs Pour Les Centres Hospitaliers Membres Du G.H.T. De La Guadeloupe,joue,directive24,appeloffre,initial,CTRE HOSPITAL REG UNIVERSIT GUADELOUP,97159,Pointe-A-Pitre Cedex,,['Climatisation'],[62],non,non
168,20-104218,2020-08-23,2020-08-31,['972'],approvisionnement en fournitures et accessoires de bureau,joue,directive24,modification,modification,Ville du Lamentin,97232,Le Lamentin Martinique,"[('2017-05-04', 'SCLM SARL', (165898.62, 'EUR'), 'Papier')]","['Matériel de bureau', 'Papeterie']","[207, 262]",non,non
169,20-104577,2020-08-23,2020-08-31,['972'],approvisionnement en fournitures et accessoires de bureau,joue,directive24,modification,modification,Ville du Lamentin,97232,Le Lamentin Martinique,"[('2017-05-04', 'LIBRAIRIE ANTILLAISE FOURNITURES (ANTILLES MEDIA DISTRIBUTION)', (69124.42, 'EUR'), 'Classement')]","['Matériel de bureau', 'Papeterie']","[207, 262]",non,non
170,20-104562,2020-08-23,2020-08-31,['972'],approvisionnement en fournitures et accessoires de bureau,joue,directive24,modification,modification,Ville du Lamentin,97232,Le Lamentin Martinique,"[('2017-05-04', 'SCLM SARL', (92165.9, 'EUR'), 'Loisirs créatifs')]","['Matériel de bureau', 'Papeterie']","[207, 262]",non,non
171,20-104591,2020-08-23,2020-08-28,['972'],maintenance preventive et curative des systemes de securite incendie du chum,joue,directive24,appeloffre,initial,CHU de Martinique,97261,fort de france,,['Détection incendie'],[90],non,non
172,20-104605,2020-08-23,2020-12-31,['974'],Mission de maitrise d'oeuvre (procédure formalisée) pour la mise en accessibilité de 22 Collèges,joue,directive24,appeloffre,initial,Société Publique Locale Avenir Réunion,97400,Saint-denis,,"['Abris', ""Maîtrise d'oeuvre"", 'Prestations de services']","[1, 197, 274]",non,non
173,20-104270,2020-08-23,2020-11-18,['974'],Fourniture de petit matériel dentaire et de matériel d'orthodontie pour le Ght de la Réunion (Chu-Gher),joue,directive24,attribution,initial,CHU DE LA REUNION,97400,Saint Denis,,['Matériel dentaire'],[201],non,non
174,20-104419,2020-08-23,2020-09-15,['974'],ACHAT DE MASQUES BARRIERE,joue,directive24,appeloffre,initial,Conseil Régional de la Réunion,97490,Sainte clotilde,,['Sanitaire'],[319],non,non
175,20-104625,2020-08-23,2020-09-20,['976'],"Définition d'une stratégie de communication,de création de supports de communication et de développement d'événements dans le cadre du Pacte Ultramarin d'Investissement dans les Compéte",joue,directive24,appeloffre,initial,GIP CARIF OREF,97600,Mamoudzou,,"[""Assistance à maîtrise d'ouvrage""]",[433],oui,oui
176,20-104245,2020-08-23,2020-09-30,['976'],"Fourniture de médicaments, solutés et produits de nutrition pour le centre hospitalier de Mayotte",joue,directive24,appeloffre,initial,CENTRE HOSPITALIER DE MAYOTTE,97600,Mamoudzou,,['Produits pharmaceutiques'],[280],non,non
177,20-104295,2020-08-23,2020-09-14,['976'],marché de prestations de contrôle et vérifications périodique obligatoire des installations techniques du centre hospitalier de mayotte (rectificatif),joue,autre,rectificatif,rectificatif,CENTRE HOSPITALIER DE MAYOTTE,97600,Mamoudzou,,"['Assistance technique', 'Contrôle technique', 'Etude', 'Prestations de services', 'Ingénierie']","[19, 72, 118, 274, 455]",non,non
178,20-104236,2020-08-23,2020-10-25,['976'],Travaux d'entretien préventif des chaussées du réseau routier départemental de Mayotte,joue,autre,rectificatif,rectificatif,Département de Mayotte,97645,Mamoudzou CEDEX,,['Voirie'],[365],oui,oui
179,20-104246,2020-08-23,2020-09-30,"['974', '75']",Acquisition d'un échographe ultrarapide,joue,directive24,appeloffre,initial,Université de la Réunion,97744,Saint-denis cedex 9,,['Matériel médical'],[212],non,non
180,20-104235,2020-08-23,2020-09-21,['974'],Acquisition d'équipements dédiés au projet RUNDENG pour le laboratoire PIMIT à l'Université de La Réunion,joue,directive24,appeloffre,initial,Université de la Réunion,97744,Saint-denis cedex 9,,['Equipements spécialisés'],[115],non,non
181,20-103858,2020-08-23,2020-11-21,['77'],matériels audio-vidéo et fours à micro-ondes en acquisition avec exécution de prestations annexes,joue,directive24,attribution,initial,Union des Groupements d'Achats Publics,,77444 Marne-la-Vallée Cedex 2,"[('2017-09-20', 'COMEBACK', (165800, 'EUR'), None)]",['Télévision'],[340],non,non
182,20-104089,2020-08-23,2020-10-24,['68'],fourniture et pose de signalisation verticale,joue,directive24,appeloffre,initial,Ville de Mulhouse,,Mulhouse,,"['Signalisation', 'Signalétique']","[322, 333]",non,non
183,20-104338,2020-08-23,2020-10-23,['25'],fourniture et pose de signalisation directionnelle,joue,directive24,appeloffre,initial,Grand Besançon Métropole,,Besançon,,['Signalisation'],[322],non,non
184,20-104634,2020-08-23,2020-09-28,"['973', '971']",Travaux de réfection des voiries communales de la ville de kourou,joue,directive24,appeloffre,initial,COMMUNE DE KOUROU,,97310 kourou,,['Matériel de travaux publics'],[220],non,non
