a00_cle_idweb,g04_01_date_publication,g04_03_date_fin_diffusion,g04_07_dep_publication,g04_09_resume_objet,g01_02_01_famille,g01_02_02_perimetre,g01_02_03_nature,g01_02_04_statut,d01_01_denomination,d01_07_cp,d01_08_ville,d08_09_decision_titulaireandRENSEIGNEMENT,g04_052_descripteurs_libelles,g04_051_descripteurs_codes,g04_061_criteres_sociaux,g04_062_criteres_environnementaux
20-102460,2020-08-16,2020-09-16,['1'],prestations de fauchage sous glissières le long des routes départementales de l'ain et sur les autres propriétés du département,joue,directive24,appeloffre,initial,DEPARTEMENT DE L AIN,01003,Bourg-en-Bresse,,['Espaces verts'],[116],non,non
20-102491,2020-08-16,2020-09-16,['1'],Elagage au lamier le long des routes du département de l'ain et sur les autres propriétés du département,joue,directive24,appeloffre,initial,DEPARTEMENT DE L AIN,01003,Bourg-en-Bresse,,['Espaces verts'],[116],non,non
20-102301,2020-08-16,2020-10-19,['6'],FOURNITURE DE CONSOMMABLES ALIMENTAIRES A USAGE UNIQUE - 2020,joue,directive24,appeloffre,initial,C.H.U. de Nice,06003,Nice cedex 1,,['Film plastique'],[448],non,non
20-102619,2020-08-16,2020-09-15,['6'],Entretien et maintenance des installations thermiques des bâtiments de la ville de Mougins,joue,directive24,appeloffre,initial,Mairie de Mougins,06250,MOUGINS,,"['Chauffage (exploitation, entretien)']",[59],non,non
20-102317,2020-08-16,2020-09-11,['6'],"PIECES DETACHEES NEUVES TOUTES MARQUES, ACCESSOIRES ET EQUIPEMENTS STANDARDS, MAINTENANCE, REPARATION, DEPANNAGE ET REMORQUAGE DE L'ENSEMBLE DU PARC ROULANT VILLE DE MOUGINS CARS COMPRIS",joue,directive24,attribution,initial,Mairie de Mougins,06250,MOUGINS,,"['Mécanique', 'Prestations de services']","[221, 274]",non,non
20-102327,2020-08-16,2020-10-08,['6'],20N0142 - Fourniture et livraison de sanitaires raccordables dédiés aux conducteurs du réseau de transport de la Métropole Nice Côte d'Azur,joue,directive24,appeloffre,initial,METROPOLE NICE COTE D AZUR,06364,Nice cedex 4,,['Sanitaire'],[319],non,non
20-102343,2020-08-16,2020-09-14,['6'],"Fourniture, installation et maintenance d'un système de géolocalisation, d'aide à la conduite et de gestion de la collecte des déchets ménagers sur le territoire de la CACPL",joue,directive24,attribution,initial,C.A.P.L.,06414,Cannes Cedex,,"['Assistance technique', 'Equipements spécialisés', 'Logiciel', 'Matériel électronique']","[19, 115, 186, 204]",non,non
20-102368,2020-08-16,2020-09-14,['6'],accord cadre pour la realisation de petits travaux polyvalents de genie civil dans les espaces communaux,joue,directive24,attribution,initial,Ville de Cagnes sur Mer,06800,CAGNES-SUR-MER,"[('2019-10-24', 'MASALA SRL', (500000, 'EUR'), None)]",['Génie civil'],[141],non,non
20-102380,2020-08-16,2020-09-14,['6'],accord cadre pour les prestations d'entretien des arbres de la commune de cagnes-sur-mer,joue,directive24,attribution,initial,Ville de Cagnes sur Mer,06800,CAGNES-SUR-MER,,['Espaces verts'],[116],non,non
20-102337,2020-08-16,2020-09-04,['6'],travaux neufs et maintenance des installations de video protection (rectificatif),joue,autre,rectificatif,rectificatif,Ville de Cagnes sur Mer,06800,cagnes-sur-mer,,"['Surveillance', 'Télésurveillance']","[331, 415]",non,non
20-102396,2020-08-16,2020-09-14,['6'],"accord cadre pour l'entretien des installations d'eclairage des parcs, jardins, complexes sportifs et monuments",joue,directive24,attribution,initial,Ville de Cagnes sur Mer,06800,CAGNES-SUR-MER,"[('2020-07-20', ""INEO PROVENCE ET COTE D'AZUR"", (400000, 'EUR'), ""ACCORD CADRE POUR L'ENTRETIEN DES INSTALLATIONS D'ECLAIRAGE DES PARCS, JARDINS, COMPLEXES SPORTIFS ET MONUMENTS"")]",['Eclairage public'],[102],non,non
20-102428,2020-08-16,2020-09-14,['6'],contrat pour la fourniture et la maintenance du fleurissement hors sol de la commune de cagnes-sur-mer,joue,directive24,attribution,initial,Ville de Cagnes sur Mer,06800,cagnes-sur-mer,"[('2020-07-02', 'SAS LE JARDIN VEGETAL', (500000, 'EUR'), 'Fourniture et livraison de compositions fleuries pour le fleurissement hors-sol'), ('2020-07-01', 'BOTANICA JARDINS SERVICES', (600000, 'EUR'), None)]",['Espaces verts'],[116],non,non
20-102407,2020-08-16,2020-09-14,['6'],accord cadre pour la maintenance annuelle d'un terrain de beach volley et installation d'un terrain de basket en dalles modulables (hors fourniture de dalles) pour le centre de loisirs jeunesse,joue,directive24,attribution,initial,Ville de Cagnes sur Mer,06800,cagnes-sur-mer,"[('2020-07-01', 'PARCS ET SPORTS SUD', (400000, 'EUR'), ""ACCORD CADRE POUR LA MAINTENANCE ANNUELLE D'UN TERRAIN DE BEACH VOLLEY ET INSTALLATION D'UN TERRAIN DE BASKET EN DALLES MODULABLES (HORS FOURNITURE DE DALLES) POUR LE CENTRE DE LOISIR JEUNESSE"")]",['Aire de jeux'],[400],non,non
20-102510,2020-08-16,2020-10-14,['8'],Founiture de titres restaurant pour le personnel du groupement de commandes-.,joue,directive24,attribution,initial,ARDENNE METROPOLE,08000,CharlevilleMézières,"[('2020-06-16', 'EDENRED FRANCE', (335000, 'EUR'), 'Fourniture et livraison de titres restaurant pour le personnel du groupement de commandes')]",['Prestations de services'],[274],non,non
20-102659,2020-08-16,2020-09-17,['10'],Relance - Maintenance des installations de vidéoprotection et de vidéosurveillance de Troyes Champagne Métropole-.,joue,directive24,appeloffre,initial,Troyes Champagne Métropole,10000,TROYES,,['Maintenance'],[196],non,non
20-102718,2020-08-16,2020-09-01,['10'],"Fabrication, livraison et pose de panneaux de signalisation d'information locale et de panneaux d'entrée de commune du Parc naturel régional de la Forêt d'Orient-.",mapa,cmp2006,appeloffre,initial,SYND MIXTE AMENAGEMENT GEST PARC NATUR,10220,PINEY,,"['Signalisation', 'Signalétique']","[322, 333]",non,non
19-193141,2020-08-16,2020-10-14,['12'],routes départementales,joue,directive24,attribution,initial,Conseil Départemental de l AVEYRON,12450,FLAVIN,,"['Matériaux de construction', 'Matériaux routiers']","[198, 199]",non,non
20-102384,2020-08-16,2020-10-14,['13'],Location de matériels hôteliers et médicaux pour hospitalisation à domicile (HAD),joue,directive24,attribution,initial,CENTRE HOSPITALIER REG DE MARSEILLE,13354,Marseille cedex 05,,['Matériel médical'],[212],non,non
20-102540,2020-08-16,2020-10-14,['13'],Location et maintenance de machines d'entretien neuves,joue,directive24,attribution,initial,CENTRE HOSPITALIER REG DE MARSEILLE,13354,Marseille cedex 05,"[('2020-06-26', 'REMA MEDITERRANEE', (200000.0, 'EUR'), ""Location et maintenance de machines d'entretien neuves : location maintenance d'autolaveuses et mono brosses"")]",['Matériel électrique'],[203],non,non
20-102444,2020-08-16,2020-09-15,['13'],"Accord-cadre à bons de commande mono-attributaire pour la mise à disposition de contenants, transport et traitement des déchets issus des déchèteries et points tri de la commune d'",joue,directive24,appeloffre,initial,Communauté d'Agglomération ACCM,13637,Arles,,"['Benne', 'Conteneur, poubelles', 'Déchets non ménagers (prestations)']","[34, 71, 404]",non,non
20-102468,2020-08-16,2020-10-14,['13'],Maintenance des espaces ludiques urbains en 2 lots,joue,directive24,attribution,initial,Ville de Fos-sur-Mer,13771,Fos sur mer cedex,"[('2020-08-13', 'RECRE ACTION', (60000, 'EUR'), 'Maintenance des espaces ludiques urbains - LOT 1 aires de jeux et agrès sportifs de marques HAGS'), ('2020-08-13', 'RECREACTION', (60000, 'EUR'), 'Maintenance des espaces ludiques urbains - lot 2 aires de jeux et équipements sportifs multimarques')]",['Maintenance'],[196],non,non
20-102470,2020-08-16,2020-10-14,"['13', '34', '83', '84']",Achat et livraison de matériels et équipements sportifs pour le groupement de commandes entre la ville de Fos-sur-Mer et le CCAS de Fos-sur-Mer- Lot 1 : Gros matériels et équipements sportifs.,joue,directive24,attribution,initial,Ville de Fos-sur-Mer,13771,Fos sur mer cedex,"[('2020-08-13', 'CASAL SPORT', (3000, 'EUR'), 'Achat et livraison de matériels et équipements sportifs pour le groupement de commandes entre la ville de Fos-sur-Mer et le CCAS de Fos-sur-Mer- Lot 1 : Gros matériels et équipements sportifs.')]",['Equipement sportif'],[113],non,non
20-102025,2020-08-16,2020-09-18,['17'],travaux d'entretien et d'installation des systèmes de sécurité incendie des bâtiments du département de la charente-maritime. (entretien et travaux neufs),joue,directive24,appeloffre,initial,Cons. Départ. de la Charente-Maritime,17076,La Rochelle,,['Sécurité incendie'],[332],non,oui
20-102661,2020-08-16,2020-09-17,['19'],Achat De Fournitures Administratives Pour Les Annees 2021 A 2024,joue,directive24,appeloffre,initial,COMMUNAUTE D'AGGLO DU BASSIN DE BRIVE,19103,Brive,,['Articles de bureau et articles scolaires'],[16],non,non
20-102503,2020-08-16,2020-09-21,['20A'],Réseau ferroviaire de Corse - Extension de la commande centralisée de la voie unique et création de section de croisement : modification des bâtiments gares région Ajaccienne,joue,directive25,appeloffre,initial,COLLECTIVITE DE CORSE,20187,Ajaccio,,"['Electricité (travaux)', 'Maçonnerie', 'Menuiserie']","[105, 195, 222]",non,non
20-102688,2020-08-16,2020-09-28,"['20A', '20B']",MP NETTOYAGE 2020,joue,autre,rectificatif,rectificatif,Préfecture de Corse - SGAC,20188,Ajaccio cedex 9,,['Nettoyage de locaux'],[239],non,oui
20-102307,2020-08-16,2020-09-24,['21'],Marché de services d'assurance à destination des villes de Marsannay-la-Côte et Magny-sur-Tille,joue,directive24,appeloffre,initial,Dijon Métropole,21075,Dijon,,['Assurance'],[20],non,non
20-102490,2020-08-16,2020-09-25,"['21', '71']",LOCATION DE MATELAS DYNAMIQUES POUR L'ENSEMBLE DES SITES DU GHT SUD COTE D'OR ET L'EHPAD DE POUILLY-EN-AUXOIS,joue,directive24,appeloffre,initial,Hospices Civils de Beaune,21203,Beaune,,['Location (matériels)'],[185],non,non
20-102362,2020-08-16,2020-09-12,['21'],Fourniture et distribution de bacs roulants pour la collecte des déchets recyclables,joue,directive25,attribution,initial,CC OUCHE ET MONTAGNE,21410,Sainte Marie sur Ouche,,['Déchets non ménagers (prestations)'],[404],non,non
20-102629,2020-08-16,2020-09-16,['24'],Traitement des gravats des déchèteries du Smd3 sur le secteur du Grand Périgueux,joue,directive24,appeloffre,initial,SMD3,24660,Coulounieix Chamiers,,['Déchets non ménagers (prestations)'],[404],non,non
20-102486,2020-08-16,2021-09-24,['27'],"marché de traitement des ordures ménagères résiduelles issues des quais de transferts de gisors, charleval et etrépagny",joue,directive24,appeloffre,initial,SYGOM,27700,Les Andelys,,['Ordures ménagères (prestations)'],[249],non,non
20-102413,2020-08-16,2020-09-15,['28'],Entretien et inspections des réseaux et des ouvrages d'assainissement (eaux usées et pluviales) et essais préalables à leur réception (2 lots),joue,directive24,appeloffre,initial,Chartres Métropole,28019,Chartres cédex,,['Assainissement'],[18],oui,non
20-102635,2020-08-16,2020-09-18,['29'],Fourniture de dispositifs médicaux pour stomie pour le Groupement de commandes de produits de santé du Finistère,joue,directive24,appeloffre,initial,CH REG ET UNVT DE BREST,29609,Brest cedex,,['Consommables médicaux'],[69],non,non
20-102638,2020-08-16,2020-09-18,['29'],Fourniture de dispositifs médicaux d'ORL pour le Groupement de commandes de produits de santé du Finistère,joue,directive24,appeloffre,initial,CH REG ET UNVT DE BREST,29609,Brest cedex,,['Consommables médicaux'],[69],non,non
20-102620,2020-08-16,2020-10-05,"['30', '48', '82', '31']",Marche de prestations de nettoyage de certaines juridictions des Cours d appel de Toulouse et de Nimes,joue,directive24,appeloffre,initial,COUR D APPEL DE TOULOUSE,31000,Toulouse,,['Nettoyage de locaux'],[239],non,oui
20-102355,2020-08-16,2020-09-11,['31'],"Location avec option d'achat de PDA mobiles type smartphone avec lecteur de code à barres intégré, maintenance et accessoires associés.",joue,autre,rectificatif,rectificatif,CHU DE TOULOUSE,31059,Toulouse cedex 9,,['Télécommunications'],[338],non,non
20-593,2020-08-16,2020-11-14,"['31', '9', '12', '32', '33', '40', '65', '66', '81']",Travaux d'entretien et de réparation des chaussée du réseau routier de la DIR Sud-Ouest,joue,directive24,attribution,initial,DIR Sud-Ouest,31300,TOULOUSE,,"['Génie civil', 'Voirie']","[141, 365]",oui,oui
20-102329,2020-08-16,2020-11-14,"['9', '12', '31', '32', '33', '40', '65', '66', '81']",rééquipement des 18 bretelles simples dans le cadre de la modernisation du réseau d'éclairage public des vsa de toulouse (a620-a621-a624-a623) gérées par la dirso,joue,directive24,attribution,initial,DIR Sud-Ouest,31300,TOULOUSE,,['Eclairage public'],[102],non,non
20-102385,2020-08-16,2020-09-21,['31'],"Fourniture de petit matériel de laboratoire, pièces détachées et consommables d'analyses",joue,directive24,appeloffre,initial,SMEA31,31400,Toulouse,,['Laboratoire (matériel)'],[188],non,non
20-102364,2020-08-16,2020-09-21,['31'],Fourniture d'outillage à main - Lot no1,joue,directive24,appeloffre,initial,SMEA31,31400,Toulouse,,['Outillage'],[251],non,non
20-102535,2020-08-16,2020-10-14,['33'],ACQUISITION DE LINGE DE MAISON ET DE PETITE ENFANCE A DESTINATION DES SERVICES DE LA VILLE DE BORDEAUX,joue,directive24,attribution,initial,COMMUNE DE BORDEAUX,33045,BORDEAUX,"[('2020-08-14', 'GRANJARD', (400000, 'EUR'), None)]",['Textile'],[343],non,non
20-102505,2020-08-16,2020-10-14,['33'],sf aero- travaux de signalisation ferroviaire,joue,directive25,attribution,initial,Bordeaux Métropole,33045,BORDEAUX,"[('2020-08-14', 'CEGELEC MOBILITY', (1874322.8, 'EUR'), None)]","['Matériel ferroviaire', 'Signalisation', ""Tous corps d'état""]","[206, 322, 345]",non,non
20-102474,2020-08-16,2020-09-30,['33'],Bus à haut niveau de service Bordeaux Gare Saint-Jean- Saint-Aubin de Médoc - Travaux préparatoires de voirie,joue,directive25,appeloffre,initial,Bordeaux Métropole,33045,BORDEAUX,,"['Réseaux divers', 'Signalisation', 'Topographie', 'Voirie et réseaux divers', 'Sondage (travaux)']","[306, 322, 344, 366, 478]",non,non
20-102471,2020-08-16,2020-09-30,['86'],Poitiers 86 Construction d'une zone technique pour engins blindés (SCORPION),joue,directive24,appeloffre,initial,MINDEF/SGA/DCSID/ESID Bordeaux,33068,Bordeaux,,"['Abris', ""Tous corps d'état""]","[1, 345]",oui,oui
20-72422,2020-08-16,2020-09-08,['33'],Prestations de maintenance et d'exploitation des voies ferrées portuaires,joue,directive25,appeloffre,initial,Grand Port Maritime de Bordeaux,33082,Bordeaux cedex,,"['Maintenance', 'Voies ferrées']","[196, 364]",non,oui
20-102664,2020-08-16,2020-09-21,['34'],"Prestations topographiques, parcellaires et assistance à Maîtrise d'Oeuvre sur le territoire héraultais ( 2021-2024)",joue,directive24,appeloffre,initial,Conseil départemental de l'Hérault,34087,Montpellier,,['Topographie'],[344],non,non
20-102479,2020-08-16,2020-09-17,['34'],Requalification De La Zae Les Trouyaux A Poussan,joue,directive24,appeloffre,initial,SOCIETE PUBLIQUE LOCALE BASSIN DE THAU,34204,Sete,,"['Eclairage public', 'Espaces verts', 'Voirie']","[102, 116, 365]",non,non
20-100494,2020-08-16,2020-10-01,['34'],reservation de berceaux aupres d'entreprises de creches sur le territoire communal,joue,directive24,appeloffre,initial,Ville de Montpellier,34267,Montpellier,,['Prestations de services'],[274],non,non
20-102304,2020-08-16,2020-09-21,"['35', '22', '56']",prestations d'elagage et d'abattage sur le patrimoine arbore de la ville de cesson-sevigne,joue,directive24,appeloffre,initial,COMMUNE DE CESSON SEVIGNE,35510,Cesson Sévigné,,"['Espaces verts', 'Prestations de services']","[116, 274]",non,non
20-102507,2020-08-16,2020-09-22,['38'],Prestations de maintenance multi technique du bâti et des équipements du stade des Alpes situé à Grenoble,joue,autre,rectificatif,rectificatif,GRENOBLE-ALPES METROPOLE,38031,Grenoble,,"['Equipement sportif', 'Maintenance', 'Prestations de services']","[113, 196, 274]",non,non
20-102458,2020-08-16,2020-11-11,['38'],Services de télécommunications,joue,directive24,attribution,initial,Ville de Villefontaine,38093,Villefontaine cedex,"[('2020-08-14', 'Orange', (66981.93, 'EUR'), 'Téléphonie fixe'), ('2020-08-14', 'Bouygues_telecom', (52671.55, 'EUR'), 'Téléphonie mobile'), ('2020-08-14', 'Orange', (122826.72, 'EUR'), 'Accès à internet et téléphonie fixe sur Ip')]",['Télécommunications'],[338],non,non
20-102449,2020-08-16,2020-10-01,"['38', '1', '69', '73', '74']",Numéro de la consultation : 2016ap Fourniture d'un phacoémulsificateur et des consommables/fournitures associées pour la chirurgie de la cataracte au Centre Hospitalier Pierre Oudo,joue,directive24,appeloffre,initial,CENTRE HOSPITALIER PIERRE OUDOT,38302,Bourgoin-Jallieu,,['Matériel médical'],[212],non,non
20-102373,2020-08-16,2020-08-22,['39'],MARCHE DE MAITRISE D'OEUVRE - OPERATION DE MISE EN SECURITE INCENDIE ET ACCESSIBILITE DU CH JURA SUD - SITE LONS LE SAUNIER,joue,directive24,attribution,initial,Centre Hospitalier Jura Sud,39016,LONS LE SAUNIER CEDEX,,"[""Maîtrise d'oeuvre"", 'Sécurité incendie']","[197, 332]",non,non
20-102363,2020-08-16,2020-09-21,['40'],FOURNITURE DE CARBURANTS,joue,directive24,appeloffre,initial,COMMUNE DE BISCARROSSE,40601,Bicarrosse cedex,,"['Carburant, hydrocarbure']",[52],non,non
20-101513,2020-08-16,2020-09-23,['40'],fourniture de denrees alimentaires et assistance technique pour la cuisisne centrale du ccas de hagetmau,joue,directive24,appeloffre,initial,EHPAD,40700,HAGETMAU,,"['Assistance technique', 'Boisson', 'Restauration collective', 'Denrées alimentaires', 'Prestations de services']","[19, 39, 66, 88, 274]",non,non
20-102520,2020-08-16,2020-09-23,['40'],services d'assurances pour le c.i.a.s. d'aire sur 'ladour,joue,directive24,appeloffre,initial,CIAS,40800,Aire sur l'adour,,['Assurance'],[20],non,non
20-102454,2020-08-16,2020-09-22,['41'],Location de matériels et de véhicules sans chauffeur pour le compte du Conseil départemental de Loir-et-Cher,joue,directive24,appeloffre,initial,CONSEIL DEPARTEMENTAL DE LOIR-ET-CHER,41020,Blois,,"['Location (matériels)', 'Véhicules (location)']","[185, 474]",non,oui
20-102294,2020-08-16,2020-10-13,['42'],DAL-DAH2020-13 PRESTATIONS D INTERPRETARIAT,joue,directive24,attribution,initial,CHU SAINT ETIENNE,42055,Saint etienne cedex 02,,['Prestations de services'],[274],non,non
20-102571,2020-08-16,2020-09-22,['42'],Fourniture De Livres Non Scolaires Et Documents Imprimes A L'Usage Des Médiathèques De Roannais Agglomération,joue,directive24,appeloffre,initial,Roannais Agglomération,42311,Roanne,,['Livres'],[184],non,non
20-102346,2020-08-16,2020-11-11,['44'],Fourniture de repas en liaison froide pour les structures petite enfance de la Ville d'Orvault,joue,directive24,attribution,initial,Ville d'Orvault,44700,ORVAULT,"[('2020-08-13', 'ANSAMBLE SAS', (90000, 'EUR'), None)]","['Repas, traiteur']",[304],non,non
20-102493,2020-08-16,2020-10-14,"['18', '28', '36', '37', '41', '45']","Prestations de services d'insertion professionnelle de type "" Accélèr'emploi"" (ACL) à mettre en oeuvre auprès des demandeurs d'emploi de la région Centre-Val de Loire",joue,directive24,attribution,initial,Pôle emploi Centre Val de Loire,45035,Orléans cedex 1,,['Prestations de services'],[274],oui,non
20-102640,2020-08-16,2020-10-17,['57'],HAEST 200811-Entretien régulier des plans d'eau et espaces verts de trois stations de traitement des eaux minières,joue,directive24,appeloffre,initial,B R G M,45060,Orleans cedex 2,,['Prestations de services'],[274],non,non
20-102358,2020-08-16,2020-09-18,"['50', '14', '61']",Fourniture De Viande Fraîche Et Charcuterie,joue,directive24,appeloffre,initial,Commune de la hague,50442,La Hague,,['Denrées alimentaires'],[88],non,non
20-102502,2020-08-16,2020-09-14,['51'],2020-11EP ENTRETIEN DES ESPACES PUBLICS EXTERIEURS,joue,directive24,attribution,initial,COMMUNE DE EPERNAY,51200,Epernay,,"['Espaces verts', 'Terrain de sport', 'Cimetière']","[116, 342, 437]",oui,non
20-102703,2020-08-16,2020-09-14,['54'],Maintenance de bassin et baignoires de balnéothérapie,joue,autre,rectificatif,rectificatif,CHRU de Nancy,54035,Nancy cedex,,['Maintenance'],[196],non,non
20-102279,2020-08-16,2020-10-14,['54'],MARCHE D'EXPLOITATION DES INSTALLATIONS THERMIQUES DES CHAUFFERIES COLLECTIVES DU PATRIMOINE DE L'OPH DE LUNEVILLE A BACCARAT,joue,directive24,attribution,initial,O.P.H.L.M. de Lunéville,54300,LUNEVILLE,"[('2020-08-13', 'IDEX ENERGIES', (222095, 'EUR'), None)]","['Chauffage (exploitation, entretien)']",[59],non,non
20-102557,2020-08-16,2020-09-23,['57'],20s0095 - Prestations de support et assistance des infrastructures Citrix et Vmware,joue,directive24,appeloffre,initial,DEPARTEMENT DE LA MOSELLE,57036,Metz,,['Informatique (maintenance serveurs et réseaux)'],[454],non,non
20-102634,2020-08-16,2020-09-28,['57'],SERVICES D'ASSURANCES POUR LA COMMUNE DE TERVILLE,joue,directive24,appeloffre,initial,Ville de Terville,57180,TERVILLE,,['Assurance'],[20],non,non
20-102485,2020-08-16,2020-09-13,['57'],"Prestations de services de nettoyage, de bio-nettoyage des locaux et des vitres du Groupement Hospitalier de Territoire de Moselle EST",joue,directive24,appeloffre,initial,CENTRE HOSPITALIER ROBERT PAX,57212,SARREGUEMINES,,['Nettoyage de locaux'],[239],non,non
20-102512,2020-08-16,2020-09-15,['59'],Réalisation de la coordination et du suivi environnemental des opérations de dragages d'entretien de la Direction Territoriale Nord-Pas-de-Calais de Voies Navigables de France,joue,directive24,appeloffre,initial,Voies navigables de France,59034,Lille cédex,,['Prestations de services'],[274],non,oui
20-102293,2020-08-16,2020-11-10,['59'],Recalibrage du canal de la Deûle pour sa mise au gabarit 3 000 tonnes entre Sequedin et Deûlémont - Travaux de dragage,joue,directive24,attribution,initial,Voies navigables de France,59034,Lille Cédex,,['Dragage'],[93],non,oui
20-102300,2020-08-16,2020-09-15,['59'],Maintenance des installations de traitement d'eau de la blanchisserie du CHU de Lille,joue,directive24,appeloffre,initial,CHU DE LILLE,59037,Lille cedex,,['Prestations de services'],[274],non,non
20-102533,2020-08-16,2020-11-06,['59'],Accord cadre relatif à une mission de maîtrise d'oeuvre ainsi que des missions complémentaires et spécifiques pour les bâtiments de la Métropole Européenne de Lille - 5 lots,joue,directive24,appeloffre,initial,METROPOLE EUROPEENNE DE LILLE,59040,Lille cedex,,['Ingénierie'],[455],non,non
20-102550,2020-08-16,2020-09-18,['59'],Prestations de services relatives à une mission de maîtrise d'oeuvre d'infrastructure routière dans le cadre du projet de réalisation d'une voie nouvelle dite 'Barreau de Cappelle-,joue,directive24,appeloffre,initial,DEPARTEMENT DU NORD,59047,Lille,,"[""Maîtrise d'oeuvre""]",[197],non,non
20-102379,2020-08-16,2020-10-14,['59'],"Achat de médicaments hors gynécologie et dermatologie à destination des services départementaux de PMI et de prévention santé (CLAT, CEGID) du Département du Nord",joue,directive24,attribution,initial,DEPARTEMENT DU NORD,59047,Lille,,['Produits pharmaceutiques'],[280],non,non
20-102344,2020-08-16,2020-10-13,['59'],"SERVICES DE TRANSPORTS REGULIERS DES ELEVES ET ETUDIANTS EN SITUATION DE HANDICAP DOMICILIES DANS LE DEP. DU NORD VERS LEUR ETABLISSEMENT SCOLAIRE, D'ENSEIGNEMENT SUPERIEUR OU LIEU DE STAGE - 9 L",joue,directive24,attribution,initial,DEPARTEMENT DU NORD,59047,Lille,,"[""Oeuvre d'art"", 'Transport']","[247, 347]",non,non
20-102706,2020-08-16,2020-09-25,"['59', '62']",Accord cadre de services de formation obligatoire d'approfondissement des assistants maternels agréés par le Département du Nord - 2 lots,joue,directive24,appeloffre,initial,DEPARTEMENT DU NORD,59047,Lille,,['Formation'],[410],non,non
20-102374,2020-08-16,2020-10-14,['59'],Acquisition et maintenance d'une solution applicative complète de gestion des marchés publics en mode SaaS et services connexes (SI Achat) pour le Département du Nord,joue,directive24,attribution,initial,DEPARTEMENT DU NORD,59047,Lille,,['Informatique (prestations de services)'],[163],non,non
20-102412,2020-08-16,2020-10-13,['59'],Mission d'assistance à maîtrise d'ouvrage pour l'élaboration du Règlement Local de Publicité intercommunal (RLPi) de la Communauté Urbaine de Dunkerque,joue,directive24,attribution,initial,Communauté Urbaine de Dunkerque,59386,Dunkerque cedex 1,"[('2020-04-21', 'MESURES & PERSPECTIVES', (49630, 'EUR'), ""Mission d'assistance à maîtrise d'ouvrage pour l'élaboration du Règlement Local de Publicité intercommunal (RLPi) de la Communauté Urbaine de Dunkerque"")]","[""Assistance à maîtrise d'ouvrage""]",[433],non,non
20-102383,2020-08-16,2020-10-14,['59'],"Identification, analyse, transport et traitement des déchets de fibres-amiantées issus de dépôts sauvages - 2 lots",joue,directive24,attribution,initial,Communauté Urbaine de Dunkerque,59386,Dunkerque cedex 1,"[('2020-04-24', 'AC ENVIRONNEMENT', (1520, 'EUR'), 'Identification et analyse des matériaux'), ('2020-04-28', 'EGD', (26332, 'EUR'), 'Traitement des déchets amiantés')]","['Prestations de services', 'Amiante (désamiantage)']","[274, 479]",non,non
20-102567,2020-08-16,2020-11-11,['59'],étude de géothermie,joue,directive24,intentionconclure,initial,COMMUNE DE SOMAIN,59490,Somain,"[('2020-08-12', 'Ferest Ing', (28400, 'EUR'), None)]","['Etude', ""Maîtrise d'oeuvre"", ""Assistance à maîtrise d'ouvrage""]","[118, 197, 433]",non,non
20-101202,2020-08-16,2020-09-17,['60'],rd932 - deviation ouest de noyon travaux d'amenagement paysager,joue,directive24,appeloffre,initial,Département de l'Oise,60000,BEAUVAIS,,['Espaces verts'],[116],non,oui
20-102499,2020-08-16,2020-09-28,['60'],Services d'assurances pour Ineris,joue,directive24,appeloffre,initial,INERIS,60550,Verneuil-en-halatte,,['Assurance'],[20],non,non
20-102529,2020-08-16,2020-10-14,['60'],Accord-cadre à marchés subséquents - Missions de contrôle technique,joue,directive24,attribution,initial,Communauté de communes du Clermontois,60600,Clermont,"[('2020-07-03', 'QUALICONSULT', (1920000, 'EUR'), 'Accord-cadre à marchés subséquents - Missions de contrôle technique'), ('2020-07-02', 'PREVENTEC SAS', (1920000, 'EUR'), 'Accord-cadre à marchés subséquents - Missions de contrôle technique'), ('2020-07-02', 'BTP CONSULTANTS', (1920000, 'EUR'), 'Accord-cadre à marchés subséquents - Missions de contrôle technique')]",['Contrôle technique'],[72],non,non
20-102356,2020-08-16,2020-09-30,"['61', '72']",Prestations de nettoyage de locaux et de vitres pour la Ville d'Alençon - Reconsultation,joue,directive24,appeloffre,initial,Ville d'Alençon,61014,Alençon,,['Nettoyage de locaux'],[239],non,non
20-102626,2020-08-16,2020-09-15,['62'],Fourniture et pose de sas automatiques de contrôle aux frontières au niveau de l'extension du Port de Calais. appel à candidatures,joue,directive25,appeloffre,initial,SEPD,62100,Calais,,"[""Contrôle d'accès""]",[81],non,non
20-100227,2020-08-16,2020-09-16,['62'],Assurance risques statutaires pour le GHT de l'artois,joue,directive24,appeloffre,initial,Centre Hospitalier de Lens,62307,LENS,,['Assurance'],[20],non,non
20-102538,2020-08-16,2020-11-14,['62'],"accord-cadre relatif à la fourniture à la pompe de carburants par cartes accréditives, cartes hors parc pour la flotte automobile, les utilitaires et les matériels spécifiques",joue,directive24,attribution,initial,ville du Touquet-Paris-Plage,62520,Le Touquet Paris Plage,"[('2020-07-28', 'SAS Total Marketing France', (109536.32, 'EUR'), None)]","['Carburant, hydrocarbure']",[52],non,non
20-102283,2020-08-16,2020-10-20,"['56', '1', '31', '41']","Achat : fourniture de harnais et de composants entrant dans l'équipement de gilets, canots et paquetages de survie au profit du SIAé et des Forces",joue,directive81,appeloffre,initial,MINDEF/AIR/SIAé,63028,CLERMONT-FERRAND CEDEX 2,,['Armement'],[12],non,non
20-102297,2020-08-16,2020-09-24,['63'],Réparation d'éléments d'aéronefs militaires dans le domaine des composites pour l'atelier industriel de l'aéronautique de Clermont-Ferrand (AIA CF),joue,directive81,appeloffre,initial,MINDEF/AIR/SIAé,63028,CLERMONT-FERRAND CEDEX 2,,"['Aéronautique', 'Maintenance']","[4, 196]",non,non
20-102531,2020-08-16,2020-09-18,['64'],Fourniture et mise en oeuvre de bétons bitumineux pour le Département des Pyrénées-Atlantiques,joue,directive24,appeloffre,initial,Département des Pyrénées-Atlantiques,64000,PAU,,['Revêtements de sols'],[308],non,oui
20-102447,2020-08-16,2020-09-18,['64'],"Accord cadre à bons de commande pour des prestations de levés topographiques, de géoréférencement et de détection multi-réseaux sur le territoire de la Communauté d'Agglomération P",joue,directive24,appeloffre,initial,CA DU PAYS BASQUE,64185,Bayonne Cedex,,['Topographie'],[344],non,non
20-102487,2020-08-16,2020-10-14,['64'],prestations de transport collectif,joue,directive24,attribution,initial,Ville d'Anglet,64603,Anglet,"[('2020-08-13', 'LE BASQUE BONDISSANT', (600000, 'EUR'), None), ('2020-08-13', 'TRANSDEV', (250000, 'EUR'), None)]",['Transport'],[347],non,oui
20-102310,2020-08-16,2020-09-22,['65'],Fourniture De Materiel Informatique,joue,autre,rectificatif,rectificatif,COMMUNAUTE DE COMMUNES DE HTE BIGORRE,65201,Bagneres De Bigorre,,"['Consommables informatiques', 'Informatique (matériel)']","[68, 162]",non,oui
20-102311,2020-08-16,2020-09-22,['65'],Lot N°2- Relance Suite A Une Declaration Sans Suite- Renouvellement Telephonie Fixes - Internet (Abonnements Internet Et Lignes Speciales),joue,autre,rectificatif,rectificatif,COMMUNAUTE DE COMMUNES DE HTE BIGORRE,65201,Bagneres De Bigorre,,['Télécommunications'],[338],non,oui
20-101537,2020-08-16,2020-09-16,"['67', '68']",Accord cadre de fourniture de matériel électrique pour la réalisation des chantiers de l'équipe Mobile d'Ouvriers Professionnels (EMOP) de la Maison de Région de Mulhouse,joue,directive24,appeloffre,initial,REGION GRAND EST,67070,Strasbourg,,['Matériel électrique'],[203],non,non
20-102378,2020-08-16,2020-08-22,"['67', '68', '88', '54', '51', '55', '57', '8', '10']",Maintenance des onduleurs des services de l'Etat et certains des établissements publics en région Grand Est.,joue,directive24,appeloffre,initial,Préfecture de région Alsace - SGARE,67073,Strasbourg,,['Onduleur'],[465],non,non
20-102469,2020-08-16,2020-09-29,['67'],Gestion du trafic et de la sécurité routière,joue,directive24,appeloffre,initial,Eurométropole de Strasbourg,67076,STRASBOURG CEDEX,,['Signalisation'],[322],non,non
20-102492,2020-08-16,2020-09-29,['67'],Gestion du trafic et de la sécurité routière,joue,directive24,appeloffre,initial,Eurométropole de Strasbourg,67076,STRASBOURG CEDEX,,['Signalisation'],[322],non,non
20-102287,2020-08-16,2020-09-22,['67'],Travaux de construction du Pôle d'Administration Publique de Strasbourg (PAPS) et du Pôle de compétence en Propriété Intellectuelle (PCPI) _ 'Le CARDO',joue,directive24,appeloffre,initial,Eurométropole de Strasbourg,67076,STRASBOURG CEDEX,,"['Bardage', 'Etanchéité', 'Isolation']","[30, 117, 169]",non,non
20-102352,2020-08-16,2020-09-22,['67'],"Collecte, transport, tri des produits des collectes sélectives et reprise des produits triés",joue,directive24,appeloffre,initial,Eurométropole de Strasbourg,67076,STRASBOURG CEDEX,,['Collecte sélective'],[82],non,non
20-102478,2020-08-16,2020-11-11,['68'],Anticorps monoclonaux et marqueurs d'anatomopathologie,joue,directive24,attribution,initial,Hopitaux Civils de Colmar,68024,Colmar,,['Laboratoire (fourniture)'],[181],non,non
20-90223,2020-08-16,2020-09-18,['68'],"fourniture, installation et mise en service de fauteuils de repos pour le ght de haute alsace",joue,directive24,appeloffre,initial,GHR Mulhouse Sud Alsace,68051,Mulhouse,,['Mobilier'],[230],non,non
20-102425,2020-08-16,2020-09-14,"['69', '15']",Services de transport scolaire - Cantal - 79 lots,joue,directive24,attribution,initial,REGION AUVERGNE RHONE ALPES,69269,Lyon Cedex 2,,['Transport'],[347],non,non
20-102305,2020-08-16,2020-09-14,"['69', '26', '15', '7']",Services de transport scolaire de la Région Auvergne-Rhône-Alpes dans la Drôme et les départements voisins -16 lots,joue,directive24,attribution,initial,REGION AUVERGNE RHONE ALPES,69269,Lyon Cedex 2,,['Transport'],[347],non,non
20-102591,2020-08-16,2020-08-31,['34'],2051I0005Travaux Dragage axe Sud,joue,directive24,attribution,initial,Voies navigables de France,69321,Lyon cedex 05,,"[""Travaux dans l'eau"", 'Voirie']","[349, 365]",non,oui
20-99083,2020-08-16,2020-09-25,['69'],travaux de marquage pour la signalisation au sol pour les communes du territoire des services urbains ouest sud (subdivisions de ps et po sud),joue,directive24,appeloffre,initial,Métropole de Lyon,69505,Lyon cedex 3,,"['Signalisation', 'Voirie et réseaux divers']","[322, 366]",non,non
20-102325,2020-08-16,2020-10-05,['69'],Creation D'Un Systeme De Video ProtectionSur la Commune de Collonges au Mont d'Or,joue,directive24,appeloffre,initial,Commune de Collonges au Mont d'Or,69660,Collonges Au Mont D'Or,,"['Fibre optique', 'Matériel de transmission', 'Télésurveillance']","[133, 210, 415]",non,non
20-102593,2020-08-16,2020-09-17,['70'],Réhabilitation du collège de Jussey en établissement du 1er et du 2nd degré,joue,directive24,appeloffre,initial,Département de la Haute Saône,70006,Vesoul cedex,,"['Ascenseur', 'Bâtiments modulaires', 'Cloison, faux plafond', 'Couverture', 'Cuisine (équipement)', 'Electricité (travaux)', 'Etanchéité', 'Gros oeuvre', 'Menuiserie', 'Plâtrerie', 'Plomberie (travaux)', 'Ravalement', 'Réseaux divers', 'Revêtements de sols', 'Serrurerie', ""Tous corps d'état"", 'Dépollution']","[17, 27, 63, 74, 77, 105, 117, 144, 222, 269, 270, 299, 306, 308, 321, 345, 442]",non,non
20-102566,2020-08-16,2020-11-11,['72'],Approvisionnement de gaz propane en citerne (y compris équipements techniques),joue,directive24,attribution,initial,DEPARTEMENT DE LA SARTHE,72072,Le Mans,"[('2020-08-07', 'Antargaz', (185000, 'EUR'), None)]",['Gaz divers'],[139],non,non
20-102409,2020-08-16,2020-11-11,['73'],Transports scolaires 2020/2021 sur le territoire de Grand Lac,joue,directive24,attribution,initial,Cté d'Agglo du Lac du Bourget,73106,Aix Les Bains,"[('2020-05-11', 'Autocars Pays De Savoie', (67260, 'EUR'), 'circuit 2401 Portout - Chanaz - Vions - Chindrieux - Aix Les Bains'), ('2020-05-11', 'Seyssel Cars', (51949, 'EUR'), 'circuit 2405 Ruffieux-College De Culoz'), ('2020-05-11', 'Autocars Pays De Savoie', (52200, 'EUR'), 'circuit 2406 Chanaz-Vions'), ('2020-05-11', 'Autocars Pays De Savoie', (60900, 'EUR'), 'circuit 2411 Ontex - Saint Pierre De Curtille - Conjux'), ('2020-05-11', 'Transarc', (39655, 'EUR'), 'circuit 2412 Chindrieux - College De Culoz'), ('2020-05-11', 'Autocars Pays De Savoie', (53631, 'EUR'), 'circuit 2413 Chanaz - Vions - College De Culoz'), ('2020-05-11', 'Voyages Francony', (57551, 'EUR'), 'circuit 1617 Albens - Braille - Rumilly'), ('2020-05-11', 'Autocars Pays De Savoie', (60180, 'EUR'), 'circuit 1679 Albens - Lycée Rumilly')]",['Transport'],[347],non,non
20-102565,2020-08-16,2020-11-11,['73'],Navettes pour la station de Montalbert (hiver/été),joue,directive24,attribution,initial,Commune d'Aime-la-Plagne,73211,Aime-La-Plagne cedex,"[('2020-07-17', 'Voyages Loyet', (435428, 'EUR'), None)]",['Transport'],[347],non,non
20-102299,2020-08-16,2020-09-18,['73'],"Prestations De Déneigement Station Des Saisies Sur Trois Saisons D'Hiver 2020/2021, 2021/2022, 2022/2023",joue,directive24,appeloffre,initial,COMMUNE DE HAUTELUCE,73620,Hauteluce,,['Transport'],[347],non,non
20-102705,2020-08-16,2020-09-16,['74'],"Acquisition, mise en oeuvre et maintenance d'un progiciel de gestion d'architecture d'entreprise et de conformité au Règlement Général sur la Protection des Données (Rgdp)",joue,directive24,appeloffre,initial,Département de la Haute-Savoie,74041,Annecy,,['Progiciel'],[283],non,non
20-102360,2020-08-16,2020-11-11,['74'],Fabrication Et Livraison Des Repas Pour Les Creches Et La Halte Garderie Municipales,joue,directive24,attribution,initial,Ville d'Annemasse,74107,Annemasse,"[('2020-08-03', 'Shcb', (56440, 'EUR'), None)]",['Restauration collective'],[66],non,non
20-102508,2020-08-16,2020-09-25,['74'],"Mise en place d'un système d'assainissement séparatif, renouvellement des canalisations de distribution et d'adduction en eau potable, sur les communes d'Orcier (74550) et du Lyaud",joue,directive24,appeloffre,initial,THONON AGGLOMERATION,74207,Thonon-Les-Bains Cedex,,"['Alimentation en eau potable', 'Assainissement']","[6, 18]",non,non
20-102639,2020-08-16,2020-09-23,['75'],Mission de maitrise d'oeuvre pour la restauration de l'orgue de tribune de la cathédrale Notre-Dame de Paris,joue,directive24,appeloffre,initial,RNDP,75007,Paris,,"[""Maîtrise d'oeuvre""]",[197],non,non
20-99276,2020-08-16,2020-12-31,"['971', '972', '973', '974', '975', '75']","prestations de services de sécurité et de surveillance des locaux des unités territoriales de guyane, guadeloupe, martinique, de mayotte et de la réunion de l'agence de l' outre-mer pour la mobilité",joue,directive24,appeloffre,initial,LADOM,75007,Paris,,['Surveillance'],[331],non,non
20-102423,2020-08-16,2020-09-30,['75'],Conseil et gestion opérationnelle pour le développement de la stratégie de partenariats du SIG,joue,directive24,attribution,initial,Service d'Information du Gouvernement,75007,Paris cedex 07,"[('2020-07-06', 'ASSOCIATION THINKERS & DOERS', (800000, 'EUR'), ""Lot 1 - Cercle de réflexion composé d'experts de la société civile""), ('2020-07-06', 'LSA (La SOCIETE ANONYME)', (1000000, 'EUR'), 'Lot 2 - Stratégie de réseau')]",['Prestations de services'],[274],non,non
20-102424,2020-08-16,2020-09-30,['75'],Iconographies et vidéos destinées à illustrer l'écosystème digital du Service d'Information du Gouvernement (SIG),joue,directive24,attribution,initial,Service d'Information du Gouvernement,75007,Paris cedex 07,"[('2020-07-06', 'GETTY IMAGES FRANCE', (320000, 'EUR'), ""Base pour des photos et des vidéos génériques d'illustrations institutionnelles""), ('2020-07-06', 'GETTY IMAGES FRANCE', (160000, 'EUR'), ""Base pour des photos et des vidéos génériques d'illustrations non-institutionnelles""), ('2020-07-06', 'AGENCE FRANCE PRESSE', (340000, 'EUR'), ""Base pour des photos et des vidéos d'actualités, y compris l'actualité internationale"")]","['Prestations de services', 'Vidéo, cinéma']","[274, 362]",non,non
20-102606,2020-08-16,2020-09-21,['75'],Fourniture de matériels audiovisuels et de prestations associées au profit de la présidence de la République,joue,directive24,appeloffre,initial,Présidence de la République,75008,Paris,,['Matériel photographique et cinématographique'],[214],non,non
20-101796,2020-08-16,2020-09-23,"['75', '91', '92', '77', '93', '94', '95']",assistance à maitrise d'ouvrage sur les études de circulation,joue,directive24,appeloffre,initial,Ile de France Mobilités,75009,Paris,,"['Etude', 'Transport']","[118, 347]",non,non
20-102614,2020-08-16,2020-09-23,['75'],"Accord-cadre à bons de commande pour des formations professionnelles portant sur les domaines de la sécurité et de la sureté, en deux lots",joue,directive24,appeloffre,initial,PARIS MUSEES,75010,Paris,,['Formation'],[410],non,non
20-102601,2020-08-16,2020-10-14,"['75', '92']",Travaux de génie civil pour les infrastructures du prétraitement neuf du site amont de l'usine de Clichy,joue,directive24,attribution,initial,SIAAP,75012,Paris,"[('2020-07-07', 'RAZEL-BEC', (16988702, 'EUR'), ""Travaux de génie civil pour les infrastructures du prétraitement neuf du site amont de l'usine de Clichy."")]","['Génie civil', ""Ouvrage d'infrastructure""]","[141, 253]",non,non
20-102677,2020-08-16,2020-09-14,['75'],Fourniture de masques chirurgicaux,joue,directive24,attribution,initial,Ville de Paris,75013,Paris,"[('2020-03-22', 'OVEREDEN SAS', (2740000, 'EUR'), 'Fourniture de masques chirurgicaux')]",['Textile'],[343],non,non
20-102440,2020-08-16,2020-09-29,['75'],"Conception, fabrication, pose, entretien et maintenance de sanitaires autonettoyants sur l'espace public parisien",joue,directive24,appeloffre,initial,Ville de Paris,75013,Paris,,['Sanitaire'],[319],non,non
20-102679,2020-08-16,2020-09-14,['75'],Fourniture de masques chirurgicaux,joue,directive24,attribution,initial,Ville de Paris,75013,Paris,"[('2020-04-20', 'ETS BARTHOLUS', (1160000, 'EUR'), 'Fourniture de masques chirurgicaux')]",['Textile'],[343],non,non
20-102347,2020-08-16,2020-09-22,['75'],Accord-cadre à bons de commande pour la réalisation d'enquêtes usagers mystères et prestations associées portant sur la qualité de service dans les équipements de la Ville de Paris,joue,directive24,appeloffre,initial,Ville de Paris,75013,Paris,,"['Sondage, enquête']",[471],non,non
20-102618,2020-08-16,2020-10-15,['75'],"Fourniture de bordures et pierres pour le prolongement du tramway T3 de la porte d'Asnières (Paris, 17ème) à la porte Dauphine (Paris, 16ème)",joue,directive24,attribution,initial,Ville de Paris,75013,Paris,,['Matériaux routiers'],[199],non,non
20-92845,2020-08-16,2020-10-15,"['94', '75', '27', '89', '77', '91', '92']",maintenance des moteurs électriques et des électropompes,joue,directive25,attribution,initial,EAU DE PARIS,75013,Paris,"[('2020-07-05', 'AEP PARIS ILE DE FRANCE', (200000, 'EUR'), 'Révision ou reconditionnement de moteurs électriques de groupes électrompompes de surface'), ('2020-07-05', 'AEP PARIS ILE DE FRANCE', (215000, 'EUR'), 'Révision et/ou reconditionnement des moteurs électriques et des groupes électrompompes immergés')]","['Maintenance', 'Pompes']","[196, 272]",non,non
20-92900,2020-08-16,2020-10-15,"['75', '27', '28', '77', '89', '91', '78', '92', '94']","maintenance des cellules haute tension, des transformateurs et des tableaux bt",joue,directive25,attribution,initial,EAU DE PARIS,75013,Paris,"[('2020-07-08', 'SCHNEIDER ELECTRIC FRANCE', (320000, 'EUR'), ""Maintenance des cellules haute tension d'EAU DE PARIS""), ('2020-07-06', 'SATELEC', (30000, 'EUR'), ""Maintenance des transformateurs à huile et des régleurs en charge d'EAU DE PARIS""), ('2020-07-06', 'SATELEC', (200000, 'EUR'), 'Maintenance des tableaux basse tension et des transformateurs à sec')]","['Maintenance', 'Matériel électrique']","[196, 203]",non,non
20-102646,2020-08-16,2020-09-14,"['75', '95', '94', '93', '92', '91', '78', '77']","2020-09 - Conception, réalisation, et maintenance du site internet Film Paris Region",joue,directive24,appeloffre,initial,CHOOSE PARIS REGION,75019,Paris,,"['Informatique (prestations de services)', 'Site internet']","[163, 171]",non,oui
20-102394,2020-08-16,2020-10-14,['75'],Fourniture de titres restaurants pour l'AMF,joue,directive24,attribution,initial,Autorité des Marchés Financiers,75082,Paris cedex 02,"[('2020-07-30', 'NATIXIS INTERTITRES SA', (4500000, 'EUR'), ""Fourniture de titres-restaurant pour l'AMF"")]",['Titres restaurant'],[416],non,non
20-102545,2020-08-16,2020-09-30,['75'],Prestations de nettoyage des tenues des formateurs en techniques de sécurité en intervention de la Préfecture de police,joue,directive24,appeloffre,initial,Préfecture de police DFCPP BCP,75195,Paris cedex 04,,['Prestations de services'],[274],non,oui
20-102578,2020-08-16,2020-10-02,"['76', '27', '14', '80']",Fabrication et la fourniture de pièces de fonderie destinées au Grand Port Maritime de Rouen,joue,directive25,appeloffre,initial,GRAND PORT MARITIME DE ROUEN,76022,Rouen cedex,,['Fonderie'],[130],non,non
20-102647,2020-08-16,2020-09-14,['76'],Prestations de services juridiques de représentation et des prestations accessoires de conseil juridique,joue,directive24,appeloffre,initial,CHU-Hôpitaux de Rouen,76031,Rouen cedex,,['Prestations de services'],[274],non,non
20-102322,2020-08-16,2020-09-21,['76'],Fourniture de dispositifs médicaux stériles pour la chirurgie maxillo-faciale,joue,directive24,appeloffre,initial,CHU-Hôpitaux de Rouen,76031,Rouen cedex,,['Produits pharmaceutiques'],[280],non,oui
20-102622,2020-08-16,2020-09-21,['76'],études géotechniques et géologiques,joue,directive24,appeloffre,initial,Ville du Havre,76084,Le Havre,,['Prestations de services'],[274],non,non
20-102711,2020-08-16,2020-09-23,['76'],Prestations de développement et d'intégration basées sur la solution Capdémat évolution,joue,directive24,appeloffre,initial,Département de Seine-Maritime,76101,Rouen Cedex,,['Informatique (prestations de services)'],[163],non,non
20-102692,2020-08-16,2020-09-18,['76'],Fourniture et installation d'une assembleuse / plieuse / agrafeuse dans les locaux de l'imprimerie départementale,joue,directive24,appeloffre,initial,Département de Seine-Maritime,76101,Rouen Cedex,,"[""Matériel d'imprimerie""]",[211],non,non
20-102437,2020-08-16,2020-10-20,"['76', '14', '27', '61']","ACCORD CADRE DE FOURNITURES DE PRODUITS LIES A L'INCONTINENCE, CONSOMMABLES A USAGE UNIQUE ET EXECUTION DE PRESTATIONS ASSOCIEES",joue,directive24,appeloffre,initial,GPT DE COOPERATION SANITAIRE HACOM,76170,Lillebonne,,"['Articles à usage unique', 'Hygiène (articles)']","[15, 153]",non,non
20-98136,2020-08-16,2020-09-14,"['77', '75', '91', '92', '93', '94', '95', '33', '78']","appel à projets d'innovation ""routes et rues"" pour l'année 2020",joue,directive24,attribution,initial,CEREMADTITM,77487,PROVINS CEDEX,,"['Génie civil', 'Matériaux de construction', 'Matériaux routiers', ""Ouvrage d'art"", ""Ouvrage d'infrastructure""]","[141, 198, 199, 252, 253]",non,non
20-102554,2020-08-16,2020-09-21,['78'],"Exploitation des installations de chauffage, de ventilation, de climatisation et de traitement d'air de deux bâtiments Départementaux hors chaufferie gaz et chauffage urbain",joue,directive24,appeloffre,initial,Conseil départemental des Yvelines,78012,Versailles,,"['Chauffage (exploitation, entretien)']",[59],non,non
20-102276,2020-08-16,2020-10-10,"['78', '75', '92', '93', '94', '95']",Convention de sous-occupation temporaire du domaine public,joue,directive23,attribution,initial,SIDRU,78100,Saint Germain en laye,"[('2019-12-06', 'TRYON', (338000, 'EUR'), 'Convention de sous-occupation temporaire du domaine public')]",['Prestations de services'],[274],non,non
20-102432,2020-08-16,2020-09-22,['78'],"MISSION DE MISE EN PLACE, DE SUIVI ET D'ANIMATION DE 3 PLANS DE SAUVEGARDE - IMMEUBLE DES PLEIADES.",joue,directive24,appeloffre,initial,MAIRIE DES MUREAUX,78135,LES MUREAUX CEDEX,,"['Abris', 'Prestations de services']","[1, 274]",non,non
20-102361,2020-08-16,2020-11-11,['78'],Location et maintenance de photocopieurs multifonctions pour la commune de Viroflay,joue,directive24,attribution,initial,COMMUNE DE VIROFLAY,78220,Viroflay,"[('2020-08-11', 'Canon', (62261, 'EUR'), 'Location et maintenance de photocopieurs multifonctions Noir & Blanc (Monochrome)'), ('2020-08-14', 'Toshiba Ile De France', (84590, 'EUR'), ""Location et maintenance d'un photocopieur multifonctions Couleur"")]",['Informatique (prestations de services)'],[163],non,non
20-102694,2020-08-16,2020-09-16,['79'],Contrôle de qualité des dispositifs médicaux et vérification périodique des équipements de travail et des sources de rayonnements ionisants,joue,directive24,appeloffre,initial,CENTRE HOSPITALIER DE NIORT,79021,Niort,,['Prestations de services'],[274],non,non
20-102653,2020-08-16,2020-09-18,['80'],Marché de prestations de service d'assurances concernant l'opération de construction de L'Institut Faire Face,joue,directive24,appeloffre,initial,CHU AMIENS PICARDIE,80054,Amiens cedex 1,,['Assurance'],[20],non,non
20-102442,2020-08-16,2020-09-25,['80'],MARCHE PUBLIC DE PRESTATION DE SERVICES EN ASSURANCE,joue,directive24,appeloffre,initial,Ville d'ABBEVILLE,80101,ABBEVILLE Cedex,,['Assurance'],[20],non,non
20-102403,2020-08-16,2020-09-25,['83'],Nettoyage Des Bâtiments Communaux De La Ville Du Pradet,joue,autre,rectificatif,rectificatif,Commune du Pradet,83220,Le Pradet,,['Nettoyage de locaux'],[239],non,non
20-102553,2020-08-16,2020-10-21,['83'],Carburants à la pompe pour les véhicules du SDIS du VAR,joue,directive24,attribution,initial,SDIS du Var,83300,Draguignan,"[('2020-07-09', 'MAEL DISTRI CARREFOUR CONTACT', (19752, 'EUR'), 'Fourniture de carburants à la pompe destinés à approvisionner les véhicules du CIS BAGNOLS EN FORET'), ('2020-07-08', 'MAEL DISTRI CARREFOUR CONTACT', (25501, 'EUR'), 'Fourniture de carburants à la pompe destinés à approvisionner les véhicules du CIS SAINT PAUL EN FORET'), ('2020-07-08', 'THEVENIN ET DUCROT DISTRIBUTION', (11555, 'EUR'), 'Fourniture de carburants à la pompe destinés à approvisionner les véhicules du CIS TOURTOUR')]","['Carburant, hydrocarbure']",[52],non,non
20-102408,2020-08-16,2020-11-11,['83'],Ports Et Activites Portuaires- Mission de maîtrise d'oeuvre pour les travaux de mise en conformité de la station d'avitaillement du Port Saint Pierre,joue,directive24,attribution,initial,Commune d'Hyères-les-Palmiers,83412,Hyères,"[('2020-08-13', 'Sa Ingeole Consulting', (51346, 'EUR'), None)]",['Station de pompage'],[326],non,non
20-102456,2020-08-16,2020-11-11,['83'],Culture Et Patrimoine - Vestiges et espaces naturels de la colline du château - Etudes préalables à la maîtrise d'oeuvre - Procédure adaptée,joue,directive24,attribution,initial,Commune d'Hyères-les-Palmiers,83412,Hyères,"[('2020-08-13', ""groupement Sarlu Matonti Architecture et Patrimoine Mandataire Sas Scop Hades / Sarl Jardins d'histoires / Sas Ingerop"", (51495, 'EUR'), None)]",['Prestations de services'],[274],non,non
20-102689,2020-08-16,2020-09-10,['83'],Accord-cadre de fourniture de denrées alimentaires issues de l'agriculture conventionnelle et biologique et en circuit-court et direct producteur,joue,directive24,appeloffre,initial,SI VAROIS D AIDE AUX ACHATS DIVERS,83430,Saint-Mandrier,,['Denrées alimentaires'],[88],non,non
20-102669,2020-08-16,2020-11-11,['85'],Achat de prestations de communication à l'occasion de l'organisation de l'édition 2020-2021 du Vendée Globe,joue,directive24,attribution,initial,Département de la Vendée,85923,La Roche Sur Yon,"[('2020-08-04', 'Saem Vendee', (3166666, 'EUR'), None)]",['Prestations de services'],[274],non,non
20-102607,2020-08-16,2020-09-18,['86'],Maintenance des chambres froides et équipements des Laboratoires et du service de Restauration du CHU de Poitiers,joue,directive24,appeloffre,initial,CHU DE POITIERS,86021,Poitiers cedex,,['Prestations de services'],[274],oui,oui
20-102547,2020-08-16,2020-09-21,['91'],Restauration scolaire et personnel municipal,joue,directive24,attribution,initial,COMMUNE DE SAINT PIERRE DU PERRAY,91280,Saint pierre du perray,"[('2020-08-11', 'ELRES SAS commercialement ELIOR France Enseignement', (501668.25, 'EUR'), 'Restauration scolaire et personnel municipal')]","['Restauration collective', 'Prestations de services']","[66, 274]",non,non
20-102594,2020-08-16,2020-10-14,['92'],Plateforme de réservation de lieux d?hébergement et d?accompagnement socio-médico-éducatif pour les mineurs et les jeunes majeurs suivis/confiés au Département,joue,directive24,appeloffre,initial,Cons. Départ. des Hauts-de-Seine,92000,Nanterre,,['Prestation hotelière'],[466],non,non
20-102370,2020-08-16,2020-09-30,['92'],Marché public global de performance énergétique sur les installations thermique et les bâtiments du patrimoine immobilier de la ville d'Asnières sur Seine,joue,directive24,appeloffre,initial,Ville d'Asnières-sur-Seine,92600,Asnières sur seine,,"['Chauffage (exploitation, entretien)', 'Chauffage (travaux)']","[59, 61]",non,non
20-85052,2020-08-16,2020-09-14,['92'],pilotage et animation d'une mous (maitrise d'oeuvre urbaine et sociale) de relogement inter bailleurs et inter réservataires à nanterre,joue,directive24,appeloffre,initial,PARIS OUEST LA DEFENSE,92806,Puteaux cedex,,['Prestations de services'],[274],non,non
20-102541,2020-08-16,2020-10-14,"['93', '94', '95', '77']","Réalisation d'une déchèterie - recyclerie, d'une voirie et d'un dépôt communal à Neuilly-sur-Marne (93)",joue,directive24,modification,modification,GRAND PARIS GRAND EST,93160,Noisy-le-grand cedex,,['Déchetterie (travaux)'],[96],non,non
20-102536,2020-08-16,2020-09-14,['93'],Entretien des Espaces Verts,joue,directive24,attribution,initial,Ville de Noisy-le-Grand,93160,Noisy-le-grand,,['Espaces verts'],[116],non,oui
20-102274,2020-08-16,2020-09-14,['93'],"marché de prestations de service d'assurance ""complémentaire santé"" pour les besoins de plaine commune habitat.",joue,directive24,appeloffre,initial,OPH Plaine Commune Habitat,93200,saint denis,,['Assurance'],[20],non,non
20-102701,2020-08-16,2020-12-01,"['93', '92', '91', '94', '95', '75', '77', '78']",Assistance technique à maîtrise d'ouvrage auprès de l'équipe de la Direction Reporting de la Société du Grand Paris,joue,directive25,appeloffre,initial,Société du Grand Paris,93212,La plaine saint-denis,,"[""Assistance à maîtrise d'ouvrage""]",[433],non,non
20-102320,2020-08-16,2020-10-12,['93'],"FOURNITURE DE SYSTEMES ANALYTIQUES DE SEROLOGIE INFECTIEUSE, DE REACTIFS ET REALISATION DE PRESTATIONS DE SERVICES ASSOCIEES",joue,directive24,attribution,initial,Etablissement Français du Sang,93218,La plaine saint denis cedex,,['Matériel médical'],[212],non,non
20-102388,2020-08-16,2020-10-14,"['93', '75', '78', '91', '94', '95', '92']",Prestations de médecine du travail pour l'EPS de VILLE-EVRARD,joue,directive24,appeloffre,initial,E.P.S. de Ville-Evrard,93332,Neuilly sur marne cedex,,['Prestations de services'],[274],non,non
20-102443,2020-08-16,2020-10-14,['93'],Marché de collecte des déchets ménagers et assimilés de l'EPT Grand Paris Grand Est,joue,directive24,modification,modification,EPT GRAND PARIS GRAND EST,93390,Clichy-sous-bois,"[('2017-11-27', 'SEPUR', (13370655, 'EUR'), 'Ensemble des collectes hors verre en PAV des communes de Neuilly-Plaisance, Neuilly-sur-marne, Noisy-le-Grand et Rosny-sous-Bois')]",['Ordures ménagères (prestations)'],[249],non,non
20-102609,2020-08-16,2020-09-14,['93'],entretien des espaces verts et clôtures - patrimoine arboré,joue,directive24,appeloffre,initial,ville de Clichy-sous-bois,93390,clichy sous Bois,,"['Arrosage', 'Espaces verts', 'Végétaux']","[13, 116, 358]",non,non
20-102515,2020-08-16,2020-10-14,['94'],MARCHE GLOBAL DE PERFORMANCE POUR LA CONSTRUCTION D'UN 6ème COLLEGE A CHAMPIGNY-SUR-MARNE,joue,directive24,attribution,initial,Département du Val de Marne,94054,Créteil cedex,,['Bâtiment'],[33],oui,oui
20-102369,2020-08-16,2021-02-28,"['94', '78', '77', '75', '92', '95']",Mission de maîtrise d'oeuvre relative au réaménagement des R+2 et R+4 et à la mise en conformité technique et réglementaire du Monobloc IGH du Centre Hospitalier de Villeneuve-Saint-Georges (CHIV,joue,directive24,appeloffre,initial,HOPITAL INTERCOMMUNAL DE CRETEIL,94100,Créteil,,"[""Maîtrise d'oeuvre"", 'Prestations de services']","[197, 274]",non,non
20-102675,2020-08-16,2020-10-14,['94'],Fourniture de livres et documents non scolaires,joue,directive24,attribution,initial,Ville de Fontenay-sous-Bois,94125,Fontenay-sous-Bois,"[('2020-08-05', 'La Générale Librest (SAS)', (70000, 'EUR'), 'Livres et documents non scolaires pour les besoins de la médiathèque'), ('2020-08-04', 'J & B CHAMPON', (10000, 'EUR'), 'Livres et documents non scolaires pour les besoins des autres services de la ville')]",['Livres'],[184],non,oui
20-102494,2020-08-16,2020-10-15,['94'],"Prestations d'espaces verts, année 2020-2021 (1 an reconductible 3 fois) - 2 lots.",joue,directive24,attribution,initial,Ville du Perreux sur Marne,94170,Le perreux sur marne,,"['Espaces verts', 'Prestations de services']","[116, 274]",non,non
20-102419,2020-08-16,2020-10-11,['94'],"La fourniture de denrées alimentaires, assistance technique pour la restauration collective municipale, année 2020-2021 (1 an reconductible 3 fois).",joue,directive24,attribution,initial,Ville du Perreux sur Marne,94170,Le perreux sur marne,"[('2020-07-23', 'SCOLAREST - COMPASS GROUPE FRANCE', (1000000, 'EUR'), 'La fourniture de denrées alimentaires, assistance technique pour la restauration collective municipale, année 2020-2021 (1 an reconductible 3 fois).')]",['Denrées alimentaires'],[88],non,non
20-95754,2020-08-16,2020-09-20,['94'],"cquisition centralisée d'écrans, de micro-ordinateurs et des prestations associées au profit du ministère des armées (ACEMO IV) catégorie 2.",joue,directive24,attribution,initial,DIRISI,94270,Kremlin Bicêtre,"[('2020-08-13', 'INMAC WSTORE SAS', (8581076, 'EUR'), 'Catégorie 2 : Ordinateurs portables et accessoires. ')]",['Informatique (matériel)'],[162],oui,oui
20-102296,2020-08-16,2020-10-02,['94'],Marché de collecte et de nettoiement des marchés alimentaires,joue,directive24,appeloffre,initial,EPT PARIS EST MARNE ET BOIS,94340,Joinville le pont,,['Nettoyage urbain'],[240],non,non
20-102461,2020-08-16,2020-12-01,['95'],"Transport en cars de tout public d'enfants et d'adultes sur le territoire de la commune et hors commune (le cas échéant, à l'étranger), sur des distances aller et retour variables.",joue,directive24,appeloffre,initial,ville d'Argenteuil,95100,Argenteuil,,['Transport'],[347],non,non
20-102617,2020-08-16,2020-09-14,['95'],Réhabilitation des réseaux intercommunaux d'eaux pluviales et d'eaux usées sur la commune de Domont.,joue,directive24,attribution,initial,SIAH des Vallées du Croult,95500,Bonneuil en France,"[('2020-05-12', 'BARRIQUAND SAS', (422488.5, 'EUR'), ""Marché public relatif à la réhabilitation des réseaux intercommunaux d'eaux pluviales et d'eaux usées au lieudit 'la Tête Richard' sur la commune de DOMONT."")]",['Assainissement'],[18],non,oui
20-102598,2020-08-16,2020-09-14,['95'],Marché public de travaux relatifs à la réhabilitation des réseaux d'eaux usées et d'eaux pluviales rue des Sources à Sarcelles,joue,directive24,attribution,initial,SIAH des Vallées du Croult,95500,Bonneuil en France,"[('2020-07-09', 'ENTREPRISE FAYOLLE ET FILS', (279998.4, 'EUR'), ""Marché public de travaux relatifs à la réhabilitation des réseaux d'eaux usées et d'eaux pluviales rue des Sources à Sarcelles"")]",['Assainissement'],[18],non,non
20-102516,2020-08-16,2020-09-20,['95'],MARCHE 10-20-25 : LOCATION LONGUE DUREE ET ENTRETIEN DES VEHICULES DU SIAH,joue,directive24,attribution,initial,SIAH des Vallées du Croult,95500,Bonneuil en France,"[('2020-06-26', 'AGL SERVICES', (689462.88, 'EUR'), 'Marché public de location longue durée et entretien des véhicules du SIAH')]",['Véhicules (location)'],[474],non,non
20-102613,2020-08-16,2020-09-14,['95'],"Entretien, exploitation et amélioration des postes de refoulement et de relèvement, des dégrilleurs, des vannes et instrumentations des bassins de retenue, des points de mesure des réseaux EU et EP",joue,directive24,attribution,initial,SIAH des Vallées du Croult,95500,Bonneuil en France,"[('2020-05-29', 'CEG', (264264.5, 'EUR'), 'Lot 1 : Postes de relèvement et dégrilleurs'), ('2020-05-29', 'VEOLIA', (244856.5, 'EUR'), 'Lot 2 : Vannes et équipements associés'), ('2020-05-29', 'SEMERU', (199390, 'EUR'), 'Lot 3 : Points de mesures')]",['Assainissement'],[18],non,non
20-102577,2020-08-16,2020-09-15,['978'],Marché de maîtrise d'oeuvre pour les travaux de rénovation des cantines scolaires de la Collectivité de Saint-Martin.,joue,directive24,appeloffre,initial,Collectivité de Saint Martin,97054,Saint-Martin Cedex,,"[""Maîtrise d'oeuvre""]",[197],non,non
20-102712,2020-08-16,2020-10-14,['971'],Prestation de contrôle et de vérification du protocole de sécurité sanitaire COVID19 pour les arrivées des voyageurs sur le Territoire de la Collectivité de Saint-Barthélemy,joue,directive24,appeloffre,initial,Collectivité de Saint-Barthélemy,97098,Saint-barthélemy,,['Surveillance'],[331],non,non
20-102273,2020-08-16,2020-10-21,['971'],COLLECTE DES ENCOMBRANTS SUR LE TERRITOIRE DE LA CANBT - COMMUNES DE PETIT BOURG ET GOYAVE,joue,autre,rectificatif,rectificatif,COMMUNAUTE D AGL DU NORD BASSE TERRE,97115,Sainte rose,,['Collecte sélective'],[82],non,oui
20-102336,2020-08-16,2020-09-15,['971'],SMT 2020 MFS2,joue,directive24,appeloffre,initial,Syndicat Mixte des Transports du PCSM,97122,Baie mahault,,"['Prestations de services', 'Transport']","[274, 347]",non,non
20-102707,2020-08-16,2020-09-22,"['971', '978']",AFC 2019 ET COMPETENCES TRANSVERSES,joue,autre,rectificatif,rectificatif,Pôle emploi Guadeloupe et Iles du Nord,97139,Les abymes,,['Prestations de services'],[274],non,non
20-102710,2020-08-16,2020-09-13,['978'],"Marché d'assurances dommages aux biens, responsabilité civile et flotte automobile",joue,directive24,appeloffre,initial,Centre Hospitalier de Saint martin,97150,Saint Martin,,['Assurance'],[20],non,non
20-102708,2020-08-16,2020-09-23,['971'],"Realisation De Formalites De Transport, Transit, Douane, Logistique Pour Les Operations D'Import, D'Export Et De Livraison",joue,directive24,appeloffre,initial,CTRE HOSPITAL REG UNIVERSIT GUADELOUP,97159,Pointe-A-Pitre Cedex,,"['Prestations de services', 'Transport']","[274, 347]",non,non
20-102422,2020-08-16,2020-09-16,['972'],Désignation d'un commissaire aux comptes titulaire pour six exercices comptables de 2020 à 2025 inclus pour l'Ircom Agirc-Arrco.,joue,directive24,appeloffre,initial,Institution Retraite Complémentaire MQ,97200,Fort-de-France,,"['Audit', 'Prestations de services']","[21, 274]",non,non
20-102260,2020-08-16,2020-08-31,['972'],acquisition de matériel informatique,joue,directive24,modification,modification,Ville du Lamentin,97232,Le Lamentin Martinique,"[('2020-07-31', 'INTERFACE CARAIBE INFODOM', (5529.95, 'EUR'), 'Tablettes')]","['Informatique (matériel)', 'Matériel de téléphonie']","[162, 339]",non,non
20-102589,2020-08-16,2020-09-08,['972'],réalisation d'études sur le patrimoine communal (rectificatif),joue,autre,rectificatif,rectificatif,Ville du Lamentin,97232,Lamentin,,['Etude'],[118],non,non
20-102564,2020-08-16,2020-11-11,['973'],Location de bâtiments modulaires par la Collectivité Territoriale de Guyane,joue,directive24,attribution,initial,COLLECTIVITE TERRITORIALE DE GUYANE,97307,Cayenne,"[('2020-08-13', 'Sas Gls', (918100, 'EUR'), 'Ile de Cayenne'), ('2020-08-13', 'Sas Gls', (102120, 'EUR'), 'Communes des Savanes'), ('2020-08-13', 'Sas Gls', (365637, 'EUR'), ""Communes de l'Ouest""), ('2020-08-13', 'Sas Gls', (42780, 'EUR'), ""Communes de l'Est"")]",['Bâtiments modulaires'],[27],non,non
20-102658,2020-08-16,2020-10-02,['973'],Maîtrise d'oeuvre pour le renforcement et la sécurisation des ressources en eau du bourg de Maripa-Soula - TF création d'une nouvelle prise d'eau,joue,directive24,appeloffre,initial,Mairie de Maripa-Soula,97370,Maripa-Soula,,"['Etude', ""Maîtrise d'oeuvre""]","[118, 197]",non,non
20-102686,2020-08-16,2020-10-02,['973'],Maîtrise d'oeuvre pour le renforcement et la sécurisation des ressources en eau souterraine du bourg de la commune de Maripa-Soula,joue,directive24,appeloffre,initial,Mairie de Maripa-Soula,97370,Maripa-Soula,,"['Etude', ""Maîtrise d'oeuvre""]","[118, 197]",non,non
20-102582,2020-08-16,2020-10-01,['974'],Construction EHPAD Terrain Fleury - Le Tampon - RELANCE marché de substitution Lot 17bis courants forts courants faiblesCourants fortsGroupe électrogèneCourants faiblesVDISUBSTITUTION,joue,directive24,appeloffre,initial,FONDATION PERE FAVRON,97410,saint-pierre,,['Electricité (travaux)'],[105],non,non
20-102421,2020-08-16,2020-10-14,['974'],AOO. GESTION DE L'INSTALLATION DE TRAITEMENT DES DECHETS VEGETAUX DE LA POINTE DES CHATEAUX,joue,directive24,attribution,initial,SMTDRSO,97410,SAINT-PIERRE,,"['Ordures ménagères (prestations)', 'Prestations de services', 'Végétaux']","[249, 274, 358]",non,non
20-101232,2020-08-16,2020-09-28,"['974', '27']",fournitures d'équipements et materiels de cuisine pour la cuisine centrale de la ville de letang-salé,joue,directive24,appeloffre,initial,Commune de l'Etang-Salé,97427,l'ETANG-SALE,,"['Restauration collective', 'Cuisine (équipement)', 'Electroménager']","[66, 77, 108]",non,oui
20-102445,2020-08-16,2020-09-23,['974'],Fourniture de denrées alimentaires,joue,directive24,appeloffre,initial,Commune de Petite-Ile,97429,Petite-Ile,,['Denrées alimentaires'],[88],non,non
20-102278,2020-08-16,2020-10-25,['976'],ACCORD CADRE RELATIF A LA FOURNITURE ET LA POSE DE STORES ET FILMS SOLAIRES DANS LES BATIMENTS DEPARTEMENTAUX,joue,directive24,appeloffre,initial,Département de Mayotte,97645,Mamoudzou CEDEX,,['Film plastique'],[448],non,non
20-102286,2020-08-16,2020-09-01,['976'],MARCHE PUBLIC DE SERVICES DE TRANSPORTS SCOLAIRES SUR LE TERRITOIRE DE MAYOTTE,joue,autre,rectificatif,rectificatif,Département de Mayotte,97645,Mamoudzou Cedex,,['Transport'],[347],non,non
20-102351,2020-08-16,2020-09-13,['976'],Fourniture et livraison de titres restaurant pour les agents de la commune de Koungou et ses établissements 2021 - 2024,joue,directive24,appeloffre,initial,Ville de Koungou,97690,Koungou,,['Titres restaurant'],[416],non,non
20-102418,2020-08-16,2020-09-14,['44'],livraison et maintenance des bacs roulants pour la collecte mécanisée des déchets ménagers sur le territoire de nantes métropole,joue,directive24,attribution,initial,METROPOLE NANTES METROPOLE,,Nantes cedex 9,"[('2020-06-11', 'Quadria', (2663054, 'EUR'), None)]",['Prestations de services'],[274],non,non
