a00_cle_idweb,g04_01_date_publication,g04_03_date_fin_diffusion,g04_07_dep_publication,g04_09_resume_objet,g01_02_01_famille,g01_02_02_perimetre,g01_02_03_nature,g01_02_04_statut,d01_01_denomination,d01_07_cp,d01_08_ville,d08_09_decision_titulaireandRENSEIGNEMENT,g04_052_descripteurs_libelles,g04_051_descripteurs_codes,g04_061_criteres_sociaux,g04_062_criteres_environnementaux
20-157841,2020-12-26,2021-03-23,['2'],Services d' Assurances,joue,directive24,attribution,initial,COMMUNE DE SAINT QUENTIN,02107,Saint-Quentin,"[('2020-12-23', 'Smacl', (1685160.75, 'EUR'), 'Dommages aux biens et risques annexes'), ('2020-12-23', 'Bea Groupe', (726612.75, 'EUR'), 'Responsabilités et risques annexes')]",['Assurance'],[20],non,non
20-157774,2020-12-26,2021-02-03,['2'],Entretien des espaces verts de la Ville de Saint Quentin (10 lots),joue,directive24,appeloffre,initial,COMMUNE DE SAINT QUENTIN,02107,Saint-Quentin,,['Espaces verts'],[116],non,non
20-157792,2020-12-26,2021-01-26,['3'],Réhabilitation Thermique de 7 immeubles - 319 logements résidence les Chartreux 03000 MoulinsL'opération est allotie en 13 lots : Lot principal : no3 : ITE / RAVALEMENTS,joue,directive24,appeloffre,initial,EVOLEA,03000,MOULINS,,['Isolation'],[169],non,non
20-158030,2020-12-26,2021-03-23,['5'],Entretien et nettoyage des locaux des Bâtiments départementaux,joue,directive24,attribution,initial,DEPARTEMENT DES HAUTES-ALPES,05008,Gap,"[('2020-12-24', 'Nera Proprete Provence', (52764, 'EUR'), 'Nettoyage quotidien des bâtiments du secteur nord du Département'), ('2020-12-24', 'Nera Proprete Provence', (211116, 'EUR'), 'Nettoyage quotidien des bâtiments du secteur centre et sud du Département'), ('2020-12-24', 'Nera Proprete Provence', (13200, 'EUR'), 'Nettoyage quotidien du Laboratoire Départemental Vétérinaire'), ('2020-12-23', 'Onet Services', (9747, 'EUR'), ""Nettoyage quotidien des bâtiments communs de l'aérodrome de Gap-Tallard""), ('2020-12-24', 'Nera Proprete Provence', (26492, 'EUR'), 'Gros nettoyage des Bâtiments Départementaux')]",['Nettoyage de locaux'],[239],oui,oui
20-157875,2020-12-26,2021-01-23,['6'],Services d'intérim dans le domaine technique et le domaine médical pour la Régie Ligne d'Azur,joue,directive24,attribution,initial,Régie Ligne d'Azur,06100,Nice,,['Prestations de services'],[274],non,non
20-158063,2020-12-26,2021-01-29,['6'],Travaux de réparation et prévention des désordres de la Chapelle Saint Cassien,joue,directive24,appeloffre,initial,COMMUNE DE CANNES,06406,Cannes,,"['Electricité (travaux)', 'Peinture (travaux)', 'Plomberie (travaux)']","[105, 264, 270]",oui,non
20-157877,2020-12-26,2021-01-23,['6'],"Achat de matériels de bureau, de matériels pédagogiques, de jeux et jouets éducatifs, de matériels et équipements sportifs et de manuels scolaires - Relance lot no1 Fournitures administratives",joue,directive24,attribution,initial,Ville de Carros,06512,Carros Cedex,"[('2020-09-23', 'RIVIERA OFFICE', (200000, 'EUR'), 'Achats de matériels de bureau, de matériel pédagogiques, de jeux et jouets éducatifs, matériels et équipements sportifs et de manuels scolaires - Relance lot N°1')]",['Articles de bureau et articles scolaires'],[16],non,non
20-157851,2020-12-26,2021-02-20,['8'],Fournitures et livraison d'équipements de collecte (composteurs),joue,directive24,appeloffre,initial,SMTDA,08000,Charleville mézière,,['Composteur'],[439],non,non
20-157845,2020-12-26,2021-02-01,['8'],Fourniture de carburant par cartes accréditives et services annexes-.,joue,directive24,appeloffre,initial,Conseil Départemental des Ardennes,08011,CHARLEVILLE MEZIERES cedex,,"['Carburant, hydrocarbure']",[52],non,non
20-157896,2020-12-26,2021-03-23,['9'],Fourniture et livraison de viandes fraîches sur tous les sites du Ght des Pyrénées Ariégeoises,joue,directive24,attribution,initial,CTRE HOSPITALIER INTERCOM VAL D ARIEGE,09017,Foix Cedex,"[('2020-12-22', 'Les Fils De Fort Basile', (328298.04, 'EUR'), 'Viande fraîche de boeuf et de veau'), ('2020-12-22', 'Les Fils De Fort Basile', (99191.6, 'EUR'), ""Viande fraîche d'agneau""), ('2020-12-22', 'Bernard', (140570.48, 'EUR'), 'Viande fraîche de porc'), ('2020-12-22', 'Société de Distribution Avicole Sas', (61294.72, 'EUR'), 'Viande fraîche de volaille')]",['Denrées alimentaires'],[88],non,non
20-157890,2020-12-26,2021-03-23,['9'],Services d'assurance pour le Ght des Pyrénées Ariégeoises,joue,directive24,attribution,initial,CTRE HOSPITALIER INTERCOM VAL D ARIEGE,09017,Foix Cedex,,['Assurance'],[20],non,non
20-157850,2020-12-26,2021-03-04,['10'],ETUDES DE CONCEPTION POUR LA REHABILITATION D'INSTALLATIONS D'ASSAINISSEMENT NON COLLECTIF,joue,directive24,attribution,initial,Régie du SDDEA,10000,TROYES,,['Etude'],[118],non,non
20-157860,2020-12-26,2021-03-04,['10'],DIAGNOSTIC PREALABLE DANS LE CADRE DES TRAVAUX ET DU DEPLOIEMENT EN PHASE OPERATIONNELLE DES SCHEMAS DIRECTEURS D'ALIMENTATION EN EAU POTABLE,joue,directive24,attribution,initial,Régie du SDDEA,10000,TROYES,,['Prestations de services'],[274],non,non
20-158042,2020-12-26,2021-02-16,['11'],Nettoyage de l'ensemble des surfaces du Centre Hospitalier de Carcassonne,joue,directive24,appeloffre,initial,Centre Hospitalier de Carcassonne,11010,Carcassonne cedex,,['Prestations de services'],[274],non,non
20-157942,2020-12-26,2021-01-29,['13'],Mission Pluridisciplinaire D'Accompagnement Du Gie Area Region Sud Dans Le Cadre De La Realisation De Ses Operations,joue,directive24,appeloffre,initial,Conseil Rég Provence-Alpes-Côte d'Azur,13003,Marseille,,"[""Assistance à maîtrise d'ouvrage"", 'Assistance juridique']","[433, 434]",non,non
20-157887,2020-12-26,2021-03-23,['13'],Maîtrise d'oeuvre pour les travaux d'extension et de de réhabilitation fonctionnelle et énergetique du Groupe scolaire et équipement petite enfance la Carraire - Ville De Miramas,joue,directive24,attribution,initial,Conseil Rég Provence-Alpes-Côte d'Azur,13003,Marseille,"[('2020-12-07', 'Groupement conjoint, José Morales architecte Mandataire', (991232, 'EUR'), None)]","[""Maîtrise d'oeuvre""]",[197],non,non
20-157829,2020-12-26,2021-03-23,['13'],Rénovation générale et construction d'un internat au lycée Jean Cocteau à Miramas,joue,directive24,attribution,initial,Conseil Rég Provence-Alpes-Côte d'Azur,13331,Marseille,"[('2020-12-21', 'Les Compagnons Du Barroux', (3346128.91, 'EUR'), 'Go Désamiantage Etanchéité Performance énergétique'), ('2020-12-22', 'Scpa', (2292702.4, 'EUR'), 'Second oeuvre'), ('2020-12-21', 'Energetique Sanitaire', (1056000, 'EUR'), 'Plomberie Chauffage Ventilation'), ('2020-12-21', 'Sogev', (641060.92, 'EUR'), 'Vrd - Espaces Verts')]","[""Tous corps d'état""]",[345],oui,non
20-158001,2020-12-26,2021-04-06,"['13', '6', '5', '83', '4']","Maintenance des portes, portails et autres dispositifs de fermeture automatique et semi-automatique des bâtiments de l'Ugecam Paca Corse",joue,directive24,appeloffre,initial,UGECAM PACA et Corse,13406,Marseille cedex 09,,['Maintenance'],[196],non,non
20-157957,2020-12-26,2021-03-15,"['50', '27', '14', '61', '76']",RN13 section Valognes - Cherbourg - Prestations géotechniques (phases 1 et 2),joue,directive24,attribution,initial,DIR REG DE L ENVIR DE AMENAGEMENT LOGT,14006,Caen cédex 1,"[('2020-12-11', 'GINGER CEBTP', (79225, 'EUR'), 'RN13 Valognes Cherbourg - Prestations géotechniques phases 1 et 2')]",['Prestations de services'],[274],non,non
20-158006,2020-12-26,2021-01-24,['14'],"Maintenance de l'application de suivi de la dosimétrie patient Radiation Dose Monitor (RDM) de la société Medsquare, et prestations associées",joue,directive24,attribution,initial,CENTRE HOSPITALIER UNIVERSITAIRE,14033,Caen,"[('2020-12-18', 'MEDSQUARE', (435116, 'EUR'), ""Maintenance de l'application de suivi de la dosimétrie patient Radiation Dose Monitor (RDM) de la société Medsquare, et prestations associées"")]",['Informatique (prestations de services)'],[163],non,non
20-158051,2020-12-26,2021-03-23,['15'],Fourniture de pneumatiques et prestations associées pour le département du Cantal,joue,directive24,attribution,initial,Conseil départemental du Cantal,15000,Aurillac,,['Pneumatiques'],[271],non,non
20-157915,2020-12-26,2021-02-15,['17'],CONCESSION DE SERVICE SOUS TRAITE D'EXPLOITATION DES PLAGES DE ROYAN SITE DU LIDO,joue,directive23,appeloffre,initial,COMMUNE DE ROYAN,17200,Royan,,['Plage'],[289],non,non
20-157939,2020-12-26,2021-01-27,['17'],Evacuation des bennes des déchetteries et autres points de dépôt de la Caro et de la Ville de Rochefort,joue,directive24,appeloffre,initial,CA ROCHEFORT OCEAN,17304,Rochefort,,['Déchets non ménagers (prestations)'],[404],non,non
20-152988,2020-12-26,2021-02-24,['19'],aménagement d'un musée: cité de l'accordéon et des patrimoines de tulle,joue,directive24,attribution,initial,COMMUNE DE TULLE,19000,Tulle,,"['Bardage', 'Bâtiment', 'Charpente', 'Chauffage (travaux)', 'Climatisation', 'Electricité (travaux)', 'Menuiserie', 'Mobilier', 'Plomberie (travaux)', 'Terrasse', 'Ventilation', 'Equipement muséographique']","[30, 33, 57, 61, 62, 105, 222, 230, 270, 354, 360, 409]",non,non
20-158026,2020-12-26,2021-03-23,['19'],Télécommunications - Marchés à bons de commande,joue,directive24,attribution,initial,COMMUNAUTE D'AGGLO DU BASSIN DE BRIVE,19103,Brive,"[('2020-12-17', 'Sfr', (230750.8, 'EUR'), 'Lot no1 Services Voix fixes et réseau Vpn'), ('2020-12-17', 'Sfr', (95064, 'EUR'), 'Lot no2 Mobilité principal'), ('2020-12-17', 'Orange', (79868.8, 'EUR'), 'Lot no3 Mobilité de renforcement'), ('2020-12-17', 'Orange', (768056.4, 'EUR'), 'Lot no4 Accès internet, services de voix fixes,et Voip des sites isolés'), ('2020-12-17', 'Sfr', (1532, 'EUR'), 'Lot no5 Numéros colorés - Services associés')]",['Télécommunications'],[338],non,non
20-157943,2020-12-26,2021-03-23,['19'],Travaux Pour L'Avenue Georges Pompidou,joue,directive24,attribution,initial,Mairie de BRIVE LA GAILLARDE,19312,Brive,,['Voirie'],[365],non,non
20-157783,2020-12-26,2021-01-24,['21'],SERVICE DE LOCATION DE LONGUE DUREE (60 MOIS) DE VEHICULES LEGERS NEUFS A MOTORISATION ESSENCE ET DIESEL POUR LES BESOINS DU CONSEIL DEPARTEMENTAL DE LA COTE D'OR,joue,directive24,appeloffre,initial,Conseil Départemental de Côte-d'Or,21035,Dijon cedex,,['Véhicules'],[359],non,non
20-155828,2020-12-26,2021-02-24,['22'],convention de participation pour la mise en place d'une protection sociale complémentaire du personnel territorial de lannion-tregor communauté en vertu d'application du décret no211-1474 du 8/11/2011,joue,directive24,attribution,initial,Lannion-Trégor Communauté,22300,LANNION,"[('2020-12-18', 'mutuelle générale de prévoyance', (828000, 'EUR'), ""convention de participation pour la mise en place d'une protection sociale complémentaire du personnel territorial de Lannion Trégor Communauté"")]",['Assurance'],[20],non,non
20-157776,2020-12-26,2021-01-25,['25'],concours de maîtrise d'oeuvre relatif à la construction d'un groupe scolaire et périscolaire bepos à saint-vit,joue,directive24,appeloffre,initial,Ville de Saint-Vit,25410,Saint-Vit,,"[""Maîtrise d'oeuvre""]",[197],non,non
20-157944,2020-12-26,2021-03-23,['26'],202066 - Marche Public D'Assurances - Aoo -,joue,directive24,attribution,initial,VALENCE ROMANS SUD RHONE-ALPES,26000,Valence,"[('2020-12-23', 'Smacl', (291452.74, 'EUR'), 'Dommages Aux Biens'), ('2020-12-23', 'Paris Nord Assurance', (102213.9, 'EUR'), 'Responsabilite Civile'), ('2020-12-23', 'Paris Nord Assurance', (95442.18, 'EUR'), 'Flotte Automobile')]",['Assurance'],[20],non,non
20-145896,2020-12-26,2021-02-15,['29'],"fourniture de terminaux mobiles et d'accessoires, prestations associées pour le groupement de commandes du département et du sdis du finistère",joue,directive24,appeloffre,initial,Département du Finistère,29196,Quimper,,['Matériel de téléphonie'],[339],non,non
20-157911,2020-12-26,2021-01-29,"['30', '34']",RD999 Reprise de la couche de roulement entre Quissac et Saint Hippolyte du Fort,joue,directive24,appeloffre,initial,Conseil Général du Gard,30044,Nîmes cedex 9,,['Voirie'],[365],oui,oui
20-158040,2020-12-26,2021-02-01,['30'],"Acquisition et livraison de matériels informatiques, de licences informatiques et de prestations d'infogérance",joue,directive24,appeloffre,initial,Ville de Beaucaire,30300,Beaucaire,,"['Informatique (matériel)', 'Logiciel', 'Informatique (maintenance serveurs et réseaux)']","[162, 186, 454]",non,non
20-156732,2020-12-26,2021-02-23,['31'],fourniture de carburants en station et péage autoroutier par carte accréditive,joue,directive24,attribution,initial,Conseil Départemental Haute-Garonne,31009,Toulouse,"[('2020-12-21', 'TOTAL MARKETING FRANCE', (2080000, 'EUR'), None)]","['Carburant, hydrocarbure']",[52],non,non
20-157873,2020-12-26,2021-02-20,['31'],AMO conduite d'opération pour la rénovation de l'IGH,joue,directive24,attribution,initial,CPAM 31,31093,Toulouse cedex 9,"[('2020-12-08', 'OTEIS Département AMO', (194600, 'EUR'), ""Conduite d'opération pour la rénovation de l'IGH de la CPAM 31"")]",['Prestations de services'],[274],non,non
20-158017,2020-12-26,2021-01-29,['31'],"Fourniture de peintures, dérivés, revêtements de sols et muraux pour les services de la ville de Blagnac",joue,directive24,appeloffre,initial,Ville de Blagnac,31700,Blagnac,,['Peinture (fourniture)'],[263],non,non
20-158074,2020-12-26,2021-03-22,['33'],"Mission de maîtrise d'oeuvre "" Secteur PEIXOTTO - Déconstruction et désamiantage des Bâtiments A4, A3 et A14 """,joue,directive24,attribution,initial,Société de réalisation immobilière et,33405,Talence,,"[""Maîtrise d'oeuvre""]",[197],non,non
20-157968,2020-12-26,2021-03-01,['33'],Tri et conditionnement des matériaux recyclables du SEMOCTOM,joue,directive24,attribution,initial,SEMOCTOM,33670,SAINT LEON,"[('2020-12-23', 'SOVAL', (1800000.0, 'EUR'), ""Tri et conditionnement des matériaux recyclables concerné par les contrats de reprise CITEO et CITEO papier et de l'ensemble des papiers""), ('2020-12-23', 'COVED', (10000.0, 'EUR'), 'Conditionnement des cartons ondulés bruns collectés sur les déchèteries de Beguey, de Saint-léon, St Caprais de Bordeaux'), ('2020-12-23', 'BRANGEON RECYCLAGE - SX ENVIRONNEMENT', (5000.0, 'EUR'), 'Conditionnement des cartons ondulés bruns collectés sur les déchèteries de ST Germain-du-Puch, Tresses et Saint Loubès')]","['Ordures ménagères (prestations)', 'Prestations de services']","[249, 274]",non,non
20-158054,2020-12-26,2021-01-26,['34'],ACHAT DE FOURNITURES ET DEQUIPEMENTS DE MOTRICITÉ POUR LES ENFANTS DE 0 À 12 ANS,joue,directive24,appeloffre,initial,Ville de Montpellier,34267,MONTPELLIER,,['Equipements spécialisés'],[115],non,non
20-157765,2020-12-26,2021-02-24,['34'],services d'assurances pour le groupement de commandes entre la ville de lattes et son ccas,joue,directive24,attribution,initial,Commune de Lattes,34973,Lattes Cedex,,['Assurance'],[20],non,non
20-157763,2020-12-26,2021-02-11,['35'],groupe scolaire europe rochester - construction (rectificatif),joue,autre,rectificatif,rectificatif,Ville de Rennes,35031,RENNES CEDEX,,"['Bâtiment', ""Tous corps d'état""]","[33, 345]",non,non
20-157782,2020-12-26,2021-02-01,"['35', '56', '44']",Exploitations des installations techniques du patrimoine de REDON Agglomération,joue,directive24,attribution,initial,COMMUNAUTE COMMUNES PAYS DE REDON,35600,Redon,,['Prestations de services'],[274],non,non
20-157795,2020-12-26,2021-02-01,"['35', '56', '44']",Prestations de nettoyage des locaux de REDON Agglomération,joue,directive24,attribution,initial,COMMUNAUTE COMMUNES PAYS DE REDON,35600,Redon,"[('2020-12-10', 'SIPROPRE', (499667.04, 'EUR'), 'NETTOYAGE DES LOCAUX'), ('2020-12-10', 'SIPROPRE', (57315.84, 'EUR'), 'NETTOYAGE DES VITRES, TERRASSES ET PARC photovoltaïque')]",['Prestations de services'],[274],non,non
20-157770,2020-12-26,2021-02-01,"['35', '44', '56']","Location de caissons, enlèvement et traitement des déchets issus des déchèteries",joue,directive24,attribution,initial,COMMUNAUTE COMMUNES PAYS DE REDON,35600,Redon,,['Prestations de services'],[274],non,non
20-157800,2020-12-26,2021-02-01,"['35', '56', '44']","Enlevement, transport, tri et conditionnement des emballages menagers collectes sur le territoire de REDON Agglomeration",joue,directive24,attribution,initial,COMMUNAUTE COMMUNES PAYS DE REDON,35600,Redon,"[('2020-10-29', 'PAPREC CRV', (2018939.56, 'EUR'), 'ENLEVEMENT, TRANSPORT, TRI ET CONDITIONNEMENT DES EMBALLAGES MENAGERS COLLECTES SUR LE TERRITOIRE DE REDON AGGLOMERATION')]",['Prestations de services'],[274],non,non
20-157811,2020-12-26,2021-02-01,"['35', '44', '56']","Location de caissons, enlèvements et traitement des déchets issus des déchèteries",joue,directive24,attribution,initial,COMMUNAUTE COMMUNES PAYS DE REDON,35600,Redon,,['Prestations de services'],[274],non,non
20-157787,2020-12-26,2021-02-01,"['35', '44', '56']",Fourniture de carburant en station services par cartes accréditives pour les véhicules de REDON Agglomération,joue,directive24,attribution,initial,COMMUNAUTE COMMUNES PAYS DE REDON,35600,Redon,"[('2020-12-04', 'SIPLEC - E.LECLERC', (885505.6, 'EUR'), 'FOURNITURE DE CARBURANT EN STATION SERVICES PAR CARTES ACCREDITIVES POUR LES VEHICULES DE REDON AGGLOMERATION')]",['Combustible'],[438],non,non
20-157799,2020-12-26,2021-02-28,['36'],Achat de pneumatiques poids lourds et à charges lourdes pour véhicules et engins du parc de Châteauroux Métropole et de la ville de Châteauroux et prestations de services associées,joue,directive24,attribution,initial,CHATEAUROUX METROPOLE,36012,Châteauroux cedex,"[('2020-12-21', 'S.A. CHIRAULT', (1000000, 'EUR'), 'Achat de pneumatiques à charges lourdes pour véhicules et engins')]","['Pneumatiques', 'Prestations de services']","[271, 274]",non,non
20-158039,2020-12-26,2021-01-31,['38'],Accord-cadre à bons de commande pour la mission de protection de la santé des travailleurs pour les phases de conception et réalisation relatives à l'aménagement des espaces publics,joue,directive24,attribution,initial,SEM InnoVia,38027,Grenoble cedex 01,"[('2020-12-09', 'APAVE SUD EUROPE', (9197.5, 'EUR'), ""Accord-cadre à bons de commande a pour objet la mission de protection de la santé destravailleurs pour les phases de conception et réalisation relatives à l'aménagement des espaces publics"")]",['Assistance technique'],[19],non,non
20-158037,2020-12-26,2021-02-15,['38'],Exploitation et maintenance des équipements techniques des bâtiments,joue,directive24,appeloffre,initial,MC2 Maison de la Culture de Grenoble,38034,GRENOBLE CEDEX 2,,"['Chauffage (exploitation, entretien)', 'Climatisation', 'Maintenance']","[59, 62, 196]",non,non
20-157749,2020-12-26,2021-03-22,['38'],PAN 07.2019,joue,directive24,attribution,initial,CNRS DELEGATION ALPES,38042,Grenoble cedex 9,,"[""Maîtrise d'oeuvre""]",[197],non,non
20-157831,2020-12-26,2021-01-25,['38'],Prestations d'exploitation forestière en fôret publique,joue,directive24,appeloffre,initial,COMMUNE DE AUTRANS MEAUDRE EN VERCORS,38112,Autrans-Meaudre En Vercors,,"['Prestations de services', 'Travaux forestiers']","[274, 350]",non,non
20-158027,2020-12-26,2021-03-23,['38'],Marché relatif au contrôle annuel et à la mise en conformité des systèmes de sécurité incendie dans les immeubles et locaux d'Advivo,joue,directive24,attribution,initial,ADVIVO,38209,Vienne,"[('2020-12-18', 'Dspi', (58744.64, 'EUR'), 'Prestations de contrôle et de vérification annuelles'), ('2020-12-18', 'Dspi', (151309.2, 'EUR'), ""Prestations de mise en conformité et de remplacement d'équipement"")]","[""Matériel de secours et d'incendie"", 'Sécurité incendie']","[217, 332]",non,non
20-157891,2020-12-26,2021-03-23,['39'],Maîtrise d'oeuvre pour des réseaux humides,joue,directive25,attribution,initial,ESPACE COMMUNAUTAIRE LONS AGGLO,39000,Lons-Le-Saunier,"[('2020-12-07', 'Artelia', (519000, 'EUR'), None)]","[""Maîtrise d'oeuvre""]",[197],non,non
20-157904,2020-12-26,2021-01-30,['39'],"Missions de maîtrise d'oeuvre portant sur travaux d'extensions, de renouvellement et de renforcement des installations de transport d'eau potable, pluviales ou d'assainissement des",joue,directive24,attribution,initial,Ville de Saint-Claude,39200,Saint Claude,"[('2020-12-22', 'Cabinet André - Ingénieurs Conseils', (187200, 'EUR'), None)]","['Assainissement', 'Réseaux divers', 'Ingénierie']","[18, 306, 455]",non,non
20-157998,2020-12-26,2021-02-22,"['42', '75']","Prestations de rédaction, transcription et de relecture.",joue,directive24,attribution,initial,EN3S,42000,SAINT-ETIENNE,"[('2020-11-09', 'CODEXA', (164932, 'EUR'), None)]","['Edition', 'Prestations de services']","[104, 274]",non,non
20-157753,2020-12-26,2021-03-22,['42'],"Entretien, réparations, contrôles techniques, carrosserie et pneumatiques des véhicules de Saint-Etienne Métropole",joue,directive24,attribution,initial,Saint Etienne Métropole,42006,Saint Etienne,"[('2020-12-22', 'Alliance Autos', (70277.53, 'EUR'), 'Entretien et réparations en mécanique - Secteur Ondaine'), ('2020-12-22', 'Alliance Autos', (70277.53, 'EUR'), 'Entretien et réparations en mécanique - Secteur Furan'), ('2020-12-22', 'Alliance Autos', (70277.53, 'EUR'), 'Entretien et réparations en mécanique - Secteur Plaine'), ('2020-12-22', 'Alliance Autos', (70277.53, 'EUR'), 'Entretien et réparations en mécanique - Secteur Gier'), ('2020-12-22', 'Auto Controle Balay', (552.94, 'EUR'), 'Contrôles techniques - Secteur Ondaine'), ('2020-12-22', 'Auto Controle Balay', (552.94, 'EUR'), 'Contrôles techniques - Secteur Furan'), ('2020-12-22', 'Auto Controle Balay', (552.94, 'EUR'), 'Contrôles techniques - Secteur Plaine'), ('2020-12-22', 'Auto Controle Balay', (552.94, 'EUR'), 'Contrôles techniques - Secteur Gier'), ('2020-12-22', 'Carrosserie Daragon', (63342.8, 'EUR'), 'Entretien et réparations en carrosserie - Tous secteurs (Ondaine, Furan, Plaine et Gier)'), ('2020-12-22', 'Ayme Et Fils Sas', (324.94, 'EUR'), 'Entretien et équipements en pneumatiques - Tous secteurs (Ondaine, Furan, Plaine et Gier)')]","['Contrôle technique', 'Pneumatiques', 'Véhicules']","[72, 271, 359]",non,oui
20-157931,2020-12-26,2021-01-25,['42'],DAL-DAH 2020-53 FOURNITURE D'ETIQUETTES ADHESIVES POUR LES ETABLISSEMENTS DU GHT LOIRE,joue,directive24,appeloffre,initial,CHU SAINT ETIENNE,42055,Saint etienne cedex 02,,['Papeterie'],[262],non,non
20-157791,2020-12-26,2021-02-24,"['42', '69', '63', '71']",Entretien des espaces verts et des abords des résidences d'Opheor,joue,directive24,attribution,initial,OPHEOR,42301,Roanne cedex,"[('2020-12-18', 'ADAPEI DE LA LOIRE', (153261.8, 'EUR'), 'Riorges et ouest roannais'), ('2020-12-18', 'Association MESSIDOR', (49113.28, 'EUR'), 'Roanne centre ville et sud roannais'), ('2020-12-18', 'SAUVEGARDE 42 - INSERBATIVERT', (43810.64, 'EUR'), 'Roanne Mulsant et secteurs Roanne'), ('2020-12-18', 'Association MESSIDOR', (49172.24, 'EUR'), 'Roanne Clermont et secteurs Roanne'), ('2020-12-18', 'Association MESSIDOR', (75783.04, 'EUR'), 'Roanne Saint Clair et Villerest'), ('2020-12-18', 'SAUVEGARDE 42 - INSERBATIVERT', (104592.96, 'EUR'), 'Roanne Arsenal et secteurs Roanne'), ('2020-12-18', 'SAUVEGARDE 42 - INSERBATIVERT', (123080.84, 'EUR'), 'Roanne Le Parc et est roannais')]",['Espaces verts'],[116],non,non
20-157901,2020-12-26,2021-03-23,['42'],Fourniture Et Livraison De Carburants Aeronautiques,joue,directive24,attribution,initial,Roannais Agglomération,42311,Roanne,"[('2020-12-24', 'Ginouves Georges', (59595, 'EUR'), None)]","['Carburant, hydrocarbure']",[52],non,non
20-157951,2020-12-26,2021-03-23,['42'],Maintenance Des Equipements Sceniques De Batiments De La Ville De Roanne Annees 2021 à 2024,joue,directive24,intentionconclure,initial,Ville de Roanne,42328,Roanne,"[('2020-12-24', 'Bc Maintenance Equipements Mobiles', (26000, 'EUR'), None)]",['Prestations de services'],[274],non,oui
20-157950,2020-12-26,2021-01-25,['42'],Entretien des réseaux d'assainissement,joue,directive25,appeloffre,initial,Communauté d'Agglomération Loire Forez,42605,Montbrison Cedex,,"['Assainissement', 'Curage', 'Réseaux divers']","[18, 78, 306]",non,non
20-157175,2020-12-26,2021-01-25,['44'],réalisation du schéma directeur d'assainissement collectif des eaux usées,joue,directive24,attribution,initial,Cté Cne PontChâteau-St Gildas des Bois,44160,PONT-CHATEAU,,['Assainissement'],[18],non,non
20-157906,2020-12-26,2021-01-26,"['44', '49', '53', '72', '85']","Achat d'électricité "" standard "" dans le cadre d'un groupement de commandes pour les besoins de la Région et des établissements publics locaux d'enseignement ligériens",joue,directive24,appeloffre,initial,Conseil régional des Pays de la Loire,44966,Nantes cedex 9,,"['Electricité, gaz (fourniture)']",[443],non,non
20-158003,2020-12-26,2021-03-10,['45'],Fourniture de prothèses chirurgicales et dispositifs médicaux AO 2020-45,joue,directive24,attribution,initial,CENTRE HOSPITALIER REGIONAL D ORLEANS,45067,Orleans cedex 2,,['Prothèses'],[284],non,non
20-157766,2020-12-26,2021-02-24,['45'],Conception et fourniture d'imprimés pour le GHT Loiret AO 2020-30,joue,directive24,attribution,initial,CENTRE HOSPITALIER REGIONAL D ORLEANS,45067,Orleans cedex 2,,['Imprimés'],[161],non,non
20-158018,2020-12-26,2021-01-25,['48'],Fourniture Et Livraison De Fioul Domestique Et Gnr,joue,directive24,appeloffre,initial,COMMUNE DE MENDE,48000,Mende,,['Combustible'],[438],non,non
20-157945,2020-12-26,2021-03-23,['50'],Fourniture de carburants en vrac pour les besoins du Département de la Manche,joue,directive24,attribution,initial,DEPARTEMENT DE LA MANCHE,50050,Saint-Lo,"[('2020-12-07', 'Cpo', (537696, 'EUR'), None)]","['Carburant, hydrocarbure']",[52],non,non
20-157871,2020-12-26,2021-02-26,['50'],Fourniture de titres restaurants pour les agents de la Communauté d'Agglomération Mont Saint Michel Normandie,joue,directive24,attribution,initial,CA Mont Saint Michel - Normandie,50300,Avranches,"[('2020-12-21', 'UP-SCOP', (1197840, 'EUR'), None)]",['Titres restaurant'],[416],non,non
20-157933,2020-12-26,2021-02-24,['50'],Suivi animation OPAH - pôles territoriaux d'Avranches et du Val de Sée et OPAH de Renouvellement Urbain (OPAH RU) Ville d'Avranches - quartier Saint-Gervais,joue,directive24,attribution,initial,CA Mont Saint Michel - Normandie,50300,Avranches,,['Etude'],[118],non,non
20-158061,2020-12-26,2021-01-25,['50'],Fourniture De Produits D'Epicerie Et De Boissons,joue,directive24,appeloffre,initial,Commune de la hague,50442,La Hague,,"['Boisson', 'Denrées alimentaires']","[39, 88]",non,non
20-158062,2020-12-26,2021-01-25,"['50', '14', '61']","Fourniture De Produits Laitiers, Ovoproduits, Pains Et Patisseries Fraiches",joue,directive24,appeloffre,initial,Commune de la hague,50442,La Hague,,['Denrées alimentaires'],[88],non,non
20-157786,2020-12-26,2021-03-22,['52'],Vidage et transport du verre collecté en bornes d'apport volontaire sur le territoire du SDED 52.,joue,directive24,attribution,initial,SDED 52,52000,CHAUMONT,"[('2020-12-22', 'SALEUR SAS RECYCLAGE', (1554000, 'EUR'), ""Vidage et transport du verre collecté en bornes d'apport volontaire sur le territoire du SDED 52"")]","['Transport', 'Verre']","[347, 361]",non,non
20-157898,2020-12-26,2021-02-03,['53'],Mission de maîtrise d'oeuvre sur la zone d'activités des Grands Prés 2 à Changé,joue,directive24,appeloffre,initial,Laval Agglomération,53008,Laval cedex,,"[""Maîtrise d'oeuvre""]",[197],non,non
20-157859,2020-12-26,2021-01-23,['53'],Consultation assurances pour l'ensemble des établissements du GHT 53,joue,directive24,attribution,initial,Centre Hospitalier de Laval (53),53015,Laval Cedex,"[('2020-12-23', 'MEDIAN ASSURANCES', (65235, 'EUR'), ""Consultation assurances pour l'ensemble des établissements du GHT 53""), ('2020-12-23', 'SHAM', (61666, 'EUR'), ""Consultation Assurances pour l'ensemble des établissements du GHT 53Consultation Assurances pour l'ensemble des établissements du GHT 53""), ('2020-12-23', 'YVELIN', (16088, 'EUR'), ""Consultation Assurances pour l'ensemble des établissements du GHT 53""), ('2020-12-18', 'SOFAXIS', (83880, 'EUR'), ""Consultation Assurances pour l'ensemble des établissements du GHT 53""), ('2020-12-23', 'SOFAXIS', (95988, 'EUR'), ""Consultation Assurances pour l'ensemble des établissements du GHT 53""), ('2020-12-23', 'YVELIN', (1472621, 'EUR'), ""Consultation Assurances pour l'ensemble des établissements du GHT 53""), ('2020-12-23', 'SOFAXIS', (58023, 'EUR'), ""Consultation Assurances pour l'ensemble des établissements du GHT 53""), ('2020-12-23', 'SOFAXIS', (57284, 'EUR'), ""Consultation Assurances pour l'ensemble des établissements du GHT 53""), ('2020-12-23', 'SOFAXIS', (20462, 'EUR'), ""Consultation Assurances pour l'ensemble des établissements du GHT 53""), ('2020-12-23', 'SOFAXIS', (50596, 'EUR'), ""Consultation Assurances pour l'ensemble des établissements du GHT 53"")]",['Assurance'],[20],non,non
20-157902,2020-12-26,2021-01-17,['53'],Fourniture de prothèses orthopédiques et implants d'ostéosynthèse pour les établissements du GHT 53,joue,directive24,attribution,initial,Centre Hospitalier de Laval (53),53015,Laval Cedex,"[('2020-12-18', 'ARTHREX', (3000, 'EUR'), ""Fourniture de prothèses orthopédiques et implants d'ostéosynthèse pour les établissements du GHT 53""), ('2020-12-18', 'ARTHREX', (1000, 'EUR'), ""Fourniture de prothèses orthopédiques et implants d'ostéosynthèse pour les établissements du GHT 53""), ('2020-12-18', 'ATLANTIS', (1690, 'EUR'), ""Fourniture de prothèses orthopédiques et implants d'ostéosynthèse pour les établissements du GHT 53""), ('2020-12-18', 'DE SOUTTER', (5420, 'EUR'), ""Fourniture de prothèses orthopédiques et implants d'ostéosynthèse pour les établissements du GHT 53""), ('2020-12-18', 'FH ORTHOPEDICS', (11852, 'EUR'), ""Fourniture de prothèses orthopédiques et implants d'ostéosynthèse pour les établissements du GHT 53""), ('2020-12-18', 'FH ORTHOPEDICS', (3787, 'EUR'), ""Fourniture de prothèses orthopédiques et implants d'ostéosynthèse pour les établissements du GHT 53""), ('2020-12-18', 'FH ORTHOPEDICS', (6885, 'EUR'), ""Fourniture de prothèses orthopédiques et implants d'ostéosynthèse pour les établissements du GHT 53""), ('2020-12-18', 'FH ORTHOPEDICS', (25358, 'EUR'), ""Fourniture de prothèses orthopédiques et implants d'ostéosynthèse pour les établissements du GHT 53""), ('2020-12-18', 'FH ORTHOPEDICS', (3989, 'EUR'), ""Fourniture de prothèses orthopédiques et implants d'ostéosynthèse pour les établissements du GHT 53""), ('2020-12-18', 'FH ORTHOPEDICS', (21275, 'EUR'), ""Fourniture de prothèses orthopédiques et implants d'ostéosynthèse pour les établissements du GHT 53""), ('2020-12-18', 'FH ORTHOPEDICS', (1354, 'EUR'), ""Fourniture de prothèses orthopédiques et implants d'ostéosynthèse pour les établissements du GHT 53""), ('2020-12-18', 'FH ORTHOPEDICS', (112741, 'EUR'), ""Fourniture de prothèses orthopédiques et implants d'ostéosynthèse pour les établissements du GHT 53""), ('2020-12-18', 'FX SOLUTIONS', (80222, 'EUR'), ""Fourniture de prothèses orthopédiques et implants d'ostéosynthèse pour les établissements du GHT 53""), ('2020-12-18', 'INTEGRA LIFESCIENCES', (18779, 'EUR'), ""Fourniture de prothèses orthopédiques et implants d'ostéosynthèse pour les établissements du GHT 53""), ('2020-12-18', 'JOHNSON & JOHNSON MEDICAL', (8894, 'EUR'), ""Fourniture de prothèses orthopédiques et implants d'ostéosynthèse pour les établissements du GHT 53""), ('2020-12-18', 'JOHNSON & JOHNSON MEDICAL', (12185, 'EUR'), ""Fourniture de prothèses orthopédiques et implants d'ostéosynthèse pour les établissements du GHT 53""), ('2020-12-18', 'JOHNSON & JOHNSON MEDICAL', (530, 'EUR'), ""Fourniture de prothèses orthopédiques et implants d'ostéosynthèse pour les établissements du GHT 53""), ('2020-12-18', 'JOHNSON & JOHNSON MEDICAL', (909, 'EUR'), ""Fourniture de prothèses orthopédiques et implants d'ostéosynthèse pour les établissements du GHT 53""), ('2020-12-18', 'JOHNSON & JOHNSON MEDICAL', (441, 'EUR'), ""Fourniture de prothèses orthopédiques et implants d'ostéosynthèse pour les établissements du GHT 53""), ('2020-12-18', 'JOHNSON & JOHNSON MEDICAL', (2650, 'EUR'), ""Fourniture de prothèses orthopédiques et implants d'ostéosynthèse pour les établissements du GHT 53""), ('2020-12-18', 'JOHNSON & JOHNSON MEDICAL', (14962, 'EUR'), ""Fourniture de prothèses orthopédiques et implants d'ostéosynthèse pour les établissements du GHT 53""), ('2020-12-18', 'JOHNSON & JOHNSON MEDICAL', (79452, 'EUR'), ""Fourniture de prothèses orthopédiques et implants d'ostéosynthèse pour les établissements du GHT 53""), ('2020-12-18', 'JOHNSON & JOHNSON MEDICAL', (50592, 'EUR'), ""Fourniture de prothèses orthopédiques et implants d'ostéosynthèse pour les établissements du GHT 53""), ('2020-12-18', 'JOHNSON & JOHNSON MEDICAL', (14714, 'EUR'), ""Fourniture de prothèses orthopédiques et implants d'ostéosynthèse pour les établissements du GHT 53""), ('2020-12-18', 'JOHNSON & JOHNSON MEDICAL', (5070, 'EUR'), ""Fourniture de prothèses orthopédiques et implants d'ostéosynthèse pour les établissements du GHT 53""), ('2020-12-18', 'JOHNSON & JOHNSON MEDICAL', (14225, 'EUR'), ""Fourniture de prothèses orthopédiques et implants d'ostéosynthèse pour les établissements du GHT 53""), ('2020-12-18', 'KLS MARTIN GEBRUDER', (677914, 'EUR'), ""Fourniture de prothèses orthopédiques et implants d'ostéosynthèse pour les établissements du GHT 53""), ('2020-12-18', 'KLS MARTIN GEBRUDER', (353960, 'EUR'), ""Fourniture de prothèses orthopédiques et implants d'ostéosynthèse pour les établissements du GHT 53""), ('2020-12-18', 'KOMET FRANCE', (5099, 'EUR'), ""Fourniture de prothèses orthopédiques et implants d'ostéosynthèse pour les établissements du GHT 53""), ('2020-12-18', 'GROUPE LEPINE', (29256, 'EUR'), ""Fourniture de prothèses orthopédiques et implants d'ostéosynthèse pour les établissements du GHT 53""), ('2020-12-18', 'GROUPE LEPINE', (742, 'EUR'), ""Fourniture de prothèses orthopédiques et implants d'ostéosynthèse pour les établissements du GHT 53""), ('2020-12-18', 'GROUPE LEPINE', (2073, 'EUR'), ""Fourniture de prothèses orthopédiques et implants d'ostéosynthèse pour les établissements du GHT 53""), ('2020-12-18', 'MEDTRONIC', (12604, 'EUR'), ""Fourniture de prothèses orthopédiques et implants d'ostéosynthèse pour les établissements du GHT 53""), ('2020-12-18', 'MICROPORT SCIENTIFIC SAS', (1764, 'EUR'), ""Fourniture de prothèses orthopédiques et implants d'ostéosynthèse pour les établissements du GHT 53""), ('2020-12-18', 'MICROPORT SCIENTIFIC SAS', (72525, 'EUR'), ""Fourniture de prothèses orthopédiques et implants d'ostéosynthèse pour les établissements du GHT 53""), ('2020-12-18', 'MICROPORT SCIENTIFIC SAS', (13883, 'EUR'), ""Fourniture de prothèses orthopédiques et implants d'ostéosynthèse pour les établissements du GHT 53""), ('2020-12-18', 'NEWCLIP TECHNICS', (30028, 'EUR'), ""Fourniture de prothèses orthopédiques et implants d'ostéosynthèse pour les établissements du GHT 53""), ('2020-12-18', 'NEWCLIP TECHNICS', (1403, 'EUR'), ""Fourniture de prothèses orthopédiques et implants d'ostéosynthèse pour les établissements du GHT 53""), ('2020-12-18', 'NEWCLIP TECHNICS', (23404, 'EUR'), ""Fourniture de prothèses orthopédiques et implants d'ostéosynthèse pour les établissements du GHT 53""), ('2020-12-18', 'NEWCLIP TECHNICS', (6000, 'EUR'), ""Fourniture de prothèses orthopédiques et implants d'ostéosynthèse pour les établissements du GHT 53""), ('2020-12-18', 'Sciences et Médecines', (99437, 'EUR'), ""Fourniture de prothèses orthopédiques et implants d'ostéosynthèse pour les établissements du GHT 53""), ('2020-12-18', 'Sciences et Médecines', (91665, 'EUR'), ""Fourniture de prothèses orthopédiques et implants d'ostéosynthèse pour les établissements du GHT 53""), ('2020-12-18', 'Société SERF', (10909, 'EUR'), ""Fourniture de prothèses orthopédiques et implants d'ostéosynthèse pour les établissements du GHT 53""), ('2020-12-18', 'Société SERF', (49672, 'EUR'), ""Fourniture de prothèses orthopédiques et implants d'ostéosynthèse pour les établissements du GHT 53""), ('2020-12-18', 'Smith&Nephew', (796, 'EUR'), ""Fourniture de prothèses orthopédiques et implants d'ostéosynthèse pour les établissements du GHT 53""), ('2020-12-18', 'Smith&Nephew', (13200, 'EUR'), ""Fourniture de prothèses orthopédiques et implants d'ostéosynthèse pour les établissements du GHT 53""), ('2020-12-18', 'Smith&Nephew', (8507, 'EUR'), ""Fourniture de prothèses orthopédiques et implants d'ostéosynthèse pour les établissements du GHT 53""), ('2020-12-18', 'Smith&Nephew', (9904, 'EUR'), ""Fourniture de prothèses orthopédiques et implants d'ostéosynthèse pour les établissements du GHT 53""), ('2020-12-18', 'Smith&Nephew', (11625, 'EUR'), ""Fourniture de prothèses orthopédiques et implants d'ostéosynthèse pour les établissements du GHT 53""), ('2020-12-18', 'STRYKER', (8263, 'EUR'), ""Fourniture de prothèses orthopédiques et implants d'ostéosynthèse pour les établissements du GHT 53""), ('2020-12-18', 'STRYKER', (4940, 'EUR'), ""Fourniture de prothèses orthopédiques et implants d'ostéosynthèse pour les établissements du GHT 53""), ('2020-12-18', 'STRYKER', (2261, 'EUR'), ""Fourniture de prothèses orthopédiques et implants d'ostéosynthèse pour les établissements du GHT 53""), ('2020-12-18', 'STRYKER', (1240, 'EUR'), ""Fourniture de prothèses orthopédiques et implants d'ostéosynthèse pour les établissements du GHT 53""), ('2020-12-18', 'STRYKER', (34768, 'EUR'), ""Fourniture de prothèses orthopédiques et implants d'ostéosynthèse pour les établissements du GHT 53""), ('2020-12-18', 'STRYKER', (63444, 'EUR'), ""Fourniture de prothèses orthopédiques et implants d'ostéosynthèse pour les établissements du GHT 53""), ('2020-12-18', 'STRYKER', (665, 'EUR'), ""Fourniture de prothèses orthopédiques et implants d'ostéosynthèse pour les établissements du GHT 53""), ('2020-12-18', 'STRYKER', (2485, 'EUR'), ""Fourniture de prothèses orthopédiques et implants d'ostéosynthèse pour les établissements du GHT 53""), ('2020-12-18', 'STRYKER', (4194, 'EUR'), ""Fourniture de prothèses orthopédiques et implants d'ostéosynthèse pour les établissements du GHT 53""), ('2020-12-18', 'SYMBIOS France', (28743, 'EUR'), ""Fourniture de prothèses orthopédiques et implants d'ostéosynthèse pour les établissements du GHT 53""), ('2020-12-18', 'SYMBIOS France', (6703, 'EUR'), ""Fourniture de prothèses orthopédiques et implants d'ostéosynthèse pour les établissements du GHT 53""), ('2020-12-18', 'TORNIER', (5276, 'EUR'), ""Fourniture de prothèses orthopédiques et implants d'ostéosynthèse pour les établissements du GHT 53""), ('2020-12-18', 'UNITED ORTHOPEDIC CORPORATION', (48407, 'EUR'), ""Fourniture de prothèses orthopédiques et implants d'ostéosynthèse pour les établissements du GHT 53""), ('2020-12-18', 'VEODIS', (34730, 'EUR'), ""Fourniture de prothèses orthopédiques et implants d'ostéosynthèse pour les établissements du GHT 53""), ('2020-12-18', 'VEODIS', (88007, 'EUR'), ""Fourniture de prothèses orthopédiques et implants d'ostéosynthèse pour les établissements du GHT 53""), ('2020-12-18', 'ZIMMER', (402, 'EUR'), ""Fourniture de prothèses orthopédiques et implants d'ostéosynthèse pour les établissements du GHT 53""), ('2020-12-18', 'ZIMMER', (157, 'EUR'), ""Fourniture de prothèses orthopédiques et implants d'ostéosynthèse pour les établissements du GHT 53""), ('2020-12-18', 'ZIMMER', (27127, 'EUR'), ""Fourniture de prothèses orthopédiques et implants d'ostéosynthèse pour les établissements du GHT 53""), ('2020-12-18', 'ZIMMER', (28935, 'EUR'), ""Fourniture de prothèses orthopédiques et implants d'ostéosynthèse pour les établissements du GHT 53"")]",['Prothèses'],[284],non,non
20-157834,2020-12-26,2021-03-23,"['53', '72']","Traitement des déchets ménagers (cartons, encombrants, bois, gravats), transport et traitement des Dms, broyage des déchets verts",joue,directive24,attribution,initial,COM DE COMMUNES DU PAYS DE MESLAY GREZ,53170,Meslay du Maine,,['Ordures ménagères (prestations)'],[249],non,non
20-157777,2020-12-26,2021-03-23,['53'],Renouvellement des compteurs d'eau potable,joue,directive24,attribution,initial,COM DE COMMUNES DU PAYS DE MESLAY GREZ,53170,Meslay du Maine,"[('2020-12-21', 'Compteurs Zenner', (243037, 'EUR'), ""Fourniture de compteurs d'eau""), ('2020-12-21', 'Gt Canalisations', (171353, 'EUR'), ""Pose de compteurs d'eau"")]","[""Compteur d'eau""]",[440],non,non
20-157977,2020-12-26,2021-01-23,"['55', '52', '51']","Blanchissage ex situ du linge hôtelier (petit et grand plat, éponge) et des tenues professionnelles",joue,directive24,attribution,initial,CH Verdun Saint-Mihiel,55100,VERDUN,"[('2020-12-08', 'SARL 4REV', (119880, 'EUR'), 'Prestation de blanchissage de linge ex situ pour le compte du CH de Wassy'), ('2020-12-08', 'SARL 4REV', (111240, 'EUR'), 'Prestation de blanchissage de linge ex situ pour le compte du CH de Joinville'), ('2020-12-08', 'SARL 4REV', (70200, 'EUR'), 'Prestation de blanchissage de linge ex situ pour le compte du CH de Montier-en-Der')]","['Blanchissage', 'Prestation hotelière']","[36, 466]",non,non
20-157921,2020-12-26,2021-01-25,['57'],Fourniture de carburants et de prestations associées sur le territoire national pour la Communauté d'agglomération du Val de Fensch par système de cartes accréditives,joue,directive24,appeloffre,initial,COMMUNAUTE D AGGL DU VAL DE FENSCH,57705,Hayange cedex,,"['Carburant, hydrocarbure']",[52],non,non
20-157905,2020-12-26,2021-01-29,['59'],Travaux de construction du POLE SANTE DE CARVIN SSR/CONSULTATIONS,joue,autre,rectificatif,rectificatif,CHU DE LILLE,59037,Lille cedex,,"[""Tous corps d'état""]",[345],non,non
20-157959,2020-12-26,2021-02-12,['59'],Le stadium - Finalisation des travaux de construction du complexe du stade annexe,joue,directive24,appeloffre,initial,METROPOLE EUROPEENNE DE LILLE,59040,Lille,,"[""Tous corps d'état""]",[345],oui,non
20-157955,2020-12-26,2021-02-05,['59'],Travaux d'aménagement du site 'Borne de l'espoir',joue,directive24,appeloffre,initial,METROPOLE EUROPEENNE DE LILLE,59040,Lille,,"['Décoration (travaux)', 'Signalisation', 'Travaux de viabilité', 'Voirie et réseaux divers']","[85, 322, 353, 366]",oui,non
20-157884,2020-12-26,2021-01-25,['59'],prestation de proprete urbaine de nettoyage des espaces publics madeleinois,joue,directive24,attribution,initial,VILLE DE LA MADELEINE,59110,La madeleine,"[('2020-12-09', 'SUEZ RV NORD EST ', (1191272, 'EUR'), 'PRESTATION DE PROPRETE URBAINE DE NETTOYAGE DES ESPACES PUBLICS MADELEINOIS')]",['Nettoyage urbain'],[240],non,oui
20-158070,2020-12-26,2021-01-29,"['59', '62']","EXPLOITATION DES INSTALLATIONS DE CHAUFFAGE, DE VENTILATION, DE CLIMATISATION, DE PRODUCTION D'ECS ET DE TRAITEMENT DES EAUX DES BÂTIMENTS COMMUNAUX DE LA MADELEINE",joue,directive24,appeloffre,initial,VILLE DE LA MADELEINE,59110,La madeleine,,"['Electricité, gaz (fourniture)']",[443],non,non
20-157751,2020-12-26,2021-01-27,"['59', '62']","prestations intellectuelles pour une assistance générale administrative, financière et technique pour la gestion du smav",joue,directive24,appeloffre,initial,SMAV,59582,Marly cedex,,"['Assainissement', ""Assistance à maîtrise d'ouvrage""]","[18, 433]",non,non
20-157750,2020-12-26,2021-01-29,"['59', '62']",réalisation de prestations de topographie,joue,directive24,appeloffre,initial,SMAV,59582,Marly Cedex,,"['Assainissement', 'Topographie']","[18, 344]",non,non
20-157747,2020-12-26,2021-01-28,"['59', '62']",diagnostic de conformité des ouvrages de collecte et de transfert d'eaux usées et pluviales avant et après travaux,joue,directive24,appeloffre,initial,SMAV,59582,Marly cedex,,['Assainissement'],[18],non,non
20-157745,2020-12-26,2021-01-26,"['59', '62']","réalisation de travaux de création, de modification, de renouvellement ou de réparation des branchements sur les réseaux de collecte eaux usées et eaux pluviales",joue,directive24,appeloffre,initial,SMAV,59582,Marly cedex,,['Assainissement'],[18],non,non
20-158029,2020-12-26,2021-03-23,['59'],Nettoyage des abords et des accès du stade Pierre Mauroy,joue,directive24,attribution,initial,Ville de Villeneuve d'Ascq,59652,Villeneuve D'Ascq,"[('2020-12-22', ""Federation Des Centres D'Insertion"", (333333, 'EUR'), 'Nettoyage des abords et des accès du stade Pierre Mauroy')]","['Nettoyage urbain', 'Prestations de services']","[240, 274]",non,non
20-157827,2020-12-26,2021-03-23,['60'],"Desinsectisation, Desinfection Et Deratisation Des Immeubles Du Patrimoine De L'Opac De L'Oise",joue,directive24,attribution,initial,OPAC de l'Oise,60016,Beauvais,"[('2020-12-22', 'Green Power', (186024.84, 'EUR'), 'Pont Saint Maxence, Senlis, Crépy')]","['Dératisation, désinsectisation']",[89],non,non
20-157940,2020-12-26,2021-02-05,['62'],2020-222 - Terrassements généraux et réseaux divers - Nouvel Hôpital de Lens,joue,directive24,appeloffre,initial,Centre Hospitalier de Lens,62307,Lens,,"['Réseaux divers', 'Terrassement']","[306, 341]",non,non
20-157892,2020-12-26,2021-03-23,['63'],Travaux de pontage de fissures sur les routes départementales du Puy de Dôme 2021 à 2024,joue,directive24,attribution,initial,DEPARTEMENT DU PUY DE DOME,63033,Clermont-Ferrand,"[('2020-11-25', 'Neovia', (640000, 'EUR'), None)]",['Voirie'],[365],non,non
20-157937,2020-12-26,2021-02-01,['64'],Concession pour l'exploitation et la gestion du crématorium de Pau,joue,directive23,appeloffre,initial,COMMUNE DE PAU,64000,Pau,,['Délégation de service public'],[406],non,non
20-157853,2020-12-26,2021-03-05,['64'],Fourniture de wagons de chantier pour le renouvellement de la voie du Train de la Rhune,joue,directive24,attribution,initial,Département des Pyrénées-Atlantiques,64058,Pau Cedex 9,"[('2020-12-07', 'METALLIANCE', (1428000.0, 'EUR'), 'Fourniture de wagons de chantier spécifiques à voie métrique à crémaillère pour les travaux de renouvellement de la voie du Train de La Rhune')]",['Voies ferrées'],[364],non,non
20-157868,2020-12-26,2021-01-25,['64'],Complexe sportif Jean Dauger - Etudes et travaux pour la réalisation du centre de formation et de performance - Marché de conception-réalisation,joue,directive24,appeloffre,initial,MAIRIE DE BAYONNE,64100,Bayonne,,['Bâtiment'],[33],non,oui
20-151755,2020-12-26,2020-12-31,['64'],fourniture et livraison de materiels et vehicules routiers pour la communaute de communes de lacq-orthez fourniture et livraison d'un châssis ptac 19t ptra 22.5 t maxi équipé,joue,directive24,attribution,initial,Communauté de communes de Lacq-Orthez,64150,Mourenx,"[('2020-12-07', 'schaefer-technic', (267000.0, 'EUR'), None)]","['Voirie', 'Véhicules (acquisition)']","[365, 475]",non,non
20-157825,2020-12-26,2021-01-29,['65'],Fournitures De Viandes Fraiches Et Charcuteries Pour Le Groupement De Commande Entre La Ville De Tarbes Et Le Ccas De La Ville De Tarbes,joue,autre,rectificatif,rectificatif,VILLE DE TARBES,65000,Tarbes,,['Denrées alimentaires'],[88],non,non
20-157973,2020-12-26,2021-02-24,"['66', '11']",APPEL D'OFFRES OUVERT N° 20 H 20 - MARCHE D'ASSURANCE - RISQUES STATUTAIRES POUR LES ETABLISSEMENTS DU GHT 'AUDE-PYRENEES',joue,directive24,attribution,initial,Centre hospitalier de Perpignan,66046,Perpignan cedex 09,,"['Assurance', 'Prestations de services']","[20, 274]",non,non
20-157969,2020-12-26,2021-03-01,"['67', '68', '51', '52', '54', '57', '8', '10', '55']","Prestations de services d'insertion professionnelle de type "" Accélèr'emploi"" (ACL) à mettre en oeuvre auprès des demandeurs d'emploi de la région Grand Est.",joue,directive24,attribution,initial,Pôle emploi - Direction régionale,67030,Strasbourg cedex,,"['Prestations de services', 'Formation']","[274, 410]",oui,non
20-157949,2020-12-26,2021-01-25,"['67', '68']",Nomination d'un CAC titulaire et d'un CAC suppléant pour la mission de certification des comptes annuels de la CMAlsace et de ses CFA + missions complémentaires pour 6 exercices comptables (,joue,directive24,appeloffre,initial,Chambre des Métiers d'Alsace,67300,Schiltigheim,,['Expertise comptable'],[446],non,non
20-157779,2020-12-26,2021-02-24,['63'],CLERMONT-FERRAND (63) - Quartier Desaix - Création d'un Centre Médical des Armées-Nouvelle Génération Concours restreint de maîtrise d'oeuvre sur ESQ,joue,directive24,attribution,initial,DRSID Lyon,69347,Lyon cedex 07,,['Etude'],[118],non,non
20-157794,2020-12-26,2021-04-23,['6'],Marché de dépannage multi-corps d'état 'SOS dépannage' DRAGUIGNAN (ESID-21-011),joue,directive24,appeloffre,initial,DRSID Lyon,69347,Lyon cedex 07,,['Prestations de services'],[274],non,non
20-157870,2020-12-26,2021-03-30,"['69', '74', '63', '1', '3']","Les prestations de nettoyage des locaux, de plonge, de vitrerie et d'entretien de l'hébergement et de l'hôtellerie au profit des GSBdD de GVC, CFD et LVV.",joue,directive24,appeloffre,initial,MINARM/EMA/SCA/PFAF-CE/BAP,69362,Lyon cédex 07,,['Nettoyage de locaux'],[239],non,non
20-158071,2020-12-26,2021-01-24,['69'],Marché d'exploitation et de maintenance multitechnique des bâtiments du Campus Région du numérique à Charbonnière-les-bains (69),joue,directive24,attribution,initial,SOC EQUIPEMENT DU RHONE ET DE LYON,69427,Lyon Cedex 03,"[('2020-11-17', 'DALKIA SA', (187870, 'EUR'), ""Marché d'exploitation et de maintenance multitechnique des bâtiments du Campus Région du numérique à Charbonnière-les-Bains (69)."")]",['Maintenance'],[196],non,non
20-157967,2020-12-26,2021-02-26,"['69', '21', '73', '42']","Maintenance préventive et corrective des équipements des tunnels de la DIRCE, hors automates et GTC.",joue,directive24,attribution,initial,DIR INTERDEP ROUTES CENTRE EST,69446,Lyon Cedex 03,"[('2020-12-16', 'Bouygues Energie & Services', (735000, 'EUR'), 'Savoie/Isère - Électricité'), ('2020-12-16', 'SAS ENFRASYS', (500000, 'EUR'), 'Savoie/Isère - Ventilation'), ('2020-12-16', 'EIFFAGE ENERGIE SYSTEMES INFRA LOIRE AUVERGNE', (335000, 'EUR'), 'Loire - Électricité'), ('2020-12-16', 'EIFFAGE ENERGIE SYSTEMES CLEVIA CENTRE EST', (100000, 'EUR'), 'Loire - Ventilation'), ('2020-12-16', 'SAS ENFRASYS', (167000, 'EUR'), ""Côte d'Or - Électricité""), ('2020-12-16', 'SAS ENFRASYS', (35000, 'EUR'), ""Côte d'Or - Ventilation"")]","['Maintenance', 'Prestations de services']","[196, 274]",non,non
20-157806,2020-12-26,2021-01-24,['69'],Marché de fourniture et acheminement d'énergie électrique - Accord-cadre multi-attributaire - Groupement de commandes,joue,directive24,attribution,initial,Société Villeurbannaise d'urbanisme,69601,Villeurbanne cedex,,"['Electricité, gaz (fourniture)']",[443],non,non
20-157893,2020-12-26,2021-03-23,['69'],Fourniture et livraison de denrées alimentaires,joue,directive24,attribution,initial,Ville de Chassieu,69680,Chassieu,"[('2020-12-23', 'Caves du centre', (15000, 'EUR'), 'Jus de fruits, sodas, eaux, vins et spiritueux'), ('2020-12-23', 'Cledor Primeurs Services', (60000, 'EUR'), 'Fruits et légumes frais et de 4ème et 5ème gamme dont produits ""\xa0bio\xa0""'), ('2020-12-23', 'Passionfroid_rhone_alpes_auvergne', (60000, 'EUR'), 'Divers produits surgelés dont ""\xa0produits\xa0"" bio')]",['Denrées alimentaires'],[88],non,non
20-157852,2020-12-26,2021-03-01,['70'],Renouvellement du parc informatique de la Communauté d'Agglomération de Vesoul et de la Ville de Vesoul,joue,directive24,attribution,initial,COMMUNAUTE D AGGLOMERATION DE VESOUL,70007,Vesoul Cedex,"[('2020-12-21', 'ADEO INFORMATIQUE', (247585, 'EUR'), 'Renouvellement du parc informatique')]",['Informatique (matériel)'],[162],non,non
20-157993,2020-12-26,2021-01-25,['71'],Transport et traitement des matériaux collectés dans les déchetteries de MBA,joue,directive24,appeloffre,initial,CA MACONNAIS BEAUJOLAIS AGGLOMERATION,71011,Mâcon Cedex,,['Ordures ménagères (prestations)'],[249],non,non
20-157819,2020-12-26,2021-01-28,['72'],"Mission d'ordonnancement, pilotage et coordination pour la construction d'un chapiteau permanentCité du Cirque Marcel Marceau - 72000 Le Mans",joue,directive24,appeloffre,initial,Ville du Mans,72039,Le Mans,,['Ingénierie'],[455],non,non
20-157885,2020-12-26,2021-02-01,"['72', '37', '53', '49']","Gerbage, Broyage, Transport Et Valorisation Des Dechets Verts Issus Des Decheteries",joue,directive24,appeloffre,initial,syndicat mixte du val de loir,72800,Le Lude,,['Déchetterie (exploitation)'],[405],non,non
20-155089,2020-12-26,2021-01-21,['73'],service de formation en compétences transversales du personnel de telt,joue,directive25,appeloffre,initial,Tunnel Euralpin Lyon Turin SAS,73325,Le Bourget du Lac,,['Formation'],[410],non,non
20-157835,2020-12-26,2021-03-23,['74'],Fourniture et prestations de signalisation routière verticale et horizontale,joue,directive24,attribution,initial,Ville d'Annemasse,74107,Annemasse,"[('2020-12-09', 'Signaux Girod S.A', (45335.42, 'EUR'), 'Lot 1'), ('2020-12-09', 'Proximark', (89517.03, 'EUR'), 'Lot 2'), ('2020-12-09', ""Société d'Applications Routières (par sigle Sar)"", (6987.5, 'EUR'), 'Lot 3')]",['Matériaux routiers'],[199],non,non
20-158032,2020-12-26,2021-03-23,['74'],Collecte et traitement des déchets des déchetteries et du tri sélectif sur le territoire de la communauté de communes Faucigny Glières,joue,directive24,attribution,initial,Cté de Cnes de Faucigny-Glières,74130,Bonneville,,['Déchets non ménagers (prestations)'],[404],non,non
20-157756,2020-12-26,2021-03-31,['74'],remplacement de compteurs électriques existants par des compteurs communicants sur le territoire de deux régies situées en haute savoie,joue,directive25,attribution,initial,Régie d'électricité de Thônes,74230,Thônes,"[('2020-12-23', 'SOLUTIONS 30', (1890602, 'EUR'), 'Remplacement de compteurs électriques existants par des compteurs communicants sur le territoire de deux régies situées en Haute Savoie ')]",['Electricité (travaux)'],[105],non,non
20-157988,2020-12-26,2021-03-23,['74'],Sinergie - Transport et stockage des résidus de balayage des voiries en Isdnd,joue,directive24,attribution,initial,SYNDICAT MIXTE DU LAC D ANNECY,74960,Cran-Gevrier,"[('2020-11-27', 'Veolia', (198000, 'EUR'), None)]",['Ordures ménagères (prestations)'],[249],non,non
20-158031,2020-12-26,2021-03-23,['74'],Prestations de formations en prévention santé sécurité du travail,joue,directive24,attribution,initial,SYNDICAT MIXTE DU LAC D ANNECY,74960,Cran-Gevrier,,['Formation'],[410],non,non
20-158025,2020-12-26,2021-03-23,['75'],"Conception et réalisation d'une bibliothèque numérique déclinable sur smartphone, tablette, écran totem, ordinateur pour la Caisse des Dépôts",joue,directive24,attribution,initial,CAISSE DES DEPOTS,75007,Paris,"[('2020-11-05', 'Kayo', (228076, 'EUR'), None)]","['Prestations de services', 'Progiciel']","[274, 283]",non,non
20-158065,2020-12-26,2021-01-08,['75'],Accord-cadre pour des prestations de maintenance des expositions itinérantes de l'Eppdcsi,joue,autre,rectificatif,rectificatif,EPPDCSI,75008,Paris,,['Maintenance'],[196],non,non
20-157907,2020-12-26,2021-02-24,['75'],"Gestion et exploitation d'établissements d'accueil collectif de petite enfance situés dans les 9ème, 11ème, 12ème, 13ème, 15ème, 18ème, 19ème et 20ème arrondissements de Paris",joue,directive24,attribution,initial,Ville de Paris,75013,PARIS,"[('2020-05-28', 'SAS LPCR - Collectivités Publiques - Les Petits Chaperons Rouges', (10604940, 'EUR'), ""Gestion et exploitation de deux établissements d'accueil collectif de petite enfance situés dans les 18ème et 19ème arrondissements de Paris""), ('2020-05-28', 'SAS LPCR - Collectivités Publiques - Les Petits Chaperons Rouges', (10543674, 'EUR'), ""Gestion et exploitation de deux établissements d'accueil collectif de petite enfance situés dans les 11ème et 18ème arrondissements de Paris""), ('2020-05-28', 'ASSOCIATION CRESCENDO', (7672685.25, 'EUR'), ""Gestion et exploitation de deux établissements d'accueil collectif de petite enfance situés dans les 9ème et 11ème arrondissements de Paris""), ('2020-05-28', 'SAS LPCR - Collectivités Publiques - Les Petits Chaperons Rouges', (7049997, 'EUR'), ""Gestion et exploitation d'un établissement d'accueil collectif de petite enfance situé dans le 13ème arrondissement de Paris""), ('2020-05-28', 'ASSOCIATION CRESCENDO', (6113424.15, 'EUR'), ""Gestion et exploitation de deux établissements d'accueil collectif de petite enfance situés dans les 12ème et 13ème arrondissements de Paris""), ('2020-05-28', 'ASSOCIATION CRESCENDO', (5926686.09, 'EUR'), ""Gestion et exploitation d'un établissement d'accueil collectif de petite enfance situé dans le 20ème arrondissement de Paris""), ('2020-05-28', 'SAS LPCR - Collectivités Publiques - Les Petits Chaperons Rouges', (2867391, 'EUR'), ""Gestion et exploitation d'un établissement d'accueil collectif de petite enfance situé dans le 15ème arrondissement de Paris"")]",['Prestations de services'],[274],non,non
20-157916,2020-12-26,2021-02-24,['75'],Gestion et exploitation d'un établissement multi accueil collectif et familial de petite enfance situé dans le 13ème arrondissement de Paris,joue,directive24,attribution,initial,Ville de Paris,75013,Paris,"[('2020-06-23', 'Association CRESCENDO', (8822230.31, 'EUR'), ""Gestion et exploitation d'un établissement multi accueil collectif et familial de petite enfance situé dans le 13ème arrondissement de Paris"")]",['Prestations de services'],[274],non,oui
20-158069,2020-12-26,2021-02-09,['75'],"Fourniture de matériel mécanique non diesel, horticole et agricole en 3 lots séparés.",joue,directive24,appeloffre,initial,Ville de Paris,75013,Paris,,"['Matériel agricole, horticole']",[200],non,non
20-157930,2020-12-26,2021-02-02,['75'],"Marché UNICANCER de fourniture et de livraison demédicamentsClasses ATC (A,B,C,D,G,H,J,L,M,N,P,R,S,V,Z)",joue,directive24,appeloffre,initial,FEDERAT NAL CTRE LUTTE CONTRE CANCER,75013,PARIS,,"['Antenne', 'Articles de bureau et articles scolaires', 'Produits pharmaceutiques']","[10, 16, 280]",non,non
20-157913,2020-12-26,2021-02-23,['75'],Accord cadre à marchés subséquents pour la gestion et l'exploitation de nouveaux établissements d'accueil collectif de petite enfance situés à Paris,joue,directive24,attribution,initial,Ville de Paris,75013,Paris,"[('2020-11-13', 'Association CRESCENDO', (2920051.2, 'EUR'), ""Gestion et exploitation de nouveaux établissements d'accueil collectif de petite enfance situés à Paris de 60 places et moins.""), ('2020-11-13', 'Association LEO LAGRANGE NORD ILE-DE-FRANCE', (2920051.2, 'EUR'), ""Gestion et exploitation de nouveaux établissements d'accueil collectif de petite enfance situés à Paris de 60 places et moins""), ('2020-11-13', 'Association FONDATION OEUVRE DE LA CROIX SAINT SIMON', (2920051.2, 'EUR'), ""Gestion et exploitation de nouveaux établissements d'accueil collectif de petite enfance situés à Paris de 60 places et moins""), ('2020-11-13', 'SAS LPCR COLLECTIVITES PUBLIQUES - LES PETITS CHAPERONS ROUGES', (2920051.2, 'EUR'), ""Gestion et exploitation de nouveaux établissements d'accueil collectif de petite enfance situés à Paris de 60 places et moins""), ('2020-11-13', 'Association CRESCENDO', (5667995.52, 'EUR'), ""Gestion et exploitation de nouveaux établissements d'accueil collectif de petite enfance situés à Paris de 61 places et plus""), ('2020-11-13', 'Association LEO LAGRANGE NORD ILE-DE-FRANCE', (5667995.52, 'EUR'), ""Gestion et exploitation de nouveaux établissements d'accueil collectif de petite enfance situés à Paris de 61 places et plus""), ('2020-11-13', 'SAS LPCR COLLECTIVITES PUBLIQUES - LES PETITS CHAPERONS ROUGES', (5667995.52, 'EUR'), ""Gestion et exploitation de nouveaux établissements d'accueil collectif de petite enfance situés à Paris de 61 places et plus""), ('2020-11-13', 'SAS LA MAISON BLEUE', (5667995.52, 'EUR'), ""Gestion et exploitation de nouveaux établissements d'accueil collectif de petite enfance situés à Paris de 61 places et plus"")]",['Prestations de services'],[274],non,non
20-158057,2020-12-26,2021-01-27,"['75', '92', '94']",PRESTATIONS INTELLECTUELLES POUR LA REALISATION D'OPERATIONS DE TRAVAUX POUR LE COMPTE DES HÔPITAUX UNIVERSITAIRES PARIS SACLAY - AP - HP - ASSISTANCE à la MAITRISE d'OUVRAGE (AMO),joue,directive24,appeloffre,initial,Groupe Hospitalier HUPIFO,75016,Paris,,"['Bâtiment', ""Assistance à maîtrise d'ouvrage""]","[33, 433]",non,non
20-157903,2020-12-26,2021-01-30,"['75', '2']","villers cotterêts phase 2 lots 14, 15, 16, 18, 19, 20, 22, 25 et 29 (rectificatif)",joue,autre,rectificatif,rectificatif,Centre des monuments nationaux,75186,Paris Cedex 04,,"['Menuiserie', 'Monuments historiques', 'Peinture (travaux)', 'Plancher technique', 'Plâtrerie', 'Revêtements de sols', 'Sanitaire', 'Serrurerie']","[222, 236, 264, 267, 269, 308, 319, 321]",oui,non
20-157952,2020-12-26,2021-01-29,['75'],"Maintenance, support et extension StorageGrid",joue,directive24,appeloffre,initial,Ministère de l'éducation nationale,75357,Paris,,['Logiciel'],[186],oui,non
20-158009,2020-12-26,2021-02-24,['75'],"Réalisation d'actions de formation sur le thème 'santé, sécurité et conditions de travail' pour le compte de la délégation Provence Alpes Côte d'Azur du CNFPT",joue,directive24,attribution,initial,CNFPT,75578,Paris cedex 12,,['Formation'],[410],non,oui
20-158002,2020-12-26,2021-02-02,['75'],"Accueil des autocars de tourisme dans les parcs de stationnement payant fermés et sur voirie de Paris intégrant le PASS Autocar, en 2 lots séparés",joue,directive24,appeloffre,initial,Ville de Paris,75639,Paris,,['Prestations de services'],[274],non,non
20-157999,2020-12-26,2021-01-30,['75'],Regroupement des services de neurologie à Castaigne,joue,directive24,attribution,initial,ASSISTANCE PUBLIQUE HOPITAUX DE PARIS,75651,Paris cedex 13,,"['Bâtiment', 'Chauffage (travaux)', 'Cloison, faux plafond', 'Electricité (travaux)', 'Maçonnerie', 'Métallerie', ""Tous corps d'état""]","[33, 61, 63, 105, 195, 223, 345]",non,non
20-157848,2020-12-26,2021-01-30,['75'],Fourniture et livraison de matières premières pharmaceutiques utilisées par la pharmacie du Site Armand Trousseau,joue,directive24,attribution,initial,ASSISTANCE PUBLIQUE HOPITAUX DE PARIS,75651,Paris cedex 13,"[('2020-10-06', 'INRESA', (234748.76, 'EUR'), 'Fourniture et livraison de matières premières pharmaceutiques utilisées par la pharmacie du site Armand Trousseau pour la fabrication de préparations hospitalières et magistrales à usage pédiatrique.')]",['Produits pharmaceutiques'],[280],non,non
20-157982,2020-12-26,2021-01-30,['75'],Regroupement des services de neurologie à Castaigne,joue,directive24,attribution,initial,ASSISTANCE PUBLIQUE HOPITAUX DE PARIS,75651,Paris cedex 13,,"['Ascenseur', 'Chauffage (travaux)', 'Cloison, faux plafond', 'Electricité (travaux)', 'Maçonnerie', 'Menuiserie', 'Métallerie', 'Peinture (travaux)', 'Plomberie (travaux)', ""Tous corps d'état"", 'Voirie', 'Electricité, gaz (fourniture)']","[17, 61, 63, 105, 195, 222, 223, 264, 270, 345, 365, 443]",non,non
20-157927,2020-12-26,2021-01-30,['75'],Missions d'OPC à bons de commande pour les Hôpitaux Universitaires du Groupe Hospitalo-Universitaire APHP Sorbonne Université,joue,directive24,attribution,initial,ASSISTANCE PUBLIQUE HOPITAUX DE PARIS,75651,Paris cedex 13,"[('2020-11-03', 'CI Tech', (2000000, 'EUR'), 'OPC Sites Pitié Salpêtrière et Charles Foix'), ('2020-11-02', 'IPCS', (2000000, 'EUR'), 'OPC - Sites Saint Antoine, Tenon, Trousseau, Rothschild, La Roche Guyon')]","[""Mission d'ordonnancement, pilotage, coordination (OPC)""]",[234],non,non
20-157908,2020-12-26,2021-01-30,"['75', '94']","Maintenance préventive et curative des portes automaiques, portails et barrières motorisées des sites La Pitié Salpêtrière et Charles Foix",joue,directive24,attribution,initial,ASSISTANCE PUBLIQUE HOPITAUX DE PARIS,75651,Paris cedex 13,"[('2020-10-12', 'RECORD PORTES AUTOMATIQUES', (1028640, 'EUR'), 'Maintenance préventive et curative des portes automatiques, portails et barrières motorisées - sites Pitié Salpêtrière')]",['Prestations de services'],[274],non,non
20-157864,2020-12-26,2021-01-30,['75'],"Exploitation et entretien des installations de chauffage, ventilation, climatisation et production d'eau chaude sanitaire du Groupe Hospitalo Universitaire APHP Sorbonne Université",joue,directive24,attribution,initial,ASSISTANCE PUBLIQUE HOPITAUX DE PARIS,75651,Paris cedex 13,"[('2020-10-08', 'DALKIA', (4770042, 'EUR'), ""Exploitation et entretien des installations de chauffage, ventilation, climatisation et production d'eau chaude sanitaire - site Pitié Salpêtrière"")]",['Prestations de services'],[274],non,non
20-157934,2020-12-26,2021-01-30,['75'],Fourniture et pose d'une construction modulaire locative pour les consultations d'anesthésie et de Neurochirurgie du Site Pitié Salpêtrière,joue,directive24,attribution,initial,ASSISTANCE PUBLIQUE HOPITAUX DE PARIS,75651,Paris cedex 13,"[('2020-11-02', 'ALTEMPO SAS', (415932.58, 'EUR'), ""Fourniture et pose d'une construction modulaire locative pour les consultations d'anesthésie et de neurochirurgie - Site Pitié Salpêtrière"")]","['Bâtiments modulaires', 'Prestations de services']","[27, 274]",non,non
20-157805,2020-12-26,2021-01-30,['75'],Prestations d'hôtellerie/restauration de certains bâtiments de l'hôpital de La Pitié Salpêtrière du groupe hospitalo-universitaire APHP Sorbonne Unversité,joue,directive24,attribution,initial,ASSISTANCE PUBLIQUE HOPITAUX DE PARIS,75651,Paris cedex 13,"[('2020-11-13', 'ELIOR SERVICES PROPRETE SANTE', (9218485, 'EUR'), ""Prestations d'hôtellerie/restauration de certains bâtiments de l'hôpital Pitié Salpêrière"")]",['Restauration collective'],[66],non,non
20-157966,2020-12-26,2021-03-04,"['75', '74', '77', '78', '91', '95', '92', '93']",Assurances construction,joue,directive24,appeloffre,initial,Centre hospitalier Sainte-Anne,75674,Paris cedex 14,,['Assurance'],[20],non,non
20-158007,2020-12-26,2021-01-26,"['54', '59']",Prestations de sani prévention ( dératisation et désinsectisation) des sites dépendants de Filieris,joue,autre,rectificatif,rectificatif,CANSSM,75714,Paris cedex 15,,"['Dératisation, désinsectisation']",[89],oui,oui
20-157899,2020-12-26,2021-02-24,['76'],Prestations de services d'insertion professionnelle de type 'Atelier Conseil ' pour les demandeurs d'emploi de la région Normandie,joue,directive24,attribution,initial,Pôle emploi Normandie,76040,Rouen,,['Prestations de services'],[274],non,non
20-157760,2020-12-26,2021-02-05,['76'],20 SDA10,joue,directive25,appeloffre,initial,GPMH au Havre,76067,Le havre cedex,,"[""Ouvrage d'infrastructure"", 'Panneaux']","[253, 261]",non,non
20-157804,2020-12-26,2021-02-01,['76'],EOLIEN OFFSHORE - TRAVAUX DE RENFORCEMENT DU QUAI JOANNES COUVERT AVEC REALISATION DES QUAIS JACK-UP ET LO-LO - ASSISTANCE À MAITRISE D'OEUVRE - MISSION DE CONTROLE ET DE VISA DES ETUDES D'E,joue,directive25,appeloffre,initial,GPMH au Havre,76067,Le havre cedex,,['Assistance technique'],[19],non,non
20-157936,2020-12-26,2021-01-25,['76'],Acquisition et livraison de divers articles promotionnels logotypés aux couleurs du Département de la Seine-Maritime,joue,directive24,appeloffre,initial,DEPARTEMENT DE SEINE-MARITIME,76101,Rouen Cedex,,['Textile'],[343],non,oui
20-158048,2020-12-26,2021-01-29,['76'],"Travaux d'impression, de reprographie, de finition, de reliure et livraison de documents",joue,directive24,appeloffre,initial,Département de Seine-Maritime,76101,Rouen Cedex,,"['Impression', 'Reliure']","[160, 302]",non,non
20-158045,2020-12-26,2021-01-27,['76'],"Maintenance, assistance téléphonique, prestations associées et fourniture de modules et de licences complémentaires du logiciel Watchdoc",joue,directive24,appeloffre,initial,Département de Seine-Maritime,76101,Rouen Cedex,,['Logiciel'],[186],non,non
20-157928,2020-12-26,2021-02-01,"['78', '75', '95', '92']","Réalisation de prestations topographiques dans le cadre d'opérations d'aménagement, de travaux de bâtiments ou de voirie",joue,directive24,appeloffre,initial,COMMUNE DE SAINT GERMAIN EN LAYE,78100,Saint-germain-en-laye,,"['Abris', 'Topographie']","[1, 344]",non,non
20-157978,2020-12-26,2021-02-02,['78'],"Fourniture, location, pose et dépose, maintenance et stockage, branchement et débranchement des décorations lumineuses pour les fêtes de fin d'année",joue,directive24,appeloffre,initial,Ville de Montigny le Bretonneux,78180,Montigny le bretonneux,,['Illumination'],[170],non,oui
20-157780,2020-12-26,2021-03-23,['78'],Fourniture de carburants et prestations associées au moyen de cartes accréditives,joue,directive24,attribution,initial,GRAND PARIS SEINE ET OISE,78410,Aubergenville,"[('2020-12-23', 'TOTAL MARKETING FRANCE', (1176000, 'EUR'), 'FOURNITURE DE CARBURANT ET DE PRESTATIONS ANNEXES AU MOYEN DE CARTES ACCREDITIVES')]","['Carburant, hydrocarbure']",[52],non,non
20-157889,2020-12-26,2021-03-23,['78'],La présente consultation est relative aux prestations de services enassurances,joue,directive24,attribution,initial,ville de Sartrouville,78506,Sartrouville,"[('2020-11-25', 'Smacl', (36787, 'EUR'), 'Responsabilité générale et risques annexes'), ('2020-11-25', 'Sofaxis', (1329.72, 'EUR'), 'Protection Juridique')]",['Assurance'],[20],non,non
20-158046,2020-12-26,2021-02-01,['78'],Marche De Prestations En Espaces Verts,joue,directive24,appeloffre,initial,commune de Mantes la Ville,78711,Mantes La Ville,,['Espaces verts'],[116],non,non
20-157855,2020-12-26,2021-01-29,['78'],"Achat, livraison, installation et montage de mobiliers et de matériels pour divers services de la Ville de Carrières-sous-Poissy",joue,directive24,appeloffre,initial,Ville de Carrières sous Poissy,78955,Carrières sous poissy,,['Mobilier'],[230],non,non
20-157970,2020-12-26,2021-02-15,"['79', '86', '85', '17']",Marché de collecte des ordures ménagères résiduelles et collectives sélectives,joue,autre,rectificatif,rectificatif,Communauté Communes Parthenay-Gâtine,79200,Parthenay cedex,,['Ordures ménagères (prestations)'],[249],non,non
20-157880,2020-12-26,2021-02-05,['83'],20map34 Ac Bdc Prestations Gardiennage Et Surveillance Par Des Agents De Prevention Et De Securite Cqp Specialite Securite Evenementiel Et Installations Portuaires Du Territoire De,joue,directive24,appeloffre,initial,Métropole Toulon Provence Méditerranée,83041,Toulon,,['Gardiennage'],[138],non,non
20-157814,2020-12-26,2021-02-05,['83'],20pi20 Assistance à Maitrise d'Ouvrage Amo pour l'Elaboration du Schéma Directeur d'Alimentation en Eau Potable Métropolitain,joue,directive24,appeloffre,initial,Métropole Toulon Provence Méditerranée,83041,Toulon,,"['Alimentation en eau potable', ""Assistance à maîtrise d'ouvrage""]","[6, 433]",non,non
16-94814,2020-12-26,2021-01-24,['83'],"marché public de performance énergétique portant sur les installations d'éclairage public, éclairage sportif, éclairage de mises en valeur, de bornes et d'illuminations festives",joue,directive24,attribution,initial,Ville de Grimaud,83310,GRIMAUD,,['Eclairage public'],[102],non,oui
20-157396,2020-12-26,2021-02-25,['83'],Confection et livraison de repas en liaison froide pour la restauration scolaire et le centre de loisirs.,joue,directive24,attribution,initial,Ville de La Cadière d'Azur,83740,La Cadière d'azur,"[('2020-12-21', 'TERRES DE CUISINE', (400000, 'EUR'), 'Confection et livraison de repas en liaison froide pour la restauration scolaire et le centre de loisirs.')]",['Restauration collective'],[66],non,non
20-156668,2020-12-26,2021-02-28,['85'],"acquisition de véhicules de tourisme et utilitaires, d'un tracteur et d'un camion benne à ordures ménagères à moteur thermique ou hydrogène",joue,directive24,attribution,initial,Cté de Communes du Pays des Herbiers,85500,Les Herbiers,,"['Matériel agricole, horticole', 'Véhicules (acquisition)']","[200, 475]",non,oui
20-157797,2020-12-26,2021-01-23,['86'],"VÊTEMENTS DE TRAVAIL, CHAUSSURES ET ÉQUIPEMENTS DE PROTECTION INDIVIDUELLE",joue,autre,rectificatif,rectificatif,Eaux de Vienne - Siveer,86000,Poitiers,,"['Chaussures ou articles chaussants', 'Equipements spécialisés', 'Matériel de sécurité', 'Textile']","[79, 115, 209, 343]",non,non
20-157826,2020-12-26,2021-01-31,['89'],intervention des huissiers de justice pour le recouvrement amiable (phase comminatoire amiable) des créances prises en charge par les comptables de la direction générale des finances publiques (dgfip),joue,directive24,attribution,initial,DIRECTION DEP FIN PUBLIQUES YONNE,89000,AUXERRE,"[('2020-11-27', 'S.C.P GOBET-CLEMENT', (1.0, 'EUR'), 'Arrondissement de SENS'), ('2020-11-27', 'SELARL QUALIJURIS 89', (1.0, 'EUR'), ""Arrondissement d'AUXERRE et AVALLON"")]",['Prestations de services'],[274],non,non
20-157769,2020-12-26,2021-01-27,['91'],FOURNITURE ET LIVRAISON D?EQUIPEMENTS DE PROTECTION INDIVIDUELLE ET VETEMENTS DE TRAVAIL POUR LES SERVICES DEPARTEMENTAUX ET PRESTATIONS ASSOCIEES (3 lots),joue,directive24,appeloffre,initial,Conseil général de l'Essonne,91012,Evry cedex,,"['Abris', 'Textile']","[1, 343]",non,oui
20-142562,2020-12-26,2021-02-24,['91'],nettoyage des bâtiments communaux,joue,directive24,modification,modification,ville de Corbeil-Essonnes,91108,Corbeil essonnes cedex,"[('2018-05-22', 'Axe DV', (711321.0, 'EUR'), 'Nettoyage du secteur éducation')]",['Nettoyage de locaux'],[239],non,non
20-144545,2020-12-26,2021-02-24,['91'],nettoyage des bâtiments communaux,joue,directive24,modification,modification,ville de Corbeil-Essonnes,91108,Corbeil essonnes cedex,"[('2020-05-22', 'AXE DV', (396550, 'EUR'), 'Nettoyage des secteurs hors éducation')]",['Nettoyage de locaux'],[239],non,non
20-157847,2020-12-26,2021-03-01,"['91', '77', '92', '94', '95']",MAINTENANCE DEPANNAGE ET REPARATION DU MATERIEL MENAGE ET INDUSTRIEL,joue,directive24,appeloffre,initial,Mairie d'Athis-Mons,91200,Athis-mons,,"['Assistance technique', 'Prestations de services']","[19, 274]",non,non
20-157961,2020-12-26,2021-01-25,['92'],Mise à disposition de berceaux en crèche pour les salariés de la CPAM des Hauts-de-Seine,joue,directive24,appeloffre,initial,CPAM Nanterre,92026,Nanterre,,"['Prestations de services', 'Mise à disposition de personnel']","[274, 461]",oui,oui
20-157755,2020-12-26,2021-01-30,['92'],GESTION D'UN CENTRE DE CONTACTS ET D'INFORMATIONS ET GESTION DE L'ACCUEIL PHYSIQUE ET TELEPHONIQUE DE GRAND PARIS SEINE OUEST,joue,directive24,attribution,initial,GRAND PARIS SEINE OUEST,92197,Meudon cedex,"[('2020-12-23', 'TELEPERFORMANCE France', (1320000, 'EUR'), ""Gestion d'un centre de contacts et d'informations et gestion d'accueil physique et téléphonique de Grand Paris Seine Ouest"")]","[""Aire d'accueil""]",[430],non,non
20-157828,2020-12-26,2021-01-18,['92'],Prestations d'entretien et de travaux neufs sur les équipements hydrauliques,joue,autre,rectificatif,rectificatif,GRAND PARIS SEINE OUEST,92197,Meudon cedex,,['Equipement hydraulique'],[111],non,non
20-157986,2020-12-26,2021-01-26,['92'],"Prestations de captation, sonorisation et retransmission de conseils territoriaux / municipaux et autres événements",joue,directive24,appeloffre,initial,Vallée Sud - Grand Paris,92260,Fontenay-aux-Roses,,"['Sonorisation', 'Vidéo, cinéma']","[324, 362]",non,non
20-157971,2020-12-26,2021-02-28,['92'],"Fourniture de livres et divers documents pour la médiathèque, la bibliothèque et la documentation de la ville - 10 lots",joue,directive24,attribution,initial,COMMUNE DE CHATENAY MALABRY,92290,Chatenay-malabry,,"['Abonnement', 'Disque, disquette', 'Livres', 'Vidéo, cinéma']","[2, 92, 184, 362]",non,non
20-157824,2020-12-26,2021-01-13,['92'],Achat Et Livraison De Fournitures A Caractere Scolaires Et Loisirs Creatifs,joue,autre,rectificatif,rectificatif,Ville de Courbevoie,92401,Courbevoie,,['Articles de bureau et articles scolaires'],[16],non,oui
20-157818,2020-12-26,2021-02-01,['92'],Marche De Transport De Personnes En Autocars - Transport Extra-Muros - Intra- Muros Et En Loire Atlantique,joue,directive24,appeloffre,initial,Ville de Colombes,92700,Colombes,,['Transport'],[347],oui,oui
20-157861,2020-12-26,2021-01-24,['92'],"Travaux et entretien afférents aux installations téléphoniques, au câblage informatique et à la sécurisation des accès des bâtiments communaux",joue,directive24,attribution,initial,Ville de Puteaux,92800,Puteaux,"[('2020-12-23', 'MEDIA COMMUNICATION IDF', (100000, 'EUR'), ""Travaux et d'entretien afférents aux installations téléphoniques, au câblage informatique et à la sécurisation des accès des bâtiments communaux"")]",['Informatique (matériel)'],[162],non,non
20-157862,2020-12-26,2021-01-22,['92'],Fourniture de consommables et de supports pour imprimante grand format à encre latex,joue,directive24,attribution,initial,Ville de Puteaux,92800,Puteaux,"[('2020-12-21', 'ID NUMERIQUE', (240000, 'EUR'), ""Lot 1 : Consommables d'impression""), ('2020-12-21', 'ID NUMERIQUE', (600000, 'EUR'), ""Lot 2 : Supports d'impression"")]","[""Matériel d'imprimerie""]",[211],non,oui
20-157843,2020-12-26,2021-01-24,['92'],Fourniture et livraison de produits et accessoires de premiers secours,joue,directive24,attribution,initial,Ville de Puteaux,92800,Puteaux,"[('2020-10-15', 'TAMO', (100000, 'EUR'), 'Fourniture et livraison de produits et accessoires de premiers secours')]",['Consommables médicaux'],[69],non,non
20-157807,2020-12-26,2021-01-18,['93'],Acquisition des fournitures et consommables pour l'entretien des bâtiments de la ville de Saint-Denis,joue,autre,rectificatif,rectificatif,Ville de Saint-Denis,93205,Saint-denis cédex 01,,['Quincaillerie (articles)'],[291],non,oui
20-158033,2020-12-26,2021-03-23,['93'],Assurance statutaire du personnel,joue,directive24,attribution,initial,COMMUNE DE GAGNY,93220,Gagny,"[('2020-12-24', 'Gras Savoye', (206360.03, 'EUR'), None)]",['Assurance'],[20],non,non
20-158050,2020-12-26,2021-01-18,['93'],"Impression, Livraison Et Distribution Des Supports De Communication",joue,autre,rectificatif,rectificatif,COMMUNE DE GAGNY,93220,Gagny,,"['Impression', 'Publicité, Communication']","[160, 285]",non,oui
20-146433,2020-12-26,2021-01-25,['93'],fourniture de consommables pour l'activité d'orthodontie du service dentaire du centre municipal de santé d'aubervilliers pour les années 2021 à 2024,joue,directive24,appeloffre,initial,Ville d'Aubervilliers,93300,"Aubervilliers, 72 rue henry barbusse",,['Matériel dentaire'],[201],non,non
20-157975,2020-12-26,2021-01-25,['93'],"recours à des entreprises de travail temporaire pour la région ile-de-france en cas de remplacements d'agents absents, vacances temporaires d'emploi et accroissement temporaire d'activité",joue,directive24,appeloffre,initial,Région Ile-de-France,93400,Saint ouen sur seine,,['Mise à disposition de personnel'],[461],non,non
20-157796,2020-12-26,2021-01-25,['93'],"Assistance à Maitrise d'Ouvrage pour le suivi-animation d'un Plan de Sauvegarde de 5 ans (2021-2026) pour la copropriété du Gros Saule, dite "" Savigny Pair "" à Aulnay-sous-Bois",joue,directive24,appeloffre,initial,PARIS TERRES D'ENVOL,93601,Aulnay sous bois cedex,,['Etude'],[118],non,non
20-157872,2020-12-26,2021-01-05,['94'],Entretien et maintenance des bâtiments et locaux techniques participants à l'exploitation du réseau routier national non-concédé d'Île-de-France.,joue,directive24,attribution,initial,MEEDDM,94046,Créteil cedex,"[('2020-12-23', 'SAS TERIDEAL SEGEX', (420255.0, 'EUR'), ""Entretien et maintenance des bâtiments participants à l'exploitation de la route du réseau routier national non-concédé d'Île-de-France.""), ('2020-12-23', 'SAS TERIDEAL SEGEX', (455509.82, 'EUR'), ""Entretien et maintenance des bâtiments et locaux techniques participants à l'exploitation des tunnels du réseau routier national non-concédé d'Île-de-France"")]",['Assainissement'],[18],non,non
20-157854,2020-12-26,2021-01-29,['94'],"acquisition, mise en oeuvre et maintenance du futur système d'information finances mutualisé entre les collectivités adhérentes du siim94 (rectificatif)",joue,autre,rectificatif,rectificatif,SIIM94,94200,Ivry sur seine,,['Logiciel'],[186],non,non
20-158068,2020-12-26,2021-02-05,['972'],MAINTENANCE PREVENTIVE ET CORRECTIVE DES EQUIPEMENTS DE CLIMATISMATION ET DE PRODUCTION FRIGORIFIQUE INSTALLES SUR LES SITES DE LA PREFECTURE DE MARTINIQUE,joue,directive24,appeloffre,initial,PREFECTURE DE LA MARTINIQUE,97262,Fort de france cedex,,"['Abris', 'Chauffage (exploitation, entretien)']","[1, 59]",oui,oui
20-157812,2020-12-26,2021-01-31,['973'],"Prestations de contract management dans les domaines des infrastructures, des transports et de la mobilité",joue,directive24,attribution,initial,DEAL de Guyane,97306,Cayenne cedex,"[('2020-12-22', 'Systra', (400000, 'EUR'), 'Accord-cadre à bons de commande de prestations de contract management dans les domaines des infrastructures, des transports et de la mobilité')]",['Ingénierie'],[455],non,non
20-157914,2020-12-26,2021-01-31,['973'],"Accord-cadre de prestations d'assistance juridique pour les opérations routières, fluviales et maritimes",joue,directive24,attribution,initial,DEAL de Guyane,97306,Cayenne cedex,"[('2020-12-22', 'GMR avocats - Grange Martin Ramdenie', (120000, 'EUR'), ""Prestations d'assistance juridique pour les opérations routières, fluviales et maritimes - Droit de l'urbanisme, aménagement, environnement, domanialité, acquisitions, cessions, voirie routière""), ('2020-12-22', 'Cabinet Peyrical & Sabattier', (120000, 'EUR'), ""Prestations d'assistance juridique pour les opérations routières, fluviales et maritimes - Droit des contrats publics"")]",['Assistance juridique'],[434],non,non
20-157759,2020-12-26,2021-03-23,['974'],Etude pour la création d'un périmètre de protection et de mise en valeur des espaces agricoles et naturels périurbains (Paen),joue,directive24,attribution,initial,Département de la Réunion,97400,Saint-Denis,"[('2020-07-22', 'Groupement Ecosys/Tercia Consultants', (97000, 'EUR'), 'Les secteurs irrigués et une partie des secteurs agricoles des hauts de Saint-Louis'), ('2020-07-22', 'Groupement Ecosys/Tercia Consultants', (83900, 'EUR'), 'Les secteurs irrigués territoire communal de Petite-Ile'), ('2020-07-22', 'Cyathea', (71240, 'EUR'), 'Les secteurs agricoles territoire communal de Saint-Denis'), ('2020-07-31', 'Groupement Brli/Rodolphe Cousin Zone Up', (49987.5, 'EUR'), 'Le secteur agricole irrigué du territoire communal du Port')]",['Etude'],[118],non,non
20-157757,2020-12-26,2021-01-23,['976'],RESTAURATION / COLLATION SCOLAIRE DE LA COMMUNE DE DZAOUDZI-LABATTOIR,joue,directive24,attribution,initial,COMMUNE DE DZAOUDZI LABATTOIR,97610,Labattoir,,"['Repas, traiteur']",[304],non,oui
20-141893,2020-12-26,2021-01-20,['35'],mission de maîtrise d'oeuvre relative à la construction d'un espace socio-culturel tiers-lieu sur l'îlot de la minoterie à pipriac (35),joue,directive24,attribution,initial,mairie de pipriac,,PIPRIAC,,"['Bâtiment', ""Maîtrise d'oeuvre"", 'Prestations de services']","[33, 197, 274]",non,non
20-145563,2020-12-26,2021-03-03,['34'],prestations de services postaux pour la ville de montpellier et montpellier méditerranée métropole,joue,directive24,attribution,initial,Montpellier Méditerranée Métropole,,Montpellier cedex 2,"[('2020-12-23', 'LA POSTE', (2193106, 'EUR'), 'Collecte et traitement des courriers de la Ville de Montpellier et de Montpellier Méditerranée Métropole (dont les pépinières d\x92entreprises) à destination de la France, de 0 gr à 3 kg'), ('2020-12-23', 'LA POSTE', (37818, 'EUR'), 'Collecte et traitement des courriers de la Ville de Montpellier et de Montpellier Méditerranée Métropole (dont les pépinières d\x92entreprises) à destination de l\x92international, de 0 gr à 3 kg'), ('2020-12-23', 'LA POSTE', (18590, 'EUR'), 'Collecte et traitement des colis de la Ville de Montpellier et de Montpellier Méditerranée Métropole (dont les pépinières d\x92entreprises) à destination de la France, de 3 kg à 30 kg'), ('2020-12-23', 'LA POSTE', (23867, 'EUR'), 'Collecte et traitement des colis de la Ville de Montpellier et de Montpellier Méditerranée Métropole (dont les pépinières d\x92entreprises) à destination de l\x92international, de 3 kg à 30kg'), ('2020-12-23', 'LA POSTE', (25416, 'EUR'), 'Remise des plis et colis, tout poids confondus')]","['Routage', 'Télécommunications']","[312, 338]",non,non
20-149000,2020-12-26,2021-01-23,"['67', '68']",aménagement du siège de la délégation du territoire nord à Haguenau,joue,directive24,attribution,initial,DEPARTEMENT DU BAS RHIN,,Strasbourg,"[('2020-09-17', 'HANAU', (73520, 'EUR'), 'désamiantage déplombage'), ('2020-09-17', 'CBA ', (1432697.84, 'EUR'), 'démolition gros oeuvre'), ('2020-10-06', 'BURKART ECHAFAUDAGES', (36670, 'EUR'), 'échafaudage'), ('2020-10-06', 'Mayart', (26859, 'EUR'), 'isolation thermique extérieure'), ('2020-11-17', 'Norba Alsace', (158702, 'EUR'), 'menuiserie extérieure PVC'), ('2020-11-17', 'Laugel et Renouard', (196982, 'EUR'), 'menuiserie extérieure aluminium'), ('2020-11-17', 'METALEST', (229116, 'EUR'), 'serrurerie metallerie'), ('2020-11-17', 'OBEKA SARL', (546984, 'EUR'), 'platrerie faux plafonds'), ('2020-11-17', 'GIF SARL', (54950, 'EUR'), 'flocage'), ('2020-11-17', 'STUTZMANN AGENCEMENT', (497783.03, 'EUR'), 'menuiserie'), ('2020-11-17', 'Dipol', (54374.6, 'EUR'), 'chape carrelage faience'), ('2020-11-17', 'CDRE', (142083.92, 'EUR'), 'revêtements de sols souples'), ('2020-11-17', 'Decopeint', (137954, 'EUR'), 'peinture intérieure nettoyage'), ('2020-10-21', 'SANICHAUF', (149763.01, 'EUR'), 'installations sanitaire'), ('2020-10-22', ""Génie climatique de l'est"", (810946.43, 'EUR'), 'chauffage ventilation desenfumage'), ('2020-10-22', 'EIE', (672783.74, 'EUR'), 'électricité'), ('2020-11-17', 'AMS', (25330, 'EUR'), 'ascenseur'), ('2020-11-17', 'TRABET', (239887, 'EUR'), 'VRD espaces verts'), ('2020-10-02', 'TECHNO DEMO', (73630, 'EUR'), 'curage intérieur'), ('2020-11-17', 'TIR TECHNOLOGIE', (75049, 'EUR'), 'protectopn solaire')]","['Ascenseur', 'Carrelage', 'Chauffage (travaux)', 'Couverture', 'Curage', 'Echafaudage', 'Electricité (travaux)', 'Espaces verts', 'Etanchéité', 'Gros oeuvre', 'Isolation', 'Menuiserie', 'Peinture (travaux)', 'Plâtrerie', 'Ravalement', 'Revêtements de sols', 'Sanitaire', 'Serrurerie', ""Tous corps d'état"", 'Ventilation', 'Voirie et réseaux divers', 'Zinguerie', 'Amiante (désamiantage)']","[17, 53, 61, 74, 78, 101, 105, 116, 117, 144, 169, 222, 264, 269, 299, 308, 319, 321, 345, 360, 366, 372, 479]",oui,non
20-156053,2020-12-26,2021-02-24,['82'],souscription des contrats d'assurances pour la commune de caussade,joue,directive24,attribution,initial,Ville de Caussade,,Caussade,,['Assurance'],[20],non,non
20-156082,2020-12-26,2021-01-21,['13'],MARCHE D'ASSURANCES POUR LA VILLE DE VITROLLES,joue,directive24,attribution,initial,COMMUNE DE VITROLLES,,Vitrolles,,['Assurance'],[20],non,non
20-157758,2020-12-26,2020-12-31,['40'],fourniture de carburants par cartes accréditives pour les véhicules du département des landes,joue,directive24,attribution,initial,Conseil Général des Landes,,MONT-DE-MARSAN,"[('2020-12-15', 'MOONGROUP SAS', (1057680.0, 'EUR'), 'Fourniture de carburants par cartes accréditives')]","['Carburant, hydrocarbure']",[52],non,non
20-157762,2020-12-26,2020-12-31,['40'],accès internet pour les collèges publics du département des landes et des prestations de services afférentes,joue,directive24,attribution,initial,Conseil Général des Landes,,MONT-DE-MARSAN,"[('2020-12-15', 'ORANGE SA', (1258777.0, 'EUR'), 'Accès internet pour les collèges publics du département des Landes')]","['Prestations de services', 'Télécommunications']","[274, 338]",non,non
20-157810,2020-12-26,2021-01-25,['8'],prestation des services d'assurance,joue,directive24,attribution,initial,Mairie de Sedan,,SEDAN,"[('2020-12-02', 'SMACL ASSURANCES', (43710.36, 'EUR'), 'Assurance Responsabilité civile (Classification CPV 66516000-0)'), ('2020-12-02', 'SMACL ASSURANCES', (3828, 'EUR'), 'Assurance Protection fonctionnelle (Classification CPV 66516000-0)'), ('2020-12-02', 'ASSURANCE PILLIOT', (3296.2, 'EUR'), 'Assurance Protection juridique (Classification CPV 66513000-9)'), ('2020-12-02', 'MMA AFFLILIANCE', (104923.16, 'EUR'), 'Assurance Automobile (Classification CPV 66514110-0)'), ('2020-12-02', 'ASSURANCE PILLIOT', (166167.16, 'EUR'), 'Assurance des Dommages aux biens (Classification CPV 66515000-3)'), ('2020-12-02', 'GRAS SAVOYE SAS', (349060, 'EUR'), 'Assurance des Risques statutaires du personnel affilié CNRACL (Classification CPV 66512000-2)')]",['Assurance'],[20],non,non
20-158014,2020-12-26,2021-02-22,['22'],"fourniture, transport et livraison de matériel de signalisation temporaire (rectificatif)",joue,autre,rectificatif,rectificatif,Département des Côtes d'Armor,,Saint-Brieuc,,"['Panneaux', 'Signalisation']","[261, 322]",non,non
20-158023,2020-12-26,2021-02-04,['81'],Accord cadre à bons de commande relatif à la prestation d'entretien et de réparations des véhicules du parc automobile de la communauté d'agglomération,joue,directive24,appeloffre,initial,Communauté d'aglomération Gaillac Grau,,Gaillac,,['Prestations de services'],[274],non,non
