,a00_cle_idweb,g04_01_date_publication,g04_03_date_fin_diffusion,g04_07_dep_publication,g04_09_resume_objet,g01_02_01_famille,g01_02_02_perimetre,g01_02_03_nature,g01_02_04_statut,d01_01_denomination,d01_07_cp,d01_08_ville,d08_09_decision_titulaireandRENSEIGNEMENT,g04_052_descripteurs_libelles,g04_051_descripteurs_codes,g04_061_criteres_sociaux,g04_062_criteres_environnementaux
0,20-43976,2020-03-23,2020-04-10,['2'],Travaux d'aménagement du secteur LE POINT DU JOUR de la ZAC de l'Ecoquartier à Guignicourt (02) - Phase 2,fns,cmp2006,appeloffre,rectificatif,SEDA,02007,Laon cedex,,"['Terrassement', 'Travaux de viabilité']","[341, 353]",non,non
1,20-44032,2020-03-23,2020-05-18,['2'],Approvisionnement en biomasse bois pour la chaufferie du complexe aquatique ' Les Bains du Lac ',fns,cmp2006,appeloffre,initial,Cté. d'Agglo. du Soissonnais,02880,Cuffies,,"['Bois', 'Carburant, hydrocarbure', 'Chauffage (matériel)']","[38, 52, 60]",non,non
2,20-44146,2020-03-23,2020-04-22,['6'],"MAPA 2020-017 : FOURNITURE ET POSE DE PNEUMATIQUES ET DES EQUIPEMENTS ASSOCIES SUR LES VEHICULES LEGERS DE LA VILLE DU CANNET, DU CCAS ET DU GIP",mapa,cmp2006,appeloffre,rectificatif,COMMUNE LE CANNET,06110,LE CANNET,,['Pneumatiques'],[271],non,non
3,20-43911,2020-03-23,2020-04-01,['6'],Maintenance des centrifugeuses des installations de la Régie Eau d'Azur,fns,cmp2006,appeloffre,initial,REGIE EAU D'AZUR,06203,Nice Cedex 3,,['Maintenance'],[196],non,non
4,20-43930,2020-03-23,2020-04-10,['6'],Fourniture de matériaux de rénovation de bâtiment,fns,cmp2006,appeloffre,initial,REGIE EAU D'AZUR,06203,Nice Cedex 3,,"['Charpente', 'Chauffage (matériel)', 'Climatisation', 'Matériaux de construction', 'Matériel de travaux publics', 'Menuiserie', 'Peinture (fourniture)', 'Plomberie (travaux)', 'Serrurerie', 'Ventilation']","[57, 60, 62, 198, 220, 222, 263, 270, 321, 360]",non,non
5,20-43931,2020-03-23,2020-04-09,['6'],Maintenance des équipements de chauffage-ventilation-climatisation des bâtiments de la Régie Eau d'Azur,fns,cmp2006,appeloffre,annulation,REGIE EAU D'AZUR,06203,Nice Cedex 3,,"['Chauffage (exploitation, entretien)', 'Climatisation', 'Maintenance']","[59, 62, 196]",non,non
6,20-43724,2020-03-23,2020-04-16,['7'],Construction du centre d'incendie et de secours du Val de Cance,fns,cmp2006,appeloffre,rectificatif,SCE DEPARTEMENTAL INCENDIE ET SECOURS,07000,Privas,,"[""Tous corps d'état""]",[345],non,non
7,20-43881,2020-03-23,2020-04-22,['7'],Contrôle technique et antipollution des véhicules de moins de 3t5,mapa,cmp2006,attribution,initial,SCE DEPARTEMENTAL INCENDIE ET SECOURS,07000,Privas,,['Contrôle technique'],[72],non,non
8,20-43871,2020-03-23,2020-05-11,['10'],SIGNALISATION HORIZONTALE-. (rectificatif),fns,cmp2006,appeloffre,rectificatif,Ville Saint-André les Vergers,10120,Saint-André-les-Vergers,,"[""Ouvrage d'infrastructure""]",[253],non,non
9,20-43878,2020-03-23,2020-05-11,['10'],REALISATION D'UN TERRAIN DE FOOTBALL SYNTHETIQUE AU COMPLEXE SPORTIF JEAN BIANCHI-. (rectificatif),fns,cmp2006,appeloffre,rectificatif,Ville Saint-André les Vergers,10120,Saint-André-les-Vergers,,"[""Tous corps d'état""]",[345],non,non
10,20-43948,2020-03-23,2020-04-23,['12'],Élaboration du plan local d'urbanisme intercommunal de la communauté de communes Conques-Marcillac,fns,cmp2006,attribution,initial,COMUNAUTE COMMUNES CONQUES MARCILLAC,12330,Marcillac-Vallon,,['Etude'],[118],non,non
11,20-44019,2020-03-23,2020-04-04,['13'],RÉNOVATION DES TOITURES DE L'ÉCOLE COMMUNALE,fns,cmp2006,attribution,initial,Ville de Saint Paul lez Durance,13115,SAINT PAUL LEZ DURANCE,"[('2020-03-20', 'ECO CONSTRUCTION BOIS', (95217.13, 'EUR'), None)]",['Matériaux de construction'],[198],non,non
12,20-43876,2020-03-23,2020-05-11,['13'],MARCHE DE MAITRISE D'OEUVRE POUR LA CONSTRUCTION DE SALLES DE CLASSE SUR LE SITE DU CENTRE AERE AU QUARTIER PIERRE VINCENT,fns,cmp2006,appeloffre,initial,ville de Chateauneuf les Martigues,13168,CHATEAUNEUF LES MARTIGUES CEDEX,,"[""Maîtrise d'oeuvre""]",[197],non,non
13,20-44119,2020-03-23,2020-04-23,['13'],REMPLACEMENT DU RESEAU D'EAU CHAUDE SANITAIRE,fns,cmp2006,appeloffre,initial,SEMPA,13200,ARLES,,['Sanitaire'],[319],non,non
14,20-43837,2020-03-23,2020-04-06,['13'],REALISATION D'UN DIAGNOSTIC ET MISE EN OEUVRE DE L'INTEROPERABILITE DES BASES DE DONNEES EN MATIERE DE BIODIVERSITE ET HABITATS SUR LE TERRITOIRE TRANSALPIN DANS LE CADRE DU PROGRAMME INTERR,fns,cmp2006,appeloffre,rectificatif,AGENCE REGIONALE POUR L ENVIRONNEMENT,13205,Marseille,,"['Etude', 'Logiciel', 'Prestations de services', 'Progiciel']","[118, 186, 274, 283]",oui,oui
15,20-44175,2020-03-23,2020-04-06,['13'],Numéro de la consultation : 20STMS03 Acquisition de matériel scénique,fns,cmp2006,appeloffre,rectificatif,REGIE CULTURELLE REGIONALE,13320,BOUC-BEL-AIR,,['Matériel scénique'],[216],non,non
16,20-44022,2020-03-23,2020-04-23,"['13', '5', '83']",Nettoyage des tunnels et des tranchées couvertes du réseau routier non concédé de la DIRMED - 2020 - 2023,fns,cmp2006,appeloffre,rectificatif,DIRMED,13331,Marseille cedex 03,,['Prestations de services'],[274],non,non
17,20-44064,2020-03-23,2020-06-20,['13'],"REALISATION, EDITION ET DIFFUSION D'OUVRAGES POUR LE MUSEE REATTU",fns,cmp2006,attribution,initial,Ville d'Arles,13637,Arles,"[('2020-03-11', 'Couleurs Contemporaines SAS', (150000, 'EUR'), None)]","['Edition', 'Impression', 'Livres']","[104, 160, 184]",non,non
18,20-43839,2020-03-23,2020-04-20,['13'],Numéro de la consultation : 2020-S-0011 FETES DE L'ETE - SPECTACLES PYROTECHNIQUES - ANNEE 2020,fns,cmp2006,appeloffre,rectificatif,COMMUNE DE MARTIGUES,13692,Martigues cedex,,['Spectacle'],[472],non,non
19,20-43846,2020-03-23,2020-04-20,['13'],"Numéro de la consultation : 2020-S-0012 FÊTES DE L'ETE 2020 - ANIMATION STRUCTURE GONFLABLE ET JEUX D'EAU, SPECTACLES MUSICAUX ET ARTS DE RUE",fns,cmp2006,appeloffre,rectificatif,COMMUNE DE MARTIGUES,13692,Martigues cedex,,['Spectacle'],[472],non,non
20,20-44154,2020-03-23,2020-04-16,"['13', '34', '83', '84']",Achat de titres de paiement d'aide à la personne par le CCAS de la Ville de Fos sur Mer. DLRO REPORTE AU 16/04/2020 CAUSE COVID 19.,fns,cmp2006,appeloffre,rectificatif,Ville de Fos-sur-Mer,13771,Fos sur mer cedex,,['Prestations de services'],[274],non,non
21,20-43882,2020-03-23,2020-05-25,"['13', '83', '84']",Réalisation de prestations d'entretien et de rénovation des revêtements en béton poreux des courts de tennis de la Ville de Fos sur Mer.,mapa,cmp2006,appeloffre,rectificatif,Ville de Fos-sur-Mer,13771,Fos sur mer cedex,,['Equipement sportif'],[113],non,non
22,20-43877,2020-03-23,2020-05-04,['13'],PRESTATIONS D'ENTRETIEN DE L'ECLAIRAGE PUBLIC SUR LA COMMUNE DE ROGNONAS,mapa,cmp2006,appeloffre,rectificatif,ville de Rognonas,13870,ROGNONAS,,['Eclairage public'],[102],non,non
23,20-43854,2020-03-23,2020-05-04,['13'],Travaux de construction d'un immeuble de 3 logements sociaux au no 2 route de la montagnette - 13870 Rognonas,fns,cmp2006,appeloffre,rectificatif,ville de Rognonas,13870,ROGNONAS,,['Bâtiment'],[33],non,non
24,20-43679,2020-03-23,2020-04-08,"['14', '76']",Maîtrise d'oeuvre pour le remplacement du Système de Sécurité Incendie de l'EHPAD Le Mont Joly à Trouville sur Mer pour le Centre Hospitalier de la Côte Fleurie,fns,cmp2006,appeloffre,initial,CENTRE HOSPITALIER UNIVERSITAIRE,14033,Caen,,"[""Maîtrise d'oeuvre"", 'Sécurité incendie']","[197, 332]",non,non
25,20-43751,2020-03-23,2020-05-25,['14'],Accord-cadre pour la mise à disposition d'une plateforme d'aide au développement professionnel et au recrutement pour les agents de la Région Normandie,fns,cmp2006,appeloffre,initial,Région Normandie,14035,CAEN,,['Informatique (prestations de services)'],[163],non,non
26,20-44133,2020-03-23,2020-03-31,['14'],Suivi biosédimentaire des zones d'immersion et de la bande côtière - Port de Ouistreham,fns,cmp2006,attribution,initial,Ports Normands Associés,14280,Saint-contest,"[('2020-02-24', 'CELLULE DE SUIVI DU LITTORAL NORMAND (CSLN)', (23090.22, 'EUR'), None)]",['Etude'],[118],non,non
27,20-43795,2020-03-23,2020-04-22,['14'],EPRON - ZAC de l'Orée du Golf - Travaux de construction de 45 logements - LOT N°4 - MENUISERIES EXTERIEURES - OCCULTATIONS,fns,cmp2006,appeloffre,initial,PARTELIOS HABITAT,14280,Saint Contest,,"['Bâtiment', 'Menuiserie']","[33, 222]",non,non
28,20-43979,2020-03-23,2020-06-08,['16'],Marché de travaux portant sur la réhabilitation du réseau de collecte des eaux usées sur la route départementale no49 sur la commune de Gensac La Pallue,fns,cmp2006,appeloffre,rectificatif,Grand Cognac,16111,COGNAC,,"['Alimentation en eau potable', 'Assainissement', 'Réseaux divers']","[6, 18, 306]",non,non
29,20-43730,2020-03-23,2020-04-13,"['17', '79', '16', '85']",Marché d'animation de trois sites Natura 2000 situés dans le département de Charente-Maritime,mapa,cmp2006,appeloffre,rectificatif,DIRECTION DEP TERRITOIRES MER,17018,La rochelle,,['Etude'],[118],non,non
30,20-43826,2020-03-23,2020-05-04,['18'],Acquisition de matériels pour l'année 2020,fns,cmp2006,appeloffre,initial,Ville de Bourges,18000,BOURGES,,"['Matériel agricole, horticole']",[200],non,non
31,20-43709,2020-03-23,2020-05-13,['18'],Programme d'Amélioration Energétique des Bâtiments Scolaires - Maternelle Auron - Fernault,fns,cmp2006,appeloffre,initial,Ville de Bourges,18000,BOURGES,,"['Electricité (travaux)', 'Gros oeuvre', 'Menuiserie', 'Peinture (travaux)', 'Plomberie (travaux)']","[105, 144, 222, 264, 270]",non,non
32,20-44227,2020-03-23,2020-04-15,['19'],Maîtrise d'oeuvre pour la restructuration et la valorisation du centre des congrès et des affaires,fns,cmp2006,appeloffre,rectificatif,COMMUNAUTE D'AGGLO DU BASSIN DE BRIVE,19103,Brive,,"[""Maîtrise d'oeuvre""]",[197],non,non
33,20-44112,2020-03-23,2020-04-28,['20A'],Numéro de la consultation : 2020-3DIP-0114 RD 69 PR: 79.510 Commune de Palneca élargissement du pont de Vango Nielo (maison cantonnière) - Relance du Lot 2 'Revêtement',fns,cmp2006,appeloffre,initial,COLLECTIVITE DE CORSE,20187,AJACCIO,,"['Génie civil', 'Maçonnerie']","[141, 195]",non,non
34,20-43785,2020-03-23,2020-04-24,['20B'],Construction d'un groupe scolaire à Miomo,mapa,cmp2006,appeloffre,rectificatif,COMMUNE DE SANTA MARIA DI LOTA,20200,Santa Maria di Lota,,['Bâtiment'],[33],non,non
35,20-43765,2020-03-23,2020-05-15,['20B'],Remplacement du 600 mm sur la commune d'Antisanti,fns,cmp2006,appeloffre,rectificatif,Office Equipement Hydraulique de Corse,20601,BASTIA,,['Canalisations'],[48],non,non
36,20-43763,2020-03-23,2020-04-27,['24'],Fourniture d'un tracteur neuf et de son épareuse neuve avec reprise de l'ancien,fns,cmp2006,appeloffre,rectificatif,C C du Pays Ribéracois,24600,RIBERAC,,['Matériel de travaux publics'],[220],non,non
37,20-44115,2020-03-23,2020-04-22,['25'],Numéro de la consultation : 2020DRIT0008 Travaux de renforcement du pont sur le Doubs - RD 683 - PR 92+914 - L'ISLE SUR LE DOUBS,fns,cmp2006,appeloffre,initial,DEPARTEMENT DU DOUBS,25031,BESANCON Cedex,,"[""Ouvrage d'art""]",[252],non,non
38,20-43756,2020-03-23,2020-04-14,['27'],"Fourniture, installation, mise en service et maintenance de matériels de diffusion d'images et de sons pour le déploiement du musée numérique par la Ville d'Evreux",mapa,cmp2006,appeloffre,rectificatif,Ville d'Evreux,27000,Evreux,,"['Audiovisuel', 'Informatique (matériel)']","[22, 162]",non,non
39,20-43657,2020-03-23,2020-04-22,"['27', '76', '60', '95']","Seconde consultation suite à déclaration sans suite pour les lots 1, 3, 8 et 9 - Couvent des Dominicaines - 3ème Tranche Aménagement de l'aile Est du R+2 et de l'aile Ouest du Rez-de-Jardin",fns,cmp2006,appeloffre,initial,CC DU VEXIN NORMAND,27140,GISORS,,"['Démolition', 'Electricité (travaux)', 'Gros oeuvre', 'Maçonnerie', 'Menuiserie', 'Métallerie', 'Voirie et réseaux divers']","[87, 105, 144, 195, 222, 223, 366]",non,non
40,20-44027,2020-03-23,2020-05-15,['29'],Ravalement de la piscine Aquarive,fns,cmp2006,appeloffre,rectificatif,CA QUIMPER BRETAGNE OCCIDENTALE,29000,Quimper,,['Ravalement'],[299],oui,non
41,20-43635,2020-03-23,2020-04-24,['29'],Fourniture de vêtements de travail pour le personnel féminin des aéroports Brest et Quimper Bretagne,joue,autre,rectificatif,rectificatif,CCI METROPOLITAINE BRETAGNE OUEST,29238,Brest cedex 2,,['Textile'],[343],non,non
42,20-43278,2020-03-23,2020-05-20,['29'],approvisionnement de pieds de supports (jumelles) et de batteries d'accumulateurs de marques diverses ou équivalents au profit des sémaphores.,fns,cmp2006DEFENSE,appeloffre,initial,MARINE/DCSSF/ DSSFBrest,29240,BREST cedex 9,,"['Matériel électrique', 'Optique']","[203, 248]",non,non
43,20-44134,2020-03-23,2020-06-20,['31'],Conseil en Assurances de la Connexion Ligne B (CLB),mapa,cmp2006,attribution,initial,SOC DE LA MOBILITE DE AGGL TOULOUSAINE,31004,Toulouse,,['Assurance'],[20],non,non
44,20-43821,2020-03-23,2020-05-23,"['34', '30', '11', '12', '81']",Marché de maîtrise d'oeuvre pour la mise en place de filets anti-projections à la Maison d'arrêt de Villeneuve-lès-Maguelone,fns,cmp2006,appeloffre,initial,DIR INTERREGIONALE SCES PENITENTIAIRES,31015,Toulouse cedex 06,,"[""Maîtrise d'oeuvre""]",[197],non,non
45,19-183696,2020-03-23,2020-05-25,['31'],fourniture d'une antenne hf pour le service d'etat de l'aviation civile -polynésie française,fns,cmp2006,appeloffre,initial,DSNA,31035,Toulouse cedex 1,,['Antenne'],[10],non,oui
46,20-43970,2020-03-23,2020-05-25,"['47', '33']",Travaux divers et ponctuels d'entretien ou de remise en état - Canal de Garonne et fleuve Garonne,mapa,cmp2006,appeloffre,initial,Voies navigables de France,31073,Toulouse cedex 7,,['Terrassement'],[341],non,non
47,20-43415,2020-03-23,2020-05-15,['31'],"ordonnancement, pilotage, coordination (opc) de chantier pour la construction du gymnase de gragnague (opération no55055) (rectificatif)",fns,cmp2006,appeloffre,rectificatif,S.P.L Midi-Pyrénées Construction,31086,Toulouse cédex 9,,"[""Mission d'ordonnancement, pilotage, coordination (OPC)""]",[234],non,non
48,20-44010,2020-03-23,2020-04-20,"['31', '82']",location-maintenance de 12 photocopieurs aux caractéristiques différentes,mapa,cmp2006,appeloffre,initial,LGT RIVE GAUCHE,31100,Toulouse,,['Reprographie'],[305],non,oui
49,20-43982,2020-03-23,2020-04-20,['31'],remaniement des toitures du groupe scolaire des fontanelles à castanet tolosan,mapa,cmp2006,appeloffre,initial,Ville de Castanet-Tolosan,31325,Castanet-Tolosan cedex,,['Couverture'],[74],non,non
50,20-43895,2020-03-23,2020-05-15,['31'],Réhabilitation d'une maison de ville dite maison ségala - phase 2 (rectificatif),fns,cmp2006,appeloffre,rectificatif,Ville de Castanet-Tolosan,31325,Castanet-Tolosan cedex,,"['Carrelage', 'Climatisation', 'Electricité (travaux)', 'Gros oeuvre', 'Menuiserie', 'Peinture (travaux)', 'Plâtrerie', 'Plomberie (travaux)', 'Revêtements de sols', 'Sanitaire', 'Ventilation']","[53, 62, 105, 144, 222, 264, 269, 270, 308, 319, 360]",non,non
51,20-43758,2020-03-23,2020-05-26,['33'],"RÉORGANISATION ET CONSTRUCTION DU GROUPEMENT TECHNIQUE ET LOGISTIQUE (GTL) A BORDEAUX NORD PHASE 2 : TRAVAUX DE CONSTRUCTION DES BÂTIMENTS FINAMUR, NOUVEAU BÂTIMENT (Administratif, Atelier et Magasin",fns,cmp2006,appeloffre,rectificatif,S.C.E.T.,33000,BORDEAUX,,"[""Tous corps d'état""]",[345],non,non
52,20-44002,2020-03-23,2020-04-17,"['33', '86']",Mission complète de maîtrise d'oeuvre pour l'installation d'un nouveau service au sous-sol et RDC et réaménagements intérieurs et extérieurs consécutifs à cette installation,mapa,cmp2006,appeloffre,rectificatif,Direction Interrégionale Douanes NAq,33064,Bordeaux,,"[""Maîtrise d'oeuvre""]",[197],non,non
53,20-43743,2020-03-23,2020-04-30,['33'],Travaux de reboisement foret communale de Saint Laurent Médoc,fns,cmp2006,appeloffre,rectificatif,Ville de Saint Laurent Médoc,33112,Saint Laurent Médoc,,['Bois'],[38],non,non
54,20-36129,2020-03-23,2020-07-01,['33'],accord cadre pour les travaux d'entretien et d'amélioration sur les installations et bâtiments communaux de la ville de cenon.,fns,cmp2006,attribution,initial,Commune de Cenon,33152,Cenon,,"['Carrelage', 'Cloison, faux plafond', 'Couverture', 'Etanchéité', 'Menuiserie', 'Plâtrerie', 'Serrurerie', 'Vitrerie']","[53, 63, 74, 117, 222, 269, 321, 363]",non,non
55,20-43749,2020-03-23,2020-04-16,['33'],Pose de revêtements de sols - Construction de la MDH Chemin Long (rectificatif),fns,cmp2006,appeloffre,rectificatif,VILLE DE MERIGNAC,33185,Le haillan,,['Revêtements de sols'],[308],non,non
56,20-43886,2020-03-23,2020-04-20,['33'],Assistance a maitrise d ouvrage service du patrimoine sportif,mapa,cmp2006,appeloffre,rectificatif,VILLE DE MERIGNAC,33185,Le haillan,,['Etude'],[118],non,non
57,20-44120,2020-03-23,2020-04-24,['33'],Travaux tout corps d 'état,fns,cmp2006,appeloffre,initial,COMMUNE DU HAILLAN,33186,Le haillan,,['Bâtiment'],[33],oui,oui
58,20-43820,2020-03-23,2020-04-30,['33'],La présente consultation concerne :Mission de coordination de sécurité et protection de la santé pour l'implantation d'une piscine dans le parc de Fongravey,fns,cmp2006,appeloffre,rectificatif,Ville de Blanquefort,33294,Blanquefort cedex,,['Contrôle technique'],[72],non,non
59,20-43926,2020-03-23,2020-04-30,['33'],TRANSFORMATION DE SANITAIRES EN SALLE D'ACTIVITES - ECOLE ELEMENTAIRE D'ARSAC,fns,cmp2006,appeloffre,initial,COMMUNE D ARSAC,33460,Arsac,,"['Electricité (travaux)', 'Gros oeuvre', 'Plomberie (travaux)']","[105, 144, 270]",non,non
60,20-43761,2020-03-23,2020-04-20,['33'],Prestations relatives aux supports de communication institutionnelle de la ville (rectificatif),fns,cmp2006,appeloffre,rectificatif,COMMUNE DE VENDAYS,33930,Vendays-montalivet,,"['Impression', 'Publicité, Communication']","[160, 285]",non,non
61,20-44144,2020-03-23,2020-05-07,['34'],Installation électrique des marchés évènementiels de montpellier (rectificatif),fns,cmp2006,appeloffre,rectificatif,Ville de Montpellier,34267,"Montpellier, cedex 2",,['Matériel électrique'],[203],non,non
62,20-43902,2020-03-23,2020-04-30,['34'],Agence spécialisée pour la promotion de la destination de La Grande Motte sur les réseaux sociaux,mapa,cmp2006,appeloffre,initial,office du tourisme de La Grande Motte,34280,LA GRANDE MOTTE,,['Prestations de services'],[274],non,non
63,20-44102,2020-03-23,2020-04-09,['35'],travaux de restauration par arrachage de jussie sur deux espaces naturels départementaux (2 lots),mapa,cmp2006,appeloffre,rectificatif,Département d'Ille et Vilaine PRIE,35042,Rennes cedex,,"['Espaces verts', 'Travaux agricoles', ""Travaux dans l'eau""]","[116, 348, 349]",non,non
64,20-44084,2020-03-23,2020-04-03,['35'],accompagnement à la lutte contre le gaspillage alimentaire (2 lots),mapa,cmp2006,appeloffre,rectificatif,Département d'Ille et Vilaine PRIE,35042,Rennes cedex,,"['Restauration collective', 'Etude', 'Prestations de services']","[66, 118, 274]",non,non
65,20-44111,2020-03-23,2020-04-08,['35'],création d'un ouvrage de gestion des niveaux d'eau du marais de gannedel à la-chapelle-de-brain,mapa,cmp2006,appeloffre,rectificatif,Département d'Ille et Vilaine PRIE,35042,Rennes cedex,,['Ouvrage hydraulique'],[255],non,non
66,20-43766,2020-03-23,2020-04-17,"['22', '35']",Nettoyage des locaux de l'Université Rennes 2 - Sites de Saint-Brieuc - Campus Mazier et Gymnase de la Vallée,fns,cmp2006,appeloffre,rectificatif,Université Rennes 2,35043,Rennes cedex,,['Nettoyage de locaux'],[239],non,non
67,20-43996,2020-03-23,2020-04-23,['29'],"Travaux de désamiantage, de réhabilitation des sols partielle et de déconstruction sélective de l'ancienne friche Bonduelle sis Rue de Pont Aven à ROSPORDEN (56).",fns,cmp2006,attribution,initial,Etablissement public foncier Bretagne,35207,Rennes cedex 2,[],"['Curage', 'Démolition', 'Amiante (désamiantage)']","[78, 87, 479]",oui,oui
68,20-43748,2020-03-23,2020-03-31,['35'],TRAVAUX D'AMENAGEMENT DU SECTEUR COEUR D'ILOTS DANS LA ZAC CENTRE BOURG A SAINT GILLES,fns,cmp2006,appeloffre,rectificatif,SADIV,35768,Saint-grégoire,,"['Assainissement', 'Terrassement', 'Voirie et réseaux divers']","[18, 341, 366]",non,non
69,20-44081,2020-03-23,2020-04-29,"['35', '83']",PROG_2020_FM_Equipement de traduction de l'amphi de l'EFA Tigre (BGL),fns,cmp2006,appeloffre,initial,MINDEF/EMA/DC SCA/PFAF CO Rennes,35998,Rennes cedex 9,,['Audiovisuel'],[22],non,non
70,20-43934,2020-03-23,2020-05-30,['50'],"Base de défense de Cherbourg (50) - Port militaire de Cherbourg - Grue de Cachin - Etude, fourniture et mise en route de systèmes de secours pour la mise en sécurité de la charge",fns,cmp2006,appeloffre,rectificatif,ESID de Rennes,35998,Rennes cedex 9,,['Ingénierie'],[455],non,non
71,20-44023,2020-03-23,2020-06-12,['36'],Fourniture et installation de systèmes de climatisation indépendants pour les besoins du groupement de commande EP'AGE36 (rectificatif),fns,cmp2006,appeloffre,rectificatif,CH de Châteauroux,36000,Châteauroux,,['Climatisation'],[62],non,non
72,20-44198,2020-03-23,2020-06-02,"['38', '69']",Travaux d'élévation du niveau de sécurité incendie du siège de l'Assurance Maladie de l'Isère (rectificatif),fns,cmp2006,appeloffre,rectificatif,CAISSE PRIMAIRE D ASSUR MALADIE ISERE,38045,Grenoble,,"['Cloison, faux plafond', 'Démolition', 'Electricité (travaux)', 'Menuiserie', 'Prestations de services', 'Serrurerie', 'Ventilation', 'Amiante (désamiantage)']","[63, 87, 105, 222, 274, 321, 360, 479]",non,non
73,20-44042,2020-03-23,2020-04-02,"['38', '69', '73', '74']",Mise à disposition de personnel SSIAP au Centre Hospitalier Pierre Oudot à Bourgoin Jallieu,mapa,cmp2006,appeloffre,initial,CENTRE HOSPITALIER PIERRE OUDOT,38302,BOURGOIN-JALLIEU,,['Mise à disposition de personnel'],[461],non,non
74,20-44051,2020-03-23,2020-04-20,"['38', '69']",REVISION N° 2 DU PLAN LOCAL D'URBANISME VOLET URBANISTIQUE ET JURIDIQUE,fns,cmp2006,appeloffre,rectificatif,COMMUNE DE BOURGOIN JALLIEU,38307,Bourgoin-Jallieu cedex,,"['Prestations de services', 'Assistance juridique']","[274, 434]",non,non
75,20-44251,2020-03-23,2020-05-11,"['38', '69']",Fourniture d'accès internet et téléphonie fixe,fns,cmp2006,appeloffre,rectificatif,Commune du Péage de Roussillon,38550,Péage de Roussillon,,['Télécommunications'],[338],non,non
76,20-44243,2020-03-23,2020-04-08,['38'],Extension du cimetière communal du Péage de Roussillon,fns,cmp2006,appeloffre,initial,Commune du Péage de Roussillon,38550,Péage de Roussillon,,"['Espaces verts', 'Maçonnerie', 'Serrurerie', 'Terrassement']","[116, 195, 321, 341]",non,non
77,20-43936,2020-03-23,2020-05-15,['40'],"Tracteur et sa remorque conforme à l'arrêté du 23 avril 2012 fixant les modalités pratiques de l'examen du permis de conduire des catégories BE. C1, C1 E. C. CE. D1, D1 E. D et DE. Equipé de",fns,cmp2006,appeloffre,initial,LP FREDERIC ESTEVE,40000,Mont de marsan,,"['Transport', 'Véhicules (acquisition)']","[347, 475]",non,non
78,20-44223,2020-03-23,2020-05-14,['42'],Reprise des prétraitements et création d'un bassin d'orage à la station d'épuration 'Le Colombier' - Saint Jean Bonnefonds,fns,cmp2006,appeloffre,rectificatif,Saint Etienne Métropole,42006,Saint Etienne,,"[""Station d'épuration (travaux)""]",[328],non,non
79,20-44183,2020-03-23,2020-06-20,['42'],Etudes de maîtrise d'oeuvre : réalisation d'ouvrages d'art de franchissement de voiries pour le passage de faune,fns,cmp2006,attribution,initial,Saint Etienne Métropole,42006,Saint Etienne,[],"['Animaux', ""Maîtrise d'oeuvre"", ""Ouvrage d'infrastructure""]","[9, 197, 253]",non,non
80,20-43721,2020-03-23,2020-04-27,['42'],Renouvellement et agencement partiels du parc mobilier des 58 appartements du Montebello,fns,cmp2006,appeloffre,initial,EN3S,42031,SAINT ETIENNE,,['Mobilier'],[230],non,non
81,20-43790,2020-03-23,2020-05-17,['43'],Travaux d'aménagement de l'Avenue P. et M. Curie à Chadrac (43),fns,cmp2006,appeloffre,rectificatif,SPL du Velay,43000,Le Puy en Velay,,"['Espaces verts', 'Réseaux divers', 'Terrassement', 'Voirie']","[116, 306, 341, 365]",non,non
82,20-44049,2020-03-23,2020-04-17,['43'],Travaux de réfection et de renforcement des réseaux d'eau potable et d'assainissement,fns,cmp2006,appeloffre,rectificatif,COMMUNAUTE D AGL DU PUY EN VELAY,43003,Le Puy-en-Velay,,['Assainissement'],[18],non,non
83,20-44127,2020-03-23,2020-04-20,['43'],Numéro de la consultation : IG 2019-105 Réhabilitation des réseaux d'eau et création d'une station d'épuration au village de La Bastide Consultation lancée par un groupement de commande,fns,cmp2006,appeloffre,rectificatif,COMMUNAUTE D AGL DU PUY EN VELAY,43003,Le Puy-en-Velay,,"['Canalisations', ""Station d'épuration (travaux)""]","[48, 328]",non,non
84,20-44236,2020-03-23,2020-06-20,['44'],Travaux entretien maintenance renouvellement et contrôle d'aires de jeux,fns,cmp2006,attribution,initial,COMMUNE DE SAINT NAZAIRE,44600,Saint Nazaire,"[('2020-03-12', 'SPORTEST', (21188, 'EUR'), None), ('2020-03-12', 'S.M.V.D', (185065.75, 'EUR'), None)]",['Aire de jeux'],[400],non,non
85,20-44232,2020-03-23,2020-06-20,['44'],Maitrise d'oeuvre travaux de couverture et d'étanchéité,mapa,cmp2006,attribution,initial,COMMUNE DE SAINT NAZAIRE,44600,Saint Nazaire,,"[""Maîtrise d'oeuvre""]",[197],non,non
86,20-44235,2020-03-23,2020-06-20,['44'],"Acquisition logiciel, équipements et maintenance pour Halles et Marchés",fns,cmp2006,attribution,initial,COMMUNE DE SAINT NAZAIRE,44600,Saint Nazaire,"[('2020-03-12', 'ILTR', (30703, 'EUR'), None)]",['Logiciel'],[186],non,non
87,20-44234,2020-03-23,2020-06-20,['44'],Travaux de désamiantage et de couverture de bâtiments,fns,cmp2006,attribution,initial,COM D AGGLO REG NAZAIRIENNE ESTUAIRE,44605,Saint-Nazaire,,"['Couverture', 'Amiante (désamiantage)']","[74, 479]",non,non
88,20-43935,2020-03-23,2020-04-02,['44'],prestation de portage salarial pour la mise à disposition d'expertise sur le territoire du québec,mapa,cmp2006,appeloffre,initial,Nantes Métropole,44923,Nantes cedex 9,,"['Prestations de services', 'Expertise comptable']","[274, 446]",non,non
89,20-44008,2020-03-23,2020-04-24,['44'],marché de maitrise d'oeuvre pour l'aménagement de la rue félix vincent à orvault,mapa,cmp2006,appeloffre,initial,Nantes Métropole,44923,Nantes cedex 9,,"[""Maîtrise d'oeuvre""]",[197],non,non
90,20-43845,2020-03-23,2020-04-06,['45'],Réhabilitation du centre aquatique des Prés Gris à BriareLots 3 Menuiserie métallique et 14 Serrurerie,fns,cmp2006,appeloffre,rectificatif,COM DE COMMUNES BERRY LOIRE PUISAYE,45250,Briare,,"['Bâtiment', 'Isolation', 'Menuiserie', 'Peinture (travaux)', 'Ventilation']","[33, 169, 222, 264, 360]",oui,non
91,20-43856,2020-03-23,2020-05-04,['49'],formations à la prévention des risques liés à la conduite d'engins de chantier et d'engins de levage caces/avis d'aptitude engins de chantier caces/avis d'aptitude engins de levage (rectificatif),fns,cmp2006,appeloffre,rectificatif,Angers Loire Métropole,49020,Angers cedex 02,,['Formation'],[410],non,non
92,20-43801,2020-03-23,2020-04-24,['49'],LOA pour un analyseur de dispersions concentrées,mapa,cmp2006,appeloffre,rectificatif,Université d'Angers,49035,Angers cedex 01,,"['Equipements spécialisés', 'Matériel de précision']","[115, 215]",non,non
93,20-44150,2020-03-23,2020-04-20,['49'],travaux de voirie aménagement RD109 Briollay,fns,cmp2006,appeloffre,rectificatif,Commune de Briollay,49125,Briollay,,['Voirie'],[365],non,non
94,20-43667,2020-03-23,2020-04-27,['51'],Programme centre-ville: aménagement d'un espace urbain dit ' Ile des Fripiers ',mapa,cmp2006,appeloffre,rectificatif,COMMUNE DE CHALONS EN CHAMPAGNE,51022,CHALONS-EN-CHAMPAGNE CEDEX,,['Mobilier'],[230],non,non
95,20-43666,2020-03-23,2020-05-04,['51'],Aménagement paysager des cimetières,fns,cmp2006,appeloffre,rectificatif,COMMUNE DE CHALONS EN CHAMPAGNE,51022,CHALONS-EN-CHAMPAGNE CEDEX,,"['Mobilier urbain', 'Signalisation', 'Cimetière']","[231, 322, 437]",non,non
96,20-43793,2020-03-23,2020-05-04,['51'],évaluation stratégique environnementale DU programme opérationnel feder/fse+ 2021-2027.,mapa,cmp2006,appeloffre,initial,REGION GRAND EST,51037,Châlons en Champagne,,['Etude'],[118],non,non
97,20-43623,2020-03-23,2020-05-29,['52'],"Marché public de confection et livraison de repas en liaison froide pour la restauration scolaire, périscolaire et extra-scolaire pour les membres du groupement de commandes",joue,directive24,appeloffre,initial,Ville de Saint-Dizier,52100,Saint-Dizier,,['Restauration collective'],[66],non,oui
98,20-43727,2020-03-23,2020-06-05,['54'],Stade Raymond Petit à Tomblaine - rénovation de la piste d'athlétisme (rectificatif),fns,cmp2006,appeloffre,rectificatif,Métropole du Grand Nancy,54035,Nancy CEDEX,,['Terrain de sport'],[342],non,non
99,20-44121,2020-03-23,2020-05-06,['54'],Assistance à la rédaction et au suivi d'un projet d'acquisition d'une plate-forme numérique,mapa,cmp2006,appeloffre,initial,Université de Lorraine,54052,Nancy,,['Informatique (prestations de services)'],[163],non,non
100,20-43624,2020-03-23,2020-04-15,['54'],Gestion d'une structure multi-accueil de 25 places à Pagny-sur-Moselle,joue,autre,rectificatif,rectificatif,CC DU BASSIN DE PONT A MOUSSON,54701,Pont-A-Mousson Cedex,,['Prestations de services'],[274],non,non
101,20-43784,2020-03-23,2020-05-15,"['55', '52', '57', '54']",construction salle multifonction,fns,cmp2006,appeloffre,rectificatif,COMMUNE DE VAL D'ORNAIN,55000,VAL D'ORNAIN,,"['Cloison, faux plafond']",[63],non,non
102,20-43814,2020-03-23,2020-04-30,['56'],Travaux de mise en sécurité du bâtiment principal BMC du Centre hospitalier Alphonse GUERIN,fns,cmp2006,appeloffre,initial,CENTRE HOSPITALIER BRETAGNE ATLANTIQUE,56017,Vannes cedex,,"['Electricité (travaux)', 'Menuiserie']","[105, 222]",non,non
103,20-43716,2020-03-23,2020-05-04,['57'],Achat d'espaces publicitaires,fns,cmp2006,appeloffre,rectificatif,CCI57,57016,Metz cédex 1,,"['Publicité, Communication']",[285],non,non
104,20-44075,2020-03-23,2020-05-15,['57'],"Le présent marché a pour objet la restauration des croisées de la conservation régionale des monuments historiques à la direction régionale des affaires culturelles Grand Est, site de Metz. Les tra..",fns,cmp2006,appeloffre,rectificatif,MINISTERE DE LA CULTURE,57045,Metz cedex 01,,['Monuments historiques'],[236],non,non
105,20-43694,2020-03-23,2020-04-22,"['54', '57']",Restructuration et réhabilitation de maisons ouvrières-cité ouvrière de Micheville- Lot 15 VRD-Réseaux secs,fns,cmp2006,appeloffre,rectificatif,EPA ALZETTE-BELVAL,57390,Audun-le-tiche,,['Voirie et réseaux divers'],[366],non,non
106,20-43776,2020-03-23,2020-04-24,['59'],Villeneuve d'Ascq - Réhabilitation et prolongement de l'ouvrage d'accès à la passerelle de la rue Baudouin IX avec le secteur Léon Blum - Quartier Pont de Bois,fns,cmp2006,attribution,initial,METROPOLE EUROPEENNE DE LILLE,59034,Lille cédex,"[('2020-03-13', 'BOUYGUES Travaux Publics Régions France SAS', (579944, 'EUR'), None)]",['Passerelle'],[286],non,non
107,20-43731,2020-03-23,2020-04-24,['59'],"Le Parc de loisirs "" Les Prés du Hem "" est un parc périurbain de 120 hectares créé autour d'un vaste lac. Il y est pratiqué des activités ludiques, naturalistes et sportives à destination des fam",fns,cmp2006,attribution,initial,METROPOLE EUROPEENNE DE LILLE,59034,Lille cédex,"[('2020-02-19', 'SPIE BATIGNOLLES Nord', (209500, 'EUR'), None)]",['Démolition'],[87],non,non
108,20-44189,2020-03-23,2020-04-20,"['59', '62']","TRAVAUX DE VOIRIE, RESEAUX DIVERS ET AMENAGEMENTS URBAINS DE LA COMMUNE DE LA MADELEINE",fns,cmp2006,appeloffre,rectificatif,VILLE DE LA MADELEINE,59110,La madeleine,,['Voirie'],[365],non,non
109,20-44028,2020-03-23,2020-04-10,['59'],Réalisation d'une fouille archéologique - îlot quai du petit rempart à condé sur l'escaut (nord),fns,cmp2006,appeloffre,rectificatif,Cté d'Agglo Valenciennes Métropole,59300,Valenciennes,,['Fouille archéologique'],[450],non,non
110,20-43956,2020-03-23,2020-05-04,['59'],Prestations d'investigations complémentaires sur les réseaux (rectificatif),fns,cmp2006,appeloffre,rectificatif,Cté d'Agglo Valenciennes Métropole,59300,Valenciennes,,"['Réseaux divers', 'Voirie et réseaux divers']","[306, 366]",non,non
111,20-44005,2020-03-23,2020-05-04,['59'],Amenagement des espaces publics du centre-bourg de prouvy : ilot de l'ancienne ecole des filles - mission de maîtrise d'oeuvre (rectificatif),fns,cmp2006,appeloffre,rectificatif,Cté d'Agglo Valenciennes Métropole,59300,Valenciennes,,"[""Maîtrise d'oeuvre""]",[197],non,non
112,20-44170,2020-03-23,2020-04-10,['59'],Fournitures et reprises de véhicules,fns,cmp2006,appeloffre,initial,COMMUNE DE SOMAIN,59490,SOMAIN,,['Véhicules (acquisition)'],[475],non,non
113,20-44097,2020-03-23,2020-04-27,['59'],Imprimante 3D de laboratoire pour matériaux cimentaires et d un système de pompage piloté associé,fns,cmp2006,appeloffre,initial,IMT LILLE DOUAI,59508,Douai cedex,,['Equipements spécialisés'],[115],non,oui
114,20-44199,2020-03-23,2020-05-10,['59'],Travaux de remplacement des cellules haute tension du siège social de la CARSAT,fns,cmp2006,appeloffre,rectificatif,CARSAT Nord Picardie,59662,Villeneuve d'ascq cedex,,['Electricité (travaux)'],[105],non,non
115,20-39020,2020-03-23,2020-04-10,['59'],maubeuge - opération 'accompagnement de l'anru' - mission de maîtrise d'oeuvre,mapa,cmp2006,appeloffre,initial,ETS PUBLIC FONCIER NORD PAS DE CALAIS,59777,Euralille,,"[""Maîtrise d'oeuvre""]",[197],non,non
116,20-43648,2020-03-23,2020-04-10,['59'],Le Quesnoy - opération 'quartier de la gare' - mission de maîtrise d'oeuvre,mapa,cmp2006,appeloffre,initial,ETS PUBLIC FONCIER NORD PAS DE CALAIS,59777,EURALILLE,,"[""Maîtrise d'oeuvre""]",[197],non,non
117,20-43213,2020-03-23,2020-05-05,['60'],rénovation du sol sportif du gymnase alain marion à creil (60) (rectificatif),fns,cmp2006,appeloffre,rectificatif,Ville de Creil,60109,Creil cedex,,"['Peinture (travaux)', 'Revêtements de sols']","[264, 308]",non,non
118,20-44029,2020-03-23,2020-05-04,['60'],Prestations de service d'assurance pour les besoins du syndicat,mapa,cmp2006,appeloffre,initial,SYNDICAT MIXTE OISE ARONDE,60280,Clairoix,,['Assurance'],[20],non,non
119,20-43933,2020-03-23,2020-05-04,['62'],"Travaux de voiries, réseaux divers et clôtures sur le site de la direction du Service Départemental d'Incendie et de Secours du Pas de Calais",fns,cmp2006,appeloffre,initial,SDIS 62,62052,Saint Laurent Blangy Cedex,,"['Clôture', 'Voirie et réseaux divers']","[64, 366]",non,non
120,20-44220,2020-03-23,2020-06-12,['62'],Remplacement chaudière sur le site du Port de CALAIS,mapa,cmp2006,appeloffre,initial,SEPD,62100,Calais,,['Plomberie (travaux)'],[270],non,non
121,20-44083,2020-03-23,2020-04-14,['62'],"Ouvrages de lutte contre les inondations sur le territoire de la CAPSO. Marché de prestations environnementales : pré-diagnostic faune-flore-habitats, caractérisation zones humides, état initial",fns,cmp2006,appeloffre,initial,SYMSAGEL,62290,NOEUX LES MINES,,['Ingénierie'],[455],non,non
122,20-44057,2020-03-23,2020-04-28,['62'],construction d'un hangar pour entrepôt du matériel du smageaa à hallines (rectificatif),fns,cmp2006,appeloffre,rectificatif,CC du Pays de Lumbres,62380,Lumbres,,"['Bâtiment', 'Charpente', 'Gros oeuvre', 'Voirie et réseaux divers']","[33, 57, 144, 366]",non,non
123,20-43852,2020-03-23,2020-05-14,['63'],OPS AMENAGEMENT ZONE BIODECHETS -PLACE GAMBETTA- CLERMONT-FERRAND,fns,cmp2006,appeloffre,rectificatif,Clermont Auvergne Métropole,63007,CLERMONT-FERRAND,,"['Charpente', 'Electricité (travaux)', 'Espaces verts', 'Fondations spéciales', 'Gros oeuvre']","[57, 105, 116, 129, 144]",non,non
124,20-44082,2020-03-23,2020-04-17,"['63', '15', '43', '7']","Maintenance et fournitures des extincteurs dans les Centre d'exploitation, les tunnels et les véhicules de la Direction Interdépartementale des routes Massif Central",fns,cmp2006,appeloffre,rectificatif,DIR INTERDEP ROUTES MASSIF CENTRAL,63012,Clermont-ferrand,,"['Extincteur', 'Maintenance', 'Matériel de sécurité']","[119, 196, 209]",non,oui
125,20-43665,2020-03-23,2020-05-04,['63'],Numéro de la consultation : 2020-DSI-0001 Fourniture de services de communications électroniques pour le groupement de commande coordonné par le département du Puy-de-Dôme Consultation lancée par un g,fns,cmp2006,appeloffre,rectificatif,DEPARTEMENT DU PUY DE DOME,63033,Clermont-Ferrand,,['Télécommunications'],[338],non,non
126,20-44100,2020-03-23,2020-04-07,"['48', '15', '12', '43']",Travaux de rénovation des écrans anti-bruit déviation de la Mothe,fns,cmp2006,appeloffre,rectificatif,DIR INTERDEP ROUTES MASSIF CENTRAL,63500,Issoire,,['Mur antibruit'],[232],non,non
127,20-44212,2020-03-23,2020-05-30,['64'],"Le Syndicat des mobilités Pays Basque-Adour souhaite réaliser une vélostation au Pôle d'échanges d'Hendaye (capacité 100 pl) avec toilettes, local effia et abris voyageurs.Le marché compren",fns,cmp2006,appeloffre,initial,Syndicat mobilités Pays Basque-Adour,64100,Bayonne,,['Bâtiment'],[33],non,non
128,20-43905,2020-03-23,2020-04-30,['65'],TRAVAUX DE VOIRIE GRANDE RUE A ARREAU,fns,cmp2006,appeloffre,rectificatif,COMMUNE ARREAU,65240,ARREAU,,['Travaux de viabilité'],[353],non,non
129,20-44229,2020-03-23,2020-05-07,['66'],Numéro de la consultation : 20MDTNPBPA08 Aménagement de l'Immeuble Delacroix et de l'ancienne école Mme ROLAND-2éme relance du lot 13 serrurerie,fns,cmp2006,appeloffre,rectificatif,COMMUNE DE PERPIGNAN,66931,PERPIGNAN CEDEX,,"[""Tous corps d'état""]",[345],non,non
130,20-44181,2020-03-23,2020-05-07,['66'],Numéro de la consultation : 20MDTNPBPA06 Aménagement d'un bâtiment Rue Côte Saint Sauveur - Campus MAILLY - 2ème relance des lots no4 et 13,fns,cmp2006,appeloffre,rectificatif,COMMUNE DE PERPIGNAN,66931,PERPIGNAN CEDEX,,"['Menuiserie', 'Peinture (travaux)']","[222, 264]",non,non
131,20-44145,2020-03-23,2020-06-23,['67'],Dépose et évacuation des portes du petit SAS de l'Ecluse Nord,fns,cmp2006,attribution,initial,Port Autonome de Strasbourg,67002,Strasbourg Cedex,"[('2020-03-09', 'Gpt. Lingenheld Travaux Spéciaux - SARS', (159831.0, 'EUR'), None)]","['Démolition', 'Amiante (désamiantage)']","[87, 479]",non,non
132,20-43952,2020-03-23,2020-04-23,['67'],Fourniture et livraison de réactifs de traitement de l'air sur des postes de refoulement et enlèvement des déchets y afférents Les prestations suivantes sont inclues dans le marché : - La récu,fns,cmp2006,appeloffre,annulation,SDEA ALSACE MOSELLE,67013,Strasbourg cedex,,['Produits chimiques'],[275],non,oui
133,20-44141,2020-03-23,2020-05-05,['67'],Travaux de remise en état des tampons permettant d'accéder aux ouvrages d'assainissement,fns,cmp2006,appeloffre,rectificatif,Eurométropole de Strasbourg,67076,STRASBOURG CEDEX,,['Assainissement'],[18],non,non
134,20-44265,2020-03-23,2020-05-07,['67'],RENOVATION ENERGETIQUE ET MISE EN SECURITE - UFR MATHEMATIQUES ET INFORMATIQUE DE STRASBOURGLOT 01 : RENFORCEMENT DES FONDATIONS PAR INJECTION DE RESINE,fns,cmp2006,appeloffre,rectificatif,Université de Strasbourg,67081,Strasbourg,,['Gros oeuvre'],[144],non,non
135,20-44158,2020-03-23,2020-04-03,"['67', '68', '57', '54']",Le marché porte sur la mise en place de 6 abris ainsi que sur la conception de 5 équipements de valorisation du paysage 3. Lieu d'exécution : communes du Parc naturel régional des Vosges du Nord.,mapa,cmp2006,appeloffre,rectificatif,SYCOPARC,67290,La petite pierre,,"['Abris', 'Etude', ""Maîtrise d'oeuvre""]","[1, 118, 197]",non,non
136,20-44136,2020-03-23,2020-06-10,['67'],Le présent marché a pour objet la réalisation de prestations de broyage mécanique dans les forêtsdomaniales et communales situées sur le périmètre d'intervention de l'Agence Travaux Rhin-Vo,fns,cmp2006,attribution,initial,OFFICE NATIONAL DES FORETS,67500,Haguenau,"[('2020-03-10', 'Entreprise KRETZ', (28800, 'EUR'), None), ('2020-03-10', 'Entreprise KRETZ', (28800, 'EUR'), None), ('2020-03-10', 'Entreprise KRETZ', (28800, 'EUR'), None), ('2020-03-10', 'Entreprise KRETZ', (27200, 'EUR'), None), ('2020-03-10', 'Entreprise KRETZ', (27200, 'EUR'), None), ('2020-03-10', 'Entreprise KRETZ', (34000, 'EUR'), None)]",['Prestations de services'],[274],non,oui
137,20-43762,2020-03-23,2020-04-27,"['67', '68']",MP 2020-05 FOURNITURE ET LIVRAISON DE GRANULES DE BOIS,fns,cmp2006,appeloffre,initial,Commune de Fegersheim,67640,Fegersheim,,['Combustible'],[438],non,non
138,20-43670,2020-03-23,2020-04-25,['67'],Fournitures de matériaux pour chantiers de travaux publics - Bas-Rhin,fns,cmp2006,attribution,initial,DEPARTEMENT DU BAS RHIN,67964,Strasbourg,,['Matériel de travaux publics'],[220],non,non
139,20-43870,2020-03-23,2020-05-31,['69'],délégation du service public de l'eau potable,dsp,dsp,attribution,initial,Commune de Colombier Saugnieu,69124,COLOMBIER SAUGNIEU,"[('2020-02-26', 'SOGEDO', (1245870, 'EUR'), None)]",['Alimentation en eau potable'],[6],non,non
140,20-43849,2020-03-23,2020-05-31,['69'],délégation du service public de l'assainissement,dsp,dsp,attribution,initial,Commune de Colombier Saugnieu,69124,Colombier Saugnieu,"[('2020-02-26', 'SOGEDO', (1532819, 'EUR'), 'Délégation du service public de l\x92assainissement ')]",['Assainissement'],[18],non,non
141,20-43867,2020-03-23,2020-05-07,"['69', '1', '42', '38']",Étude d'opportunité et de pré-faisabilité du projet d'amélioration de l'accessibilité du bassin de mobilité Pontois (Nord Isère),fns,cmp2006,appeloffre,initial,REGION AUVERGNE RHONE ALPES,69269,Lyon,,['Etude'],[118],non,non
142,20-43875,2020-03-23,2020-05-20,"['69', '1', '38', '42']",Marché de Travaux pour la sécurisation de la brigade cynotechnique et de la base ERIS,fns,cmp2006,appeloffre,initial,MINISTERE DE LA JUSTICE DIRECTION INTE,69366,LYON,,['Bâtiment'],[33],non,non
143,20-44021,2020-03-23,2020-04-23,['69'],Refonte de l'identité visuelle et création du nouveau site internet de la Semaine pour la qualité de vie au travail.,mapa,cmp2006,attribution,initial,ANACT Département Finance Gestion,69457,Lyon cedex 06,,"['Edition', 'Informatique (prestations de services)', 'Site internet']","[104, 163, 171]",non,non
144,20-44076,2020-03-23,2020-04-23,['69'],"Réalisation d'une enquête quantitative sur le sujet "" Les démarches participatives "".",mapa,cmp2006,attribution,initial,ANACT Département Finance Gestion,69457,Lyon cedex 06,,"['Sondage, enquête']",[471],non,non
145,20-43833,2020-03-23,2020-05-28,"['69', '1']",délégation du service public de production de l'eau potable,dsp,dsp,attribution,initial,Syndicat mixte eaupotable SaôneTurdine,69480,ANSE,"[('2020-02-27', 'SUEZ Eau France', (16014054, 'EUR'), ""Délégation du service public de production de l'eau potable"")]",['Alimentation en eau potable'],[6],non,non
146,20-43986,2020-03-23,2020-06-20,['69'],Adaptations du système billettique TCL à la mise en place de la centrale OùRA,fns,cmp2006,attribution,initial,SYTRAL,69487,Lyon,"[('2020-03-23', 'CONDUENT BUSINESS SOLUTIONS FRANCE', (268963.8, 'EUR'), None)]","['Logiciel', 'Prestations de services']","[186, 274]",non,non
147,20-44173,2020-03-23,2020-05-04,['69'],Prestations d'interprétariat en Langue des Signes Française,mapa,cmp2006,appeloffre,rectificatif,METROPOLE DE LYON,69505,LYON,,"['Prestations de services', 'Mise à disposition de personnel']","[274, 461]",non,non
148,20-44166,2020-03-23,2020-04-30,['69'],ACTIV'ETE lots 1 et 3,fns,cmp2006,appeloffre,initial,COMMUNE DE VAULX EN VELIN,69518,Vaulx en Velin cedex,,['Evénementiel'],[445],non,non
149,20-44110,2020-03-23,2020-05-07,['69'],Réhabilitation et extension de la piscine Jean Gelet - Lot 10 : charpente métallique,fns,cmp2006,appeloffre,initial,COMMUNE DE VAULX EN VELIN,69518,Vaulx en Velin cedex,,"['Charpente', 'Métallerie']","[57, 223]",non,non
150,20-43879,2020-03-23,2020-05-11,['69'],mise à disposition de personnel en insertion,fns,cmp2006,appeloffre,initial,Commune de Saint-Genis-Laval,69565,Saint-Genis-Laval cedex,,['Mise à disposition de personnel'],[461],oui,non
151,20-43658,2020-03-23,2020-05-15,['69'],zone d'aménagement concerté lybertecexécution des fouilles archéologiques 'les rousses' tranche 4secteurs 2 et 3commune de charentay (rectificatif),fns,cmp2006,appeloffre,rectificatif,Syndicat Mixte LYBETEC,69823,Belleville-en-beaujolais,,['Fouille archéologique'],[450],non,oui
152,20-43675,2020-03-23,2020-05-18,['69'],zone d'aménagement concerté lybertecexécution des fouilles archéologiques 'les rousses' tranche 4secteur 1commune de charentay (rectificatif),fns,cmp2006,appeloffre,rectificatif,Syndicat Mixte LYBETEC,69823,Belleville-en-beaujolais,,['Fouille archéologique'],[450],non,oui
153,20-43868,2020-03-23,2020-04-15,['70'],Mission de suivi écologique - Aménagement à 2x2 voies de la section 'Vellefaux - Carrefour d'Authoison',mapa,cmp2006,appeloffre,initial,Département de la Haute Saône,70006,Vesoul cedex,,['Ingénierie'],[455],non,non
154,20-44201,2020-03-23,2020-05-20,['71'],20012DSP - Travaux sur réseaux d'assainissement collectif et d'eau potable sur l'ensemble des communes du territoire communautaire. (rectificatif),fns,cmp2006,appeloffre,rectificatif,Communauté urbaine Le Creusot Montceau,71206,Le Creusot cedex,,"['Alimentation en eau potable', 'Assainissement', 'Réseaux divers']","[6, 18, 306]",non,non
155,20-44190,2020-03-23,2020-05-20,['71'],20011dsp - marmagne - rétablissement de la continuité écologique sur le captage en rivière du pont d'ajoux - mission de maîtrise d'oeuvre (rectificatif),mapa,cmp2006,appeloffre,rectificatif,Communauté urbaine Le Creusot Montceau,71206,Le Creusot cedex,,"[""Maîtrise d'oeuvre""]",[197],non,non
156,20-44159,2020-03-23,2020-05-11,['71'],20013ded - montchanin - réhabilitation du bâtiment de la ligue de football pour l'installation des réserves de l'ecomusée mission de maîtrise d'oeuvre (rectificatif),fns,cmp2006,appeloffre,rectificatif,Communauté urbaine Le Creusot Montceau,71206,Le Creusot cédex,,"[""Maîtrise d'oeuvre""]",[197],non,non
157,20-44178,2020-03-23,2020-05-11,['71'],20009dpd - mont saint vincent - le bourg - requalification de la place de l'église (rectificatif),mapa,cmp2006,appeloffre,rectificatif,Communauté urbaine Le Creusot Montceau,71206,Le Creusot,,['Voirie'],[365],non,non
158,20-43754,2020-03-23,2020-05-15,['72'],Construction d'un équipement culturel communautaire (nouvelle consultation suite à un premier appel d'offres infructueux pour certains lots),fns,cmp2006,appeloffre,rectificatif,Cté de Communes du Val de Sarthe,72210,LA SUZE SUR SARTHE,,"['Etanchéité', 'Gros oeuvre', 'Menuiserie', 'Peinture (travaux)', 'Terrassement']","[117, 144, 222, 264, 341]",non,non
159,20-44067,2020-03-23,2020-06-20,['72'],PROJET DE CONSTRUCTION D'UN BATIMENT 'TIERS LIEU NUMERIQUE',fns,cmp2006,attribution,initial,CC LOIR LUCE BERCE,72500,MONTVAL SUR LOIR,"[('2020-03-06', 'PIGEON TP CENTRE - ILE DE FRANCE', (196114.94, 'EUR'), None), ('2020-03-06', 'Le Batimans', (72010, 'EUR'), None), ('2020-03-06', 'Société Nouvelle SARTOR', (39739.89, 'EUR'), None), ('2020-03-06', 'Delaubert constructions', (370440.9, 'EUR'), None), ('2020-03-06', 'DSOM', (47882.95, 'EUR'), None), ('2020-03-06', 'DEFI', (3645, 'EUR'), None), ('2020-03-06', 'miroiterie lebrun', (214970.99, 'EUR'), None), ('2020-03-06', 'Société Nouvelle SARTOR', (43351.95, 'EUR'), None), ('2020-03-06', 'RIVL', (67691.92, 'EUR'), None), ('2020-03-06', 'BLONDEAU CARRELAGES', (22400.94, 'EUR'), None), ('2020-03-06', 'APM', (39980.94, 'EUR'), None), ('2020-03-06', 'Bureaux et Cloisons Concept', (30962.59, 'EUR'), None), ('2020-03-06', 'BOULFRAY', (49140.17, 'EUR'), None), ('2020-03-06', 'Clim.M.A', (125150.16, 'EUR'), None), ('2020-03-06', 'CSC', (187285.34, 'EUR'), None), ('2020-03-06', 'Sas Paysages Julien et Legault', (44805.05, 'EUR'), None)]",['Bâtiment'],[33],non,non
160,20-44171,2020-03-23,2020-05-04,['73'],Marché de travaux de l'étanchéité et des terrasses en bois de la place de Péclet,fns,cmp2006,appeloffre,initial,Ville Les Belleville,73440,Les Belleville,,"['Bardage', 'Etanchéité', 'Menuiserie']","[30, 117, 222]",non,non
161,20-44026,2020-03-23,2020-04-23,['74'],rénovation et vestiaires de la halle de passerat - relance lot 05 : plomberie-ventilation suite lot infructueux,mapa,cmp2006,appeloffre,initial,Ville d'Evian-les-Bains,74502,Evian-les-Bains Cedex,,"['Plomberie (travaux)', 'Ventilation']","[270, 360]",non,non
162,20-43631,2020-03-23,2020-05-11,['75'],CONCESSION D'EXPLOITATION DES RESTAURANTS DU PARC ZOOLOGIQUE DE PARIS POUR LE COMPTE DU MUSEUM NATIONAL D'HISTOIRE NATURELLE,joue,autre,rectificatif,rectificatif,Museum National d'Histoire Naturelle,75005,PARIS,,['Restauration collective'],[66],non,non
163,20-44259,2020-03-23,2020-05-06,"['81', '75']",Travaux de construction et d'exploitation-maintenance d'une centrale photovoltaïque au sol - Albi (81),fns,cmp2006,appeloffre,initial,SAS CENTRALE SOLAIRE ALBI PELISSIER,75012,PARIS,,['Photovoltaïque'],[476],non,non
164,20-44169,2020-03-23,2020-05-14,"['78', '10', '27', '28', '77', '89', '91']",Prestations de levage ou de location de grues et/ou de camion-grue,fns,cmp2006,appeloffre,initial,EAU DE PARIS,75013,PARIS,,['Location (matériels)'],[185],non,oui
165,20-43940,2020-03-23,2020-04-23,['75'],Réalisation d'avis techniques en phase conception du projet de Mise Au Gabarit Européen de l'Oise (MAGEO) - phase PRO,mapa,cmp2006,attribution,initial,Voies navigables de France,75013,Paris,,['Prestations de services'],[274],non,non
166,20-44188,2020-03-23,2020-06-20,['75'],Etude de métabolisme urbain à l'échelle métropolitaine et création d'outils d'écologie industrielle territoriale pour le territoire métropolitain,fns,cmp2006,appeloffre,rectificatif,METROPOLE DU GRAND PARIS,75013,Paris cedex 13,,['Etude'],[118],non,non
167,20-44031,2020-03-23,2020-05-05,['75'],"Travaux d aménagement de studios de musique dans l Espace Paris Jeunes La Villa sis 48, rue Charles Hermite 75018 Paris",fns,cmp2006,appeloffre,rectificatif,Ville de Paris,75013,Paris,,"['Chauffage (travaux)', 'Cloison, faux plafond', 'Electricité (travaux)', 'Menuiserie']","[61, 63, 105, 222]",non,non
168,20-43815,2020-03-23,2020-04-28,['75'],"Travaux de couverture de trois terrains de tennis au Centre sportif Charles Rigoulot 14 Avenue de la Porte Brancion, 75015 Paris. Consultation en 3 lots LOT 1 Aménagements extérieurs LOT 2 Gros oeu..",fns,cmp2006,appeloffre,rectificatif,Ville de Paris,75013,Paris,,"['Eclairage public', 'Equipement sportif']","[102, 113]",non,non
169,20-43799,2020-03-23,2020-04-23,['93'],"Travaux de remise en état de la chaufferie gaz du bâtiment 73 (salle multisports), situé sur l'ancien site PSA, boulevard André Citroën à AULNAY SOUS BOIS (93)",fns,cmp2006,appeloffre,annulation,EPF Ile de France,75014,Paris,,"['Chauffage (exploitation, entretien)']",[59],non,non
170,20-44155,2020-03-23,2020-05-30,['75'],Acquisition d'un logiciel pour la gestion des relations internationales,fns,cmp2006,appeloffre,initial,Université Panthéon-Assas Paris II,75231,Paris cedex 05,,"['Informatique (prestations de services)', 'Logiciel']","[163, 186]",non,non
171,20-43741,2020-03-23,2020-05-06,['75'],Le présent marché a pour objet l'élaboration et la mise en oeuvre d'actions de formation sur la gestion et la conservation préventive des biens archéologiques mobiliers.,fns,cmp2006,appeloffre,rectificatif,INST NAL RECHERCHES ARCHEOLOGIQUES PRE,75685,Paris cedex 14,,['Prestations de services'],[274],non,non
172,20-43825,2020-03-23,2020-04-14,['75'],"Travaux de réhabilitation et mise aux normes du rez-de-chaussée, 1er sous-sol et 4ème étage du Centre de Santé Réaumur",fns,cmp2006,appeloffre,rectificatif,CAISSE PRIMAIRE ASSUR MALADIE PARIS,75948,Paris cedex 19,,"[""Tous corps d'état""]",[345],non,non
173,20-43690,2020-03-23,2020-06-20,"['76', '27', '14', '80']",La présente consultation concerne la réalisation de travaux d'installation d'une cabine de peinture et d'une cabine de sablage destinées au centre de réparation navale du Grand Port Mar,fns,cmp2006,appeloffre,rectificatif,GRAND PORT MARITIME DE ROUEN,76022,Rouen cedex,,"['Cabine de peinture', 'Génie civil']","[46, 141]",non,non
174,20-43843,2020-03-23,2020-04-10,['76'],Diagnostic structurel des ouvrages de la direction cycle de l'eau,fns,cmp2006,appeloffre,rectificatif,LE HAVRE SEINE METROPOLE,76085,LE HAVRE,,"['Etude', 'Génie civil', ""Ouvrage d'art""]","[118, 141, 252]",non,non
175,20-43828,2020-03-23,2020-04-22,['76'],Collège Louise Michel à St Etienne du Rouvray - GT 2020,fns,cmp2006,appeloffre,initial,DEPARTEMENT DE LA SEINE-MARITIME,76101,ROUEN CEDEX,,['Menuiserie'],[222],non,non
176,20-44217,2020-03-23,2020-04-29,['76'],Collège Alexandre Dumas à Dieppe - Gros Travaux 2020,fns,cmp2006,appeloffre,initial,DEPARTEMENT DE LA SEINE-MARITIME,76101,ROUEN CEDEX,,['Bâtiment'],[33],non,non
177,20-44216,2020-03-23,2020-04-24,['76'],Collège Paul Bert à FECAMP - GROS TRAVAUX 2018,fns,cmp2006,appeloffre,initial,DEPARTEMENT DE LA SEINE-MARITIME,76101,ROUEN CEDEX,,['Bâtiment'],[33],non,non
178,20-44041,2020-03-23,2020-04-22,['76'],Collège Roncherolles à Bolbec - GT 2019,fns,cmp2006,appeloffre,initial,DEPARTEMENT DE LA SEINE-MARITIME,76101,ROUEN CEDEX,,['Couverture'],[74],non,non
179,20-44247,2020-03-23,2020-04-28,['76'],Collège Jean-Jacques Rousseau à Darnétal - Ad'ap 2020,fns,cmp2006,appeloffre,initial,DEPARTEMENT DE LA SEINE-MARITIME,76101,ROUEN CEDEX,,['Bâtiment'],[33],non,non
180,20-44218,2020-03-23,2020-04-23,['76'],Collège Le Cèdre à Canteleu - Gros Travaux 2019,mapa,cmp2006,appeloffre,initial,DEPARTEMENT DE LA SEINE-MARITIME,76101,ROUEN CEDEX,,['Bâtiment'],[33],non,non
181,20-44050,2020-03-23,2020-04-20,['76'],Numéro de la consultation : MP2007 Travaux de signalisation horizontale et verticale sur les sites du SMEDAR,fns,cmp2006,appeloffre,rectificatif,SMEDAR,76121,Le GRAND-QUEVILLY Cedex,,"['Signalisation', 'Signalétique']","[322, 333]",non,non
182,20-44185,2020-03-23,2020-06-20,['76'],FOURNITURE ET MAINTENANCE DE DEFIBRILLATEURS POUR LES ERP DE LA VILLE DE PETIT-QUEVILLY - 3 lots,fns,cmp2006,attribution,initial,COMMUNE DU PETIT QUEVILLY,76140,PETIT-QUEVILLY,"[('2020-03-16', 'SCHILLER FRANCE', (35000, 'EUR'), None), ('2020-03-16', 'A COEUR VAILLANT', (5000, 'EUR'), None), ('2020-03-16', 'A COEUR VAILLANT', (5000, 'EUR'), None)]",['Stimulateurs cardiaques'],[329],non,non
183,20-44172,2020-03-23,2020-05-14,['76'],"Prestations de contrôle, entretien et réparation des aires de jeux - Années 2020-2023",fns,cmp2006,appeloffre,initial,COMMUNE DE OISSEL,76350,OISSEL SUR SEINE,,['Aire de jeux'],[400],non,non
184,20-44126,2020-03-23,2020-05-07,['76'],PRESTATIONS D'ENTRETIEN DES ESPACES VERTS DE LA VILLE DE MALAUNAY,fns,cmp2006,appeloffre,rectificatif,COMMUNE DE MALAUNAY,76770,MALAUNAY,,['Espaces verts'],[116],oui,non
185,20-43932,2020-03-23,2020-06-05,['76'],Remplacement des cellules Haute Tension et Transformateur IUT de Rouen à Mont Saint Aignan,fns,cmp2006,appeloffre,rectificatif,Université de Rouen,76821,Mont saint aignan cedex,,['Electricité (travaux)'],[105],non,non
186,20-44165,2020-03-23,2020-05-15,"['78', '77', '75', '94', '92', '95', '91', '93']",Réalisation d'actions de formation sur la sous spécialité B2C : travail social et développement social pour le compte des délégations de première et grande couronne du CNFPT.,fns,cmp2006,appeloffre,initial,CNFPT - Délégation Grande Couronne IDF,78066,Saint quentin en yvelines,,['Formation'],[410],non,non
187,20-43682,2020-03-23,2020-05-23,['78'],Entretien et rénovation des installations d'éclairage public,fns,cmp2006,appeloffre,rectificatif,Ville du Chesnay,78155,Le chesnay-rocquencourt cédex,,['Eclairage public'],[102],non,non
188,20-44094,2020-03-23,2020-06-20,['78'],"Fourniture, pose et entretien des glissières de sécurité gérées par Saint-Quentin-en-Yvelines",fns,cmp2006,appeloffre,rectificatif,Saint-quentin-en-yvelines,78192,Trappes cedex,,['Glissières de sécurité'],[142],non,non
189,20-44034,2020-03-23,2020-04-15,['78'],"Fourniture de vaisselle, appareils électriques et matériels pour la restauration collective",fns,cmp2006,appeloffre,initial,Ville de Houilles,78800,Houilles,,['Vaisselle'],[357],non,non
190,20-43710,2020-03-23,2020-05-29,['80'],fourniture de plateaux membranes et chambrés pour filtres presses (step) (2ème rectificatif de date),mapa,cmp2006,appeloffre,rectificatif,COMMUNAUTE AGGLO AMIENS METROPOLE,80000,Amiens,,['Equipements spécialisés'],[115],non,non
191,20-43691,2020-03-23,2020-04-03,['80'],fourniture de débitmètres et pièces détachées et prestations de service,mapa,cmp2006,appeloffre,rectificatif,COMMUNAUTE AGGLO AMIENS METROPOLE,80000,Amiens,,['Station de pompage'],[326],non,non
192,20-43717,2020-03-23,2020-04-30,['80'],mission d'accompagnement d'amiens métropole dans une démarche de lutte contre le gaspillage (restaurants scolaires maternelles) (rectificatif),mapa,cmp2006,appeloffre,rectificatif,COMMUNAUTE AGGLO AMIENS METROPOLE,80000,Amiens,,"['Assistance technique', 'Restauration collective']","[19, 66]",non,non
193,20-44211,2020-03-23,2020-04-29,['81'],Travaux de rénovation des sanitaires des écoles Herriot B et C à Albi,fns,cmp2006,appeloffre,initial,COMMUNE D ALBI,81000,Albi,,['Bâtiment'],[33],non,non
194,20-43684,2020-03-23,2020-05-20,['82'],EXTENSION DU GROUPE SCOLAIRE JEAN MOULIN,fns,cmp2006,appeloffre,rectificatif,Ville de Montauban,82013,MONTAUBAN CEDEX,,['Bâtiment'],[33],non,non
195,20-43865,2020-03-23,2020-06-20,['82'],Fourniture de colonnes aériennes,fns,cmp2006,attribution,initial,SIEEOM du Sud Quercy,82130,LAFRANCAISE,"[('2020-03-23', 'QUADRIA', (213000, 'EUR'), None)]","['Conteneur, poubelles']",[71],non,non
196,20-44224,2020-03-23,2020-04-09,['83'],Réalisation d'animations nature à destination de groupes d'enfants et autres publics spécifiques sur l'Espace nature départemental du Plan et dans la maison de la nature,fns,cmp2006,appeloffre,rectificatif,Conseil Général du Var,83000,TOULON,,['Prestations de services'],[274],non,non
197,20-43855,2020-03-23,2020-06-20,['83'],19MAP19 - Travaux d'aménagement du port de la Tour Fondue à Hyères et construction de la gare maritime en structure bois,fns,cmp2006,attribution,initial,Métropole Toulon Provence Méditerranée,83041,TOULON,,['Electricité (travaux)'],[105],non,non
198,20-44163,2020-03-23,2020-05-04,['83'],Fourniture de matériels électriques et de plomberie pour les besoins de la commune de Sanary sur mer,fns,cmp2006,appeloffre,initial,COMMUNE DE SANARY SUR MER,83112,Sanary sur mer cedex,,"['Matériel électrique', 'Quincaillerie (articles)']","[203, 291]",non,oui
199,20-44204,2020-03-23,2020-05-05,['83'],ACQUISITION OU LOCATION DE MATERIEL DE SONORISATION ET DE LUMIERE AVEC OU SANS PERSONNEL TECHNIQUE POUR LA VILLE DE SANARY SUR MER.,fns,cmp2006,appeloffre,initial,COMMUNE DE SANARY SUR MER,83112,Sanary sur Mer,,['Sonorisation'],[324],non,non
200,20-43660,2020-03-23,2020-04-30,['83'],DIRECTION DES SERVICES TECHNIQUES - RÉAMÉNAGEMENT DE L'ANCIENNE BANQUE DE FRANCE D'HYERES EN MUSÉE - Lots 7 et 8,fns,cmp2006,appeloffre,initial,Commune d'Hyères-les-Palmiers,83412,Hyères,,"['Peinture (travaux)', 'Revêtements de sols']","[264, 308]",non,oui
201,20-43910,2020-03-23,2020-06-20,['83'],"Acquisition de fournitures scolaires et pédagogiques, de manuels scolaires, ouvrages et livres jeunesse",fns,cmp2006,attribution,initial,Commune d'Hyères-les-Palmiers,83412,Hyères,,"['Articles de bureau et articles scolaires', 'Livres']","[16, 184]",non,non
202,20-43702,2020-03-23,2020-04-15,['85'],travaux de construction d'un restaurant scolaire communal - lots infructueux (rectificatif),fns,cmp2006,appeloffre,rectificatif,COMMUNE LES SABLES D OLONNE,85118,Les Sables d'Olonne cedex,,"['Bardage', 'Charpente', 'Couverture', 'Menuiserie', 'Voirie', 'Voirie et réseaux divers']","[30, 57, 74, 222, 365, 366]",non,non
203,20-43813,2020-03-23,2020-04-16,['85'],Fourniture de système de fixation pour les sondes d'intubation en réanimation permettant la réalisation de l'étude contrôlée multicentrique randomisée intitulée FIXATUB. 16 services de réan,fns,cmp2006,appeloffre,rectificatif,CHD VENDEE,85925,La roche sur yon cedex 9,,['Consommables médicaux'],[69],non,non
204,20-43726,2020-03-23,2020-04-22,['86'],Maîtrise d'oeuvre pour l'aménagement de l'agence et la construction d'un centre d'hydrocurage à Châtellerault,mapa,cmp2006,appeloffre,rectificatif,Eaux de Vienne - Siveer,86000,Poitiers,,"[""Maîtrise d'oeuvre""]",[197],non,non
205,20-43773,2020-03-23,2020-04-28,['86'],"Travaux de démolition, déconstructionPlâtrerie - Cloisons sèches - isolations - plafonds suspendus - carrelage, faïence.",fns,cmp2006,appeloffre,annulation,CHU DE POITIERS,86021,Poitiers cedex,,"['Carrelage', 'Cloison, faux plafond', 'Isolation', 'Maintenance', 'Plâtrerie']","[53, 63, 169, 196, 269]",non,non
206,20-43861,2020-03-23,2020-04-22,['86'],"Désamiantage des sols et pose des revêtements dans les écoles Léo Lagrange maternelle, école primaire d'Antoigné et Lakanal maternelle de Châtellerault",fns,cmp2006,appeloffre,rectificatif,Ville de Châtellerault,86100,Châtellerault,,"['Bâtiment', 'Amiante (désamiantage)']","[33, 479]",non,non
207,20-43955,2020-03-23,2020-04-22,['86'],Prestations ponctuelles de sécurité incendie et de surveillance/gardiennage,fns,cmp2006,appeloffre,initial,CA DE GRAND CHATELLERAULT,86100,Châtellerault,,['Sécurité incendie'],[332],non,non
208,20-44038,2020-03-23,2020-05-29,['86'],Mission de maitrise d'oeuvre pour la rénovation du stade d'athlétisme du CREPS de Poitiers.,mapa,cmp2006,attribution,initial,CREPS DE POITIERS,86580,VOUNEUIL SOUS BIARD,,"[""Maîtrise d'oeuvre"", 'Terrain de sport']","[197, 342]",non,non
209,20-43778,2020-03-23,2020-05-29,['19'],"La présente consultation a pour objet la mission de maitrise d'oeuvre pour la réalisation des travaux d'aménagement du Service d Accueil des Urgences, cette opération s'inscrit dans l&a",fns,cmp2006,appeloffre,rectificatif,CHU DUPUYTREN,87042,Limoges cedex,,"[""Assistance à maîtrise d'ouvrage""]",[433],non,non
210,20-43964,2020-03-23,2020-06-07,['90'],"Travaux d'entretien, de réparation ou d'extension des réseaux d'eau potable et d'assainissement (réseaux principaux et branchements) sur le périmètre d'intervention de la CCST",fns,cmp2006,attribution,initial,Communauté Communes du Sud Territoire,90101,Delle Cedex,,"['Alimentation en eau potable', 'Assainissement', 'Voirie et réseaux divers']","[6, 18, 366]",non,non
211,20-43901,2020-03-23,2020-05-23,['91'],Formation à destination des professionnels en charge de l'accompagnement,fns,cmp2006,attribution,initial,Conseil général de l'Essonne,91012,Evry cedex,[],['Formation'],[410],non,non
212,20-43923,2020-03-23,2020-05-05,['91'],"Achat de fleurs coupées, de plantes et d'accessoires pour les besoins de décorations florales intérieures et cérémoniales du Département",fns,cmp2006,appeloffre,initial,Conseil général de l'Essonne,91012,Evry cedex,,['Espaces verts'],[116],non,non
213,20-43779,2020-03-23,2020-04-20,"['91', '77']","Réalisation d'une étude d'impact et des études techniques connexes nécessaires à l'élaboration de l'étude d'impact (air, étude loi sur l'eau, sols, bruit, déchets...)sur",fns,cmp2006,appeloffre,rectificatif,CAGrand Paris Sud Seine Essonne Sénart,91054,Evry courcouronnes cedex,,['Etude'],[118],non,non
214,20-44125,2020-03-23,2020-04-16,"['91', '92', '94', '78']",Réalisation de prestations évènementielles et création d'un évènement emblématique commémoratif autour de lanniversaire de lENSTA Paris,fns,cmp2006,appeloffre,rectificatif,ENSTA,91120,Palaiseau,,['Evénementiel'],[445],non,non
215,20-43848,2020-03-23,2020-05-04,['91'],Numéro de la consultation : 2020-TX-0007 Fourniture et mise en oeuvre de signalisation horizontale,fns,cmp2006,appeloffre,rectificatif,COMMUNE D ETAMPES,91150,ETAMPES,,['Signalisation'],[322],oui,non
216,20-44071,2020-03-23,2020-06-20,['91'],LOCATION LONGUE DURÉE DE VÉHICULES DE SERVICE,fns,cmp2006,attribution,initial,SM AMENAGEMENT HYDRAULIQUE VAL YVETTE,91165,SAULX LES CHARTREUX,"[('2020-03-17', 'SAML', (200000, 'EUR'), None)]",['Véhicules (location)'],[474],non,non
217,20-43786,2020-03-23,2020-04-10,['91'],Acquisition d'un système d'imagerie par tomographie en cohérence optique,fns,cmp2006,appeloffre,rectificatif,CENTRALESUPELEC,91190,Gif-sur-yvette,,['Laboratoire (matériel)'],[188],non,non
218,20-43638,2020-03-23,2020-05-30,['91'],"Acquisition, livraison, montage et installation de mobilier dans les écoles et ACM de la ville.",joue,directive24,appeloffre,initial,COMMUNE DE BRETIGNY SUR ORGE,91220,Brétigny-sur-orge,,['Mobilier'],[230],non,non
219,20-43780,2020-03-23,2020-04-20,['91'],ENTRETIEN DES POSTES DE RELÈVEMENT ET DE REFOULEMENT SUR LE TERRITOIRE DE LA COMMUNAUTÉ PARIS-SACLAY,fns,cmp2006,appeloffre,rectificatif,CA COMMUNAUTE PARIS SACLAY,91898,Orsay cedex,,['Assainissement'],[18],non,non
220,20-43767,2020-03-23,2020-03-31,"['75', '92']","Acquisition de matériels photographiques et vidéo, et de matériels informatiques dédiés au montage vidéo pour les besoins de la direction de la communication des MTES et MCTRCT",fns,cmp2006,appeloffre,rectificatif,MEDDTL,92055,La défense cedex,,['Audiovisuel'],[22],non,oui
221,20-44238,2020-03-23,2020-05-15,['92'],Réhabilitation de la crèche et la halte-garderie Bellevue - Travaux complémentaires,fns,cmp2006,appeloffre,rectificatif,Ville de Meudon,92195,Meudon cedex,,['Bâtiment'],[33],non,non
222,20-44101,2020-03-23,2020-04-14,"['92', '78']",Travaux de métallerie et de serrurerie dans le cadre de la réfection de la cour de l'école maternelle Charcot à Neuilly-sur-Seine,mapa,cmp2006,appeloffre,initial,Ville de Neuilly-sur-Seine,92522,Neuilly-sur-seine,,['Serrurerie'],[321],non,non
223,20-43774,2020-03-23,2020-06-20,['92'],"MARCHE D'ETUDE DES SOLS - MISSION DE DIAGNOSTIC DE POLLUTION, D'ETUDES GEOTECHNIQUES ET DE PERMEABILITE DES SOLS",fns,cmp2006,attribution,initial,ASCODEV,92700,COLOMBES,,['Sondage (travaux)'],[478],non,non
224,20-44226,2020-03-23,2020-04-16,['93'],Réaménagement de deux plateaux sportifs dans les collèges Jean de Beaumont à Villemomble et Roger Martin du Gard à Epinay-sur-Seine,fns,cmp2006,appeloffre,rectificatif,DEPARTEMENT DE LA SEINE SAINT DENIS,93000,BOBIGNY,,['Terrassement'],[341],non,oui
225,20-43809,2020-03-23,2020-04-13,"['93', '75', '92', '91']",Construction d'une structure d'accueil pour mineures et de bureaux de santé à Sevran (93)9 lots,fns,cmp2006,appeloffre,rectificatif,CDEF 93,93000,Bobigny,,"['Bâtiment', 'Charpente', 'Chauffage (travaux)', 'Gros oeuvre', 'Plomberie (travaux)']","[33, 57, 61, 144, 270]",non,non
226,20-44073,2020-03-23,2020-06-20,['93'],Location de trois véhicules frigorifiques pour la Cuisine Centrale,fns,cmp2006,attribution,initial,COMMUNE DE GAGNY,93220,Gagny,"[('2020-03-23', 'PETIT FORESTIER LOCATION', (40000, 'EUR'), None)]",['Véhicules (location)'],[474],non,non
227,20-28009,2020-03-23,2020-04-22,['93'],"travaux d'entretien de maintenance, de rénovation et d'aménagement en électricité",fns,cmp2006,appeloffre,initial,Commune de Sevran,93270,Sevran,,['Electricité (travaux)'],[105],oui,oui
228,20-44087,2020-03-23,2020-05-05,['93'],Marché relatif à la gestion et à l'animation d'une ludothèque,mapa,cmp2006,appeloffre,initial,COMMUNE DE PRE SAINT GERVAIS,93310,Le Pré Saint-Gervais,,"['Jeux, jouets']",[175],non,non
229,20-44186,2020-03-23,2020-04-23,"['92', '75', '78', '95']",Travaux de réfection de blocs sanitaires et douches au Bâtiment C (gymnase) au Lycée Guy de Maupassant à Colombes (92700),fns,cmp2006,appeloffre,initial,REGION ILE DE FRANCE,93400,Saint-ouen,,['Bâtiment'],[33],non,non
230,20-43738,2020-03-23,2020-05-22,['93'],"EXÉCUTION DES PRESTATIONS D'ENTRETIEN DE MAINTENANCE, DE DÉPANNAGE, DE MODERNISATION ET RÉPARATION DES INSTALLATIONS D'ÉCLAIRAGE EXTÉRIEUR, ET DES PRESTATIONS ANNEXES",fns,cmp2006,attribution,initial,Pantin Habitat,93697,Pantin cedex,"[('2020-03-17', 'EIFFAGE ENERGIE SYSTEMES ILE DE FRANCE', (151682, 'EUR'), None)]",['Eclairage public'],[102],non,non
231,20-43950,2020-03-23,2020-05-23,['94'],"LOCATION ET ENTRETIEN DE DISTRIBUTEURS D'ESSUIE-MAINS POUR LES HOPITAUX UNIVERSITAIRES HENRI MONDOR, SITES HENRI MONDOR ET ALBERT CHENEVIER.Cette consultation fait suite à la déclaration sans su",fns,cmp2006,appeloffre,initial,ASSISTANCE PUBLIQUE HOPITAUX DE PARIS,94010,Créteil cedex,,['Hygiène (articles)'],[153],non,oui
232,20-43661,2020-03-23,2020-04-17,['94'],"Contrat de concession de service : mise à disposition, installation, maintenance, entretien et exploitation commerciale de mobiliers urbains publicitaires et non publicitaires asso",dsp,dsp,appeloffre,initial,COMMUNE DE BONNEUIL SUR MARNE,94380,Bonneuil-sur-Marne,,['Mobilier urbain'],[231],non,oui
233,20-44193,2020-03-23,2020-04-15,['95'],La présente consultation a pour objet la maintenance et évolution de la plateforme d'Ingénierie Territoriale du Val d'Oise,fns,cmp2006,appeloffre,rectificatif,Conseil général du Val d'Oise,95032,Cergy pontoise cedex,,['Informatique (maintenance serveurs et réseaux)'],[454],non,non
234,20-44104,2020-03-23,2020-04-21,['95'],Le marché a pour objet la réalisation d'une mission de maîtrise d'oeuvre pour des travaux de création d'un court supplémentaire de tennis couvert au Tennis Club de Soisy-38 rue d'A,mapa,cmp2006,appeloffre,rectificatif,Ville de Soisy-sous-Montmorency,95232,Soisy-sous-montmorency cedex,,"[""Maîtrise d'oeuvre""]",[197],non,non
235,20-43894,2020-03-23,2020-04-09,['971'],travaux de carrosserie du container des deux cyberbus (rectificatif),mapa,cmp2006,appeloffre,rectificatif,Région Guadeloupe,97100,Basse-Terre,,['Mécanique'],[221],non,non
236,20-44036,2020-03-23,2020-04-20,['972'],Travaux d'amélioration du bâtiment Ex-ANPE Batelière Schoelcher,fns,cmp2006,appeloffre,rectificatif,SA HLM OZANAM,97274,Schoelcher,,['Bâtiment'],[33],non,non
237,20-44030,2020-03-23,2020-04-20,['972'],Travaux de ravalement des façades & peinture des parties communes 32 LLS Préfontaine Rivière Pilote,fns,cmp2006,appeloffre,rectificatif,SA HLM OZANAM,97274,Schoelcher,,['Ravalement'],[299],non,non
238,20-44024,2020-03-23,2020-04-20,['972'],Travaux de Ravalement des façades & peinture des parties communes 64LLS Allée Pécoul Saint Pierre,fns,cmp2006,appeloffre,rectificatif,SA HLM OZANAM,97274,Schoelcher,,['Ravalement'],[299],non,non
239,20-44006,2020-03-23,2020-04-15,['972'],Lot 17 Menuiseries extérieures pour la construction de 25 logements angle des rues Capitaine Manuel et Pavé Fort-de-France,fns,cmp2006,appeloffre,rectificatif,SA HLM OZANAM,97274,Schoelcher,,['Menuiserie'],[222],non,non
240,20-44017,2020-03-23,2020-04-20,['972'],Travaux de ravalement des façades & peinture des parties communes 64 LLS Etang Z'Abricots Fort de France,fns,cmp2006,appeloffre,rectificatif,SA HLM OZANAM,97274,Schoelcher,,['Ravalement'],[299],non,non
241,20-43616,2020-03-23,2020-07-01,['972'],Le présent marché a pour objet des prestations de sûreté et de gardiennage des sites de la Caisse d'Allocations Familiales de la Martinique,joue,autre,rectificatif,rectificatif,CAF de la martinique,97291,Lamentin de martinique,,['Gardiennage'],[138],oui,oui
242,20-44221,2020-03-23,2020-04-30,['973'],Travaux de déforestation des surfaces de dégagement de l'aérodrome de Grand-Santi et réparation de la piste en béton,fns,cmp2006,appeloffre,initial,COLLECTIVITE TERRITORIALE DE GUYANE,97307,CAYENNE,,['Génie civil'],[141],non,non
243,20-44228,2020-03-23,2020-04-23,['973'],Etude géotechnique G4 pour l'opération OIN no1 - ZAC PALIKA,mapa,cmp2006,attribution,initial,Etab. Public d'Aménagement en Guyane,97357,Matoury cedex,,"[""Assistance à maîtrise d'ouvrage""]",[433],non,non
244,20-43672,2020-03-23,2020-04-22,['976'],"Travaux préparatoire à la réhabilitation de l'ancienne décharge de Dzoumogne. Réalisation d'une plate forme de stockage des déchets et son accès, dans le cadre du plan arbovirose.",fns,cmp2006,appeloffre,initial,SIDEVAM,97650,Dzoumogné,,['Abonnement'],[2],non,non
