,a00_cle_idweb,g04_01_date_publication,g04_03_date_fin_diffusion,g04_07_dep_publication,g04_09_resume_objet,g01_02_01_famille,g01_02_02_perimetre,g01_02_03_nature,g01_02_04_statut,d01_01_denomination,d01_07_cp,d01_08_ville,d08_09_decision_titulaireandRENSEIGNEMENT,g04_052_descripteurs_libelles,g04_051_descripteurs_codes,g04_061_criteres_sociaux,g04_062_criteres_environnementaux
0,20-92119,2020-07-20,2020-09-04,['1'],"Acquisition et livraison de 2 mini pelle hydrauliques sur chenilles neuves, de 2.450T à 2.740T chacune.",fns,cmp2006,appeloffre,initial,DEPARTEMENT DE L AIN,01003,BOURG EN BRESSE CEDEX,,['Véhicules (acquisition)'],[475],non,non
1,20-92201,2020-07-20,2020-09-02,['1'],Aménagement du centre départemental de solidarité à Saint Didier sur Chalaronne,fns,cmp2006,appeloffre,initial,DEPARTEMENT DE L AIN,01003,BOURG EN BRESSE CEDEX,,['Bâtiment'],[33],non,non
2,20-91984,2020-07-20,2020-09-17,['1'],Nettoyage et entretien des bâtiments communaux - Reconsultation des lots infructueux,fns,cmp2006,attribution,initial,COMMUNE D AMBERIEU EN BUGEY,01504,Amberieu en bugey cedex,"[('2020-07-17', 'DHN Nettoyage', (12222.95, 'EUR'), None), ('2020-07-15', 'EURL MODUNO Services', (32650.0, 'EUR'), None)]",['Nettoyage de locaux'],[239],non,non
3,20-89311,2020-07-20,2020-09-11,"['1', '69']",réhabilitation du collecteur de transfert amont de la step d'ambérieux en dombes,fns,cmp2006,appeloffre,initial,C-C-DOMBES-SAONE-VALLEE,01602,Trévoux,,['Assainissement'],[18],non,non
4,20-85712,2020-07-20,2020-09-10,['3'],restauration de l'orgue aubertin de l'église saint-louis de vichy,fns,cmp2006,appeloffre,initial,Ville de Vichy,03200,Vichy,,"['Echafaudage', 'Orgue']","[101, 250]",non,non
5,20-92209,2020-07-20,2020-08-20,['6'],MARCHE DE MAITRISE D'OEUVRE POUR LA REHABILITATION ET AMENAGEMENT DE 2 PLATEAUX R+1 ET R+2 DU BATIMENT L'OLIVIER,fns,cmp2006,appeloffre,initial,C.H.U. de Nice,06003,Nice cédex 1,,"['Bâtiment', ""Maîtrise d'oeuvre""]","[33, 197]",non,non
6,20-92242,2020-07-20,2020-08-19,['6'],"Le présent marché a pour objet le contrôle technique périodique des matériels roulants de la Régie Ligne d'Azur (bus, poids lourds).",fns,cmp2006,appeloffre,initial,Régie Ligne d'Azur,06100,Nice,,['Contrôle technique'],[72],non,non
7,20-73845,2020-07-20,2020-09-15,['6'],"maintenance préventive et corrective des équipements de restauration collective, situés à la crèche, à l'hôtel du département (cadam) et au palais sarde",mapa,cmp2006,appeloffre,initial,Département des Alpes-Maritimes,06201,NICE CEDEX 3,,['Maintenance'],[196],non,oui
8,20-81460,2020-07-20,2020-08-25,['6'],réfection de la totalité des étanchéités des toitures et terrasses accessibles du bâtiment esterel au sein du cadam,fns,cmp2006,appeloffre,initial,Département des Alpes-Maritimes,06201,Nice Cedex 3,,['Etanchéité'],[117],non,oui
9,20-91927,2020-07-20,2020-08-16,['6'],"Travaux de renouvellement des réseaux d'eau potable et d'eaux usées, d'enfouissement des réseaux d'éclairage public et d'électricité, route de la Roquette (RM20) et boulevard",fns,cmp2006,appeloffre,initial,REGIE EAU D'AZUR,06203,Nice Cedex 3,,"['Canalisations', 'Eclairage public', 'Electricité (travaux)', 'Terrassement', 'Voirie et réseaux divers']","[48, 102, 105, 341, 366]",non,non
10,20-92043,2020-07-20,2020-09-13,['6'],"Fourniture et livraison de Pain, Pâtisseries, Viennoiseries et Petits fours sucrés et salés.",fns,cmp2006,attribution,initial,CENTRE COMMUNAL D ACTION SOCIALE,06359,NICE Cedex 4,,['Denrées alimentaires'],[88],non,non
11,20-92488,2020-07-20,2020-09-03,['6'],Numéro de la consultation : 20200338 Fourniture de mobilier Petite Enfance et assimilés pour la Ville de Cannes,fns,cmp2006,appeloffre,rectificatif,COMMUNE DE CANNES,06406,CANNES,,['Mobilier'],[230],non,non
12,20-92042,2020-07-20,2020-09-20,['6'],Réfection d'une laverie pour le service entretien des gîtesStation de valberg,fns,cmp2006,attribution,initial,Syndicat Intercommunal de Valberg,06470,Valberg,,"['Démolition', 'Electricité (travaux)', 'Maçonnerie', 'Menuiserie', 'Peinture (travaux)', 'Plomberie (travaux)']","[87, 105, 195, 222, 264, 270]",non,non
13,20-92447,2020-07-20,2020-09-10,['7'],"Travaux de Construction d'un bâtiment de bureaux au Pôle des Mines à PRIVAS, lots déclarés sans suite lors de précédentes consultations",fns,cmp2006,appeloffre,initial,Département de l'Ardèche,07007,Privas,,['Bâtiment'],[33],oui,non
14,20-92184,2020-07-20,2020-08-06,"['8', '10', '2', '51', '55']","fourniture et travaux de peinture, carrelage, revêtements de sols et travaux de peinture ou enduits extérieurs dans les centres de secours et à l'état major du s.d.i.s. 08",fns,cmp2006,appeloffre,initial,SDIS des Ardennes,08000,Prix les Mézières,,"['Peinture (fourniture)', 'Peinture (travaux)', 'Ravalement', 'Revêtements de sols', 'Revêtements muraux']","[263, 264, 299, 308, 309]",non,non
15,20-92375,2020-07-20,2020-09-07,['11'],GN20C04 - Fourniture de matériel électrique pour le Grand Narbonne,fns,cmp2006,appeloffre,annulation,Le Grand Narbonne,11785,NARBONNE,,['Matériel électrique'],[203],non,non
16,20-92109,2020-07-20,2020-09-01,"['12', '15', '34', '11', '48', '46', '81', '82']",ACQUISITION-AMELIORATION DE LOGEMENTS COLLECTIFS ET DE LOCAUX COMMUNAUX DANS L'ANCIENNE GENDARMERIE DE CAPDENAC-GARE 2è? consultation,fns,cmp2006,appeloffre,initial,AVEYRON HABITAT,12032,Rodez,,['Bâtiment'],[33],non,non
17,20-92060,2020-07-20,2020-08-10,['12'],renouvellement des accès internet,fns,cmp2006,appeloffre,rectificatif,Cté d'Agglomération du Grand Rodez,12035,Rodez cedex 9,,"['Fibre optique', 'Télécommunications']","[133, 338]",non,non
18,20-91124,2020-07-20,2020-10-15,['12'],maîtrise d'oeuvre pour le réaménagement de l'abbaye de sylvanès,fns,cmp2006,appeloffre,initial,CC MONTS RANCE ET ROUGIER,12370,Belmont sur Rance,,"[""Maîtrise d'oeuvre""]",[197],non,non
19,20-91944,2020-07-20,2020-09-03,['13'],"Dans le cadre de son plan de développement des compétences pluriannuel, la Caisse Primaire Centrale d'Assurance Maladie des Bouches-du-Rhône souhaite disposer d'un marché couvrant 13 lots th",fns,cmp2006,appeloffre,rectificatif,CAISSE PRIMAIRE CENTRALE ASSUR MALADIE,13009,Marseille,,['Formation'],[410],non,non
20,20-92493,2020-07-20,2020-08-17,['13'],rénovation de la salle d'armes : fourniture et pose de sol sportif et pistes métalliques,mapa,cmp2006,appeloffre,initial,CREPS Provence Alpes Côte d'Azur,13098,Aix-en-Provence,,['Revêtements de sols'],[308],non,non
21,20-92153,2020-07-20,2020-08-21,['13'],Calcul actuariel des provisions des passifs sociaux du GPMM & Assistance à l'élaboration de la liasse de combinaison demandée par l'APE,mapa,cmp2006,appeloffre,initial,GRAND PORT MARITIME DE MARSEILLE,13226,MARSEILLE,,"['Prestations de services', 'Ingénierie']","[274, 455]",non,non
22,20-91990,2020-07-20,2020-09-10,['13'],Fourniture de carburant et de prestations annexes par cartes accréditives,fns,cmp2006,appeloffre,initial,Ville de Marseille,13233,Marseille cedex 20,,"['Carburant, hydrocarbure']",[52],non,non
23,20-92097,2020-07-20,2020-08-25,['13'],Coordination sécurité et protection de la santé (CSPS),fns,cmp2006,appeloffre,initial,CPRP SNCF,13347,Marseille cedex 20,,"['Assistance technique', ""Assistance à maîtrise d'ouvrage""]","[19, 433]",oui,non
24,20-92091,2020-07-20,2020-10-17,['13'],Travaux d'entretien et de réparation des toitures terrasses étanches de l'ensemble des bâtiments du CHPA-CHIAP Lot 2,fns,cmp2006,attribution,initial,AP-HM pour le compte du CHPA-CHIAP,13616,Aix en Provence,"[('2020-07-16', 'ALPHA SERVICES', (175680, 'EUR'), None)]",['Etanchéité'],[117],non,non
25,20-92394,2020-07-20,2020-09-01,"['13', '84']",Gestion de l'accueil de loisirs sans hébergement(périscolaire et extrascolaire) des enfants de Plan d'Orgon,dsp,dsp,appeloffre,initial,Ville de Plan d'Orgon,13750,Plan d'orgon,,"['Prestations de services', 'Délégation de service public']","[274, 406]",non,non
26,20-92238,2020-07-20,2020-09-07,['14'],Le présent marché porte sur la préparation et la livraison de repas en liaison froide pour la Résidence Autonomie Jean Jaurès.,fns,cmp2006,appeloffre,initial,Centre communal d'action social d'ifs,14123,Ifs,,"['Restauration collective', 'Repas, traiteur']","[66, 304]",non,non
27,20-92392,2020-07-20,2020-08-28,['14'],pôle international du cheval - travaux d'extension des boxes,fns,cmp2006,appeloffre,initial,Ville de Deauville,14801,Deauville cedex,,"['Carrelage', 'Charpente', 'Couverture', 'Electricité (travaux)', 'Equipements spécialisés', 'Fondations spéciales', 'Maçonnerie', ""Ouvrage d'infrastructure"", 'Peinture (travaux)', 'Plomberie (travaux)', 'Revêtements muraux', ""Tous corps d'état""]","[53, 57, 74, 105, 115, 129, 195, 253, 264, 270, 309, 345]",non,oui
28,20-92180,2020-07-20,2020-09-28,['17'],Fourniture et Livraison de protections et produits d'incontinence pour les 4 EHPAD gérés par le CCAS,fns,cmp2006,appeloffre,initial,CENTRE COMMUNAL D ACTION SOCIALE,17022,La Rochelle,,['Consommables médicaux'],[69],non,non
29,20-92228,2020-07-20,2020-09-08,['17'],réhabilitation du réseau d'assainissement - rue aligre et carrefour rd 137/rd114 - commune de marans,fns,cmp2006,appeloffre,initial,Eau 17,17119,Saintes cedex,,['Assainissement'],[18],non,non
30,20-90391,2020-07-20,2020-09-09,['17'],commune de st pierre d'oleron - port de pêche de la côtinière - renouvellement et renforcement du réseau d'eau potable et renouvellement du réseau de refoulement du pr du port,fns,cmp2006,appeloffre,initial,Eau 17,17119,SAINTES CEDEX,,"['Alimentation en eau potable', 'Assainissement']","[6, 18]",non,non
31,20-91992,2020-07-20,2020-08-07,"['18', '45', '3', '41', '36', '37']",Travaux de viabilisation du projet Val de Berry et viabilisation de lots libres sur la Commune de PLAIMPIED-GIVAUDINS (18340),fns,cmp2006,appeloffre,initial,Territoria,18000,Bourges,,"[""Ouvrage d'infrastructure""]",[253],non,non
32,20-92113,2020-07-20,2020-09-05,"['18', '3', '28', '36', '37', '41', '45', '58']",Aménagement du coeur de village aux abords de la salle polyvalente La Grange - LE SUBDRAY (18570)Lot 1 : VRDLot 2 : PLANTATIONS,fns,cmp2006,appeloffre,initial,Territoria,18021,Bourges cedex,,"['Arrosage', 'Clôture', 'Espaces verts', 'Voirie et réseaux divers']","[13, 64, 116, 366]",non,non
33,20-92118,2020-07-20,2020-08-18,"['47', '36', '54']","fourniture, et mise en service opérationnelle d'engins de manutention répartis en 3 lots",mapa,cmp2006,appeloffre,initial,SEP-RIEP,19000,Tulle,,['Matériel de manutention'],[208],non,non
34,20-92136,2020-07-20,2020-08-21,['47'],"chariots élévateurs à moteur thermique, matériel neuf ou occasion récente, à livrer aux ateliers riep façonnage d'eysses(47) et toul(54) et répartis en 2 lots distincts.",fns,cmp2006,attribution,initial,SEP-RIEP,19000,Tulle,[],['Matériel de manutention'],[208],non,non
35,20-92288,2020-07-20,2020-09-07,"['20B', '20A']",Numéro de la consultation : 2020-3DIC-0173 RT10 Commune de Castellare di Casinca - Aménagement d'un carrefour giratoire entre la RT 10 et la RD 106,fns,cmp2006,appeloffre,initial,COLLECTIVITE DE CORSE,20187,AJACCIO,,['Génie civil'],[141],non,non
36,20-91998,2020-07-20,2020-08-10,['20B'],Numéro de la consultation : 2020-7DIE-0227 CONSTRUCTION D'UN POLE DES SCIENCES AU COLLÈGE JEAN FELIX ORABONA DE CALVI - RELANCE LOT 7,fns,cmp2006,appeloffre,initial,COLLECTIVITE DE CORSE,20187,AJACCIO,,['Matériaux de construction'],[198],non,non
37,20-92172,2020-07-20,2020-10-01,"['21', '89', '58', '71', '39', '25', '70', '90']",La présente consultation porte sur un marché de mise en conformité des installations électriques pour certains services de l?État situés dans le département 21 (Côte d?Or),fns,cmp2006,appeloffre,initial,Préfecture région Bourgogne,21041,Dijon cedex,,['Electricité (travaux)'],[105],non,non
38,20-91970,2020-07-20,2020-09-18,['22'],"Construction de 25 logements locatifs sociaux, situés lotissement "" Le Hameau du Clos Pasteur "" - sur la commune de PORDIC (22)",mapa,cmp2006,appeloffre,initial,BATIMENTS ET STYLES DE BRETAGNE (BSB),22000,Saint-brieuc,,['Bâtiment'],[33],non,non
39,20-92364,2020-07-20,2020-09-10,['22'],Extension Hall d'entrée du bâtiment des Admissions et des Consultations. Site de Lamballe - Centre Hospitalier du Penthièvre et du Poudouvre,fns,cmp2006,appeloffre,initial,CENTRE HOSPITALIER SAINT BRIEUC,22027,SAINT-BRIEUC,,['Bâtiment'],[33],non,non
40,20-91947,2020-07-20,2020-10-01,['23'],Fourniture installation et exploitation armoires pour dépôts attelles orthèses et autres DM au service des urgences CH GUERET,dsp,dsp,appeloffre,initial,CHU DUPUYTREN,23011,Gueret cedex,,"['Equipements spécialisés', 'Prestations de services']","[115, 274]",non,non
41,20-91889,2020-07-20,2021-09-23,"['24', '33', '47', '40', '87', '64', '19', '17']","Fourniture de produits alimentaires, de produits alimentaires biologiques et de consommables de cuisine pour la confection des repas servis dans les établissements du groupement 'Sud Périgord&quo",joue,directive24,appeloffre,initial,LP JEAN CAPELLE,24100,Bergerac,,['Denrées alimentaires'],[88],non,oui
42,20-92100,2020-07-20,2020-09-03,"['21', '25', '58', '70', '71', '89', '90', '39']",L'objectif de l'étude est d'évaluer les impacts de la politique régionale des aides aux investissements en agriculture.,mapa,cmp2006,appeloffre,initial,Région Bourgogne - Franche-Comté,25031,Besancon cedex,,['Etude'],[118],non,non
43,20-92395,2020-07-20,2020-09-11,"['25', '21', '70', '39', '58', '90', '71', '89']","L'objectif de l'étude est d'évaluer la mise en oeuvre du dispositif régional "" Politique d'hébergement touristique """,mapa,cmp2006,appeloffre,initial,Région Bourgogne - Franche-Comté,25031,Besancon cedex,,['Etude'],[118],non,non
44,20-91270,2020-07-20,2020-09-08,"['25', '58']",58 chateau chinon - lycée mitterrand : restructuration des cuisines et restaurant pédagogique - relance lot 04,fns,cmp2006,appeloffre,initial,Région Bourgogne Franche-Comté,25031,Besançon,,"['Bâtiment', 'Menuiserie']","[33, 222]",oui,non
45,20-92175,2020-07-20,2020-08-21,['25'],"Prélèvements et analyses bactériologiques effectuées sur les réseaux d'eau chaude dans les établissements de la ville de Besançon, du CCAS et de Grand Besançon Métropole par un laboratoire agréé.",mapa,cmp2006,appeloffre,initial,Ville de Besançon,25034,BESANCON,,['Prestations de services'],[274],non,non
46,20-92332,2020-07-20,2020-08-28,['25'],construction de 20 logements rue amédée thierry à besançon (25000) - nouvelle consultation ouverte pour les lots 07 - 12 - 13,fns,cmp2006,appeloffre,initial,Grand Besançon Habitat,25052,Besançon cedex,,['Bâtiment'],[33],oui,non
47,20-92158,2020-07-20,2020-09-01,['25'],"Location, montage, démontage et maintenance d'une patinoire temporaire",mapa,cmp2006,appeloffre,initial,COMMUNE DE MONTBELIARD,25205,MONTBELIARD CEDEX,,['Equipement sportif'],[113],non,non
48,20-92433,2020-07-20,2020-09-03,['25'],Réfection de la couverture du tennis couvert (25300 Pontarlier),fns,cmp2006,appeloffre,initial,COMMUNE DE PONTARLIER,25304,PONTARLIER,,['Couverture'],[74],non,non
49,20-92489,2020-07-20,2020-09-15,['26'],"Maîtrise d'oeuvre pour la construction d'un bâtiment à usage de cuisine centrale, restauration scolaire et salle d'animation intergénérationnelle sur la commune de Saoû",fns,cmp2006,appeloffre,rectificatif,COMMUNAUTE DE COMMUNES DU VAL DE DROME,26400,EURRE,,"[""Maîtrise d'oeuvre""]",[197],non,non
50,20-18170,2020-07-20,2020-09-08,['27'],Maintenance de deux installations de production d'air comprimée haute pression équipées de compresseurs de 40 bars et 250 bars du site de DGA TH à Val de Reuil.,fns,cmp2006DEFENSE,appeloffre,initial,MINARM/DGA/DO/S2A,27105,Val de Reuil Cedex,,['Equipement industriel'],[112],non,non
51,20-91932,2020-07-20,2020-09-07,['28'],création d'un terrain mixte football et hockey en gazon synthétique au complexe robert huwart - lot 2 éclairage,fns,cmp2006,appeloffre,initial,Ville de Nogent le Rotrou,28400,Nogent-le-Rotrou,,"['Clôture', 'Eclairage public']","[64, 102]",non,non
52,20-91956,2020-07-20,2020-09-09,"['29', '56']",Restructuration des deux bâtiments de l'ESAT de Kersalé,fns,cmp2006,appeloffre,initial,Ville de Concarneau,29182,Concarneau cedex,,"['Couverture', 'Démolition', 'Electricité (travaux)', 'Menuiserie', 'Plomberie (travaux)']","[74, 87, 105, 222, 270]",oui,oui
53,20-92099,2020-07-20,2020-09-04,['29'],Réalisation de fouilles archéologiques sur le secteur de penhoat nord à plabennec (marché no2020-14),fns,cmp2006,appeloffre,initial,COM DE COMMUNES DU PAYS DES ABERS,29860,Plabennec,,['Fouille archéologique'],[450],non,oui
54,20-92264,2020-07-20,2020-10-01,['30'],MARCHES DE TRAVAUX POUR LA REALISATION DE L'EXTENSION DU BATIMENT H DU CIRCUIT VITESSE DU POLE MECANIQUE ALES CÉVENNES LOT 1 - DEMOLITION,fns,cmp2006,appeloffre,initial,SPL Alès Cévennes,30100,Ales,,['Démolition'],[87],non,non
55,20-88075,2020-07-20,2020-08-28,['30'],travaux d'aménagement centre aéré de malataverne,fns,cmp2006,appeloffre,initial,Alès Agglomération,30105,Alès Cédex,,"['Carrelage', 'Climatisation', 'Electricité (travaux)', 'Maçonnerie', 'Menuiserie', 'Peinture (travaux)', 'Plomberie (travaux)', 'Serrurerie']","[53, 62, 105, 195, 222, 264, 270, 321]",non,non
56,20-92250,2020-07-20,2020-08-30,['31'],La prestation porte sur la fourniture et la pose des échelles et des supports associés ainsi que sur l'établissement d'une fiche technique par échelle posée.Chaque échelle devra être rattac,fns,cmp2006,appeloffre,initial,Voies navigables de France,31073,Toulouse,,['Ouvrage hydraulique'],[255],non,oui
57,20-92453,2020-07-20,2020-09-16,['31'],Prestations de Géomètre Expert - Relevés topographiques et relevés des bâtiments pour l'Ecole Nationale Vétérinaire de Toulouse (ENVT).,fns,cmp2006,appeloffre,initial,ECOLE NAL VETERINAIRE DE TOULOUSE,31076,Toulouse,,['Assistance technique'],[19],non,non
58,20-92067,2020-07-20,2020-09-04,['31'],réalisation d'une aire de jeux et de modules sportifs type fitness,fns,cmp2006,appeloffre,initial,Commune de Labarthe sur Lèze,31860,Labarthe sur Lèze,,"['Mobilier urbain', 'Aire de jeux']","[231, 400]",non,non
59,20-92382,2020-07-20,2020-10-02,"['33', '16']","Le présent marché a pour objet la réalisation des travaux de rénovation de la chaufferie de la maternelle Jules Michelet, la reprise des réseaux ECS, du calorifuge et l'installation de filtre à b",fns,cmp2006,appeloffre,initial,COMMUNE DE VILLENAVE D ORNON,33140,Villenave d'ornon,,"['Chauffage (travaux)', 'Climatisation', 'Plomberie (travaux)']","[61, 62, 270]",non,non
60,20-92105,2020-07-20,2020-09-15,['33'],Travaux de confortement de la culée de la jetée Thiers d'Arcachon.,mapa,cmp2006,appeloffre,initial,Ville d'Arcachon,33311,ARCACHON Cedex,,"[""Ouvrage d'infrastructure""]",[253],non,non
61,20-92200,2020-07-20,2020-09-17,['33'],marché d'assurances dommages aux biens et cyber risques,fns,cmp2006,appeloffre,initial,CALI,33503,Libourne cedex,,['Assurance'],[20],non,non
62,20-92313,2020-07-20,2020-09-17,['33'],"marché d'assurances dommages aux biens, tous risques expositions, cyber risques",fns,cmp2006,appeloffre,initial,Ville de Libourne,33505,Libourne,,['Assurance'],[20],non,non
63,20-92317,2020-07-20,2020-08-15,"['33', '24', '16', '17', '47']","Mise en sécurité des voies communales no 41, 57, 58, 64, 33, 15 (TO1), 3 (TO2), Intersection Route de Saint-Christophe et Route des Vallons (TO3) et 20 (TO4).",fns,cmp2006,appeloffre,initial,MAIRIE DE MONTAGNE,33570,Montagne,,['Voirie'],[365],non,oui
64,20-92415,2020-07-20,2020-08-31,"['33', '17', '40', '64']","Territoire des SCOT littoraux de la Charente-Maritime, la Gironde, les Landes et les Pyrénées-Atlantiques",mapa,cmp2006,appeloffre,initial,GIP Littoral Aquitain,33700,Mérignac,,"['Assistance technique', ""Assistance à maîtrise d'ouvrage""]","[19, 433]",non,non
65,20-92472,2020-07-20,2020-08-21,['34'],TRAVAUX DE MISE EN ACCESSIBILITE DES ECOLES MATERNELLES GAMBETTA ET ARC-EN-CIEL,fns,cmp2006,appeloffre,initial,COMMUNE DE LUNEL,34403,Lunel cedex,,['Travaux de viabilité'],[353],non,non
66,20-92054,2020-07-20,2020-08-21,['34'],"Prestations d'élagage, de taille, d'abattage et de dessouchage d'arbres sur l'ensemble du territoire communal",fns,cmp2006,appeloffre,initial,COMMUNE DE LUNEL,34403,Lunel cedex,,['Végétaux'],[358],non,non
67,20-92144,2020-07-20,2020-08-24,['31'],La présente consultation concerne les travaux préparatoires aux travaux de construction d'un bâtiment de 20 000 mètres carrés de surface de plancher dédié principalement aux activités tertiaires sur la comm,fns,cmp2006,appeloffre,rectificatif,LANGUEDOC ROUSSILLON AMENAGEMENT,34961,Montpellier,,['Terrassement'],[341],non,non
68,20-92187,2020-07-20,2020-09-11,['35'],Construction d'un immeuble passif de 15 logements sur la ZAC des Prairies à ORGERES (35),mapa,cmp2006,appeloffre,initial,SA HLM LES FOYERS,35000,Rennes,,['Bâtiment'],[33],non,non
69,20-92352,2020-07-20,2020-09-14,['35'],Parc des tanneurs - conception et réalisation de garde-corps en rocaillage (rusticage),mapa,cmp2006,appeloffre,initial,Ville de Rennes,35031,RENNES CEDEX,,['Maçonnerie'],[195],non,non
70,20-92040,2020-07-20,2020-08-27,['35'],SANITAIRES PUBLICS JULES FERRY - Construction,fns,cmp2006,appeloffre,rectificatif,Ville de Rennes,35031,RENNES CEDEX,,"[""Tous corps d'état""]",[345],non,non
71,20-92318,2020-07-20,2020-09-22,['35'],Prestations d'accompagnement et de conseil dans les changements du Service Commun de Documentation (SCD) de l'Université Rennes 2,fns,cmp2006,appeloffre,initial,Université Rennes 2,35043,Rennes cedex,,['Etude'],[118],non,non
72,20-92195,2020-07-20,2020-09-17,['35'],Travaux de remplacement d'une centrale de production d'eau glacée et retrofit de la centrale de froid de la cuisine relais au Centre Hospitalier de Saint Malo,fns,cmp2006,attribution,initial,CENTRE HOSPITALIER BROUSSAIS,35400,Saint malo,"[('2020-06-23', 'HERVE THERMIQUE', (77582, 'EUR'), None), ('2020-06-23', 'DALKIA FROID SOLUTIONS', (14879, 'EUR'), None)]",['Climatisation'],[62],non,non
73,20-92135,2020-07-20,2020-07-31,['37'],RECALIBRAGE DE LA VOIE COMMUNALE N°6 POUR LA DESSERTE DU SITE PRIMAGAZ A DRUYE (rectificatif),fns,cmp2006,appeloffre,rectificatif,Tours Métropole Val de Loire,37206,TOURS CEDEX 3,,['Voirie'],[365],non,non
74,20-92146,2020-07-20,2020-08-21,['38'],"Travaux de muséographie liés à la réhabilitation et l'extension du Musée Champollion à Vif (38450) Lot 18 : Production graphique, signalétique intérieure et extérieure",fns,cmp2006,appeloffre,initial,DEPARTEMENT DE L ISERE,38022,Grenoble,,"['Signalétique', 'Equipement muséographique']","[333, 409]",non,non
75,20-92231,2020-07-20,2020-10-17,['38'],Travaux d'entretien et de création en VRD sur le territoire de la commune de Saint- Quentin-Fallavier,fns,cmp2006,attribution,initial,Ville de St Quentin Fallavier,38070,Saint Quentin Fallavier,,['Voirie'],[365],non,non
76,20-90912,2020-07-20,2020-08-24,['38'],construction d'un bâtiment pédagogique et logistique support du nouveau complexe d'entraînement opérationnel des sapeurs-pompiers du sdis de l'isère a la côte-saint-andré-maçonnerie - gros OEuvre,fns,cmp2006,attribution,initial,SDIS de l'Isère,38600,Fontaine,"[('2020-07-06', 'CARRION TRAVAUX PUBLICS', (190718, 'EUR'), None)]","['Gros oeuvre', 'Maçonnerie']","[144, 195]",non,non
77,20-92306,2020-07-20,2020-08-28,['40'],Travaux hydrauliques au niveau du carrefour giratoire entre la RD no 933S et 351 à HAUT-MAUCO,fns,cmp2006,appeloffre,initial,Conseil Général des Landes,40025,Mont-de-Marsan Cedex,,['Canalisations'],[48],non,non
78,20-92138,2020-07-20,2020-09-07,['40'],aménagement de deux terrains multisports,fns,cmp2006,appeloffre,initial,Commune de Morcenx,40110,Morcenx-la-Nouvelle,,"['Génie civil', 'Terrain de sport']","[141, 342]",non,non
79,20-92387,2020-07-20,2020-09-12,"['40', '33', '32', '24', '64']",Création de bureaux aux ateliers du service de l'eau et de l'assainissement,fns,cmp2006,appeloffre,initial,Communauté de communes de Mimizan,40200,Mimizan,,"[""Tous corps d'état""]",[345],non,oui
80,20-92481,2020-07-20,2020-09-24,['41'],Travaux de viabilisation de la Tranche 2 - ZAC Parc des Châteaux à la Chaussée-Saint-Victor (41260),fns,cmp2006,appeloffre,initial,Trois Vals Aménagement,41043,Blois cedex,,['Travaux de viabilité'],[353],non,non
81,20-92451,2020-07-20,2020-09-16,['42'],INTÉGRATION DE LA PRISE EN COMPTE DE LA BIODIVERSITÉ ET LA TRAME VERTE ET BLEUE DANS LES PROJETS AMÉNAGEMENT ET DE CONSTRUCTION,fns,cmp2006,appeloffre,initial,Saint Etienne Métropole,42006,Saint Etienne,,"[""Assistance à maîtrise d'ouvrage""]",[433],non,non
82,20-92272,2020-07-20,2020-08-24,['42'],Travaux de réaménagement de bureaux et de salles de cours sur le site Denis Papin de l'Université Jean Monnet,fns,cmp2006,attribution,initial,UNIVERSITE JEAN MONNET,42023,Saint-etienne cedex 2,"[('2020-05-20', 'Société rozieres', (55025.0, 'EUR'), None), ('2020-05-20', 'Etablissements lardy', (78602.66, 'EUR'), None), ('2020-05-20', 'Fournier sols', (29850, 'EUR'), None), ('2020-05-20', 'Entreprise ferrard et cie', (345000, 'EUR'), None), ('2020-05-20', 'Joubert equipement', (38181.2, 'EUR'), None)]","['Métallerie', 'Peinture (travaux)', 'Plomberie (travaux)', 'Revêtements de sols']","[223, 264, 270, 308]",non,non
83,20-92303,2020-07-20,2020-08-10,['42'],entretien et maintenance des installations de chauffage des bâtiments communaux,fns,cmp2006,appeloffre,initial,COMMUNE D ANDREZIEUX BOUTHEON,42160,Andrézieux-Bouthéon,,"['Chauffage (exploitation, entretien)', 'Maintenance']","[59, 196]",non,non
84,20-92093,2020-07-20,2020-08-20,['42'],Achat d'une patinoire synthétique avec local d'accueil et plancher,fns,cmp2006,appeloffre,initial,Ville de Saint-Chamond,42400,Saint-Chamond,,['Equipement sportif'],[113],non,non
85,20-92140,2020-07-20,2020-09-01,['44'],Construction local annexe centre aquatique,fns,cmp2006,attribution,initial,Communauté de Communes de Grand Lieu,44118,La chevroliere,,['Bâtiment'],[33],non,non
86,20-91655,2020-07-20,2020-09-11,['44'],etude concernant le renouvellement du pacte financier avec les 24 communes,mapa,cmp2006,appeloffre,initial,Nantes Métropole,44923,Nantes cedex 9,,['Etude'],[118],non,non
87,20-92217,2020-07-20,2020-08-19,['46'],RD 37 - Remise en peinture de la passerelle d'Albas,fns,cmp2006,appeloffre,initial,DEPARTEMENT DU LOT,46005,CAHORS,,"[""Ouvrage d'art"", 'Peinture (travaux)']","[252, 264]",non,non
88,20-91376,2020-07-20,2020-08-31,"['48', '12', '30', '34']","schéma de gestion et d'accueil des camping-cars et véhicules aménagés dans le grand site de france en projet des gorges du tarn, de la jonte et des causses",mapa,cmp2006,appeloffre,initial,COMMUNAUTE COM GORGES CAUSSES CEVENNE,48400,Florac trois rivières,,['Etude'],[118],non,non
89,20-92129,2020-07-20,2020-08-24,['49'],Location et maintenance de 8 copieurs sur le département du Maine et Loire,fns,cmp2006,appeloffre,initial,Lycee Des Metiers Chevrollier-GRETA,49035,Angers,,['Reprographie'],[305],non,non
90,20-92008,2020-07-20,2020-10-17,['50'],Acquisition et déploiement de Pass Numériques sur le Département de la Manche,fns,cmp2006,attribution,initial,DEPARTEMENT DE LA MANCHE,50050,Saint-Lo,"[('2020-07-03', '#APTIC', (140000, 'EUR'), None)]",['Prestations de services'],[274],non,non
91,20-92437,2020-07-20,2020-09-18,['50'],MISSION DE MAITRISE D'OEUVRE POUR LA REHABILITATION DES SALLES IMAGIN'ARTS ET DU PLAT CHEMIN - COMMUNE DELEGUEE DE QUERQUEVILLE,fns,cmp2006,appeloffre,rectificatif,CHERBOURG-EN-COTENTIN,50108,Cherbourg-en-Cotentin,,"[""Maîtrise d'oeuvre""]",[197],non,non
92,20-92462,2020-07-20,2020-08-28,['50'],"Travaux de réhabilitation des réseaux, de transfert des eaux usées de Genêts et d'agrandissement de l'unité de traitement de Bacilly.",fns,cmp2006,appeloffre,rectificatif,CA Mont Saint Michel - Normandie,50305,Avranches Cédex,,"['Réseaux divers', ""Station d'épuration (travaux)""]","[306, 328]",non,non
93,20-92152,2020-07-20,2020-08-26,"['50', '14', '61']",ETUDE FINANCIEREEtude des comptes de la collectivité et formulation depréconisations,fns,cmp2006,appeloffre,initial,Commune de la hague,50442,La Hague,,['Expertise comptable'],[446],non,non
94,20-92292,2020-07-20,2020-08-27,['52'],ENTRETIEN DES ESPACES VERTS - SECTEUR ROCHOTTE - CHAUMONT (52),fns,cmp2006,appeloffre,initial,VILLE DE CHAUMONT,52000,CHAUMONT,,['Espaces verts'],[116],non,non
95,20-92240,2020-07-20,2020-09-14,['52'],ACQUISITION D'UN CAMION TRI BENNE EQUIPE D'UNE GRUE ET D'UN VEHICULE FOURGON TYPE L2H2,fns,cmp2006,appeloffre,rectificatif,Ville de Langres,52200,Langres,,['Véhicules (acquisition)'],[475],non,non
96,20-92338,2020-07-20,2020-09-04,"['52', '10', '51', '21']",Etude stratégique sur l'évolution du service d'ingénierie territoriale du Département à destination des collectivités locales-.,mapa,cmp2006,appeloffre,initial,Conseil général de la Haute-Marne,52905,CHAUMONT Cedex,,['Etude'],[118],non,non
97,20-92044,2020-07-20,2020-09-08,['54'],Location et acquisition d'imprimantes,mapa,cmp2006,appeloffre,initial,Département de Meurthe-et-Moselle,54035,NANCY CEDEX,,['Informatique (matériel)'],[162],non,non
98,20-92233,2020-07-20,2020-08-21,['54'],Remplacement des sols sportifs au Gymnase SUAPS BRABOIS,fns,cmp2006,attribution,initial,Université de Lorraine,54052,Nancy,,['Bâtiment'],[33],non,non
99,20-92071,2020-07-20,2020-09-08,['54'],ZAC du BOIS LA DAME à TOMBLAINE - Travaux d'aménagement Tranche 2A. Relance du lot 2 - Câblages réseaux secs et éclairage. (Les lots 1 et 3 ont été attribués).Ce marché comporte une clause d&apo,fns,cmp2006,attribution,initial,SOLOREM,54098,Nancy cedex,"[('2020-07-17', 'LACIS', (153792, 'EUR'), None)]",['Eclairage public'],[102],non,non
100,20-91915,2020-07-20,2020-08-26,['54'],"Assistance à maîtrise d'ouvrage pour les opérations d'aménagement et de restructuration de la place de la 2e DC de Lunéville pour la ville de Lunéville, de la restauration des deux cours du",fns,cmp2006,appeloffre,rectificatif,Département de Meurthe-et-Moselle,54302,Luneville cedex,,['Prestations de services'],[274],non,non
101,20-92063,2020-07-20,2020-08-28,['54'],Travaux d'aménagement de la place de la République-.,fns,cmp2006,appeloffre,initial,COMMUNE DE DIEULOUARD,54380,DIEULOUARD,,['Voirie'],[365],non,non
102,20-92245,2020-07-20,2020-08-25,['55'],Couverture étancheité,fns,cmp2006,appeloffre,initial,COMMUNE DE VAL D'ORNAIN,55000,VAL D'ORNAIN,,"['Couverture', 'Etanchéité']","[74, 117]",non,non
103,20-91955,2020-07-20,2020-08-21,['55'],réaménagement de l'avenue de la 42ème division et de l'avenue du maréchal joffre à verdun.,fns,cmp2006,appeloffre,initial,COMMUNAUTE D AGGL DU GRAND VERDUN,55100,verdun,,['Voirie et réseaux divers'],[366],non,non
104,20-92325,2020-07-20,2020-08-20,['56'],RD30 SAUZON MUR DE SOUTENEMENT 3ème tranche,fns,cmp2006,attribution,initial,Département du Morbihan,56009,VANNES,"[('2020-07-17', 'COLAS CENTRE OUEST (Mendon)', (338965.0, 'EUR'), None)]",['Terrassement'],[341],non,non
105,20-92467,2020-07-20,2020-08-05,['56'],travaux d'aménagement de la voie verte entre kerguet et suscinio,fns,cmp2006,appeloffre,initial,Ville de Sarzeau,56370,Sarzeau,,"['Réseaux divers', 'Terrassement']","[306, 341]",non,non
106,20-92196,2020-07-20,2020-08-21,"['8', '57']",Charleville-mézières (08) - Caserne Dumerbion - 3°RG - Bât 028 - rénovation bâtiment hébergement instruction - 3 lots (19/PMO03/021-023),fns,cmp2006,appeloffre,initial,ESID de Metz,57044,Metz cedex 01,,['Bâtiment'],[33],oui,oui
107,20-92293,2020-07-20,2020-08-28,['57'],Fourniture et livraison de caméras thermiques d'attaque,fns,cmp2006,appeloffre,initial,SCE DEPARTEMENTAL INCENDIE ET SECOURS,57072,METZ,,"[""Matériel de secours et d'incendie""]",[217],non,non
108,20-92443,2020-07-20,2020-10-17,['57'],Réparation de poids lourds et équipements pour la ville de Thionville,fns,cmp2006,attribution,initial,COMMUNAUTE AGGLO PORTES DE FRANCE,57125,THIONVILLE,"[('2020-07-20', 'V.I. SERVICES', (60000, 'EUR'), None), ('2020-07-20', 'TMHCI', (40000, 'EUR'), None)]",['Maintenance'],[196],non,non
109,20-92078,2020-07-20,2020-08-10,['57'],remplacement du parquet sportif du palais des sports,fns,cmp2006,appeloffre,initial,Ville d'Amnéville,57360,Amnéville,,['Revêtements de sols'],[308],non,non
110,20-91387,2020-07-20,2020-08-10,['57'],fabrication et livraison de repas pour le service de restauration scolaire et extra-scolaire et la fourniture de goûters,fns,cmp2006,appeloffre,initial,Ville d'Amnéville,57360,Amnéville,,['Restauration collective'],[66],non,non
111,20-92045,2020-07-20,2020-07-28,['58'],mission assistance à maîtrise d'ouvrage pour la mise en place d'une délégation de service public des parcs de stationnement de la ville de nevers,mapa,cmp2006,attribution,initial,Ville de Nevers,58000,Nevers,,['Etude'],[118],non,non
112,20-92474,2020-07-20,2020-08-12,"['58', '18', '3']","L'objet de la présente consultation concerne des travaux d'assainissement : réhabilitation par l'intérieur - Chemisage, rue F. Mitterrand à Nevers.",fns,cmp2006,appeloffre,initial,ADN Nevers,58027,Nevers cedex,,['Canalisations'],[48],non,non
113,20-91952,2020-07-20,2020-09-07,"['80', '2', '59', '62', '60']",Travaux de réfection de la toiture en ardoise du commissariat de police d'Abbeville.,fns,cmp2006,appeloffre,initial,SGAMI de Lille,59012,Lille cedex,,['Couverture'],[74],non,non
114,20-92011,2020-07-20,2020-08-07,['59'],Travaux de réaménagement de la route de Fournes à Erquinghem Le Sec : reconstruction de chaussée et trottoirs,fns,cmp2006,appeloffre,rectificatif,METROPOLE EUROPEENNE DE LILLE,59034,Lille cédex,,['Voirie'],[365],non,non
115,20-92452,2020-07-20,2020-08-26,['59'],Marché de travaux de réaménagement de carrefour sur la RD2649/129 - Commune de Wargnies le Grand,fns,cmp2006,appeloffre,rectificatif,DEPARTEMENT DU NORD,59047,Lille,,['Voirie'],[365],non,non
116,20-92283,2020-07-20,2020-07-28,['59'],"Aménagement et mobilier du salon de thé du Carré Saint-Joseph à Marcq-en-Baroeul : travaux d'agencement (lot 1), fourniture et pose d'équipements de cuisine (lot 2) et fourniture de mobilier",fns,cmp2006,appeloffre,rectificatif,Ville de Marcq-en-Baroeul,59704,Marcq en baroeul cedex,,"['Cuisine (équipement)', 'Mobilier']","[77, 230]",non,non
117,20-89119,2020-07-20,2020-09-03,['59'],"entreposage, pose, maintenance, dépose des motifs lumineux appartenant à la vile et locations d'illuminations pour les fêtes de fin d'année.",fns,cmp2006,appeloffre,initial,Ville de Saint-Amand-les-Eaux,59734,Saint-Amand-Les-Eaux Cedex,,['Illumination'],[170],non,non
118,20-92235,2020-07-20,2020-08-19,['60'],MISSION D'ASSISTANCE FINANCIÈRE A MAÎTRISE D'OUVRAGE POUR LA PASSATION ET LE CONTRÔLE D'EXÉCUTION DE MARCHE DE PARTENARIAT,fns,cmp2006,attribution,initial,SMTCO,60005,Beauvais,"[('2020-07-10', 'PARTENAIRES FINANCES LOCALES', (46165, 'EUR'), None)]","['Prestations de services', ""Assistance à maîtrise d'ouvrage""]","[274, 433]",non,non
119,20-92226,2020-07-20,2020-08-19,['60'],MISSION D'ASSISTANCE TECHNIQUE A MAÎTRISE D'OUVRAGE POUR LA PASSATION DE MARCHE DE PARTENARIAT,fns,cmp2006,attribution,initial,SMTCO,60005,Beauvais,"[('2020-07-10', 'MT3', (139100, 'EUR'), None)]","['Assistance technique', ""Assistance à maîtrise d'ouvrage""]","[19, 433]",non,non
120,20-92422,2020-07-20,2020-09-30,"['60', '75', '80', '59', '95']",ASSISTANCE TECHNIQUE ET MAINTENANCE DES LOGICIELS ET AUTRES ÉQUIPEMENTS INFORMATIQUES DE LA COMMUNE DE LAMORLAYE.Les spécifications techniques des prestations sont décrites dans le cahier des cla..,fns,cmp2006,appeloffre,initial,COMMUNE DE LAMORLAYE,60260,Lamorlaye,,['Informatique (assistance)'],[453],non,non
121,20-92178,2020-07-20,2020-09-15,['61'],Prestations de contrôle de bon fonctionnement des installations d'assainissement non collectif d'une partie des habitations sur le territoire de la Communauté urbaine d'Alençon,mapa,cmp2006,appeloffre,initial,Communauté urbaine d'Alençon,61014,Alençon,,['Assainissement'],[18],non,non
122,20-92057,2020-07-20,2020-08-20,['62'],Travaux d'électricité et de faux-plafonds sur différents sites de l'Université.,fns,cmp2006,attribution,initial,Université d'Artois,62030,Arras cedex,"[('2020-07-13', ""Les cloisons de l'artois"", (20791.69, 'EUR'), None), ('2020-07-13', 'Santerne', (20800, 'EUR'), None)]","['Electricité (travaux)', 'Plâtrerie']","[105, 269]",non,non
123,20-92199,2020-07-20,2020-08-20,['62'],Travaux de menuiseries et serrureries extérieures sur différents sites de l'Université.,fns,cmp2006,attribution,initial,Université d'Artois,62030,Arras cedex,"[('2020-07-15', 'Loison', (45070, 'EUR'), None), ('2020-07-15', 'Europ signal', (95153, 'EUR'), None), ('2020-07-15', 'Loison', (9700, 'EUR'), None)]",['Menuiserie'],[222],non,oui
124,20-92230,2020-07-20,2020-09-07,['62'],Prestations de visites et contrôles techniques réglementaires des véhicules et matériels tout tonnage du SDIS du Pas-de-Calais,fns,cmp2006,appeloffre,initial,SDIS 62,62052,SAINT LAURENT BLANGY CEDEX,,['Contrôle technique'],[72],non,non
125,20-92345,2020-07-20,2020-08-25,['62'],Travaux consécutifs à la reprise de concessions de terrains dans les cimetières de la Ville de Calais,fns,cmp2006,appeloffre,initial,Ville de Calais,62107,Calais cédex,,['Cimetière'],[437],non,non
126,20-88533,2020-07-20,2020-08-17,['62'],etude de faisabilité pour la création d'un casino et mission d'accompagnement dans la procédure de délégation de service public,mapa,cmp2006,appeloffre,initial,Ville de Neufchatel-Hardelot,62152,Neufchatel-Hardelot,,"[""Assistance à maîtrise d'ouvrage"", 'Assistance juridique']","[433, 434]",non,non
127,20-92384,2020-07-20,2020-08-07,"['62', '59']",Travaux de revêtement de routes,fns,cmp2006,appeloffre,initial,Ville d'AUCHEL,62260,Auchel,,['Voirie'],[365],non,non
128,20-91928,2020-07-20,2020-09-04,['62'],"L'opération d'assurance relative à la réhabilitation d'un centre de maintenance et de remisage de bus à Hénin Beaumont est composée d'un lot unique intitulé "" Assurance Constructio",fns,cmp2006,appeloffre,initial,SMTC Artois-Gohelle,62303,Lens cedex,,['Assurance'],[20],non,non
129,20-79478,2020-07-20,2020-09-08,['62'],réaménagement du carrefour avenue du docteur quettier - avenue du 8 mai 1945,fns,cmp2006,appeloffre,initial,Ville de Berck sur Mer,62600,Berck-sur-Mer,,"['Eclairage public', 'Signalisation', 'Voirie et réseaux divers']","[102, 322, 366]",non,non
130,20-92081,2020-07-20,2020-09-11,['62'],Numéro de la consultation : 2020-031 COMMUNE D'HALLINES - TRAVAUX D'ASSAINISSEMENT EAUX USEES - RUE DU BRAND,fns,cmp2006,appeloffre,initial,CA DU PAYS DE SAINT OMER,62968,LONGUENESSE,,['Assainissement'],[18],non,non
131,20-92156,2020-07-20,2020-08-28,['62'],Numéro de la consultation : 2020-028 Commune de Bayenghem les Eperlecques - Assainissement programme 2020 - Rue d'Helvelinghem,fns,cmp2006,appeloffre,initial,CA DU PAYS DE SAINT OMER,62968,LONGUENESSE,,['Assainissement'],[18],non,non
132,20-91962,2020-07-20,2020-07-31,['63'],Transports périscolaires routiers,fns,cmp2006,attribution,initial,GIP Auvergne,63000,CLERMONT-FERRAND,,['Transport'],[347],non,non
133,20-92075,2020-07-20,2020-09-11,['63'],2020CM-PRI54 AMO AUDIT DES CONTRATS ET RAPPORTS CONCESSION GAZ METROPOLE,mapa,cmp2006,appeloffre,initial,Clermont Auvergne Métropole,63007,CLERMONT-FERRAND,,"['Etude', ""Assistance à maîtrise d'ouvrage""]","[118, 433]",non,non
134,20-92385,2020-07-20,2020-08-14,['63'],ACHAT ET MAINTENANCE DE LÈVE-PERSONNES SUR RAILS PLAFONNIERS POUR L'EHPAD LES JARDINS DE LA CHARME A CLERMONT-FERRAND,mapa,cmp2006,appeloffre,rectificatif,CCAS de Clermont Ferrand,63013,Clermont ferrand Cedex 1,,"['Maintenance', 'Matériel médical']","[196, 212]",non,non
135,20-87695,2020-07-20,2020-09-15,['63'],"fourniture, installation et mise en oeuvre d'une chambre froide et matériel associé pour matériaux composites au profit de l'atelier industriel de l'aéronautique de clermont-ferrand (aiacf).",mapa,cmp2006,appeloffre,initial,MINDEF/AIR/SIAé/AIA CF,63028,CLERMONT-FERRAND cedex 2,,['Chambre froide'],[56],non,non
136,20-88052,2020-07-20,2020-09-07,['63'],fourniture d'une plate-forme élévatrice mobile pour l'exécution de tâches de maintenance sur avions,fns,cmp2006DEFENSE,appeloffre,initial,MINDEF/AIR/SIAé/AIA CF,63028,Clermont-Ferrand cedex 2,,['Appareil élévateur'],[11],non,non
137,20-92080,2020-07-20,2020-09-03,['63'],Aménagement rue et impasse Saint Exupéry et rue Jean Mermoz,fns,cmp2006,appeloffre,initial,COMMUNE DE LEZOUX,63190,LEZOUX,,"['Espaces verts', 'Réseaux divers', 'Voirie']","[116, 306, 365]",non,non
138,20-92494,2020-07-20,2020-09-15,['64'],REHABILITATION DU RESEAU D?ASSAINISSEMENT ET CONSTRUCTION DE LA NOUVELLESTATION D?EPURATION COMMUNALE D'ANCE FEAS,fns,cmp2006,appeloffre,initial,COMMUNE D ANCE FEAS,64570,Feas,,['Assainissement'],[18],non,non
139,20-92168,2020-07-20,2020-10-17,['65'],TRAVAUX DE RÉNOVATION DU COLLÈGE DESAIX A TARBES,fns,cmp2006,attribution,initial,DEPARTEMENT HAUTES-PYRENEES,65013,TARBES,"[('2020-07-17', 'Marmer', (53035.24, 'EUR'), None), ('2020-07-17', 'Guichot', (25890.15, 'EUR'), None), ('2020-07-17', 'Ets Hubert', (1310, 'EUR'), None), ('2020-07-17', 'Bouyssonnie Castanet', (20729.3, 'EUR'), None)]",['Bâtiment'],[33],non,non
140,20-92351,2020-07-20,2020-08-21,['65'],diagnostic géotechniquemission g5pour l'installation de conteneurs enterrés et semi-enterrés,fns,cmp2006,appeloffre,initial,SYNDICAT MIXTE DE COLLECTE DES DECHETS,65460,Bours,,['Etude'],[118],non,non
141,20-92441,2020-07-20,2020-10-17,['66'],LOCATION ET MAINTENANCE DE DECORS LUMINEUX DANS LE CADRE DES ILLUMINATIONS FESTIVES,fns,cmp2006,attribution,initial,Mairie de Canet en Roussillon,66145,Canet-en-Roussillon,,['Illumination'],[170],non,non
142,20-92065,2020-07-20,2020-08-27,['66'],Fourniture de matériels informatiques et consommables,fns,cmp2006,appeloffre,initial,Ville de Barcarès,66421,LE BARCARES CEDEX,,['Informatique (matériel)'],[162],non,non
143,20-92418,2020-07-20,2020-09-04,"['67', '68', '88', '57']",MARCHE DE TRAVAUX CONCERNANT LA SÉPARATION DE LA TOUR ET DE LA BARRE DE CHIMIE - RE-CONSULTATION DU LOT 5 : INSTALLATION SANITAIRE,fns,cmp2006,appeloffre,initial,Université de Strasbourg,67081,Strasbourg,,"['Plomberie (travaux)', 'Sanitaire']","[270, 319]",non,non
144,20-92022,2020-07-20,2020-08-31,['67'],Travaux d'entretien et de rénovation des bâtiments et des installations techniques de la Ville de Lingolsheim,fns,cmp2006,appeloffre,initial,VILLE DE LINGOLSHEIM,67380,Lingolsheim,,"['Couverture', 'Menuiserie', 'Sanitaire', 'Voirie', 'Zinguerie']","[74, 222, 319, 365, 372]",non,non
145,20-92265,2020-07-20,2020-08-07,['68'],"Rénovation de la maison au 1 rue de la Gare en maison du vélo pour la Ville de Guebwiller. -Suite à un classement sans suite des lots 3 et 5, la présente consultation concerne les lots 3 et 5",mapa,cmp2006,appeloffre,initial,Commune de Guebwiller,68500,GUEBWILLER,,"['Charpente', 'Menuiserie']","[57, 222]",non,non
146,20-91994,2020-07-20,2020-08-14,['68'],entretien courant et inspection télévisée des réseaux d'assainissement des eaux usées et des eaux pluviales (curage...),mapa,cmp2006,appeloffre,initial,C.C. de la Région de Guebwiller,68502,Guebwiller cedex,,['Curage'],[78],non,non
147,20-92284,2020-07-20,2020-08-24,['69'],Travaux de réfection de l'EAJE les Pitchounets à Décines-Charpieu - Relance du lot no 4 Métallerie,fns,cmp2006,appeloffre,initial,Commune de DECINES-CHARPIEU,69151,DECINES-CHARPIEU,,['Métallerie'],[223],non,non
148,20-92440,2020-07-20,2020-10-17,['69'],Rénovation de la production et des réseaux de distribution d'Eau Chaude Sanitaire des chalets au centre de vacances Daniel Fery à Champagneux,fns,cmp2006,attribution,initial,COMMUNE DE VENISSIEUX,69200,Vénissieux,"[('2020-02-29', 'REY FRERES', (93045, 'EUR'), None)]",['Plomberie (travaux)'],[270],non,non
149,20-92227,2020-07-20,2020-09-05,['69'],Stratégie et conseil pour l'élaboration des Sites Web et outils digitaux,fns,cmp2006,appeloffre,initial,REGION AUVERGNE RHONE ALPES,69269,Lyon,,"['Audit', 'Informatique (prestations de services)']","[21, 163]",non,non
150,20-92416,2020-07-20,2020-08-31,['69'],Réaménagement de la route de Mions et création de trottoirs à Chaponnay,fns,cmp2006,appeloffre,initial,Cté Cnes du Pays de l'Ozon,69360,Saint Symphorien d'Ozon,,['Voirie'],[365],non,non
151,20-92381,2020-07-20,2020-09-19,"['42', '69']",Les travaux consistent au réaménagement du rez-de chaussée du Commissariat de police de Firminy (42).,fns,cmp2006,appeloffre,initial,S.G.A.P. SUD-EST,69421,Lyon cedex 03,,"['Câblage', 'Carrelage', 'Menuiserie', 'Serrurerie', 'Ventilation']","[47, 53, 222, 321, 360]",non,non
152,20-91933,2020-07-20,2020-08-19,['69'],fourniture et livraison de bois,fns,cmp2006,attribution,initial,SCE DEP METROPOLITAIN INCENDIE SECOURS,69421,LYON Cedex 03,,['Bois'],[38],non,non
153,20-91936,2020-07-20,2020-09-28,"['42', '69']",Travaux de rénovation du stand de tir du commissariat de St Etienne Barrouin (42). marché 2020-026,fns,cmp2006,appeloffre,initial,S.G.A.P. SUD-EST,69421,Lyon cedex 03,,"['Electricité (travaux)', 'Plomberie (travaux)', 'Serrurerie', 'Ventilation', 'Dépollution']","[105, 270, 321, 360, 442]",non,non
154,20-92359,2020-07-20,2020-09-07,['69'],Fourniture de 7 chariots électriques tracteurs de bus,fns,cmp2006,appeloffre,initial,SYTRAL,69487,Lyon,,['Véhicules (acquisition)'],[475],non,non
155,20-92484,2020-07-20,2020-09-02,['69'],Amélioration et fiabilisation boucles de sécurité tramway,fns,cmp2006,appeloffre,initial,SYTRAL,69487,Lyon,,"['Câblage', 'Matériel ferroviaire', 'Matériel de sécurité']","[47, 206, 209]",non,non
156,20-92221,2020-07-20,2020-09-04,['69'],Création de 4 abris vélos sécurisés,fns,cmp2006,appeloffre,rectificatif,METROPOLE DE LYON,69505,LYON,,['Abris'],[1],non,non
157,20-92015,2020-07-20,2020-08-17,['69'],RENOVATION DE LA CHARPENTE ET DE LA COUVERTURE DU CLOCHER DE l'EGLISE SAINT-ANDRE,fns,cmp2006,appeloffre,initial,MAIRIE D'IRIGNY,69540,Irigny,,"['Charpente', 'Clocher', 'Zinguerie']","[57, 80, 372]",non,non
158,20-91923,2020-07-20,2020-10-17,['69'],CONTRAT DE GERANCE DES PARCS DE STATIONNEMENT PAUL VERLAINE ET RAPHAEL DE BARROS A VILLEURBANNE,fns,cmp2006,attribution,initial,Ville de Villeurbanne,69601,VILLEURBANNE,,['Prestations de services'],[274],non,non
159,20-91945,2020-07-20,2020-10-17,['69'],CONSTRUCTION D'UN AUVENT DANS LE COMPLEXE SPORTIF ARMAND SUR LE PAS DE TIR A L'ARC,mapa,cmp2006,attribution,initial,Ville de Villeurbanne,69601,VILLEURBANNE,,"['Charpente', 'Voirie']","[57, 365]",non,non
160,20-91906,2020-07-20,2020-08-20,"['69', '1', '38', '42', '7', '26', '15', '73', '74']",Acquisition de minibus 9 places d'occasion à livrer courant septembre 2020,joue,directive24,appeloffre,initial,REGION AUVERGNE RHONE ALPES,69629,Lyon Cedex 02,,['Véhicules'],[359],non,oui
161,20-92420,2020-07-20,2020-08-26,['69'],Mission d'AMO en vue du regroupement des écoles maternelle et élémentaire Joanny Collomb et du réaménagement complet des bâtiments accueillant l'école élémentaire actuelle,mapa,cmp2006,appeloffre,initial,Mairie de Genas,69740,GENAS,,['Ingénierie'],[455],non,non
162,20-92446,2020-07-20,2020-10-17,['69'],AMENAGEMENT DU PARC DES SPORTS DE LIMONEST,fns,cmp2006,attribution,initial,Mairie de Limonest,69760,Limonest,,"['Espaces verts', 'Mobilier urbain', 'Ouvrage hydraulique']","[116, 231, 255]",non,non
163,20-92125,2020-07-20,2020-08-17,"['71', '1', '69', '21']",fourniture d'effets d'habillement des sapeurs-pompiers : fourragères tricolores et accessoires pour le service départemental d'incendie et de secours de saône-et-loire,mapa,cmp2006,appeloffre,initial,S.D.I.S. de Saône-et-Loire,71009,Sancé,,['Habillement'],[150],non,non
164,20-91968,2020-07-20,2020-08-27,['71'],Fourniture et mise en service d'un spectromètre de masse pour le typage des micro-organismes et fourniture des consommables associés pour le service de biologie médicale du Centre hospitalier de,fns,cmp2006,appeloffre,initial,CENTRE HOSPITALIER DE MACON,71018,Macon cedex,,"['Consommables médicaux', 'Equipements spécialisés']","[69, 115]",non,oui
165,20-92177,2020-07-20,2020-09-08,['71'],"Accord Cadre à Bons de Commande des Travaux de renouvellement, renforcement et extension des réseaux d'eau potable.Marché sans minimum, d'un montant annuel maximum de 400 000 euros.",fns,cmp2006,appeloffre,initial,SYND INTER COM EAUX SOLOGNE LIGERIENNE,71110,france,,"['Alimentation en eau potable', 'Canalisations', 'Voirie et réseaux divers']","[6, 48, 366]",non,non
166,20-92376,2020-07-20,2020-10-17,['72'],Requalification de 3 cours d'écoles au Mans,fns,cmp2006,attribution,initial,Ville du Mans,72039,LE MANS,"[('2020-07-17', 'PIGEON TP CENTRE - ILE DE FRANCE', (59751.38, 'EUR'), None), ('2020-07-17', 'ID VERDE', (57500, 'EUR'), None), ('2020-07-17', 'HRC', (99875.69, 'EUR'), None), ('2020-07-17', 'NCI Paysage', (34379.46, 'EUR'), None), ('2020-07-17', 'HRC', (133838.2, 'EUR'), None), ('2020-07-17', 'NCI Paysage', (69331.71, 'EUR'), None)]",['Aire de jeux'],[400],non,oui
167,20-92302,2020-07-20,2020-10-17,['72'],"Accord cadre multi-attributaires à marchés subséquents - Travaux de réhabilitation et d'aménagement du patrimoine de la Ville du Mans, de Le Mans Métropole et du SMAT - 1 an renouvelable 3 foisM",fns,cmp2006,attribution,initial,Ville du Mans,72039,Le Mans,"[('2020-06-24', 'CHAUFFAGE SANITAIRE SARTHOIS', (41673.07, 'EUR'), None)]",['Chauffage (matériel)'],[60],non,non
168,20-92150,2020-07-20,2020-09-04,['72'],"TRAVAUX DE CARRELAGE DANS LE HALL, COULOIR ET UNE PARTIE DE LA DEMI-PENSION DU COLLEGE RENE CASSIN A BALLON (72290)",mapa,cmp2006,appeloffre,initial,DEPARTEMENT DE LA SARTHE,72072,Le Mans,,['Carrelage'],[53],non,non
169,20-92393,2020-07-20,2020-09-20,['73'],Acquisition d'un calorimètre différentiel à balayage DSC.,mapa,cmp2006,attribution,initial,Université Savoie Mont Blanc,73011,Chambéry cedex,,['Equipements spécialisés'],[115],non,non
170,20-92492,2020-07-20,2020-09-16,['74'],"Désamiantage et démolition du bâtiment 12, rue de la Fraternité",mapa,cmp2006,appeloffre,initial,Commune d'Ambilly,74111,AMBILLY CEDEX,,['Démolition'],[87],non,non
171,20-92162,2020-07-20,2020-09-03,['74'],"La consultation concerne les travaux de réalisation des travaux de réseaux (Electricité, Eclairage, Telecom, tranchée gaz, raccordement EP), d'aménagement de surface (Voirie, trottoir et cheminem",fns,cmp2006,appeloffre,initial,Ville d'Allonzier la Caille,74350,ALLONZIER,,['Réseaux divers'],[306],non,non
172,20-92300,2020-07-20,2020-08-21,['74'],Réhabilitation du bâtiment des services techniques de CHAVANOD,fns,cmp2006,appeloffre,initial,Ville de Chavanod,74650,CHAVANOD,,"['Bardage', 'Charpente', 'Isolation', 'Terrassement', 'Zinguerie']","[30, 57, 169, 341, 372]",non,non
173,20-92026,2020-07-20,2020-09-15,['75'],Mission de programmation et d'assistance à maîtrise d'ouvrage pour la restructuration de l'Ecole Normale Supérieure de Chimie Paris,fns,cmp2006,appeloffre,initial,Etablt Public du Campus de Jussieu,75002,Paris,,"[""Assistance à maîtrise d'ouvrage""]",[433],non,non
174,20-92188,2020-07-20,2020-08-30,['75'],"Prestations de manutention, de transport de matériels et d'enlèvements de matériaux et déchets divers pour le compte de l'École nationale supérieure des Arts Décoratifs",fns,cmp2006,attribution,initial,ENSAD,75005,Paris,,['Déménagement'],[86],non,non
175,20-92529,2020-07-20,2020-08-31,['75'],L'objectif général de la mission d'assistance à maîtrise d'ouvrage est d'accompagner France compétences sur deux dimensions : (1) Le pilotage et le suivi de la campagne afin d&apos,fns,cmp2006,appeloffre,initial,France compétences,75009,Paris,,"['Assistance technique', 'Audit', 'Prestations de services']","[19, 21, 274]",non,non
176,20-92523,2020-07-20,2020-08-13,"['75', '78']",RÉSEAU TRANSILIEN - ÉLABORATION DES SCHÉMAS DIRECTEURS DES LIGNES K ET DES LIGNES N ET U,fns,cmp2006,appeloffre,initial,Ile de France Mobilités,75009,Paris,,"['Etude', 'Transport']","[118, 347]",non,oui
177,20-92331,2020-07-20,2020-09-07,['75'],Réalisation de travaux de mise aux normes des conditions climatiques des espaces du dernier étage du bâtiment de l'epppd.,fns,cmp2006,appeloffre,initial,EPPD-CNHI,75012,Paris,,"['Chauffage (travaux)', 'Climatisation', 'Travaux de viabilité', 'Ventilation']","[61, 62, 353, 360]",non,non
178,20-91929,2020-07-20,2020-09-11,"['75', '91']",Démolition et Reconstruction d'un bâtiment Médico-social sur le site de l'Hôpital l'Eau Vive à Soisy-sur-Seine (91450),fns,cmp2006,appeloffre,initial,Association SANTE Mentale PARIS 13,75013,Paris 13,,"['Démolition', 'Gros oeuvre', ""Tous corps d'état""]","[87, 144, 345]",oui,oui
179,20-87027,2020-07-20,2020-09-14,['75'],le présent marché a pour objet une mission de maitrise d'oeuvre portant sur la rénovation de la salle rémy pflimlin du conservatoire de paris.,fns,cmp2006,appeloffre,initial,CNSMD de Paris,75019,Paris,,"[""Maîtrise d'oeuvre""]",[197],non,non
180,20-92239,2020-07-20,2020-07-30,"['13', '75']",Travaux d'aménagement intérieur des futurs locaux du tribunal administratif de Marseille,fns,cmp2006,appeloffre,rectificatif,Conseil d'Etat,75100,Paris cedex 01,,"[""Tous corps d'état""]",[345],non,non
181,20-92229,2020-07-20,2020-09-10,"['91', '75', '78', '92', '93', '94', '95', '77', '45']","La présente consultation concerne les travaux de curage/désamiantage nécessaire dans le cadre de la restructuration de l'ancien CCAS de Longjumeau (Essonne). Ce bâtiment, acquis récemment par le",fns,cmp2006,appeloffre,initial,MINISTERE DE LA JUSTICE,75181,Paris cedex 4,,['Curage'],[78],non,non
182,20-92464,2020-07-20,2020-08-10,"['75', '34']","relance lots 6, 9 et 9bis, 10 et 10 bis - oppidum d'ensérune - opération requalification du musée et de la maison des fouilleurs.",fns,cmp2006,appeloffre,initial,Centre des monuments nationaux,75189,Paris,,"['Ascenseur', 'Carrelage', 'Electricité (travaux)', 'Monuments historiques', 'Revêtements de sols', 'Télésurveillance']","[17, 53, 105, 236, 308, 415]",non,non
183,20-92294,2020-07-20,2020-08-17,['54'],Travaux de renforcement des façades et réalisation de sondages complémentaires dans le cadre de la stabilisation du bâtiment Nanquette- Campus AgroParisTech de Nancy,fns,cmp2006,appeloffre,initial,AgroParisTech,75231,Paris cedex 05,,['Sondage (travaux)'],[478],non,non
184,20-92466,2020-07-20,2020-09-20,['75'],Restauration extérieure et amélioration énergétique du bâtiment sis au 36 rue de Babylone - côté est - 75007 Paris,fns,cmp2006,attribution,initial,SPM - DSAF - BCP,75334,Paris cedex 07,,"[""Tous corps d'état""]",[345],non,oui
185,20-92212,2020-07-20,2020-09-09,['75'],"Fourniture de produits d'entretien, d'emballages alimentaires, de petits matériels de nettoyage et divers produits d'hygiène en restauration nécessaires pour la Caisse des écoles du 10e",fns,cmp2006,appeloffre,initial,Caisse des écoles Paris 10ème,75475,Paris cedex,,"[""Produits d'entretien""]",[278],non,non
186,20-91988,2020-07-20,2020-09-30,['75'],Acquisition de services de formation dans le domaine des télécommunications,fns,cmp2006,appeloffre,initial,Ministère de la défense - BCAC-CG195/M,75700,Paris sp07,,['Formation'],[410],non,oui
187,20-92379,2020-07-20,2020-08-17,['75'],"Travaux de ravalement des façades et remplacement des menuiseries extérieures de l'immeuble Folie Méricourt situé 1 bis, rue de la Pierre levée - 75011 Paris",fns,cmp2006,appeloffre,initial,CAISSE PRIMAIRE ASSUR MALADIE PARIS,75948,Paris,,"[""Tous corps d'état""]",[345],non,non
188,20-92289,2020-07-20,2020-09-17,['76'],Désignation d'un commissaire aux comptes titulaire et suppléant,mapa,cmp2006,appeloffre,initial,SPL RNS,76000,Rouen,,['Prestations de services'],[274],non,non
189,20-92225,2020-07-20,2020-10-17,['76'],La présente consultation a pour objet la fourniture et la pose d'écrans numériques interactifs et de tableaux blancs pour les écoles élémentaires de la ville de Grand-Quevilly,mapa,cmp2006,attribution,initial,Ville de Grand Quevilly,76120,Grand Quevilly,,['Informatique (matériel)'],[162],non,non
190,20-92278,2020-07-20,2020-08-24,['76'],Travaux de réhabilitation du complexe sportif FERRY,fns,cmp2006,appeloffre,initial,Mairie de Darnétal,76162,Darnétal,,"['Bardage', 'Gros oeuvre', 'Menuiserie', 'Peinture (travaux)']","[30, 144, 222, 264]",non,non
191,20-92086,2020-07-20,2020-10-17,['76'],OPERATIONS DE FOUILLES ARCHEOLOGIQUES PREVENTIVES PARC D'ACTIVITE DE CROIX MARE,fns,cmp2006,attribution,initial,COM DE COMMUNES DE LA REG D YVETOT,76193,Yvetot,"[('2020-06-20', 'INRAP GRAND OUEST', (444371.5, 'EUR'), None)]",['Fouille archéologique'],[450],non,non
192,20-92061,2020-07-20,2020-08-14,"['76', '80', '27', '59']",travaux de réfection d'installations électriques dans différents bâtiments sur la commune de blangy-sur-bresle,mapa,cmp2006,appeloffre,initial,VILLE DE BLANGY-SUR-BRESLE,76340,Blangy sur bresle,,['Electricité (travaux)'],[105],non,non
193,20-92181,2020-07-20,2020-08-05,['76'],Numéro de la consultation : AC2001 Réhabilitation des réseaux d'assainissement quartier de Bellegarde à Villers Ecalles,fns,cmp2006,appeloffre,rectificatif,COM DE COMMUNES CAUX AUSTREBERTHE,76570,Pavilly,,['Assainissement'],[18],non,non
194,20-92031,2020-07-20,2020-08-31,"['76', '27']","marché public de prestations intellectuelles - diagnostic, zonage et schéma directeur du système d'assainissement",fns,cmp2006,appeloffre,initial,SIAEPA Les 3 Sources,76680,Saint-Martin-Osmonville,,"['Assainissement', 'Etude']","[18, 118]",non,non
195,20-91939,2020-07-20,2020-09-01,"['76', '80', '27']","marché public de prestations de services pour l'exploitation du service d'assainissement collectif des secteurs d'ambrumesnil, brachy et thil-manneville",fns,cmp2006,appeloffre,initial,TERROIR DE CAUX,76730,Bacqueville en caux,,"['Assainissement', 'Prestations de services']","[18, 274]",non,non
196,20-92495,2020-07-20,2020-08-31,['77'],aménagement de jardins familiaux collectifs,fns,cmp2006,appeloffre,initial,Ville de Nandy,77176,Nandy,,['Espaces verts'],[116],non,non
197,20-92308,2020-07-20,2020-09-04,['77'],MARCHE PUBLIC D'ASSURANCES - RESPONSABILITÉ CIVILE GÉNÉRALE,mapa,cmp2006,appeloffre,initial,Ville de La Ferté-sous-Jouarre,77263,La Ferté-sous-Jouarre CEDEX,,['Assurance'],[20],non,non
198,20-92309,2020-07-20,2020-09-29,['77'],Travaux de construction d'un gymnase dans le complexe sportif de la Noue Brossard,fns,cmp2006,appeloffre,initial,Ville de Chelles,77505,Chelles cedex,,"[""Tous corps d'état""]",[345],non,non
199,20-92275,2020-07-20,2020-08-21,"['78', '75', '92']",Maintenance préventive et corrective des systèmes de sécurité incendie des bâtiments communaux,fns,cmp2006,appeloffre,initial,Ville de Celle Saint Cloud,78170,La celle saint cloud,,['Détection incendie'],[90],non,non
200,20-92330,2020-07-20,2020-10-17,['78'],Construction d'un centre de loisirs et périscolaire en extension du groupe scolaire les Grandes Terres à Conflans Sainte Honorine,fns,cmp2006,attribution,initial,COMMUNE DE CONFLANS SAINTE HONORINE,78700,CONFLANS SAINTE HONORINE,"[('2020-07-09', 'DPN renovation', (313518, 'EUR'), None), ('2020-07-10', 'VANINETTI', (377000, 'EUR'), None), ('2020-07-09', 'SARMATES SAS', (152001.36, 'EUR'), None), ('2020-07-09', 'ms bat', (103789.16, 'EUR'), None), ('2020-07-10', 'Serrurerie métallerie Herpin et Fils', (245000, 'EUR'), None), ('2020-07-10', 'COLAS IDFN AGENCE SNPR CONFLANS', (491481.57, 'EUR'), None)]","[""Tous corps d'état""]",[345],non,non
201,20-92337,2020-07-20,2020-10-17,['78'],Construction d'un centre de loisirs et périscolaire en extension du groupe scolaire les Grandes Terres à Conflans Sainte Honorine,fns,cmp2006,attribution,initial,COMMUNE DE CONFLANS SAINTE HONORINE,78700,CONFLANS SAINTE HONORINE,,"[""Tous corps d'état""]",[345],non,non
202,20-92360,2020-07-20,2020-09-15,['78'],Marché public de travaux de restructuration du centre de loisirs pour la commune de CERNAY-LA-VILLE (78),fns,cmp2006,appeloffre,initial,COMMUNE DE CERNAY LA VILLE,78720,Cernay-la-Ville,,"['Electricité (travaux)', 'Menuiserie', 'Plomberie (travaux)', ""Tous corps d'état""]","[105, 222, 270, 345]",non,non
203,20-92377,2020-07-20,2020-10-17,['79'],"Maîtrise d'oeuvre pour la construction d'un bâtiment (CSAPA, CEGIDD, Centre de Vaccination) pour le Centre Hospitalier Nord Deux Sèvres, rue de Malabry à Bressuire",mapa,cmp2006,attribution,initial,CENTRE HOSPITALIER DE NIORT,79021,NIORT,,"[""Maîtrise d'oeuvre""]",[197],non,non
204,20-92449,2020-07-20,2020-09-01,['80'],Mission d'assistance à maîtrise d'ouvrage portant sur la création du Service Public d'Insertion dans le département de la Somme.,fns,cmp2006,appeloffre,initial,Conseil Départemental de la Somme,80026,Amiens,,"['Prestations de services', ""Assistance à maîtrise d'ouvrage""]","[274, 433]",non,non
205,20-92059,2020-07-20,2020-08-21,['80'],Revêtements superficiels combinés sur les routes départementales de la Somme.,fns,cmp2006,attribution,initial,Conseil Départemental de la Somme,80026,Amiens,"[('2020-07-06', 'COLAS NORD EST Agence COLAS AMIENS', (82021, 'EUR'), None), ('2020-07-06', 'COLAS NORD EST Agence COLAS AMIENS', (42634, 'EUR'), None), ('2020-07-06', 'COLAS NORD EST Agence COLAS AMIENS', (108983, 'EUR'), None), ('2020-07-06', 'COLAS NORD EST Agence COLAS AMIENS', (144245, 'EUR'), None)]",['Travaux de viabilité'],[353],non,oui
206,20-92072,2020-07-20,2020-08-31,['80'],Mission de conseil et d'assistance à maîtrise d'ouvrage dans le choix d'un contrat de protection sociale complémentaire prévoyance pour les agents du Département de la Somme,mapa,cmp2006,appeloffre,initial,Conseil Départemental de la Somme,80026,Amiens,,['Assurance'],[20],non,non
207,20-92323,2020-07-20,2020-08-21,['80'],RD 938 - Aménagement de chaussée après bordurage dans la traversée de la commune de Crécy-en-Ponthieu de la place Jean de Luxembourg au carrefour de la RD 111 du P.R. 72+940 au P.R. 73+150.,fns,cmp2006,attribution,initial,Conseil Départemental de la Somme,80026,Amiens,"[('2020-07-06', 'EUROVIA PICARDIE', (169762.0, 'EUR'), None)]",['Travaux de viabilité'],[353],non,oui
208,20-92173,2020-07-20,2020-08-21,['80'],"RD 80 - Reprofilages de chaussée et enduits superficiels des communes de Tours-en-Vimeu à Acheux-en-Vimeu (du P.R. 0+000 au P.R. 2+379), d'Acheux-en-Vimeu à Franleu (du P.R. 3+843 au P.R. 7+339)",fns,cmp2006,attribution,initial,Conseil Départemental de la Somme,80026,Amiens,"[('2020-07-06', 'STPA Établissement LHOTELLIER Travaux publics', (269638.69, 'EUR'), None)]",['Travaux de viabilité'],[353],non,oui
209,20-92479,2020-07-20,2020-09-11,['80'],Marché de travaux de rénovation énergétique pour le groupe scolaire de rosières-en-Santerre - Relance des lots infructueux no1 et 6,fns,cmp2006,appeloffre,initial,CC Terre de Picardie,80200,Estrees deniecourt,,"['Couverture', 'Etanchéité', 'Peinture (travaux)', 'Plâtrerie']","[74, 117, 264, 269]",non,non
210,20-92155,2020-07-20,2020-08-20,['80'],fournitures de composteurs à individuels et de bio-seaux,fns,cmp2006,attribution,initial,TRINOVAL,80640,Thieulloy l'abbaye,,"['Conteneur, poubelles']",[71],non,non
211,20-91502,2020-07-20,2020-08-14,['81'],travaux de rénovation du parking des temps modernes : étanchéité asphalte,fns,cmp2006,appeloffre,initial,communauté agglo albigeois,81009,ALBI Cedex,,['Etanchéité'],[117],non,non
212,20-90199,2020-07-20,2020-09-04,['81'],entretien de planches de mobilier urbain - mise en peinture,fns,cmp2006,appeloffre,initial,communauté agglo albigeois,81160,Saint-Juéry,,['Mobilier urbain'],[231],non,non
213,20-92271,2020-07-20,2020-09-03,"['81', '31', '34']",Travaux d'extension de l'installation de stockage des déchets non dangereux de Trifyl - lot 2 électricité et automatisme,fns,cmp2006,appeloffre,initial,TRIFYL,81300,Labessiere candeil,,['Electricité (travaux)'],[105],non,non
214,20-92286,2020-07-20,2020-08-25,['83'],Accord cadre ayant pour objet l'assistance au développement et conduite de projet de dématérialisation de nos processus,fns,cmp2006,appeloffre,initial,Conseil Général du Var,83000,TOULON,,['Informatique (prestations de services)'],[163],non,non
215,20-92500,2020-07-20,2020-07-31,['83'],Fourniture et Maintenance d'un accès Internet fibre et d'un service de téléphonie fixe pour 3 sites,fns,cmp2006,appeloffre,initial,Toulon Var Technologies (TVT),83000,Toulon,,"['Fibre optique', 'Télécommunications', 'Matériel de téléphonie']","[133, 338, 339]",non,non
216,20-92224,2020-07-20,2020-10-17,['83'],"Prestation de création d'un programme d'animations de Noël 2020, pour la Ville de Toulon",mapa,cmp2006,attribution,initial,COMMUNE DE TOULON,83056,Toulon,,['Prestations de services'],[274],non,non
217,20-92499,2020-07-20,2020-08-31,['83'],MAINTENANCE DE SYSTEMES D'OUVERTURE DE PORTES ET DE BARRIERES DE LA COMMUNE DE SANARY SUR MER,fns,cmp2006,appeloffre,initial,COMMUNE DE SANARY SUR MER,83112,Sanary sur Mer,,"['Informatique (prestations de services)', 'Maintenance', 'Porte automatique, portail']","[163, 196, 412]",non,non
218,18-24829,2020-07-20,2020-09-20,['83'],gestion de L'espace alsh de la ville de rocbaron,dsp,dsp,intentionconclure,initial,Commune de Rocbaron,83136,Rocbaron,[],['Mise à disposition de personnel'],[461],non,non
219,20-92279,2020-07-20,2020-08-28,"['83', '6', '13', '84']",Numéro de la consultation : 2020SFC13 Maintenance du parc informatique de la ville de Saint-Maximin-la-Sainte-Baume,fns,cmp2006,appeloffre,initial,COMMUNE DE SAINT MAXIMIN LA STE BAUME,83470,SAINT MAXIMIN LA SAINTE BAUME,,['Informatique (maintenance serveurs et réseaux)'],[454],non,non
220,20-91958,2020-07-20,2020-08-19,['83'],Création d'un rond-point et mise en accessibilité des voiries,fns,cmp2006,attribution,initial,Ville de Trans en Provence,83720,Trans en Provence,,['Voirie'],[365],non,non
221,20-92025,2020-07-20,2020-09-18,"['13', '83']",Accompagnement du MLE (Musique de la Légion Etrangère) au travers des répétitions dispensées par des artistes répétiteurs.,mapa,cmp2006,appeloffre,initial,MINDEF / EMA / DC SCA / PFAF SE,83800,Toulon cedex 09,,"['Instruments de musique', 'Prestations de services', 'Formation']","[166, 274, 410]",non,non
222,20-92367,2020-07-20,2020-07-28,"['84', '4', '13', '83']",Numéro de la consultation : CCFP2009 TRAVAUX D'URGENCE DE REPRISE POST CRUE SUR 15 SITES DU TERRITOIRE DE COTELUB,fns,cmp2006,appeloffre,rectificatif,COMMUNAUTE TERRITORIALE DU SUD LUBERON,84240,LA TOUR D AIGUES,,"['Espaces verts', 'Génie civil', 'Rivières/ruisseaux']","[116, 141, 310]",non,non
223,20-92439,2020-07-20,2020-08-26,['16'],RN141 - Mise à 2x2 voies entre Roumazières-Loubert et Exideuil-sur-VienneContrôle extérieur de consistance des bétons dans le cadre des travaux de construction de deux ouvrages d'art,fns,cmp2006,appeloffre,initial,DREAL Nouvelle Aquitaine,86020,Poitiers,,"[""Ouvrage d'art""]",[252],non,oui
224,20-91961,2020-07-20,2020-08-24,['86'],Rénovation de la piscine de Lencloître (86),fns,cmp2006,appeloffre,initial,CA DE GRAND CHATELLERAULT,86100,Châtellerault,,"['Carrelage', 'Démolition', 'Equipement sportif', 'Menuiserie', 'Peinture (travaux)', 'Piscine', 'Plomberie (travaux)']","[53, 87, 113, 222, 264, 265, 270]",non,non
225,20-92458,2020-07-20,2020-08-19,['86'],""" Travaux de voirie : programme 2021-2023 "".",fns,cmp2006,appeloffre,initial,Com. Com. des Vallées du Clain,86340,La Villedieu du Clain,,['Voirie'],[365],oui,non
226,20-92088,2020-07-20,2020-10-17,['87'],"Vérification et maintenance des portes, portails, rideaux, barrières automatiques et des portes sectionnelles dans le patrimoine de la ville de Limoges, le Centre Communal d'Action Sociale de la",fns,cmp2006,attribution,initial,COMMUNE DE LIMOGES,87031,LIMOGES CEDEX 1,,['Maintenance'],[196],non,non
227,20-91886,2020-07-20,2020-08-24,"['87', '19', '23']",Fourniture et livraison de dispositifs médicaux implantables pour le GHT du Limousin,joue,directive24,appeloffre,initial,CHU DUPUYTREN,87042,Limoges cedex,,['Matériel médical'],[212],non,non
228,20-91918,2020-07-20,2020-09-01,['87'],Maîtrise d'oeuvre pour l'extension de la zone d'activités économiques du bournazaud à saint-priest-sous-aixe.,mapa,cmp2006,appeloffre,initial,Communauté de Communes Val de Vienne,87700,Aixe sur vienne,,"[""Maîtrise d'oeuvre""]",[197],non,non
229,20-92459,2020-07-20,2020-09-18,['87'],Construction d'une halle marchande,fns,cmp2006,appeloffre,initial,Ville d'Aixe sur Vienne,87700,Aixe-sur-vienne,,"['Charpente', 'Couverture', 'Electricité (travaux)', 'Gros oeuvre', 'Occultation']","[57, 74, 105, 144, 414]",non,non
230,20-92252,2020-07-20,2020-09-15,['90'],travaux de fumisterie puor l'usine d'incinération d'ordures ménagères de bourogne,fns,cmp2006,appeloffre,initial,SERTRID,90140,Bourogne,,['Equipement thermique'],[114],non,non
231,20-92342,2020-07-20,2020-09-15,['90'],"contrôle des rejets, impacts sur l'environnement, eaux et vapeurs chaudières, analyses des refiom et mâchefers de l'UIOM de bourogne, et contrôle des eaux résiduaires",fns,cmp2006,appeloffre,initial,SERTRID,90140,Bourogne,,['Prestations de services'],[274],non,non
232,20-92007,2020-07-20,2020-10-17,['91'],TRAVAUX DE RENOVATION DE VOIRIE SUR LE TERRITOIRE DE LA COMMUNE D'EVRY-COURCOURONNES,fns,cmp2006,attribution,initial,COMMUNE DE EVRY COURCOURONNES,91000,EVRY-COURCOURONNES,,['Voirie'],[365],non,non
233,20-92402,2020-07-20,2020-08-24,['91'],Le présent marché a pour objet : L'exécution de transports de patients de pédopsychiatrie à la charge du Centre Hospitalier Sud Francilien.Il s'agit du transport des enfants (de 5 à 14 ans,fns,cmp2006,appeloffre,initial,Centre Hospitalier Sud Francilien,91106,Corbeil essonnes,,['Transport'],[347],non,non
234,20-92028,2020-07-20,2020-08-20,['91'],Marché public de travaux - Procédure adaptée,fns,cmp2006,attribution,initial,COMMUNE DE CONGERVILLE-THIONVILLE,91740,CONGERVILLE-THIONVILLE,"[('2020-07-03', 'ERS MAINE SAS', (239679.83, 'EUR'), None), ('2020-07-03', 'ESSONNE TP', (135099.7, 'EUR'), None)]","['Eclairage public', 'Télécommunications', 'Voirie', 'Voirie et réseaux divers']","[102, 338, 365, 366]",non,non
235,20-92287,2020-07-20,2020-08-26,['91'],"Numéro de la consultation : 202019 Démolition & curage du bâtiment "" ancien centre hospitalier Jacques LACAN "" à Yerres",fns,cmp2006,appeloffre,initial,CA VAL D YERRES VAL DE SEINE,91805,BRUNOY,,['Démolition'],[87],non,oui
236,20-92110,2020-07-20,2020-09-10,['92'],"En 2020, la DGEC souhaite bénéficier d'une prestation d'accompagnement dans la promotion et le développement du Label bas-carbone.L'objectif est que le prestataire puisse promouvoir le",fns,cmp2006,attribution,initial,MEDDTL - DGEC - SD7,92055,Paris la défense cedex,"[('2020-06-12', 'ECO - EMERGENCE', (77000, 'EUR'), None)]",['Prestations de services'],[274],non,non
237,20-92041,2020-07-20,2020-09-04,['92'],Fourniture et installation de sapins et décorations pour les fêtes de fin d'année.,fns,cmp2006,appeloffre,initial,COMMUNE DE CLICHY,92110,Clichy la garenne,,['Espaces verts'],[116],non,oui
238,20-92121,2020-07-20,2020-08-20,['92'],Achat de colis festifs de fin d'année,fns,cmp2006,attribution,initial,CCAS DE MEUDON,92190,Meudon cedex,,['Colis'],[65],non,non
239,20-92496,2020-07-20,2020-09-11,"['93', '75', '92']","Fourniture et installation de rayonnages fixes, de rayonnages mobiles et d'accessoires pour les locaux d'archives de l'université Paris 8",fns,cmp2006,appeloffre,initial,Université Paris 8,93526,Saint-denis,,['Mobilier'],[230],non,oui
240,20-92370,2020-07-20,2020-09-30,['93'],Assistant à Maîtrise d'Ouvrage pour la réalisation des études préalables et l'accompagnement à la mise en oeuvre du rapprochement des organismes HLM du Territoire de Paris Terres d'Envo,fns,cmp2006,appeloffre,initial,OPHLM de Drancy,93700,Drancy,,['Assistance technique'],[19],non,non
241,20-92010,2020-07-20,2020-08-31,"['94', '75', '77', '78']","Le présent marché est un marché de travaux à tranches ayant pour objet la remise en conformité, en sécurité, et en état de fonctionnement des installations électriques BT du CHI Créteil.",fns,cmp2006,appeloffre,rectificatif,HOPITAL INTERCOMMUNAL DE CRETEIL,94010,Créteil,,['Electricité (travaux)'],[105],non,oui
242,20-92117,2020-07-20,2020-08-17,['94'],"Fourniture de différents matériels et matériaux de chauffage, ventilation et plomberie pour les services techniques départementaux, collèges et Bâtiments sociaux culturels.",fns,cmp2006,appeloffre,initial,Département du Val de Marne,94054,Créteil cedex,,['Chauffage (matériel)'],[60],oui,non
243,20-92316,2020-07-20,2020-07-28,['94'],"Prestations de formation continue pour les agents de l' IGN, qu'elles soient sur catalogue ou sur mesure, en inter ou intra entreprise, dans les domaines suivants :Lot 1 : Domaine Relations",fns,cmp2006,attribution,initial,Inst.Nal.Information Géo. & forestière,94165,Saint-mandé,,['Formation'],[410],non,non
244,20-92101,2020-07-20,2020-09-20,"['94', '91']",Prestations de sécurité et de gardiennage,fns,cmp2006,appeloffre,rectificatif,GRAND ORLY SEINE BIEVRE,94398,Orly aérogare,,"['Gardiennage', 'Surveillance']","[138, 331]",non,non
245,20-92348,2020-07-20,2020-09-10,['94'],Mise en accessibilité des bâtiments communaux : mission de maîtrise d'oeuvre.,mapa,cmp2006,appeloffre,initial,Ville de Saint-Maurice,94415,Saint-maurice cedex,,"['Etude', ""Assistance à maîtrise d'ouvrage""]","[118, 433]",non,non
246,20-92160,2020-07-20,2020-09-15,['94'],Numéro de la consultation : 20A004 Nettoyage et réparation des vêtements de travail,fns,cmp2006,appeloffre,initial,COMMUNE DE CHAMPIGNY SUR MARNE,94507,Champigny-sur-Marne,,['Blanchissage'],[36],non,non
247,20-92340,2020-07-20,2020-09-30,"['94', '6', '22', '34']",ACCOMPAGNEMENT DE L?ANSS DANS LES ACTIVITES DE TRANSPORT DE MARCHANDISES DANGEREUSES A LA FOIS EN ASSURANTNLA FONCTION DE CONSEILLER SECURITE DE L?ANSES ET EN ASSURANT LE CONSEILL TECHNIQUE AUX SCI..,fns,cmp2006,appeloffre,rectificatif,ANSES,94701,Maisons-alfort cedex,,['Transport'],[347],non,non
248,20-92267,2020-07-20,2020-08-25,"['95', '75']","Travaux de remplacement des Systèmes de Sécurité Incendie (SSI) existants sur le site universitaire de Saint Martin, intégrant la mise en place de Système de Sonorisation de Sécurité (SSS) permetta..",fns,cmp2006,appeloffre,initial,CY CERGY PARIS UNIVERSITE,95011,Cergy pontoise cedex,,['Sécurité incendie'],[332],non,non
249,20-92165,2020-07-20,2020-10-17,['95'],19TA28- Construction d'une halle sportive d'athlétisme au Stade des Maradas à Pontoise,fns,cmp2006,attribution,initial,CACP,95027,Cergy-Pontoise,"[('2020-07-10', 'ANGEVIN ILE-DE-FRANCE', (679000, 'EUR'), None), ('2020-07-10', 'CASTEL ET FROMAGET', (325000, 'EUR'), None), ('2020-07-10', 'DBS ENTREPRISE', (670000, 'EUR'), None), ('2020-07-10', 'COCHERY ILE-DE-FRANCE', (255679.04, 'EUR'), None), ('2020-07-10', 'SAS ESTRADE', (237378, 'EUR'), None), ('2020-07-10', 'SOMEN', (32964.79, 'EUR'), None), ('2020-07-10', 'KAP CONSTRUCTION', (262602.33, 'EUR'), None), ('2020-07-10', 'POINT SERVICE', (301651.54, 'EUR'), None), ('2020-07-10', 'EIFFAGE ENERGIE SYSTEMES IDF', (148000.05, 'EUR'), None), ('2020-07-10', 'EUROSYNTEC', (121824, 'EUR'), None), ('2020-07-10', 'DIMASPORT SAS', (40293.82, 'EUR'), None), ('2020-07-10', 'SPIE CITYNETWORKS', (498279.3, 'EUR'), None)]",['Equipement sportif'],[113],non,non
250,20-90127,2020-07-20,2020-09-03,"['95', '92']",location et maintenance de fontaines à eau sur réseau et maintenance d'un parc de fontaines à eau sur réseau,fns,cmp2006,appeloffre,initial,Centre Hospitalier d'Argenteuil,95107,Argenteuil,,"['Fontainerie', 'Maintenance', 'Fontaine']","[131, 196, 449]",non,non
251,20-92167,2020-07-20,2020-10-17,['95'],"Numéro de la consultation : 19-MDLB-0027 Le nettoyage des vitres des bâtiments communaux: Ville, CCAS, Syndicat du Stade, Syndicat du Lycée. Consultation lancée par un groupement de commandes composé",fns,cmp2006,attribution,initial,COMMUNE DE DEUIL LA BARRE,95170,DEUIL LA BARRE,"[('2020-07-02', 'Lotis Service Proprete', (140000, 'EUR'), None)]","['Nettoyage de locaux', 'Vitrerie']","[239, 363]",non,non
252,20-92373,2020-07-20,2020-10-17,['95'],Travaux de réhabilitation du centre aquatique de Plaine Oxygène - Lot 2 : Gros-oeuvre - Maçonnerie,fns,cmp2006,attribution,initial,COMMUNAUTE D AGL ROISSY PAYS DE FRANCE,95400,VILLIERS-LE-BEL,"[('2020-07-07', 'SOREB', (412000, 'EUR'), None)]","['Gros oeuvre', 'Maçonnerie']","[144, 195]",non,non
253,20-92052,2020-07-20,2020-07-28,['95'],Convention de participation pour la mise en oeuvre d'une couverture complémentaire de prévoyance aux profits des agents de la Ville de Méry-sur-Oise.,fns,cmp2006,appeloffre,initial,MERY-SUR-OISE,95540,Méry-sur-oise,,['Assurance'],[20],non,non
254,20-92480,2020-07-20,2020-08-18,['971'],La consultation vise à la conclusion de marchés de service de prestations intellectuelles ayant pour objet l'achat de formations au profit de ses conseillers à dominante entreprise.,mapa,cmp2006,appeloffre,initial,Pôle emploi Guadeloupe et Iles du Nord,97139,Abymes,,['Formation'],[410],non,non
255,20-92432,2020-07-20,2020-08-10,['971'],Marché de travaux pour la réalisation de faux-plafond acoustiques dans les salles de classes de l'école Armand Lazard (GOSIER),mapa,cmp2006,appeloffre,initial,Ville de Gosier,97190,Le Gosier,,"['Cloison, faux plafond']",[63],non,non
256,20-92361,2020-07-20,2020-08-10,['971'],Marché de travaux relatif au remplacement des menuiseries extérieures des salles de classe de l'école Armand Lazard à Grande Ravine sur la commune du Gosier,mapa,cmp2006,appeloffre,initial,Ville de Gosier,97190,Le Gosier,,['Vitraux'],[418],non,non
257,20-92223,2020-07-20,2020-08-10,['972'],assurance capital décès,fns,cmp2006,appeloffre,initial,SDIS de la Martinique,97206,Fort-de-France cédex,,['Assurance'],[20],non,non
258,20-92218,2020-07-20,2020-08-21,['973'],Numéro de la consultation : 20.012.M TRAVAUX D'ACCESSIBILITÉ DES BATIMENTS COMMUNAUX,fns,cmp2006,appeloffre,initial,COMMUNE DE CAYENNE,97300,CAYENNE,,['Bâtiment'],[33],non,non
259,20-92444,2020-07-20,2020-10-17,['973'],Numéro de la consultation : CHC/2020_TX_0024 TRAVAUX DE REHABILITATION DES LOCAUX D'HOSPITALISATION DU POLE PSYCHIATRIE,fns,cmp2006,attribution,initial,CENTRE HOSPITALIER DE CAYENNE,97306,CAYENNE CEDEX,,['Plomberie (travaux)'],[270],non,non
260,20-92368,2020-07-20,2020-10-17,['973'],Travaux de rénovation du bâtiment DSP 19 rue Schoelcher CAYENNE,fns,cmp2006,attribution,initial,COLLECTIVITE TERRITORIALE DE GUYANE,97307,CAYENNE,"[('2020-06-12', 'MS-Entreprise', (110393, 'EUR'), None)]","[""Tous corps d'état""]",[345],non,non
261,20-92378,2020-07-20,2020-10-17,['973'],Travaux de couverture au lycée Gaston Monnerville,fns,cmp2006,attribution,initial,COLLECTIVITE TERRITORIALE DE GUYANE,97307,CAYENNE,"[('2020-07-10', 'ENTREPRISE CCE', (106553, 'EUR'), None)]",['Matériel de travaux publics'],[220],non,non
262,20-92487,2020-07-20,2020-08-04,['973'],Fourniture et pose d'une clôture Au collège Élie Castor,fns,cmp2006,appeloffre,initial,COLLECTIVITE TERRITORIALE DE GUYANE,97307,CAYENNE,,"[""Tous corps d'état""]",[345],non,non
263,20-92527,2020-07-20,2020-08-07,['973'],Travaux d'aménagement futur - Immeuble DASP - Site de la MADELEINE,fns,cmp2006,appeloffre,initial,COLLECTIVITE TERRITORIALE DE GUYANE,97307,CAYENNE,,"[""Tous corps d'état""]",[345],non,non
264,20-92504,2020-07-20,2020-08-12,['973'],"Emission, fourniture et livraison de chèques d'accompagnement personnalisé pour le compte de la collectivité territoriale de Guyane",fns,cmp2006,appeloffre,initial,COLLECTIVITE TERRITORIALE DE GUYANE,97307,CAYENNE,,['Prestations de services'],[274],non,non
265,20-92517,2020-07-20,2020-08-05,['973'],MISE AU NORME ET RÉHABILITATION DE L'INSTALLATION ÉLECTRIQUE COLLÈGE VICTOR SCHOELCHER,mapa,cmp2006,appeloffre,initial,COLLECTIVITE TERRITORIALE DE GUYANE,97307,CAYENNE,,"[""Tous corps d'état""]",[345],non,non
266,20-92518,2020-07-20,2020-10-17,['973'],Mission de contrôle technique pour la réhabilitation de l'internat et la construction d'une Halle carbet au lycée BERTEME JUMINER à Saint Laurent du Maroni,mapa,cmp2006,attribution,initial,COLLECTIVITE TERRITORIALE DE GUYANE,97307,CAYENNE,,['Contrôle technique'],[72],non,non
267,20-92519,2020-07-20,2020-10-17,['973'],Mission Coordination Sécurité et Protection de la Santé pour la réhabilitation de l'internat et la Construction de l'extension d'une Halle carbet au lycée BERTEME JUMINER à Saint -Laure,mapa,cmp2006,attribution,initial,COLLECTIVITE TERRITORIALE DE GUYANE,97307,CAYENNE,,['Prestations de services'],[274],non,non
268,20-92526,2020-07-20,2020-08-17,['973'],Travaux de curage pour le réaménagement des berges du Canal Laussat,fns,cmp2006,appeloffre,initial,COLLECTIVITE TERRITORIALE DE GUYANE,97307,CAYENNE,,['Assainissement'],[18],non,non
269,20-92409,2020-07-20,2020-08-21,['973'],MANDAT PUBLIC DE RÉALISATION : Aménagement du carrefour giratoire Malgaches,mapa,cmp2006,appeloffre,initial,Commune de Saint-Laurent du Maroni,97320,SAINT LAURENT DU MARONI,,['Prestations de services'],[274],non,non
270,20-92498,2020-07-20,2020-08-04,['973'],"Climatisation, ventilation, désenfumage et plomberie",fns,cmp2006,appeloffre,initial,CCI de Guyane,97321,Cayenne cedex,,['Climatisation'],[62],non,non
271,20-67993,2020-07-20,2020-09-24,['975'],travaux de réaménagement et d'extension de l'aérogare de l'aéroport saint-pierre pointe-blanche,fns,cmp2006,appeloffre,initial,Service de l'Aviation 975,97500,Saint-Pierre et Miquelon,,"['Bardage', 'Bâtiment', 'Charpente', 'Chauffage (travaux)', 'Climatisation', 'Cloison, faux plafond', 'Couverture', ""Contrôle d'accès"", 'Electricité (travaux)', 'Gros oeuvre', 'Menuiserie', 'Mobilier', 'Peinture (travaux)', 'Plomberie (travaux)', 'Revêtements de sols', 'Ventilation', 'Voirie et réseaux divers']","[30, 33, 57, 61, 62, 63, 74, 81, 105, 144, 222, 230, 264, 270, 308, 360, 366]",non,non
272,20-92247,2020-07-20,2020-08-22,['976'],Travaux portant sur la réalisation de l'extension du système d'assainissement de la station RHI Potéléa en Petite Terre,fns,cmp2006,attribution,initial,Société Mahoraise d'Assainissement,97600,Mamoudzou,,['Assainissement'],[18],non,non
273,20-91914,2020-07-20,2020-08-24,['976'],"Acquisition et maintenance d'un Système d'information budgétaire, financier et comptable",fns,cmp2006,appeloffre,initial,ETS PUB FONCIER ET AMENAGEMENT MAYOTTE,97600,MAMOUDZOU,,"['Informatique (prestations de services)', 'Progiciel', 'Informatique (assistance)']","[163, 283, 453]",non,non
274,20-92524,2020-07-20,2020-07-29,['976'],Travaux de réfection de la voirie communale ABDALLAH Toilibou,fns,cmp2006,appeloffre,rectificatif,COMMUNE DE SADA,97640,sada,,['Voirie'],[365],non,non
