a00_cle_idweb,g04_01_date_publication,g04_03_date_fin_diffusion,g04_07_dep_publication,g04_09_resume_objet,g01_02_01_famille,g01_02_02_perimetre,g01_02_03_nature,g01_02_04_statut,d01_01_denomination,d01_07_cp,d01_08_ville,d08_09_decision_titulaireandRENSEIGNEMENT,g04_052_descripteurs_libelles,g04_051_descripteurs_codes,g04_061_criteres_sociaux,g04_062_criteres_environnementaux
20-85353,2020-07-05,2020-08-04,['1'],"Mission d'ordonnancement, pilotage et coordination (OPC) pour la construction du collège et du gymnase de Saint Didier de Formans",joue,directive24,appeloffre,initial,DEPARTEMENT DE L AIN,01003,BOURG EN BRESSE CEDEX,,"[""Mission d'ordonnancement, pilotage, coordination (OPC)""]",[234],non,non
20-85437,2020-07-05,2020-09-30,['2'],Fournitures Pour Le Magasin,joue,directive24,attribution,initial,COMMUNE DE SAINT QUENTIN,02107,Saint-Quentin,,"['Matériaux de construction', 'Outillage', 'Quincaillerie (articles)']","[198, 251, 291]",non,non
20-85880,2020-07-05,2020-08-26,['2'],"Exploitation des installations de chauffage, de ventilation, de production d'eau chaude sanitaires et de traitement d'eau du CH de Ham",joue,directive24,appeloffre,initial,CENTRE HOSPITALIER GENERAL ST QUENTIN,02321,Saint quentin,,['Chauffage (travaux)'],[61],non,non
20-86029,2020-07-05,2020-08-26,['2'],Marché de services d'assurance,joue,directive24,appeloffre,initial,Groupe ephese,02350,LIESSE NOTRE DAME,,['Assurance'],[20],non,non
20-85620,2020-07-05,2020-08-28,"['2', '59', '62', '80', '60', '8', '51']",Gestion des déchets ménagers et assimilés-.,joue,directive24,appeloffre,initial,COM DE COMMUNES PORTES THIERACHE,02360,ROZOY-SUR-SERRE,,"['Assainissement', 'Collecte sélective', 'Informatique (prestations de services)', 'Ordures ménagères (prestations)']","[18, 82, 163, 249]",non,oui
20-85529,2020-07-05,2020-09-30,['3'],Exécution des services de Transports Scolaires du réseau de transport interurbain de l'Allier,joue,directive24,attribution,initial,DEPARTEMENT DE L ALLIER,03016,Moulins,,['Transport'],[347],non,non
20-85836,2020-07-05,2020-08-17,['3'],"Exécution de transports individuels avec des véhicules légers sur le secteur de Vichy ,pour le compte du Département de l'Allier",joue,directive24,appeloffre,initial,DEPARTEMENT DE L ALLIER,03016,Moulins,,['Transport'],[347],non,non
20-85915,2020-07-05,2020-07-27,"['3', '63']",fourniture et livraison de repas en liaison froide à destination des restaurants scolaires municipaux,joue,directive24,appeloffre,initial,MAIRIE DE BELLERIVE SUR ALLIER,03700,Bellerive-sur-Allier,,['Restauration collective'],[66],non,non
20-85428,2020-07-05,2020-08-20,['6'],Maintenance des équipements de cuisine du Crous Nice-Toulon,joue,directive24,appeloffre,initial,CROUS NICE-TOULON,06300,Nice,,['Cuisine (équipement)'],[77],non,non
20-85941,2020-07-05,2020-07-13,['6'],"Embellissement des rues Foch, Vagliano et du 24 août- Phase 1 : Réfection de la rue du Maréchal Foch",joue,autre,rectificatif,rectificatif,COMMUNE DE CANNES,06406,Cannes,,"['Eclairage public', 'Espaces verts', 'Voirie']","[102, 116, 365]",non,oui
20-85750,2020-07-05,2020-08-03,['6'],Embellissement de l'avenue de Grasse (Section giratoire des Broussailles / 250 avenue de Grasse)- Phase 2,joue,directive24,appeloffre,initial,COMMUNE DE CANNES,06406,Cannes,,"['Eclairage public', 'Voirie et réseaux divers']","[102, 366]",non,non
20-85370,2020-07-05,2020-09-02,['6'],Prestation d'assurance Dommage-Ouvrage pour l'extension et la réhabilitation de l'école Jean Moulin,joue,directive24,attribution,initial,Ville d'Antibes Juan-les-Pins,06606,Antibes cedex,"[('2020-07-02', ""Société Aixoise de Gestion d'Assurances représentant l'assureur AXA France IARD/AXA Assurances IARD mutuelle"", (35510.29, 'EUR'), ""Prestation d'assurance dommage-ouvrage pour l'extension et la réhabilitation de l'école Jean Moulin"")]",['Prestations de services'],[274],non,non
20-85359,2020-07-05,2020-09-07,['6'],"Missions de conseil dans le domaine de l'architecture, de l'urbanisme et de l'aménagement",joue,directive24,appeloffre,initial,Ville d'Antibes Juan-les-Pins,06606,Antibes cedex,,"['Assistance technique', 'Prestations de services']","[19, 274]",non,non
20-85452,2020-07-05,2020-08-31,"['9', '31', '11']","Mission de suivi-animation de l'ORT-OPAH-RU multisites de la Communauté de Communes des Portes d'Ariège-Pyrénées sur les centres urbains de Pamiers, Saverdun et Mazères",joue,directive24,appeloffre,initial,CC DES PORTES D ARIEGE PYRENEES,09100,PAMIERS,,['Ingénierie'],[455],non,non
20-67288,2020-07-05,2020-09-08,['10'],"Désinsectisation, désinfection et dératisation des parties privatives et parties communes sur divers groupes du patrimoine de troyes habitat (10)",joue,directive24,appeloffre,initial,OPH Troyes Habitat,10000,Troyes,,"['Dératisation, désinsectisation']",[89],non,non
20-82969,2020-07-05,2020-09-03,['12'],"Fourniture et livraison de livres, documents sonores et dvd films - 5 lots",joue,directive24,appeloffre,initial,Conseil Départemental de l AVEYRON,12000,Rodez,,"['Cd, DVD', 'Livres']","[45, 184]",non,non
20-85801,2020-07-05,2020-08-04,['12'],routes departementales surveillance des ponts inspections detaillees,joue,directive24,appeloffre,initial,Conseil Départemental de l AVEYRON,12450,Flavin,,"[""Ouvrage d'art""]",[252],non,non
20-85958,2020-07-05,2020-12-01,['34'],"Marché de conception-réalisation pour la démolition-reconstruction d'une résidence sociale en vue de la reconstruction sur le même site d'une résidence sociale, à Montpellier (34090)",joue,directive24,appeloffre,initial,Adoma,13001,Marseille,,"['Bâtiment', 'Gros oeuvre']","[33, 144]",non,non
20-85480,2020-07-05,2020-08-31,['13'],POSE ET DEPOSE DE MOBILIER URBAIN,joue,directive24,appeloffre,initial,METROPOLE D AIX MARSEILLE PROVENCE,13007,Marseille,,['Voirie'],[365],non,non
20-85700,2020-07-05,2020-09-04,['13'],PRESTATIONS D'ENTRETIEN ET DE MAINTENANCE DE L'ECLAIRAGE PUBLIC SUR LES ZONES D'ACTIVITES ECONOMIQUE DU TERRITOIRE DU PAYS SALONAIS ET DU TERRITOIRE DU PAYS DE MARTIGUES,joue,directive24,appeloffre,initial,METROPOLE D AIX MARSEILLE PROVENCE,13007,Marseille,,['Eclairage public'],[102],non,non
20-85196,2020-07-05,2020-08-04,['13'],"Fourniture de pièces détachées pour tracteurs de marques claas et renault et de leurs équipements jaguar, sma, maschio sur le territoire marseille provence",joue,directive24,appeloffre,initial,METROPOLE D AIX MARSEILLE PROVENCE,13007,Marseille,,['Pièces détachées'],[266],non,non
20-85930,2020-07-05,2020-08-03,['13'],Mission De Controle Technique De La Construction / Diagnostic,joue,directive24,appeloffre,initial,GRAND PORT MARITIME DE MARSEILLE,13226,Marseille,,['Contrôle technique'],[72],non,non
20-85893,2020-07-05,2020-08-20,"['13', '84']","Accord-cadre à bons de commande relatif à la fourniture de denrées alimentaires pour la DIMEF du Département des Bouches du Rhône/relance des lots 4,5,6,8 et 9",joue,directive24,appeloffre,initial,CONSEIL DEPARTEMENTAL 13,13256,Marseille,,"['Denrées alimentaires', ""Produits de l'agriculture""]","[88, 276]",non,non
20-85730,2020-07-05,2020-08-07,['13'],Fourniture de consommables alimentaires et divers à usage unique pour l'AP-HM,joue,directive24,appeloffre,initial,CENTRE HOSPITALIER REG DE MARSEILLE,13354,Marseille cedex 05,,['Cuisine (équipement)'],[77],non,non
20-85670,2020-07-05,2020-10-01,['6'],Concession pour l'exploitation du réseau de transports non urbains de voyageurs dans les Alpes-Maritimes pour la Région Provence-Alpes-Côte d'Azur,joue,directive23,appeloffre,initial,Région Provence Alpes Côte d'Azur,13481,Marseille,,"['Prestations de services', 'Transport']","[274, 347]",non,oui
20-85420,2020-07-05,2020-08-07,['13'],Accord-cadre à bon de commande pour la fourniture de carburants et prestations associées et pour la fourniture de fioul domestique ordinaire pour le village d'entreprises,joue,directive24,appeloffre,initial,Communauté d'Agglomération ACCM,13637,Arles,,"['Carburant, hydrocarbure']",[52],non,non
20-85905,2020-07-05,2020-08-30,['13'],2020.14,joue,directive25,appeloffre,initial,FACONEO,13685,Aubagne cedex,,"['Prestations de services', 'Ingénierie']","[274, 455]",non,non
20-85544,2020-07-05,2020-08-11,['13'],Fourniture et livraison de titres restaurant,joue,directive24,appeloffre,initial,FACONEO,13685,Aubagne,,['Titres restaurant'],[416],non,non
20-85489,2020-07-05,2020-09-21,['50'],Services de transports scolaires organisés par la Région Normandie sur le territoire de la Manche hors communauté d'agglomération,joue,directive24,attribution,initial,Région Normandie,14035,CAEN,,['Transport'],[347],non,non
20-85391,2020-07-05,2020-08-02,['14'],Travaux de restructuration du gymnase du collège F. Léger à LIVAROTRelance lot 3 : Menuiseries intérieures - Acoustique,joue,directive24,attribution,initial,DEPARTEMENT DU CALVADOS,14035,CAEN cedex 1,"[('2020-06-25', 'MENUISERIE LOUISE', (89404, 'EUR'), 'Menuiseries intérieures - Acoustique')]",['Menuiserie'],[222],non,non
20-85482,2020-07-05,2020-09-21,['14'],Aménagement intérieur et fourniture de mobilier administratif pour les sites régionaux et les établissements publics locaux d'enseignement,joue,directive24,attribution,initial,Région Normandie,14035,CAEN,"[('2020-06-04', 'LYRECO FRANCE', (1100000, 'EUR'), 'Aménagement et fourniture de mobilier administratif'), ('2020-06-04', 'VASSARD OMB MOBILIER', (560000, 'EUR'), 'Aménagement et fourniture de mobilier pour les lieux de vie et espaces communs'), ('2020-06-04', 'ERGOSANTE OUEST', (200000, 'EUR'), 'Aménagement et fourniture de mobilier et matériel adaptés')]",['Mobilier'],[230],non,non
20-85653,2020-07-05,2020-09-28,['76'],Missions de repérage amiante et/ou plomb dans les bâtiments régionaux ou autres bâtiments objets de projets ou études - Missions d'élaboration ou de mise à jour DTA - Lot 5 Seine Maritime Ouest,joue,directive24,attribution,initial,Région Normandie,14035,CAEN,"[('2020-06-10', 'AC ENVIRONNEMENT', (160000, 'EUR'), 'Seine Maritime')]","['Amiante (diagnostic)', 'Amiante (désamiantage)']","[431, 479]",non,non
20-85846,2020-07-05,2020-09-03,['15'],Fourniture de pneumatiques et prestations associées pour le département du Cantal,joue,directive24,appeloffre,initial,Conseil départemental du Cantal,15000,Aurillac,,['Pneumatiques'],[271],non,non
20-85581,2020-07-05,2020-08-03,['17'],PRESTATION DE TRANSPORT VAGUEMESTRE ET DISTRIBUTION DE PLIS MEDICAUX POUR LE GHT ATLANTIQUE 17,joue,directive24,appeloffre,initial,CH GPE HOSP DE LA ROCHELLE RE AUNIS,17019,La rochelle,,['Boîtes aux lettres'],[41],non,non
20-85843,2020-07-05,2020-08-05,['17'],Fournitures De Sources Lumineuses D'Eclairage Public Et D'Appareillages D'Eclairage PublicLot 1 : Sources Lumineuses D'Eclairage PublicLot 2 : Appareillages D'Eclairage,joue,directive24,appeloffre,initial,VILLE LA ROCHELLE,17086,La Rochelle,,['Eclairage public'],[102],non,non
20-85429,2020-07-05,2020-07-15,['17'],Assurance dommages aux biens,joue,autre,rectificatif,rectificatif,CA ROCHEFORT OCEAN,17304,Rochefort,,['Assurance'],[20],non,non
20-85412,2020-07-05,2020-08-21,['19'],Rénovation des systèmes audiovisuels de la salle Ceyrac - Fourniture et installation de systèmes audiovisuels,joue,directive24,appeloffre,initial,DEPARTEMENT DE LA CORREZE,19005,Tulle cedex,,['Audiovisuel'],[22],non,non
20-85970,2020-07-05,2020-08-02,['20A'],Réalisation d'un bâtiment communal à Sagone,joue,directive24,appeloffre,initial,COMMUNE DE VICO,20160,Vico,,['Bâtiment'],[33],non,non
20-85756,2020-07-05,2020-09-30,"['20A', '20B']",Travaux acrobatiques de maintenance des ouvrages en terre,joue,directive24,attribution,initial,COLLECTIVITE DE CORSE,20187,Ajaccio,"[('2020-06-05', 'Societe Corse Travaux', (1000000, 'EUR'), 'Haute Corse Nord : Régions de Bastia - Calvi Cap Corse - Bastia - Biguglia Borgo - Casinca- Fiumaltu Ile Rousse Calvi'), ('2020-06-05', 'Societe Corse Travaux', (1000000, 'EUR'), 'Haute Corse Sud : Régions du Centre - Sud Golo Morosaglia Nord Golo Morosaglia Sud - Corte - Venaco Castagniccia Ghisonaccia Nord Ghisonaccia Sud - Fiumorbu Castellu'), ('2020-06-05', 'Apex Travaux Speciaux', (1000000, 'EUR'), 'Corse du Sud Nord : Sevi -Sorru-Crozzini secteur littoral Sevi-Sorru-Crozzini secteur montagne Secteur Gravona Ajaccio-Cruzzini Secteur Prunelli Secteur Taravo'), ('2020-06-05', 'Peretti Travaux Speciaux', (1000000, 'EUR'), 'Corse du Sud : Sartenais / Valinco / Petreto Alta Rocca Porto Vecchio / Sainte Lucie Grand Sud')]",['Travaux de viabilité'],[353],non,oui
20-85757,2020-07-05,2020-09-30,['20B'],Etudes relatives à des infrastructures routières sur le territoire de Corse,joue,directive24,attribution,initial,COLLECTIVITE DE CORSE,20187,Ajaccio,"[('2020-06-04', 'Gpt egis villes et transports (mandataire)/Rocca é Terra/Cabinet Blasini', (15000000, 'EUR'), None), ('2020-06-04', 'Artelia', (15000000, 'EUR'), None), ('2020-06-04', 'Gpt Intervia Etudes (mandataire)/Cetec Ingenierie Et Conseil', (15000000, 'EUR'), None), ('2020-06-04', 'Gpt Ingevia (mandataire)/Arcadis Esg/Sas Mci', (15000000, 'EUR'), None)]",['Etude'],[118],non,non
20-85951,2020-07-05,2020-09-30,['20B'],Entretien courant des routes en zone amiantifère - Relance des lots 4 (Castagniccia - Golo Morosaglia Sud ) et 5 (Fiumorbu-Castello,joue,directive24,attribution,initial,COLLECTIVITE DE CORSE,20187,Ajaccio,,['Voirie'],[365],non,non
20-85950,2020-07-05,2020-09-30,['20B'],Entretien courant des routes en zone amiantifère,joue,directive24,attribution,initial,COLLECTIVITE DE CORSE,20187,Ajaccio,,['Voirie'],[365],non,non
20-85949,2020-07-05,2020-09-30,"['20A', '20B']",Travaux de signalisation horizontale sur les routes de la Collectivité de Corse,joue,directive24,attribution,initial,COLLECTIVITE DE CORSE,20187,Ajaccio,"[('2020-06-24', 'Codivep', (600000, 'EUR'), 'Haute Corse - Routes départementales et territoriales'), ('2020-06-24', 'Codivep', (600000, 'EUR'), 'Corse du Sud - Agence de Sartène - Extrême Sud - Routes départementales et territoriales')]","['Signalisation', 'Travaux de viabilité']","[322, 353]",non,oui
20-84431,2020-07-05,2020-08-31,['20B'],construction d'un groupe scolaire et d'un espace polyvalent sur la commune de lumio,joue,directive24,attribution,initial,COMMUNE DE LUMIO,20260,Lumio,,"['Gros oeuvre', 'Terrassement', 'Voirie', 'Voirie et réseaux divers']","[144, 341, 365, 366]",non,non
20-85778,2020-07-05,2020-08-10,['20A'],Fourniture et pose de signalisation et signalétique,joue,directive24,appeloffre,initial,Commune de Porto-Vecchio,20537,Porto-vecchio,,"['Nettoyage urbain', 'Signalisation']","[240, 322]",non,non
20-85855,2020-07-05,2020-09-30,"['21', '52']",appel d'offres ouvert no 2014 : fourniture de denrées alimentaires pour les établissements de santé du groupement hospitalier de territoire (ght) 21-52 (rectificatif),joue,autre,rectificatif,rectificatif,CHU de Dijon Bourgogne,21000,Dijon Cedex,,['Denrées alimentaires'],[88],non,oui
20-85676,2020-07-05,2020-09-15,['22'],Maintenance d'équipements de laboratoire,joue,directive24,appeloffre,initial,CENTRE HOSPITALIER SAINT BRIEUC,22027,Saint-Brieuc,,"['Laboratoire (matériel)', 'Maintenance']","[188, 196]",non,non
20-85674,2020-07-05,2020-09-11,['22'],Maintenance d'équipements divers,joue,directive24,appeloffre,initial,CENTRE HOSPITALIER SAINT BRIEUC,22027,Saint-Brieuc,,"['Maintenance', 'Matériel médical']","[196, 212]",non,non
20-85782,2020-07-05,2020-07-24,['22'],marché d'exploitation des installations thermiques et d'eau chaude sanitaire des bâtiments communaux de la ville de dinan (rectificatif),joue,autre,rectificatif,rectificatif,Ville de Dinan,22104,Dinan,,['Prestations de services'],[274],non,non
20-85043,2020-07-05,2020-09-15,['22'],"acquisition matériel de traitement, matériels roulants de transport & caissons pour 2020. lots no2 à 8",joue,directive24,attribution,initial,SMITRED Ouest d'Armor,22140,Pluzunet,,"['Benne', 'Equipement industriel', 'Matériel agricole, horticole', 'Véhicules (acquisition)']","[34, 112, 200, 475]",non,non
20-85702,2020-07-05,2021-01-01,['24'],Nettoyage des locaux et de la vitrerie du bâtiment des Organismes Sociaux du Périgord (U.I.O.S.P),joue,directive24,appeloffre,initial,UIOSS PERIGUEUX,24011,Périgueux,,"['Nettoyage de locaux', 'Prestations de services']","[239, 274]",non,non
20-85896,2020-07-05,2020-11-02,"['25', '21']",Location entretien des vêtements professionnels du CROUS de Bourgogne Franche-Comté,joue,directive24,appeloffre,initial,CROUS DE BESANCON,25001,Besancon cedex 1,,"['Blanchissage', 'Textile']","[36, 343]",non,oui
20-85733,2020-07-05,2020-08-08,['71'],RCEA - branche sud - Paray/Charolles Aménagement à 2x2 voies du PR 17+200 au PR 25+870 EX RN 79 (Future RD 979) - Travaux de Finition,joue,directive24,appeloffre,initial,DREAL BFC/SG/DAJCP,25005,Besançon cedex,,"['Bâtiment', 'Voirie']","[33, 365]",non,oui
20-85911,2020-07-05,2020-09-01,['70'],DREALBFC-20-RN19-PSS-DR,joue,directive24,appeloffre,initial,DREAL BFC/SG/DAJCP,25005,BESANÇON CEDEX,,['Glissières de sécurité'],[142],oui,oui
20-85629,2020-07-05,2020-08-03,['25'],"Missions De Contrôle Technique De Bâtiments Du Patrimoine Du Département Du Doubs : Opérations De Construction, Réhabilitation Ou Restructuration Et Avis Techniques Ponctuels Hors",joue,directive24,appeloffre,initial,DEPARTEMENT DU DOUBS,25031,Besancon Cedex,,"['Bâtiment', 'Contrôle technique']","[33, 72]",non,non
20-85534,2020-07-05,2020-09-10,['25'],Prestations d'accueil et de fonctionnement des déchetteries du SYBERT,joue,directive24,appeloffre,initial,SYBERT,25043,BESANCON,,['Déchetterie (exploitation)'],[405],non,non
20-85981,2020-07-05,2020-08-03,['26'],Marché N°202051 Collecte en apport volontaire et transport des matériaux recyclables secs et du verre,joue,directive24,appeloffre,initial,VALENCE ROMANS SUD RHONE-ALPES,26000,Valence,,['Collecte sélective'],[82],non,non
20-84152,2020-07-05,2020-08-06,"['27', '61']","mise à dispo gratuite phacoémulsifcateurs, installations, mises en services, maintenances, formations et fournitures de consommables associés",joue,directive24,appeloffre,initial,GHT ESPO - CH Eure-Seine Etab. support,27015,evreux cedex,,"['Consommables médicaux', 'Matériel médical']","[69, 212]",non,non
20-85506,2020-07-05,2020-08-13,['27'],Concours restreint de Maitrise d'oeuvre pour l'Aménagement des Espaces Publics Paysagers de la liaison piétonne Nord-Sud de la ville de Val de Reuil,joue,directive24,appeloffre,initial,DIRPJJ,27200,Vernon,,"['Espaces verts', 'Mobilier urbain', 'Travaux de viabilité', 'Voirie']","[116, 231, 353, 365]",non,non
20-85435,2020-07-05,2020-07-16,"['27', '76']",Nettoyage de qualité écologique de divers bâtiments de la communauté d'agglomération seine-eure (rectificatif),joue,autre,rectificatif,rectificatif,COMMUNAUTE D AGGLOMERATION SEINE EURE,27405,LOUVIERS CEDEX,,['Nettoyage de locaux'],[239],non,non
20-85463,2020-07-05,2020-09-24,"['29', '56']","Prestations topographiques et foncières pour la Ville de Quimper, Quimper Bretagne Occidentale et le SIVALODET",joue,directive24,appeloffre,initial,Ville de Quimper,29107,QUIMPER Cedex,,['Prestations de services'],[274],non,non
20-85343,2020-07-05,2020-08-03,['29'],2019DAAEEMOBILIERSBOIS,joue,directive24,attribution,initial,Département du Finistère,29196,Quimper cedex,"[('2020-07-02', 'Office National des Forêts', (300000, 'EUR'), 'Fourniture et pose de mobiliers bois sur les propriétés départementales')]",['Mobilier'],[230],non,oui
20-85862,2020-07-05,2020-08-07,['29'],Fourniture de dispositifs médicaux spécifiques à la stérilisation pour le Groupement de commandes de produits de santé du Finistère,joue,directive24,appeloffre,initial,CH REG ET UNVT DE BREST,29609,Brest cedex,,['Consommables médicaux'],[69],non,non
20-85507,2020-07-05,2020-08-10,['30'],Fourniture D'Un Autoclave Pour Laboratoire Nsb3 Et Maintenance Associee,joue,directive24,appeloffre,initial,GHT Cévennes-Gard-Camargue,30029,Nimes,,"['Maintenance', 'Matériel de stérilisation']","[196, 218]",non,non
20-85689,2020-07-05,2020-09-11,['30'],"Approvisionnement, gestion et assistance technique pour la fabrication et la distribution de repas en liaison froide du GIP du Bassin Sanitaire Alésien",joue,directive24,appeloffre,initial,GIP DU BASSIN SANITAIRE ALESIEN,30103,ALES,,['Assistance technique'],[19],non,non
20-85589,2020-07-05,2020-08-18,['30'],Marché de maîtrise d'oeuvre pour la réhabilitation du Bâtiment administratif de l'ancien hôpital du Grau Du Roi,joue,directive24,appeloffre,initial,SPL 30,30904,Nimes cedex 9,,['Ingénierie'],[455],non,non
20-56144,2020-07-05,2020-09-08,"['31', '34', '32', '81', '46', '82']","rn 112 - déviation longue de saint-alby - etudes hydrauliques et dossier loi sur l""eau",joue,directive24,appeloffre,initial,RPA DREAL Languedoc-R - Midi-Pyrenées,31074,Toulouse,,"['Etude', ""Assistance à maîtrise d'ouvrage"", 'Ingénierie']","[118, 433, 455]",non,non
20-85887,2020-07-05,2020-08-04,['31'],MARCHE N°2020-010 : FOURNITURE ET INSTALLATION D'UNE CHAINE LASER A IMPULSIONS FEMTOSECONDES ET LONGUEUR D'ONDE ACCORDABLE DANS LE VISIBLE,joue,directive24,attribution,initial,INSA de Toulouse,31077,Toulouse cedex 4,"[('2020-06-30', 'NKT PHOTONICS A/S', (165690, 'EUR'), ""Fourniture et installation d'une chaîne laser à impulsions femtosecondes et longueur d'onde accordable dans le visible"")]","['Equipements spécialisés', 'Laboratoire (matériel)']","[115, 188]",non,non
20-85058,2020-07-05,2021-01-03,['31'],Extension et restructuration partielle du Collège des Ponts Jumeaux - MOE,joue,directive24,appeloffre,initial,Conseil Départemental Haute-Garonne,31090,TOULOUSE,,"[""Maîtrise d'oeuvre""]",[197],non,non
20-85530,2020-07-05,2020-09-30,['31'],19m289ao - Ncp/Jm -Location D'Une Pelle Mecanique Avec Chauffeur Pour Le Centre De Transfert De Daturas Annees 2020 A 2024,joue,directive24,attribution,initial,TOULOUSE METROPOLE,31505,Toulouse,"[('2020-07-03', 'Atouts Investissements 31', (136080, 'EUR'), None)]",['Machines-outils'],[194],non,non
20-85509,2020-07-05,2020-08-03,['31'],"Numéro de la consultation : 20v0066aoo - Etudes De Diagnostic, Prealables Aux Restaurations Des Eglises Saint Jerome Et Saint Pierre Des Chartreux Ms-Lm",joue,directive24,appeloffre,initial,COMMUNE DE TOULOUSE,31505,Toulouse,,['Etude'],[118],non,non
20-85841,2020-07-05,2020-09-11,['31'],20v0131aoo-Ncp-Sm/Location De Minibus 9 Places Sans Chauffeur Annees 2020 A 2021 -,joue,directive24,appeloffre,initial,COMMUNE DE TOULOUSE,31505,Toulouse,,['Véhicules (location)'],[474],non,oui
20-85969,2020-07-05,2020-09-04,['11'],20OCC17L,joue,directive24,appeloffre,initial,CCI Occitanie,31701,Blagnac cedex,,"['Nettoyage de locaux', 'Vitrerie']","[239, 363]",non,non
20-85803,2020-07-05,2020-08-24,['31'],Marché d'exploitation et de maintenance des installations thermiques du SDIS 31,joue,directive24,appeloffre,initial,SDIS de la Haute-Garonne,31772,Colomiers,,['Maintenance'],[196],non,non
20-85667,2020-07-05,2020-08-06,['33'],Analyse de la performance globale des entreprises industrielles de la Région Nouvelle-Aquitaine dans le cadre du plan régional 'Usine du futur 2022',joue,directive24,attribution,initial,Région Nouvelle Aquitaine,33000,Bordeaux,"[('2020-07-02', 'OPEO', (2774478, 'EUR'), ""Analyse de la performance globale des entreprises industrielles de la Région Nouvelle-Aquitainedans le cadre du plan régional 'Usine du futur 2022'"")]",['Etude'],[118],non,non
20-85375,2020-07-05,2020-08-03,['33'],"Location et installation de chapiteaux, stands et mobiliers annexes pour le Salon Lire en Poche à Gradignan",joue,directive24,attribution,initial,Ville de Gradignan,33173,Gradignan cedex,"[('2020-06-19', ""SARL LIGN'EXPO"", (60000, 'EUR'), 'Location et installation de mobiliers'), ('2020-06-19', 'SASU GL EVENTS LIVE GRAND OUEST', (140000, 'EUR'), 'Location et installation de stands'), ('2020-06-19', 'SASU GL EVENTS LIVE GRAND OUEST', (280000, 'EUR'), 'Location et installation de chapiteaux')]",['Location (matériels)'],[185],non,non
20-85609,2020-07-05,2020-09-30,['33'],"audit du processus achats/ marchés du Chu de Bordeaux et du Ght Alliance Gironde, l'élaboration d'un plan d'actions et son accompagnement",joue,directive24,attribution,initial,CHU DE BORDEAUX,33400,Talence,"[('2020-06-22', 'Kpmg', (210000, 'EUR'), None)]",['Assistance technique'],[19],non,non
20-85935,2020-07-05,2020-08-04,['33'],Assistance à la Maîtrise d'Ouvrage pour la conduite de projets de valorisation du patrimoine Hôpital de Saint-André - Chu de Bordeaux,joue,directive24,appeloffre,initial,CHU DE BORDEAUX,33400,Talence,,"[""Assistance à maîtrise d'ouvrage""]",[433],non,non
20-85669,2020-07-05,2020-09-15,['33'],Prestations d'interprétariat et de traduction au profit du Ght Alliance de Gironde,joue,directive24,appeloffre,initial,CHU DE BORDEAUX,33400,Talence,,['Prestations de services'],[274],non,non
20-85648,2020-07-05,2020-11-23,['33'],Fourniture et livraison de 35 convertisseurs de puissance,joue,autre,rectificatif,rectificatif,CNRS Délégation Aquitaine,33402,Talence cedex,,['Matériel de précision'],[215],non,non
20-85485,2020-07-05,2020-09-04,"['33', '24']",Fourniture de fluides médicaux et prestations associées,joue,directive24,appeloffre,initial,UGECAM d'Aquitaine,33520,Bruges,,['Gaz médicaux'],[140],non,non
20-85367,2020-07-05,2020-07-20,['34'],"prestations de tétésurveillance, intervention de sûreté et sécurité du territoire de montpellier méditerranée (rectificatif)",joue,autre,rectificatif,rectificatif,Montpellier Méditerranée Métropole,34267,Montpellier Cedex 2,,"['Surveillance', 'Télésurveillance']","[331, 415]",non,non
20-85613,2020-07-05,2020-09-03,['34'],Prestations d'interprétariat oral en langues étrangères,joue,directive24,attribution,initial,CHU DE MONTPELLIER,34295,Montpellier cedex 5,"[('2020-06-22', 'ISM Interprétariat', (250000, 'EUR'), ""PRESTATIONS D'INTERPRETARIAT ORAL EN LANGUES ETRANGERES"")]",['Prestations de services'],[274],non,non
20-74871,2020-07-05,2020-07-31,['35'],maîtrise d'oeuvre pour le projet d'aménagement des espaces de travail et des locaux communs au siège de la carsat bretagne.,joue,directive24,appeloffre,initial,Carsat Bretagne,35030,Rennes,,"[""Maîtrise d'oeuvre""]",[197],non,non
20-85871,2020-07-05,2020-08-04,['35'],"Maintenance, fourniture et pose d'extincteurs mobiles et des systèmes de sécurité incendie",joue,directive24,appeloffre,initial,Ville de Rennes,35031,RENNES CEDEX,,"['Chauffage (exploitation, entretien)', 'Maintenance']","[59, 196]",non,non
20-85548,2020-07-05,2020-08-05,['36'],"Mission de maîtrise d-oeuvre pour la réfection des tours et narthex de l-église Saint-André à Châteauroux - Eglise Saint André, Châteauroux",joue,directive24,appeloffre,initial,VILLE DE CHATEAUROUX,36012,Châteauroux cedex,,"[""Maîtrise d'oeuvre""]",[197],non,non
20-85991,2020-07-05,2020-08-07,['37'],Travaux de réhabilitation de 455 logements et de deux bâtiments annexes -Résidence Saint-François à Tours,joue,directive24,appeloffre,initial,LIGERIS,37000,Tours,,"[""Tous corps d'état""]",[345],non,non
20-85606,2020-07-05,2020-09-30,['38'],"Mission d'Ordonnancement, Pilotage et de Coordination dans le cadre de la réhabilitation du collège Chartreuse à Saint Martin le Vinoux",joue,directive24,attribution,initial,DEPARTEMENT DE L ISERE,38022,Grenoble,"[('2020-06-23', 'Sarl Ccg', (73305, 'EUR'), None)]","[""Mission d'ordonnancement, pilotage, coordination (OPC)""]",[234],non,non
20-85433,2020-07-05,2020-07-31,['38'],Accord cadre à bons de commande pour des travaux de rénovation des chaussées métropolitaines,joue,autre,rectificatif,rectificatif,GRENOBLE-ALPES METROPOLE,38031,Grenoble,,['Voirie'],[365],oui,non
20-85660,2020-07-05,2020-07-15,"['38', '26']","Location et maintenance des solutions d'impression, de numérisation et prestations associées",joue,autre,rectificatif,rectificatif,Institut polytechnique de Grenoble,38031,Grenoble cedex 1,,['Informatique (matériel)'],[162],non,non
20-85978,2020-07-05,2020-07-20,['38'],Mise en place des fonctionnalités transport en commun du Pass'Mobilités (Maas de l'aire grenobloise),joue,directive25,appeloffre,initial,SMMAG Mobilités de l'Aire Grenobloise,38031,Grenoble,,['Informatique (prestations de services)'],[163],non,non
20-85438,2020-07-05,2020-09-30,['38'],Mission de maîtrise d'oeuvre dans le cadre de la restructuration de commerces de la place de l'Arlequin,joue,directive24,attribution,initial,GRENOBLE-ALPES METROPOLE,38031,Grenoble,"[('2020-02-25', 'Atelier B Architecte', (320120, 'EUR'), None)]","[""Maîtrise d'oeuvre""]",[197],non,non
20-85834,2020-07-05,2020-09-04,['38'],2019T169,joue,directive24,attribution,initial,CTRE HOSPITALIER UNVT GRENOBLE,38043,Grenoble cedex 09,,['Véhicules'],[359],non,non
20-85828,2020-07-05,2020-09-04,['38'],Travaux De Voirie Sur Le Territoire Capi - Periode 2020 à 2024 - Accord Cadre A Bons De Commande,joue,directive24,appeloffre,initial,COMMUNAUTE D AGL PORTE DE L ISERE,38081,L'Isle D'Abeau,,['Voirie'],[365],non,non
20-85758,2020-07-05,2020-08-03,"['38', '69', '26']",Avis attribution marché public de prestation de services location et entretien d'article textiles EHPAD Moirans,joue,directive24,attribution,initial,EHPAD,38430,MOIRANS,"[('2020-06-17', 'KALHYGE', (1, 'EUR'), 'LOCATION ET ENTRETIEN ARTICLES TEXTILES')]",['Blanchissage'],[36],non,non
20-85444,2020-07-05,2020-08-03,['38'],Construction de la caserne de Corrençon-en-Vercors,joue,directive24,attribution,initial,SDIS de l'Isère,38600,Fontaine,,['Bâtiment'],[33],oui,oui
20-85760,2020-07-05,2020-09-03,['41'],"acquisition, installation et mise en service d'un automate permettant la détection automatique des hémocultures - fourniture de réactifs/consommables et maintenance associées",joue,directive24,appeloffre,initial,Centre Hospitalier de Blois,41016,BLOIS,,['Automate'],[402],non,non
20-85952,2020-07-05,2020-08-04,['41'],Groupement De Commandes Relatif A La Maintenance Des Equipements De Fermeture Des Sites Du Conseil Departemental De Loir-Et-Cher Et Du Service Departemental D'Incendie Et De Secour,joue,directive24,appeloffre,initial,CONSEIL DEPARTEMENTAL DE LOIR-ET-CHER,41020,Blois,,['Maintenance'],[196],non,oui
20-85854,2020-07-05,2020-09-30,['41'],Transport Des Dechets Menagers Residuels Et Recyclables,joue,directive24,appeloffre,initial,SMIEEOM,41140,Seigy,,['Transport'],[347],non,non
20-85954,2020-07-05,2020-08-24,"['42', '75']","Prestations de rédaction, transcription et de relecture.",joue,directive24,appeloffre,initial,EN3S,42000,SAINT-ETIENNE,,['Edition'],[104],non,non
20-85999,2020-07-05,2020-08-03,['42'],Location de véhicules sans chauffeurs sans carburant,joue,directive24,appeloffre,initial,Ville de Saint-Etienne,42007,Saint Etienne,,['Véhicules (location)'],[474],non,non
20-85564,2020-07-05,2020-09-07,['42'],Impression de documents et supports de communication pour les besoins de l'EN3S,joue,directive24,appeloffre,initial,EN3S,42031,SAINT ETIENNE cédex 2,,"['Impression', 'Imprimés']","[160, 161]",non,non
20-86022,2020-07-05,2020-09-04,['42'],DAL-DAH 2020-23 fourniture d'articles textiles pour le nettoyage des locaux : bandeaux de lavage et lavettes non tissées.,joue,directive24,appeloffre,initial,CHU SAINT ETIENNE,42055,Saint etienne cedex 02,,['Textile'],[343],non,non
20-85455,2020-07-05,2020-08-10,['44'],"collecte et transfert des déchets ménagers et assimilés, et gestion du bas de quai des déchèteries",joue,directive24,appeloffre,initial,Cté de Cnes CHATEAUBRIANT-DERVAL,44110,CHATEAUBRIANT,,"['Ordures ménagères (prestations)', 'Déchetterie (exploitation)']","[249, 405]",non,non
20-85612,2020-07-05,2020-10-04,['44'],Mise à disposition des emballages et collecte des déchets d'activités de soins à risques infectieux et assimilés des Pays de la Loire,joue,directive24,appeloffre,initial,CTRE HOSP UNIVERSITAIRE ANGERS,44150,Ancenis,,['Prestations de services'],[274],non,non
20-85713,2020-07-05,2020-08-03,"['44', '49', '85', '56']",fourniture de repas en liaison froide dans les restaurants scolaires de la ville de pornic,joue,directive24,attribution,initial,Commune de Pornic,44210,PORNIC,"[('2020-07-03', 'SAS RESTORIA', (1400000, 'EUR'), 'FOURNITURE DE REPAS EN LIAISON FROIDE DANS LES RESTAURANTS SCOLAIRES DE LA VILLE DE PORNIC')]",['Restauration collective'],[66],non,non
20-85696,2020-07-05,2020-11-01,['44'],délégation de service public pour l'exploitation des ports de pornic,joue,directive23,appeloffre,initial,syndicat mixte des ports de L-A,44600,Saint-Nazaire,,['Installation portuaire'],[165],non,non
20-85677,2020-07-05,2020-08-03,['45'],Fourniture de dispositifs médicaux et de médicaments à destination des pharmacies à usage intérieur des Sdis de la Région Centre Val de Loire et du Sdis de la Nièvre,joue,directive24,appeloffre,initial,SDIS du Loiret,45404,Fleury les Aubrais,,"[""Matériel de secours et d'incendie""]",[217],non,non
20-85538,2020-07-05,2020-09-04,['46'],Fourniture de denrées alimentaires pour le groupement de commandes 'Monnerville',joue,directive24,appeloffre,initial,Lycée Gaston Monnerville,46000,Cahors,,"['Denrées alimentaires', ""Produits de l'agriculture"", 'Surgelés']","[88, 276, 330]",non,non
20-85844,2020-07-05,2020-08-21,"['46', '82', '31', '47', '12', '24']",prestations de service d'assurance pour le groupement hospitalier de territoire du lot,joue,directive24,appeloffre,initial,Centre Hospitalier de Cahors,46000,CAHORS,,['Assurance'],[20],non,non
20-86006,2020-07-05,2020-08-17,"['47', '24', '33', '31', '32', '82', '81']",SE2020-02,joue,directive24,appeloffre,initial,SYND MIXTE VALORISATION TRAITEMENT DEC,47160,Damazan,,['Déchets non ménagers (prestations)'],[404],non,non
20-85446,2020-07-05,2020-09-10,['49'],"Fourniture, livraison et gestion de titres-restaurant dématérialisés",joue,directive24,appeloffre,initial,CA SAUMUR VAL DE LOIRE,49408,Saumur Cedex,,['Titres restaurant'],[416],oui,oui
20-82291,2020-07-05,2020-08-19,['51'],2020-31CA STRATEGIE DE COMMUNICATION DANS LE CADRE DE CAP ZERO DECHETS 2030 - Phase candidature,joue,directive24,appeloffre,initial,CA EPERNAY COTEAUX ET PLAINE CHAMPAGNE,51200,Epernay,,"['Etude', 'Publicité, Communication']","[118, 285]",non,non
20-85804,2020-07-05,2020-09-23,"['51', '8', '10', '52']",Acquisition d'un microspectrophotomètre,joue,directive24,appeloffre,initial,Université de Reims Champagne Ardenne,51724,Reims cedex,,['Equipements spécialisés'],[115],non,non
20-85587,2020-07-05,2020-07-30,['53'],Fourniture de fruits et légumes frais pour les établissements du GHT 53,joue,directive25,attribution,initial,Centre Hospitalier de Laval (53),53015,Laval Cedex,"[('2020-06-23', 'TERRE AZUR POMONA', (115000, 'EUR'), 'Fourniture de fruits et légumes frais pour les établissements du GHT 53'), ('2020-06-23', 'ESTIVIN - BONAFRUITS', (115000, 'EUR'), 'Fourniture de fruits et légumes frais pour les établissements du GHT 53')]",['Denrées alimentaires'],[88],non,non
20-85646,2020-07-05,2020-08-03,"['54', '57', '88', '55']",20B23,joue,directive24,attribution,initial,Université de Lorraine,54000,Nancy,"[('2020-05-26', 'SCIENTA OMICRON', (500000, 'EUR'), ""Acquisition, livraison, installation, mise en ordre de marche, formation et garantie d'un microscope à effet tunnel (STM), à basse température et sous champ magnétique"")]",['Equipements spécialisés'],[115],non,non
20-85821,2020-07-05,2020-08-07,"['54', '25', '57', '51', '67']","Fourniture, pose/dépose de signalisation verticale, y compris la signalisation lumineuse, pour le réseau routier de la DIR Est",joue,directive24,appeloffre,initial,direst,54021,Nancy cedex,,['Panneaux'],[261],oui,oui
20-78769,2020-07-05,2020-08-31,['54'],fourniture et livraison de produits d'hygiène et d'entretien,joue,directive24,attribution,initial,Métropole du Grand Nancy,54035,NANCY CEDEX,"[('2020-05-05', 'GROUPE PIERRE LEGOFF', (11934.24, 'EUR'), ""Produits d'hygiène de nettoyage courant, matériels et sacs poubelle""), ('2020-05-05', 'GROUPE PIERRE LEGOFF', (30889.58, 'EUR'), ""Consommables d'essuyage et savon"")]","['Droguerie', 'Hygiène (articles)', ""Produits d'entretien""]","[95, 153, 278]",non,non
20-85872,2020-07-05,2020-09-15,['56'],"GESTION DU PAIEMENT DES PRESTATIONS SOCIALES SOUS FORME DE CHÈQUES EMPLOI SERVICE UNIVERSELS (CESU), DE CHÈQUES ACCOMPAGNEMENT PERSONNALISÉ (CAP) ET DE CARTES DE DÉBIT - RELANCE LOT 1 SANS SUITE",joue,directive24,appeloffre,initial,DEPARTEMENT DU MORBIHAN,56009,VANNES CEDEX,,"['Impression', 'Informatique (prestations de services)']","[160, 163]",non,non
20-85914,2020-07-05,2020-08-03,['56'],Travaux de reconstruction du Centre hospitalier de Josselin,joue,directive24,attribution,initial,CENTRE HOSPITALIER BRETAGNE ATLANTIQUE,56017,Vannes cedex,,"['Bâtiment', 'Cuisine (équipement)', 'Gros oeuvre', 'Mobilier', ""Ouvrage d'infrastructure"", 'Plomberie (travaux)', ""Tous corps d'état""]","[33, 77, 144, 230, 253, 270, 345]",oui,oui
20-85632,2020-07-05,2020-09-30,['57'],Fourniture de caméras et de commutateurs,joue,directive24,attribution,initial,Ville de Metz,57036,Metz,"[('2020-07-02', 'Ineo Infracom', (90000, 'EUR'), 'Fourniture de caméras'), ('2020-07-02', 'Arp France', (120000, 'EUR'), 'Fourniture de commutateurs')]",['Informatique (matériel)'],[162],non,non
20-85983,2020-07-05,2020-08-03,"['57', '54', '88']","Fourniture de matériels de plomberie, sanitaire, chauffage",joue,directive24,appeloffre,initial,MOSELIS OPH MOSELLE,57071,Metz,,['Plomberie (travaux)'],[270],non,non
20-85977,2020-07-05,2020-09-07,['57'],"Réalisation d'éléments de maîtrise d'oeuvre dans le cadre de projets d'assainissement et de renaturation/restauration des cours d'eau, diagnostics, dossiers police de l'eau, s",joue,directive24,appeloffre,initial,METZ METROPOLE,57071,Metz,,['Réseaux divers'],[306],non,non
20-85551,2020-07-05,2020-07-31,['57'],Exécution de tournées quotidiennes pour le transport de courrier et de colis entre les sites de la CPAM de Moselle,joue,directive24,attribution,initial,CPAM de Moselle,57751,Metz cedex 9,"[('2020-06-19', 'TCS', (75120, 'EUR'), 'Exécution de tournées quotidiennes pour le transport de courrier et decolis entre les sites de la CPAM de Moselle')]",['Transport'],[347],non,oui
20-85474,2020-07-05,2020-09-03,['59'],"Acquisition, droit de déploiement des licences et support pour les logiciels ESRI et prestations associées",joue,directive24,attribution,initial,SDIS 59,59026,Lille Cedex,"[('2020-06-19', 'Esri France', (535000.0, 'EUR'), 'Acquisition, droit de déploiement des licences et support pour les logiciels ESRI et prestations associées')]",['Logiciel'],[186],non,non
20-85917,2020-07-05,2020-09-04,['59'],"Mission d'études, de conception muséographique et d'accompagnement pour l'exposition "" Expérience Goya "" au Palais des Beaux-Arts de Lille",joue,directive24,appeloffre,initial,Ville de Lille,59033,Lille cedex,,['Equipement muséographique'],[409],non,non
20-85378,2020-07-05,2020-08-04,['59'],Fourniture et livraison sur sites de produits de la métallurgie,joue,autre,rectificatif,rectificatif,Voies navigables de France,59034,Lille Cédex,,['Acier'],[3],non,oui
20-85566,2020-07-05,2020-07-11,"['59', '62']",Démolition et reconstruction du CER de Poix du Nord,joue,directive24,attribution,initial,SECRETARIAT GAL DU MIN DE LA JUSTICE,59043,Lille cedex,,"[""Maîtrise d'oeuvre""]",[197],non,non
20-85719,2020-07-05,2020-11-10,"['59', '62']",Fournitures alimentaires,joue,directive24,appeloffre,initial,MAIRIE D ANNOEULLIN,59112,Annoeullin,,"['Restauration collective', 'Denrées alimentaires']","[66, 88]",non,non
20-85552,2020-07-05,2020-08-03,['59'],"Rénovation d'une piste d'athlétisme sur le site du Stade des Ormes, 23 rue de Lompret, à Lomme (59160).",joue,directive24,attribution,initial,Ville de Lille,59160,Lomme,"[('2020-06-25', 'POLYTAN FRANCE SAS', (325759.3, 'EUR'), ""Rénovation d'une piste d'athlétisme sur le site du Stade des Ormes"")]",['Terrain de sport'],[342],non,non
20-85071,2020-07-05,2020-09-16,['59'],"AOO 2020-1054 à 1059 fourniture, installation et mise en service d'équipement électroménager professionnel",joue,directive24,appeloffre,initial,Centre hospitalier de Valenciennes,59322,Valenciennes,,"['Electroménager', 'Télévision', 'Ventilation']","[108, 340, 360]",non,non
20-85686,2020-07-05,2020-08-21,['59'],Conception et réalisation du nouveau poste transmanche RORO 6 en remplacement du poste RORO 1 du GPMD,joue,autre,rectificatif,rectificatif,Grand Port Maritime de Dunkerque,59386,Dunkerque cedex 01,,"[""Ouvrage d'infrastructure""]",[253],non,non
20-85785,2020-07-05,2020-07-11,['59'],Services d'externalisation de courriers par éditique de la Maison de l'Autonomie du Nord,joue,directive24,attribution,initial,mdph59,59650,Villeneuve d'ascq,,['Prestations de services'],[274],non,non
20-85649,2020-07-05,2020-09-15,['59'],Missions d'études géotechniques et environnementales avec sondages et essais pour l'ensemble des directions de la MEL et les services de SOURCEO,joue,directive24,appeloffre,initial,METROPOLE EUROPEENNE DE LILLE,59800,Lille,,"['Etude', 'Prestations de services', 'Signalisation', 'Voirie et réseaux divers']","[118, 274, 322, 366]",non,non
20-85884,2020-07-05,2020-09-11,['60'],diffusion du magazine departemental de l'oise et de supports de communication pour des operations ponctuelles (rectificatif),joue,autre,rectificatif,rectificatif,Conseil Départemental de l'Oise,60000,Beauvais,,['Prestations de services'],[274],non,non
20-84276,2020-07-05,2020-08-13,['60'],renforcements structurels et renovation des chaussees du departement de l'oise et de leurs dependances a base d'enrobe chaud,joue,directive24,appeloffre,initial,Département de l'Oise,60000,Beauvais,,"['Génie civil', 'Matériaux routiers', 'Terrassement', 'Travaux de viabilité', 'Voirie']","[141, 199, 341, 353, 365]",non,oui
20-84706,2020-07-05,2020-08-24,['60'],mise en place d'un contrat collectif d'assurance assorti d'une convention de participation portant sur le risque prévoyance,joue,directive24,appeloffre,initial,Conseil Départemental de l'Oise,60000,Beauvais,,['Assurance'],[20],non,non
20-85514,2020-07-05,2020-08-26,['60'],Accord-Cadre De Fourniture De Ramettes De Papier,joue,directive24,appeloffre,initial,GPTAGGLO/VILLE/CCAS/OT,60005,Beauvais,,['Papeterie'],[262],non,non
20-77613,2020-07-05,2020-09-03,['60'],fourniture et livraison de repas pour les restaurants scolaires et les centres de loisirs,joue,directive24,attribution,initial,Ville de Creil,60109,Creil cedex,"[('2020-07-02', 'SA API RESTAURATION', (624248.5, 'EUR'), None)]","['Restauration collective', 'Denrées alimentaires', 'Repas, traiteur']","[66, 88, 304]",non,oui
20-85418,2020-07-05,2020-12-31,['60'],concours restreint de maîtrise d'oeuvre pour l'opération de reconstruction du bâtiment a et réhabilitation du bâtiment h de l'université de technologie de compiègne,joue,directive24,attribution,initial,Université de Technologie de Compiègne,60203,Compiegne,,"[""Maîtrise d'oeuvre""]",[197],non,non
20-85863,2020-07-05,2020-08-06,['62'],Projet de réfection des toitures de l'Abbaye Saint Vaast,joue,directive24,appeloffre,initial,COMMUNE D ARRAS,62000,Arras,,['Charpente'],[57],non,oui
20-85818,2020-07-05,2020-09-10,['62'],Ddfip62v2huissiers2020,joue,directive24,appeloffre,initial,DDFIP DU PAS DE CALAIS,62000,Arras,,['Prestations de services'],[274],non,non
20-82903,2020-07-05,2020-09-17,['62'],"acquisition de micro-ordinateurs compatibles pc, composants internes, accessoires et prestations associées",joue,directive24,appeloffre,initial,Conseil départemental du Pas-de-Calais,62018,Arras cedex 9,,['Informatique (matériel)'],[162],non,non
20-85897,2020-07-05,2020-07-31,['62'],"Concession de service public pour l'exploitation centre aquatique et de loisirs "" l'ABC de l'Hesdinois """,joue,autre,rectificatif,rectificatif,Communauté de Communes des 7 Vallées,62140,Hesdin,,['Piscine'],[265],non,non
20-85545,2020-07-05,2020-09-01,['62'],Fourniture de véhicules et engins roulants destinés au service déchets de la CA2BM,joue,directive24,attribution,initial,CA DES DEUX BAIES EN MONTREUILLOIS,62170,MONTREUIL-SUR-MER,"[('2020-04-14', 'packmat system', (94012, 'EUR'), 'compacteur mobile'), ('2020-06-22', 'MAN TRUCK', (199324, 'EUR'), 'chåssis poids lourd porteur multi bennes'), ('2020-06-22', 'PB ENVIRONNEMENT', (79951, 'EUR'), 'camion miçni-bennes 3t5'), ('2020-06-22', 'SEMAT', (165000, 'EUR'), 'benne ordures ménagères 26 tonnes'), ('2020-06-22', 'SEMAT', (106420, 'EUR'), 'benne ordures ménagères 10 m3'), ('2020-04-14', 'segarp sas', (40710, 'EUR'), 'véhicule utilitaire avec hayon et caisson')]",['Véhicules'],[359],non,non
20-85424,2020-07-05,2020-09-15,['62'],Réalisation d'impressions pour les services de la Capso,joue,directive24,appeloffre,initial,CA DU PAYS DE SAINT OMER,62968,Longuenesse,,"['Impression', 'Objet publicitaire']","[160, 464]",non,oui
20-85607,2020-07-05,2020-09-30,['63'],Animation d'un programme d'intérêt général habitat indigne sur le territoire de Clermont Auvergne Métropole,joue,directive24,attribution,initial,Clermont Auvergne Métropole,63007,Clermont-Ferrand,"[('2020-06-22', 'Urbanis', (900000, 'EUR'), None)]",['Etude'],[118],non,non
20-85510,2020-07-05,2020-08-06,['64'],Acquisition et maintenance des divers outils de reprographie de l'ensemble des sites de la Communauté d'Agglomération Pays Basque,joue,directive24,appeloffre,initial,CA DU PAYS BASQUE,64185,Bayonne Cedex,,['Reprographie'],[305],non,non
20-85856,2020-07-05,2020-09-30,['64'],Marché de conception réalisation pour la construction d'un bâtiment dédié à l'école d'ingénieurs Isalab à Anglet,joue,directive24,attribution,initial,CA DU PAYS BASQUE,64185,Bayonne Cedex,"[('2020-06-03', 'Eiffage Construction Pays Basque Landes', (10654381, 'EUR'), None)]",['Bâtiment'],[33],non,non
20-85891,2020-07-05,2020-08-26,['65'],"Groupement de commandes pour l'acheminement et la fourniture d'électricité, regroupant 206 entités, publiques et privées",joue,directive24,appeloffre,initial,Cie Aménagement Côteaux de Gascogne,65004,Tarbes cedex,,"['Electricité, gaz (fourniture)']",[443],non,non
20-85747,2020-07-05,2020-09-01,['66'],Rd 914 - Aménagement de chaussée et mise en sécurité entre Port-vendres et Paulilles du Pr 30 + 875 au Pr 31 + 745,joue,directive24,appeloffre,initial,DEPARTEMENT DES PYRENEES-ORIENTALES,66906,Perpignan,,"[""Ouvrage d'art""]",[252],oui,non
20-85533,2020-07-05,2020-09-30,['66'],Acquisition d'heures d'accueil-enfants en crèche multi accueil sur le quartier Saint Martin,joue,directive24,attribution,initial,COMMUNE DE PERPIGNAN,66931,Perpignan Cedex,"[('2020-06-29', 'Mutualité Française Grand Sud', (603206, 'EUR'), None)]","['Prestations de services', ""Aire d'accueil""]","[274, 430]",non,non
20-85395,2020-07-05,2020-08-18,['67'],"Prise en charge, transport et traitement des pneus usés collectés en dépôts sauvages sur le territoire de leurométropole de Strasbourg",joue,directive24,appeloffre,initial,Eurométropole de Strasbourg,67076,STRASBOURG CEDEX,,['Pneumatiques'],[271],non,non
20-85315,2020-07-05,2020-08-18,['67'],"Conception, réalisation et pose et dépose de diverses signalétiques",joue,directive24,appeloffre,initial,Eurométropole de Strasbourg,67076,STRASBOURG CEDEX,,"['Publicité, Communication']",[285],non,non
20-85902,2020-07-05,2020-09-30,"['67', '57']",AO NERO2 - DISPOSITIFS MEDICAUX A USAGE UNIQUE POUR NEURORADIOLOGIE 2 - 2019,joue,directive24,attribution,initial,HOPITAUX UNIVERSITAIRES DE STRASBOURG,67091,Strasbourg cedex,"[('2020-03-02', 'ABBOTT MEDICAL FRANCE', (78673, 'EUR'), 'Retenu pour le lot 54'), ('2020-03-02', 'MEDTRONIC FRANCE SAS', (306000, 'EUR'), 'Retenu pour le lot 21'), ('2020-03-02', 'MERIT MEDICAL', (49000, 'EUR'), 'Retenu pour le lot 14'), ('2020-03-02', 'MICROVENTION EUROPE', (30628, 'EUR'), 'Retenu au lot 31'), ('2020-03-02', 'PENUMBRA FRANCE', (665000, 'EUR'), 'Retenu pour le lot 8 et 59')]",['Consommables médicaux'],[69],non,non
20-85355,2020-07-05,2020-07-27,['67'],"Prestations de services de sécurité incendie et assistance à personne,",joue,directive25,appeloffre,initial,Aéroport de Strasbourg-Entzheim,67960,ENTZHEIM,,['Sécurité incendie'],[332],non,non
20-84848,2020-07-05,2020-08-03,['68'],renouvellement 2020 de l'infrastructure informatique de m2a habitat,joue,directive24,appeloffre,initial,m2A HABITAT,68071,MULHOUSE Cedex,,"['Informatique (matériel)', 'Informatique (maintenance serveurs et réseaux)']","[162, 454]",non,non
20-85956,2020-07-05,2020-08-10,['68'],Exploitation des stations d'épuration et des ouvrages équipant le réseau d'assainissement,joue,directive24,appeloffre,initial,Communauté de Communes SUNDGAU,68130,ALTKIRCH,,"[""Station d'épuration (exploitation)""]",[335],non,non
20-85361,2020-07-05,2020-09-02,['68'],fournitures et livraison de titres restaurants au bénéfice des agents de la ville de saint-louis et du ccas,joue,directive24,appeloffre,initial,Ville de Saint-Louis,68300,Saint-louis,,['Titres restaurant'],[416],non,non
20-85615,2020-07-05,2020-12-31,"['69', '75']","Le présent contrat, a pour objet la réalisation de prestations d'abonnement à des revues françaises et étrangères pour le compte des établissements bénéficiaires de l'accord-cadre",joue,directive24,appeloffre,initial,UniHA GCS,69003,Lyon,,['Abonnement'],[2],non,non
20-86031,2020-07-05,2020-08-05,['69'],"Conduite, maintenance, dépannage des installations de génie climatique de l'Auditorium Maurice Ravel",joue,directive24,appeloffre,initial,Ville de Lyon,69205,Lyon cedex 01,,"['Chauffage (exploitation, entretien)', 'Climatisation', 'Maintenance']","[59, 62, 196]",non,non
20-85770,2020-07-05,2020-08-17,"['69', '83']",FORMATIONS CONTINUES POUR LES HOSPICES CIVILS DE LYON,joue,directive24,appeloffre,initial,CHU Lyon,69373,Lyon cedex 08,,"['Abris', 'Formation']","[1, 410]",non,non
20-85647,2020-07-05,2020-09-04,['69'],UNIHA_1COLL_P0001_Fourniture de Médicaments Hémostatiques,joue,directive24,attribution,initial,CHU Lyon,69373,Lyon cedex 08,"[('2020-07-02', 'JOHNSON & JOHNSON MEDICAL', (1798608.3, 'EUR'), ""Colle biologique à base de fibrinogène et de thrombine humaine, statut médicament, présentation congelée, y compris tout dispositif et accessoire d'aide à la préparation et à l'application"")]",['Produits pharmaceutiques'],[280],non,non
20-85723,2020-07-05,2020-09-15,"['69', '83']",APPEL D'OFFRES OUVERT POUR LA FOURNITURE DE DISPOSITIFS MEDICAUX IMPLANTABLES POUR LA CHIRURGIE CRANIO MAXILLO FACIALE ET MISE A DISPOSITION DES ANCILLAIRES ASSOCIES,joue,directive24,appeloffre,initial,CHU Lyon,69373,Lyon cedex 08,,"['Abris', 'Abonnement']","[1, 2]",non,non
20-85916,2020-07-05,2020-08-01,"['69', '63', '42', '43', '1', '73', '74', '38', '7']","Prestation d'impression, façonnage, diffusion et livraison de supports de communication",joue,directive24,attribution,initial,Agence Régionale de Santé (ARS),69418,Lyon cedex 3,,['Impression'],[160],non,non
20-85616,2020-07-05,2020-07-21,['69'],Fourniture de Sous-vêtements d'intervention (SVI) pour les sapeurs-pompiers: caleçons longs et t-shirts manches longues.,joue,autre,rectificatif,rectificatif,SCE DEP METROPOLITAIN INCENDIE SECOURS,69421,LYON Cedex 03,,['Habillement'],[150],non,non
20-85011,2020-07-05,2020-09-03,['69'],rds - aménagement des terrasses de la presqu'île à lyon - travaux -lot 2 : soutènement / gros oeuvre- lot 3 : travaux sur ouvrages et parements en pierre.,joue,directive24,attribution,initial,Métropole de Lyon,69505,Lyon cedex 03,,"['Fondations spéciales', 'Gros oeuvre', 'Maçonnerie', 'Mur de soutènement', 'Monuments historiques', ""Ouvrage d'infrastructure"", 'Ouvrage métallique', 'Ouvrage hydraulique', 'Revêtements muraux', ""Travaux dans l'eau""]","[129, 144, 195, 233, 236, 253, 254, 255, 309, 349]",non,non
20-85562,2020-07-05,2020-08-31,['71'],Extension de la Maison Départementale des Solidarités (MDS) à CHALON-SUR-SAONE,joue,directive24,appeloffre,initial,Conseil Général de Saône-et-Loire,71026,Mâcon cedex 9,,"['Bardage', 'Bâtiment', 'Carrelage', 'Charpente', 'Electricité (travaux)', 'Etanchéité', 'Gros oeuvre', 'Isolation', 'Menuiserie', 'Peinture (travaux)', 'Plâtrerie', 'Plomberie (travaux)', 'Revêtements de sols', ""Tous corps d'état""]","[30, 33, 53, 57, 105, 117, 144, 169, 222, 264, 269, 270, 308, 345]",non,non
20-85459,2020-07-05,2020-09-07,['71'],MISSION de SUIVI-ANIMATION et d'EVALUATION de l'Opération Programmée d'Amélioration de l'Habitat de la Communauté de Communes Bresse Louhannaise Intercom',joue,directive24,attribution,initial,CC BRESSE LOUHANNAISE INTERCOM,71500,Louhans,"[('2020-06-12', 'Soliha jura saone et loire', (434700, 'EUR'), ""Mission de suivi-animation et d'évaluation de l'Opération Programmée d'Amélioration de l'Habitat de la Communauté de Communes Bresse Louhannaise Intercom'"")]","['Prestations de services', 'Ingénierie']","[274, 455]",non,non
20-85442,2020-07-05,2020-09-30,['72'],"Fourniture d'électricité et prestations de service associées, du 1er janvier 2021 au 31 décembre 2021 - Sites du segment C5, Bt inférieur ou égal à 36 kva",joue,directive24,attribution,initial,Le Mans Métropole - Communauté Urbaine,72039,Le Mans,"[('2020-06-16', 'Engie', (2947580, 'EUR'), None)]","['Electricité, gaz (fourniture)']",[443],non,non
20-85349,2020-07-05,2020-08-21,['73'],Balayage de chaussée avec aspiration - 4 lots,joue,directive24,appeloffre,initial,DEPARTEMENT DE LA SAVOIE,73018,Chambery,,['Voirie'],[365],non,non
20-85602,2020-07-05,2020-08-05,['73'],Fournitures administratives bureau,joue,directive24,appeloffre,initial,Communauté d'Agglomération ARLYSERE,73207,Albertville Cedex,,"['Articles de bureau et articles scolaires', 'Papeterie']","[16, 262]",non,non
20-85792,2020-07-05,2020-08-03,['73'],202006_MOE_EHPADAIG // Projet de construction,joue,directive24,appeloffre,initial,EHPAD LES BELLES SAISONS,73220,AIGUEBELLE,,['Prestations de services'],[274],non,non
20-85839,2020-07-05,2020-08-04,['74'],accord-cadre de maîtrise d'oeuvre dans le cadre de diverses opérations de travaux de l'epsm74,joue,directive24,appeloffre,initial,Centre Hospitalier Alpes Léman,74130,Contamie sur Arve,,"[""Maîtrise d'oeuvre""]",[197],non,non
20-85531,2020-07-05,2020-09-30,['74'],Conception et livraison de repas pour les Etablissements d'Accueil du Jeune Enfant (Eaje) de la Communauté de Communes du Genevois,joue,directive24,attribution,initial,Communauté de Communes du Genevois,74166,St Julien En Genevois Cedex,"[('2020-07-02', 'Leztroy', (136404, 'EUR'), None)]",['Restauration collective'],[66],non,non
20-85610,2020-07-05,2020-09-03,['75'],Achat et maintenance d'un système de téléphonie sur IP abonnement téléphonique ainsi que de la location en Data Center,joue,directive24,attribution,initial,CNBF Caisse Nationale des Barreaux Fra,75001,Paris,,"['Abonnement', 'Informatique (prestations de services)', 'Prestations de services', 'Matériel de téléphonie']","[2, 163, 274, 339]",non,non
20-85771,2020-07-05,2020-08-14,['75'],Fourniture de mobiliers de bureau pour le Syctom,joue,directive24,appeloffre,initial,Syctom,75001,Paris,,['Mobilier'],[230],non,non
20-85394,2020-07-05,2020-09-20,['75'],Appel d'offres ouvert pour l'exploitation du centre de tri des collectes sélectives du Syctom à Sevran,joue,directive24,appeloffre,initial,Syctom,75001,Paris,,"['Prestations de services', 'Déchetterie (exploitation)']","[274, 405]",non,non
20-85486,2020-07-05,2020-07-20,['75'],Marché de service de prestations de nettoyage,joue,directive24,attribution,initial,SPL PARISEINE,75004,Paris,,['Nettoyage de locaux'],[239],non,non
20-85973,2020-07-05,2020-07-31,['75'],Fourniture de matériel scientifique pour le suivi télémétrique de poissons,joue,directive24,appeloffre,initial,Museum National d'Histoire Naturelle,75005,PARIS,,"['Laboratoire (matériel)', 'Télécommunications']","[188, 338]",non,non
20-85927,2020-07-05,2020-07-31,['75'],"Conseil et assistance en matière de droit social, de la fonction publique, de droit de la concurrence et droit européen, de réglementation bancaire, financière et d'émissions de ti",joue,directive24,appeloffre,initial,CAISSE DES DEPOTS,75007,Paris,,['Assistance juridique'],[434],non,non
20-85592,2020-07-05,2020-08-03,['75'],"Conception et réalisation d'une bibliothèque numérique déclinable sur smartphone, tablette, écran totem, ordinateur pour la Caisse des Dépôts",joue,directive24,appeloffre,initial,CAISSE DES DEPOTS,75007,Paris,,"['Prestations de services', 'Progiciel']","[274, 283]",non,non
20-85980,2020-07-05,2020-09-01,['75'],Prestation de service relative à une solution technique de Paiement Instantané et d'Echange Interbancaire,joue,directive24,appeloffre,initial,CAISSE DES DEPOTS,75007,Paris,,"['Informatique (prestations de services)', 'Logiciel', 'Prestations de services', 'Progiciel']","[163, 186, 274, 283]",non,non
20-85490,2020-07-05,2020-08-20,['75'],Évacuation et étude de vitraux de la cathédrale Notre-Dame de Paris,joue,directive24,appeloffre,initial,RNDP,75007,Paris,,['Prestations de services'],[274],non,non
20-85728,2020-07-05,2020-08-04,"['75', '77', '78', '91', '92', '93', '94', '95', '60']",MISE EN PLACE DU PROGRAMME FRANCE SERVICES : AUDITS ET CONTROLES QUALITÉ DES STRUCTURES PROPOSÉES A LA LABELLISATION,joue,directive24,appeloffre,initial,Agence nationale cohésion territoires,75007,Paris,,"['Audit', 'Prestations de services']","[21, 274]",non,non
20-85388,2020-07-05,2020-08-03,['75'],Marché d'hébergement du Dossier Pharmaceutique et des services associés 2020,joue,directive24,attribution,initial,Conseil National Ordre Des Pharmaciens,75008,PARIS,"[('2020-06-02', 'DOCAPOSTE', (22035719, 'EUR'), ""Marché d'hébergement du Dossier Pharmaceutique et des services associés 2020"")]",['Informatique (prestations de services)'],[163],non,non
20-85808,2020-07-05,2020-10-16,['75'],Equipements discrets,joue,directive24,appeloffre,initial,SAELSI,75008,Paris cedex 08,,['Télécommunications'],[338],non,non
20-85886,2020-07-05,2020-08-03,"['92', '75']",ACCORD-CADRE RELATIF A LA LOCATION-MAINTENANCE AVEC OPTION D'ACHAT D'UN APPAREIL DE CHROMATOGRAPHIE GAZEUSE COUPLE A LA SPECTROMETRIE DE MASSE HAUTE RESOLUTION DE TYPE GCQTOF,joue,directive24,attribution,initial,AFLD,75009,PARIS,,['Location (matériels)'],[185],non,non
20-85885,2020-07-05,2020-07-27,"['75', '92', '93', '94', '78']","Fourniture de consommables, produits chimiques, réactifs, milieux de culture et matériels de laboratoire",joue,autre,rectificatif,rectificatif,SIAAP,75012,Paris,,"['Laboratoire (fourniture)', 'Laboratoire (matériel)']","[181, 188]",non,non
20-86023,2020-07-05,2020-09-01,['75'],Acheminement BV,joue,autre,rectificatif,rectificatif,SAELSI,75012,Paris,,['Colis'],[65],non,non
20-61044,2020-07-05,2020-09-15,['75'],"palais de chaillot-restauration parvis bas, côté passy",joue,directive24,appeloffre,initial,OPPIC,75013,Paris,,"['Bâtiment', 'Echafaudage', 'Etanchéité', 'Maçonnerie', 'Serrurerie', 'Amiante (désamiantage)']","[33, 101, 117, 195, 321, 479]",non,non
20-85685,2020-07-05,2020-08-12,['75'],"Fourniture de bols et gobelets pré-dosés sur chariots et réserve d'eau, nécessaires aux besoins de l?hôpital Corentin-Celton et de l?hôpital Vaugirard, De APHP",joue,directive24,appeloffre,initial,GHU AP-HP.CENTRE - UNIVERSITE DE PARIS,75015,Paris,,['Boisson'],[39],non,non
20-85920,2020-07-05,2020-07-29,['75'],"Nettoyage et bionettoyage des locaux, prestations hôtelières et transports internes entretien des vitres collecte des déchets et du linge sale (lots no1 et 2) du GHU APHP.CENTRE - UNIVERSITE DE PARIS",joue,directive24,appeloffre,initial,GHU AP-HP.CENTRE - UNIVERSITE DE PARIS,75015,Paris,,['Nettoyage de locaux'],[239],non,oui
20-85921,2020-07-05,2020-09-30,['75'],MAITRISE D'OEUVRE POUR LES TRAVAUX DE RENOVATION DES CANIVEAUX LUMINEUX DU PARC DE LA VILLETTE,joue,directive24,appeloffre,initial,EPPGHV,75019,Paris,,['Ingénierie'],[455],non,non
20-85895,2020-07-05,2020-08-25,"['75', '91', '92', '93', '94', '95', '77', '78']",Tierce maintenance des applications du ministère de la Culture sous technologie Filemaker,joue,directive24,appeloffre,initial,MINISTERE DE LA CULTURE,75033,Paris Cedex 01,,['Informatique (prestations de services)'],[163],non,non
20-85888,2020-07-05,2020-08-07,"['75', '91', '95', '77', '78', '92', '94', '93']",Réalisation d'une étude des pratiques de copies privées,joue,directive24,appeloffre,initial,MINISTERE DE LA CULTURE,75033,Paris cedex 01,,['Etude'],[118],non,non
20-85441,2020-07-05,2020-08-18,"['31', '81', '82', '75', '12', '9']",marché relatif à la restauration collective au profit des agents du ministère de la justice en poste sur la commune de toulouse,joue,directive24,appeloffre,initial,ministère de la justice et des libérté,75042,PARIS CEDEX 01,,['Restauration collective'],[66],oui,oui
20-85657,2020-07-05,2020-09-03,['75'],TMA ALFRESCO,joue,directive24,appeloffre,initial,Bibliothèque publique d'information,75197,Paris cedex 04,,"['Informatique (prestations de services)', 'Maintenance']","[163, 196]",non,non
20-85645,2020-07-05,2020-07-31,"['93', '75']","Marché exploitation, maintenance et services pour prise en charge en lots separes de prestations necessaires au fonctionnement du parc biocitech au 102 avenue Gaston Roussel a Romainville (93)",joue,directive24,attribution,initial,BIOCITECH IMMOBILIER,75612,Paris Cedex,,['Prestations de services'],[274],non,non
20-85907,2020-07-05,2020-10-05,['75'],Nouvel SI Collecte pour la CNSA,joue,directive24,appeloffre,initial,CNSA,75682,Paris cedex 14,,"['Prestations de services', 'Informatique (assistance)']","[274, 453]",non,non
20-85549,2020-07-05,2020-07-31,['75'],"Prestations de conception graphique et d'image, d'achat d'art, et prestations rédactionnelles pour l'application de la stratégie de communication de la Caisse nationale des Allocat",joue,autre,rectificatif,rectificatif,CNAF,75685,Paris cedex 14,,"['Publicité, Communication']",[285],non,non
20-85971,2020-07-05,2020-08-05,['75'],Réalisation et diffusion d'e-newsletters et d'e-mailings d'information et de promotion a destination des assurés de l'assurance retraite,joue,directive24,appeloffre,initial,CNAVTS de Paris,75951,PARIS,,"['Publicité, Communication', 'Télécommunications']","[285, 338]",oui,oui
20-85469,2020-07-05,2020-08-03,"['76', '14', '27', '80']",Fourniture de masques jetables,joue,directive24,appeloffre,initial,GRAND PORT MARITIME DE ROUEN,76022,Rouen cedex,,['Matériel médical'],[212],non,non
20-85754,2020-07-05,2020-08-03,"['76', '27', '14', '80']",Nettoyage et entretien des bâtiments du GPMR,joue,directive24,attribution,initial,GRAND PORT MARITIME DE ROUEN,76022,Rouen cedex,,['Prestations de services'],[274],non,non
20-85810,2020-07-05,2020-08-12,['76'],ENTRETIEN DES ZONES COUPE-FEU SUR LA ZONE INDUSTRIELLE PORTUAIRE,joue,directive24,appeloffre,initial,GPMH au Havre,76067,Le havre cedex,,['Espaces verts'],[116],non,oui
20-85835,2020-07-05,2020-09-25,['76'],Contrôle de réception des réseaux d'eau et d'assainissement de la Communauté Urbaine Le Havre Seine Métropole,joue,directive25,appeloffre,initial,LE HAVRE SEINE METROPOLE,76085,Le Havre,,['Contrôle technique'],[72],non,non
20-85523,2020-07-05,2020-07-13,['76'],Mission d'études géotechnique et de stabilité talus entre les rues Elsa Triolet et Verdun au Havre,joue,autre,rectificatif,rectificatif,LE HAVRE SEINE METROPOLE,76085,Le Havre,,['Prestations de services'],[274],non,non
20-85432,2020-07-05,2020-08-21,['76'],"Modernisation du système d'information archivistique : acquisition d'une solution informatique, prestations, formations et maintenance associées",joue,autre,rectificatif,rectificatif,Département de Seine-Maritime,76101,Rouen Cedex,,['Logiciel'],[186],non,non
20-85740,2020-07-05,2020-09-28,['76'],Réhabilitation ponctuelle des canalisations - Réservoir de stockage d'eau potable - Maryse Bastié - Saint Etienne du Rouvray,joue,directive25,appeloffre,initial,METROPOLE ROUEN NORMANDIE,76176,Rouen,,['Canalisations'],[48],non,non
20-85746,2020-07-05,2020-08-31,['76'],Prestations de nettoyage des locaux de la Métropole Rouen Normandie,joue,directive24,appeloffre,initial,METROPOLE ROUEN NORMANDIE,76176,Rouen,,['Nettoyage de locaux'],[239],non,oui
20-85346,2020-07-05,2020-09-07,['76'],Prestations de balayage mécanisé stations Teor,joue,directive24,appeloffre,initial,METROPOLE ROUEN NORMANDIE,76176,Rouen,,['Nettoyage urbain'],[240],non,non
20-85831,2020-07-05,2020-08-31,['76'],Marché de prestations de service assainissement du secteur Est de la Métropole Rouen Normandie,joue,directive25,appeloffre,initial,METROPOLE ROUEN NORMANDIE,76176,Rouen,,['Assainissement'],[18],oui,oui
20-85423,2020-07-05,2020-08-10,['76'],Fourniture ou Fourniture et livraison de matériaux de voirie en groupement de commandes entre la Métropole Rouen Normandie et la Ville de Rouen,joue,directive24,appeloffre,initial,METROPOLE ROUEN NORMANDIE,76176,Rouen,,"['Voirie', 'Voirie et réseaux divers']","[365, 366]",non,non
20-85439,2020-07-05,2020-09-30,['76'],Prestations de nettoyage des locaux de la fabrique des savoirs et des pôles de proximité de la Métropole Rouen Normandie,joue,directive24,attribution,initial,METROPOLE ROUEN NORMANDIE,76176,Rouen,"[('2020-06-29', 'Arcade', (47496.72, 'EUR'), 'Entretien ménager du site Fabrique des Savoirs'), ('2020-06-29', 'Tous Services Industriels', (189523.36, 'EUR'), 'Entretien ménager des locaux des Pôles de proximité - Lot réservé'), ('2020-06-26', 'Anp Industrie Services', (20272.55, 'EUR'), 'Entretien de la vitrerie de la Fabrique des Savoirs à Elbeuf et des pôles de proximité')]",['Nettoyage de locaux'],[239],oui,oui
20-86016,2020-07-05,2020-08-07,['76'],Fourniture De Fruits Et Legumes Frais Pour Certains Etablissements Du Ght Caux Maritime,joue,directive24,appeloffre,initial,CENTRE HOSPITALIER DE DIEPPE,76200,Dieppe,,['Denrées alimentaires'],[88],non,non
20-85726,2020-07-05,2020-07-31,['76'],Fourniture d'énergie utile - de gaz et de fioul - exploitation des installation deCVC vapeur et secours électrique,joue,directive24,attribution,initial,EPD de Grugny,76690,Grugny,,"['Chauffage (exploitation, entretien)']",[59],non,non
20-85476,2020-07-05,2020-09-19,['77'],Maîtrise d'oeuvre relative à la restructuration et l'extension du collège La Plaine des Glacis à LA FERTE SOUS JOUARRE,joue,directive24,appeloffre,initial,Département de Seine-et-Marne,77010,Melun cedex,,['Prestations de services'],[274],non,non
20-85558,2020-07-05,2020-08-05,"['77', '75', '78', '92', '93', '94', '95', '91']",Mandat de maîtrise d'ouvrage pour la mise en accessibilité des collèges de Seine-et-Marne,joue,directive24,appeloffre,initial,Département de Seine-et-Marne,77010,Melun cedex,,"[""Assistance à maîtrise d'ouvrage""]",[433],non,non
20-44852,2020-07-05,2020-08-04,['77'],fourniture de mobilier et d'équipements (y compris informatiques) pour la médiathèque d'avon,joue,directive24,appeloffre,initial,Commune d'Avon,77210,Avon,,"['Consommables informatiques', 'Equipements spécialisés', 'Informatique (matériel)', 'Informatique (prestations de services)', 'Logiciel', 'Matériel de bureau', 'Mobilier', 'Progiciel']","[68, 115, 162, 163, 186, 207, 230, 283]",non,non
20-85745,2020-07-05,2020-08-14,['77'],Transports Sanitaires Pour Le Compte Du Centre Hospitalier Du Sud Seine-Et-Marne,joue,directive24,appeloffre,initial,GPE HOSPITALIER DU SUD ILE DE FRANCE,77300,Fontainebleau,,['Transport'],[347],non,non
20-85350,2020-07-05,2020-08-03,['77'],Accord-Cadre De Maitrise D'Oeuvre Sur L'Ensemble Du Patrimoine De La Ville,joue,directive24,appeloffre,initial,MAIRIE DE LAGNY SUR MARNE,77400,Lagny Sur Marne,,['Etude'],[118],non,non
20-85622,2020-07-05,2020-11-06,"['78', '75', '77', '91', '92', '93', '94', '95', '60']",Refonte du site Internet de l'Ecole Nationale Supérieure de Paysage de Versailles,joue,directive24,appeloffre,initial,Ecole Nationale Supérieure de Paysage,78000,Versailles,,['Site internet'],[171],non,non
20-85662,2020-07-05,2020-09-11,['78'],Restauration du clos et couvert Ailes de Paris et de St Cloud Grande Ecurie,joue,directive24,appeloffre,initial,EPCMDN-Versailles,78008,Versailles cedex,,"['Charpente', 'Couverture', 'Maçonnerie', 'Menuiserie', 'Peinture (travaux)', 'Serrurerie']","[57, 74, 195, 222, 264, 321]",non,oui
20-85850,2020-07-05,2020-09-03,['80'],fourniture de réactifs de biologie moléculaire pour le laboratoire départemental d'analyses de la somme. (rectificatif),joue,autre,rectificatif,rectificatif,Conseil Départemental de la Somme,80026,Amiens,,['Laboratoire (fourniture)'],[181],non,non
20-85995,2020-07-05,2020-09-02,['80'],"Fourniture d'endoprotheses et dispositifs médicaux pour radiologie interventionnelle, neuroradiologie, intervention vasculaire aortique, abdominale et peripherique",joue,directive24,appeloffre,initial,CHU AMIENS PICARDIE,80054,Amiens cedex 1,,"['Consommables médicaux', 'Matériel médical']","[69, 212]",non,non
20-85578,2020-07-05,2020-07-19,"['81', '31']",20TAR01,joue,autre,rectificatif,rectificatif,CCI du Tarn,81000,ALBI,,"[""Maîtrise d'oeuvre""]",[197],non,non
20-85934,2020-07-05,2020-08-03,['82'],Fourniture de matériel de travaux publics d'occasion,joue,directive24,appeloffre,initial,DEPARTEMENT DU TARN ET GARONNE,82000,Montauban,,"['Matériel de travaux publics', 'Véhicules']","[220, 359]",non,non
20-85593,2020-07-05,2020-08-21,['83'],Gestion de la fourrière : Enlèvement et gardiennage des véhicules en infraction pour le compte de la Ville de Toulon sur l'ensemble de son territoire,joue,directive24,appeloffre,initial,COMMUNE DE TOULON,83056,Toulon,,['Prestations de services'],[274],non,non
20-85625,2020-07-05,2020-07-27,['83'],"Prestations de supervision d'équipes, de pratiques, des psychologues et des assistants familiaux pour les services du Conseil Départemental du Var dans le domaine médico-social",joue,directive24,appeloffre,initial,Conseil Général du Var,83076,Toulon,,['Formation'],[410],non,non
20-76163,2020-07-05,2020-07-29,['83'],Location de systèmes d'impression multifonctions connectés et prestations associées,joue,directive24,attribution,initial,Commune de Sainte-Maxime,83120,Sainte-Maxime,"[('2020-06-29', 'SHARP', (239724.16, 'EUR'), ""Location de systèmes d'impression multifonctions connectés et prestations associées"")]",['Impression'],[160],non,oui
20-57203,2020-07-05,2020-08-01,['83'],Entretien d'espaces naturels et d'espaces verts pour la Ville et le CCAS de Sainte-Maxime,joue,directive24,attribution,initial,Commune de Sainte-Maxime,83120,Sainte-Maxime,"[('2020-06-29', 'TERIDEAL-TARVEL ', (421956, 'EUR'), 'Entretien sur voirie et espaces naturels '), ('2020-06-29', 'TERIDEAL-TARVEL   ', (333384, 'EUR'), 'Entretien sur propriétés communales'), ('2020-06-29', 'ADAPEI VAR MEDITERRANEE -ESAT LES ROMARINS ', (201600, 'EUR'), ""Entretien d'espaces verts (marché réservé)"")]","['Espaces verts', 'Végétaux']","[116, 358]",non,non
20-85948,2020-07-05,2020-09-30,['83'],Prestations Traiteur,joue,directive24,attribution,initial,Commune de Six-Fours-les-Plages,83140,Six-Fours-Les-Plages,"[('2020-06-23', 'Sandoli Traiteur', (200000, 'EUR'), 'Plateaux Repas Individuels Et Repas De Qualite Normale Ou Superieure'), ('2020-06-23', 'Gaudefroy Receptions', (180000, 'EUR'), 'Buffets De Qualite Normale Ou Superieure'), ('2020-06-23', 'Gaudefroy Receptions', (144404, 'EUR'), 'Repas Et Buffets De Qualite Prestige')]","['Repas, traiteur']",[304],non,non
20-85787,2020-07-05,2020-08-02,['83'],Fournitures de matériels de protection et d'exploration utilisés par les sapeurs-pompiers du VAR lors des missions d'incendie et de secours,joue,autre,rectificatif,rectificatif,SDIS du Var,83300,Draguignan,,"['Equipements spécialisés', 'Matériel de sécurité', ""Matériel de secours et d'incendie"", 'Formation']","[115, 209, 217, 410]",non,non
20-85372,2020-07-05,2020-08-02,['83'],Construction d'un Centre de loisirs,joue,directive24,attribution,initial,Communauté de Communes Coeur du Var,83340,Le Luc en Provence,,"['Ascenseur', 'Bâtiments modulaires', 'Chauffage (travaux)', 'Electricité (travaux)', 'Réseaux divers']","[17, 27, 61, 105, 306]",non,non
20-85443,2020-07-05,2020-08-02,['83'],"MARCHE DE TRAVAUX POUR L'AMÉLIORATION DES VRD, ÉCLAIRAGES, MOBILIERS ET ESPACES VERTS DES ZONES D'ACTIVITÉS ÉCONOMIQUES",joue,directive24,attribution,initial,Communauté de Communes Coeur du Var,83340,Le Luc en Provence,"[('2020-04-23', 'COLAS MIDI MEDITERRANEE', (1632704, 'EUR'), 'Terrassement, voirie, assainissement et signalisation'), ('2020-04-23', 'CITELUM', (763558, 'EUR'), 'éclairage public, fibre optique et vidéosurveillance'), ('2020-04-23', 'SOCIETE PROVENCALE DE PAYSAGES', (290712, 'EUR'), 'Aménagements Paysagers et mobiliers urbains')]","['Eclairage public', 'Espaces verts', 'Mobilier urbain', 'Réseaux divers', 'Télécommunications', 'Voirie et réseaux divers']","[102, 116, 231, 306, 338, 366]",non,non
20-85703,2020-07-05,2020-09-02,['83'],Missions de coordination de la sécurité et de la protection de la santé (SPS) (Accord cadre),joue,directive24,appeloffre,initial,CA Var Estérel Méditerranée,83707,SAINT RAPHAEL CEDEX,,"[""Assistance à maîtrise d'ouvrage""]",[433],non,non
20-36525,2020-07-05,2020-09-10,['83'],Approvisionnement de découpeuses à jet d'eau au profit des ateliers chaudronnerie du Service Logistique de la Marine de Toulon et de l'Atelier Militaire de Soutien Cherbourg et prestations associées,joue,directive81,appeloffre,initial,Marine/DCSSF/DSSF Toulon,83800,Toulon cedex 9,,['Machines-outils'],[194],non,non
20-84964,2020-07-05,2020-09-02,['85'],entretien des espaces verts et des espaces naturels - lot no 04 - entretien des espaces verts des berges et ripisylve bord de rivières,joue,directive24,attribution,initial,VILLE DE LA ROCHE SUR YON,85000,La Roche-sur-Yon,"[('2020-06-29', 'CAJEV', (200000, 'EUR'), 'Lot 04 : Entretien des berges et ripisylve bords de rivière')]",['Espaces verts'],[116],oui,oui
20-80678,2020-07-05,2020-09-01,['85'],Fourniture de signalisation verticale et d'équipements de sécurité,joue,directive24,appeloffre,initial,LA ROCHE-SUR-YON AGGLOMERATION,85000,La Roche-sur-Yon,,['Signalisation'],[322],non,non
20-85773,2020-07-05,2020-09-08,['85'],Marché d'assurances complémentaire santé et prévoyance pour les besoins du groupement de commande,joue,directive24,appeloffre,initial,GIE des EPL de Vendée,85005,La roche sur yon cedex,,['Assurance'],[20],non,non
20-85192,2020-07-05,2020-09-03,['85'],"fourniture de matériel de signalisation routière, marquage routier et signalisation de rue",joue,directive24,attribution,initial,COMMUNE LES SABLES D OLONNE,85100,Les Sables d'Olonne,"[('2020-06-24', 'SIGNAUX GIROD SA', (120000, 'EUR'), 'Fourniture de signalisation routière'), ('2020-06-24', 'ORE PEINTURE', (140000, 'EUR'), 'Fourniture de marquage routier'), ('2020-06-24', 'SIGNAUX GIROD SA', (10000, 'EUR'), 'Fourniture de signalisation de rue')]","['Peinture (fourniture)', 'Signalisation']","[263, 322]",non,non
20-85580,2020-07-05,2020-09-18,['85'],"Prestations de migration, d'hébergements et de maintenance du Système Informatique de la CCVB et de ses communes",joue,directive24,appeloffre,initial,Communauté de Communes Vie et Boulogne,85170,Le Poiré sur Vie,,"['Informatique (prestations de services)', 'Informatique (maintenance serveurs et réseaux)']","[163, 454]",non,non
20-85390,2020-07-05,2020-08-04,['85'],marché de fourniture de produits pétroliers raffinés liquides,joue,directive24,appeloffre,initial,Cté de Communes du Pays des Herbiers,85500,Les Herbiers,,"['Carburant, hydrocarbure']",[52],non,non
20-85371,2020-07-05,2020-07-31,['85'],services d'assurances pour la commune des herbiers (rectificatif),joue,autre,rectificatif,rectificatif,Commune des Herbiers,85502,Les Herbiers,,['Assurance'],[20],non,non
20-85704,2020-07-05,2020-08-31,['87'],FINANCEMENT EN CREDIT-BAIL AVEC OPTION D'ACHAT HORS ENTRETIEN ET ASSURANCE D'UN VEHICULE AEROPORTUAIRE DE LUTTE CONTRE L'INCENDIE TYPE VIM 90 P 2.5,joue,directive24,attribution,initial,CCI de Limoges et de la Haute-Vienne,87011,Limoges cedex,"[('2020-06-16', 'La Banque Postale Leasing & Factoring', (586726.91, 'EUR'), ""Financement en crédit-bail avec option d'achat d'un véhicule aéroportuaire contre l'incendie"")]",['Crédit-bail'],[75],non,non
20-85791,2020-07-05,2020-07-30,['87'],Climatisation et chauffages additionnels à destination des véhicules grands porteurs des forces de l'ordre,joue,directive24,attribution,initial,Ministère de l'interieur,87022,Limoges,"[('2020-06-29', 'WEBASTO THERMO & COMFORT France SAS', (456402, 'EUR'), ""'climatisation'""), ('2020-06-30', 'WEBASTO THERMO & COMFORT France SAS', (132215, 'EUR'), ""'chauffages additionnels'"")]",['Equipement thermique'],[114],non,oui
20-85401,2020-07-05,2020-08-10,['87'],Prestations d'imprimerie courante,joue,directive24,appeloffre,initial,Conseil Départemental Haute-Vienne,87031,Limoges cedex 1,,['Impression'],[160],non,non
20-85515,2020-07-05,2020-09-08,['89'],2020GRAP13,joue,directive24,appeloffre,initial,Lycée Jacques Amyot,89015,Auxerre cedex,,['Hygiène (articles)'],[153],non,non
20-85524,2020-07-05,2020-10-04,['91'],Fourniture et livraison de titres restaurant (dématérialisés) et de chèques cadeaux pour les besoins du SIREDOM.,joue,directive24,appeloffre,initial,Siredom,91029,EVRY,,"['Titres restaurant', 'Chèque cadeau']","[416, 436]",non,non
20-85876,2020-07-05,2020-08-04,['91'],Acquisition d'un oscilloscope temps réel de très grande bande passante pour le département de recherche COMELEC - Communication et Electronique de Télécom Paris,joue,directive24,appeloffre,initial,Télécom ParisTech,91120,Palaiseau,,['Equipements spécialisés'],[115],non,non
20-85683,2020-07-05,2020-10-22,['92'],Prestations de numérisation et d'indexation du courrier du Département des Hauts-de-Seine,joue,autre,rectificatif,rectificatif,Cons. Départ. des Hauts-de-Seine,92000,Nanterre,,['Prestations de services'],[274],non,non
20-85820,2020-07-05,2020-09-30,['92'],Publication de la revue de la culture : conception d'infographies documentaires et impression d'une revue,joue,directive24,attribution,initial,Cons. Départ. des Hauts-de-Seine,92000,Nanterre,"[('2020-06-03', 'Association différemment', (26653.56, 'EUR'), ""Publication de la revue vallée de la culture : conception d'infographies documentaires et impression d'une revue. Lot 1 : conception d'infographies documentaires et impression d'une revue""), ('2020-06-23', 'Bialec', (21054, 'EUR'), ""Publication de la revue vallée de la culture : conception d'infographies documentaires et impression d'une revue. Lot 2 :"")]","['Impression', 'Imprimés']","[160, 161]",non,oui
20-85737,2020-07-05,2020-09-29,['92'],"Guichet unique, ingénierie et proximité du poste de travail (GUIP) - ENC HdS Environnement Numérique des Collèges",joue,directive24,attribution,initial,Cons. Départ. des Hauts-de-Seine,92000,Nanterre,"[('2020-05-25', 'Neurones IT', (9225068, 'EUR'), 'Guichet unique, ingénierie et proximité du poste de travail (GUIP) - ENC HdS Environnement numérique des collèges')]",['Informatique (prestations de services)'],[163],non,non
20-85567,2020-07-05,2020-09-30,['92'],Marché d'assistance à maîtrise d'ouvrage pour la passation et le contrôle de nouveaux contrats de concession de restauration scolaire auprès de collèges publics du Département des Hauts-de-S,joue,directive24,appeloffre,initial,Cons. Départ. des Hauts-de-Seine,92000,Nanterre,,"[""Assistance à maîtrise d'ouvrage""]",[433],non,non
20-78009,2020-07-05,2020-08-05,['92'],fourniture de barquettes jetables et de produits associés,joue,directive24,appeloffre,initial,Commune de Nanterre,92000,Nanterre,,['Barquettes alimentaires'],[32],non,oui
20-78394,2020-07-05,2020-08-04,['92'],verifications periodiques et maintenance des systemes de securite incendie dans les batiments communaux de la ville de nanterre,joue,directive24,appeloffre,initial,Ville de Nanterre,92014,NANTERRE CEDEX,,['Sécurité incendie'],[332],non,non
20-85936,2020-07-05,2020-09-02,['92'],"prestations de traiteurs (cocktail, buffet et plateau repas, panier sandwich)",joue,directive24,attribution,initial,Commune de NANTERRE,92014,NANTERRE Cedex,,"['Repas, traiteur']",[304],oui,oui
20-85422,2020-07-05,2020-09-17,"['92', '75']",INSEE2020-P870,joue,directive24,appeloffre,initial,INSEE,92120,Montrouge cedex,,['Prestations de services'],[274],non,non
20-78818,2020-07-05,2020-08-07,['92'],"marché à bons de commande concernant des missions de diagnostics immobiliers : amiante, plomb, termites, loi carrez, performance énergétique, gaz, électricité et erp sur l'ensemble du patrimoine de l'",joue,directive24,appeloffre,initial,OPH Seine Ouest Habitat,92130,Issy-les-Moulineaux,,['Amiante (diagnostic)'],[431],non,non
20-85706,2020-07-05,2020-07-28,['92'],marché public de prestation de service de médecine préventive pour les personnels de la Ville de Clamart et du Centre Communal d'Action Sociale de la Commune de Clamart,joue,directive24,appeloffre,initial,Ville de Clamart,92140,Clamart,,['Prestations de services'],[274],non,non
20-85882,2020-07-05,2020-07-14,['92'],Prestations d'infogérance des systèmes d'information et d'achat de matériels informatiques pour l'Etablissement public territorial Grand Paris Seine Ouest,joue,directive24,attribution,initial,GRAND PARIS SEINE OUEST,92197,Meudon cedex,"[('2020-05-15', 'NEURONES SA', (2500000, 'EUR'), ""Prestations d'infogérance des systèmes d'information et d'achat de matériels informatiques pour l'Etablissement public territorial Grand Paris Seine Ouest"")]",['Informatique (prestations de services)'],[163],non,non
20-85309,2020-07-05,2020-09-04,"['92', '95']",Maîtrise d'oeuvre urbaine et sociale (M.O.U.S.) pour le relogement et l'accompagnement des ménages impactés par la concession d'aménagement multisites PSG / Berges de Seine,joue,directive24,attribution,initial,BOUCLE NORD DE SEINE,92230,Gennevilliers,"[('2020-07-02', ""Association SOLIHA Paris.Hauts de Seine. Val d'Oise"", (130972.1, 'EUR'), ""Maîtrise d'oeuvre urbaine et sociale pour le relogement et l'accompagnement des ménages impactés par la concession d'aménagement multisites Porte Saint-Germain / Berges de Seine à Argenteuil."")]",['Etude'],[118],non,non
20-85310,2020-07-05,2020-09-04,['92'],Travaux d'entretien et de rénovation des réseaux d'assainissement communaux de la ville de Clichy-la-Garenne,joue,directive24,attribution,initial,BOUCLE NORD DE SEINE,92230,Gennevilliers,"[('2020-07-02', 'Société SADE - CGTH', (47579, 'EUR'), ""Travaux d'entretien et de rénovation des réseaux d'assainissement communaux de la ville de Clichy-la-Garenne."")]",['Assainissement'],[18],non,non
20-85352,2020-07-05,2020-07-22,"['91', '92']",2020CMON-Agence_voyages,joue,directive24,appeloffre,initial,ONERA - Direction des Achats,92322,Chatillon cedex,,['Voyage'],[367],non,non
20-85997,2020-07-05,2020-09-03,['92'],Fourniture et mise en oeuvre d'une plateforme web 'Guichet Unique',joue,directive24,attribution,initial,PARIS LA DEFENSE,92932,Paris la défense cedex,"[('2020-07-02', 'Nova Technology', (438929.2, 'EUR'), 'Plateforme web "" Guichet Unique')]","['Informatique (prestations de services)', 'Logiciel']","[163, 186]",non,non
20-86009,2020-07-05,2020-09-03,['92'],Travaux de génie civil pour l'aménagement des espaces publics de la Rose de Cherbourg,joue,directive24,attribution,initial,PARIS LA DEFENSE,92932,Paris la défense cedex,"[('2020-07-02', 'Razel-bec sas', (8449986.05, 'EUR'), ""Travaux de génie civil pour l'aménagement des espaces publics de la Rose de Cherbourg"")]",['Génie civil'],[141],non,non
20-85994,2020-07-05,2020-09-03,['92'],productions audiovisuelles dans le cadre des activités de communication de paris la défense,joue,directive24,attribution,initial,PARIS LA DEFENSE,92932,Paris la défense cedex,"[('2020-07-03', '3.0 PRODUCTION', (413800, 'EUR'), 'PRODUCTIONS AUDIOVISUELLES DANS LE CADRE DES ACTIVITES DE COMMUNICATION DE PARIS LA DEFENSE')]","['Prestations de services', 'Vidéo, cinéma']","[274, 362]",non,non
20-85989,2020-07-05,2020-09-30,['93'],Entretien Preventif Et Correctif Sur Les Installations D'Interphones Et De Contrôles D'Acces Sur L'Ensemble Du Patrimoine De L'Ophmontreuillois,joue,directive24,appeloffre,initial,OFFICE PUB DE L HABITAT MONTREUILLOIS,93100,Montreuil,,['Interphone'],[167],non,non
20-86005,2020-07-05,2021-01-03,['93'],"PRESTATION D'EXPERTISE, DEVELOPPEMENT, INTEGRATION, ASSISTANCE ET MAINTIEN EN CONDITION OPERATIONNELLE SUR TECHNOLOGIES MICROSOFT ET AUTRES TECHNOLOGIES ASSOCIEES POUR L'EFS",joue,directive24,appeloffre,initial,Etablissement Français du Sang,93218,LA PLAINE SAINT DENIS CEDEX,,['Informatique (prestations de services)'],[163],non,non
20-85462,2020-07-05,2020-09-30,['93'],20.AO.CT.029,joue,directive24,appeloffre,initial,EST ENSEMBLE,93230,Romainville,,['Instruments de musique'],[166],non,non
20-85503,2020-07-05,2020-08-03,['93'],"Prestation de montage, démontage, mise en fonctionnement, location, stockage et maintenance des illuminations de noël - années 2020/2021, 2021/2022, 2022/2023",joue,directive24,attribution,initial,COMMUNE DE MONTFERMEIL,93370,Montfermeil,,['Illumination'],[170],non,non
20-85953,2020-07-05,2021-02-03,"['93', '75']",Agent conversationnel (Chatbot),joue,directive24,appeloffre,initial,Région Ile-de-France,93400,Saint-ouen,,"['Logiciel', 'Prestations de services']","[186, 274]",non,non
20-85901,2020-07-05,2020-10-01,"['75', '77', '78', '91', '92', '93', '94', '95']",Conception et réalisation de vidéos pour la communication externe et interne de la Région Île-de-France.,joue,directive24,appeloffre,initial,REGION ILE DE FRANCE,93400,Saint-ouen-sur-seine,,"['Vidéo, cinéma']",[362],oui,non
20-85788,2020-07-05,2020-08-01,['93'],Travaux tous corps d'état sur le patrimoine de l'OPH de Drancy,joue,directive24,attribution,initial,OPHLM de Drancy,93700,Drancy,,"[""Tous corps d'état""]",[345],non,non
20-85816,2020-07-05,2020-08-03,['94'],Assistance technique pour le contrôle de l'exploitation du réseau de chauffage urbain et études annexes,joue,directive24,attribution,initial,ville de Créteil,94010,Créteil cedex,"[('2020-07-02', 'CFERM INGENIERIE', (1200000, 'EUR'), ""Assistance technique pour le contrôle de l'exploitation du réseau de chauffage urbain et études connexes"")]","['Chauffage (exploitation, entretien)', 'Prestations de services']","[59, 274]",non,non
20-85365,2020-07-05,2020-08-04,['94'],PRESTATIONS DE SURVEILLANCE ET DE GARDIENNAGE DE BATIMENTS ET SITES TERRITORIAUX,joue,directive24,appeloffre,initial,GRAND PARIS SUD EST AVENIR,94046,Créteil cedex,,"['Maintenance', 'Surveillance']","[196, 331]",non,non
20-85416,2020-07-05,2020-08-31,['94'],Mission d'assistance à maîtrise d'ouvrage en matière d'OPC,joue,directive24,appeloffre,initial,MEEDDM,94046,Créteil cedex,,['Prestations de services'],[274],non,non
20-85396,2020-07-05,2020-09-29,['94'],Fourniture d'enveloppes et pochettes vierges et imprimées correspondant aux besoins de l'administration municipale,joue,directive24,attribution,initial,COMMUNE D IVRY SUR SEINE,94200,Ivry-sur-seine cedex,,['Objet publicitaire'],[464],non,oui
20-85495,2020-07-05,2020-07-24,['94'],"Fourniture de matériel thermique pour l'entretien des espaces verts en 2020 (2021, 2022, 2023)",joue,directive24,attribution,initial,COMMUNE DE VITRY SUR SEINE,94407,Vitry sur seine cedex,"[('2020-04-20', 'CHOUFFOT', (160000, 'EUR'), 'Matériel horticole, thermique, électrique ou à batterie'), ('2020-04-20', 'CHOUFFOT', (160000, 'EUR'), 'Tondeuses autoportées')]","['Matériel agricole, horticole']",[200],non,non
20-85584,2020-07-05,2020-07-24,['94'],"Création et maintenance préventive et corrective des aires de jeux extéieures en 2020 (2021, 2022, 2023)",joue,directive24,attribution,initial,COMMUNE DE VITRY SUR SEINE,94407,Vitry sur seine cedex,"[('2020-04-09', 'RECRE ACTION', (600000, 'EUR'), 'Maintenance préventive et corrective des aires de jeux'), ('2020-04-09', 'ELASTISOL', (1000000, 'EUR'), ""Création d'aires de jeux"")]",['Aire de jeux'],[400],non,non
20-85960,2020-07-05,2020-08-05,['95'],Renouvellement du marché de contrôle d'exploitation des installations thermiques aérauliques des collèges du Département du Val d'Oise,joue,directive24,appeloffre,initial,Conseil général du Val d'Oise,95032,Cergy pontoise cedex,,['Assistance technique'],[19],non,non
20-85651,2020-07-05,2020-09-03,"['95', '75']","Les prestations d'assurance incendies, accidents, risques divers (iard) et statutaires",joue,directive24,appeloffre,initial,COMMUNE DE MONTIGNY LES CORMEILLES,95370,Montigny-lès-cormeilles,,['Assurance'],[20],non,non
20-85440,2020-07-05,2020-07-30,['95'],Contrat rural,joue,directive24,appeloffre,initial,Commune de Saint Cyr en Arthies,95510,Saint-Cyr-en-Arthies,,['Voirie et réseaux divers'],[366],non,non
20-81881,2020-07-05,2020-08-04,['971'],Organisation conseils transport montage et démontage régie générale des espaces coordination des prestations impression des catalogues pour la réalisation en Guadeloupe de l'exposition le Modèle noir,joue,directive24,attribution,initial,Région Guadeloupe,97100,Basse-Terre,"[('2019-08-07', 'SEM PATRIMONIALE', (558047.0, 'EUR'), ""L'organisation,les conseils,le transport,démontage et montage de l'exposition""), ('2019-08-07', 'SEM PATRIMONIALE', (51700.0, 'EUR'), 'La régie générale des différents espaces scéniques et lumières, coordination des prestations assurées par les divers opérateurs économiques.')]","['Impression', 'Prestations de services']","[160, 274]",non,non
20-85904,2020-07-05,2020-08-02,['971'],Mission de Contrôle technique pour la réalisation des bâtiments propriétés de CAP EXCELLENCE 'AGROPARK CARAIBES EXCELLENCE',joue,directive24,attribution,initial,Semsamar (971),97122,Baie-Mahault,"[('2020-01-20', 'ANCO GUADELOUPE', (48300, 'EUR'), 'Mission de Contrôle technique pour les études et la réalisation des travaux de construction des bâtiments')]",['Contrôle technique'],[72],non,non
20-85311,2020-07-05,2020-07-22,['974'],ACCORD CADRE RELATIF AUX PRESTATIONS DE SONORISATION - ECLAIRAGE DANS LE CADRE DES MANIFESTATIONS SUR LA COMMUNE DE SAINT-ANDRE,joue,directive24,attribution,initial,Ville de Saint André (974),97440,Saint André,"[('2020-03-09', 'SOCOSAF SONORISATION', (226000, 'EUR'), ""Concerts d'artistes locaux, régionaux hors fêtes foraines""), ('2020-03-09', 'TROPICAL SOUND', (161800, 'EUR'), ""CONCEPTS D'ARTISTES LOCAUX, REGIONAUX, NATIONAUX ET INTERNATIONAUX""), ('2020-03-09', 'SARL STAGE OI', (487016, 'EUR'), ""CONCERTS D'ARTISTES LOCAUX, REGIONAUX, NATIONAUX ET INTERNATIONAUX""), ('2020-03-09', 'SOCOSAF SONORISATION', (161800, 'EUR'), 'FOIRE COMMERCIALES, FETES FORAINES, ET FESTIVITES DIVERSES'), ('2020-03-09', 'TROPICAL SOUND', (99600, 'EUR'), 'FOIRE COMMERCIALES, FETES FORAINES, ET FESTIVITES DIVERSES')]",['Sonorisation'],[324],non,non
20-84636,2020-07-05,2020-09-15,['974'],mission d'assistance à maîtrise d'ouvrage pour la réhabilitation de l'usine d'eau potable de bellepierre,joue,directive25,attribution,initial,CINOR,97495,Sainte-Clotilde cedex,,"[""Assistance à maîtrise d'ouvrage""]",[433],non,non
20-85727,2020-07-05,2020-08-04,['976'],Mission de programmation pour le projet d'aménagement d'une gare maritime multimodale à Foungoujou sur la Petite terre,joue,directive24,appeloffre,initial,Département de Mayotte,97600,Mamoudzou,,['Etude'],[118],non,non
20-85472,2020-07-05,2020-08-14,['976'],prestations maintenance des transformateurs et cellules ht & des onduleurs du centre hospitalier de mayotte,joue,directive24,appeloffre,initial,CENTRE HOSPITALIER DE MAYOTTE,97600,Mamoudzou,,"['Equipement industriel', 'Groupe électrogène', 'Maintenance', 'Matériel électrique', 'Onduleur']","[112, 143, 196, 203, 465]",non,non
20-85783,2020-07-05,2020-08-02,['976'],Marché de maîtrise d'oeuvre pour la réalisation de l'opération LES GOYAVIERS,joue,directive24,appeloffre,initial,SIM Mayotte,97600,Mamoudzou,,['Bâtiment'],[33],non,non
20-85586,2020-07-05,2020-08-11,"['974', '976']","La prise en charge, la gestion et le suivi des déchets dangereux au profit des organismes des FAZSOI basés à La Réunion et à Mayotte et du RSMA-R",joue,directive24,appeloffre,initial,EMA/DC SCA/GSBdD Réunion-Mayotte,97804,Saint-denis cedex 09,,['Déchets non ménagers (prestations)'],[404],oui,oui
20-85637,2020-07-05,2020-08-07,['974'],Diagnostics approfondis des bâtis et de certains équipements du Port de plaisance de Saint-Gilles-les-Bains,joue,directive24,appeloffre,initial,TERRITOIRE DE LA COTE OUEST,97822,Le Port Cedex,,"['Abris', 'Prestations de services']","[1, 274]",non,non
20-85527,2020-07-05,2020-09-30,['974'],Acquisition de bois pour les services de la commune de Saint-Paul,joue,directive24,attribution,initial,Mairie de Saint-Paul,97864,Saint-Paul,,['Bois'],[38],non,non
20-75463,2020-07-05,2020-08-26,['31'],"acquisition de matériels informatiques (micro-ordinateurs, périphériques divers) et prestations associées",joue,directive24,appeloffre,initial,Conseil Départemental Haute-Garonne,,Toulouse,,['Informatique (matériel)'],[162],non,non
20-77452,2020-07-05,2020-09-08,"['67', '68']",réalisation d'installations photovoltaïques et travaux d'étanchéité toiture dans les bâtiments du département du bas-rhin,joue,directive24,appeloffre,initial,DEPARTEMENT DU BAS RHIN,,Strasbourg,,['Photovoltaïque'],[476],oui,oui
20-84173,2020-07-05,2020-08-05,['78'],Entretien et travaux neufs d'éclairage public et de signalisation lumineuse tricolore,joue,directive24,appeloffre,initial,Ville du Pecq,,78230 Le Pecq,,['Eclairage public'],[102],non,non
20-84525,2020-07-05,2020-08-06,['31'],restauration des maçonneries de trois ouvrages d'art communes de revel et saint-félix-lauragais,joue,directive24,appeloffre,initial,Conseil Départemental Haute-Garonne,,Toulouse,,"[""Ouvrage d'art""]",[252],non,non
20-84538,2020-07-05,2020-07-28,['31'],"fourniture de repas aux restaurants scolaires, accueil de loisirs sans hébergement et club ados",joue,directive24,appeloffre,initial,Commune de Saint-Jean,,SAINT-JEAN,,['Restauration collective'],[66],non,oui
20-84932,2020-07-05,2020-09-11,"['71', '1', '21', '69']",fourniture de pneumatiques et prestations associées,joue,directive24,appeloffre,initial,S.D.I.S. de Saône-et-Loire,,MÂCON,,['Pneumatiques'],[271],non,non
20-85097,2020-07-05,2020-07-16,"['78', '75']","fourniture, livraison, installation et maintenance d'équipements pour le fablab de l'ensa-v (rectificatif)",joue,autre,rectificatif,rectificatif,Ensa-V,,Versailles,,['Machines-outils'],[194],non,non
20-85338,2020-07-05,2020-10-31,"['78', '91', '92', '95']",Maintenance préventive et curative des équipements et matériels de cuisine professionnelle des sites distants de restauration du Crous de Versailles,joue,directive24,appeloffre,initial,CROUS de Versailles,,versailles,,['Maintenance'],[196],non,non
20-85550,2020-07-05,2020-08-05,['40'],marché de service d'exploitation des installations collectives de chauffages et d'eau chaude sanitaire du patrimoine d'xl habitat,joue,directive24,appeloffre,initial,O.P.D.H.L.M. des Landes,,Mont De Marsan Cedex,,"['Chauffage (exploitation, entretien)']",[59],non,non
20-85608,2020-07-05,2020-08-04,['25'],fourniture de signalisation horizontale (rectificatif),joue,autre,rectificatif,rectificatif,Grand Besançon Métropole,,Besançon,,"['Matériaux routiers', 'Peinture (fourniture)']","[199, 263]",non,non
20-85744,2020-07-05,2020-08-13,['90'],Travaux d'entretien et de maintenance à réaliser sur le patrimoine bâti du département du territoire de belfort (90),joue,directive24,appeloffre,initial,DEPARTEMENT DU TERRITOIRE DE BELFORT,,BELFORT Cedex,,"['Bâtiment', 'Carrelage', 'Chauffage (travaux)', 'Couverture', 'Démolition', 'Electricité (travaux)', 'Etanchéité', 'Gros oeuvre', 'Menuiserie', 'Métallerie', 'Peinture (travaux)', 'Plâtrerie', 'Plomberie (travaux)', 'Revêtements de sols', 'Sanitaire', 'Serrurerie', 'Ventilation', 'Voirie et réseaux divers', 'Zinguerie']","[33, 53, 61, 74, 87, 105, 117, 144, 222, 223, 264, 269, 270, 308, 319, 321, 360, 366, 372]",non,non
20-85926,2020-07-05,2020-07-13,['971'],fourniture et livraison de protection individuelle pour les agents de la ville et de la cde 2020-2024 (rectificatif),joue,autre,rectificatif,rectificatif,Ville de Le Moule,,Le moule,,['Habillement'],[150],non,non
20-85966,2020-07-05,2020-08-03,['27'],prestations de conseils juridiques et de représentation en justice relance lot 7,joue,directive24,appeloffre,initial,Département de l'Eure,,EVREUX,,['Prestations de services'],[274],non,non
