,a00_cle_idweb,g04_01_date_publication,g04_03_date_fin_diffusion,g04_07_dep_publication,g04_09_resume_objet,g01_02_01_famille,g01_02_02_perimetre,g01_02_03_nature,g01_02_04_statut,d01_01_denomination,d01_07_cp,d01_08_ville,d08_09_decision_titulaireandRENSEIGNEMENT,g04_052_descripteurs_libelles,g04_051_descripteurs_codes,g04_061_criteres_sociaux,g04_062_criteres_environnementaux
0,20-118027,2020-09-28,2020-10-30,['1'],Réfection de toitures terrasses pour le Groupement Hospitalier de Territoire (GHT) Bresse Haut Bugey,fns,cmp2006,appeloffre,initial,CH DE BOUR EN BRESSE FLEYRIAT,01012,Bourg-en-bresse cedex,,"['Charpente', 'Terrasse']","[57, 354]",non,non
1,20-117359,2020-09-28,2020-10-20,"['1', '69']",réalisation d'un complexe sportif - relancelot plomberie chauffagelot sol tennis,fns,cmp2006,appeloffre,initial,COMMUNE DE FOISSIAT,01340,Foissiat,,['Bâtiment'],[33],non,non
2,20-118122,2020-09-28,2020-10-28,['2'],Contrôles des réseaux d'assainissement de GrandSoissons Agglomération,fns,cmp2006,appeloffre,initial,Cté. d'Agglo. du Soissonnais,02880,Cuffies,,['Assainissement'],[18],non,non
3,20-115954,2020-09-28,2020-11-03,['3'],"restauration de l'orgue aubertin de l'église saint-louis de vichy - nouvelle consultation pour le lot 1 : facture d'orgue, restauration de l'orgue aubertin",fns,cmp2006,appeloffre,initial,Ville de Vichy,03200,Vichy,,['Orgue'],[250],non,non
4,20-113250,2020-09-28,2020-10-23,['3'],diagnostic de pollution des sols en vue de la réalisation du projet urbain 'vichy lac',mapa,cmp2006,appeloffre,initial,Ville de Vichy,03201,Vichy cedex,,['Dépollution'],[442],non,non
5,20-117962,2020-09-28,2020-10-15,['4'],La consultation concerne les travaux de construction d'un mur d'escalade (Structure Artificielle d'Escalade).,fns,cmp2006,appeloffre,initial,Cté Com Alpes Provence Verdon,04170,Saint andré les alpes,,['Equipement sportif'],[113],non,non
6,20-118070,2020-09-28,2020-11-03,['4'],Numéro de la consultation : 20DGS002 ASSISTANCE A MAITRISE D'OUVRAGE POUR LA MISE EN PLACE D'UNE DEMARCHE DE QUALITE DE LA RELATION A L'USAGER,fns,cmp2006,appeloffre,initial,Département des Alpes de Hte Provence,04995,DIGNE-LES-BAINS,,['Etude'],[118],non,non
7,20-118105,2020-09-28,2020-11-19,['6'],PRESTATION D'EXTERNALISATION PARTIELLE D'ARCHIVES MEDICALES SUR SUPPORT PAPIER,fns,cmp2006,appeloffre,initial,C.H.U. de Nice,06003,Nice cedex 1,,['Prestations de services'],[274],non,non
8,20-118246,2020-09-28,2020-10-26,['6'],MAPA 2020-061 PRESTATIONS PHOTOGRAPHIQUES,fns,cmp2006,appeloffre,initial,COMMUNE LE CANNET,06110,LE CANNET,,['Prestations de services'],[274],non,non
9,20-118430,2020-09-28,2020-10-22,['6'],Contrôle technique des véhicules légers et utilitaires,fns,cmp2006,appeloffre,initial,Commune de Menton,06500,Menton,,['Véhicules'],[359],non,non
10,20-118256,2020-09-28,2020-11-06,['8'],Réhabilitation de deux logements-.,fns,cmp2006,appeloffre,initial,COMMUNE DE CHEVEUGES,08350,CHEVEUGES,,"[""Tous corps d'état""]",[345],non,non
11,20-118409,2020-09-28,2020-10-28,['11'],marché de fourniture et livraison de produits d'entretien et articles de droguerie. 2 lots,fns,cmp2006,attribution,initial,CIAS CARCASSONNE AGGLO SOLIDARITE,11000,Carcassonne,,"[""Produits d'entretien""]",[278],non,non
12,20-118326,2020-09-28,2020-10-28,['11'],"marché de fourniture de produits d'entretien, articles de droguerie et produits de traitement des eaux de piscine",fns,cmp2006,attribution,initial,CARCASSONNE AGGLO,11000,Carcassonne,,"['Piscine', ""Produits d'entretien""]","[265, 278]",non,non
13,20-118312,2020-09-28,2020-10-28,['11'],Fourniture de bureau et papèterie,fns,cmp2006,attribution,initial,CARCASSONNE AGGLO,11000,Carcassonne,,['Papeterie'],[262],non,non
14,20-118338,2020-09-28,2020-10-28,['11'],marché de fournitures de bureau et papèterie,fns,cmp2006,attribution,initial,CIAS CARCASSONNE AGGLO SOLIDARITE,11000,Carcassonne,,['Papeterie'],[262],non,non
15,20-117221,2020-09-28,2020-10-12,"['11', '34', '31', '30']",Assistance à maitrise d'ouvrage pour la procédure de révision du plan local d'urbanisme,mapa,cmp2006,appeloffre,initial,Commune DE SAINT MARCEL SUR AUDE,11120,Saint Marcel sur AUde,,"[""Assistance à maîtrise d'ouvrage""]",[433],non,non
16,20-118127,2020-09-28,2020-10-23,['11'],Révision des contrats d'assurance de la mairie de Trèbes,fns,cmp2006,appeloffre,initial,ville de Trèbes,11800,Trèbes,,['Assurance'],[20],non,non
17,20-118123,2020-09-28,2020-10-28,['11'],AMO relative à l'accompagnement sur la gestion des équipements aquatiques de Carcassonne Agglo,fns,cmp2006,attribution,initial,CARCASSONNE AGGLO,11890,Carcassonne,"[('2020-09-02', 'ESPELIA', (38575.0, 'EUR'), None)]","[""Assistance à maîtrise d'ouvrage""]",[433],non,non
18,20-118049,2020-09-28,2020-10-20,['12'],achat d'un véhicule de collecte des déchets,fns,cmp2006,appeloffre,initial,Decazeville communauté,12300,Decazeville,,['Benne'],[34],non,non
19,20-118408,2020-09-28,2020-12-26,['6'],"Travaux d'isolation thermique des façades, de la toiture, remplacement des menuiseries extérieures et réhabilitation de la cuisine à l'E.COL.E Paul Eluard à CARROS",fns,cmp2006,attribution,initial,Conseil Rég Provence-Alpes-Côte d'Azur,13003,MARSEILLE,,"['Cuisine (équipement)', 'Etanchéité', 'Isolation']","[77, 117, 169]",non,non
20,20-118192,2020-09-28,2020-10-20,['13'],Dilatation du réseau pluvial avenue du Général Leclerc à Plan-de-Cuques,fns,cmp2006,appeloffre,rectificatif,METROPOLE D AIX MARSEILLE PROVENCE,13007,Marseille,,['Travaux de viabilité'],[353],non,non
21,20-118212,2020-09-28,2020-10-21,['13'],ACCORD-CADRE DE CONCEPTION GRAPHIQUE DE SUPPORTS DE COMMUNICATION INSTITUTIONNELLE POUR LA VILLE D'AIX EN PROVENCE,fns,cmp2006,appeloffre,initial,COMMUNE D AIX EN PROVENCE,13100,Aix-en-Provence,,"['Publicité, Communication', 'Reprographie']","[285, 305]",non,non
22,20-118267,2020-09-28,2020-11-02,['13'],amenagement de la place de la mairie - mise en securite du giratoire de la rd99 et reprise du trottoir de l'avenue de saint remy de provence,mapa,cmp2006,appeloffre,initial,MAIRIE DE SAINT ETIENNE DU GRES,13103,Saint Etienne du Grès,,"['Espaces verts', 'Mobilier urbain', 'Réseaux divers', 'Signalisation', 'Terrassement', 'Voirie', 'Voirie et réseaux divers']","[116, 231, 306, 322, 341, 365, 366]",non,non
23,20-118426,2020-09-28,2020-11-04,['13'],"RENOUVELLEMENT DES RESEAUX D'EAU POTABLE ET D'ASSAINISSEMENT DES EAUX USEES ET LEURS BRANCHEMENTS, CHEMIN DE L'ISOARD - COMMUNE DE MAUSSANE LES ALPILLES",fns,cmp2006,appeloffre,initial,CCVBA,13210,St-Rémy-de-Provence,,"[""Travaux dans l'eau""]",[349],non,non
24,20-118350,2020-09-28,2020-10-30,"['13', '26', '34', '30', '83', '84']",SERVICE DE BLANCHISSERIE DU LINGE DES RESIDENTS DES FOYERS DU CCAS DE LA VILLE DE SALON DE PROVENCE,fns,cmp2006,appeloffre,initial,Ville de Salon de Provence,13300,Salon de provence,,['Blanchisserie (matériel)'],[37],non,oui
25,20-117996,2020-09-28,2020-10-19,"['13', '83']",TRAVAUX DE VOIRIE PROGRAMME 2020,mapa,cmp2006,appeloffre,initial,Commune d'Auriol,13390,AURIOL,,['Voirie'],[365],non,oui
26,20-118217,2020-09-28,2020-10-28,['13'],"Numéro de la consultation : 20FCS26 MISSION DE GARDIENNAGE, DE SURVEILLANCE ET DE SECURITE POUR LES BESOINS DE LA COMMUNE DE PORT DE BOUC",fns,cmp2006,appeloffre,initial,COMMUNE DE PORT DE BOUC,13528,Port de Bouc Cédex,,['Gardiennage'],[138],non,non
27,20-118245,2020-09-28,2020-10-21,['13'],Extension des Arènes Régis CHAUVET - Consultation relancéeCréation d'espaces de stockage,fns,cmp2006,appeloffre,initial,Mairie de Noves,13550,Noves,,['Gros oeuvre'],[144],non,non
28,20-118263,2020-09-28,2020-10-27,['13'],La ville de Vitrolles renouvelle une partie de son parc automobile de véhicules de police.,fns,cmp2006,appeloffre,initial,COMMUNE DE VITROLLES,13743,Vitrolles cedex,,['Véhicules'],[359],non,oui
29,20-118354,2020-09-28,2020-11-25,['13'],"PRESTATIONS DE NETTOYAGE DE LA VITRERIE POUR LA VILLE DE VITROLLES.La ville de Vitrolles envisage de confier à un prestataire, le nettoyage de l'ensemble de la vitrerie des bâtiments communaux d",fns,cmp2006,appeloffre,initial,COMMUNE DE VITROLLES,13743,Vitrolles cedex,,['Nettoyage de locaux'],[239],non,non
30,20-117857,2020-09-28,2020-10-27,['14'],Réalisation de prestations de sophrologie à destination des personnes incarcérées à la maison d arrêt ou au centre pénitentiaire de CAEN,mapa,cmp2006,appeloffre,initial,CENTRE HOSPITALIER UNIVERSITAIRE,14033,Caen,,['Prestations de services'],[274],non,non
31,20-102570,2020-09-28,2020-10-28,['14'],Prestations de travaux pour la réalisation d'une installation de production d'électricité solaire photovoltaïque raccordée au réseau de distribution d'électricité - relance,fns,cmp2006,appeloffre,initial,SYND.DEPT D'ENERGIES DU CALVADOS,14077,CAEN CEDEX 5,,['Photovoltaïque'],[476],non,non
32,20-116477,2020-09-28,2020-10-19,"['15', '63']","acquisition de vêtements, uniformes et équipements de protection",fns,cmp2006,appeloffre,initial,Ville d'Aurillac,15005,Aurillac cedex,,['Habillement'],[150],non,non
33,20-117874,2020-09-28,2020-10-23,['16'],Assistance à maîtrise d'ouvrage dans le cadre d'un projet de Contrat de Performance Energétique pour le Département de la Charente,fns,cmp2006,appeloffre,initial,Département de la Charente,16917,ANGOULEME,,"[""Assistance à maîtrise d'ouvrage""]",[433],non,non
34,20-117970,2020-09-28,2020-10-28,['17'],"Fourniture et pose d'un toboggan aquatique dans le cadre de la réhabilitation, rénovation, restauration partielle du centre aquatique AQUARE.",fns,cmp2006,appeloffre,initial,Communauté de Communes de l'Ile de Ré,17410,Saint martin de ré,,['Piscine'],[265],non,non
35,20-117977,2020-09-28,2020-10-22,['18'],"Fourniture de papier reprographie pour la Communauté d'agglomération Bourges Plus, la ville de Bourges et le Centre communal d'action sociale",fns,cmp2006,appeloffre,initial,COMMUNAUTE AGGLOMERATION BOURGES PLUS,18000,BOURGES,,['Papeterie'],[262],non,non
36,20-117938,2020-09-28,2020-10-15,['18'],Eglise d'Asnières-Les-Bourges - réfection et mise aux normes de l'électricité et de la sécurité incendie,mapa,cmp2006,appeloffre,initial,Ville de Bourges,18000,BOURGES,,['Electricité (travaux)'],[105],non,non
37,20-117994,2020-09-28,2020-11-09,"['20B', '20A']",Numéro de la consultation : 2020-3DIC-0263 RT11 - résorption de points noirs hydrauliques sur la commune de Biguglia,fns,cmp2006,appeloffre,initial,COLLECTIVITE DE CORSE,20187,AJACCIO,,['Voirie et réseaux divers'],[366],oui,non
38,20-118284,2020-09-28,2020-10-27,['20B'],FOURNITURE DE PRODUITS D'ENTRETIEN ET D'HYGIÈNE POUR LES SERVICES DE LA COMMUNAUTÉ D'AGGLOMÉRATION DE BASTIA,fns,cmp2006,appeloffre,initial,Communauté d'Agglomération de Bastia,20291,BASTIA CEDEX,,"[""Produits d'entretien""]",[278],non,non
39,20-118361,2020-09-28,2020-10-19,"['21', '58', '71', '89', '70', '90', '25', '39']","Étude documentaire sur certains édifices culturels et sportifs de la région BFC, dans le cadre du label "" architecture contemporaine remarquable "".",fns,cmp2006,appeloffre,initial,Préfecture région BFC,21041,Dijon Cedex,,['Etude'],[118],non,oui
40,20-118187,2020-09-28,2020-10-30,['21'],surelevation de la plateforme de biologie hospitalo universitaire chu dijon bourgogne,fns,cmp2006,appeloffre,initial,Centre Hospitalier Universitaire Dijon,21079,dijon cedex,,"['Bardage', 'Etanchéité', 'Gros oeuvre', 'Menuiserie', 'Serrurerie', ""Tous corps d'état""]","[30, 117, 144, 222, 321, 345]",non,non
41,20-118287,2020-09-28,2020-11-30,['21'],travaux de securisation plateforme de biologie hospitalo-universitaire chu dijon bourgogne,fns,cmp2006,attribution,initial,Centre Hospitalier Universitaire Dijon,21079,dijon cedex,"[('2020-08-21', 'Id Verde', (76513.0, 'EUR'), None), ('2020-08-21', 'ACS2', (88000.0, 'EUR'), None), ('2020-08-21', 'Spie Industrie & Tertiaire', (15200.0, 'EUR'), None)]","[""Contrôle d'accès"", 'Matériel de sécurité', 'Voirie et réseaux divers', 'Porte automatique, portail', 'Télésurveillance']","[81, 209, 366, 412, 415]",non,non
42,20-118422,2020-09-28,2020-11-30,['21'],refection des revetements de sol en resine bâtiment 44 - cuisine centrale chu dijon bourgogne,fns,cmp2006,attribution,initial,Centre Hospitalier Universitaire Dijon,21079,dijon cedex,"[('2020-09-03', '4M France', (185760.85, 'EUR'), None)]",['Revêtements de sols'],[308],non,non
43,20-118232,2020-09-28,2020-11-30,['21'],refection des enrobes site de la blanchisserie chu dijon bourgogne,fns,cmp2006,attribution,initial,Centre Hospitalier Universitaire Dijon,21079,dijon cedex,"[('2020-08-18', 'Colas Nord Est', (74278.73, 'EUR'), None)]",['Voirie'],[365],non,non
44,20-117965,2020-09-28,2020-11-27,['21'],La présente consultation concerne : Contrats de Maintenance Equipements 2021CM.2021.07 : Maintenance de la nacelle APLITEMCM.2021.08 : Maintenance des AutocommutateursCM.2021.09 : Maintenance d..,fns,cmp2006,appeloffre,initial,Hospices Civils de Beaune,21203,Beaune,,['Maintenance'],[196],non,non
45,20-118195,2020-09-28,2020-10-16,['22'],installation et exploitation d'un chapiteau de cirque durant les festivités de fin d'année au parc des promenades,fns,cmp2006,appeloffre,initial,Ville de Saint-Brieuc,22023,Saint-Brieuc,,['Spectacle'],[472],non,non
46,20-118279,2020-09-28,2020-10-23,['22'],Travaux de réaménagement du lotissement de Bel Air,fns,cmp2006,appeloffre,initial,Mairie de Brusvily,22100,Brusvily,,['Voirie'],[365],non,non
47,20-118086,2020-09-28,2020-10-30,"['25', '68']","Conception, réalisation, certification d'un système d'expérimentation instrumentée haute pression sous gaz permettant la caractérisation de matériaux aux phénomènes de cavitation et de permé",fns,cmp2006,appeloffre,initial,Université de Franche-Comté,25030,Besançon cedex,,['Laboratoire (matériel)'],[188],non,non
48,20-118024,2020-09-28,2020-10-29,['25'],"Fournitures de pièces industrielles, de mécanique générale et d'accessoires de distribution",fns,cmp2006,appeloffre,initial,Grand Besançon Métropole,25043,BESANCON,,"['Mécanique', 'Pièces détachées']","[221, 266]",non,non
49,20-117629,2020-09-28,2020-10-15,['25'],remplacement de 142 blocs portes palières,fns,cmp2006,appeloffre,initial,Grand Besançon Habitat,25052,Besançon Cedex,,['Menuiserie'],[222],non,non
50,20-118442,2020-09-28,2020-11-13,['26'],Le présent marché de travaux concerne les travaux préalables à l'opération de relogement de l'agence de Romans sur Isère (26100 ROMANS SUR ISERE). Elle se traduira par l'aménagement d&a,fns,cmp2006,appeloffre,initial,CPAM DE LA DROME,26024,Valence cedex,,"['Chauffage (travaux)', 'Electricité (travaux)', 'Menuiserie', 'Plâtrerie', 'Sanitaire']","[61, 105, 222, 269, 319]",non,non
51,20-118115,2020-09-28,2020-10-30,"['27', '76']",Construction de 14 logements individuels à Pitres,fns,cmp2006,appeloffre,initial,Le Logement Familial de l'Eure,27000,Evreux,,['Bâtiment'],[33],oui,oui
52,20-117984,2020-09-28,2020-11-27,['27'],Mission de contrôle de service fait pour des dossiers subventionnés aux titres de l'assistance technique du Fonds Social Européen et des crédits départementaux,fns,cmp2006,appeloffre,initial,Département de l'Eure,27000,ÉVREUX,,['Prestations de services'],[274],non,non
53,20-117905,2020-09-28,2020-10-07,['29'],Travaux de rénovation du poste d'accès routier d'inspection filtrage de l'aéroport Brest Bretagne,fns,cmp2006,appeloffre,annulation,CCI METROPOLITAINE BRETAGNE OUEST,29200,Brest,,"[""Tous corps d'état""]",[345],non,non
54,20-118207,2020-09-28,2020-11-06,['31'],"Fourniture, paramétrage et maintenance d'un outil de gestion de la relation avec les riverains (CRM)",fns,cmp2006,appeloffre,initial,SOC DE LA MOBILITE DE AGGL TOULOUSAINE,31004,TOULOUSE,,['Informatique (prestations de services)'],[163],non,non
55,20-118065,2020-09-28,2020-10-10,"['31', '9', '81', '82']",Remise aux normes de la distribution électrique du bâtiment Lavoisier de la Météopole à Toulouse,mapa,cmp2006,appeloffre,initial,METEO FRANCE,31057,Toulouse cedex 1,,['Electricité (travaux)'],[105],non,non
56,20-118012,2020-09-28,2020-10-12,['31'],Création d'une piste d'athlétisme et d'un terrain de football au parc de Lagarde,fns,cmp2006,appeloffre,rectificatif,Ville de Balma,31132,BALMA,,['Terrain de sport'],[342],non,non
57,20-118276,2020-09-28,2020-10-21,['31'],Transport scolaire et du Pôle sport de la commune de Fenouillet,fns,cmp2006,appeloffre,initial,Ville de Fenouillet,31151,"Fenouillet,",,['Transport'],[347],non,non
58,20-117993,2020-09-28,2020-10-23,['32'],MAÎTRISE D'OEUVRE POUR LES TRAVAUX DE MISE EN CONFORMITÉ DES OUVRAGES HYDRAULIQUES DES LACS DU LIZET ET DE BOUSQUETARA (32),fns,cmp2006,appeloffre,initial,Département de Gers,32022,Auch,,"[""Maîtrise d'oeuvre""]",[197],non,non
59,20-86696,2020-09-28,2020-11-28,['33'],Travaux de Mise en accessibilité pour le groupe scolaire Paul BERT à Bordeaux,fns,cmp2006,attribution,initial,COMMUNE DE BORDEAUX,33045,Bordeaux,,['Bâtiment'],[33],non,non
60,20-110052,2020-09-28,2020-10-12,"['9', '65']",location de matériels de ski au profit des unités et détachements rattachés au groupement de soutien de la base de défense toulouse tarbes castres (2 lots),fns,cmp2006,appeloffre,initial,SCA/PFAF SO,33068,Bordeaux cedex,,['Equipement sportif'],[113],non,non
61,20-104973,2020-09-28,2020-12-31,['33'],accord cadre multi-attributaires pour les travaux d'entretien des bâtiments de la ville de cenon,fns,cmp2006,attribution,initial,Commune de Cenon,33150,Cenon,,"['Démolition', 'Maçonnerie', 'Peinture (travaux)', 'Revêtements de sols', 'Amiante (désamiantage)']","[87, 195, 264, 308, 479]",non,non
62,20-68955,2020-09-28,2020-12-31,['33'],accord cadre pour les travaux d'entretien et d'amélioration des bâtiments communaux de la ville de cenon - relance des lots 4 et 7,fns,cmp2006,attribution,initial,Commune de Cenon,33152,Cenon,,"['Menuiserie', 'Vitrerie']","[222, 363]",non,non
63,20-118060,2020-09-28,2020-10-31,['33'],Marchés d assurances de la commune de PREIGNAC : 1. Lot no1 Assurance Multirisques Patrimoine Immobilier et Contenu2. Lot no2 Assurance responsabilité civile et protection 3. Lot no3 Assurance f..,fns,cmp2006,appeloffre,initial,Commune de Preignac,33210,Preignac,,['Assurance'],[20],non,non
64,20-117845,2020-09-28,2020-10-30,['33'],Construction d'un centre aquatique,joue,directive24,attribution,initial,CC MEDOC COEUR DE PRESQU ILE,33340,Lesparre médoc,,"['Abris', 'Piscine']","[1, 265]",non,non
65,20-118050,2020-09-28,2020-11-06,['33'],La souscription des contrats d'assurances pour la commune de BERSON,fns,cmp2006,appeloffre,initial,COMMUNE DE BERSON,33390,Berson,,['Assurance'],[20],non,non
66,20-118405,2020-09-28,2020-10-08,['33'],Numéro de la consultation : 20STITLK07-02 Restructuration du 2ème étage pour l'aménagement du service de neuro-réanimation - GH Pellegrin,fns,cmp2006,appeloffre,rectificatif,CHU DE BORDEAUX,33400,TALENCE,,['Bâtiment'],[33],non,non
67,20-118449,2020-09-28,2020-11-09,['34'],Externalisation de la paie et de la comptabilité,fns,cmp2006,appeloffre,initial,Syndicat mixte PRAE Nicolas APPERT,34064,Montpellier Cedex 2,,"['Assistance technique', 'Expertise comptable']","[19, 446]",non,non
68,20-118081,2020-09-28,2020-12-15,['34'],Accompagnement de COGITIS à la certification HDS - hébergeur infogéreur de données de santé,fns,cmp2006,appeloffre,rectificatif,COGITIS Syndicat mixte,34193,Montpellier cedex 5,,"['Audit', 'Etude']","[21, 118]",non,non
69,20-118318,2020-09-28,2020-11-28,['34'],mission d'assistance à maîtrise d'ouvrage pour l'élaboration des schémas directeurs d'assainissement des eaux usées et d'alimentation en eau potable,mapa,cmp2006,attribution,initial,Cté Cnes du Grand Pic St Loup,34270,Saint Mathieu de Tréviers,,['Etude'],[118],non,non
70,20-118055,2020-09-28,2020-11-12,['34'],séjours nature et ferme 3 jours 2021,mapa,cmp2006,appeloffre,initial,CAISSE DES ECOLES,34300,Agde cedex,,['Voyage'],[367],non,non
71,20-118116,2020-09-28,2020-11-05,['35'],Travaux d'uniformisation et d'extension du système de contrôle d'accès mise en uvre dans le cadre de la ligne b du métro de Rennes Métropole.,fns,cmp2006,appeloffre,initial,Rennes Métropole,35000,RENNES,,"[""Contrôle d'accès"", 'Informatique (maintenance serveurs et réseaux)']","[81, 454]",non,non
72,20-118300,2020-09-28,2020-10-20,['35'],"Prestations de rédaction de procès-verbaux pour les instances de l'EHESP à savoir, le Conseil d'administration (CA), le Conseil scientifique (CS), le Conseil des formations (CF), le Comité t",fns,cmp2006,appeloffre,initial,École hautes études en santé publique,35043,Rennes cedex,,['Prestations de services'],[274],non,non
73,20-118083,2020-09-28,2020-10-16,['35'],EXECUTION DE SERVICES DE TRANSPORTS SCOLAIRES POUR LA REGION BRETAGNE DU 4 JANVIER AU 6 JUILLET 2021 - 6 LOTS,fns,cmp2006,appeloffre,initial,Région Bretagne,35711,Rennes cedex,,['Transport'],[347],non,oui
74,20-118370,2020-09-28,2020-10-12,['37'],Opération exhumation cimetières de Saint-cyr-sur-loire,mapa,cmp2006,appeloffre,initial,Ville de Saint-Cyr-Sur-Loire,37541,Saint-cyr-sur-loire,,['Cercueils'],[55],non,non
75,20-118358,2020-09-28,2020-11-12,['49'],Fourniture de biens et services liés à la fourniture de produits d'hygiène et consommables,fns,cmp2006,appeloffre,initial,Cacic-public,37552,Saint-Avertin cedex,,"['Droguerie', 'Produits chimiques']","[95, 275]",non,non
76,20-118137,2020-09-28,2020-10-16,['38'],Assurance dommages ouvrage pour l'opération de réhabilitation de la résidence autonomie Pierre Sémard,mapa,cmp2006,appeloffre,rectificatif,Commune de Saint-Martin-d'Hères,38401,SAINT-MARTIN-D'HERES CEDEX,,['Assurance'],[20],non,non
77,20-117959,2020-09-28,2020-11-03,['40'],Marché d'assurancesDommages aux biensResponsabilité civile,mapa,cmp2006,appeloffre,initial,EHPAD des 5 étangs,40140,SOUSTONS,,['Assurance'],[20],non,non
78,20-118239,2020-09-28,2020-10-13,"['49', '44', '85']",Travaux de remise en état de l'assainissement pluviale le long de la RN 249 dans le département du Maine et Loire,mapa,cmp2006,appeloffre,initial,DIR OUEST,44104,Nantes cedex 4,,['Terrassement'],[341],non,non
79,20-117896,2020-09-28,2020-12-09,['44'],Extension de la station d'épuration des Basses Naudais sur la commune d'Héric,fns,cmp2006,appeloffre,rectificatif,Cté de Communes d'Erdre et Gesvres,44119,Grandchamp des Fontaines,,['Assainissement'],[18],non,non
80,20-118299,2020-09-28,2020-10-19,['44'],Remplacement du chaland no 43 - Mise en oeuvre de deux pieux de guidage,fns,cmp2006,appeloffre,initial,GPM de Nantes - St Nazaire,44186,Nantes,,['Installation portuaire'],[165],non,non
81,20-117901,2020-09-28,2020-10-30,"['44', '35', '53', '85']",Accord cadre de fourniture de vêtements de travail et d' EPI (équipement de protection individuelle) et accessoires pour la ville de Couëron,fns,cmp2006,appeloffre,rectificatif,Mairie de Coueron,44220,Coueron,,"['Chaussures ou articles chaussants', 'Equipements spécialisés', 'Habillement']","[79, 115, 150]",non,non
82,20-118004,2020-09-28,2020-11-30,['44'],"Marché public de prestations de services portant sur la gestion administrative, commerciale et financière d'une partie du domaine portuaire fluvial, situé sur la Commune de Sucé-sur-Erdre.",mapa,cmp2006,appeloffre,initial,Mairie de Sucé sur Erdre,44240,SUCE-SUR-ERDRE,,"['Installation portuaire', 'Prestations de services']","[165, 274]",non,non
83,20-117981,2020-09-28,2020-11-20,['44'],saint aignan de grand lieu - sécurisation des cheminements piétons avenue de frémiou,fns,cmp2006,appeloffre,initial,Nantes Métropole,44923,Nantes cedex 9,,['Voirie'],[365],non,oui
84,20-118440,2020-09-28,2020-10-20,['49'],"Mission de coordination sécurité et protection de la santé relative à la restructuration de l'atelier de vinification, 2ème tranche au lycée Edgard Pisani à Montreuil Bellay (49)",fns,cmp2006,appeloffre,initial,Conseil régional des Pays de la Loire,44966,Nantes cedex 9,,['Prestations de services'],[274],non,non
85,20-118210,2020-09-28,2020-11-02,['45'],Travaux de sécurisation des sites de production d'eau potable (2 lots),fns,cmp2006,appeloffre,initial,Orléans Métropole,45058,Orléans,,"['Forage', 'Réservoir']","[132, 307]",non,non
86,20-108855,2020-09-28,2020-11-13,['45'],fournitures de denrées alimentaires pour le service de restauration et d'hébergement du lycée en forêt à montargis annee 2021,mapa,cmp2006,appeloffre,initial,Lycée EN FORET,45207,Montargis,,['Denrées alimentaires'],[88],non,non
87,20-118414,2020-09-28,2020-12-26,['46'],Restauration du libre écoulement du Négreval et amélioration de la passe à poissons du moulin de Barroi - COMMUNE DE GAGNAC-SUR-CERE opérations 17338 et 22301,mapa,cmp2006,attribution,initial,SMDMCA,46600,CREYSSE,,"['Génie civil', 'Maçonnerie', 'Mur de soutènement', 'Passe à poissons', 'Rivières/ruisseaux']","[141, 195, 233, 287, 310]",non,non
88,20-118416,2020-09-28,2020-12-26,['46'],"Travaux et fournitures de matériels de clôture fixes, d'abreuvement au pré et de franchissement des cours d'eau - Bassin versant du Tournefeuille - opération 201723801",mapa,cmp2006,attribution,initial,SMDMCA,46600,CREYSSE,,"['Berge', 'Clôture', 'Passerelle', 'Rivières/ruisseaux', 'Terrassement']","[35, 64, 286, 310, 341]",non,non
89,20-118173,2020-09-28,2020-10-28,['47'],ACQUISITION D'UN ENGIN PORTE-OUTILS DE PETITES DIMENSIONS,fns,cmp2006,attribution,initial,Département de Lot-et-Garonne,47922,AGEN,"[('2020-09-26', 'CANE JEAN', (139500.0, 'EUR'), None)]","['Machines-outils', 'Matériaux routiers']","[194, 199]",non,non
90,20-118147,2020-09-28,2020-11-03,"['53', '49']",Exploitation de distributeurs automatiques pour la CCI de Mayenne,mapa,cmp2006,appeloffre,initial,CCI de Mayenne,49000,Angers,,['Boisson'],[39],non,oui
91,20-118335,2020-09-28,2020-11-02,"['49', '44']","conception et réalisation de deux séries audiovisuelles, l'une traitant d'un point d'actualité de la rénovation urbaine à monplaisir et l'autre de l'actualité de la rénovation urbaine à belle-beille.",mapa,cmp2006,appeloffre,initial,Angers Loire Métropole,49020,Angers cedex 02,,"['Publicité, Communication', 'Vidéo, cinéma']","[285, 362]",non,non
92,20-117223,2020-09-28,2020-10-23,['49'],"Mission de maîtrise d'oeuvre pour la réhabilitation des réseaux d'eaux usées, d'eaux pluviales et d'eau potable du secteur des halles de cholet",fns,cmp2006,appeloffre,initial,CA Agglomération du Choletais,49321,Cholet cedex,,"[""Maîtrise d'oeuvre""]",[197],non,non
93,20-118223,2020-09-28,2020-10-19,['50'],RD 18 - Aménagement de la traverse du bourg d'HeusséCommune du Teilleul,fns,cmp2006,appeloffre,initial,DEPARTEMENT DE LA MANCHE,50050,Saint-Lo,,['Voirie'],[365],oui,non
94,20-118099,2020-09-28,2020-10-13,['50'],Formation des élus à la commande publique,mapa,cmp2006,appeloffre,initial,Communauté d'Agglomération du Cotentin,50130,Cherbourg en Cotentin,,['Formation'],[410],non,non
95,20-118305,2020-09-28,2020-10-26,['50'],TRAVAUX DE REFECTION DE LA COUVERTURE EN PIERRE DE L'EGLISE NOTRE DAME A URVILLE-NACQUEVILLE,fns,cmp2006,appeloffre,initial,Commune de la hague,50442,La Hague,,['Couverture'],[74],non,non
96,20-118040,2020-09-28,2020-10-28,['53'],"Mission de contrôle technique, de coordination sécurité et protection de la santé et étude géotechnique dans le cadre du projet de rénovation de la cuisine centrale du Centre Hospitalier de Laval",mapa,cmp2006,appeloffre,initial,Centre Hospitalier de Laval (53),53015,Laval Cedex,,['Etude'],[118],non,non
97,20-118118,2020-09-28,2020-10-28,['54'],Fourniture de dispositifs médicaux stériles : pansements neuro-chirurgicaux,mapa,cmp2006,attribution,initial,CHRU de Nancy,54035,Nancy cedex,,['Consommables médicaux'],[69],non,non
98,20-118328,2020-09-28,2020-10-20,['54'],Mobilité douce des Trois Frontières-.,fns,cmp2006,appeloffre,initial,CA DE LONGWY,54414,LONGWY CEDEX,,"[""Tous corps d'état""]",[345],oui,non
99,20-118047,2020-09-28,2020-10-28,['56'],RENATURATION DE L'YVEL AU NIVEAU DE LA RD 303,fns,cmp2006,attribution,initial,Département du Morbihan,56009,VANNES CEDEX,"[('2020-09-25', 'CALOU TP (LAJAUNIAS PASCAL)', (111210.0, 'EUR'), None)]","['Enrochements', 'Terrassement', ""Travaux dans l'eau""]","[110, 341, 349]",non,non
100,20-118088,2020-09-28,2020-10-28,['56'],Programme eau potable 2020 - Gâvres Locmiquélic,fns,cmp2006,attribution,initial,Lorient Agglomération,56314,Lorient cedex,"[('2020-09-03', 'Mahé Hubert', (218474.5, 'EUR'), None)]",['Assainissement'],[18],non,non
101,20-118125,2020-09-28,2020-11-20,['57'],"Acquisition de billetterie dans le cadre de l'opération SENTINELLE au profit du Groupement de Soutien de la Base de Défense de Strasbourg-Haguenau-Illkirch-Colmar, avec exécution possible par car",fns,cmp2006,attribution,initial,Plate Forme Achats Finances Nord Est,57044,Metz cedex 1,,['Evénementiel'],[445],non,non
102,20-118286,2020-09-28,2020-10-16,['57'],"CONCEPTION DU JOURNAL DE TERVILLE, DU RETOUR EN IMAGES ET DES SUPPORTS DE COMMUNICATION",mapa,cmp2006,appeloffre,initial,Ville de Terville,57180,TERVILLE,,"['Publicité, Communication']",[285],non,non
103,20-118384,2020-09-28,2020-10-30,['59'],Travaux d'extension de la pharmacie à usage d'intérieur en vue d'accueillir le robot RIVA.,fns,cmp2006,appeloffre,initial,CHU DE LILLE,59037,Lille cedex,,"[""Tous corps d'état""]",[345],non,non
104,20-118134,2020-09-28,2020-10-28,['59'],Maitrise d'oeuvre pour le remplacement de l'ensemble des menuiseries extérieures et la mise en oeuvre d'une isolation thermique extérieure et d'un bardage à la mie de Denain.,fns,cmp2006,attribution,initial,COM D AGGL DE LA PORT DU HAINAUT,59135,Wallers,,"[""Maîtrise d'oeuvre""]",[197],non,non
105,20-117939,2020-09-28,2020-10-25,['59'],"Le marché, aura pour objet, l'exécution de missions de maîtrise d'oeuvre pour l'aménagement du parc d'activités pour l'agroalimentaire Agropark de la ZAC à BOURBOURG (59 630).",fns,cmp2006,appeloffre,initial,SPAD,59140,Dunkerque,,"[""Maîtrise d'oeuvre""]",[197],non,non
106,20-118161,2020-09-28,2020-10-28,['59'],mapa-2020-1005 à 1012 accord-cadre à bons de commande pour l'entretien et l'aménagement du parc immobilier du ght du hainaut cambrésis peinture et revêtements de sols,fns,cmp2006,attribution,initial,Centre hospitalier de Valenciennes,59322,Valenciennes,,"['Peinture (travaux)', 'Revêtements de sols']","[264, 308]",non,non
107,20-118153,2020-09-28,2020-10-28,['59'],mapa-2002-1013 à 1014 entretien et aménagement du parc immobilier du ght hainaut cambrésis peinture et revêtements de sols,fns,cmp2006,attribution,initial,Centre hospitalier de Valenciennes,59322,Valenciennes,,"['Peinture (travaux)', 'Revêtements de sols']","[264, 308]",non,non
108,20-118144,2020-09-28,2020-10-28,['59'],mapa 2020-1024 à 1028 entretien et aménagement du parc parc immobilier du ght du hainaut cambrésis. lot gros OEuvre,fns,cmp2006,attribution,initial,Centre hospitalier de Valenciennes,59322,Valenciennes,,['Gros oeuvre'],[144],non,non
109,20-118034,2020-09-28,2020-10-19,['59'],"accord-cadre à marchés subséquents pour l'achat, la livraison et l'installation de mobiliers de bureau.",mapa,cmp2006,attribution,initial,Ville d'Anzin,59416,Anzin cedex,,['Mobilier'],[230],non,non
110,20-117967,2020-09-28,2020-10-19,['59'],évaluation de l'impact de la cité éducative anzin - valenciennes et propositions d'axes d'amélioration continue.,mapa,cmp2006,attribution,initial,Ville d'Anzin,59416,Anzin cedex,[],['Prestations de services'],[274],non,non
111,20-118423,2020-09-28,2020-10-30,"['59', '2', '60', '62', '80']","ASSURANCE DOMMAGES OUVRAGE pour lopération "" Travaux de reprise des désordres suite à sinistre et remise en état du lycée professionnel Guy Debeyre à Dunkerque (59) """,mapa,cmp2006,appeloffre,initial,Région Hauts-de-France,59555,LILLE,,['Assurance'],[20],non,non
112,20-117969,2020-09-28,2020-10-27,['59'],Assurances du SIAD 2021-2025,fns,cmp2006,appeloffre,initial,Siad,59723,Denain cedex,,['Assurance'],[20],non,non
113,20-117858,2020-09-28,2020-10-30,['59'],Diagnostic amont et du plan d'actions pour la réduction des micropolluants sur le bassin de la station d'épuration de Wavrechain-sous-Denain.,mapa,cmp2006,appeloffre,initial,Siad,59723,Denain cedex,,['Assainissement'],[18],non,non
114,20-117046,2020-09-28,2020-10-16,['60'],fourniture d'objets et textiles publicitaires durables destinés à la promotion du département de l'oise,fns,cmp2006,appeloffre,initial,Conseil Départemental de l'Oise,60000,Beauvais,,"['Textile', 'Objet publicitaire']","[343, 464]",oui,oui
115,20-118213,2020-09-28,2020-10-12,['60'],"Marché de travaux d'installation, d'entretien et de dépose des illuminations de fin d'année 2020/2021 de la ville de Beauvais",fns,cmp2006,appeloffre,initial,VILLE DE BEAUVAIS,60021,Beauvais,,['Illumination'],[170],non,non
116,20-118413,2020-09-28,2020-11-06,"['60', '59', '95', '75', '92']",FOURNITURE ET LIVRAISON DE REPAS EN LIAISON FROIDE ET DE GOUTERS POUR LA RESTAURATION DES ENFANTS DU MULTI-ACCUEIL INTERCOMMUNAL,fns,cmp2006,appeloffre,initial,COMMUNAUTE DE COMMUNES DU VEXIN-THELLE,60240,CHAUMONT EN VEXIN,,['Restauration collective'],[66],non,oui
117,20-117904,2020-09-28,2020-10-20,['60'],°°°Maintenance préventive et corrective des bornes d'arrêt-minute pour la ville de compiègne°°°,fns,cmp2006,appeloffre,initial,Ville de Compiègne,60321,Compiègne Cédex,,['Maintenance'],[196],non,non
118,20-117861,2020-09-28,2020-12-26,['60'],RÉHABILITATION D'UNE ANCIENNE ECOLE MATERNELLE EN MAISON DES ASSISTANTS MATERNELS ET MAISON DES ASSOCIATIONS D'ANDEVILLE,fns,cmp2006,attribution,initial,Mairie d'Andeville,60570,ANDEVILLE,,"['Bâtiment', 'Chauffage (travaux)', 'Electricité (travaux)', 'Peinture (travaux)', 'Plomberie (travaux)']","[33, 61, 105, 264, 270]",non,non
119,20-118023,2020-09-28,2020-11-06,['60'],services d'assurances pour la commune de la croix saint ouen,mapa,cmp2006,appeloffre,initial,Ville de La Croix saint Ouen,60610,la croix saint ouen,,['Assurance'],[20],non,non
120,20-118059,2020-09-28,2020-10-28,['62'],Accord cadre à bons de commande pour les travaux de signalisation horizontale sur le terrioire de la Communauté Urbaine d'Arras,fns,cmp2006,appeloffre,initial,Communauté Urbaine d'Arras,62026,Arras cedex,,['Signalisation'],[322],non,non
121,20-117999,2020-09-28,2020-10-20,"['62', '59']","Fabrication, fourniture et livraison de chèque d'accompagnement personnalisés - tickets services",fns,cmp2006,appeloffre,initial,COMMUNE DE BOULOGNE SUR MER,62200,BOULOGNE SUR MER,,['Imprimés'],[161],non,non
122,20-118109,2020-09-28,2020-10-26,['62'],fourniture et livraison de végétaux pour le service espaces verts de la ville d'outreau,fns,cmp2006,appeloffre,initial,COMMUNE D OUTREAU,62230,Outreau,,['Végétaux'],[358],non,non
123,20-118421,2020-09-28,2020-11-09,"['62', '59']",Souscription des contrats d'assurance pour la commune de Guines,fns,cmp2006,appeloffre,initial,Ville de Guînes,62340,Guines,,['Assurance'],[20],non,non
124,20-118175,2020-09-28,2020-10-19,['62'],Travaux de réhabilitation de l'aire d'accueil des gens du voyage à Isbergues (rectificatif),fns,cmp2006,appeloffre,rectificatif,CA DE BETHUNE BRUAY ARTOIS LYS ROMANE,62411,Béthune,,"[""Ouvrage d'infrastructure"", 'Voirie et réseaux divers']","[253, 366]",non,non
125,20-117630,2020-09-28,2020-10-21,['62'],Réalisation d'un audit organisationnel et des ressources humaines et financières de la Communauté d'agglomération de Béthune Bruay Artois Lys Romane.,fns,cmp2006,appeloffre,initial,CA DE BETHUNE BRUAY ARTOIS LYS ROMANE,62411,Béthune,,['Etude'],[118],non,non
126,20-118113,2020-09-28,2020-10-22,['62'],Démolition des locaux situés aux 270 et 272 rue Germain Delebecque,fns,cmp2006,appeloffre,initial,Mairie de LIEVIN,62800,LIEVIN,,['Démolition'],[87],non,non
127,20-118076,2020-09-28,2020-10-14,['63'],"RESTAURATION DE LA CRYPTE ET DE LA SACRISTIE BASILIQUE NOTRE DAME DU PORT - Relance des lots 3, 4 et 7",fns,cmp2006,appeloffre,rectificatif,Ville de Clermont-Ferrand,63007,CLERMONT-FERRAND,,['Abonnement'],[2],non,non
128,20-118132,2020-09-28,2020-11-04,['63'],Extension et restructuration du Centre de secours - Place du marché - 63590 CUNLHAT,fns,cmp2006,appeloffre,initial,S.D.I.S du Puy-de-Dôme,63008,CLERMONT FERRAND,,"[""Tous corps d'état""]",[345],non,non
129,20-118221,2020-09-28,2020-11-02,['63'],"Numéro de la consultation : 20FCSASSURANCES Marchés public d'assurances du SMTC-ACLot 01:Assurance multirisque dommage (dommages aux biens, RC liée à l'occupation des locaux).Lot 02:Respon",fns,cmp2006,appeloffre,initial,SMTC 63,63063,CLERMONT FERRAND,,['Assurance'],[20],non,non
130,20-118091,2020-09-28,2020-10-19,['64'],Fourniture d'un véhicule utilitaire plateau,mapa,cmp2006,appeloffre,initial,Ville de Bidart,64210,BIDART,,['Véhicules (acquisition)'],[475],non,non
131,20-117880,2020-09-28,2020-10-28,['64'],mise en conformité incendie de la villa jai alai,fns,cmp2006,appeloffre,initial,Ville de Saint Jean de Luz,64502,Saint-Jean-de-Luz Cedex,,"['Alarme', 'Electricité (travaux)', 'Menuiserie', 'Peinture (travaux)', 'Plâtrerie', 'Revêtements de sols', 'Sécurité incendie']","[5, 105, 222, 264, 269, 308, 332]",non,non
132,20-117931,2020-09-28,2020-10-12,['65'],AMENAGEMENT DU SQUARE MARIATEGUI,fns,cmp2006,appeloffre,rectificatif,VILLE DE TARBES,65000,TARBES,,"['Eclairage public', 'Végétaux', 'Voirie et réseaux divers']","[102, 358, 366]",non,non
133,20-118218,2020-09-28,2020-10-30,['65'],MAISON DU CHEVAL DES HARAS - RESTAURATION DE LA COUVERTURE ET DES FAÇADES EXTÉRIEURES;,fns,cmp2006,appeloffre,initial,VILLE DE TARBES,65000,TARBES,,"['Couverture', 'Maçonnerie', 'Menuiserie', 'Vitraux']","[74, 195, 222, 418]",non,non
134,20-117918,2020-09-28,2020-12-27,['65'],diagnostic géotechniquemission g5pour l'installation de conteneurs enterrés et semi-enterrés,fns,cmp2006,attribution,initial,SYNDICAT MIXTE DE COLLECTE DES DECHETS,65460,Bours,,['Etude'],[118],non,non
135,20-118453,2020-09-28,2020-10-14,['66'],Travaux d'accessibilité PMR - Écoles primaires et crèche halte garderie,fns,cmp2006,appeloffre,initial,MAIRIE DE RIVESALTES,66600,RIVESALTES,,"['Bâtiment', 'Electricité (travaux)', 'Gros oeuvre', 'Maçonnerie', ""Ouvrage d'infrastructure""]","[33, 105, 144, 195, 253]",non,non
136,20-118407,2020-09-28,2020-12-26,['66'],"ACQUISITION, MISE EN OEUVRE ET MAINTENANCE D'UNE SOLUTION INFORMATIQUE WEB DE GESTION DE LA PROTECTION MATERNELLE INFANTILE (PMI)",fns,cmp2006,attribution,initial,DEPARTEMENT DES PYRENEES-ORIENTALES,66906,PERPIGNAN,[],['Informatique (prestations de services)'],[163],non,non
137,20-118320,2020-09-28,2020-12-26,['66'],ACQUISITION ET DEVELOPPEMENT D'UNE SOLUTION LOGICIELLE POUR LA GESTION DES ORGANISMES ASSOCIES,fns,cmp2006,attribution,initial,DEPARTEMENT DES PYRENEES-ORIENTALES,66906,PERPIGNAN,"[('2020-09-04', 'Smart Public', (124500, 'EUR'), None)]",['Informatique (prestations de services)'],[163],non,non
138,20-118317,2020-09-28,2020-12-26,['66'],"ACQUISITION, MISE EN OEUVRE ET MAINTENANCE D'UNE SOLUTION INFORMATIQUE INTRANET",fns,cmp2006,attribution,initial,DEPARTEMENT DES PYRENEES-ORIENTALES,66906,PERPIGNAN,"[('2020-09-17', 'Anyware Services', (164157, 'EUR'), None)]",['Logiciel'],[186],non,non
139,20-118410,2020-09-28,2020-12-26,['66'],CONSTRUCTION D'UNE SERRE PEDAGOGIQUE AU COLLEGE MARCEL PAGNOL,fns,cmp2006,attribution,initial,DEPARTEMENT DES PYRENEES-ORIENTALES,66906,PERPIGNAN,[],"[""Tous corps d'état""]",[345],non,non
140,20-118075,2020-09-28,2020-10-23,['66'],Groupe scolaire Anatole FRANCE - Remplacement des éclairages,fns,cmp2006,appeloffre,initial,COMMUNE DE PERPIGNAN,66931,PERPIGNAN CEDEX,,"['Electricité (travaux)', 'Peinture (travaux)']","[105, 264]",non,non
141,20-117902,2020-09-28,2020-12-21,['67'],La présente consultation concerne la mise en place d'un accord-cadre relatif à l'établissement de la paie et des déclarations sociales pour le compte de la Compagnie des Transport du Bas-Rhi,fns,cmp2006,appeloffre,initial,Société Publique Locale - Compagnie de,67000,Strasbourg,,['Expertise comptable'],[446],non,non
142,20-118428,2020-09-28,2020-10-20,"['67', '57', '68']",Fourniture de panneaux de signalisation fluviale,fns,cmp2006,appeloffre,initial,Voies navigables de France,67010,Strasbourg,,['Panneaux'],[261],non,non
143,20-117961,2020-09-28,2020-11-28,['67'],FOURNITURE ET LIVRAISON DE CHLORE GAZEUX ET ACCESSOIRES POUR LE TRAITEMENT DE L'EAU POTABLE,fns,cmp2006,attribution,initial,SDEA ALSACE MOSELLE,67013,Strasbourg cedex,"[('2020-09-24', 'STE GAZECHIM', (189060, 'EUR'), None)]",['Produits chimiques'],[275],non,oui
144,20-118441,2020-09-28,2020-10-29,"['57', '67', '68']","Chaque lot de la consultation (2) a pour objet la réalisation des travaux sur un bâtiment donné, l'exécution aura donc lieu sur chacun des sites décrits ci-dessous : 1.16 Pavillons des 4-6-8-10-",fns,cmp2006,appeloffre,initial,IN'LI GRAND EST,67084,Strasbourg cedex,,"[""Tous corps d'état""]",[345],non,non
145,20-117913,2020-09-28,2020-10-29,['67'],La présente consultation porte sur la réalisation de travaux pour assurer la mise en sécurité du bâtiment Oberlin suite au passage et à l'émission d'un avis défavorable de la commission de s,fns,cmp2006,appeloffre,initial,HOPITAUX UNIVERSITAIRES DE STRASBOURG,67091,Strasbourg cedex,,['Matériel de sécurité'],[209],non,non
146,20-117889,2020-09-28,2020-10-23,['68'],Fourniture de produits à vocation d'hygiène hospitalière et de désinfection,fns,cmp2006,appeloffre,initial,Hôpitaux Civils de Colmar,68024,Colmar,,['Maintenance'],[196],non,non
147,20-118052,2020-09-28,2020-10-19,"['68', '67']",Le présent marché a pour projet l'installation d'une pile à combustible au sein du département Génie Thermique et Énergie de l'institut universitaire de Colmar.La machine sera placée s,fns,cmp2006,appeloffre,initial,Université de Haute-Alsace,68093,Mulhouse cedex,,['Matériel électrique'],[203],non,non
148,20-117942,2020-09-28,2020-10-20,"['68', '67']",Le présent marché a pour objet la réalisation de plusieurs projets de modification ou de rénovation électriques à l'Université de Haute-Alsace.,fns,cmp2006,appeloffre,initial,Université de Haute-Alsace,68093,Mulhouse cedex,,['Electricité (travaux)'],[105],non,non
149,20-117888,2020-09-28,2020-10-26,['68'],Extension de l'école maternelle Alphonse Daudet,fns,cmp2006,appeloffre,initial,Ville d'Illzach,68110,Illzach,,"['Bardage', 'Bâtiment', 'Charpente', 'Chauffage (travaux)', 'Couverture', 'Echafaudage', 'Electricité (travaux)', 'Etanchéité', 'Gros oeuvre', 'Isolation', 'Menuiserie', 'Peinture (travaux)', 'Plâtrerie', 'Revêtements de sols', 'Sanitaire', 'Terrassement', 'Ventilation']","[30, 33, 57, 61, 74, 101, 105, 117, 144, 169, 222, 264, 269, 308, 319, 341, 360]",non,non
150,20-118100,2020-09-28,2020-12-28,['68'],"MARCHE RESERVE EN VERTU DES ARTICLES L.2113-12 ET R.2113-7 DU CODE DE LA COMMANDE PUBLIQUE POUR LA PREPARATION ET LIVRAISON DE REPAS, GOUTERS ET COLLATIONS POUR LES CRECHES, PERISCOLAIRES ET LES EC..",fns,cmp2006,attribution,initial,Ville de Saint-Louis,68303,Saint-louis cedex,"[('2020-09-28', ""GROUPEMENT SOLIDAIRE : SOLICOOK SAS - LES AGAPES'HOTES SAS"", (600000, 'EUR'), None), ('2020-09-28', ""GROUPEMENT SOLIDAIRE : SOLICOOK SAS - LES AGAPES'HOTES SAS."", (149999, 'EUR'), None)]","['Repas, traiteur']",[304],non,non
151,20-118224,2020-09-28,2020-10-27,"['69', '1', '38']",avis de concession pour le service public de la fourrière automobile,dsp,dsp,appeloffre,initial,Commune de Colombier Saugnieu,69124,Colombier Saugnieu,,['Fourrière'],[451],non,non
152,20-118443,2020-09-28,2020-11-03,['69'],"Marché d'exploitation des installations de chauffage, eau chaude sanitaire, traitement d'eau, climatisation et ventilation pour la commune de Millery et la commune de Vourles",fns,cmp2006,appeloffre,initial,Commune de Millery,69390,MILLERY,,"['Chauffage (exploitation, entretien)', 'Climatisation', 'Ventilation']","[59, 62, 360]",non,non
153,20-118302,2020-09-28,2020-10-22,['69'],Prestation de représentation et de conseils juridiques,fns,cmp2006,appeloffre,initial,MAIRIE D'IRIGNY,69540,Irigny,,['Assistance juridique'],[434],non,non
154,20-117921,2020-09-28,2020-10-19,['69'],PRESTATION D'INSERTION PROFESSIONNELLE PAR LE RENFORT DES EQUIPES AGENTS DE POLES DE SERVICE/DED SUR DES FONCTIONS DE NETTOYAGE ET DE RESTAURATION DE LA COMMUNE DE VILLEURBANNE,fns,cmp2006,appeloffre,initial,Ville de Villeurbanne,69601,VILLEURBANNE,,['Prestations de services'],[274],oui,non
155,20-118136,2020-09-28,2020-11-12,['69'],Marché d'extension du dispositif de vidéo protection à Chaponost,fns,cmp2006,appeloffre,initial,Commune de Chaponost,69630,CHAPONOST,,['Télésurveillance'],[415],non,non
156,20-118434,2020-09-28,2020-10-14,['69'],Marché de travaux d aménagement des bureaux à Vaulx-en-Velin La Soie.,fns,cmp2006,appeloffre,initial,Cerema,69674,Bron,,"['Bois', 'Câblage', 'Climatisation', 'Isolation', 'Menuiserie']","[38, 47, 62, 169, 222]",non,non
157,20-116656,2020-09-28,2020-11-01,['71'],fourniture d'effets d'habillement des sapeurs-pompiers : fourragères tricolores et accessoires pour le service départemental d'incendie et de secours de saône-et-loire,mapa,cmp2006,attribution,initial,S.D.I.S. de Saône-et-Loire,71009,Sancé,,['Habillement'],[150],non,non
158,20-117943,2020-09-28,2020-10-23,"['71', '69', '1', '21']",cronat - construction d'une petite unité de vie 24 logements et d'un restaurant scolaire avec cuisine à liaison directe.,fns,cmp2006,appeloffre,initial,OPAC SAONE ET LOIRE OFFICE PUB HABITAT,71009,Macon,,"['Bâtiment', 'Bois', 'Carrelage', 'Charpente', 'Chauffage (travaux)', 'Cloison, faux plafond', 'Couverture', 'Cuisine (équipement)', 'Electricité (travaux)', 'Gros oeuvre', 'Menuiserie', 'Plomberie (travaux)', 'Revêtements de sols', 'Sanitaire', 'Serrurerie', 'Terrassement', 'Ventilation', 'Zinguerie', 'Occultation']","[33, 38, 53, 57, 61, 63, 74, 77, 105, 144, 222, 270, 308, 319, 321, 341, 360, 372, 414]",non,non
159,20-118133,2020-09-28,2020-10-20,['72'],Barreau de liaison entre la RD 323 et l'A 11Création voie piétons-cycles entre Connerré et gare de Beillé le long de la RD 33Construction d'une passerelle en encorbellement du pont sur la,fns,cmp2006,appeloffre,initial,DEPARTEMENT DE LA SARTHE,72072,Le Mans,,['Génie civil'],[141],non,non
160,20-118393,2020-09-28,2020-10-19,['72'],SERVICE INFORMATIQUE DU SDIS72RENOUVELLEMENT DES INFRASTRUCTURES DE STOCKAGE DU STORE VIRTUELREMPLACEMENT DU MATERIEL - MISE EN SERVICE - MAINTENANCE,fns,cmp2006,appeloffre,initial,SDIS de la Sarthe,72190,COULAINES,,"['Informatique (matériel)', 'Informatique (maintenance serveurs et réseaux)']","[162, 454]",non,non
161,20-118303,2020-09-28,2020-10-30,['73'],Fourniture et pose de glissières de sécurité pour la commune de Bourg Saint Maurice les Arcs,fns,cmp2006,appeloffre,initial,Commune de Bourg-St-Maurice / Les Arcs,73700,Bourg Saint Maurice,,['Voirie'],[365],non,non
162,20-118140,2020-09-28,2020-12-26,['74'],Création d'un local patins et de nouveaux sanitaires publics - LOTS FLUIDES,fns,cmp2006,attribution,initial,Commune de Megève,74120,MEGEVE,"[('2020-09-03', 'Sabeko savoie', (28531.68, 'EUR'), None), ('2020-09-03', 'ETTEBA', (30000, 'EUR'), None)]","['Chauffage (travaux)', 'Electricité (travaux)', 'Plomberie (travaux)']","[61, 105, 270]",non,non
163,20-117923,2020-09-28,2020-10-22,['74'],Création d'un bâtiment annexe au bâtiment actuel de la Livraz pour installation de traitements UV,fns,cmp2006,appeloffre,initial,Commune de Megève,74120,MEGEVE,,['Bâtiment'],[33],non,non
164,20-118253,2020-09-28,2020-10-16,['74'],acquisition de serveurs de virtualisation,mapa,cmp2006,appeloffre,initial,Centre Hospitalier Alpes Léman,74130,Contamine sur Arve,,['Informatique (matériel)'],[162],non,non
165,20-118080,2020-09-28,2020-10-15,['74'],Fourniture et Livraison de Fioul et Gazole,fns,cmp2006,appeloffre,initial,Commune des Gets,74260,LES GETS,,"['Carburant, hydrocarbure', 'Combustible']","[52, 438]",non,non
166,20-118346,2020-09-28,2020-10-20,['75'],"Marché de travaux de remplacement du TGBT, de deux transformateurs et des cellules haute tension du centre des finances publiques sis 5 rue de Londres, 75009 PARIS",fns,cmp2006,appeloffre,initial,Direction Régionale Finances Publiques,75002,Paris,,['Electricité (travaux)'],[105],non,non
167,20-117767,2020-09-28,2020-10-16,['75'],"Mur d'enceinte et désamiantage galerie cour d'honneur à l'institut national des jeunes sourds, 2020",fns,cmp2006,appeloffre,initial,INSTITUT NAL DE JEUNES SOURDS DE PARIS,75005,Paris,,"['Maçonnerie', 'Amiante (désamiantage)']","[195, 479]",non,non
168,20-118191,2020-09-28,2020-10-19,['75'],prestations de conseil et d'accompagnement en recrutement,fns,cmp2006,appeloffre,initial,Sorbonne Université,75005,Paris,,['Prestations de services'],[274],non,non
169,20-117947,2020-09-28,2020-10-06,['75'],Formation linguistique pour le personnel de l'EPMOLot 1 langues européennesLot 2 langues orientales et asiatiques,fns,cmp2006,appeloffre,rectificatif,ETS PUB DU MUS D ORSAY MUS ORANGERIE,75007,Paris,,['Formation'],[410],non,non
170,20-117974,2020-09-28,2020-10-16,['75'],Fourniture et gestion d'abonnements presse,fns,cmp2006,appeloffre,initial,RNDP,75007,Paris,,['Prestations de services'],[274],non,non
171,20-118266,2020-09-28,2020-10-29,['60'],Réfection des caniveaux techniques des écluses du canal du Nord,fns,cmp2006,attribution,initial,Voies navigables de France,75013,Paris,,"['Ecluse', 'Maçonnerie', 'Métallerie']","[103, 195, 223]",non,non
172,20-118196,2020-09-28,2020-11-28,['75'],Rénovation de la Piscine Roger Le Gall 34 Boulevard Carnot 75012 Paris. Lot 1 Gros oeuvre - Second oeuvre (relance),fns,cmp2006,attribution,initial,Ville de Paris,75013,Paris,"[('2020-09-04', 'CIOCAN BAT', (149984.0, 'EUR'), None)]",['Piscine'],[265],non,non
173,20-117840,2020-09-28,2020-12-05,"['75', '60']",Marché d'assistance à maîtrise d'ouvrage pour les opérations pyrotechniques du projet de mise au gabarit européen de l'Oise (MAGEO) entre Compiègne et Creil,joue,autre,rectificatif,rectificatif,Voies navigables de France,75013,PARIS,,"[""Assistance à maîtrise d'ouvrage""]",[433],oui,non
174,20-118211,2020-09-28,2020-10-30,['75'],Travaux de consolidation des comptes des exercices 2020 à 2023 pour le compte de l'Etablissement Public Foncier d'Ile-de-France et ses filiales.,mapa,cmp2006,appeloffre,initial,EPF Ile de France,75014,Paris,,['Expertise comptable'],[446],non,non
175,20-117885,2020-09-28,2020-10-21,"['94', '92', '75']",Fourniture et Maintenance des Groupes d'Air Comprimés Technique de l'hôpital Bicêtre - APHP Université PARIS SACLAY,fns,cmp2006,appeloffre,initial,Groupe Hospitalier HUPIFO,75016,Paris,,['Maintenance'],[196],non,non
176,20-118417,2020-09-28,2020-11-30,['75'],Mise à disposition de la folie buvette (folie P7) destinée à la restauration rapide et à la vente à emporter sur le parc de la Villette,mapa,cmp2006,appeloffre,initial,EPPGHV,75019,Paris,,"['Bâtiments modulaires', 'Denrées alimentaires']","[27, 88]",non,non
177,20-118178,2020-09-28,2020-10-28,['75'],"Contrat de concession portant portant autorisation d'installer et d'exploiter un libre service de photocopie, d'impression et de numérisation destiné aux lecteurs de la BnF",fns,cmp2006,appeloffre,initial,Bibliothèque nationale de France,75706,Paris Cedex 13,,"[""Matériel d'imprimerie""]",[211],non,non
178,20-118406,2020-09-28,2020-11-06,['75'],Travaux de construction neuve en entreprise générale au 5-7 Passage Lathuille Paris 18,fns,cmp2006,appeloffre,rectificatif,ELOGIE SIEMP,75924,Paris cedex 19,,['Gros oeuvre'],[144],non,non
179,20-117928,2020-09-28,2020-10-16,['75'],Restructuration de 2 bâtiments en vue de réaliser 9 logements sociaux et 2 locaux d'activités au 13 rue Ramey Paris 18ème,fns,cmp2006,appeloffre,rectificatif,ELOGIE SIEMP,75924,Paris cedex 19,,['Gros oeuvre'],[144],non,non
180,20-118077,2020-09-28,2020-10-08,['76'],Réaménagement du jardin Saint-Sever,fns,cmp2006,appeloffre,rectificatif,COMMUNE DE ROUEN,76037,ROUEN CEDEX,,"['Espaces verts', 'Mobilier urbain']","[116, 231]",non,oui
181,20-118315,2020-09-28,2020-11-29,['76'],travaux de réfection de trottoirs,fns,cmp2006,attribution,initial,ville de Lillebonne,76170,Lillebonne,"[('2020-09-16', 'EUROVIA HAUTE NORMANDIE', (83989.05, 'EUR'), None)]",['Voirie'],[365],non,non
182,20-118404,2020-09-28,2020-10-09,['76'],Requalification périodiquedes récipients sous pression du Sdis 76,fns,cmp2006,appeloffre,rectificatif,SCE DEPARTEMENTAL INCENDIE ET SECOURS,76192,YVETOT,,"['Maintenance', 'Prestations de services']","[196, 274]",non,non
183,20-118349,2020-09-28,2020-10-26,['76'],Marché de service pour la dératisation et la désinsectisation des locaux des différents établissements gérés par le CCAS d'Yvetot.,mapa,cmp2006,appeloffre,initial,CCAS d'Yvetot,76195,Yvetot Cedex,,"['Dératisation, désinsectisation']",[89],non,non
184,20-118001,2020-09-28,2020-10-12,['76'],REMPLACEMENT DE LA COUVERTURE DU TENNIS COUVERT,fns,cmp2006,appeloffre,rectificatif,COMMUNE DE GOURNAY EN BRAY,76220,GOURNAY-EN-BRAY,,"['Couverture', 'Etanchéité']","[74, 117]",non,non
185,20-118165,2020-09-28,2020-11-19,"['76', '80', '27']",Fourniture d'énergies pour les bâtiments de la Commune de Petit-Caux,fns,cmp2006,appeloffre,initial,Communauté de Communes du Petit Caux,76370,Petit-caux,,"['Electricité, gaz (fourniture)']",[443],oui,oui
186,20-117929,2020-09-28,2020-10-08,['76'],Numéro de la consultation : BG2006 CONTRAT ASSURANCE - RISQUES STATUTAIRES,fns,cmp2006,appeloffre,rectificatif,COM DE COMMUNES CAUX AUSTREBERTHE,76570,Pavilly,,['Assurance'],[20],non,non
187,20-117930,2020-09-28,2020-10-08,['76'],CONTRATS D'ASSURANCES - IARD,fns,cmp2006,appeloffre,rectificatif,COM DE COMMUNES CAUX AUSTREBERTHE,76570,Pavilly,,['Assurance'],[20],non,non
188,20-117945,2020-09-28,2020-10-12,['77'],Assistance technique à maîtrise d'ouvrage dans le cadre des travaux de reconstruction du centre de tri des emballages ménagers en vue de leur valorisation à Saint Thibault des Vignes,fns,cmp2006,attribution,initial,SIETREM,77400,Saint-thibault-des-vignes,"[('2020-09-07', 'Artelia', (99155.0, 'EUR'), None)]",['Ingénierie'],[455],non,non
189,20-118037,2020-09-28,2020-10-30,['77'],"Prestations de récolement, classement, description et signalement de fonds d'archives",fns,cmp2006,appeloffre,initial,Ecole Nationale des Ponts et Chaussées,77455,Marne-la-Vallée Cedex 2,,['Prestations de services'],[274],non,non
190,20-117872,2020-09-28,2020-10-20,['78'],achat d'un appareil de chromatographie gazeuse couplé à un spectromètre de masse,fns,cmp2006DEFENSE,appeloffre,initial,Section Technique de l'armée de terre,78013,Versailles,,['Laboratoire (matériel)'],[188],non,non
191,20-118368,2020-09-28,2020-11-01,"['78', '75', '92', '95', '91', '77', '93']",Ces contrôles exercés sur pièces ont pour finalité de s'assurer que l'exécution des opérations cofinancées par le FSE et que les dépenses supportées à cet effet par les bénéficiaires sont co,fns,cmp2006,appeloffre,initial,GIP-FCIP de l'Académie de Versailles,78053,St quentin-en-yvelines cedex,,"['Assistance technique', 'Audit', 'Contrôle technique', 'Assistance juridique']","[19, 21, 72, 434]",oui,non
192,20-118445,2020-09-28,2020-10-26,['78'],"Marché de maîtrise d'oeuvre en infrastructure pour des travaux de confortement d'un talus, rue de la Butte neuve pour la commune de Châteaufort (78)",mapa,cmp2006,appeloffre,initial,Mairie de Châteaufort,78117,CHATEAUFORT,,"[""Maîtrise d'oeuvre"", 'Prestations de services', 'Ingénierie']","[197, 274, 455]",non,non
193,20-118197,2020-09-28,2020-10-23,"['78', '95']",Elaboration et livraison des repas en liaison froide pour la restauration scolaire,fns,cmp2006,appeloffre,rectificatif,Mairie de Nezel,78410,Nezel,,['Restauration collective'],[66],non,non
194,20-118454,2020-09-28,2020-10-16,['78'],MISE A DISPOSITION D'UNE SOLUTION DE GESTION DU REGLEMENT GENERAL DE LA PROTECTION DES DONNEES (RGPD) ET DE L'ACCOMPAGNEMENT A SA MISE EN CONFORMITE,fns,cmp2006,appeloffre,initial,GRAND PARIS SEINE ET OISE,78410,Aubergenville,,['Informatique (prestations de services)'],[163],non,non
195,20-118457,2020-09-28,2020-10-21,['78'],"Le marché objet de la présente consultation a pour objet le recensement, la détermination, des diagnostics phytosanitaires et des préconisations de gestion du patrimoine arboré de la Communauté Urb..",fns,cmp2006,appeloffre,initial,GRAND PARIS SEINE ET OISE,78410,Aubergenville,,['Espaces verts'],[116],non,non
196,20-117998,2020-09-28,2020-10-26,['78'],FOURNITURE ET MAINTENANCE D'UNE SOLUTION LOGICIELLE DE DOSSIER MEDICAL POUR LE CENTRE MUNICIPAL DE SANTE ESPACE JOSEPH BELLANGER,fns,cmp2006,appeloffre,initial,COMMUNE DE CONFLANS SAINTE HONORINE,78700,CONFLANS SAINTE HONORINE,,['Logiciel'],[186],non,non
197,20-118028,2020-09-28,2020-11-26,"['79', '17', '16', '85', '86']",Réalisation d'un schéma de mobilité sur le territoire de la commune de Parthenay.,mapa,cmp2006,appeloffre,initial,Ville de Parthenay,79200,Parthenay,,"['Etude', 'Prestations de services']","[118, 274]",non,non
198,20-117895,2020-09-28,2020-10-28,['80'],Travaux de ravalement de façades sur le bâtiment de la demi-pension du collège à Saint-Valery-sur-Somme,fns,cmp2006,appeloffre,initial,Conseil Départemental de la Somme,80026,Amiens,,['Ravalement'],[299],oui,non
199,20-118433,2020-09-28,2020-11-05,"['81', '31', '34']","Conception, réalisation exploitation et maintenance d'une unité de traitement des lixiviats de l'ISDND de Trifyl.",fns,cmp2006,appeloffre,initial,TRIFYL,81300,Labessiere candeil,,"[""Station d'épuration (travaux)""]",[328],non,non
200,20-118311,2020-09-28,2020-10-21,['82'],Numéro de la consultation : 20/056MISSION DE MAITRISE D'OEUVRE POUR LA REALISATION DU SCHEMA DIRECTEUR CYCLABLE,fns,cmp2006,appeloffre,initial,Grand Montauban Communauté d'agglo,82000,MONTAUBAN CEDEX,,"[""Maîtrise d'oeuvre""]",[197],non,non
201,20-118262,2020-09-28,2020-10-23,['83'],2020-023 Accord Cadre à Bon de Commande Travaux sur réseaux,fns,cmp2006,appeloffre,initial,Ville de Vidauban,83550,Vidauban,,['Réseaux divers'],[306],non,non
202,20-118022,2020-09-28,2020-10-23,['83'],Prestations de lutte contre les nuisibles dans les bâtiments et les réseaux d'assainissement et pluviaux de la ville de Fréjus,fns,cmp2006,appeloffre,rectificatif,Ville de Fréjus,83608,Fréjus Cedex,,"['Dératisation, désinsectisation']",[89],non,non
203,20-113972,2020-09-28,2020-10-28,['83'],"collecte, affranchissement, expédition et remise de courriers au profit de dga ev à istres.",fns,cmp2006,attribution,initial,MINDEF / EMA / DC SCA / PFAF SE,83800,Toulon cedex 9,"[('2020-09-16', 'La Poste', (106728.64, 'EUR'), None)]",['Prestations de services'],[274],non,oui
204,20-117982,2020-09-28,2020-10-28,['84'],Le marché concerne la souscription et la gestion d'un contrat d'assurance Flotte automobile,fns,cmp2006,appeloffre,initial,Mairie de Courthezon,84350,Courthezon,,['Assurance'],[20],non,non
205,20-118264,2020-09-28,2020-10-28,['84'],"20-02 Collecte, traitement et rachat des cartons déposés en colonnes",fns,cmp2006,attribution,initial,CC Pays des Sorgues Monts de Vaucluse,84800,L'Isle sur la Sorgue,,"['Carton', 'Collecte sélective']","[54, 82]",non,non
206,20-118251,2020-09-28,2020-10-21,['85'],Contrôles techniques pour les véhicules du SDIS de la Vendée,fns,cmp2006,appeloffre,initial,SDIS 85,85017,LA ROCHE SUR YON Cedex,,['Contrôle technique'],[72],non,non
207,20-118062,2020-09-28,2020-10-29,['85'],Fourniture de services de téléphonie mobile et fourniture de terminaux sur trois ans (Marché d'une année reconductible 2 fois).,mapa,cmp2006,appeloffre,initial,VENDEE EAU,85036,La Roche sur Yon,,['Matériel de téléphonie'],[339],non,non
208,20-117949,2020-09-28,2020-10-20,"['85', '44', '49', '53', '72']",Fourniture de DVD pour la médiathèque municipale,mapa,cmp2006,appeloffre,initial,Commune de Saint Jean de Monts,85167,SAINT-JEAN-DE-MONTS Cedex,,"['Cd, DVD', 'Edition']","[45, 104]",non,non
209,20-117957,2020-09-28,2020-10-20,"['85', '44', '49', '53', '72']",Fourniture de CD pour la médiathèque municipale,mapa,cmp2006,appeloffre,initial,Commune de Saint Jean de Monts,85167,SAINT-JEAN-DE-MONTS Cedex,,"['Cd, DVD', 'Edition']","[45, 104]",non,non
210,20-118386,2020-09-28,2020-10-28,['86'],Travaux de réhabilitation de réservoirs - Programme 2020,fns,cmp2006,appeloffre,initial,Eaux de Vienne - Siveer,86000,Poitiers,,"['Réseaux divers', 'Ingénierie']","[306, 455]",non,non
211,20-118106,2020-09-28,2020-10-29,['86'],Le présent marché a pour objet la location et maintenance de photocopieurs numériques multifonctions pour le SDIS de la Vienne.,fns,cmp2006,appeloffre,initial,SDIS 86,86961,Futuroscope chasseneuil,,['Maintenance'],[196],non,non
212,20-117891,2020-09-28,2020-10-14,['87'],Achat et livraison de tickets service à destination des étudiants pour l'Université de Limoges,fns,cmp2006,appeloffre,initial,Université de Limoges,87032,Limoges,,['Titres restaurant'],[416],non,non
213,20-118255,2020-09-28,2020-11-16,['88'],RESTAURATION DE L'EGLISE SAINTE LIBAIRE-.,fns,cmp2006,appeloffre,initial,Commune de RAMBERVILLERS,88700,RAMBERVILLERS,,"[""Maîtrise d'oeuvre""]",[197],non,non
214,20-117956,2020-09-28,2020-10-23,['91'],Fourniture de colis de Noël destinés à des seniors - Noël 2020,fns,cmp2006,appeloffre,initial,ville de Corbeil-Essonnes,91108,Corbeil essonnes,,['Colis'],[65],non,non
215,20-117932,2020-09-28,2020-12-26,['91'],Achat et livraison de papier non recyclé et de papier écologique - 2 lots,fns,cmp2006,attribution,initial,COMMUNE DE MASSY,91300,Massy,"[('2019-10-28', 'INAPA FRANCE', (80000, 'EUR'), None), ('2019-10-28', 'INAPA FRANCE', (320000, 'EUR'), None)]",['Papeterie'],[262],non,oui
216,20-118296,2020-09-28,2020-10-28,['91'],TRAVAUX DE DEMOLITION ET DE NETTOYAGE A CERNY,mapa,cmp2006,appeloffre,initial,Mairie de Cerny,91560,Cerny,,"['Démolition', 'Nettoyage de locaux']","[87, 239]",non,oui
217,20-117992,2020-09-28,2020-10-19,['91'],fourniture et livraison de colis de noël 2020 et de chocolats pour les aînés de la commune,mapa,cmp2006,appeloffre,initial,Ville de Boussy Saint Antoine,91800,Boussy-Saint-Antoine,,['Colis'],[65],non,non
218,20-117842,2020-09-28,2020-10-30,['92'],Travaux de couverture,joue,directive24,appeloffre,initial,Seine Ouest Aménagement,92130,Issy-les-moulineaux,,['Couverture'],[74],non,non
219,20-118269,2020-09-28,2020-11-24,['92'],"Achat et maintenance du matériel et des équipements professionnels pour les cuisines, les selfs et les laveries collectives de la Ville",fns,cmp2006,appeloffre,initial,Commune de Garches,92380,Garches,,"['Cuisine (équipement)', 'Maintenance']","[77, 196]",non,non
220,20-118104,2020-09-28,2020-10-16,['92'],Travaux de restructuration du poste de police municipale de Courbevoie,fns,cmp2006,appeloffre,rectificatif,Ville de Courbevoie,92401,Courbevoie,,"[""Tous corps d'état""]",[345],non,oui
221,20-118376,2020-09-28,2020-10-21,['92'],Travaux de construction d'un caveau provisoire au cimetière nouveau de Neuilly-sur-Seine,mapa,cmp2006,appeloffre,rectificatif,Ville de Neuilly-sur-Seine,92522,Neuilly-sur-seine,,['Cimetière'],[437],non,non
222,20-118128,2020-09-28,2020-10-28,"['92', '75']","Cet accord-cadre a pour objet l acquisition et la maintenance d équipements bureautiques tels que photocopieurs multifonctions, imprimantes, solutions d administration de la plateforme d impression..",fns,cmp2006,appeloffre,initial,Centre national des arts plastiques,92911,Paris la defense,,['Impression'],[160],non,oui
223,20-117952,2020-09-28,2020-11-28,['93'],Travaux courants de remplacement et de réparation des revêtements de sols minces collés de ses différents locaux.,fns,cmp2006,appeloffre,initial,CAF Bobigny,93000,Bobigny,,['Revêtements de sols'],[308],non,non
224,20-118206,2020-09-28,2020-10-24,"['11', '13']",Fourniture de plateaux repas (et annexes café - petits déjeuner - événement galette annuel) dans le cadre des réunions organisées sur le site de Montpellier.,mapa,cmp2006,appeloffre,initial,ACOSS,93108,Montreuil,,['Prestations de services'],[274],non,non
225,20-117966,2020-09-28,2020-11-18,['93'],Le présent marché a pour objet la rédaction de comptes rendus de réunions institutionnelles de différents types organisées par l'Agence de la biomédecine. Les prestations sont définies en détail,fns,cmp2006,attribution,initial,AGENCE DE LA BIOMEDECINE,93212,Saint-denis,"[('2020-08-18', 'Société SAVOY ET ASSOCIÉS', (128000, 'EUR'), None)]",['Prestations de services'],[274],non,non
226,20-118268,2020-09-28,2020-10-21,['93'],Fourniture et pose de stores et rideaux dans les bâtiments communaux,fns,cmp2006,appeloffre,initial,MAIRIE DE TREMBLAY EN FRANCE,93290,Tremblay-en-france,,['Décoration (travaux)'],[85],non,oui
227,20-118188,2020-09-28,2020-10-20,['93'],Travaux d'électricité dans les bâtiments communaux,fns,cmp2006,appeloffre,initial,MAIRIE DE TREMBLAY EN FRANCE,93290,Tremblay-en-france,,['Electricité (travaux)'],[105],oui,non
228,20-118339,2020-09-28,2020-10-16,['93'],Marché d'assistance à personne publique relatif à la prestation d'assurance des risques statutaires pour les besoins des collectivités et établissements adhérents au CIG,fns,cmp2006,appeloffre,initial,CIG Petite Couronne,93698,Pantin cedex,,['Assurance'],[20],non,non
229,20-118432,2020-09-28,2020-10-28,['94'],Mission d'assistance à la maîtrise d'ouvrage pour le contrôle technique des opérations Ponts Nelson Mandela et Altival,fns,cmp2006,attribution,initial,Département du Val de Marne,94054,Créteil,,['Voirie'],[365],non,non
230,20-117883,2020-09-28,2020-10-15,['94'],"mission de contrôle technique conception, réalisation et aménagement de la structure d'accompagnement vers la sortie (sas) de noisy-le-grand (seine-saint-denis 93)",mapa,cmp2006,attribution,initial,APIJ,94270,Kremlin Bicêtre,,['Contrôle technique'],[72],non,non
231,20-118180,2020-09-28,2020-10-29,['94'],"Entretien des espaces verts de l'Anses - site de Maisons-Alfort.En application de l'article L.2113-12 du Code de la commande publique, le marché est réservé à des entreprises adaptées menti",fns,cmp2006,appeloffre,initial,ANSES,94701,Maisons-alfort cedex,,['Espaces verts'],[116],oui,non
232,20-118158,2020-09-28,2020-10-26,['95'],Souscription d'une assurance Dommages Ouvrage groupes scolaires Pasteur et Gambetta,fns,cmp2006,appeloffre,initial,Ville de Sannois,95111,SANNOIS CEDEX,,['Assurance'],[20],non,non
233,20-118352,2020-09-28,2020-10-22,['95'],Fourniture de produits d'entretien respectueux de l'environnement pour la Ville de Saint Gratien,fns,cmp2006,appeloffre,initial,Ville de Saint Gratien,95210,St gratien,,"[""Produits d'entretien""]",[278],non,non
234,20-118390,2020-09-28,2020-10-30,['95'],Réhabilitation d'un bâtiment en cabinet médical et en logement de fonction,fns,cmp2006,appeloffre,initial,Commune de Vétheuil,95510,Vétheuil,,"[""Tous corps d'état""]",[345],non,non
235,20-118138,2020-09-28,2020-10-15,['77'],20047 Travaux de mise à niveau des stations d'épuration de Mitry-Mory et Compans,fns,cmp2006,appeloffre,rectificatif,COMMUNAUTE D AGL ROISSY PAYS DE FRANCE,95700,ROISSY-EN-FRANCE,,"[""Station d'épuration (travaux)""]",[328],non,non
236,20-118293,2020-09-28,2020-10-28,['971'],Réhabilitation des postes de refoulement principaux des STEP de Trioncelle et Pointe-à-Donne,fns,cmp2006,appeloffre,rectificatif,EAU D'EXCELLENCE,97122,Baie-Mahault,,"['Assainissement', 'Station de pompage', 'Station de relevage', ""Station d'épuration (travaux)"", 'Station de refoulement']","[18, 326, 327, 328, 334]",non,non
237,20-117838,2020-09-28,2020-10-25,['971'],Accord Cadre à bon de commande 'Assurance Construction' de la SEMSAMAR,joue,directive24,attribution,initial,Semsamar (971),97122,Baie-Mahault,"[('2020-08-06', 'Groupement SMA SA / GRAS SAVOYE (Bureau Regional de Guadeloupe)', (1, 'EUR'), 'Accord Cadre à bon de commande - Assurance Construction TRC / DO / CNR - lot 1 - Guadeloupe / Martinique'), ('2020-08-06', 'Groupement SMA SA / GRAS SAVOYE (Bureau Regional de Guadeloupe)', (1, 'EUR'), 'Accord Cadre à bon de commande - Assurance Construction TRC / DO / CNR - lot 2 - Guyane'), ('2020-08-06', 'Groupement SMA SA / GRAS SAVOYE (Bureau Regional de Guadeloupe)', (1, 'EUR'), 'Accord Cadre à bon de commande - Assurance Construction TRC / DO / CNR - lot 3 - Saint Martin')]",['Assurance'],[20],non,non
238,20-118377,2020-09-28,2020-10-22,['971'],RENOVATION DE LA TOUR DE MANOEUVRE AU CENTRE D'INCENDIE ET DE SECOURS (CIS) DE MORNE A L'EAU (rectificatif),fns,cmp2006,appeloffre,rectificatif,SDIS de la Guadeloupe,97139,Les abymes,,['Métallerie'],[223],non,non
239,20-118351,2020-09-28,2020-10-21,['971'],"SECURISATION PAR LA REFECTION DES CLOTURES ET PORTAILS DES CENTRES D'INCENDIE ET DE SECOURS (CIS) DE PETIT-BOURG, DESHAIES, TERRE DE BAS ET DE SAINT-CLAUDE",fns,cmp2006,appeloffre,initial,SDIS de la Guadeloupe,97139,LES ABYMES,,['Clôture'],[64],non,non
240,20-116138,2020-09-28,2020-10-15,['972'],fourniture et livraison de coffrets-cadeaux de fin d'année 2020 à destination des agents et des élus de la collectivité territoriale de martinique.,fns,cmp2006,appeloffre,initial,COLLECTIVITE TERRITORIALE MARTINIQUE,97200,FORT DE FRANCE,,['Denrées alimentaires'],[88],non,non
241,20-118281,2020-09-28,2020-10-19,['972'],"travaux intérieurs (revêtements de sols, menuiseries, cloisons placo, portes, finitions diverses)",fns,cmp2006,appeloffre,initial,CGSSM,97210,Le Lamentin Cedex 2,,"['Cloison, faux plafond', 'Menuiserie', 'Revêtements de sols']","[63, 222, 308]",oui,oui
242,20-118364,2020-09-28,2020-10-19,['972'],"MAPA pour la recherche de prestations spécifiques pour la mobilisation, l'intégration sociale et professionnelle de NEETS pour la ville de Fort-de-France",mapa,cmp2006,appeloffre,initial,Ville de Fort de France,97262,Fort-de-france cedex,,['Prestations de services'],[274],non,non
243,20-118439,2020-09-28,2020-11-30,['973'],Mission de maitrise d'oeuvre : Etude de réhabilitation et construction d'éco-carbets à Trois-Sauts,mapa,cmp2006,appeloffre,initial,Cté des Communes de l'Est Guyanais,97313,Saint Georges de l'Oyapock,,"[""Maîtrise d'oeuvre""]",[197],non,non
244,20-118458,2020-09-28,2020-11-30,['973'],Mission de maitrise d'oeuvre: Etude pour l'extension du quai de transfert de Saint-Georges et sa transformation en déchetterie,mapa,cmp2006,appeloffre,initial,Cté des Communes de l'Est Guyanais,97313,Saint Georges de l'Oyapock,,"['Déchetterie (travaux)', ""Maîtrise d'oeuvre""]","[96, 197]",non,non
245,20-118205,2020-09-28,2020-10-16,['973'],"Acquisition de véhicules légers et utilitaires neufs, avec proposition d'entretien",fns,cmp2006,appeloffre,initial,Commune de Mana,97360,Mana,,['Véhicules (acquisition)'],[475],non,non
246,20-118461,2020-09-28,2020-10-12,['973'],travaux de vrd relatifs à l'opération de construction de 23 les & ptz à matoury - lot 2 - vrd tertiaires,fns,cmp2006,attribution,initial,Société Immobilière de Kourou (SIMKO),97388,Kourou cedex,"[('2020-09-22', 'TRADIMA', (257362.8, 'EUR'), None)]",['Voirie et réseaux divers'],[366],non,non
247,20-117852,2020-09-28,2020-11-16,['974'],Location de véhicules pour les services de la CIVIS,fns,cmp2006,attribution,initial,C.I.V.I.S.,97410,Saint-Pierre,,['Véhicules (location)'],[474],non,non
248,20-117855,2020-09-28,2020-10-30,['974'],Prestations d exploitation et de surveillance de la piscine de la Caserne Lambert au profit des personnels des forces armées de la zone sud de l océan Indien (FAZSOI).,fns,cmp2006,appeloffre,initial,EMA/DC SCA/GSBdD Réunion-Mayotte,97476,Saint-denis cedex,,['Piscine'],[265],non,non
249,20-117864,2020-09-28,2020-10-12,"['976', '974']",Confection et distribution de petits déjeuners aux élèves des écoles maternelles et élémentaires,fns,cmp2006,appeloffre,initial,Rectorat de Mayotte,97600,Mamoudzou,,"['Prestations de services', 'Repas, traiteur']","[274, 304]",non,oui
250,20-118120,2020-09-28,2020-10-27,"['974', '75']","Travaux d'aménagement de locaux dans les bâtiments S6C, S1, S4A et S4B Campus du Moufia",fns,cmp2006,appeloffre,initial,Université de la Réunion,97744,Saint-denis cedex 9,,['Bâtiment'],[33],non,non
