a00_cle_idweb,g04_01_date_publication,g04_03_date_fin_diffusion,g04_07_dep_publication,g04_09_resume_objet,g01_02_01_famille,g01_02_02_perimetre,g01_02_03_nature,g01_02_04_statut,d01_01_denomination,d01_07_cp,d01_08_ville,d08_09_decision_titulaireandRENSEIGNEMENT,g04_052_descripteurs_libelles,g04_051_descripteurs_codes,g04_061_criteres_sociaux,g04_062_criteres_environnementaux
20-121354,2020-10-05,2020-11-06,['2'],"Fourniture, livraison et gestion de titres restaurant dématérialisés",fns,cmp2006,appeloffre,initial,CA Chauny-Tergnier-La Fère,02300,CHAUNY,,['Titres restaurant'],[416],non,non
20-121312,2020-10-05,2020-12-01,['2'],fournir des repas en liaison froide pour le portage au domicile des personnes âgées,mapa,cmp2006,appeloffre,initial,SI de services et soins de l'Amitié,02430,Gauchy,,"['Restauration collective', 'Repas, traiteur']","[66, 304]",non,non
20-121620,2020-10-05,2020-10-27,['3'],"Travaux d'extension du Centre National du Costume de Scène - Lots no5A, 5B, 7, 15 et 18Ces lots font l'objet d'une nouvelle procédure de consultation après une première procédure décl",fns,cmp2006,appeloffre,initial,ETS PUB COOPERATION CULTURELLE CTRE NA,03000,Moulins,,"['Charpente', 'Couverture', 'Menuiserie', 'Mobilier']","[57, 74, 222, 230]",non,non
20-121190,2020-10-05,2021-01-02,['3'],Mission de Maîtrise d'oeuvre pour la réfection générale du pont de St Yorre RD121 (Commune de St Yorre),fns,cmp2006,attribution,initial,DEPARTEMENT DE L ALLIER,03016,MOULINS,"[('2020-10-02', 'INGEROP CLERMONT FERRAND', (89901, 'EUR'), None)]","[""Maîtrise d'oeuvre"", 'Ingénierie']","[197, 455]",non,non
20-121298,2020-10-05,2020-10-30,['3'],"La mission consiste à recenser les infrastructures existantes ou à venir et à définir leur catégorie de classement sonore, ainsi qu'à actualiser les données de l'observatoire du bruit sous M",mapa,cmp2006,appeloffre,initial,MINT / 03 - DDT - 03,03403,Yzeure cedex,,['Etude'],[118],non,non
20-120752,2020-10-05,2020-11-06,['4'],Construction de l'ehpad lou cigalou- les Mées/lot 04 menuiseries extérieures/lot 05 serrurerie /lot 08 plafonds suspendus/lot 10 sols durs/lot 12b courants faibles / lot 14 cuisine-buanderie,fns,cmp2006,appeloffre,initial,EMS LOU CIGALOU,04190,Les Mées,,['Bâtiment'],[33],non,non
20-120950,2020-10-05,2020-10-28,"['4', '5']",travaux d'aménagement d'un carrefour giratoire rd4075/rd124 lieu dit les armands.,fns,cmp2006,appeloffre,initial,COMMUNE DE MISON,04200,Mison,,['Voirie et réseaux divers'],[366],non,non
20-121182,2020-10-05,2020-11-10,['4'],Numéro de la consultation : 20SGB005 TRAVAUX DE RENOVATION AU CTRD - CENTRE ROUTIER DEPARTEMENTAL,fns,cmp2006,appeloffre,initial,Département des Alpes de Hte Provence,04995,DIGNE-LES-BAINS,,"['Charpente', 'Couverture', 'Electricité (travaux)']","[57, 74, 105]",non,non
20-121459,2020-10-05,2020-10-26,['5'],Accord-cadre pour la fourniture de Mobiliers urbains,fns,cmp2006,appeloffre,initial,Ville de Gap,05007,GAP,,['Mobilier'],[230],non,non
20-113341,2020-10-05,2020-10-28,['6'],marché d'assurance sans franchise tous risques expositions des oeuvres d'art exposées au musée des arts asiatiques de nice et autres lieux d'exposition départementaux,fns,cmp2006,appeloffre,initial,Département des Alpes-Maritimes,06201,Nice Cedex 3,,['Assurance'],[20],non,non
20-121318,2020-10-05,2020-10-26,['6'],Fourniture de matériels et équipements de secours en milieu sous-marin,fns,cmp2006,appeloffre,rectificatif,SDIS (06),06273,Villeneuve Loubet Cedex,,['Equipements spécialisés'],[115],non,non
20-121185,2020-10-05,2020-10-22,['6'],Numéro de la consultation : 2020/08 PRESTATIONS DE NETTOYAGE ECOLOGIQUE DES BATIMENTS D'UNIVALOM,fns,cmp2006,appeloffre,initial,SYND MIXTE VALORISATION DECHETS UNIVAL,06605,ANTIBES,,['Nettoyage de locaux'],[239],non,non
20-120974,2020-10-05,2020-12-05,['6'],Acquisition de matériels de scène et de spectacle,fns,cmp2006,attribution,initial,Ville d'Antibes Juan-les-Pins,06606,Antibes cedex,"[('2020-09-30', 'Megawatt sono', (15863.47, 'EUR'), None)]",['Evénementiel'],[445],non,non
20-121308,2020-10-05,2020-11-02,['6'],"Acquisition de pièces détachées, accessoires et équipements spécifiques pour l'entretien des véhicules (tout tonnage) de marque Renault Trucks",fns,cmp2006,appeloffre,initial,Ville d'Antibes Juan-les-Pins,06606,Antibes cedex,,['Pièces détachées'],[266],non,non
20-121559,2020-10-05,2020-11-30,['7'],Marché d'assurances pour la Mairie de Lavilldieu,mapa,cmp2006,appeloffre,initial,COMMUNE DE LAVILLEDIEU,07170,Lavilledieu,,['Assurance'],[20],non,non
20-121399,2020-10-05,2020-11-02,['8'],Aménagement d'un salon de coiffure-.,mapa,cmp2006,appeloffre,initial,COMMUNE DE RAUCOURT ET FLABA,08450,Raucourt-et-Flaba,,"['Carrelage', 'Climatisation', 'Cloison, faux plafond', 'Gros oeuvre', 'Isolation', 'Menuiserie', 'Métallerie', 'Peinture (travaux)', 'Plâtrerie', 'Plomberie (travaux)', 'Sanitaire', ""Tous corps d'état""]","[53, 62, 63, 144, 169, 222, 223, 264, 269, 270, 319, 345]",non,non
20-121401,2020-10-05,2020-11-09,"['10', '89']",fourniture de produits d'incontinence,mapa,cmp2006,appeloffre,initial,EHPAD LES HAUTS D'ARMANCE,10130,Ervy le chatel,,['Hygiène (articles)'],[153],non,non
20-121173,2020-10-05,2020-10-26,['11'],ÉGLISE DE LA MISERICORDE - RÉFECTION DE LA CHARPENTE COUVERTURE DE LA NEF,fns,cmp2006,appeloffre,initial,COMMUNE DE LIMOUX,11300,LIMOUX,,"['Charpente', 'Maçonnerie']","[57, 195]",non,non
20-121504,2020-10-05,2020-10-13,['11'],Fournitures et livraison de Carburants pour le Port de Plaisance de Gruissan,fns,cmp2006,appeloffre,rectificatif,OFFICE TOURISME GRUISSAN,11430,GRUISSAN,,"['Carburant, hydrocarbure']",[52],non,non
20-121309,2020-10-05,2020-11-05,['11'],Etude de diagnostic sanitaire et de programmation architecturale de la partie publique de l'Abbaye de Lagrasse,mapa,cmp2006,attribution,initial,Département de l'Aude,11855,CARCASSONNE Cedex 9,,['Etude'],[118],non,non
20-121072,2020-10-05,2020-10-13,['11'],Missions d'Assistance à Maîtrise d'Ouvrage pour l'exploitation et la maintenance des installations thermiques et climatiques des bâtiments et collèges départementaux (rectificatif),fns,cmp2006,appeloffre,rectificatif,Département de l'Aude,11855,CARCASSONNE Cedex 9,,"[""Maîtrise d'oeuvre""]",[197],non,non
20-120933,2020-10-05,2020-10-28,['12'],"Location, entretien, maintenance et prestations diverses de machines à affranchir",mapa,cmp2006,appeloffre,initial,Conseil Départemental de l AVEYRON,12000,Rodez,,['Equipements spécialisés'],[115],non,non
20-121431,2020-10-05,2020-10-27,['12'],route departementale no 559reconstruction du pont de campredoncanton de saint-affriquecommune de tournemire,fns,cmp2006,appeloffre,initial,Conseil Départemental de l AVEYRON,12450,Flavin,,['Voirie'],[365],non,non
20-121255,2020-10-05,2021-01-05,['12'],"restauration des structures des tribunes de la chapelle de l'ancien collège royal à rodez - ensemble, extérieur et intérieur du bâtiment, classés monument historique depuis 1927. (5 lots)",fns,cmp2006,attribution,initial,Conseil Départemental de l AVEYRON,12450,Flavin,"[('2020-09-29', 'SAS RODRIGUES-BIZEUL', (49895, 'EUR'), None), ('2020-09-29', 'SARL MALBREL CONSERVATION', (26848, 'EUR'), None), ('2020-09-29', 'INTUITIO EBENISTERIE', (62589, 'EUR'), None), ('2020-09-29', 'ETS RODRIGUES-BIZEUL', (72960.14, 'EUR'), None), ('2020-09-29', 'SARL MALBREL CONSERVATION', (10073.8, 'EUR'), None)]","['Bois', 'Déménagement', 'Dératisation, désinsectisation', 'Echafaudage', 'Menuiserie', 'Mobilier', 'Monuments historiques', 'Peinture (travaux)']","[38, 86, 89, 101, 222, 230, 236, 264]",non,non
20-121509,2020-10-05,2020-11-02,['13'],Fournitures de Poches de congélation pour greffons cellulaires,fns,cmp2006,appeloffre,initial,Etablissement Français du Sang,13005,Marseille,,['Laboratoire (fourniture)'],[181],non,oui
20-121476,2020-10-05,2020-11-06,['13'],Etude de faisabilité pour la création d'un pôle de production audiovisuelle pouvant évoluer en une cité du cinéma à Marseille,fns,cmp2006,appeloffre,initial,Ville de Marseille,13233,Marseille cedex 20,,"['Etude', 'Prestations de services']","[118, 274]",non,non
20-121355,2020-10-05,2020-11-16,['13'],Marché de Maîtrise d'oeuvre pour les études de rénovation d'un ancien commissariat pour accueillir la base de vie Sud de la police municipale au 69 Avenue Haîfa 13008 Marseille,fns,cmp2006,appeloffre,rectificatif,Ville de Marseille,13233,Marseille cedex 20,,"[""Maîtrise d'oeuvre""]",[197],non,non
20-121176,2020-10-05,2020-11-06,"['13', '4', '5', '83', '84']",Il va être procédé à des travaux de rénovation de façade à la Sous Préfecture d'Istres.Ces travaux se dérouleront en site occupé et en fonctionnement.Le présent marché comporte une tranche ferm,fns,cmp2006,appeloffre,initial,Préfecture des Bouches du Rhône,13282,Marseille,,"['Ravalement', 'Revêtements muraux']","[299, 309]",non,non
20-121586,2020-10-05,2020-10-26,['83'],Travaux de protection contre les inondations au lycée GOLF HOTEL à HYERES,fns,cmp2006,appeloffre,initial,Conseil Rég Provence-Alpes-Côte d'Azur,13331,Marseille,,['Barrage'],[31],non,non
20-121321,2020-10-05,2020-12-05,['13'],"Fourniture et installation d'un osmoseur et pré-traitement en dialyse pédiatrique, maintenance et fourniture de pièces détachées, accessoires et consommables associés.Les prestations portent sur",fns,cmp2006,attribution,initial,CENTRE HOSPITALIER REG DE MARSEILLE,13354,Marseille cedex 05,"[('2020-10-01', 'HEMOTECH S.A.S.', (213999.0, 'EUR'), None)]",['Matériel médical'],[212],non,non
20-120960,2020-10-05,2020-11-06,['13'],Portage de repas au domicile des seniors résidant sur la commune de Gemenos,fns,cmp2006,appeloffre,rectificatif,commune,13420,Gémenos,,"['Repas, traiteur']",[304],non,non
20-121368,2020-10-05,2020-11-05,['13'],MAINTENANCE ET EXPLOITATION DES INSTALLATIONS THERMIQUES ET AERAULIQUES DE L'UCP,fns,cmp2006,appeloffre,initial,GPT DE COOPERATION SANITAIRE PAYS AIX,13617,AIX EN PROVENCE,,"['Chambre froide', 'Chauffage (matériel)', 'Equipement thermique']","[56, 60, 114]",non,non
20-120992,2020-10-05,2020-11-03,"['4', '5', '13', '84']",Travaux d'isolation thermique des façades et de remplacement des menuiseries extérieures du bâtiment de la Direction des Services Départementaux de l'Éducation Nationale des Alpes de Haute P,fns,cmp2006,appeloffre,initial,Rectorat Aix-Marseille,13621,Aix en provence cedex 1,,"['Bâtiment', 'Isolation', 'Menuiserie']","[33, 169, 222]",non,non
20-121387,2020-10-05,2021-01-02,['13'],Numéro de la consultation : 2020/TX/0021 Travaux d'aménagement d'un chemin piétonnier sur le Chemin de Velaux,fns,cmp2006,attribution,initial,COMMUNE LES PENNES MIRABEAU,13758,LES PENNES MIRABEAU,"[('2020-10-05', 'COLAS MIDI-MEDITERRANEE', (173853.72, 'EUR'), None)]",['Voirie'],[365],non,non
20-121520,2020-10-05,2020-11-02,"['13', '34', '83', '84']","Fourniture de gaz propane, mise en oeuvre et entretien pour différents sites de la ville de Fos-sur-Mer",fns,cmp2006,appeloffre,initial,Ville de Fos-sur-Mer,13771,Fos sur mer cedex,,['Gaz divers'],[139],non,non
20-121213,2020-10-05,2020-10-28,['13'],"TRAVAUX DE DEPOLLUTION DES PARCELLES N° 23, 24 et 38 (section AE)ROUTE DE LA CABANE NOIRE A ISTRES",fns,cmp2006,appeloffre,initial,COMMUNE D ISTRES,13808,ISTRES,,['Dépollution'],[442],non,oui
20-121079,2020-10-05,2020-10-20,['14'],Mission de conseil éditorial à la création des rubriques thématiques du site internet de l'EREN dans le domaine de l'éthique en santé,mapa,cmp2006,appeloffre,initial,CENTRE HOSPITALIER UNIVERSITAIRE,14033,Caen cedex 9,,['Prestations de services'],[274],non,non
20-121061,2020-10-05,2020-10-30,['16'],"Mission d animation du DOCOB Natura 2000 "" Plaines de Barbezières à Gourville """,mapa,cmp2006,appeloffre,initial,DIRECTION DEPARTEMENTALE TERRITOIRES,16000,Angoulême,,['Etude'],[118],non,non
20-121506,2020-10-05,2020-10-13,['16'],Travaux multi accueil Ma Campagne -3 lots,fns,cmp2006,appeloffre,rectificatif,Commune d'Angoulême,16022,Angoulême cedex,,['Matériaux de construction'],[198],non,oui
20-121493,2020-10-05,2020-10-15,"['17', '16', '79', '86']",Transfert du siège de la CDA de Saintes - Création d'un doublet géothermique,fns,cmp2006,appeloffre,rectificatif,Communauté d'Agglomération de Saintes,17100,Saintes,,['Sondage (travaux)'],[478],non,non
20-121555,2020-10-05,2021-01-02,['17'],Travaux d'entretien et rénovation sur les bâtiments communaux et communautaires,fns,cmp2006,attribution,initial,COMMUNE DE ROCHEFORT,17301,ROCHEFORT,,['Bâtiment'],[33],non,non
20-121346,2020-10-05,2020-10-30,"['17', '16', '33', '79', '85']",mission de maîtrise d'oeuvre pour les travaux de voirie et réseaux pour l'aménagement et la requalification des voies du centre-ville de saint-pierre d'oléron.,fns,cmp2006,appeloffre,initial,Commune de Saint-Pierre d'Oléron,17310,Saint-Pierre d'Oléron,,"[""Maîtrise d'oeuvre""]",[197],non,non
20-121208,2020-10-05,2020-11-16,"['18', '3', '36', '37', '41', '45', '58']",Restructuration et extension de la 1/2 pension du collège Voltaire à Saint-Florent Sur Cher (18),fns,cmp2006,appeloffre,initial,Territoria,18000,Bourges,,"[""Tous corps d'état""]",[345],non,non
20-121001,2020-10-05,2020-10-26,['19'],Réhabilitation du centre touristique de l'Abeille - Relance du lot 7A : Plâtrerie-peinture suite déclaration sans suite de ce lot,fns,cmp2006,appeloffre,initial,CC HAUTE CORREZE COMMUNAUTE,19200,Ussel,,"['Carrelage', 'Peinture (travaux)']","[53, 264]",non,non
20-121342,2020-10-05,2020-10-30,['20A'],Concession de service public pour la gestion d'une micro-crèche,mapa,cmp2006,appeloffre,initial,COMMUNE DE SERRA DI FERRO,20140,SERRA DI FERRO,,['Délégation de service public'],[406],non,non
20-121009,2020-10-05,2020-10-28,['21'],le présent marché a pour objet la mise en place d'une formation en réalité virtuelle pour lutter contre les discriminations de genre ou raciale.,fns,cmp2006,appeloffre,initial,Université de bourgogne,21078,Dijon Cedex,,['Formation'],[410],non,non
20-113536,2020-10-05,2020-10-28,['22'],Aménagements urbains 2020 sur Saint-Brieuc.,fns,cmp2006,appeloffre,initial,Ville de Saint-Brieuc,22023,Saint-Brieuc Cedex 1,,"['Mobilier urbain', 'Voirie']","[231, 365]",non,non
20-121447,2020-10-05,2021-01-05,['25'],"maintenance-assistance à l'homologation et entretien curatif des systèmes de pesée Digisens/Sulo, des bennes à ordures ménagères du grand besançon métropole",mapa,cmp2006,attribution,initial,GRAND BESANCON METROPOLE - DGD,25000,Besançon,,"['Assistance technique', 'Maintenance']","[19, 196]",non,non
20-121577,2020-10-05,2020-11-23,"['21', '25', '70', '39']",AUXONNE (21) - Création d'un espace ATLAS au profit du GSBDD de Besançon,fns,cmp2006DEFENSE,appeloffre,initial,ESID de Metz,25000,Besancon,,"[""Tous corps d'état""]",[345],non,non
20-120744,2020-10-05,2020-10-30,['25'],fourniture de matériels de transport pour la livraison des repas.,mapa,cmp2006,appeloffre,initial,Ville de Besançon,25034,Besançon Cedex,,"['Restauration collective', 'Cuisine (équipement)']","[66, 77]",non,non
20-121246,2020-10-05,2021-01-15,['25'],Aménagement des locaux du centre d'incendie et de secours d'Hérimoncourt,fns,cmp2006,appeloffre,initial,SDIS25,25042,Besançon,,"['Bâtiment', 'Carrelage', 'Charpente', 'Chauffage (travaux)', 'Cloison, faux plafond', 'Démolition', 'Electricité (travaux)', 'Gros oeuvre', 'Menuiserie', 'Peinture (travaux)', 'Plâtrerie', 'Revêtements de sols', 'Sanitaire', 'Serrurerie']","[33, 53, 57, 61, 63, 87, 105, 144, 222, 264, 269, 308, 319, 321]",non,non
20-121537,2020-10-05,2020-11-09,['25'],Fourniture et livraison de produits de traitement pour la STEU de Doubs,fns,cmp2006,appeloffre,initial,Cté de Cnes du Grand Pontarlier,25301,PONTARLIER CEDEX,,"[""Produits d'entretien"", ""Station d'épuration (exploitation)""]","[278, 335]",non,non
20-121152,2020-10-05,2020-10-26,['27'],V201000_RENOVATION DE L'ECLAIRAGE SPORTIF DU STADE ROGER ROCHARD,fns,cmp2006,appeloffre,initial,Ville d'Evreux,27000,EVREUX,,['Eclairage public'],[102],non,non
20-121154,2020-10-05,2020-12-04,['27'],Achat de petites fournitures et de matériaux pour les services techniques,fns,cmp2006,appeloffre,initial,COMMUNE DE LES ANDELYS,27705,LES ANDELYS CEDEX,,"['Maçonnerie', 'Matériel électrique', 'Menuiserie', 'Métallerie', 'Peinture (fourniture)', 'Plomberie (travaux)', 'Quincaillerie (articles)', 'Revêtements de sols', 'Serrurerie']","[195, 203, 222, 223, 263, 270, 291, 308, 321]",non,non
20-121106,2020-10-05,2020-10-19,['28'],Acquisition de deux véhicules de type Ludo Space pour le CH de Chartres,mapa,cmp2006,appeloffre,initial,CENTRE HOSPITALIER GENERAL DE CHARTRES,28018,Chartres,,['Véhicules (acquisition)'],[475],non,non
20-121212,2020-10-05,2020-10-29,['28'],Numéro de la consultation : MAPA 2020.036 Articles textiles pour les CH de Chartres et Dreux,fns,cmp2006,appeloffre,initial,CENTRE HOSPITALIER GENERAL DE CHARTRES,28018,Chartres,,['Habillement'],[150],non,non
20-120686,2020-10-05,2020-11-09,['28'],Travaux de restauration extérieure du choeur de l'église st georges de souance au perche - lot 5 vitraux,fns,cmp2006,appeloffre,initial,Mairie de Souancé-au-Perche,28400,Souancé-au-Perche,,['Vitraux'],[418],non,non
20-120713,2020-10-05,2020-11-09,['28'],"Travaux de restauration extérieure du choeur de l'église Saint-georges de souancé-au-perche, pour les lots 2 et 4.",fns,cmp2006,appeloffre,initial,Mairie de Souancé-au-Perche,28400,Souancé-au-Perche,,"['Couverture', 'Echafaudage']","[74, 101]",non,non
20-121395,2020-10-05,2020-11-19,['29'],Consultation no 5031 - HIA Clermont Tonnerre - Bâtiment Polyclinique Médicale (19) - Mise enconformité SSI - Migration de la détection incendie ionique.,fns,cmp2006,appeloffre,initial,ESID de Brest,29240,Brest cédex 9,,['Détection incendie'],[90],non,oui
20-121546,2020-10-05,2020-11-04,['29'],fourniture d'équipements de protection individuelle,fns,cmp2006,appeloffre,initial,CCPI,29290,Lanrivoaré,,['Quincaillerie (articles)'],[291],non,non
20-121150,2020-10-05,2020-10-28,['30'],Travaux d'impression de la ville d'Alès,fns,cmp2006,appeloffre,initial,Ville d'Alès,30115,Alès cedex,,['Impression'],[160],non,non
20-121371,2020-10-05,2020-11-12,"['30', '13', '34']",21CCTC01 Souscription et gestion de contrats d'assurance,fns,cmp2006,appeloffre,initial,COM DE COMMUNES TERRE DE CAMARGUE,30220,AIGUES-MORTES,,['Assurance'],[20],non,non
20-121187,2020-10-05,2021-01-02,['30'],Numéro de la consultation : 20ELECTRICTE Travaux courants forts et courants faibles sur les installations de la Ville de Vergèze,fns,cmp2006,attribution,initial,COMMUNE DE VERGEZE,30310,VERGEZE,"[('2020-07-31', 'AMPERIS', (50000, 'EUR'), None)]",['Electricité (travaux)'],[105],non,non
20-111069,2020-10-05,2020-10-28,"['31', '81']",prestations de déménagement (...) pendant la réalisation des travaux pour la réhabilitation du bloc sciences et d'économies d'énergie au lycée jean jaurès à carmaux (opération no 50233),fns,cmp2006,appeloffre,initial,SPL ARAC OCCITANIE,31086,Toulouse Cedex 2,,"['Déménagement', 'Manutention']","[86, 237]",non,non
20-114164,2020-10-05,2020-10-30,"['31', '81']",travaux pour la réfection de l'externat et travaux d'économies d'énergie au lycée hôtelier de mazamet (opération no 50238),fns,cmp2006,appeloffre,initial,SPL ARAC OCCITANIE,31086,"Toulouse Cedex 2,",,"['Bâtiment', 'Charpente', 'Chauffage (travaux)', 'Climatisation', 'Cloison, faux plafond', 'Cuisine (équipement)', 'Démolition', 'Electricité (travaux)', 'Gros oeuvre', 'Menuiserie', 'Peinture (travaux)', 'Plâtrerie', 'Plomberie (travaux)', 'Revêtements de sols', 'Sanitaire', 'Serrurerie', ""Tous corps d'état"", 'Ventilation', 'Voirie et réseaux divers', 'Amiante (désamiantage)']","[33, 57, 61, 62, 63, 77, 87, 105, 144, 222, 264, 269, 270, 308, 319, 321, 345, 360, 366, 479]",oui,oui
20-121112,2020-10-05,2021-01-05,['31'],"fourniture, livraison et formation utilisation d'un tracteur 4x4 d'occasion et ses équipements.",fns,cmp2006,attribution,initial,DIR Sud-Ouest,31300,Toulouse,"[('2020-09-25', 'ETS LAGARRIGUE', (81500, 'EUR'), None)]",['Véhicules (acquisition)'],[475],non,non
20-121464,2020-10-05,2020-12-03,['31'],Extension de la station d'épuration à 30 000 EqH_Commune de PLAISANCE DU TOUCH,fns,cmp2006,appeloffre,rectificatif,SMEA31,31400,Toulouse,,['Assainissement'],[18],non,non
20-120975,2020-10-05,2020-10-13,['31'],Travaux de Voirie et Réseaux Divers sur le Domaine du Campus de RANGUEIL,fns,cmp2006,attribution,initial,Rectorat de Toulouse - SACIM,31400,Toulouse,"[('2020-09-21', 'SPIE BATIGNOLLES MALET', (769812.5, 'EUR'), None)]","['Voirie', 'Voirie et réseaux divers']","[365, 366]",non,non
20-121514,2020-10-05,2020-12-05,['31'],"Le présent marché a pour objet l'acquisition et le support à la mise en oeuvre d'une nouvelle solution de type ERP (Finance, Achats, Projets et Gestion des Ressources).",fns,cmp2006,appeloffre,rectificatif,MERCATOR OCEAN,31520,Ramonville-saint-agne,,['Logiciel'],[186],non,non
20-121374,2020-10-05,2020-11-05,['31'],FOURNITURE DE GAZ POUR LA VILLE DE CASTELNAU D'ESTRETEFONDS,mapa,cmp2006,appeloffre,initial,COMMUNE DE CASTELNAU D ESTRETEFONDS,31620,CASTELNAU D'ESTRETEFONDS,,"['Electricité, gaz (fourniture)']",[443],non,non
20-120943,2020-10-05,2020-11-16,"['9', '12', '31', '46', '65', '81', '82']","Travaux d'électricité, de modification d'équipements ou d'installations existantes liés à des évolutions ou à des réaménagements de locaux, sur le réseau courant fort et courant faible",fns,cmp2006,appeloffre,initial,Urssaf Midi-Pyrénées,31670,Labège innopole,,['Electricité (travaux)'],[105],non,non
20-121606,2020-10-05,2020-10-21,"['34', '9', '48', '65']",Groupement de commande pour la fourniture d'une solution digitale innovante permettant de récompenser l'acte d'achat afin de redynamiser l'activité des commerces de proximité de la,fns,cmp2006,appeloffre,initial,CCI Occitanie,31701,Blagnac cedex,,['Informatique (prestations de services)'],[163],non,non
20-120957,2020-10-05,2020-11-13,"['32', '31']",Gestion du point accueil jeunes de Fontenilles,fns,cmp2006,appeloffre,initial,CC DE LA GASCOGNE TOULOUSAINE,32600,L'Isle-Jourdain,,['Prestations de services'],[274],non,non
20-120988,2020-10-05,2020-10-26,['33'],Cellule d'écoute et de soutien psychologique pour les agents de Bordeaux Métropole,fns,cmp2006,appeloffre,initial,Bordeaux Métropole,33045,BORDEAUX,,['Prestations de services'],[274],non,non
20-120981,2020-10-05,2020-10-26,['33'],Cellule d'écoute et de soutien psychologique pour les agents de la Ville de Bordeaux,mapa,cmp2006,appeloffre,initial,COMMUNE DE BORDEAUX,33045,BORDEAUX,,['Prestations de services'],[274],non,non
20-121453,2020-10-05,2020-10-27,['33'],Remorquage et évacuation des véhicules de Bordeaux Métropole,fns,cmp2006,appeloffre,initial,BORDEAUX METROPOLE,33045,BORDEAUX,,['Véhicules'],[359],non,non
20-121351,2020-10-05,2020-10-18,['33'],Travaux de reconstruction du restaurant de la Gare cycliste,fns,cmp2006,appeloffre,initial,MAIRIE DE SAINT-MEDARD-EN-JALLES,33160,Saint médard en jalles,,"['Charpente', 'Cloison, faux plafond']","[57, 63]",non,non
20-121042,2020-10-05,2020-10-16,['33'],ETUDE DE DIAGNOSTIC ARCHITECTURAL ET PAYSAGER DES QUARTIERS MODERNES FRUGES (rectificatif),fns,cmp2006,appeloffre,rectificatif,COMMUNE DE PESSAC,33604,PESSAC CEDEX,,['Etude'],[118],non,non
20-121439,2020-10-05,2020-10-26,['33'],Achat de véhicules et matériels roulants 2020,fns,cmp2006,appeloffre,initial,Ville de Lège-Cap Ferret,33950,Lège-cap ferret,,['Véhicules (acquisition)'],[475],non,non
20-121171,2020-10-05,2020-11-12,['34'],Réhabilitation des façades du restaurant universitaire Triolet,fns,cmp2006,appeloffre,initial,C.R.O.U.S. de Montpellier,34033,Montpellier,,"[""Tous corps d'état""]",[345],non,non
20-120964,2020-10-05,2020-11-02,['34'],Coordination SPS pour la construction d'un collège 750 élèves quartier Port Marianne à Montpellier,fns,cmp2006,appeloffre,initial,Conseil départemental de l'Hérault,34087,MONTPELLIER,,['Ingénierie'],[455],non,non
20-121116,2020-10-05,2021-01-02,['34'],20025 DISSIMULATION DE RESEAUX RUE DU JEU DE BOULES ET RUE DES 4 FONDATEURS,fns,cmp2006,attribution,initial,MAIRIE DE MAUGUIO CARNON,34132,MAUGUIO,"[('2020-07-13', 'SAS BONDON', (128201, 'EUR'), None)]","['Câblage', 'Réseaux divers']","[47, 306]",non,non
20-121189,2020-10-05,2021-01-02,['34'],20027 ACCORD CADRE DE REPRISES DE PAVAGE GRAND RUE FRANCOIS MITTERAND,fns,cmp2006,attribution,initial,MAIRIE DE MAUGUIO CARNON,34132,MAUGUIO,"[('2020-08-04', 'COLAS Midi-Méditerranée', (140000, 'EUR'), None)]","['Terrassement', 'Voirie']","[341, 365]",non,non
20-121118,2020-10-05,2021-01-02,['34'],20030 AMÉLIORATION DU CONFORT D'ÉTÉ DANS LES ÉCOLES,fns,cmp2006,attribution,initial,MAIRIE DE MAUGUIO CARNON,34132,MAUGUIO,"[('2020-06-23', 'SMEE', (46161.73, 'EUR'), None), ('2020-06-23', 'BMA ELECTRICITE', (36949.5, 'EUR'), None)]","['Climatisation', 'Ventilation']","[62, 360]",non,non
20-115211,2020-10-05,2020-11-05,['34'],location longue durée de véhicules utilitaires neufs,fns,cmp2006,appeloffre,initial,Syndicat mixte Hérault Transport,34193,Montpellier Cx,,['Véhicules (location)'],[474],non,non
20-121331,2020-10-05,2020-12-05,['34'],"réhabilitation des bâtiments c et d en restaurant - pic natura.lots 5, 8 et 9",fns,cmp2006,attribution,initial,Cté Cnes du Grand Pic St Loup,34270,Saint Mathieu de Tréviers,"[('2020-10-05', 'SARL REVETEMENT DU SUD PROCERAM', (28092, 'EUR'), None), ('2020-10-05', 'SANITHERMIC SASU', (88500, 'EUR'), None), ('2020-10-05', 'SARL SALAGER SERRA', (53006.9, 'EUR'), None)]","['Carrelage', 'Chauffage (travaux)', 'Climatisation', 'Cloison, faux plafond', 'Plomberie (travaux)', 'Ventilation']","[53, 61, 62, 63, 270, 360]",non,non
20-120952,2020-10-05,2020-12-05,['34'],construction d'un gymnase au pôle sportif intercommunal zae st sauveur - lot no 5 : menuiseries extérieures,fns,cmp2006,attribution,initial,Cté Cnes du Grand Pic St Loup,34270,Saint Mathieu de Tréviers,"[('2020-10-05', 'FABRILIS', (139634, 'EUR'), None)]","['Charpente', 'Menuiserie']","[57, 222]",non,non
20-121132,2020-10-05,2020-11-05,['34'],CONFORTEMENT ET RECONSTRUCTION PARTIELLE MUR DE SOUTENEMENT,fns,cmp2006,appeloffre,initial,Mairie de servian,34290,Servian,,['Mur de soutènement'],[233],non,non
20-121306,2020-10-05,2020-11-05,['34'],Travaux de réparations de voirie,fns,cmp2006,attribution,initial,Ville de Béziers,34508,Béziers,,['Voirie'],[365],non,non
20-121544,2020-10-05,2020-10-27,['34'],Etude des scénarios d'aménagement pour le reclassement du remblai SNCF : digue de Saint Thibery,mapa,cmp2006,appeloffre,initial,COMMUNAUTE D AGGL HERAULT MEDITERRANEE,34630,Saint Thibery,,['Prestations de services'],[274],non,non
20-121545,2020-10-05,2020-10-27,['34'],Réalisation d'un audit de fonctionnement pour les stations d'exhaures et le clapet hydraulique de Vias,mapa,cmp2006,appeloffre,initial,COMMUNAUTE D AGGL HERAULT MEDITERRANEE,34630,Saint Thibery,,['Prestations de services'],[274],non,non
20-121404,2020-10-05,2020-11-03,['35'],CHAPELLE FRANCOIS-XAVIER - Réfection de chéneaux et corniches,fns,cmp2006,appeloffre,annulation,Ville de Rennes,35031,RENNES CEDEX,,"['Couverture', 'Maçonnerie']","[74, 195]",non,non
20-121402,2020-10-05,2020-11-02,['36'],Mission de contrôle technique et de coordonnateur S.P.S. concernant la réfection des étanchéités des façades de la CPAM de l'Indre,mapa,cmp2006,appeloffre,initial,CPAM DE L'INDRE,36000,Châteauroux,,['Contrôle technique'],[72],non,non
20-121301,2020-10-05,2020-11-02,['36'],"Mission de Maitrise d'oeuvre concernant la réfection des étanchéités des façades de l'immeuble du siège de la CPAM l'Indre, 14, rue Claude Nicolas Ledoux, 36000 Châteauroux",mapa,cmp2006,appeloffre,initial,CPAM DE L'INDRE,36000,Châteauroux,,['Etanchéité'],[117],non,non
20-119809,2020-10-05,2020-10-29,['36'],travaux de restauration de l'aile et de la tour est du château de valençay - 10 lots,fns,cmp2006,appeloffre,initial,Syndicat Mixte du Château de Valencay,36600,Valençay,,"['Bâtiment', 'Charpente', 'Couverture', 'Décoration (travaux)', 'Electricité (travaux)', 'Maçonnerie', 'Menuiserie', 'Mobilier', 'Serrurerie', 'Voirie et réseaux divers', 'Paratonnerre']","[33, 57, 74, 85, 105, 195, 222, 230, 321, 366, 411]",non,non
20-121045,2020-10-05,2020-11-06,['37'],"Réalisation de travaux pour la mise en sécurité des châssis coulissants du Bâtiment L du pôle immobilier Grandmont de l'Université de Tours - Lot no 1 "" Menuiserie métallique - Miroiterie - Echaf",fns,cmp2006,appeloffre,initial,Université François Rabelais de Tours,37020,Tours cedex 1,,['Menuiserie'],[222],non,non
20-121184,2020-10-05,2020-10-23,['38'],Conseil et assistance technique au dépôt d'une demande de subvention globale FSE+ (2021-2027),mapa,cmp2006,appeloffre,initial,DEPARTEMENT DE L ISERE,38022,Grenoble,,"[""Assistance à maîtrise d'ouvrage""]",[433],non,non
20-121551,2020-10-05,2020-10-16,"['38', '5', '26', '73', '1', '69', '42', '7']",Numéro de la consultation : A20DCP- SR011 Ancien prieuré de Saint Michel de Connexe - Travaux de consolidation des vestiges et de sécurisation du site,fns,cmp2006,appeloffre,rectificatif,DEPARTEMENT DE L ISERE,38022,Grenoble,,"['Bâtiment', 'Mur de soutènement', 'Revêtements de sols', 'Terrassement', 'Travaux de viabilité']","[33, 233, 308, 341, 353]",non,oui
20-121466,2020-10-05,2020-10-28,['38'],Mission d'assistance à maitrise d'ouvrage pour le programme du déploiement d'un réseau de chaleur à Meylan,fns,cmp2006,appeloffre,rectificatif,GRENOBLE-ALPES METROPOLE,38031,GRENOBLE,,"[""Assistance à maîtrise d'ouvrage""]",[433],non,non
20-121278,2020-10-05,2020-10-12,['38'],Maintenance préventive systématique et corrective des ascenseurs du Siège Social de l'Assurance Maladie de l'Isère (IGH),mapa,cmp2006,appeloffre,rectificatif,CAISSE PRIMAIRE D ASSUR MALADIE ISERE,38045,Grenoble,,"['Ascenseur', 'Maintenance']","[17, 196]",non,non
20-121375,2020-10-05,2020-11-06,['38'],Numéro de la consultation : 20/006 FOURNITURE ET POSE DE SOLS SOUPLES POUR AIRES DE JEUX,fns,cmp2006,appeloffre,initial,VILLE D'ECHIROLLES,38433,ECHIROLLES,,['Aire de jeux'],[400],non,non
20-121270,2020-10-05,2020-11-02,['38'],CONSTRUCTION DU POLE ENFANCE SUR LA COMMUNE DE ALLEVARD,fns,cmp2006,appeloffre,initial,Le Grésivaudan,38926,Crolles,,['Bâtiment'],[33],non,non
20-121398,2020-10-05,2020-11-06,['39'],AAP Eau et Biodiversité - Bassin versant de la Bienne,fns,cmp2006,appeloffre,initial,Parc naturel régional du Haut-jura,39310,Lajoux,,['Rivières/ruisseaux'],[310],non,non
20-120951,2020-10-05,2020-11-02,['40'],travaux d'assainissementremplacement des canalisations berges eloi ducom et barbe d'or,fns,cmp2006,appeloffre,initial,MONT DE MARSAN AGGLOMERATION,40001,Mont-de-Marsan Cedex,,['Assainissement'],[18],non,oui
20-120953,2020-10-05,2020-10-20,['40'],commune de luxeyeau potablecréation d'un nouveau réservoirlot 6 : fourniture d'un groupe électrogèneopération no2018-033,fns,cmp2006,appeloffre,initial,SYDEC,40006,Mont de Marsan cedex,,['Groupe électrogène'],[143],non,non
20-121146,2020-10-05,2020-11-02,['41'],Confortement de caves - Impasse Saint Jean à Blois,fns,cmp2006,appeloffre,initial,Ville de Blois,41012,Blois Cedex,,['Génie civil'],[141],non,oui
20-121350,2020-10-05,2020-12-05,['41'],Réfection des toitures terrasse de la Maison des entreprises à Blois,fns,cmp2006,attribution,initial,CCI de Loir-et-Cher,41018,Blois,"[('2020-10-01', 'BRAUN ETANCHEITE', (102638.09, 'EUR'), None)]",['Couverture'],[74],non,non
20-121128,2020-10-05,2021-01-02,['41'],Aide à la gestion des barrières de dégel,fns,cmp2006,attribution,initial,CONSEIL DEPARTEMENTAL DE LOIR-ET-CHER,41020,Blois,"[('2020-10-05', 'CEREMA', (81840, 'EUR'), None)]",['Assistance technique'],[19],non,non
20-121602,2020-10-05,2020-10-19,['42'],ASSURANCE DOMMAGE OUVRAGE ET TOUS RISQUES CHANTIER - Opération de construction d'un bâtiment d'enseignement supérieur en vue du regroupement des formations sur le campus de Roanne,mapa,cmp2006,appeloffre,initial,Roannais Agglomération,42311,ROANNE,,['Assurance'],[20],non,non
20-121155,2020-10-05,2020-10-31,['43'],Mission de maîtrise d'oeuvre pour la création d'un parc public 'Rue des alliés',mapa,cmp2006,appeloffre,initial,Ville d'Yssingeaux,43200,YSSINGEAUX,,"[""Maîtrise d'oeuvre""]",[197],non,non
20-120946,2020-10-05,2020-10-23,['44'],Révision mécanique sur autobus articulés Mercedes CITARO GNV,fns,cmp2006,appeloffre,initial,SEMITAN,44046,Nantes Cedex 1,,['Prestations de services'],[274],non,non
20-120994,2020-10-05,2020-11-06,['44'],prestation de travaux de restauration de documents patrimoniauxpour les archives de nantes et le réseau des bibliothèques municipales (rectificatif),fns,cmp2006,appeloffre,rectificatif,COMMUNE DE NANTES,44094,Nantes cedex 1,,['Livres'],[184],non,non
20-121460,2020-10-05,2020-11-02,['44'],"AMENAGEMENT DES ESPACES PUBLICS EN PERIPHERIE DE L'ILOT P1 DE LA ZAC "" CENTRE-BOURG DE SAINT ANDRE DES EAUX """,fns,cmp2006,appeloffre,initial,SPL SONADEV,44601,Saint-Nazaire,,['Travaux de viabilité'],[353],non,non
20-120945,2020-10-05,2020-10-27,['44'],conseil en organisation et accompagnement au changement dans le domaine de l'information et de la relation au citoyen,fns,cmp2006,appeloffre,initial,Nantes Métropole,44929,Nantes cedex 9,,"['Prestations de services', 'Formation']","[274, 410]",non,non
20-121370,2020-10-05,2020-10-23,['45'],MODERNISATION DE L'ECLAIRAGE DU CENTRE AQUATIQUE DES CORBOLOTTES,fns,cmp2006,appeloffre,initial,Ville de Saint Jean de la Ruelle,45142,Saint Jean de la Ruelle,,['Electricité (travaux)'],[105],non,non
20-121094,2020-10-05,2020-11-02,['45'],TRAVAUX DE RÉHABILITATION DU RÉSEAU D'EAU POTABLE ENFOUISSEMENT DES RÉSEAUX AÉRIENSRue des vignes,fns,cmp2006,appeloffre,initial,Ville de Chambon la Foret,45340,CHAMBON LA FORET,,['Alimentation en eau potable'],[6],non,non
20-121589,2020-10-05,2020-11-05,['45'],Prestation de services d'assurance IARD pour une durée de 4 ans,fns,cmp2006,appeloffre,initial,COMMUNE DE CHAINGY,45380,Chaingy,,['Assurance'],[20],non,non
20-121472,2020-10-05,2021-01-02,['45'],Diagnostics de performances énergétiques sur les bâtiments du Loiret,fns,cmp2006,attribution,initial,Département du Loiret,45945,Orléans,"[('2020-10-05', 'AXENTIS', (30560, 'EUR'), None)]","['Audit', 'Etude']","[21, 118]",non,non
20-121018,2020-10-05,2020-11-05,['46'],TRAVAUX D'INSTALLATION DE DEUX CRIBLES FIXES SUR LES PLATEFORMES DE VALORISATION DU BOIS DE CATUS ET SAINT-JEAN LAGINESTE,fns,cmp2006,appeloffre,initial,SYDED DU LOT,46150,CATUS,,"['Electricité (travaux)', 'Gros oeuvre']","[105, 144]",non,non
20-121059,2020-10-05,2020-11-04,['49'],Création d'un poste de refoulement d'eaux usées rue de Verden Stade d'Offard à SAUMUR,mapa,cmp2006,appeloffre,initial,CA SAUMUR VAL DE LOIRE,49408,Saumur Cedex,,['Génie civil'],[141],non,non
20-121610,2020-10-05,2020-10-28,['50'],Achat de fournitures de bureau et de papier reprographie pour les services de Saint-Lô Agglo- Lot no 1 : Fournitures de bureau- Lot no 2 : Fourniture de papier reprographie,fns,cmp2006,appeloffre,initial,CA SAINT LO AGGLO,50008,SAINT-LO,,['Articles de bureau et articles scolaires'],[16],non,oui
20-121357,2020-10-05,2020-11-06,['50'],Mission de maîtrise d'oeuvre : programme de lutte contre les inondations de la divette à Cherbourg En Cotentin - démolition et reconstruction du Pont François 1er,fns,cmp2006,appeloffre,initial,Communauté d'Agglomération du Cotentin,50130,Cherbourg en Cotentin,,"[""Maîtrise d'oeuvre"", ""Ouvrage d'infrastructure""]","[197, 253]",non,non
20-121105,2020-10-05,2020-10-21,['51'],Prestations de viabilité hivernale,mapa,cmp2006,appeloffre,initial,CA DE CHALONS EN CHAMPAGNE,51000,CHÂLONS-EN-CHAMPAGNE,,['Prestations de services'],[274],non,non
20-121587,2020-10-05,2020-10-27,['51'],Maîtrise d'oeuvre pour la démolition et la dépollution de l'ancien site de France Champagne Equipement situé à Châlons-en-Champagne,mapa,cmp2006,appeloffre,initial,CA DE CHALONS EN CHAMPAGNE,51000,CHÂLONS-EN-CHAMPAGNE,,"['Etude', 'Prestations de services']","[118, 274]",non,non
20-120637,2020-10-05,2020-10-26,['10'],"rénovation thermique, mise en accessibilité et réaménagement de locaux au lycée chrestien de troyes - 10000 troyes - lots 11 et 12",fns,cmp2006,appeloffre,initial,REGION GRAND EST,51037,CHALONS EN CHAMPAGNE CEDEX,,"['Ascenseur', 'Peinture (travaux)']","[17, 264]",non,oui
20-121047,2020-10-05,2020-12-07,['52'],"ACHAT DE FOURNITURES SCOLAIRES, MANUELS ET PETITS MATÉRIELS POUR LES ÉCOLES DE LA CCGL",fns,cmp2006,attribution,initial,COM DE COM DU GRAND LANGRES,52206,Langres cedex,"[('2020-09-25', 'Papeteries Pichon', (108000, 'EUR'), None), ('2020-09-25', 'SCOP SA SavoirsPlus', (63000, 'EUR'), None), ('2020-09-25', 'SCOP SA SavoirsPlus', (39000, 'EUR'), None)]","['Equipements spécialisés', 'Jeux, jouets']","[115, 175]",non,non
20-121288,2020-10-05,2020-12-05,['53'],Gestion et auto surveillance de la filière de valorisation des boues,fns,cmp2006,appeloffre,initial,Laval Agglomération,53008,Laval cedex,,['Assainissement'],[18],non,non
20-121083,2020-10-05,2020-11-09,"['54', '57', '55', '88']","La sécurité physique des personnes et des biens, intégrée au bâtiment de l'INSET de Nancy",mapa,cmp2006,appeloffre,initial,CNFPT - INSET de Nancy,54000,Nancy,,['Gardiennage'],[138],non,non
20-121216,2020-10-05,2021-01-02,['54'],"La mission consiste à définir les moyens minimums à mettre en oeuvre pour assurer l'ancrage des palplanches sur 1,00 m dans les marnes plus au moins altérées. Devront ainsi être réalisés plusieur",fns,cmp2006,attribution,initial,Voies navigables de France,54036,Nancy,"[('2020-07-15', 'NGE Fondations', (54120.0, 'EUR'), None)]",['Ecluse'],[103],non,non
20-120973,2020-10-05,2021-01-02,['54'],Modernisation de plusieurs ouvrages dy système d'alimentation global de Messein/Nancy Sud,fns,cmp2006,attribution,initial,Voies navigables de France,54036,Nancy,"[('2020-08-25', 'Groupement conjoint est ouvrages / Ineo / parisot Est ouvrages mandataire', (1448551, 'EUR'), None)]","['Automatisation', ""Ouvrage d'art"", ""Ouvrage d'infrastructure"", 'Ouvrage hydraulique']","[14, 252, 253, 255]",non,oui
20-121049,2020-10-05,2021-01-02,['54'],L'objet de l'accord-cadre à bons de commande porte sur la remise à neuf des organes de manoeuvre des vantaux et des vannes d'aqueducs de 3 écluses grand gabarit de la Moselle. Les éclus,fns,cmp2006,appeloffre,initial,Voies navigables de France,54036,Nancy,,['Ecluse'],[103],non,oui
20-121161,2020-10-05,2020-11-02,"['54', '57']",Contrat de prestations de service pour l'exploitation d'une structure multi-accueil de la petite enfance de 30 places,fns,cmp2006,appeloffre,initial,Ville de Laneuveville Devant Nancy,54410,Laneuveville-devant-nancy,,['Prestations de services'],[274],non,non
20-121565,2020-10-05,2020-11-19,['56'],"L'optimisation énergétique de la station d'épuration de Lanester, rue Denis Papin, Lanester (56600)La modernisation des systèmes d'exploitation informatisés pour 4 sites : - station d",fns,cmp2006,appeloffre,initial,Lorient Agglomération,56314,Lorient cédex,,"['Automatisation', 'Télégestion']","[14, 352]",non,non
20-121133,2020-10-05,2020-11-03,"['57', '54', '52', '51', '68', '67']",VANDOEUVRE-LES-NANCY (54) /GRS NE - Quartier Drouot - Bâtiment 0001 / AD'AP - Construction d'un ascenseur,fns,cmp2006,appeloffre,initial,ESID de Metz,57044,Metz cedex 01,,['Ascenseur'],[17],non,non
20-121543,2020-10-05,2020-10-22,['57'],Travaux de construction de la caserne de Metz-Peltre (57245 Peltre) - lot no 14 : Plomberie sanitaire,fns,cmp2006,appeloffre,initial,SCE DEPARTEMENTAL INCENDIE ET SECOURS,57072,METZ,,"['Plomberie (travaux)', 'Sanitaire']","[270, 319]",oui,non
20-121311,2020-10-05,2020-10-26,['57'],MAITRISE D'OEUVRE RESTRUCTURATION DU PARC URBAIN CENTRAL,mapa,cmp2006,appeloffre,initial,Ville de Terville,57180,TERVILLE,,"[""Maîtrise d'oeuvre""]",[197],non,non
20-121503,2020-10-05,2020-10-26,['58'],Lotissement Les Brosses : Réalisation de la voirie,fns,cmp2006,appeloffre,initial,COMMUNE SAINT BENIN D AZY,58270,Saint-benin-d'azy,,['Voirie'],[365],non,non
20-121195,2020-10-05,2020-11-04,"['59', '62']",Aménagement de lieux de vie étudiante (EVE) Bâtiment T du Campus Moulins de l'Université de Lille,fns,cmp2006,appeloffre,initial,UNIVERSITE DE LILLE,59000,Lille,,"['Chauffage (travaux)', 'Electricité (travaux)', 'Gros oeuvre', 'Menuiserie', 'Plomberie (travaux)']","[61, 105, 144, 222, 270]",non,non
20-121090,2020-10-05,2020-12-06,['59'],Remplacement des menuiseries extérieures de la crèche du CH de Roubaix,fns,cmp2006,attribution,initial,CHU DE LILLE,59037,Lille cedex,"[('2020-10-01', 'BOUILLON', (69780.51, 'EUR'), None)]",['Menuiserie'],[222],non,non
20-121532,2020-10-05,2020-10-27,"['59', '62', '80', '2', '60', '75', '10', '8', '76']",Restauration de la porte royale de la citadelle de Lille,fns,cmp2006,appeloffre,initial,MINISTERE DE LA CULTURE,59041,Lille cedex,,['Monuments historiques'],[236],non,non
20-120949,2020-10-05,2020-10-30,"['59', '62', '2']","organisation de trois classes double de neige dans le massif alpin du nord pour 85 enfants cm1/cm2, accompagnés de 3 enseignants (une femme et deux hommes) pour une période de 8 jours et 7 nuits.",mapa,cmp2006,appeloffre,initial,Mairie de Wignehies,59212,Wignehies,,['Prestations de services'],[274],non,non
20-121316,2020-10-05,2020-11-26,['59'],"Travaux d'entretien, de rénovation des peintures, des revêtements de sols dans les différents bâtiment de la CPAM du HAINAUT",fns,cmp2006,appeloffre,initial,CPAM Hainaut,59321,Valenciennes,,['Peinture (travaux)'],[264],non,oui
20-117043,2020-10-05,2020-10-30,['59'],"mapa 2020 - 2251 a 2260dispositifs medicaux de diagnostic, de mesure de la temperature pour le centre hospitalier de cambrai",mapa,cmp2006,appeloffre,initial,Centre hospitalier de Valenciennes,59322,Valenciennes,,['Consommables médicaux'],[69],non,non
20-121524,2020-10-05,2020-10-28,"['59', '62']",Mission d'assistance à maitrise d'ouvrage pour modification du dossier de ZAC suite à la réalisation de l'étude d'urbanisme - ZAC de la Clochette à DOUAI,fns,cmp2006,appeloffre,initial,Douaisis Agglo,59351,Douai,,['Etude'],[118],non,non
20-121409,2020-10-05,2020-10-26,['59'],"prélèvements, recherche d'amiante et/ou hap, carottages et études structurelles sur les voiries gérées par la cchf",fns,cmp2006,appeloffre,initial,Cté de Communes des Hauts de Flandre,59380,Bergues,,['Amiante (diagnostic)'],[431],non,non
20-121304,2020-10-05,2020-11-04,['59'],Location-entretien de véhicules frigorifiques,fns,cmp2006,appeloffre,initial,CCAS de Dunkerque,59385,Dunkerque,,['Véhicules (location)'],[474],non,non
20-121148,2020-10-05,2020-11-30,"['59', '2']",marché public de services d'assurances,fns,cmp2006,appeloffre,initial,Ville d'Avesnes sur Helpe,59440,Avesnes-sur-Helpe,,['Assurance'],[20],non,non
20-121244,2020-10-05,2020-10-16,['59'],Remplacement et mise en conformité des installations d'éclairage de l'E.P.S.M Agglomération Lilloise,fns,cmp2006,appeloffre,rectificatif,EPSM Lille Métropole,59487,Armentières,,['Electricité (travaux)'],[105],non,non
20-121280,2020-10-05,2020-10-27,"['59', '62']","Mission d'assistance à maîtrise d'ouvrage en vue de travaux sur les réseaux d'eau chaude sanitaire, retours eau chaude sanitaire et travaux connexes",mapa,cmp2006,appeloffre,initial,CENTRE HOSPITALIER DE DOUAI,59507,Douai Cedex,,"[""Assistance à maîtrise d'ouvrage""]",[433],non,non
20-121529,2020-10-05,2020-11-15,['59'],Mission de maîtrise d'oeuvre pour la construction d'une salle polyvalente et l'aménagement d'un parking paysager.,fns,cmp2006,attribution,initial,Commune de Maubeuge,59607,Maubeuge cedex,"[('2020-09-24', 'Groupement Atelier AMELIE FONTAINE (mandataire)/Jeanne Darrasse Architecte-ETAC-GEONOMIA-INGEBOIS-Cabinet TESSON (cotraitants)', (121500, 'EUR'), None)]",['Bâtiment'],[33],non,non
20-119976,2020-10-05,2020-11-02,['59'],location de véhicules,fns,cmp2006,appeloffre,initial,Ville de Saint-Amand-les-Eaux,59734,Saint-Amand-Les-Eaux Cedex,,['Véhicules (location)'],[474],non,non
20-121159,2020-10-05,2020-11-06,['60'],FOURNITURE DE MATERIELS ET PRODUITS POUR LA DESINFECTION DES VSAV DU SDIS60,fns,cmp2006,appeloffre,initial,SDIS 60 - Sce Dept d'Incendie,60008,Beauvais cedex,,['Consommables médicaux'],[69],non,non
20-121268,2020-10-05,2020-11-10,['60'],Travaux d'aménagement d'une coursive aux Archives Municipales - Place de Saint Just des Marais à BEAUVAIS,mapa,cmp2006,appeloffre,initial,VILLE DE BEAUVAIS,60021,Beauvais,,"['Bardage', 'Charpente', 'Couverture', 'Ouvrage métallique']","[30, 57, 74, 254]",non,non
20-121100,2020-10-05,2020-11-12,['60'],Travaux de rénovation du local BELLEVUE - quartier Saint-Jean rue de Sénéfontaine - 60000 BEAUVAIS,fns,cmp2006,appeloffre,initial,VILLE DE BEAUVAIS,60021,Beauvais,,"['Démolition', 'Electricité (travaux)', 'Menuiserie', 'Peinture (travaux)', 'Plomberie (travaux)']","[87, 105, 222, 264, 270]",non,non
20-121518,2020-10-05,2020-10-27,['60'],Etude localisée de conception d'un plan d'hydraulique douce pour la maitrise des phénomènes de ruissellement et de coulées de boue sur la commune de Montchevreuil (60),mapa,cmp2006,appeloffre,initial,COMMUNAUTE DE COMMUNES DES SABLONS,60175,Villeneuve Les Sablons,,"['Etude', 'Hydraulique agricole']","[118, 152]",non,non
20-121197,2020-10-05,2020-12-03,['60'],La CCPV procède à une consultation en vue de souscrire les contrats d'assurances 'dommages aux biens et risques annexes' et 'responsabilité et risques annexes',fns,cmp2006,appeloffre,initial,Cté de communes de la Picardie Verte,60220,Formerie,,['Assurance'],[20],non,non
20-121601,2020-10-05,2020-12-30,"['60', '75', '95', '80', '51', '2']",EXTENSION ET MAINTENANCE DU DISPOSITIF DE LA VIDÉOPROTECTION URBAINE SUR LA COMMUNE DE LAMORLAYE,fns,cmp2006,appeloffre,initial,COMMUNE DE LAMORLAYE,60260,Lamorlaye,,"['Télécommunications', 'Informatique (maintenance serveurs et réseaux)']","[338, 454]",non,non
20-120928,2020-10-05,2020-11-05,['60'],Optimisation du réseau de collecte et de la station d'épuration de Senlis par la réalisation d'un schéma de gestion des eaux pluviales,joue,directive24,appeloffre,initial,SENLIS,60309,Senlis Cédex,,['Assainissement'],[18],non,non
20-121175,2020-10-05,2020-11-04,['62'],"Accord-cadre à bons de commandes de location de matériel (sonorisation, éclairage, vidéo et mobilier) pour les manifestations de la Communauté Urbaine d'Arras",fns,cmp2006,appeloffre,initial,Communauté Urbaine d'Arras,62026,Arras cedex,,['Evénementiel'],[445],non,non
20-121607,2020-10-05,2020-11-06,['62'],REHABILITATION DU CHATEAU D'EAU D'ECUIRES,fns,cmp2006,appeloffre,initial,CA DES DEUX BAIES EN MONTREUILLOIS,62170,MONTREUIL SUR MER,,"['Alimentation en eau potable', 'Réservoir', 'Voirie et réseaux divers']","[6, 307, 366]",non,non
20-121382,2020-10-05,2021-01-02,['62'],20PA25 MAINTENANCE ET ENTRETIEN DES ASCENSEURS ET PLATEFORMES ELEVATRICES,fns,cmp2006,attribution,initial,COMMUNAUTE D AGL D HENIN CARVIN,62253,HENIN BEAUMONT CEDEX,"[('2020-09-29', 'A2A Ascenseurs', (213000, 'EUR'), None)]",['Ascenseur'],[17],non,non
20-121511,2020-10-05,2020-11-06,"['62', '59']",prestations 'traiteurs',fns,cmp2006,appeloffre,initial,CommunAupole de Lens-Liévin,62302,Lens,,"['Repas, traiteur']",[304],non,non
20-121262,2020-10-05,2020-10-29,['62'],Fourniture de denrées alimentaires pour le CCAS et la Résidence Autonomie Ambroise Croizat,fns,cmp2006,appeloffre,initial,Centre Communal d'Action Sociale,62440,HARNES,,['Denrées alimentaires'],[88],non,non
20-121166,2020-10-05,2020-10-21,"['62', '59']",Réhabilitation et modernisation d'ouvrages gravitaires,fns,cmp2006,appeloffre,initial,Institution des Wateringues,62505,saint-omer cedex,,"['Bois', 'Electromécanique', 'Equipement hydraulique', 'Métallerie', 'Ouvrage hydraulique']","[38, 107, 111, 223, 255]",non,non
20-121416,2020-10-05,2020-10-26,['62'],Entretien et réparation des autolaveuses pour les bâtiments municipaux,fns,cmp2006,appeloffre,initial,Mairie de LIEVIN,62800,LIEVIN,,['Maintenance'],[196],non,non
20-121507,2020-10-05,2020-10-27,"['63', '7', '12', '15', '34', '43', '48']",Remplacement et réparation des joints de chaussées et de trottoirs sur ouvrages d'artdu réseau routier de la DIR Massif Central,fns,cmp2006,appeloffre,initial,DIR INTERDEP ROUTES MASSIF CENTRAL,63012,Clermont-ferrand,,['Génie civil'],[141],non,oui
20-114980,2020-10-05,2020-10-27,['63'],Travaux de réaménagement des parkings Animatis et Frères Lumière à Issoire.,fns,cmp2006,appeloffre,initial,Ville d'Issoire,63501,Issoire cedex,,"['Terrassement', 'Voirie']","[341, 365]",non,non
20-121549,2020-10-05,2020-10-27,['64'],Achat et maintenance de défibrillateurs automatisés externes,fns,cmp2006,appeloffre,initial,CA PAU BEARN PYRENEES,64000,PAU CEDEX,,"[""Matériel de secours et d'incendie""]",[217],non,non
20-121574,2020-10-05,2020-10-21,['64'],Automate de prélèvement et de distribution pour la Sérologie,mapa,cmp2006,appeloffre,initial,Laboratoires des Pyrénées et Landes,64150,Lagor,,"['Equipements spécialisés', 'Laboratoire (matériel)', 'Matériel de précision']","[115, 188, 215]",non,non
20-121010,2020-10-05,2020-11-04,"['67', '57', '68']","La présente consultation concerne des travaux de dragage sur le réseau à petit gabarit de la DTS, transport et gestion des sédiments.Afin d entretenir ses voies d eau, VNF a besoin de réaliser des..",fns,cmp2006,appeloffre,initial,Voies navigables de France,67010,Strasbourg,,['Dragage'],[93],non,non
20-121236,2020-10-05,2020-10-25,['67'],EXTENSION DE LA VIDEOPROTECTION,mapa,cmp2006,appeloffre,initial,Ville de Bischwiller,67241,Bischwiller cedex,,['Télésurveillance'],[415],non,non
20-121519,2020-10-05,2020-10-20,['68'],"ACHAT, LIVRAISON D'UN COMPACTEUR MOBILE ET TRANSFERT DU COMPACTEUR MOBILE ACTUEL SUR UN AUTRE SITE",fns,cmp2006,appeloffre,initial,Colmar Agglomération,68000,COLMAR,,['Matériel de travaux publics'],[220],non,non
20-121603,2020-10-05,2020-12-05,"['69', '75']","A la suite à la crise sanitaire et dans un contexte de structuration des GHT, UniHA, par l'intermédiaire de sa filière "" produits de santé "", souhaite renforcer son offre en produits de santé sur",fns,cmp2006,appeloffre,initial,UniHA GCS,69003,Lyon,,['Prestations de services'],[274],non,non
20-121390,2020-10-05,2021-01-02,['69'],Groupe scolaire Veyet - Poursuite réhabilitation - 3e phase,fns,cmp2006,attribution,initial,Ville de Lyon,69205,LYON,"[('2020-08-03', 'Alpes Bourgogne Constructions', (364107.45, 'EUR'), None), ('2020-08-07', 'André Vaganay SAS', (110766.36, 'EUR'), None), ('2020-08-07', 'SARL DAZY', (38729.26, 'EUR'), None), ('2020-08-07', 'SAS THALMANN', (326344.8, 'EUR'), None), ('2020-08-07', 'Groupement DENJEAN/PIC PARTNER', (170538.78, 'EUR'), None), ('2020-08-07', 'Groupement ESTRAT BONCHE/MARION ISOLATION2', (226758.75, 'EUR'), None), ('2020-08-07', ""AL'L FLOR"", (37000, 'EUR'), None), ('2020-08-07', 'SARL Courbière et Fils', (32388.89, 'EUR'), None), ('2020-08-03', ""Espaces Verts des Monts d'Or"", (348200.8, 'EUR'), None), ('2020-08-07', 'MDDD', (21600, 'EUR'), None), ('2020-08-07', 'SARL Reverchon Electricité', (139818, 'EUR'), None), ('2020-08-07', 'RABY SAS', (232456.66, 'EUR'), None)]","['Chauffage (travaux)', 'Gros oeuvre', 'Menuiserie', 'Peinture (travaux)', 'Plomberie (travaux)']","[61, 144, 222, 264, 270]",oui,non
20-121391,2020-10-05,2021-01-02,['69'],Groupe scolaire Nérard - Construction - Mission de coordination SPS,fns,cmp2006,attribution,initial,Ville de Lyon,69205,LYON,"[('2020-09-10', 'Qualiconsut sécurité', (19114, 'EUR'), None)]",['Prestations de services'],[274],non,non
20-121618,2020-10-05,2020-10-23,"['38', '69']",Maîtrise d'oeuvre pour la rénovation des brises soleil façade et CDI du Lycée Pravaz à Le Pont de Beauvoisin (38),mapa,cmp2006,appeloffre,rectificatif,REGION AUVERGNE RHONE ALPES,69269,Lyon cedex 02,,"['Etude', 'Ingénierie']","[118, 455]",non,non
20-121448,2020-10-05,2020-12-20,['13'],ISP - BdD d'Istres (13) - DGA/Ev - Mise aux normes et rénovation du restaurant administratif,fns,cmp2006,attribution,initial,DRSID Lyon,69347,Lyon cedex 07,,['Plomberie (travaux)'],[270],non,non
20-121420,2020-10-05,2020-12-20,['13'],Base de défense d' Istres (13)-DGA/Ev-mise aux normes et rénovation du restaurant administratif - lot 1: second oeuvre (relance) projet ESID 20 073,fns,cmp2006,attribution,initial,DRSID Lyon,69347,Lyon cedex 07,"[('2020-09-03', 'AGENCEMENT POUR L HABITAT (APH)', (547684.0, 'EUR'), None)]","['Cloison, faux plafond', 'Menuiserie']","[63, 222]",non,non
20-114026,2020-10-05,2020-10-26,"['69', '1', '7', '26', '42', '73', '38']",amo accompagnement implantation maison de santé,mapa,cmp2006,appeloffre,initial,Ville de Corbas,69960,Corbas,,['Prestations de services'],[274],non,non
20-64139,2020-10-05,2020-11-16,['69'],assurances de la ville et du ccas,fns,cmp2006,appeloffre,initial,Ville de Corbas,69960,Corbas,,['Assurance'],[20],non,non
20-121307,2020-10-05,2020-11-04,['71'],Maintenance du réseau et de ses équipements de fluides médicaux des établissements membres du GHT de la Bourgogne Méridionale,fns,cmp2006,appeloffre,initial,CENTRE HOSPITALIER DE MACON,71018,Macon cedex,,"['Fluides médicaux', 'Maintenance']","[128, 196]",non,non
20-121585,2020-10-05,2020-10-27,['72'],Travaux d'extension des bureaux et mise en accessibilité du site de la gendarmerie de Saint-Calais (72120)***Relance lot 3,fns,cmp2006,appeloffre,initial,DEPARTEMENT DE LA SARTHE,72072,Le Mans,,"['Bâtiment', 'Gros oeuvre', 'Menuiserie']","[33, 144, 222]",non,non
20-121359,2020-10-05,2020-10-26,['72'],PRESTATIONS DE REPROGRAPHIE ET D'IMPRESSIONS DE DIVERS DOCUMENTS,fns,cmp2006,appeloffre,initial,SDIS de la Sarthe,72190,COULAINES,,"['Impression', 'Reprographie']","[160, 305]",non,non
20-121591,2020-10-05,2020-11-09,['72'],CONSTRUCTION DE 3 BATIMENTS INDUSTRIELS,fns,cmp2006,appeloffre,initial,COMMUNE LE LUDE,72800,LE LUDE,,['Bâtiment'],[33],non,non
20-121596,2020-10-05,2020-10-29,['73'],Equipement des unités de soins du système plein vide,mapa,cmp2006,appeloffre,initial,GHT Savoie-Belley,73000,Bassens,,['Produits pharmaceutiques'],[280],non,non
20-121117,2020-10-05,2021-01-02,['73'],Numéro de la consultation : 20AA021 RD 1201 - Commune d'Entrelacs - Sécurisation entre les carrefours de Marline et des Prés Rus,fns,cmp2006,attribution,initial,DEPARTEMENT DE LA SAVOIE,73018,CHAMBERY,,['Génie civil'],[141],non,non
20-121111,2020-10-05,2021-01-02,['73'],Numéro de la consultation : 19AA055 Véloroute V63 - Réhabilitation de la passerelle de Terre Nue,fns,cmp2006,attribution,initial,DEPARTEMENT DE LA SAVOIE,73018,CHAMBERY,,['Passerelle'],[286],non,non
20-121114,2020-10-05,2021-01-02,['73'],Travaux de remise aux normes de la piscine municipale de ST-FRANCOIS-LONGCHAMP,mapa,cmp2006,attribution,initial,COMMUNE DE SAINT FRANCOIS LONGCHAMP,73130,SAINT FRANCOIS LONGCHAMP,,['Piscine'],[265],non,non
20-121595,2020-10-05,2020-10-23,['73'],Réalisation de prestations de conseil et d'assistance financière,mapa,cmp2006,appeloffre,initial,Ville Les Belleville,73440,Les Belleville,,['Prestations de services'],[274],non,non
20-121542,2020-10-05,2020-10-26,['73'],"Mission d'analyse de la fréquentation touristique des Arcs - Bourg Saint Maurice, pour le compte d'AB Tourisme",fns,cmp2006,appeloffre,initial,Les Arcs Bourg Saint Maurice Tourisme,73700,Bourg Saint Maurice,,"['Etude', 'Prestations de services', 'Sondage, enquête']","[118, 274, 471]",non,non
20-121600,2020-10-05,2020-10-23,['74'],VIABILITE HIVERNALE DENEIGEMENT DES VOIRIES COMMUNALES SUR LE TERRITOIRE DE LA COMMUNE DE MORILLON,fns,cmp2006,appeloffre,initial,COMMUNE DE MORILLON,74440,MORILLON,,['Prestations de services'],[274],non,non
20-121372,2020-10-05,2020-11-06,['75'],"le présent marché a pour objet les conditionnements, transferts et refoulements des collections à l'institut national d'histoire de l'art (inha)",fns,cmp2006,appeloffre,initial,Institut national d'histoire de l'art,75002,Paris,,['Déménagement'],[86],non,non
20-121134,2020-10-05,2020-10-28,['75'],lot 30 - terminaux d'éclairage - cour de l'intendant (opération 3) dans le cadre d'un programme global de mise en valeur et d'aménagement des espaces de l'hôtel de la marine,fns,cmp2006,appeloffre,initial,Centre des monuments nationaux,75004,Paris,,['Monuments historiques'],[236],non,non
20-121419,2020-10-05,2020-11-05,['75'],déploiement et mise en production du site internet canal académies,mapa,cmp2006,attribution,initial,Institut de France,75006,Paris,,"['Informatique (prestations de services)', 'Site internet']","[163, 171]",non,non
20-120985,2020-10-05,2020-10-27,['75'],Accord-cadre relatif à la réalisation de travaux photographiques pour le musée du quai Branly - Jacques Chirac,fns,cmp2006,appeloffre,initial,Musée du quai Branly-Jacques Chirac,75007,Paris,,['Impression'],[160],non,oui
20-121206,2020-10-05,2020-11-02,['75'],Marché insertion professionnelle : sur-entretien des espaces publics du 9e de Paris,fns,cmp2006,appeloffre,initial,Ville de Paris,75009,Paris,,['Nettoyage urbain'],[240],oui,oui
20-121226,2020-10-05,2020-11-02,['75'],marché insertion professionnelle : sur-entretien des espaces verts du 9e ardt de paris,fns,cmp2006,appeloffre,initial,Ville de Paris,75009,Paris,,['Espaces verts'],[116],oui,oui
20-121611,2020-10-05,2020-10-27,['75'],lancement d'une étude sur les facteurs d'attractivité du secteur des Travaux Publics,mapa,cmp2006,appeloffre,initial,CONSTRUCTYS,75010,Paris,,['Etude'],[118],non,non
20-121516,2020-10-05,2020-12-05,['75'],Travaux d'aménagement de voirie et de végétalisation du boulevard Pasteur à Paris 15ème arrondissement en 2 lots .,fns,cmp2006,attribution,initial,Ville de Paris,75013,Paris,,['Voirie'],[365],non,non
20-121046,2020-10-05,2020-11-03,['75'],Travaux de restauration de la façade Sud de l'église de la Madeleine à Paris 8ème- lot 2 : marbrerie -relance,fns,cmp2006,appeloffre,initial,Ville de Paris,75013,Paris,,['Monuments historiques'],[236],non,non
20-101587,2020-10-05,2020-10-27,['75'],prestations d'impressions de documents à en-tête et de reprographie/numérisationpour le centre des monuments nationaux,fns,cmp2006,appeloffre,initial,Centre des monuments nationaux,75186,Paris Cedex 04,,"['Impression', 'Reprographie']","[160, 305]",non,non
20-121487,2020-10-05,2020-11-03,['75'],Attribution d'une concession de services pour l'exploitation d'une boutique de vente dans le Palais du Luxembourg,dsp,dsp,appeloffre,initial,SENAT,75291,Paris cedex 06,,['Prestations de services'],[274],non,non
20-121513,2020-10-05,2020-10-16,"['75', '77', '78', '91']","BSMB-2020-050 : Travaux de remplacement des chaudières de l'immeuble abritant le Ministère de l'Agriculture et AGRO PARIS TECH au 19 avenue du Maine 75015 PARIS, y compris travaux de désamia",fns,cmp2006,appeloffre,rectificatif,Ministère de l'agriculture,75349,Paris 07 sp,,['Chauffage (travaux)'],[61],non,oui
20-121526,2020-10-05,2020-10-22,['75'],Marché de réalisation de diagnostic ERP,mapa,cmp2006,appeloffre,initial,SA HLM Toit et Joie,75731,PARIS CEDEX 15,,['Audit'],[21],non,non
20-121267,2020-10-05,2020-11-06,['76'],ÉLABORATION DU PLAN DÉPARTEMENTAL DE L'HABITAT DU DÉPARTEMENT DE LA SEINE-MARITIME 2021-2027,mapa,cmp2006,appeloffre,initial,Département de Seine-Maritime,76101,ROUEN CEDEX,,['Etude'],[118],non,non
20-120962,2020-10-05,2020-11-02,['76'],Fourniture de chèques d'accompagnement personnalisé pour le CCAS de Darnétal,mapa,cmp2006,appeloffre,initial,Mairie de Darnétal,76160,Darnétal,,['Chèque cadeau'],[436],non,non
20-121256,2020-10-05,2020-10-30,['76'],Acquisition d'ordinateurs pour les services de l'intercommunalité,fns,cmp2006,appeloffre,initial,Communauté d'Agglomération Caux vallée,76170,Lillebonne,,['Equipements spécialisés'],[115],non,non
20-121191,2020-10-05,2021-01-02,['76'],Médiation et sécurisation du parc du Champ des Bruyères,mapa,cmp2006,attribution,initial,METROPOLE ROUEN NORMANDIE,76176,ROUEN,,['Prestations de services'],[274],non,non
20-121097,2020-10-05,2020-10-30,['76'],CONSULTATION BANCAIRE POUR LE FINANCEMENT DU PROGRAMME D'INVESTISSEMENT D'UN MONTANT DE 2 000 000 euros,fns,cmp2006,appeloffre,initial,VILLE DE DIEPPE,76200,DIEPPE,,['Prestations de services'],[274],non,non
20-121558,2020-10-05,2020-12-07,['76'],lot no2: passerelle transmanche - réparation du pivot sur culée,fns,cmp2006,attribution,initial,Regie Dieppoise Activites Portuaires,76201,Dieppe cédex,"[('2020-10-05', 'JOSEPH PARIS', (153909, 'EUR'), None)]",['Passerelle'],[286],non,non
20-121211,2020-10-05,2020-10-26,['76'],Travaux de réouverture d'une annexe hydraulique de la Béthune sur la commune de Saint Vaast d'Equiqueville pour la restauration des continuités hydraulique et écologique d'un bras de ri,fns,cmp2006,appeloffre,initial,Syndicat mixte bassin versant Arques,76270,NEUFCHATEL-EN-BRAY,,"[""Travaux dans l'eau""]",[349],non,oui
20-121202,2020-10-05,2020-11-27,"['76', '27', '80']",Acquisition de tondeuses autoportées,fns,cmp2006,appeloffre,initial,Communauté de Communes du Petit Caux,76370,Petit-caux,,"['Matériel agricole, horticole']",[200],oui,oui
20-120954,2020-10-05,2020-11-06,['76'],achat et livraison d'équipements de protection individuelle : vêtements de travail - relance suite à deux précédentes procédures infructueuses,mapa,cmp2006,appeloffre,initial,IDEFHI,76380,Canteleu,,['Habillement'],[150],non,non
20-121023,2020-10-05,2020-10-28,['76'],Numéro de la consultation : BG2101 Fourniture de carburants,fns,cmp2006,appeloffre,initial,COM DE COMMUNES CAUX AUSTREBERTHE,76570,Pavilly,,"['Carburant, hydrocarbure']",[52],non,non
20-120999,2020-10-05,2020-11-02,['77'],Fourniture et gestion d'un service de téléassistance,fns,cmp2006,appeloffre,initial,COMMUNE MEAUX,77100,Meaux,,['Télégestion'],[352],non,non
20-121347,2020-10-05,2020-10-30,['77'],Mission de maîtrise d'oeuvre pour l'aménagement d'une aire d'accueil des gens du voyage - za des brulis à vulaines-sur-seine,fns,cmp2006,appeloffre,initial,C.C Fontainebleau-Avon,77300,Fontainebleau,,"[""Maîtrise d'oeuvre""]",[197],non,non
20-121209,2020-10-05,2020-12-03,['77'],Travaux de reprise de concessions funéraires,fns,cmp2006,appeloffre,initial,COMMUNE LE MEE SUR SEINE,77350,Le mée sur seine,,['Cimetière'],[437],non,non
20-121214,2020-10-05,2020-11-05,['78'],"Mission d'assistance à maitrise d'ouvrage dans le cadre d'une opération de démolition/reconstruction du site "" La Forge """,mapa,cmp2006,appeloffre,initial,COMMUNE DE VIROFLAY,78220,VIROFLAY,,"['Assistance technique', ""Assistance à maîtrise d'ouvrage""]","[19, 433]",non,non
20-121057,2020-10-05,2020-12-03,['78'],Le marché objet de la présente consultation a pour objet les travaux de réhabilitation sans tranchée par chemisage continu et structurant du réseau public d'eaux usées.,fns,cmp2006,appeloffre,initial,GRAND PARIS SEINE ET OISE,78410,Aubergenville,,['Assainissement'],[18],oui,non
20-121034,2020-10-05,2021-01-02,['79'],Maintenance des centrales d'air comprimé,fns,cmp2006,attribution,initial,CENTRE HOSPITALIER DE NIORT,79021,NIORT,"[('2020-10-05', 'DUFFAU', (200000, 'EUR'), None)]",['Maintenance'],[196],non,non
20-121263,2020-10-05,2020-10-23,"['80', '2']","2020-189 Fourniture, livraison, mise en service d'un pilote de distillation pour des travaux pratiques",fns,cmp2006,appeloffre,initial,UNIVERSITE AMIENS PICARDIE JULES VERNE,80025,AMIENS,,['Equipements spécialisés'],[115],non,non
20-121157,2020-10-05,2020-11-05,['80'],Fourniture et livraison de colis garnis pour le Département de la Somme.,mapa,cmp2006,appeloffre,initial,Conseil Départemental de la Somme,80026,Amiens,,['Colis'],[65],non,non
20-121193,2020-10-05,2020-11-04,['82'],Location avec option d'achat d'un chariot élévateur hydrostatique - 2 roues motrices -neuf,mapa,cmp2006,appeloffre,initial,Ville de Valence d'Agen,82400,VALENCE D'AGEN,,['Véhicules (location)'],[474],non,non
20-121091,2020-10-05,2020-10-30,['83'],20PM13 MAITRISE D'OEUVRE POUR LA RESTAURATION DE LA FONTAINE GODILLOT A HYERES,mapa,cmp2006,appeloffre,initial,Métropole Toulon Provence Méditerranée,83041,TOULON,,"[""Maîtrise d'oeuvre""]",[197],non,non
20-121017,2020-10-05,2020-11-02,['83'],LOCATION COURTE DE DURÉE DE VÉHICULES PARTICULIERS ET UTILITAIRES LÉGERS POUR LES BESOINS DES SERVICES DU DÉPARTEMENT DU VAR,fns,cmp2006,appeloffre,initial,Conseil Général du Var,83076,TOULON,,['Véhicules (location)'],[474],non,non
20-121305,2020-10-05,2020-10-30,['83'],M.2020-08 : Mission de maîtrise d'oeuvre pour l'aménagement et extension de la crèche de Nans-les-Pins,mapa,cmp2006,appeloffre,initial,CA Provence Verte,83170,Brignoles,,"[""Maîtrise d'oeuvre""]",[197],non,non
20-121089,2020-10-05,2020-10-28,['83'],location de structures gonflables type bulle transparente pour les festivités de noël de la ville de brignoles en deux lots.,fns,cmp2006,appeloffre,initial,Commune de Brignoles,83177,Brignoles cedex,,"['Location (matériels)', 'Prestations de services']","[185, 274]",non,non
20-121486,2020-10-05,2020-10-26,['83'],fourniture de matériel informatique en 9 lots sur 2 ans.,fns,cmp2006,appeloffre,initial,Commune de Brignoles,83177,Brignoles Cedex,,"['Informatique (matériel)', 'Logiciel', 'Matériel électronique', 'Matériel de téléphonie']","[162, 186, 204, 339]",non,non
20-121397,2020-10-05,2020-10-27,['83'],Fournitures de masques de protection,fns,cmp2006,appeloffre,initial,Ville de Draguignan (83),83300,Draguignan,,"['Articles à usage unique', 'Consommables médicaux', 'Equipements spécialisés', 'Textile']","[15, 69, 115, 343]",non,non
20-121411,2020-10-05,2020-10-27,['83'],Aménagement de voirie Rue Victor Hugo à Draguignan,fns,cmp2006,appeloffre,initial,Ville de Draguignan (83),83300,Draguignan,,['Voirie et réseaux divers'],[366],non,non
20-121026,2020-10-05,2020-11-30,['83'],"Marché de fourniture et service pour la location, la pose, dépose et entretien des illuminations de noelL",fns,cmp2006,attribution,initial,Ville de Pierrefeu du Var,83390,Pierrefeu du Var,,"['Eclairage public', 'Illumination', 'Location (matériels)']","[102, 170, 185]",non,non
20-121461,2020-10-05,2020-11-02,"['83', '13', '4', '84', '6', '5']",SOUSCRIPTION DES CONTRATS D'ASSURANCE POUR LA COMMUNE DE BARJOLS,fns,cmp2006,appeloffre,initial,commune de barjols,83670,BARJOLS,,['Assurance'],[20],non,non
20-121365,2020-10-05,2020-11-06,"['83', '13', '4', '84', '6', '5']",Travaux d'équipement et de mise en service du forage de Piesservins pour la sécurisation de l'alimentation en eau potable de la commune,fns,cmp2006,appeloffre,initial,commune de barjols,83670,BARJOLS,,"['Forage', 'Génie civil', 'Terrassement']","[132, 141, 341]",non,non
20-120963,2020-10-05,2020-11-12,['84'],Fourniture et livraison de véhicules neufs et d'occasion pour les services municipaux,mapa,cmp2006,appeloffre,initial,COMMUNE DU PONTET,84134,Le Pontet cedex,,['Véhicules (acquisition)'],[475],non,non
20-121274,2020-10-05,2020-10-23,['85'],Fourniture de matériels de sports pour le SDIS de la Vendée,fns,cmp2006,appeloffre,initial,SDIS 85,85017,LA ROCHE SUR YON Cedex,,['Equipement sportif'],[113],non,non
20-121082,2020-10-05,2020-10-26,['86'],réalisation de reportages photographiques,fns,cmp2006,appeloffre,initial,GRAND POITIERS COMMUNAUTE URBAINE,86021,Poitiers Cedex,,"['Matériel photographique et cinématographique', 'Publicité, Communication']","[214, 285]",non,non
20-121055,2020-10-05,2020-11-10,['86'],"Le présent accord cadre vise à assurer la fourniture, la livraison, le montage, la mise en place et l'enlèvement des emballages de chaises pour tables de travail de salles de lecture de la Biblio",fns,cmp2006,attribution,initial,UNiversité de Poitiers,86034,Poitiers,"[('2020-09-17', 'DUO CONCEPT', (100000, 'EUR'), None)]",['Mobilier'],[230],non,non
20-120930,2020-10-05,2020-12-31,"['86', '16', '17', '33', '40', '47', '64']","Fourniture de repères officiels d'identification pour les ovins, caprins et bovins et du matériel associé",joue,directive24,appeloffre,initial,CHAMBRE AGRICULTURE NOUVELLE-AQUITAINE,86550,MIGNALOUX BEAUVOIR,,"[""Produits de l'agriculture""]",[276],non,non
20-121172,2020-10-05,2020-11-02,['87'],Acquisition d'une chaîne de chromatographie Université de Limoges Faculté de Pharmacie,mapa,cmp2006,appeloffre,initial,Université de Limoges,87032,Limoges,,['Equipements spécialisés'],[115],non,non
20-121482,2020-10-05,2020-11-06,['87'],"Etude, conception et réalisation de duplexeurs Université de Limoges Faculté des Sciences et Techniques XLIM",mapa,cmp2006,appeloffre,initial,Université de Limoges,87032,Limoges,,['Equipements spécialisés'],[115],non,non
20-121151,2020-10-05,2020-11-05,['87'],Travaux d'aménagement et de construction d'une base de loisirs multi-activités.,fns,cmp2006,attribution,initial,CC Porte Océane du Limousin (POL),87200,Saint Junien,"[('2020-09-28', 'CMC TP', (326997.34, 'EUR'), None), ('2020-09-28', 'SARL Jaroussie et Fils', (72333.96, 'EUR'), None), ('2020-09-28', 'SAS Mommers Habitat Construction', (164605.93, 'EUR'), None), ('2020-09-28', ""Société d'Exploitation des ETS Sbalchiero SA - SEES"", (54028.0, 'EUR'), None), ('2020-09-28', 'Etanchéité du Sud Ouest SAS', (68180.33, 'EUR'), None), ('2020-09-29', 'SCAL', (69355.0, 'EUR'), None), ('2020-09-29', 'SARL Entreprise Pierre Faure', (41814.93, 'EUR'), None), ('2020-09-28', 'SARL Janet', (28982.8, 'EUR'), None), ('2020-09-28', 'SARL Scigliano', (19974.38, 'EUR'), None), ('2020-09-28', 'SAS Rougier Batiment', (24862.68, 'EUR'), None), ('2020-09-28', 'AEL - Avenir Electrique de Limoges', (54902.93, 'EUR'), None), ('2020-09-28', 'Tuzini Limoges', (72460.0, 'EUR'), None), ('2020-09-28', 'ABCS SARL', (21946.0, 'EUR'), None), ('2020-09-28', 'SARL Jaroussie et fils', (80243.22, 'EUR'), None), ('2020-09-28', ""Jardins de l'Angoumois"", (21600.0, 'EUR'), None), ('2020-09-30', 'Vertical Industry', (36452.0, 'EUR'), None)]",['Equipements spécialisés'],[115],non,non
20-121569,2020-10-05,2020-11-07,['87'],Marché ' Assurances de Personnes ',fns,cmp2006,appeloffre,initial,Cté de cnes du Pays de Saint-Yrieix,87500,SAINT-YRIEIX-LA-PERCHE,,['Assurance'],[20],non,non
20-121570,2020-10-05,2020-11-07,['87'],Marché ' Assurances IARD ',fns,cmp2006,appeloffre,initial,Cté de cnes du Pays de Saint-Yrieix,87500,SAINT-YRIEIX-LA-PERCHE,,['Assurance'],[20],non,non
20-121204,2020-10-05,2020-11-06,['88'],travaux d'alimentation en eau potable de la 2ème tranche du programme de travaux à Trémonsey,fns,cmp2006,appeloffre,initial,CA D EPINAL,88190,Golbey,,['Alimentation en eau potable'],[6],oui,non
20-121478,2020-10-05,2020-10-23,['88'],Fourniture et livraison de sel de déneigement - hiver 2020/2021-.,fns,cmp2006,appeloffre,initial,COMMUNE LA BRESSE,88250,LA BRESSE,,['Minéraux divers'],[228],non,non
20-121474,2020-10-05,2020-11-30,['88'],marché no 76 Produits Laitiers 2020/2021,fns,cmp2006,attribution,initial,Groupement de Commandes,88400,GERARDMER,"[('2020-09-18', 'POMONA PASSION FROID EST', (75766.54, 'EUR'), None), ('2020-09-18', 'CLEURIE SAS', (49783.83, 'EUR'), None), ('2020-09-18', 'POMONA PASSION FROID EST', (38686.48, 'EUR'), None), ('2020-09-18', 'CLEURIE SAS', (159170.93, 'EUR'), None), ('2020-09-18', 'POMONA PASSION FROID EST', (102488.07, 'EUR'), None), ('2020-09-18', 'POMONA PASSION FROID EST', (162510.83, 'EUR'), None), ('2020-09-18', 'POMONA PASSION FROID EST', (137306.6, 'EUR'), None)]","['Denrées alimentaires', ""Produits de l'agriculture""]","[88, 276]",oui,oui
20-121261,2020-10-05,2020-10-27,['90'],"Marché à comptage d'exploitation des installations de chauffage de type Combustible et Prestations, ventilation et climatisation des immeubles départementaux - Territoire de Belfort",fns,cmp2006,appeloffre,initial,DEPARTEMENT DU TERRITOIRE DE BELFORT,90020,BELFORT CEDEX,,"['Chauffage (exploitation, entretien)', 'Maintenance', 'Ventilation', 'Combustible']","[59, 196, 360, 438]",oui,non
20-121492,2020-10-05,2020-11-05,"['90', '25', '70', '68']",travaux de recalibration de la rue des grands champs à grandvillars,fns,cmp2006,appeloffre,initial,MAIRIE DE GRANDVILLARS,90600,Grandvillars,,"['Espaces verts', 'Terrassement']","[116, 341]",non,non
20-121408,2020-10-05,2020-10-28,['91'],Fourniture d'étiquettes pour le GHT IDF SUD.,fns,cmp2006,appeloffre,initial,Centre Hospitalier Sud Francilien,91100,Corbeil-essonnes,,['Edition'],[104],non,non
20-121560,2020-10-05,2020-10-26,['91'],Vérification réglementaire annuelle des dispositifs de lutte contre l'incendie dans les établissements recevant du public de la Commune,mapa,cmp2006,appeloffre,initial,Ville de Gif sur Yvette,91190,Gif sur yvette,,['Alarme'],[5],non,non
20-121341,2020-10-05,2020-10-27,['91'],MARCHE DE FOURNITURES SCOLAIRES ET ADMINISTRATIVES,fns,cmp2006,appeloffre,initial,Ville de Marcoussis,91460,Marcoussis,,['Papeterie'],[262],non,oui
20-121039,2020-10-05,2020-12-31,['91'],Impression des supports de communication,fns,cmp2006,attribution,initial,SIVOM Vallée de l'Yerres et des Sénart,91480,Varennes-jarcy,"[('2020-09-16', 'Imprimerie LEFEVRE', (48990, 'EUR'), None)]",['Collecte sélective'],[82],oui,oui
20-121335,2020-10-05,2020-11-27,['77'],Étude de Maîtrise d'ouvre pour la préservation et la restauration des milieux aquatiques et humides du bassin du ru des Vaux ainsi que pour la prévention face aux inondations à Cély en Bière,fns,cmp2006,appeloffre,initial,SYND AMENAGEMENT GEST EC AFFLUENTS SAG,91490,MILLY LA FORET,,['Rivières/ruisseaux'],[310],non,non
20-120966,2020-10-05,2020-10-26,['92'],"marché de location, d'installation sur site et de maintenance de photocopieurs multifonctions pour l'oph seine-ouest habitat.",fns,cmp2006,appeloffre,initial,OPH Seine Ouest Habitat,92130,Issy-les-Moulineaux,,['Location (matériels)'],[185],non,non
20-121145,2020-10-05,2020-10-23,['92'],Prestations de services pour le marché plein air sis place Aimé Césaire (92140).,mapa,cmp2006,appeloffre,initial,Ville de Clamart,92140,Clamart,,['Prestations de services'],[274],non,non
20-121489,2020-10-05,2020-12-05,['92'],Aménagement du parking public du complexe sportif de la Pointe de Trivaux avec maintenance complète des équipements d'exploitation,fns,cmp2006,appeloffre,initial,Ville de Meudon,92195,Meudon cedex,,"['Equipements spécialisés', 'Maintenance']","[115, 196]",non,non
20-121232,2020-10-05,2020-10-20,"['92', '75']",distribution de documents d'information à la population baléonaise,fns,cmp2006,appeloffre,initial,Ville de Bagneux,92220,Bagneux,,"['Aéronautique', 'Colis', 'Objet publicitaire']","[4, 65, 464]",non,non
20-120297,2020-10-05,2020-10-16,['92'],réalisation de prestations de services pour la revue internationale d'éducation de sèvres publiée par france education international (fei).,fns,cmp2006,appeloffre,initial,Ctre International Etudes Pédagogiques,92310,Sèvres,,"['Impression', 'Prestations de services']","[160, 274]",non,oui
20-121361,2020-10-05,2020-12-31,"['92', '93']",Le présent marché public a pour objet la réalisation de travaux de rénovation des réseaux de chauffage et de sanitaire (adduction et eaux usées) situés au niveau du vide sanitaire du groupe scolair..,fns,cmp2006,appeloffre,rectificatif,COMMUNE DE VILLENEUVE LA GARENNE,92390,Villeneuve-la-garenne,,"['Chauffage (travaux)', 'Réseaux divers', 'Amiante (désamiantage)']","[61, 306, 479]",non,non
20-121437,2020-10-05,2020-12-05,['92'],La présente consultation concerne la couverture et la plastification de livres des médiathèques municipales.,fns,cmp2006,attribution,initial,Ville d'Asnières-sur-Seine,92600,Asnières sur seine,,['Reliure'],[302],non,non
20-120921,2020-10-05,2020-11-03,['93'],"Approvisionnement, gestion des restaurants et cafétéria du Département de Seine-Saint-Denis",joue,directive24,appeloffre,initial,DEPARTEMENT DE LA SEINE SAINT DENIS,93000,Bobigny,,['Restauration collective'],[66],non,non
20-121313,2020-10-05,2020-11-01,"['95', '93', '75', '77', '92']","REPRISE DE LA MAINTENANCE (SAN, SERVEURS ET MAINTENANCE ASSOCIEE) DU CH DE GONESSE",mapa,cmp2006,appeloffre,initial,Centre Hospitalier de Saint-Denis,93205,Saint Denis Cedex,,['Informatique (maintenance serveurs et réseaux)'],[454],non,non
20-121617,2020-10-05,2020-11-06,"['93', '75']",Externalisation de prestations d'archivage de la Région Ile de France,fns,cmp2006,appeloffre,initial,REGION ILE DE FRANCE,93400,Saint-ouen-sur-seine,,['Rayonnage'],[300],non,non
20-121452,2020-10-05,2020-10-31,['75'],Remplacement de 16 fenêtres monumentales côté rue du Ranelagh et 3 portes doubles permettant l'accès au PMR en salle des actes - CMR MOLIERE A PARIS 16ème,fns,cmp2006,appeloffre,initial,REGION ILE DE FRANCE,93400,Saint-ouen,,['Bâtiment'],[33],non,non
20-120922,2020-10-05,2020-11-09,"['93', '75', '77', '58', '31', '69', '63']",Location et maintenance de systèmes d'impression numérique monochromes professionnels,joue,directive24,appeloffre,initial,ENFiP,93464,Noisy-le-grand cedex,,['Impression'],[160],oui,oui
20-96917,2020-10-05,2020-10-28,['93'],étude sur la mise en rayon des pommes de terre fraîches à l'international,mapa,cmp2006,appeloffre,initial,FranceAgriMer,93555,Montreuil cedex,,['Etude'],[118],non,non
20-121563,2020-10-05,2020-11-06,['94'],"Construction du groupe scolaire Germaine SABLON, sis 36/38 boulevard Alsace Lorraine - lot 11: façades métalliques",fns,cmp2006,appeloffre,initial,Ville du Perreux sur Marne,94170,Le perreux sur marne,,"[""Tous corps d'état""]",[345],non,non
20-121286,2020-10-05,2020-10-26,"['94', '91', '92', '93', '95', '75', '77', '78']",Le marché concerne la gestion et l'entretien courant de l'aire d'accueil des gens du voyage située au 2 avenue de la Fontaine St Martin 94190 VILLENEUVE-SAINT-GEORGES. Conformément aux,fns,cmp2006,appeloffre,initial,Ville de Villeneuve St Georges,94190,Villeneuve-saint-georges,,['Gardiennage'],[138],non,non
20-120998,2020-10-05,2020-10-16,['94'],Maîtrise d'oeuvre pour les travaux de restauration des arcs-boutants église St Germain,mapa,cmp2006,appeloffre,initial,COMMUNE DE VITRY SUR SEINE,94407,Vitry-sur-seine,,"[""Maîtrise d'oeuvre""]",[197],non,non
20-121165,2020-10-05,2020-11-10,['94'],Le présent marché a pour objet la réalisation de travaux de reprise de concessions dans le cimetière de la ville d'Ormesson-sur-Marne,fns,cmp2006,appeloffre,initial,Commune d'Ormesson-sur-Marne,94490,Ormesson-sur-marne,,['Cimetière'],[437],non,non
20-121081,2020-10-05,2020-11-13,['94'],Maintenance nationale périodique des extincteurs et matériels de secours incendie,fns,cmp2006,appeloffre,initial,Agence Nationale des Fréquences (ANFR),94704,Maisons-alfort,,"[""Matériel de secours et d'incendie""]",[217],non,non
20-121129,2020-10-05,2021-01-02,['95'],20FA03 -Acquisition d'un système complet de chronométrage électronique pour le bassin extérieur de la piscine du PARVIS,fns,cmp2006,attribution,initial,CACP,95027,Cergy-Pontoise,"[('2020-10-01', 'STRAMATEL SAS', (52700, 'EUR'), None)]",['Equipement de piscine'],[120],non,non
20-121393,2020-10-05,2020-11-16,['95'],Travaux d'entretien et de rénovation de la voirie communale et des espaces publics de la Ville de Pontoise.,fns,cmp2006,appeloffre,initial,VILLE DE PONTOISE,95300,Pontoise,,['Voirie'],[365],non,non
20-121462,2020-10-05,2020-11-02,['95'],REAMENAGEMENT ET EXTENSION DES LOCAUX DE LA POLICE MUNICIPALE,fns,cmp2006,appeloffre,initial,VILLE DE PERSAN,95340,PERSAN,,"[""Tous corps d'état""]",[345],non,non
20-121156,2020-10-05,2020-12-12,['95'],"Cette consultation ne concerne que le Lot 4 "" cloisons - doublages - isolation - faux-plafonds - menuiserie intérieure""La consultation est une relance du Lot no4 suite à l'infructuosité.",fns,cmp2006,appeloffre,initial,COMMUNE DE MONTMAGNY,95360,Montmagny,,['Menuiserie'],[222],non,non
20-121138,2020-10-05,2021-01-02,['95'],Fourniture de colis de noel pour les personnes âgées - Année 2020,mapa,cmp2006,attribution,initial,COMMUNE DE GONESSE,95503,GONESSE,,['Colis'],[65],non,non
20-121317,2020-10-05,2020-11-02,['95'],Entretien des installations de chauffage de la commune,fns,cmp2006,appeloffre,initial,Commune de Bruyères-Sur-Oise,95820,Bruyeres sur oise,,"['Chauffage (exploitation, entretien)']",[59],non,non
20-121615,2020-10-05,2020-11-04,['971'],Collecte des bornes d'apport volontaires sur la commune de Terre-de-Haut.,fns,cmp2006,appeloffre,initial,CA Sud Basse-Terre,97100,Basse-Terre,,['Ordures ménagères (prestations)'],[249],non,non
20-121630,2020-10-05,2020-11-09,['971'],Location et maintenance de photocopieurs multifonctions grande capacité pour les services du Syvade de la Guadeloupe,fns,cmp2006,appeloffre,initial,SYVADE de Guadeloupe,97139,Les Abymes,,"['Location (matériels)', 'Maintenance', 'Reprographie']","[185, 196, 305]",non,non
20-121451,2020-10-05,2020-10-22,['971'],contrat de maitrise d'oeuvre - réhabilitation et réaménagement du centre d'incendie et de secours de bouillante,mapa,cmp2006,appeloffre,initial,SDIS de la Guadeloupe,97139,Les Abymes,,"[""Maîtrise d'oeuvre""]",[197],non,non
20-121490,2020-10-05,2020-11-04,['978'],EVALUATION EXTERNE DE L'EHPAD BETHANY HOME ET DU SSIAD CLAIRE ARRONDELL,mapa,cmp2006,appeloffre,rectificatif,Centre Hospitalier de Saint martin,97150,Saint Martin,,['Audit'],[21],non,non
20-121624,2020-10-05,2020-11-03,['972'],"Travaux de fabrication, fourniture, transport et mise en oeuvre d'enrobés hydrocarbonés à chaud pour les voiries, les plateformes communautaires et les équipements liés à l'environnement de",fns,cmp2006,appeloffre,rectificatif,Cté d'Agglo du centre de la Martinique,97204,Fort de france cedex martinique,,['Voirie'],[365],non,oui
20-121608,2020-10-05,2020-10-19,['972'],Numéro de la consultation : 20.017 Fourniture et pose de protège-angles et d'anti pinces-doigts pour les écoles maternelles de la Ville de Schoelcher,fns,cmp2006,appeloffre,initial,Ville de Schoelcher,97233,SCHOELCHER,,['Bâtiment'],[33],non,non
20-121632,2020-10-05,2020-11-05,['972'],"Projet no20011 - Martinique (972) - Fort-de-France - Gendarmerie de Redoute - Réfection des voiries et réseaux divers - Réalisation des réseaux EU-EP, AEP-incendie, électricité BT et CF.",fns,cmp2006,attribution,initial,MINDEF/SGA/DCSID/DID FdF,97261,Fort-de-france cedex,"[('2020-07-20', 'Groupement CARAIB MOTER/SCE/ZOZIME', (1768250.47, 'EUR'), None)]",['Voirie et réseaux divers'],[366],non,non
20-121619,2020-10-05,2020-10-26,['972'],MAPA- AC à bons de commande pour la réservation de berceaux en structures multi accueil petite enfance pour la Ville de Fort-de-France,fns,cmp2006,appeloffre,initial,Ville de Fort de France,97262,Fort-de-france cedex,,['Prestations de services'],[274],non,non
20-121612,2020-10-05,2021-01-02,['973'],Programme RANDO NATURE 2020-2021-entretien des sentiers du PDIPR et leurs équipements,fns,cmp2006,attribution,initial,COLLECTIVITE TERRITORIALE DE GUYANE,97307,CAYENNE,"[('2020-09-10', 'PROJARDIN', (12556.25, 'EUR'), None), ('2020-09-22', 'EURL', (9100, 'EUR'), None), ('2020-09-24', ""Bassin de l'oyapock"", (13200, 'EUR'), None), ('2020-09-10', 'PROJARDIN', (15210, 'EUR'), None), ('2020-09-28', 'Entreprise individuelle', (4470, 'EUR'), None), ('2020-09-28', 'Entreprise individuelle', (7320, 'EUR'), None), ('2020-09-22', 'EURL', (10500, 'EUR'), None), ('2020-09-22', 'UKA BOIS MULTISERVICES', (23362, 'EUR'), None), ('2020-09-22', 'UKA BOIS MULTISERVICES', (16535, 'EUR'), None)]",['Espaces verts'],[116],non,non
20-121379,2020-10-05,2020-11-10,['973'],Construction de deux cales de déchargement avec escalier sur les villages d'Anakondé et Belli Kampou,fns,cmp2006,appeloffre,initial,Commune de Grand Santi,97340,Grand-Santi,,['Gros oeuvre'],[144],non,non
20-120926,2020-10-05,2020-10-29,['973'],Marché de gardiennage et de surveillance des établissements publics,joue,directive24,appeloffre,initial,COMMUNE DE MATOURY,97351,Matoury,,"['Gardiennage', 'Surveillance']","[138, 331]",oui,non
20-120927,2020-10-05,2020-10-23,['973'],MARCHE DE GARDIENNAGE ET DE SURVEILLANCE DES EVENEMENTS PUBLICS,joue,directive24,appeloffre,initial,COMMUNE DE MATOURY,97351,Matoury,,['Gardiennage'],[138],oui,non
20-121599,2020-10-05,2020-10-26,['973'],Numéro de la consultation : RM20022L00 RÉHABILITATION D'UN BÂTIMENT COMMUNAL A USAGE ASSOCIATIF (Quartiers des Ames-Claires),fns,cmp2006,appeloffre,rectificatif,COMMUNE DE REMIRE MONTJOLY,97354,REMIRE MONTJOLY,,"['Electricité (travaux)', 'Gros oeuvre', 'Peinture (travaux)', 'Plomberie (travaux)']","[105, 144, 264, 270]",non,non
20-121266,2020-10-05,2020-10-30,['973'],Numéro de la consultation : RM20023 Réfection du centre d'exposition d'arts et cultures LE PAGARET,fns,cmp2006,appeloffre,initial,COMMUNE DE REMIRE MONTJOLY,97354,REMIRE MONTJOLY,,"['Ascenseur', 'Cloison, faux plafond', 'Electricité (travaux)', 'Peinture (travaux)', 'Plomberie (travaux)']","[17, 63, 105, 264, 270]",non,non
20-115544,2020-10-05,2020-11-06,['974'],appel à projet : équipement de centrales solaires photovoltaïques sur la commune du tampon,divers,autre,appeloffre,initial,Commune du Tampon,97430,Le Tampon,,['Photovoltaïque'],[476],non,non
20-120942,2020-10-05,2020-10-15,['974'],TRAVAUX DE REALISATION D'UN MUR DE SOUTENEMENT ET DE POSE DE GLISSIERES DE SECURITE AU PETIT-BRULE COMMUNE DE SAINTE ROSE,fns,cmp2006,appeloffre,rectificatif,COMMUNE DE SAINTE ROSE,97439,Sainte-Rose,,['Mur de soutènement'],[233],non,non
20-120979,2020-10-05,2020-11-06,['976'],Création d'un nouveau site Internet pour le CDT Mayotte,mapa,cmp2006,appeloffre,initial,CDT de Mayotte,97600,Mamoudzou,,"['Informatique (prestations de services)', 'Site internet']","[163, 171]",non,non
20-121243,2020-10-05,2020-10-22,['976'],TRAVAUX DE CONSTRUCTION DU SERVICE EUROPE DU DEPARTEMENT DE MAYOTTE,fns,cmp2006,attribution,initial,Département de Mayotte,97600,Mamoudzou,[],"['Gros oeuvre', ""Ouvrage d'infrastructure""]","[144, 253]",non,non
