,a00_cle_idweb,g04_01_date_publication,g04_03_date_fin_diffusion,g04_07_dep_publication,g04_09_resume_objet,g01_02_01_famille,g01_02_02_perimetre,g01_02_03_nature,g01_02_04_statut,d01_01_denomination,d01_07_cp,d01_08_ville,d08_09_decision_titulaireandRENSEIGNEMENT,g04_052_descripteurs_libelles,g04_051_descripteurs_codes,g04_061_criteres_sociaux,g04_062_criteres_environnementaux
0,20-98668,2020-08-04,2020-09-07,"['1', '71', '69']",Travaux pour l'amélioration de la qualité d'accueil du camping de la base de loisirs à cormoranche/saone,fns,cmp2006,appeloffre,initial,CC DE LA VEYLE,01290,Pont-de-Veyle,,"['Carrelage', 'Chambre froide', 'Charpente', 'Chauffage (travaux)', 'Cloison, faux plafond', 'Démolition', 'Electricité (travaux)', 'Equipements spécialisés', 'Espaces verts', 'Etanchéité', 'Maçonnerie', 'Menuiserie', 'Peinture (travaux)', 'Plâtrerie', 'Plomberie (travaux)', 'Ravalement', 'Sanitaire', 'Serrurerie', 'Terrassement', 'Ventilation', 'Voirie et réseaux divers', 'Photovoltaïque']","[53, 56, 57, 61, 63, 87, 105, 115, 116, 117, 195, 222, 264, 269, 270, 299, 319, 321, 341, 360, 366, 476]",non,non
1,20-98999,2020-08-04,2020-09-07,['3'],Installation et exploitation de centrales photovoltaïques sur le patrimoine bâti départemental de l'Allier(03),fns,cmp2006,appeloffre,rectificatif,DEPARTEMENT DE L ALLIER,03016,MOULINS,,['Photovoltaïque'],[476],non,non
2,20-99013,2020-08-04,2020-10-01,"['4', '5', '6', '13', '34', '83', '69', '75', '84']",Création d'une marque de destination et d'un kit de communication pour le Grand Verdon,fns,cmp2006,appeloffre,initial,AGENCE DE DEVELOPPEMENT DES ALPES DE H,04990,Digne les bains,,['Etude'],[118],non,non
3,20-98624,2020-08-04,2020-09-11,['6'],Entretien de différents espaces verts de la Commune de Vallauris Golfe-Juan,fns,cmp2006,appeloffre,initial,Commune de Vallauris Golfe-Juan,06220,VALLAURIS,,['Espaces verts'],[116],non,non
4,20-98625,2020-08-04,2020-09-11,['6'],Réalisation des travaux de réfection de la toiture du Gymnase Jacques ALLINEI,fns,cmp2006,appeloffre,initial,Commune de Vallauris Golfe-Juan,06220,VALLAURIS,,['Etanchéité'],[117],non,non
5,20-98702,2020-08-04,2020-09-04,['6'],travaux de peinture dans les différents bâtiments de la ville de Mougins - accord-cadre de travaux,fns,cmp2006,attribution,initial,Ville de Mougins,06251,mougins,,['Peinture (travaux)'],[264],non,non
6,20-98794,2020-08-04,2020-10-04,['6'],19V1285 - Acquisition de sèches cheveux et accessoires,fns,cmp2006,attribution,initial,COMMUNE DE NICE,06593,Nice cedex 4,[],"['Equipements spécialisés', 'Maintenance', 'Matériel électrique']","[115, 196, 203]",non,non
7,20-98573,2020-08-04,2020-08-21,"['8', '51', '59']",Acquisition d'un camping car neuf pour le ch bélair,mapa,cmp2006,appeloffre,initial,CENTRE HOSPITALIER BELAIR,08000,Charleville Mézières,,['Véhicules (acquisition)'],[475],non,non
8,20-99028,2020-08-04,2020-09-21,['9'],Fourniture de conditionnements pour la conservation des documents des Archives Départementales de l'Ariège,fns,cmp2006,appeloffre,initial,CONSEIL GENERAL de L'ARIEGE,09000,FOIX,,['Carton'],[54],non,non
9,20-98822,2020-08-04,2020-09-07,['10'],Aménagement d'un parking au laboratoire départemental d'analyses (10000).-.,fns,cmp2006,appeloffre,initial,DEPARTEMENT DE L AUBE,10000,TROYES,,"[""Ouvrage d'infrastructure""]",[253],non,non
10,20-98633,2020-08-04,2020-09-10,['11'],Numéro de la consultation : 2020T06 CONSTRUCTION D'UNE CHAUFFERIE BOIS-ENERGIE AVEC RESEAU DE CHALEUR A LIMOUX,fns,cmp2006,appeloffre,rectificatif,SYNDICAT AUDOIS ENERGIES ET NUMÉRIQUE,11000,CARCASSONNE,,"['Chauffage (travaux)', 'Voirie et réseaux divers']","[61, 366]",oui,non
11,20-98642,2020-08-04,2020-11-01,['11'],Numéro de la consultation : 2020T0500 RÉALISATION DE TRAVAUX DE DÉPLOIEMENT FTTH DANS LE LEZIGNANAIS,fns,cmp2006,attribution,initial,SYNDICAT AUDOIS ENERGIES ET NUMÉRIQUE,11000,CARCASSONNE,,['Fibre optique'],[133],non,non
12,20-98695,2020-08-04,2020-09-11,['11'],PORT LEUCATE - CHEMISAGE RESEAUX D'EAUX USEES EN AMONT DU POSTE DE REFOULEMENT 2,fns,cmp2006,appeloffre,initial,Le Grand Narbonne,11785,NARBONNE,,"['Assainissement', 'Voirie et réseaux divers']","[18, 366]",non,non
13,20-98599,2020-08-04,2020-09-21,['12'],achat de mobilier pour la maison de l'economie,mapa,cmp2006,appeloffre,initial,Cté d'Agglomération du Grand Rodez,12035,Rodez,,['Mobilier'],[230],non,non
14,20-98890,2020-08-04,2020-08-12,['13'],"Le présent marché consiste en la fourniture de pièces de robinetteries, de matériels et d'outillages pour la Régie des Eaux du Pays d'Aix.",fns,cmp2006,appeloffre,initial,REGIE DES EAUX DU PAYS D AIX,13100,Aix en provence,,['Matériel robinetterie'],[311],non,non
15,20-98774,2020-08-04,2020-08-29,['13'],construction d'un réservoir d'eau potable sur la commune des Baux de Provence (1100m3),fns,cmp2006,appeloffre,initial,CCVBA,13210,St-Rémy-de-Provence,,"['Canalisations', ""Travaux dans l'eau""]","[48, 349]",non,non
16,20-98976,2020-08-04,2020-10-04,['13'],Travaux de réaménagement par terrassement et gestion des eaux du vallon de la Barasse,fns,cmp2006,appeloffre,initial,CONSEIL DEPARTEMENTAL 13,13256,Marseille cedex 20,,['Terrassement'],[341],non,non
17,20-98918,2020-08-04,2020-09-01,['13'],Entretien et réparations des véhicules 2 et 3 roues de la Métropole Aix-Marseille Provence,fns,cmp2006,appeloffre,initial,METROPOLE D AIX MARSEILLE PROVENCE,13567,Marseille cedex 02,,['Véhicules'],[359],non,non
18,20-99000,2020-08-04,2020-11-01,['13'],Acquisition de nouveaux véhicules neufs destinés aux Services Municipaux de la ville de Rousset,fns,cmp2006,attribution,initial,Commune de Rousset,13790,ROUSSET,,['Véhicules (acquisition)'],[475],non,non
19,20-98839,2020-08-04,2020-09-15,['14'],Concession de services AOT - Dépôt d'orthèses,dsp,dsp,appeloffre,initial,CENTRE HOSPITALIER UNIVERSITAIRE,14033,Caen cedex 9,,['Prestations de services'],[274],non,non
20,20-98690,2020-08-04,2020-09-30,"['14', '76']",Maintenance Préventive et Corrective des installations d'Eclairage Extérieur pour le GHT Normandie Centre,fns,cmp2006,appeloffre,initial,CENTRE HOSPITALIER UNIVERSITAIRE,14033,Caen,,['Maintenance'],[196],non,non
21,20-98601,2020-08-04,2020-09-04,['14'],"Traitement des prélèvements et analyses de laboratoire visant à garantir la qualité de la production d'eau de dialyse, pour le CH de LISIEUX établissement partie du GHT Normandie Centre.",mapa,cmp2006,appeloffre,initial,CENTRE HOSPITALIER UNIVERSITAIRE,14033,Caen,,"['Analyses médicales, biologiques', 'Prestations de services']","[8, 274]",non,non
22,20-98685,2020-08-04,2020-09-14,['15'],Travaux de réhabilitation des réservoirs de Coissy et ouvrages annexes,fns,cmp2006,appeloffre,initial,Communauté d'Agglomération du Bassin,15005,AURILLAC CEDEX,,"['Génie civil', 'Menuiserie', 'Serrurerie', ""Tous corps d'état""]","[141, 222, 321, 345]",non,non
23,20-98813,2020-08-04,2020-09-15,"['15', '19', '63', '43', '69', '87']",Fourniture de compteurs volumétriques d'eau potable pour la régie des eaux de syndicat du font Marilhou et radio relève.accord-cadre a bons de commande 2020/2025,mapa,cmp2006,appeloffre,initial,SIDRE du Font-Marilhou,15210,Ydes,,"[""Compteur d'eau""]",[440],non,non
24,20-98994,2020-08-04,2020-09-18,['16'],Marché de travaux pour l'aménagement de jardins à Saint-Germain de Confolens,fns,cmp2006,appeloffre,initial,COMMUNE DE CONFOLENS,16500,CONFOLENS,,"['Espaces verts', 'Maçonnerie']","[116, 195]",non,non
25,20-98936,2020-08-04,2020-09-18,['16'],Prestations de services d'assurances Dommages Ouvrage - Confolens Gymnase M. PERROT,mapa,cmp2006,appeloffre,initial,COMMUNE DE CONFOLENS,16500,CONFOLENS,,['Assurance'],[20],non,non
26,20-98271,2020-08-04,2020-09-14,['17'],reportages photographiques et prises de vue pour les besoins de communication du département de la charente-maritime,fns,cmp2006,appeloffre,initial,Cons. Départ. de la Charente-Maritime,17076,La rochelle,,"['Publicité, Communication']",[285],non,non
27,20-93503,2020-08-04,2020-09-04,['17'],assistance à maitrise d'ouvrage pour la définition du protocole de mesures du complexe hydraulique de saint-savinien,mapa,cmp2006,appeloffre,initial,Cons. Départ. de la Charente-Maritime,17076,La Rochelle Cedex 9,,['Prestations de services'],[274],non,non
28,20-98382,2020-08-04,2020-10-09,['17'],Assurance 'Responsabilité et risques annexes' - Lot unique,mapa,cmp2006,appeloffre,initial,S.E. de la Charente-Maritime,17119,Saintes cedex,,['Assurance'],[20],non,non
29,20-98582,2020-08-04,2020-09-19,"['17', '16', '79', '33']",Travaux de consolidation - Poudrière de l'abreuvoir (casemate du scupteur),fns,cmp2006,appeloffre,initial,Mairie le Château d'Oléron,17480,Le Château d'Oléron,,"['Maçonnerie', 'Plomberie (travaux)']","[195, 270]",non,non
30,20-98977,2020-08-04,2020-09-16,['18'],Travaux de renouvellement des réseaux d'eau potable de la commune de Veaugues,fns,cmp2006,appeloffre,initial,Commune de Veaugues,18300,VEAUGUES,,"['Alimentation en eau potable', 'Réseaux divers']","[6, 306]",non,non
31,20-98860,2020-08-04,2020-08-26,['19'],PEBO ACCES TEREVA ET RICB,mapa,cmp2006,appeloffre,initial,COMMUNAUTE D'AGGLO DU BASSIN DE BRIVE,19103,Brive,,['Voirie'],[365],non,non
32,20-98760,2020-08-04,2020-09-07,['20A'],Numéro de la consultation : 2020-3DTM-0194 Réseau ferroviaire de Corse - Extension de la commande centralisée de la voie unique et création de section de croisement : raccordement des gares à l'a,fns,cmp2006,appeloffre,initial,COLLECTIVITE DE CORSE,20187,AJACCIO,,['Voies ferrées'],[364],non,non
33,20-98928,2020-08-04,2020-09-22,['21'],Fourniture et pose d'un plancher de scène pour la maison Rose de la Minoterie,mapa,cmp2006,appeloffre,initial,COMMUNE DE DIJON,21033,Dijon,,['Panneaux'],[261],non,non
34,20-99033,2020-08-04,2020-09-04,['24'],Etude de projet pour la restauration et la renaturation du site de Reyraud sur la rivière Dronne,mapa,cmp2006,appeloffre,rectificatif,EPTB de la Dordogne - EPIDOR,24250,CASTELNAUD LA CHAPELLE,,['Etude'],[118],non,non
35,20-95202,2020-08-04,2020-09-18,['25'],Accord-cadre alloti relatif à des prestations de restauration des collections de peintures des musées du centre de besançon.,fns,cmp2006,appeloffre,initial,Ville de Besançon,25000,Besançon,,"[""Oeuvre d'art"", 'Prestations de services']","[247, 274]",non,non
36,20-98550,2020-08-04,2020-09-18,['25'],RESTAURATION DU CLOCHER DE l'EGLISE SAINT FRANCOIS-XAVIER,fns,cmp2006,appeloffre,initial,Ville de Besançon,25034,BESANCON,,"['Charpente', 'Couverture']","[57, 74]",non,non
37,20-98832,2020-08-04,2020-09-11,"['28', '27', '45', '78']",MAPA P2020/28 Gardiennage du Parc La Radio à Dreux,fns,cmp2006,appeloffre,initial,Agglo-Pays-Dreux,28103,DREUX,,"['Gardiennage', 'Surveillance', 'Télésurveillance']","[138, 331, 415]",non,non
38,20-98923,2020-08-04,2020-09-09,"['30', '84', '34', '13', '75', '69']","Conception, création et exécution de prestations graphiques pour le Musée de la Romanité à Nîmes",fns,cmp2006,appeloffre,initial,SPL CULTURE ET PATRIMOINE,30000,Nimes,,"['Prestations de services', 'Publicité, Communication']","[274, 285]",non,non
39,20-98773,2020-08-04,2020-09-30,['30'],REALISATION D'UN BATIMENT D'ACTIVITE ARTISANALE,fns,cmp2006,appeloffre,initial,CC beaucaire terre d'argence,30300,BEAUCAIRE,,"['Cloison, faux plafond', 'Métallurgie', 'Ouvrage métallique', 'Plomberie (travaux)', 'Voirie et réseaux divers']","[63, 224, 254, 270, 366]",non,non
40,20-98952,2020-08-04,2020-09-03,['30'],Maîtrise d'oeuvre et suivi d'exécution de l'AD'AP du patrimoine de la Ville de Beaucaire et du CCAS,fns,cmp2006,attribution,initial,Ville de Beaucaire,30300,Beaucaire,"[('2020-08-03', 'ACCEO', (59641, 'EUR'), None)]","[""Maîtrise d'oeuvre""]",[197],non,non
41,20-98958,2020-08-04,2020-08-24,['31'],"Prestation d'audit, étude et organisation du fonctionnement des installations de production et distribution d'eau pour divers sites relevant des établissements membres du GHT 31.",fns,cmp2006,appeloffre,rectificatif,CHU DE TOULOUSE,31059,Toulouse cedex 9,,"[""Tous corps d'état""]",[345],non,non
42,20-98662,2020-08-04,2020-09-07,['31'],Maintenance de l'éclairage public (hors maintenance SDEHG) pour la ville de Tournefeuille,fns,cmp2006,appeloffre,initial,Commune de Tournefeuille,31170,Tournefeuille,,['Eclairage public'],[102],non,non
43,20-98881,2020-08-04,2020-09-11,"['34', '31']","Formations CACES, ACES et AIPR pour les départements de l'Aude, de l'Hérault, des Pyrénées-Orientales, de la Lozère et du Gard de la Région Occitanie",mapa,cmp2006,appeloffre,initial,REGION OCCITANIE,31406,TOULOUSE,,['Formation'],[410],non,non
44,20-98915,2020-08-04,2020-09-10,['32'],Maîtrise d'oeuvre pour la réhabilitation du casier 3 de l'ISDND du Houga.,mapa,cmp2006,appeloffre,initial,Trigone Syndicat Mixte Départemental,32021,Auch cedex 9,,"[""Maîtrise d'oeuvre""]",[197],non,non
45,20-98857,2020-08-04,2020-09-21,['33'],Remplacement des postes haute tension de la DZCRS à Cenon (33),fns,cmp2006,appeloffre,initial,SGAP Sud Ouest,33041,Bordeaux,,['Electricité (travaux)'],[105],non,non
46,20-98946,2020-08-04,2020-09-25,['33'],Mission d'architecte-conseil auprès de bordeaux métropole,fns,cmp2006,appeloffre,initial,Bordeaux Métropole,33045,Bordeaux cedex,,['Etude'],[118],non,non
47,20-98676,2020-08-04,2020-09-03,['13'],Location d'un camion ambulatoire pour personne à mobilité réduite pour la base aérienne d'ISTRES,fns,cmp2006DEFENSE,appeloffre,rectificatif,MINARM/DMAé,33068,Bordeaux cedex,,"['Matériel médical', 'Véhicules (location)']","[212, 474]",non,non
48,20-77138,2020-08-04,2020-09-18,['33'],A630 - pont d'Aquitaine - resserrage des colliers,fns,cmp2006,appeloffre,initial,DIR Atlantique,33073,Bordeaux Cedex,,['Ouvrage métallique'],[254],non,non
49,20-97124,2020-08-04,2020-09-11,"['33', '86']",RN10-Mise en défens avant travaux des zones à enjeux environnementaux,fns,cmp2006,appeloffre,initial,DIR Atlantique,33073,BORDEAUX cedex,,['Travaux forestiers'],[350],non,oui
50,20-98753,2020-08-04,2020-08-31,"['47', '33', '24', '40']",RN 21 - Aménagement de l'accès sud de Villeneuve-sur-Lot - Réalisation d'écrans acoustiques,fns,cmp2006,appeloffre,rectificatif,DREAL NOUVELLE-AQUITAINE,33090,Bordeaux cedex,,['Mur antibruit'],[232],non,non
51,20-98847,2020-08-04,2020-09-14,['33'],Entretien et Maintenance des matériels de cuisines des satellites de la ville d'Ambarès-et-Lagrave,mapa,cmp2006,appeloffre,initial,VILLE D'AMBARES-ET-LAGRAVE,33440,AMBARES ET LAGRAVE,,['Maintenance'],[196],non,non
52,20-98647,2020-08-04,2020-09-10,['33'],Réaménagement de locaux au CMPR de la tour de gassies à Bruges,fns,cmp2006,attribution,initial,UGECAM d'Aquitaine,33520,Bruges,"[('2020-08-04', 'SARL PPG', (56031.79, 'EUR'), None), ('2020-08-04', 'Legendre et Lureau', (14333, 'EUR'), None), ('2020-08-04', 'AXIMA CONCEPT', (35400, 'EUR'), None), ('2020-08-04', 'ENGIE INEO Aquitaine SNC', (27500, 'EUR'), None), ('2020-08-04', 'Entreprise Cabannes SAS', (14401.5, 'EUR'), None), ('2020-08-04', 'Entreprise Cabannes SAS', (12450.5, 'EUR'), None)]","['Cloison, faux plafond', 'Electricité (travaux)', 'Isolation', 'Menuiserie', 'Peinture (travaux)', 'Plâtrerie', 'Plomberie (travaux)', 'Revêtements de sols', 'Sanitaire']","[63, 105, 169, 222, 264, 269, 270, 308, 319]",non,non
53,20-98894,2020-08-04,2020-09-14,"['17', '33', '24']",Travaux de réfection d'une toiture en zinc d'une villa LA RCOHELLE,mapa,cmp2006,appeloffre,initial,SOC NATIONALE IMMOBILIERE,33525,Bruges,,['Couverture'],[74],non,non
54,20-98866,2020-08-04,2020-09-02,"['33', '40']",Accord-cadre matériels et produits d'entretien et de nettoyage,fns,cmp2006,appeloffre,initial,Ville de Salles,33770,Salles,,"['Hygiène (articles)', ""Produits d'entretien""]","[153, 278]",non,oui
55,20-98586,2020-08-04,2020-09-15,['34'],FOURNITURE DE TROIS CAMIONS PLATEAU AVEC CARBURATION AU GNV,fns,cmp2006,appeloffre,initial,COMM D AGGLOMERATION DU PAYS DE L OR,34137,MAUGUIO,,['Véhicules (acquisition)'],[475],non,non
56,20-98568,2020-08-04,2020-10-03,['34'],acquisition et installation d'une solution cartographique en ligne avec prestations annexes,mapa,cmp2006,attribution,initial,Cté Cnes du Grand Pic St Loup,34270,Saint Mathieu de Tréviers,,"['Informatique (prestations de services)', 'Logiciel']","[163, 186]",non,non
57,20-98828,2020-08-04,2020-10-04,['34'],Maîtrise d'oeuvre : réhabilitation réseau d'eaux usées et poste de refoulement ainsi que construction de la nouvelle station d'épuration des eaux usées (500 eh) de la commune de saint jean de buèges,mapa,cmp2006,attribution,initial,Cté Cnes du Grand Pic St Loup,34270,Saint Mathieu de Tréviers,,"[""Maîtrise d'oeuvre""]",[197],non,non
58,20-98776,2020-08-04,2020-10-06,['34'],"La présente consultation a pour objet l'entretien des espaces verts des deux campus du CNRS de Montpellier, suivant les modalités inscrites au C.C.T.P et ses annexes.",fns,cmp2006,attribution,initial,CNRS Délégation Languedoc Roussillon,34293,Montpellier cedex 5,"[('2020-07-16', 'ESAT Commercial des Ateliers de Saporta - ADAGES', (104800, 'EUR'), None)]",['Espaces verts'],[116],oui,oui
59,20-97830,2020-08-04,2020-09-01,['3'],Exécution du lot Electrical BOS sur une centrale photovoltaïque au sol d'une puissance de 4.32 MW.,fns,cmp2006,appeloffre,initial,LUXEL,34470,Pérols,,"['Electricité (travaux)', 'Photovoltaïque']","[105, 476]",non,non
60,20-97854,2020-08-04,2020-09-01,['71'],Exécution du lot Electrical BOS sur une centrale photovoltaïque au sol d'une puissance de 25 MW.,fns,cmp2006,appeloffre,initial,LUXEL,34470,Pérols,,"['Electricité (travaux)', 'Photovoltaïque']","[105, 476]",non,non
61,20-97845,2020-08-04,2020-09-01,['13'],Exécution du lot Electrical BOS sur une centrale photovoltaïque au sol d'une puissance de 8.42 MW.,fns,cmp2006,appeloffre,initial,LUXEL,34470,Pérols,,"['Electricité (travaux)', 'Photovoltaïque']","[105, 476]",non,non
62,20-97834,2020-08-04,2020-09-01,['71'],Exécution du lot Electrical BOS sur une centrale photovoltaïque au sol d'une puissance de 6.56 MW.,fns,cmp2006,appeloffre,initial,LUXEL,34470,Pérols,,"['Electricité (travaux)', 'Photovoltaïque']","[105, 476]",non,non
63,20-98671,2020-08-04,2020-09-15,['34'],Travaux de protection contre les inondations du CHU de Montpellier Secteurs 2 et 3,fns,cmp2006,appeloffre,initial,Montpellier Méditerranée Métropole,34961,MONTPELLIER,,"['Génie civil', 'Mur de soutènement', 'Réseaux divers', 'Terrassement', 'Voirie et réseaux divers']","[141, 233, 306, 341, 366]",non,non
64,20-98616,2020-08-04,2020-08-14,['35'],"Fourniture de chèques cadeaux multi enseignes au profit des agents rattachés à la direction régionale de la jeunesse, des sports et de la cohésion sociale de Bretagne, dans le cadre de l'action s",fns,cmp2006,appeloffre,initial,DRJSCS BRETAGNE,35043,Rennes,,['Chèque cadeau'],[436],non,non
65,20-98560,2020-08-04,2020-09-28,['37'],Evaluation externe du Centre d'Action Médico-Sociale Précoce (CAMSP) du CHRU de Tours,fns,cmp2006,appeloffre,initial,CENTRE HOSPITALIER REG UNVT DE TOURS,37044,Tours cedex 9,,['Audit'],[21],non,non
66,20-98930,2020-08-04,2020-09-11,['39'],Travaux d'aménagement d'une voie douce en fond de vallée de Vallière,fns,cmp2006,appeloffre,initial,ESPACE COMMUNAUTAIRE LONS AGGLO,39000,LONS-LE-SAUNIER,,['Voirie'],[365],non,non
67,20-98589,2020-08-04,2020-09-15,['40'],"accompagnement de la ville de dax dans le cadre d'une "" étude urbaine dax-coeur d'agglomération 2035 """,fns,cmp2006,appeloffre,rectificatif,Ville de Dax,40107,Dax cedex,,['Etude'],[118],non,non
68,20-98615,2020-08-04,2020-09-22,"['40', '33', '64']",Aménagement du chemin st-françois à saint-sever,fns,cmp2006,appeloffre,initial,COMMUNE DE SAINT-SEVER,40500,Saint-Sever Cédex,,['Voirie et réseaux divers'],[366],non,non
69,20-98260,2020-08-04,2020-09-11,"['41', '37']",Fourniture de composteurs individuels et collectifs et d'outils de compostage sur 2 ans renouvelables une fois.,mapa,cmp2006,appeloffre,initial,VAL-ECO Syndicat mixte de collecte,41000,Blois,,"['Outillage', 'Composteur']","[251, 439]",non,non
70,20-98096,2020-08-04,2020-08-25,['41'],Mna- restauration et hébergement hôtel et/ou autres structures d'hébergement,joue,autre,rectificatif,rectificatif,CONSEIL DEPARTEMENTAL DE LOIR-ET-CHER,41020,Blois,,"['Restauration collective', 'Prestations de services']","[66, 274]",non,non
71,20-98093,2020-08-04,2020-09-15,['41'],Restauration des lanternons des toitures du château de Chambord,joue,directive24,appeloffre,initial,EP du domaine national de Chambord,41250,Chambord,,['Monuments historiques'],[236],non,non
72,20-98754,2020-08-04,2020-09-04,['42'],Marché de fournitures et maintenance en vue du renouvellement du réseau radio UHF,mapa,cmp2006,appeloffre,initial,CHU SAINT ETIENNE,42055,Saint etienne cedex 02,,"['Matériel électrique', 'Matériel de transmission']","[203, 210]",non,non
73,20-96497,2020-08-04,2020-09-14,['42'],réhabilitation du centre social croix berthaud - 21 square henri dunant à saint-chamond,fns,cmp2006,appeloffre,initial,Gier Pilat Habitat,42402,Saint Chamond Cedex,,"['Etanchéité', 'Maçonnerie', 'Menuiserie', 'Métallerie', 'Ravalement', 'Serrurerie', 'Voirie et réseaux divers']","[117, 195, 222, 223, 299, 321, 366]",non,non
74,20-98730,2020-08-04,2020-09-11,['44'],travaux d'aménagement de la place georges washington à nantes (rectificatif),fns,cmp2006,appeloffre,rectificatif,Nantes Métropole,44923,Nantes cedex 9,,"['Eclairage public', 'Espaces verts', 'Signalisation', 'Terrassement', 'Voirie et réseaux divers']","[102, 116, 322, 341, 366]",non,non
75,20-98931,2020-08-04,2020-09-08,['45'],Sécurisation et réaménagement du complexe sportif communal,fns,cmp2006,appeloffre,initial,Commune de Saint-Ay,45130,Saint-Ay,,['Terrassement'],[341],non,oui
76,20-98424,2020-08-04,2020-09-04,['51'],missions de contrôle technique afférentes aux travaux de grosses réparations dans 4 bâtiments au lycée des métiers gustave eiffel à reims,fns,cmp2006,appeloffre,initial,REGION GRAND EST,51037,CHALONS EN CHAMPAGNE CEDEX,,['Contrôle technique'],[72],non,non
77,20-98888,2020-08-04,2020-09-17,['52'],construction d'une halle d'athlétisme et d'une tribune de football à saint-dizier-stade jacquin,mapa,cmp2006,appeloffre,initial,Ville de Saint-Dizier,52100,Saint-Dizier,,['Bâtiment'],[33],non,non
78,20-98437,2020-08-04,2020-09-30,['54'],Maintenance et entretien du parc des groupes électrogènes,fns,cmp2006,attribution,initial,Métropole du Grand Nancy,54035,Nancy cedex,"[('2020-07-01', 'POSITIF', (23389.5, 'EUR'), None)]",['Groupe électrogène'],[143],non,non
79,20-98878,2020-08-04,2020-09-23,['54'],Remplacement des vérins du barrage de Nancy,fns,cmp2006,appeloffre,initial,Métropole du Grand Nancy,54035,NANCY CEDEX,,['Barrage'],[31],non,non
80,20-98914,2020-08-04,2020-08-31,['54'],"Évaluation du dispositif "" ESP CLIP "" financé dans le cadre du Fonds d'Intervention Régional",fns,cmp2006,appeloffre,initial,AGENCE REGIONALE DE SANTE GRAND EST,54036,Nancy cedex,,['Etude'],[118],non,non
81,20-98724,2020-08-04,2020-10-01,['55'],fourniture de gaz en citerne avec mise à disposition et entretien de plusieurs citernes,fns,cmp2006,attribution,initial,Conseil départemental de la Meuse,55012,Bar-le-Duc,,"['Gaz divers', 'Electricité, gaz (fourniture)']","[139, 443]",non,non
82,20-98707,2020-08-04,2020-10-03,['57'],Marché de travaux pour la construction d'un accueil et d'une médiathèque périscolaires à Bousse,fns,cmp2006,appeloffre,initial,Mairie de Bousse,57310,BOUSSE,,"['Bardage', 'Bâtiment', 'Charpente', 'Chauffage (travaux)', 'Couverture', 'Electricité (travaux)', 'Espaces verts', 'Etanchéité', 'Gros oeuvre', 'Isolation', 'Menuiserie', 'Métallerie', 'Peinture (travaux)', 'Plâtrerie', 'Plomberie (travaux)', 'Revêtements de sols', 'Ventilation', 'Voirie']","[30, 33, 57, 61, 74, 105, 116, 117, 144, 169, 222, 223, 264, 269, 270, 308, 360, 365]",oui,oui
83,20-99030,2020-08-04,2020-09-04,"['57', '54', '55', '67', '68']",ENFOUISSEMENT DES RESEAUX SECS - RUE DU SOLEIL,fns,cmp2006,appeloffre,initial,Ville de Freyming Merlebach,57800,Freyming Merlebach,,"['Candélabre', 'Eclairage public', 'Réseaux divers']","[49, 102, 306]",non,non
84,20-98838,2020-08-04,2020-09-01,['58'],etude du rétablissement de la continuité écologique sur les ouvrages hydrauliques de l'aval de la douceline - commune de la marche,fns,cmp2006,attribution,initial,COMMUNAUTÉ DE COMMUNES COEUR DE LOIRE,58200,Cosne-cours-sur-loire,"[('2020-07-27', 'Société DCI ENVIRONNEMENT', (34350, 'EUR'), None)]",['Etude'],[118],non,non
85,20-99019,2020-08-04,2020-09-05,"['59', '62', '2', '80', '60']","Installation, mise en place et organisation du Salon International des Métiers d'Art de Lens - édition 2020 - pour la Chambre de métiers et de l'artisanat Hauts-de-France",fns,cmp2006,appeloffre,initial,CMAR Hauts de France,59011,Lille Cedex,,"['Panneaux', 'Prestations de services', 'Sacs', 'Stand', 'Signalétique', 'Evénementiel', 'Spectacle']","[261, 274, 318, 325, 333, 445, 472]",non,non
86,20-98563,2020-08-04,2020-11-01,['59'],Assistance pour le recrutement des personnels d'encadrement,fns,cmp2006,appeloffre,initial,METROPOLE EUROPEENNE DE LILLE,59034,Lille cedex,,['Prestations de services'],[274],non,non
87,20-98922,2020-08-04,2020-09-04,['59'],Réalisation des déclarations préalables et de la synthèse des bilans environnementaux des opérations de dragage d'entretien de la Direction Territoriale Nord-Pas-de-Calais de Voies navigables de,fns,cmp2006,appeloffre,initial,Voies navigables de France,59034,Lille cédex,,['Prestations de services'],[274],non,oui
88,20-98795,2020-08-04,2020-10-03,['59'],Fournitures de vêtements de travail et d'équipements de protection individuelle pour les agents des services de la ville de Croix,fns,cmp2006,appeloffre,initial,Mairie de CROIX,59170,CROIX,,"['Equipements spécialisés', 'Equipement de piscine', 'Habillement']","[115, 120, 150]",non,non
89,20-98608,2020-08-04,2020-10-04,['59'],travaux d'entretien et réparation des bennes du siaved,mapa,cmp2006,attribution,initial,SIAVED,59282,Douchy les mines,,['Ordures ménagères (prestations)'],[249],non,non
90,20-98961,2020-08-04,2020-10-31,"['59', '62', '80']",Le présent marché a pour objet de confier au titulaire du marché :- le transport collectif de personnes sur le territoire de la commune et en dehors de la commune selon les conditions définies au..,fns,cmp2006,appeloffre,initial,COMMUNE D HAUBOURDIN,59320,Haubourdin,,['Transport'],[347],non,non
91,20-98851,2020-08-04,2020-08-30,['59'],FOURNITURE DE MATERIEL D'ENTRETIEN DES ESPACES VERTS DE GAMME PROFESSIONNELLE,fns,cmp2006,attribution,initial,Ville de Grande-Synthe,59760,Grande-Synthe,,"['Matériel agricole, horticole']",[200],non,non
92,20-97811,2020-08-04,2020-09-18,"['59', '62']",restauration intérieure et extérieure de la poudrière du marquis d'asfeldcharpente/menuiserie/ferronnerie/peinture,fns,cmp2006,appeloffre,initial,COMMUNE DE GRAVELINES,59820,Gravelines,,"['Charpente', 'Menuiserie']","[57, 222]",non,non
93,20-98630,2020-08-04,2020-08-26,['59'],Numéro de la consultation : 2020-MAI-0027 Travaux de mise en accessibilité de la ville de Lambersart,fns,cmp2006,appeloffre,initial,COMMUNE DE LAMBERSART,59831,LAMBERSART,,"['Electricité (travaux)', 'Gros oeuvre', 'Menuiserie', 'Plomberie (travaux)', 'Revêtements de sols']","[105, 144, 222, 270, 308]",non,non
94,20-98925,2020-08-04,2020-09-09,['2'],Marché public no20 - PA T - 04 : Prestations de désamiantage et de démolition de différents biens sis Route de Reims et Rue d'Orcamps à Billy sur Aisne et Soissons,fns,cmp2006,appeloffre,initial,EPFL des Territoires Oise et Aisne,60000,Beauvais,,"['Démolition', 'Amiante (désamiantage)']","[87, 479]",non,non
95,20-98477,2020-08-04,2020-09-11,['60'],fournitures de pièces détachées et prestations de réparation et de dépannage du matériel de service hivernal du département de l'oise,fns,cmp2006,appeloffre,initial,Conseil Départemental de l'Oise,60000,Beauvais,,['Pièces détachées'],[266],non,non
96,20-98720,2020-08-04,2020-09-04,['60'],"L'achat de deux copieurs multifonctions, La souscription d'un contrat de maintenance sur le matériel mis en place, La maintenance et la fourniture des consommables de la machine hors suppo",fns,cmp2006,appeloffre,initial,SE60 Syndicat d'énergie de l'Oise,60000,Tillé,,['Informatique (matériel)'],[162],non,non
97,20-98792,2020-08-04,2020-10-13,['2'],RELANCE LOT1 CONCEPTION ET MISE EN PAGE,mapa,cmp2006,attribution,initial,ENTENTE OISE AISNE,60200,Compiègne,,['Reprographie'],[305],non,non
98,20-98983,2020-08-04,2020-08-26,"['61', '72']",Numéro de la consultation : 1_2020027. Réalisation de fouilles archéologiques préventive sur le site du Champ de Foire d'Alençon sur une surface de 550 m2,fns,cmp2006,appeloffre,initial,Ville d'Alençon,61014,Alençon,,['Fouille archéologique'],[450],non,non
99,20-98944,2020-08-04,2020-08-25,['62'],Entretien des tracteurs portuaires de la SEPD au port de Calais,mapa,cmp2006,appeloffre,initial,SEPD,62100,Calais,,"['Maintenance', 'Mécanique']","[196, 221]",non,non
100,20-98651,2020-08-04,2020-09-25,['62'],Mise aux normes des arrêts bus sur le territoire du SITAC,fns,cmp2006,appeloffre,initial,SITAC,62100,CALAIS,,"['Transport', 'Voirie']","[347, 365]",non,non
101,20-98692,2020-08-04,2020-09-01,"['62', '59']",Travaux de modernisation des systèmes d'éclairage public sur la Ville de Calais - Armoire BR,fns,cmp2006,appeloffre,initial,Ville de Calais,62107,Calais cédex,,['Eclairage public'],[102],non,non
102,20-98817,2020-08-04,2020-10-03,['62'],"Remplacement des menuiseries extérieures de l'ex école Jean Macé, de l'école de musique et de la salle Trannin",fns,cmp2006,appeloffre,initial,Mairie de Sains-en-Gohelle,62114,SAINS EN GOHELLE,,['Menuiserie'],[222],non,non
103,20-98558,2020-08-04,2020-09-10,['62'],Accord-cadre entretien de la voirie communale,fns,cmp2006,appeloffre,initial,Ville de Wimille,62126,Wimille,,['Voirie'],[365],non,non
104,20-98713,2020-08-04,2020-09-22,['62'],"Fourniture de lignes téléphoniques mobiles, de téléphones portables et accessoires associés",mapa,cmp2006,appeloffre,initial,CA DES DEUX BAIES EN MONTREUILLOIS,62170,MONTREUIL SUR MER,,"['Site internet', 'Télécommunications', 'Matériel de téléphonie']","[171, 338, 339]",non,non
105,20-98797,2020-08-04,2020-09-15,['63'],Maintenance des congélateurs -80°C du GHT Territoire d'Auvergne,fns,cmp2006,appeloffre,initial,GHT CHU CLERMONT FERRAND,63003,CLERMONT-FERRAND,,"['Laboratoire (matériel)', 'Maintenance', 'Matériel médical', 'Pièces détachées', 'Prestations de services']","[188, 196, 212, 266, 274]",non,non
106,20-98905,2020-08-04,2020-09-11,['15'],"Opération de remplacement de dispositifs de retenue en TPC de l'A75, RN88 et A750 sur les départements de la Haute-Loire, du Cantal et de l'Hérault.",fns,cmp2006,attribution,initial,DIR INTERDEP ROUTES MASSIF CENTRAL,63012,Clermont-ferrand,"[('2020-07-13', 'Aximum sas - etablissement de clermont-ferrand Colas raa - agence de lempdes Aximum produits de sécurité sasu', (1944078.1, 'EUR'), None)]",['Glissières de sécurité'],[142],non,non
107,20-95398,2020-08-04,2020-09-16,"['64', '40', '33', '65', '32', '24']","Programmation, exploitation et gestion du cinéma d'Orthez par voie de délégation de service public et développement d'une politique d'actions culturelles liées à l'activité.",dsp,dsp,appeloffre,initial,Ville d'orthez,64300,ORTHEZ,,"['Matériel photographique et cinématographique', 'Vidéo, cinéma', 'Délégation de service public']","[214, 362, 406]",non,non
108,20-98747,2020-08-04,2020-11-01,['65'],"MARCHE DE TRAVAUX DE CLIMATISATION / VENTILATION ET ISOLATION DE L'AGENCE NORD DEL'OPH 65- N'est uniquement relancé que le lot no 2 ISOLATION - FAUX PLAFONDS, déclaré infructueux sur l",fns,cmp2006,attribution,initial,OFFICE PUB DE L HABITAT HTES PYRENEES,65000,TARBES,,['Isolation'],[169],non,non
109,20-98943,2020-08-04,2020-08-24,['66'],Acquisition d'une chargeuse sur pneus,fns,cmp2006,appeloffre,initial,sydetom-66,66351,TOULOUGES,,['Véhicules (acquisition)'],[475],non,non
110,20-98933,2020-08-04,2020-09-11,['66'],Numéro de la consultation : 20MDETEPPA32 Réaménagement du square Jeantêt violet,fns,cmp2006,appeloffre,initial,COMMUNE DE PERPIGNAN,66931,PERPIGNAN CEDEX,,['Espaces verts'],[116],non,non
111,20-98739,2020-08-04,2020-09-01,['66'],Numéro de la consultation : 20MDPDPPA34 Obsèques des personnes dépourvues de ressources suffisantes,fns,cmp2006,appeloffre,initial,COMMUNE DE PERPIGNAN,66931,PERPIGNAN CEDEX,,['Cimetière'],[437],non,non
112,20-99020,2020-08-04,2020-09-04,['67'],TRAVAUX DE MISE EN ACCESSIBILITE DU STADE DES PINS - TRIBUNE ET CLUBHOUSE A 67240 BISCHWILLER,fns,cmp2006,appeloffre,initial,Ville de Bischwiller,67241,Bischwiller cedex,,['Bâtiment'],[33],non,non
113,20-98569,2020-08-04,2020-09-15,['68'],ETUDE DE FAISABILITÉ : A35 AMÉNAGEMENTS FUTURS ENTRE LA FRONTIÈRE SUISSE ET MULHOUSE,fns,cmp2006,appeloffre,initial,Conseil départemental du Haut-Rhin,68006,COLMAR CEDEX,,['Etude'],[118],non,non
114,20-99039,2020-08-04,2020-09-01,['68'],Travaux d'assainissement rue du chemin de fer à Durmenach DUR06 - tranche 1,fns,cmp2006,appeloffre,initial,Communauté de Communes SUNDGAU,68130,ALTKIRCH,,['Assainissement'],[18],non,non
115,20-98882,2020-08-04,2020-09-01,['68'],Travaux d'assainissement à Illtal quartier Oberdorf - tranche 2,fns,cmp2006,appeloffre,initial,Communauté de Communes SUNDGAU,68130,ALTKIRCH,,['Assainissement'],[18],non,non
116,20-98688,2020-08-04,2020-08-13,['68'],"Rénovation de la maison au 1 rue de la Gare en maison du vélo pour la Ville de Guebwiller. -Suite à un classement sans suite des lots 3 et 5, la présente consultation concerne les lots 3 et 5",mapa,cmp2006,appeloffre,rectificatif,Commune de Guebwiller,68500,GUEBWILLER,,['Charpente'],[57],non,non
117,20-98097,2020-08-04,2020-09-12,['69'],"Marché de services de nettoyage des locaux, des abords extérieurs de l'Opéra National de Lyon, de ses ateliers, de la salle de répétition de l'orchestre et des locaux de la Maîtrise",joue,directive24,appeloffre,initial,OPERA DE LYON,69001,Lyon,,['Nettoyage de locaux'],[239],non,non
118,20-98732,2020-08-04,2020-09-15,"['69', '42', '38']",La consultation a pour objet la réalisation pour le compte de l'EFS Auvergne- Rhône-Alpes de contrôles microbiologiques sur des échantillons confiés par plusieurs services.Le Titulaire reconnaît,fns,cmp2006,appeloffre,rectificatif,Etablissement Français du Sang,69153,Décines charpieu cedex,,"['Analyses médicales, biologiques']",[8],non,non
119,20-98737,2020-08-04,2020-10-05,['69'],Prestations d'éditions et de diffusion de livrets gratuits et d'ouvrages payants sur le segment jeunesse,fns,cmp2006,appeloffre,initial,Musée des Confluences,69285,LYON,,['Edition'],[104],non,non
120,20-98704,2020-08-04,2020-09-29,['69'],"La consultation vise à sélectionner le prestataire à qui sera confiée la réalisation des prestations de diagnostic, conseil et accompagnement de différentes entités de l'ARS Auvergne-Rhône-Alpes.",fns,cmp2006,appeloffre,initial,Agence Régionale de Santé (ARS),69418,Lyon cedex 3,,['Etude'],[118],non,non
121,20-98691,2020-08-04,2020-10-04,['69'],"conception, habillage, aménagement et gestion d'un stand pour le salon des entrepreneurs les 17 et 18 juin 2020 à la cité centre des congrès de lyon.",mapa,cmp2006,attribution,initial,Métropole de Lyon,69505,Lyon cedex 03,[],['Evénementiel'],[445],non,non
122,20-98837,2020-08-04,2020-10-04,['69'],"mission de conception, fabrication et gestion d'un stand pour le salon sido qui se déroule les 12 et 13 mai 2020 à la cité internationale de lyon",mapa,cmp2006,attribution,initial,Métropole de Lyon,69505,Lyon cedex 3,[],['Evénementiel'],[445],non,non
123,20-98954,2020-08-04,2020-10-05,['69'],"Marché d'exploitation des installations de chauffage, eau chaude sanitaire, géothermie, traitement d'eau, climatisation et ventilation",fns,cmp2006,attribution,initial,MAIRIE D'IRIGNY,69540,Irigny,"[('2020-07-21', 'SOMECI', (182728, 'EUR'), None)]","['Chauffage (exploitation, entretien)']",[59],non,non
124,20-98869,2020-08-04,2020-11-01,['69'],La ville de Feyzin souhaite louer deux véhicules utilitaires pour son service espaces verts /voirie. La formule retenue sera un crédit bail de 5 ans sans option d'achat.La description du véhicule,fns,cmp2006,attribution,initial,Ville de Feyzin,69552,FEYZIN,"[('2020-06-22', 'SARL LMVS', (155520, 'EUR'), None)]",['Véhicules (location)'],[474],non,non
125,20-98871,2020-08-04,2020-11-01,['69'],La ville de Feyzin souhaite réaliser des travaux de mise en conformité et d'accessibilité des Établissements Recevant du Public (ERP) dans le cadre de l'AD'AP.La description des presta,fns,cmp2006,attribution,initial,Ville de Feyzin,69552,FEYZIN,,"['Ascenseur', ""Contrôle d'accès"", 'Maçonnerie', 'Menuiserie', 'Plomberie (travaux)']","[17, 81, 195, 222, 270]",non,non
126,20-98872,2020-08-04,2020-11-01,['69'],"La ville de Feyzin souhaite réaliser des travaux de remplacement de menuiseries extérieures, suite à l'évaluation de la tenue des panneaux vitrés existants face aux effets de surpression, compte",fns,cmp2006,attribution,initial,Ville de Feyzin,69552,FEYZIN,"[('2020-07-15', 'SAM RHONE', (198859.2, 'EUR'), None)]",['Menuiserie'],[222],non,non
127,20-98873,2020-08-04,2020-11-01,['69'],La ville de Feyzin souhaite procéder à la réfection de la toiture du Groupe Scolaire du Plateau.La description des prestations et leurs spécifications techniques sont indiquées dans le Cahier de,fns,cmp2006,attribution,initial,Ville de Feyzin,69552,FEYZIN,"[('2020-07-23', 'GECAPE SUD', (78717.82, 'EUR'), None)]",['Etanchéité'],[117],non,non
128,20-99047,2020-08-04,2020-08-24,['70'],Numéro de la consultation : M261-2020 Marché de transport péri et extrascolaire,fns,cmp2006,appeloffre,initial,Communauté de communes du pays d'Héric,70400,HERICOURT,,['Transport'],[347],non,non
129,20-98990,2020-08-04,2020-09-07,['72'],"Fourniture, livraison, installation et réparation d'appareils domestiques pour les besoins du Département de la Sarthe",fns,cmp2006,appeloffre,initial,DEPARTEMENT DE LA SARTHE,72072,Le Mans,,['Electroménager'],[108],non,non
130,20-98728,2020-08-04,2020-09-14,['73'],"Conception Réalisation : Etablissement des études de scénographie, de graphisme, réalisation de contenus audiovisuels et exécution des travaux pour la scénographie, la fabrication et l'installati",fns,cmp2006,appeloffre,initial,SOCIETE AMENAGEMENT DE LA SAVOIE,73000,Chambery,,"['Audiovisuel', 'Ingénierie']","[22, 455]",non,non
131,20-98749,2020-08-04,2020-11-01,['73'],Travaux de dévoiement des réseaux AEP et assainissement dans le cadre du projet de résidence de tourisme et du parking souterrain dans la secteur de l'Aconcagua à Plagne-Centre,fns,cmp2006,attribution,initial,S.I.G.P,73211,AIME LA PLAGNE,,"['Alimentation en eau potable', 'Assainissement', 'Réseaux divers']","[6, 18, 306]",non,non
132,20-99035,2020-08-04,2020-11-01,['73'],Aménagement du parking du cimetière Chamoux-sur-Gelon,mapa,cmp2006,attribution,initial,Ville de Chamoux sur Gelon,73390,CHAMOUX SUR GELON,,"['Terrassement', 'Voirie']","[341, 365]",non,non
133,20-98746,2020-08-04,2020-11-01,['73'],Amélioration de la tenue au feu des chambres de tirages des niches et des abris du tunnel d'Orelle,fns,cmp2006,attribution,initial,SOC FRANCAISE TUNNEL ROUTIER DE FREJUS,73500,MODANE,"[('2020-07-17', 'Freyssinet France Rhône Alpes Auvergne', (164992, 'EUR'), None)]","['Métallerie', 'Sécurité incendie']","[223, 332]",non,non
134,20-98940,2020-08-04,2020-09-16,['74'],Acquisition d'un logiciel de suivi des consommations des bâtiments publics au Pays du Mont-Blanc,mapa,cmp2006,appeloffre,initial,Cté de Cnes Pays du Mont-Blanc,74190,PASSY,,"['Informatique (prestations de services)', 'Logiciel', 'Informatique (maintenance serveurs et réseaux)']","[163, 186, 454]",non,non
135,20-98998,2020-08-04,2020-09-02,['74'],TRANSPORT PAR AMBULANCES DES PERSONNES ACCIDENTÉES SUR LES PISTES,fns,cmp2006,appeloffre,initial,Commune de La Clusaz,74220,LA CLUSAZ,,['Transport'],[347],non,non
136,20-98956,2020-08-04,2020-09-18,['74'],"INSTALLATION, MISE EN SERVICE ET MAINTENANCE DES PRODUCTIONS DE FLUIDES MEDICAUX POUR LES EXTENSIONS ET RESTRUCTURATION DU CHANGE SITE METZ TESSY (rectificatif)",fns,cmp2006,appeloffre,rectificatif,CH Annecy Genevois,74374,Pringy cedex,,['Fluides médicaux'],[128],non,non
137,20-98694,2020-08-04,2020-11-01,"['75', '92', '93', '94']",Accord-cadre mono-attributaire à bon de commande pour des Missions d'expertises des GTA et des équipements du cycle eau vapeur des centres de valorisation énergétique du Syctom.,fns,cmp2006,appeloffre,rectificatif,Syctom,75001,Paris,,"[""Assistance à maîtrise d'ouvrage"", 'Ingénierie']","[433, 455]",non,non
138,20-98750,2020-08-04,2020-08-31,"['94', '75', '91', '92']",Prestations logistiques et stockage de palettes pour le compte de l'Assistance Publique - Hôpitaux de Paris,fns,cmp2006,appeloffre,rectificatif,ASSISTANCE PUBLIQUE HOPITAUX DE PARIS,75004,Paris,,['Prestations de services'],[274],non,non
139,20-98893,2020-08-04,2020-10-01,"['92', '75']",La consultation concerne une mission de maîtrise d'oeuvre portant sur la Modernisation des moyens de convoyages et tri sur le site de Nanterre nécessaire aux besoins de l?A.G.E.P.S. de l'Ass,fns,cmp2006,appeloffre,initial,ASSISTANCE PUBLIQUE HOPITAUX DE PARIS,75005,Paris,,"[""Maîtrise d'oeuvre"", 'Ingénierie']","[197, 455]",oui,oui
140,20-98719,2020-08-04,2020-08-21,['75'],Accord-cadre 2020SAIP-07 : réalisation de diagnostics amiante/plomb (rectificatif),fns,cmp2006,appeloffre,rectificatif,ASSEMBLÉE NATIONALE,75007,Paris,,"['Prestations de services', 'Amiante (diagnostic)']","[274, 431]",non,non
141,20-99012,2020-08-04,2020-09-18,['75'],Accord-cadre mono-attributaire de MOE pour les travaux de modernisation des façades et couverture de la mairie du 11ème arrondissement,fns,cmp2006,appeloffre,initial,VILLE DE PARIS,75012,Paris,,"[""Maîtrise d'oeuvre""]",[197],non,non
142,20-98964,2020-08-04,2020-09-05,['60'],Remplacement des automates des ouvrages sur la Rivière Oise Canalisée.,fns,cmp2006,attribution,initial,Voies navigables de France,75013,Paris,,"['Barrage', 'Ecluse', 'Automate']","[31, 103, 402]",non,non
143,20-96994,2020-08-04,2020-09-07,"['75', '77', '78', '91', '92', '94', '95']",Travaux de réhabilitation du commissariat de deuil la barre,fns,cmp2006,appeloffre,initial,Préfecture de Police de Paris,75195,Paris,,"['Climatisation', 'Démolition', 'Electricité (travaux)', 'Gros oeuvre', 'Menuiserie', 'Plomberie (travaux)', 'Ventilation', 'Amiante (désamiantage)']","[62, 87, 105, 144, 222, 270, 360, 479]",non,non
144,20-98830,2020-08-04,2020-08-12,['75'],La présente consultation concerne les conditions d'exécution du marché relatif à maintenance préventive et corrective des systèmes de décontamination par peroxyde d'hydrogène BIOJET FX de ma,fns,cmp2006,attribution,initial,ASSISTANCE PUBLIQUE HOPITAUX DE PARIS,75475,Paris cedex 10,,['Maintenance'],[196],non,non
145,20-98995,2020-08-04,2020-09-21,['75'],Marché de travaux pour la construction neuve d'un immeuble de 15 logements et un local d'activités au 26 boulevard de Reuilly 75012 Paris,fns,cmp2006,appeloffre,initial,ELOGIE SIEMP,75924,Paris cedex 19,,"['Ascenseur', 'Gros oeuvre']","[17, 144]",non,non
146,20-98664,2020-08-04,2020-09-07,['76'],Etudes de programmation pour l'extension du bâtiment MartainvillePavillon Mère et Enfant - CHU Rouen Normandie,fns,cmp2006,appeloffre,initial,CHU-Hôpitaux de Rouen,76031,Rouen cedex,,['Etude'],[118],non,non
147,20-98677,2020-08-04,2020-09-04,['76'],"ROUTE DÉPARTEMENTALE N°67/AUTOROUTE N° 150 - Canton de BARENTIN - Commune de BARENTIN - Aménagement d'une aire de covoiturage - TERRASSEMENTS, ASSAINISSEMENT et CHAUSSEES",fns,cmp2006,appeloffre,initial,Département de Seine Maritime,76101,ROUEN Cedex,,['Voirie'],[365],oui,oui
148,20-98635,2020-08-04,2020-11-01,['76'],"RD 925 / 2 - Aménagement d'un carrefour giratoire - Terrassements, assainissement et chaussées - Cantons de DIEPPE 1 et ST VALERY-EN-CAUX - Communes de LONGUEIL et LE BOURG-DUN",mapa,cmp2006,attribution,initial,Département de Seine Maritime,76101,ROUEN Cedex,,"['Assainissement', 'Canalisations', 'Terrassement', 'Voirie']","[18, 48, 341, 365]",oui,oui
149,20-98811,2020-08-04,2020-11-01,['76'],"Accord cadre d'études pour une mission de suivi écologique par un ingénieur écologue dans le cadre de la protection de la biodiversité sur la ZAC de la Sablonnière (préparation de chantier, sensi",fns,cmp2006,attribution,initial,ROUEN NORMANDIE AMENAGEMENT SOC PUB LO,76175,ROUEN,"[('2020-07-30', 'BIOTOPE', (90000, 'EUR'), None)]",['Etude'],[118],non,non
150,20-98997,2020-08-04,2020-09-04,['76'],Acquisition d'un porte outils avec accessoires,mapa,cmp2006,appeloffre,initial,METROPOLE ROUEN NORMANDIE,76176,ROUEN,,['Prestations de services'],[274],non,non
151,20-98717,2020-08-04,2020-09-06,['76'],Travaux de revêtements muraux et sols dans les bâtiments de l'IDEFHI,fns,cmp2006,attribution,initial,IDEFHI,76380,Canteleu,"[('2020-07-29', 'ABBEI', (40922.7, 'EUR'), None), ('2020-07-30', 'DH peinture', (25538.75, 'EUR'), None), ('2020-07-29', 'ABBEI', (14740.84, 'EUR'), None)]","['Revêtements de sols', 'Revêtements muraux']","[308, 309]",non,non
152,20-98705,2020-08-04,2020-09-05,['76'],Travaux de Réaménagement de locaux dans un foyer d'hébergement de l'iDEFHI à Sotteville les rouen,mapa,cmp2006,attribution,initial,IDEFHI,76380,Canteleu,,"[""Tous corps d'état""]",[345],non,non
153,20-98638,2020-08-04,2020-11-01,['76'],"Entretien de bacs à graissesCurage de réseaux et de regards d'assainissement, d'eau pluvialeNettoyage de séparateurs d'hydrocarbures de fosses septiques",mapa,cmp2006,attribution,initial,Ville d'Elbeuf sur Seine,76503,ELBEUF SUR SEINE,,"['Assainissement', 'Curage', 'Réseaux divers']","[18, 78, 306]",non,non
154,20-98683,2020-08-04,2020-11-01,['77'],Marché de travaux d'aménagement de la phase 1 de la ZAC des Collinettes à VERNOU-LA CELLE SUR SEINE (77),fns,cmp2006,attribution,initial,Aménagement 77,77004,Melun Cedex,,['Travaux de viabilité'],[353],non,non
155,20-98865,2020-08-04,2020-08-13,['77'],Mission de maîtrise d'oeuvre : réfection de la toiture de la salle Jacques Brel,mapa,cmp2006,appeloffre,rectificatif,COMMUNE CHAMPS SUR MARNE,77427,Marne-la-Vallée,,['Prestations de services'],[274],non,non
156,20-98771,2020-08-04,2020-10-05,['77'],"Concession de service N°1910 pour la mise à disposition, l'installation, la maintenance, l'entretien et l'exploitation commerciale de mobiliers urbains publicitaires ou non publicitaire",dsp,autre,attribution,initial,Ville de Nemours,77797,Nemours cedex,"[('2020-08-03', 'Société V.Y.P', (1083600, 'EUR'), ""Concession de service N°1910 relative à la mise à disposition, l'installation, la maintenance, l'entretien et l'exploitation commerciale de mobilier urbain publicitaire et non publicitaire."")]",['Mobilier urbain'],[231],non,non
157,20-98551,2020-08-04,2020-09-11,['77'],Accord-cadre N°2010 - Travaux neufs d'éclairage public dans diverses rues de la commune de Nemours.,fns,cmp2006,appeloffre,initial,Ville de Nemours,77797,NEMOURS Cedex,,['Eclairage public'],[102],non,non
158,20-98504,2020-08-04,2020-10-03,['78'],"Fourniture d'un coffre-fort électronique avec prestations associées (hébergement, paramétrage, formation, assistance et maintenance, déploiement d'outils statistiques, ...)",fns,cmp2006,attribution,initial,CTRE INTERDEPARTEMENTAL GEST GDE COURO,78008,Versailles,,['Informatique (prestations de services)'],[163],non,non
159,20-98800,2020-08-04,2020-09-14,['78'],Formation 'mieux se connaitre pour mieux manager',fns,cmp2006,appeloffre,initial,Conseil départemental des Yvelines,78012,VERSAILLES,,['Formation'],[410],non,non
160,20-98736,2020-08-04,2020-09-18,"['78', '76', '27', '92']","Accord-cadre à bons de commande pour la réalisation de travaux de mise en conformité et de remise en état ponctuel des logements et commerces de l'EPFIF et des logements, commerces et bureaux de",fns,cmp2006,appeloffre,initial,EPAMSA,78200,Mantes la jolie,,['Bâtiment'],[33],non,non
161,20-98974,2020-08-04,2020-09-15,['78'],ENTRETIEN DE LA VOIRIE COMMUNALE ET PRESTATIONS ASSOCIEES,fns,cmp2006,appeloffre,initial,Ville de Plaisir,78370,PLAISIR,,"['Signalisation', 'Voirie']","[322, 365]",non,non
162,20-99034,2020-08-04,2020-09-21,['78'],Travaux de transformation du logement de l'école Henri WALLON en dortoir scolaire,mapa,cmp2006,appeloffre,initial,Ville de Plaisir,78375,PLAISIR Cedex,,"['Chauffage (travaux)', 'Electricité (travaux)', 'Peinture (travaux)', 'Plomberie (travaux)']","[61, 105, 264, 270]",non,non
163,20-98579,2020-08-04,2020-09-03,['85'],Fontenay le comte - CMFP - Quartier Du Chaffault AD'AP Bâtiment 02 - 011 - 043 et atelier carrosserie,mapa,cmp2006,appeloffre,initial,MINDEF/SGA/DCSID/ESID Bordeaux,79404,Saint maixent l ecole cedex,,['Revêtements muraux'],[309],non,non
164,20-98962,2020-08-04,2020-09-04,['80'],RD 44 - Renforcement de chaussée de la section comprise entre le giratoire RD 1029 et le carrefour de la RD 937 du P.R. 3+503 au P.R. 10+959.,fns,cmp2006,attribution,initial,Conseil Départemental de la Somme,80026,Amiens,"[('2020-07-10', 'EIFFAGE ROUTE NORD EST', (1099277.0, 'EUR'), None)]",['Travaux de viabilité'],[353],non,oui
165,20-99018,2020-08-04,2020-09-07,['80'],"Numérisation, indexation et complétude (filiations mentions) d'actes d'état civil de la ville d'Abbeville",mapa,cmp2006,appeloffre,initial,Ville d'ABBEVILLE,80101,ABBEVILLE Cedex,,"['Prestations de services', 'Numérisation']","[274, 463]",non,non
166,20-98680,2020-08-04,2020-08-31,['81'],Numéro de la consultation : 20MAPPING CRÉATION ET RÉALISATION DE MAPPING,fns,cmp2006,appeloffre,initial,COMMUNE DE CASTRES,81115,Castres,,['Audiovisuel'],[22],non,non
167,20-82047,2020-08-04,2020-09-04,['82'],assistance au recrutement de personnels pour le site de montauban du gie imsa,fns,cmp2006,appeloffre,initial,IMSA,82000,Montauban,,['Prestations de services'],[274],non,non
168,20-99024,2020-08-04,2020-09-24,['82'],ACHAT D'UN CAMION BIBENNE,mapa,cmp2006,appeloffre,initial,Communauté Communes SQLafrançaise,82130,LAFRANCAISE,,['Véhicules (acquisition)'],[475],non,non
169,20-98938,2020-08-04,2020-09-08,"['65', '82']",Marchés de travaux relatifs à la modernisation de la station de pompage d'Auvillar et du surpresseur de Ritouret de l'ASA des Terres de Lance,fns,cmp2006,appeloffre,initial,Cie Aménagement Côteaux de Gascogne,82340,AUVILLAR,,"['Electricité (travaux)', 'Génie civil', 'Station de pompage']","[105, 141, 326]",non,non
170,20-98620,2020-08-04,2020-09-10,['83'],20PM06 - Travaux d'aménagement d'équipements sportifs de plein air sur le parc de La Navale sur le territoire de La Seyne-sur-Mer - Relance suite à déclaration sans suite,fns,cmp2006,appeloffre,initial,Métropole Toulon Provence Méditerranée,83041,TOULON,,['Equipement sportif'],[113],non,non
171,20-98580,2020-08-04,2020-09-30,"['13', '83']","Marchés de travaux pour la rénovation des cuisines, des salles-de-bains et des façades du bâtiment I à la cité des Douanes La Joliette à Marseille",fns,cmp2006,appeloffre,initial,Var Aménagement Développement,83056,Toulon cedex,,"['Carrelage', 'Cloison, faux plafond', 'Electricité (travaux)', 'Maçonnerie', 'Peinture (travaux)', 'Plomberie (travaux)', 'Ravalement', 'Revêtements de sols', 'Serrurerie', ""Tous corps d'état"", 'Ventilation']","[53, 63, 105, 195, 264, 270, 299, 308, 321, 345, 360]",non,non
172,20-98613,2020-08-04,2020-09-18,"['6', '83']",Marchés de travaux LOTS 3 et 5 pour l'aménagement de 4 logements dans deux T5 existants et de rénovation de 4 salles-de-bains à la cité des douanes à Menton.,fns,cmp2006,appeloffre,initial,Var Aménagement Développement,83056,Toulon cedex,,"['Chauffage (travaux)', 'Gros oeuvre', 'Plomberie (travaux)', 'Sanitaire', ""Tous corps d'état"", 'Ventilation']","[61, 144, 270, 319, 345, 360]",non,non
173,20-98853,2020-08-04,2020-09-14,['83'],Entretien des locaux et le nettoyage des vitres des bâtiments de la commune,fns,cmp2006,appeloffre,initial,Ville de Bormes les Mimosas,83230,Bormes Les Mimosas,,['Nettoyage de locaux'],[239],non,non
174,20-98626,2020-08-04,2020-08-15,['83'],Remplacement des automates GTB,fns,cmp2006,attribution,initial,ASSISTANCE PUBLIQUE HOPITAUX DE PARIS,83400,Hyères,"[('2020-07-20', 'SECCA', (499335, 'EUR'), None)]","['Automatisation', 'Electricité (travaux)', 'Automate']","[14, 105, 402]",non,non
175,20-98243,2020-08-04,2020-09-04,"['83', '75']",fourniture et livraison de petites fournitures informatiques,mapa,cmp2006,appeloffre,initial,Ville de La Seyne sur Mer,83500,la seyne sur mer,,"['Consommables informatiques', 'Informatique (matériel)']","[68, 162]",non,non
176,20-98845,2020-08-04,2020-10-03,['84'],La présente consultation concerne la réalisation d une mission de Commissariat aux comptes pour la CCI de Vaucluse.,fns,cmp2006,appeloffre,initial,CCI de Vaucluse,84000,Avignon,,['Expertise comptable'],[446],non,non
177,20-98602,2020-08-04,2020-09-15,"['84', '13', '30']",Maintenance préventive et corrective des installations de sécurité incendie de type 1 de la Ville d'Avignon - 2021-2023,fns,cmp2006,appeloffre,initial,Ville d'Avignon,84045,Avignon cedex 9,,"['Alarme', 'Maintenance']","[5, 196]",non,oui
178,20-98706,2020-08-04,2020-09-30,['84'],"AVIS ATTRIBUTION:mission d'ordonnancement, de pilotage et de coordination (OPC) des études (APS, APD, PRO-DCE et ACT) pour le centre hospitalier de Carpentras (84).",mapa,cmp2006,attribution,initial,CENTRE HOSPITALIER DE CARPENTRAS,84208,CARPENTRAS Cedex,,['Prestations de services'],[274],non,non
179,20-98777,2020-08-04,2020-09-30,['84'],Réalisation d'une mission de géo-détection des réseaux dans le cadre de l'opération de restructuration et extension du service des Urgences du centre hospitalier de Carpentras.,mapa,cmp2006,appeloffre,initial,CENTRE HOSPITALIER DE CARPENTRAS,84208,CARPENTRAS Cedex,,['Etude'],[118],non,non
180,20-99040,2020-08-04,2020-08-24,['84'],Marché de travaux de reconstruction manuelle de murs berges en pierres fondés sur boutisses,mapa,cmp2006,appeloffre,initial,Syndicat Mixte du Bassin des Sorgues,84320,ENTRAIGUES SUR LA SORGUE,,"['Berge', 'Mur de soutènement', 'Rivières/ruisseaux']","[35, 233, 310]",non,non
181,20-98955,2020-08-04,2020-09-01,['84'],Mise à disposition d'une plateforme d'actualités et d'archives de presse et médias pour la réalisation de recherche et veille documentaires et l'élaboration de panoramas et dossier,mapa,cmp2006,appeloffre,rectificatif,Département de Vaucluse,84909,Avignon cedex 9,,['Prestations de services'],[274],non,non
182,20-98820,2020-08-04,2020-08-31,['84'],RD 8 - Commune de CAIRANNERéalisation d'un carrefour giratoire au droit de l'intersection RD8 / ZA la Béraude PR 18 +410 m,fns,cmp2006,appeloffre,initial,Département de Vaucluse,84909,Avignon Cedex 9,,"['Canalisations', 'Matériaux routiers', 'Terrassement', 'Voirie', 'Voirie et réseaux divers']","[48, 199, 341, 365, 366]",non,non
183,20-98643,2020-08-04,2020-11-01,['84'],"Travaux de sécurisation sur les ouvrages d'eaux usées, d'eaux pluviales et d'eau potable du Grand Avignon",fns,cmp2006,attribution,initial,GRAND AVIGNON,84911,AVIGNON,[],"['Alimentation en eau potable', 'Assainissement', 'Matériel de sécurité', 'Réseaux divers', ""Station d'épuration (travaux)""]","[6, 18, 209, 306, 328]",non,non
184,20-98823,2020-08-04,2020-09-11,['85'],ACQUISITION D'UNE NOUVELLE INFRASTRUCTURE RESEAU ET PRESTATIONS D'INSTALLATION ET DE MAINTENANCE ASSOCIEES.,mapa,cmp2006,appeloffre,initial,CC Sud Vendée Littoral,85400,LUÇON,,"['Informatique (matériel)', 'Informatique (prestations de services)', 'Informatique (maintenance serveurs et réseaux)']","[162, 163, 454]",non,non
185,20-98546,2020-08-04,2020-09-25,['86'],Réhabilitation de la station d'épuration de Vouneuil sur Vienne,fns,cmp2006,appeloffre,initial,Eaux de Vienne - Siveer,86000,Poitiers,,"['Assainissement', 'Lagunage', ""Station d'épuration (travaux)""]","[18, 182, 328]",non,non
186,20-98889,2020-08-04,2020-09-24,['86'],Réaménagement d'ateliers en salles de restauration et formation,fns,cmp2006,appeloffre,initial,Eaux de Vienne - Siveer,86000,Poitiers,,"['Alimentation en eau potable', 'Bâtiment', 'Chauffage (travaux)', 'Climatisation', 'Cloison, faux plafond', 'Démolition', 'Electricité (travaux)', 'Gros oeuvre', 'Menuiserie', 'Ouvrage hydraulique', 'Peinture (travaux)', 'Plomberie (travaux)', 'Réservoir', 'Revêtements de sols', 'Revêtements muraux', 'Sanitaire']","[6, 33, 61, 62, 63, 87, 105, 144, 222, 255, 264, 270, 307, 308, 309, 319]",non,non
187,20-98762,2020-08-04,2020-09-15,['87'],Délégation de Service Public (DSP) pour la Gestion du Multi-Accueil 'Câlins et Galipettes',fns,cmp2006,appeloffre,initial,Commune de Bonnac-la-Côte,87270,BONNAC-LA-CÔTE,,['Délégation de service public'],[406],non,non
188,20-99006,2020-08-04,2020-08-31,['88'],Travaux de réhabilitation des captages d'eau potable de La Courbe et du Nol-.,fns,cmp2006,appeloffre,initial,COMMUNE LA BRESSE,88250,LA BRESSE,,"[""Ouvrage d'infrastructure""]",[253],non,non
189,20-98565,2020-08-04,2020-09-14,['90'],Audit portant sur le fonctionnement du service Jeunesse de la Ville de Belfort,mapa,cmp2006,appeloffre,initial,Ville de Belfort,90020,BELFORT,,['Etude'],[118],non,non
190,20-98598,2020-08-04,2020-08-24,"['91', '77', '75']","Fourniture, livraison et installation d'appareils de musculation et cardiovasculaires pour la salle de musculation/cardio/fitness de Combs-la-Ville",fns,cmp2006,appeloffre,initial,CAGrand Paris Sud Seine Essonne Sénart,91054,Evry courcouronnes cedex,,['Equipements spécialisés'],[115],non,non
191,20-98911,2020-08-04,2020-09-08,['91'],travaux d'assainissement- réhabilitation cii secteur kennedy à savigny-sur-orge,fns,cmp2006,appeloffre,initial,Syndicat de l'Orge (SYORP),91172,Viry Chatillon cedex,,['Assainissement'],[18],non,non
192,20-98682,2020-08-04,2020-08-25,['91'],"Accord cadre à bons de commande - la pose, la dépose, la maintenance, les petites réparations, la numérotation et le stockage des matériels d'illumination sur le territoire de la ville de Morangi",fns,cmp2006,appeloffre,initial,GRAND ORLY SEINE BIEVRE,91420,Morangis,,['Eclairage public'],[102],non,oui
193,20-98916,2020-08-04,2020-09-19,"['92', '75']",Prestation portant sur une étude sur la rénovation thermique des logements du parc social,fns,cmp2006,appeloffre,initial,AGCE NATIONALE DE CONTROLE DU LOGT SOC,92055,La défense cedex,,"['Etude', 'Prestations de services', 'Sondage, enquête']","[118, 274, 471]",non,non
194,20-98591,2020-08-04,2020-10-04,['92'],La présente consultation a pour objet la fourniture et la livraison de pièces détachées pour les installations d'arrosage automatique de la Ville.,fns,cmp2006,appeloffre,initial,COMMUNE DE SURESNES,92151,Suresnes,,"['Alimentation en eau potable', 'Arrosage', 'Espaces verts']","[6, 13, 116]",non,non
195,20-98805,2020-08-04,2020-11-01,['93'],FOURNITURE DE MATERIEL DE MENUISERIE,fns,cmp2006,attribution,initial,COMMUNE DE BLANC MESNIL,93150,LE BLANC MESNIL,,['Bois'],[38],non,non
196,20-96548,2020-08-04,2020-09-14,['93'],accord-cadre à bons de commande pour la réalisation de travaux de neutralisation des logements et locaux désaffectes pour démolition sur le patrimoine de plaine commune habitat,fns,cmp2006,appeloffre,initial,OPH Plaine Commune Habitat,93200,Saint-Denis,,['Démolition'],[87],non,non
197,20-98585,2020-08-04,2020-11-17,['93'],"accord-cadre pour des prestations de sécurisation, de télésurveillance et de maintenance des systèmes anti intrusion des sites administratifs et des immeubles de bureaux.",fns,cmp2006,attribution,initial,OPH Plaine Commune Habitat,93200,Saint-Denis,[],"['Maintenance', 'Matériel de sécurité', 'Télésurveillance']","[196, 209, 415]",non,non
198,20-94811,2020-08-04,2020-09-11,['93'],accord-cadre de services d'insertion par l'activité économique.,fns,cmp2006,appeloffre,initial,OPH Plaine Commune Habitat,93200,Saint-Denis,,['Nettoyage de locaux'],[239],oui,oui
199,20-98810,2020-08-04,2020-11-01,['93'],"Location, l'installation et l'exploitation d'une patinoire mobile",fns,cmp2006,attribution,initial,COMMUNE DE GAGNY,93220,Gagny,"[('2020-08-04', 'SYNERGLACE', (82481.95, 'EUR'), None)]",['Equipement sportif'],[113],non,non
200,20-98809,2020-08-04,2020-11-01,['93'],Organisation de séjours de vacances hiver et été 2021 pour la Commune de Gagny,fns,cmp2006,attribution,initial,COMMUNE DE GAGNY,93220,Gagny,"[('2020-08-04', 'VELS', (110000, 'EUR'), None), ('2020-08-04', 'VELS', (90000, 'EUR'), None)]",['Prestations de services'],[274],non,non
201,20-98617,2020-08-04,2020-09-11,['93'],réhabilitation des allées maurice et des brûlis,fns,cmp2006,appeloffre,initial,MAIRIE DU RAINCY,93346,Le Raincy Cedex,,['Voirie'],[365],non,non
202,20-98978,2020-08-04,2020-10-04,['95'],La présente consultation a pour objet les travaux de réfection de 4 cages d'escalier dans le partie externat du collège Jean Vilar à Herblay.,mapa,cmp2006,attribution,initial,Conseil général du Val d'Oise,95032,Cergy pontoise cedex,,"[""Tous corps d'état""]",[345],non,oui
203,20-98912,2020-08-04,2020-10-04,['95'],Lot 31 - Remplacement du sol amianté en R+1 dernière phase au collège le Petit Bois à Pierrelaye. 2 lots,fns,cmp2006,attribution,initial,Conseil général du Val d'Oise,95032,Cergy pontoise cedex,"[('2020-07-20', 'KLC DESAMIANTAGE', (37152, 'EUR'), None), ('2020-07-20', 'OMNI DECORS', (33415, 'EUR'), None)]","['Amiante', 'Peinture (travaux)', 'Revêtements de sols']","[24, 264, 308]",non,oui
204,20-98666,2020-08-04,2020-09-16,['95'],RD 78 - Requalification de l'avenue de la Division Leclerc - sections 2 et 3 - commune de Beaumont-sur-Oise,fns,cmp2006,appeloffre,rectificatif,Conseil général du Val d'Oise,95032,Cergy pontoise cedex,,['Voirie'],[365],non,non
205,20-98892,2020-08-04,2020-09-14,['95'],FOURNITURE MATERIELS INFORMATIQUES,fns,cmp2006,appeloffre,initial,Ville de Sannois,95111,SANNOIS CEDEX,,['Informatique (matériel)'],[162],non,non
206,20-98607,2020-08-04,2020-09-15,['95'],ACQUISITION DE VEHICULES NEUFS,fns,cmp2006,appeloffre,initial,Ville de Sannois,95111,SANNOIS CEDEX,,['Véhicules (acquisition)'],[475],non,non
207,20-98993,2020-08-04,2020-09-26,"['95', '60']",Travaux d'aménagement et de mise en accessibilité du château de la Motte à Luzarches (95),fns,cmp2006,appeloffre,initial,CC CARNELLE PAYS DE FRANCE,95270,Luzarches,,"['Electricité (travaux)', 'Voirie et réseaux divers']","[105, 366]",non,non
208,20-98628,2020-08-04,2020-09-25,"['95', '93']",Dissimulation de réseaux rue Girard Boisseau à Puiseux-en-France,fns,cmp2006,appeloffre,initial,COMMUNE DE PUISEUX EN FRANCE,95380,PUISEUX-EN-FRANCE,,['Réseaux divers'],[306],non,non
209,20-99041,2020-08-04,2020-08-14,['971'],Travaux de grosses réparations dans les bâtiments communauxlot 1 :Charpente bois - Couverture - Isolation thermique - étanchéitélot 2 :Menuiserie metallique/aluminium - serrurerie,fns,cmp2006,appeloffre,initial,Ville de Capesterre Belle-Eau,97130,Capesterre Belle-Eau,,"['Bâtiment', 'Couverture']","[33, 74]",non,non
210,20-98885,2020-08-04,2020-08-24,['971'],Achat de fournitures d?Équipement de Protection Individuelles et de vêtements de travail à destination des stagiaires et des salariés de l'EPA Guadeloupe Formation,fns,cmp2006,appeloffre,rectificatif,EPA GUADELOUPE FORMATION,97170,Petit-bourg,,['Habillement'],[150],non,non
211,20-99008,2020-08-04,2020-09-10,['972'],Travaux de peinture anticorrosion,fns,cmp2006,appeloffre,initial,GRAND PORT MARITIME DE LA MARTINIQUE,97200,FORT DE FRANCE,,"['Electricité (travaux)', 'Métallerie', 'Peinture (travaux)', 'Serrurerie']","[105, 223, 264, 321]",non,oui
212,20-98920,2020-08-04,2020-09-04,['972'],Sûreté,fns,cmp2006,appeloffre,initial,GRAND PORT MARITIME DE LA MARTINIQUE,97200,FORT DE FRANCE,,"[""Contrôle d'accès"", 'Surveillance']","[81, 331]",non,non
213,20-98804,2020-08-04,2020-09-04,['973'],réalisation des travaux de résidentialisation du quartier 169 deux lacs à kourou,fns,cmp2006,appeloffre,initial,Société Immobilière de Kourou (SIMKO),97388,Kourou cedex,,"['Espaces verts', 'Mobilier urbain']","[116, 231]",oui,non
214,20-98769,2020-08-04,2020-09-03,['974'],Accord-cadre mono-attributaire cncernant des travaux de confinement et de retrait de matériaux amiantés et intervention susceptibles de provoquer l'émission de fibres d'amiante,fns,cmp2006,attribution,initial,AEROPORT DE LA REUNION ROLAND GARROS,97438,Sainte-Marie,,"['Amiante', 'Amiante (diagnostic)', 'Amiante (désamiantage)']","[24, 431, 479]",non,non
215,20-98653,2020-08-04,2020-09-03,['976'],Maîtrise d'oeuvre de travaux d'extension des réseaux de distribution d'eau potable,fns,cmp2006,attribution,initial,SIEAM,97600,Mamoudzou,,"['Abonnement', 'Alimentation en eau potable']","[2, 6]",non,non
216,20-98575,2020-08-04,2020-09-03,['976'],Travaux de réalisation des forages et des essais pompages sur l'ensemble du territoire de Mayotte,fns,cmp2006,attribution,initial,SIEAM,97600,Mamoudzou,[],['Alimentation en eau potable'],[6],non,non
217,20-98548,2020-08-04,2020-09-05,['988'],Marché d'entretien des espaces verts de la représentation de l'IRD en Nouvelle-Calédonie.,fns,cmp2006,appeloffre,initial,IRD,98848,Nouméa,,['Prestations de services'],[274],non,non
