a00_cle_idweb,g04_01_date_publication,g04_03_date_fin_diffusion,g04_07_dep_publication,g04_09_resume_objet,g01_02_01_famille,g01_02_02_perimetre,g01_02_03_nature,g01_02_04_statut,d01_01_denomination,d01_07_cp,d01_08_ville,d08_09_decision_titulaireandRENSEIGNEMENT,g04_052_descripteurs_libelles,g04_051_descripteurs_codes,g04_061_criteres_sociaux,g04_062_criteres_environnementaux
20-70015,2020-05-31,2020-07-10,['1'],Fourniture et livraison de conteneurs aériens métalliques de collecte sélective des déchets ménagers pour les besoins du Sidefage,joue,directive24,appeloffre,initial,SYND MIXTE GEST DECHET FAUCIGNY GENEVO,01200,Bellegarde Sur Valserine,,"['Conteneur, poubelles']",[71],non,non
20-69331,2020-05-31,2020-07-06,"['1', '38', '73']",Schéma directeur communautaire d'eau potable et d'assainissement collectif sur le territoire de la Communauté de communes Bugey Sud,joue,directive24,appeloffre,initial,Communauté de communes Bugey Sud,01300,Belley,,"['Alimentation en eau potable', 'Assainissement', 'Etude']","[6, 18, 118]",non,non
20-70218,2020-05-31,2020-06-27,['5'],FOURNITURE DE PRODUITS ALIMENTAIRES' EPICERIE - CONSERVES 'GROUPEMENT DE COMMANDESDES ETABLISSEMENTS DE SANTE ET MEDICO-SOCIAUX 04 / 05,joue,autre,rectificatif,rectificatif,Centre Hospitalier des Escartons,05105,Briançon cedex,,['Denrées alimentaires'],[88],non,non
20-70029,2020-05-31,2020-06-29,['6'],CHU de NICE - ARCHET 2- RELOCALISATION DU SERVICE DE GENETIQUE - MAITRISE D'OEUVRE,joue,directive24,attribution,initial,C.H.U. de Nice,06003,Nice cedex 1,,['Prestations de services'],[274],non,non
20-69769,2020-05-31,2020-07-25,['6'],Travaux de remplacement de portes palières sur le patrimoine de Côte d'Azur Habitat,joue,directive24,appeloffre,initial,Côte d'Azur Habitat,06200,Nice,,['Menuiserie'],[222],non,non
20-70041,2020-05-31,2020-06-05,['6'],fourniture de trophées et de médailles pour les besoins des services départementaux (rectificatif),joue,autre,rectificatif,rectificatif,Département des Alpes-Maritimes,06201,Nice Cedex 3,,['Produits travail des métaux'],[281],non,non
20-39795,2020-05-31,2020-07-01,['6'],mise en oeuvre des mesures d'abattage de platanes contaminés par le chancre coloré - parc naturel départemental des rives du loup,joue,directive24,appeloffre,initial,Département des Alpes-Maritimes,06201,Nice cedex 3,,['Travaux forestiers'],[350],non,non
20-70198,2020-05-31,2020-06-24,['6'],ACTIVITES ENFANCE ET JEUNESSE,joue,directive25,appeloffre,initial,SIVOM de Villefranche sur Mer,06230,Villefranche sur Mer,,"['Prestations de services', 'Aire de jeux', ""Aire d'accueil""]","[274, 400, 430]",non,non
20-70199,2020-05-31,2020-06-29,['6'],"PIECES DETACHEES NEUVES TOUTES MARQUES, ACCESSOIRES ET EQUIPEMENTS STANDARDS, MAINTENANCE, REPARATION, DEPANNAGE ET REMORQUAGE DE L'ENSEMBLE DU PARC ROULANT VILLE DE MOUGINS CARS COMPRIS",joue,directive24,appeloffre,initial,Mairie de Mougins,06250,MOUGINS,,"['Mécanique', 'Prestations de services']","[221, 274]",non,non
20-69997,2020-05-31,2020-07-08,"['6', '83', '13', '75']","ENLEVEMENT, TRANSPORT ET VIDAGE DE COMPACTEURS A DECHETS AERIENS",joue,directive24,appeloffre,initial,C.A.P.L.,06414,Cannes Cedex,,"['Collecte sélective', 'Equipements spécialisés', 'Nettoyage urbain', 'Transport']","[82, 115, 240, 347]",non,non
20-69770,2020-05-31,2020-06-27,['6'],Accord Cadre pour la fourniture de services de communications électroniques,joue,directive24,appeloffre,initial,Ville de Saint-Laurent-du-Var,06706,Saint Laurent du Var,,['Télécommunications'],[338],non,non
20-70256,2020-05-31,2020-07-01,"['7', '26']",ACQUISITION DE PASS NUMERIQUES ET PRESTATIONS ASSOCIEES,joue,directive24,appeloffre,initial,Syndicat Mixte NUMERIAN,07250,Le pouzin,,['Chèque cadeau'],[436],non,non
20-69884,2020-05-31,2020-06-30,['8'],"Exploitation du service eau potable, secteur "" vouziers historique """,joue,directive24,appeloffre,initial,Commune de Vouziers,08400,Vouziers,,['Alimentation en eau potable'],[6],non,non
20-69751,2020-05-31,2020-07-29,['11'],FOURNITURE DE DENREES ALIMENTAIRES POUR LA PETITE ENFANCE,joue,directive24,attribution,initial,COMMUNE DE NARBONNE,11108,NARBONNE CEDEX,"[('2020-04-02', 'SAS MALLEUS', (17569.5, 'EUR'), 'Fruits et légumes'), ('2020-04-02', 'SAS Transgourmet Midi Pyrénées', (33756.99, 'EUR'), 'Produits laitiers et dérivés'), ('2020-04-28', 'Biocoop Restauration', (735.0, 'EUR'), ""Lait issu de l'agriculture biologique""), ('2020-04-02', 'SAS Transgourmet Midi Pyrénées', (4764.1, 'EUR'), 'Surgelés')]",['Denrées alimentaires'],[88],non,non
20-69994,2020-05-31,2020-06-29,['11'],"Acquisition de véhicules, d'engins de chantier pour l'année 2020",joue,directive24,appeloffre,initial,COMMUNE DE CASTELNAUDARY,11491,CASTELNAUDARY,,['Véhicules (acquisition)'],[475],non,non
20-69852,2020-05-31,2020-07-07,['11'],Paiement de prestations sociales sous forme de Chèque Emploi Service Universel - CESU,joue,directive24,appeloffre,initial,Département de l'Aude,11855,CARCASSONNE Cedex 9,,"['Edition', 'Informatique (prestations de services)', 'Télégestion']","[104, 163, 352]",non,oui
20-69910,2020-05-31,2020-06-30,"['13', '83', '84']",SERVICES D'APPROVISIONNEMENT EN COMBUSTIBLES - MAINTENANCE DES INSTALLATIONS DE PRODUCTION ET DES SOUS-STATIONS - GROS ENTRETIEN ET RENOUVELLEMENT DU RESEAU DE CHALEUR SUR LA COMMUNE D'AUBAG,joue,directive24,appeloffre,initial,METROPOLE D AIX MARSEILLE PROVENCE,13007,Marseille,,"['Chauffage (exploitation, entretien)', 'Prestations de services']","[59, 274]",non,oui
20-69728,2020-05-31,2020-06-11,"['13', '83', '84']",Services de transports scolaires pour la desserte d'établissements du territoire Marseille Provence,joue,autre,rectificatif,rectificatif,METROPOLE D AIX MARSEILLE PROVENCE,13007,Marseille,,['Transport'],[347],non,non
20-70221,2020-05-31,2020-06-10,['13'],Prestations de réparation et d'entretien des châssis d'engins techniques de marque RENAULT TRUCKS,joue,autre,rectificatif,rectificatif,METROPOLE D AIX MARSEILLE PROVENCE,13007,Marseille,,['Machines-outils'],[194],non,non
20-70101,2020-05-31,2020-06-30,"['13', '83', '84']",TRAVAUX D'AMÉNAGEMENT D'INFRASTRUCTURES SUR LE TERRITOIRE DU PAYS D'AIX (4 lots),joue,directive24,appeloffre,initial,METROPOLE D AIX MARSEILLE PROVENCE,13007,Marseille,,"['Eclairage public', 'Espaces verts', 'Voirie et réseaux divers']","[102, 116, 366]",non,non
20-61414,2020-05-31,2020-07-16,['13'],Fourniture de pièces détachées pour les tamiseuses de plage de marque Beach Tech et leurs équipements,joue,directive24,appeloffre,initial,METROPOLE D AIX MARSEILLE PROVENCE,13007,Marseille,,['Pièces détachées'],[266],non,non
20-70154,2020-05-31,2020-07-15,['13'],Accord-Cadre A Bons De Commande D'Assistance A Maitrise Douvrage / Maitrise D'oeuvre Ingenierie Pour La Ville D'Aix En Provence Du Batiment,joue,directive24,appeloffre,initial,COMMUNE D AIX EN PROVENCE,13100,Aix-en-Provence,,"['Bâtiment', ""Maîtrise d'oeuvre"", 'Ingénierie']","[33, 197, 455]",non,non
20-70273,2020-05-31,2020-07-15,['13'],Evaluation Structurelle Et Des Pathologies Des Batiments Du Gpmm,joue,directive24,appeloffre,initial,GRAND PORT MARITIME DE MARSEILLE,13226,Marseille,,['Etude'],[118],non,non
20-70271,2020-05-31,2020-06-24,['13'],Travaux Neuf De Génie Civil - Voirie - Réseaux Divers Du Grand Port Maritime De Marseille - 2020/ 2024,joue,autre,rectificatif,rectificatif,GRAND PORT MARITIME DE MARSEILLE,13226,Marseille,,"['Génie civil', 'Voirie et réseaux divers']","[141, 366]",non,non
20-69153,2020-05-31,2020-07-10,['13'],"mission de contrôle technique pour la réalisation de l'école jolie manon, rue loubon impasse jolie manon,13003 marseille.",joue,directive24,appeloffre,initial,Ville de Marseille,13233,Marseille Cedex 20,,"['Contrôle technique', 'Prestations de services']","[72, 274]",non,non
20-69608,2020-05-31,2020-09-21,['13'],travaux de réhabilitation des façades du bâtiment 5 sur le campus saint-charles (rectificatif),joue,autre,rectificatif,rectificatif,Université d'Aix-Marseille,13284,Marseille cedex 7,,"['Bardage', 'Chauffage (travaux)', 'Climatisation', 'Cloison, faux plafond', 'Electricité (travaux)', 'Etanchéité', 'Maçonnerie', 'Menuiserie', 'Peinture (travaux)', 'Plomberie (travaux)', 'Serrurerie', 'Ventilation', 'Amiante (désamiantage)']","[30, 61, 62, 63, 105, 117, 195, 222, 264, 270, 321, 360, 479]",non,non
20-69739,2020-05-31,2020-06-30,['13'],Mission d'Assistance à Maîtrise d'Ouvrage pour la mise en oeuvre du volet immobilier du projet de Modernisation de l'Assistance Publique Hôpitaux de Marseille,joue,directive24,appeloffre,initial,APHM,13292,Marseille,,"[""Assistance à maîtrise d'ouvrage""]",[433],non,non
20-70045,2020-05-31,2020-07-27,"['13', '5', '6', '4', '83', '84']",MARCHE RELATIF AUX ÉLECTIONS POLITIQUES EN PACA,joue,directive24,appeloffre,initial,PREFET REGION PROVENCE ALPES COTE AZUR,13382,Marseille cedex 06,,"['Conditionnement', 'Prestations de services']","[67, 274]",non,non
20-69723,2020-05-31,2020-06-30,"['13', '83', '84', '30', '34', '26']","Acquisition de véhicules électriques neufs, véhicules légers et utilitaires",joue,directive24,appeloffre,initial,Ville de Salon de Provence,13663,Salon de provence,,['Véhicules'],[359],non,non
20-69780,2020-05-31,2020-07-10,"['14', '27', '50', '61', '76']",PRÉLÈVEMENTS ET ANALYSES DU CONTROLE SANITAIRE DES EAUX POUR LA REGION NORMANDIE,joue,directive24,appeloffre,initial,ARS de Basse Normandie,14000,Caen,,"['Analyses médicales, biologiques', 'Prestations de services']","[8, 274]",non,non
20-69759,2020-05-31,2020-06-29,"['14', '27', '35', '50', '61', '76']","Fabrication de caisses, emballage/déballage et transport d'oeuvres d'art pour l'exposition ""Les Villes ardentes. Art, travail, révolte, 1870-1914""",joue,directive24,attribution,initial,Ville de Caen,14027,CAEN,"[('2020-02-05', 'AXAL-ARTRANS SAS', (122015.6, 'EUR'), 'Fabrication de caisses, emballage/déballage et transport d\'oeuvres d\'art pour l\'exposition ""Les Villes Ardentes, Art, travail, révolte, 1870-1914""')]",['Transport'],[347],non,non
20-69974,2020-05-31,2020-06-29,['14'],2019ABA278 - RD 572 - Aménagement de bandes multifonctions,joue,directive24,appeloffre,initial,DEPARTEMENT DU CALVADOS,14035,CAEN CEDEX,,['Voirie'],[365],oui,non
20-70033,2020-05-31,2020-06-30,['14'],"Achat de matériaux, de matières d'oeuvre, d'outillages et équipements spécialisés de carrelage et de faience pour les aménagements, réparations et travaux réalisés par les agents techniques",joue,directive24,appeloffre,initial,Région Normandie,14035,CAEN,,['Carrelage'],[53],non,non
20-70215,2020-05-31,2020-07-06,"['14', '50', '61', '27', '76']",Concours restreint maîtrise d'oeuvre ESQ+ - Construction Institut Formation Soins Infirmiers (IFSI) et Aide-Soignant (IFAS) à Cherbourg-en-Cotentin - Relance suite déclaration sans suite,joue,directive24,appeloffre,initial,Région Normandie,14035,CAEN,,"[""Maîtrise d'oeuvre"", 'Ingénierie']","[197, 455]",non,non
20-70118,2020-05-31,2020-06-28,['14'],MATERIEL ROULANT - BRAS ELEVATEUR AERIEN AUTOMOBILE - BEAA 24,joue,directive24,attribution,initial,SCE DEPARTEMENTAL INCENDIE ET SECOURS,14077,Caen,"[('2020-05-28', 'BRONTO SKYLIFT AG', (440000, 'EUR'), 'MATÉRIEL ROULANT - BRAS ÉLÉVATEUR AÉRIEN AUTOMOBILE - BEAA 24')]","['Equipements spécialisés', 'Matériaux routiers', ""Matériel de secours et d'incendie"", 'Véhicules']","[115, 199, 217, 359]",non,non
20-69811,2020-05-31,2020-08-26,['17'],Nettoyage Et Entretien Des Parkings Publics En Ouvrage,joue,directive24,attribution,initial,VILLE LA ROCHELLE,17086,La Rochelle,"[('2020-05-29', 'Samsic Ii', (600000, 'EUR'), None)]",['Nettoyage urbain'],[240],non,non
20-69968,2020-05-31,2020-08-08,['19'],Fourniture de fioul domestique et de carburant véhicules pour le SDIS de la Corrèze,joue,directive24,appeloffre,initial,SDIS 19,19003,Tulle cedex,,"['Carburant, hydrocarbure', 'Combustible']","[52, 438]",non,non
20-70169,2020-05-31,2020-08-26,"['20A', '20B']",Aménagement de la traversée de Caldaniccia Rd 72 - Commune de Sarrola-Carcopino,joue,directive24,attribution,initial,COLLECTIVITE DE CORSE,20187,Ajaccio,"[('2020-05-25', 'Entreprise Natali', (2219061.04, 'EUR'), 'V.R.D'), ('2020-04-23', 'Smte', (801615.9, 'EUR'), 'Enrobe'), ('2020-04-23', 'Engie Ineo Capa Corse', (151994.91, 'EUR'), 'Eclairage'), ('2020-04-23', 'Codivep', (36465.3, 'EUR'), 'Signalisation')]",['Travaux de viabilité'],[353],oui,non
20-69469,2020-05-31,2020-06-21,['20A'],Location maintenance d'une centrale de production d'oxygène à 93% par concentrateurs de type PSA.,joue,directive24,attribution,initial,centre hospitalier ajaccio,20303,AJACCIO,,"['Equipements spécialisés', 'Maintenance', 'Matériel médical']","[115, 196, 212]",non,non
20-70135,2020-05-31,2020-07-07,['20A'],FOURNITURE DE CHAUSSANTS DE TYPE A ET C POUR LE SIS 2A,joue,autre,rectificatif,rectificatif,SDIS Corse du Sud,20700,Ajaccio cedex 9,,['Chaussures ou articles chaussants'],[79],non,non
20-70267,2020-05-31,2020-07-31,['21'],Acquisition de denrées alimentaires pour la confection des repas des restaurants scolaires des écoles élémentaires et maternelles de la Ville de Dijon,joue,directive24,appeloffre,initial,COMMUNE DE DIJON,21033,Dijon,,['Denrées alimentaires'],[88],non,non
20-69737,2020-05-31,2020-07-02,['21'],Acquisition de tablettes IPAD et matériels associés pour le Conseil Départemental et les collèges de la Côte-d'Or.,joue,directive24,appeloffre,initial,Conseil Départemental de Côte-d'Or,21035,Dijon cedex,,['Informatique (matériel)'],[162],non,non
20-69022,2020-05-31,2020-07-31,['22'],"entretien et réparation broyeur encombrants, grues et leurs centrales hydrauliques en poste fixe",joue,directive24,attribution,initial,SMITRED Ouest d'Armor,22140,Pluzunet,"[('2020-05-04', 'SID Société Industrielle de la Doux SA', (350228.0, 'EUR'), None)]","['Equipement hydraulique', 'Equipement industriel', 'Maintenance']","[111, 112, 196]",non,non
20-69943,2020-05-31,2020-07-03,['24'],Marché de transports scolaires pour une partie des élèves du Grand Périgueux,joue,directive24,appeloffre,initial,Le Grand Périgueux,24019,Périgueux,,"['Prestations de services', 'Transport']","[274, 347]",non,non
20-69946,2020-05-31,2020-07-02,['26'],Mission Legale De Commissariat Aux ComptesExercices 2020 à 2025 inclus,joue,directive24,appeloffre,initial,GPT HOSPITALIER PORTES DE PROVENCE,26216,Montelimar,,['Expertise comptable'],[446],oui,oui
20-70259,2020-05-31,2020-06-22,['27'],Extension et restructuration du collège J Vancayzeele à Thiberville,joue,autre,rectificatif,rectificatif,DEPARTEMENT DE L EURE,27021,Evreux cedex 01,,"[""Tous corps d'état""]",[345],oui,oui
20-69817,2020-05-31,2020-06-29,['27'],Prestations de conseils juridiques et de représentation en justice,joue,directive24,appeloffre,initial,Conseil Général de l'Eure,27021,Evreux cedex 01,,['Assistance juridique'],[434],oui,non
20-70204,2020-05-31,2020-08-20,['29'],Travaux de modernisation de la criée du Guilvinec,joue,directive24,attribution,initial,CCI METROPOLITAINE BRETAGNE OUEST,29238,Brest,"[('2020-05-15', 'SOFRADI', (1422610.89, 'EUR'), 'Lot 2 - Isolation frigorifique et menuiseries isothermiques')]","['Climatisation', 'Equipement industriel']","[62, 112]",non,non
20-69915,2020-05-31,2020-08-01,"['29', '56']",Accord-Cadre mono-attributaire à bons de commande de fourniture et de livraison de matériels sanitaires et plomberie au profit de l'ESID de Brest.,joue,directive24,attribution,initial,ESID de Brest,29240,Brest cedex 9,"[('2020-05-27', 'COMPTOIR METALLURGIQUE DE BRETAGNE', (235187, 'EUR'), ""AC mono-attributaire à bons de commandes de fourniture et livraison de matériels sanitaires et plomberie au profit de l'ESID de Brest"")]",['Chauffage (matériel)'],[60],non,oui
20-69887,2020-05-31,2020-09-07,['29'],"contrôle, maintenance, réparation et remplacement des équipements de fermeture ""portes industrielles et portails""",joue,directive24,appeloffre,initial,SDIS 29,29337,Quimper Cedex,,['Maintenance'],[196],non,non
20-70249,2020-05-31,2020-09-30,['29'],"Prestation de services de transports sanitaires héliportés relevant des missions SMUH des SAMU 22, 29 et 35",joue,directive24,appeloffre,initial,CH REG ET UNVT DE BREST,29609,Brest cedex,,['Transport'],[347],non,non
20-70172,2020-05-31,2020-07-03,['29'],Fourniture d'instruments chirurgicaux (blocs opératoires et services de soins) et réparations pour le Groupement de commandes de produits de santé du Finistère,joue,directive24,appeloffre,initial,CH REG ET UNVT DE BREST,29609,Brest cedex,,['Consommables médicaux'],[69],non,non
20-69858,2020-05-31,2020-06-29,"['30', '34']",PRESTATION DE VOYAGES POUR LES BESOINS DU DEPARTEMENT DU GARD,joue,directive24,appeloffre,initial,Conseil général du Gard,30044,Nîmes cedex 9,,['Voyage'],[367],non,non
20-65540,2020-05-31,2020-11-26,['31'],diagnostics et repérages des opérations de bâtiments,joue,directive24,attribution,initial,Conseil Départemental Haute-Garonne,31090,Toulouse,"[('2020-05-26', 'A.C. ENVIRONNEMENT', (1200000.0, 'EUR'), 'Diagnostics et repérages des opérations de bâtiments')]",['Amiante (diagnostic)'],[431],non,non
20-70062,2020-05-31,2020-07-03,['31'],Tierce Maintenance Applicative (TMA),joue,directive24,appeloffre,initial,GIP e-santé Occitanie,31400,Toulouse,,"['Informatique (prestations de services)', 'Maintenance']","[163, 196]",non,non
20-69969,2020-05-31,2020-06-29,"['11', '31', '34']","Concession de service public pour l'exploitation, la gestion et le développement du port de pêche et de plaisance de Port-La Nouvelle",joue,autre,rectificatif,rectificatif,REGION OCCITANIE,31406,Toulouse cedex 09,,['Prestations de services'],[274],non,non
20-69897,2020-05-31,2020-06-22,"['34', '31']",Création d'un poste HT/BT au lycée Joffre à Montpellier,joue,directive24,appeloffre,initial,REGION OCCITANIE,31406,TOULOUSE,,"['Electricité (travaux)', 'Matériel électrique']","[105, 203]",non,non
20-70288,2020-05-31,2020-06-25,['31'],20m0219pn - Missions De Maitrise D'Oeuvre Pour La Fiabilisation Et La Modernisation De L'Usine De Depollution Des Eaux Usees De Ginestous-Garonne - Sa/Nf,joue,directive25,appeloffre,initial,TOULOUSE METROPOLE,31505,Toulouse,,"['Assainissement', ""Station d'épuration (travaux)""]","[18, 328]",non,non
20-66474,2020-05-31,2020-06-30,"['33', '23', '64', '47', '24', '87', '86', '79', '19']",Fournitures d'effets vestimentaires au profit des gardiens civils des entités militaires rattachées à la pfc so (dotation initiale et renouvellement périodique),joue,directive24,attribution,initial,SCA/PFAF SO,33068,Bordeaux cedex,"[('2020-05-18', 'PAUL BOYE TECHNOLOGIES', (30711.67, 'EUR'), 'Pantalons style treillis et ceintures'), ('2020-05-18', 'PAUL BOYE TECHNOLOGIES', (28056.39, 'EUR'), 'Polos bleus manches courtes et manches longues.'), ('2020-05-18', 'AART ELECTRONICS', (32678.88, 'EUR'), 'Vêtements de pluie et parkas hiver'), ('2020-05-18', 'RIVOLIER PERE ET FS ARMURERIE', (41288, 'EUR'), 'Chaussures style rangers'), ('2020-05-18', 'REGAIN SAS', (27394.12, 'EUR'), 'Pulls.'), ('2020-05-18', ' PAUL BOYE TECHNOLOGIES', (18525, 'EUR'), 'Gants.')]",['Textile'],[343],non,oui
20-70224,2020-05-31,2020-07-03,['33'],Rd 1215 Deviation De Saint Aubin Le Taillan - Assistance à maîtrise d'ouvrage pour la mise en oeuvre des mesures compensatoires - 3 lots Réf.1939,joue,directive24,appeloffre,initial,DEPARTEMENT DE LA GIRONDE,33074,Bordeaux,,['Voirie'],[365],non,non
20-69937,2020-05-31,2020-06-30,['33'],"Accord-Cadre A Bons De Commande Conclu Pour L'Installation Et La Maintenance Des Autocommutateurs Pabx, Ipbx, Fournitures Et Prestations",joue,directive24,appeloffre,initial,DEPARTEMENT DE LA GIRONDE,33074,Bordeaux,,"['Informatique (matériel)', 'Informatique (prestations de services)', 'Informatique (maintenance serveurs et réseaux)']","[162, 163, 454]",non,non
20-70043,2020-05-31,2020-06-29,"['23', '87']",EXECUTION DE SERVICES PUBLICS DE TRANSPORTS SCOLAIRES SUR LE TERRITOIRE DE LA CREUSE ET DE LA HAUTE-VIENNE,joue,directive24,attribution,initial,Région Nouvelle Aquitaine,33077,Bordeaux Cedex,"[('2020-04-30', 'EUROP VOYAGES 23', (499994.88, 'EUR'), 'Établissements scolaires du secteur AHUN'), ('2020-04-30', 'EUROP VOYAGES 23', (602127.2, 'EUR'), 'Établissements scolaires du secteur BONNAT'), ('2020-04-30', 'EUROP VOYAGES 23', (992775.4, 'EUR'), 'Établissements scolaires du secteur BOURGANEUF'), ('2020-04-30', 'EUROP VOYAGES 23', (267372.1, 'EUR'), 'Établissements scolaires du secteur BOUSSAC'), ('2020-04-30', 'EUROP VOYAGES 23', (546788.7, 'EUR'), 'Établissements scolaires du secteur de CHAMBON SUR VOUEIZE'), ('2020-04-30', 'EUROP VOYAGES 23', (299046.6, 'EUR'), 'Établissements scolaires du secteur de CHENERAILLES'), ('2020-04-30', 'EUROP VOYAGES 23', (287710.7, 'EUR'), 'Établissements scolaires du secteur de CHENERAILLES'), ('2020-04-30', 'EUROP VOYAGES 23', (388434.6, 'EUR'), 'Établissements scolaires du secteur de DUN LE PALESTEL'), ('2020-04-30', 'EUROP VOYAGES 23', (608099.5, 'EUR'), 'Établissements scolaires du secteur de LA SOUTERRAINE')]",['Transport'],[347],non,non
20-70083,2020-05-31,2020-07-06,['33'],"Dispositifs médicaux stériles et non stériles d'ophtalmologie, implants oculaires 2ème partie au profit du groupement régional de commandes",joue,directive24,appeloffre,initial,CHU DE BORDEAUX,33400,Talence,,['Produits pharmaceutiques'],[280],non,non
20-70252,2020-05-31,2020-07-01,['33'],REHABILITATION SUR LE GROUPE SCOLAIRE PAUL LAPIE,joue,directive24,appeloffre,initial,Mairie de Talence,33401,Talence cedex,,"['Ascenseur', 'Charpente', 'Electricité (travaux)', 'Etanchéité', 'Gros oeuvre', 'Menuiserie', 'Peinture (travaux)', 'Plâtrerie', 'Plomberie (travaux)', 'Revêtements de sols', 'Serrurerie', ""Tous corps d'état"", 'Voirie et réseaux divers', 'Amiante (désamiantage)']","[17, 57, 105, 117, 144, 222, 264, 269, 270, 308, 321, 345, 366, 479]",oui,non
20-70126,2020-05-31,2020-08-04,['34'],achat de masques,joue,directive24,attribution,initial,Montpellier Méditerranée Métropole,34067,Montpellier cedex 2,"[('2020-05-28', 'RESILIENCE', (481300, 'EUR'), 'Achat de masques')]",['Matériel médical'],[212],non,non
20-70152,2020-05-31,2020-06-30,['34'],"Adaptation habitat personnes âgées-Intervention d'un ergothérapeute pour diagnostic logement,préconisations d'adaptation du logement,assistance au montage du projet,suivi et confor",joue,directive24,appeloffre,initial,Conseil départemental de l'Hérault,34087,Montpellier,,['Etude'],[118],non,non
20-70113,2020-05-31,2020-10-01,['34'],Fourniture et llvraison d'équipements individuels de protection dans le cadre du COVID-19,joue,directive24,appeloffre,initial,UNIVERSITE DE MONTPELLIER,34090,Montpellier,,"['Hygiène (articles)', 'Produits pharmaceutiques']","[153, 280]",non,non
20-70242,2020-05-31,2020-06-30,['34'],"Fourniture de livres, de divers supports culturels et gestion des abonnements aux revues",joue,directive24,attribution,initial,Cté de communes Vallée de l'Hérault,34150,Gignac,,"['Abonnement', 'Disque, disquette', 'Livres', 'Vidéo, cinéma']","[2, 92, 184, 362]",non,non
20-70214,2020-05-31,2020-07-09,['34'],Regroupement des laboratoires de biologie sur le site unique du CHU de Montpellier,joue,autre,rectificatif,rectificatif,CHU DE MONTPELLIER,34295,Montpellier,,['Bâtiment'],[33],non,non
20-69830,2020-05-31,2020-07-10,"['34', '12']","MAINTENANCE DES ASCENSEURS, MONTE MALADES, ASCENSEURS DE CHARGE, MONTE CHARGES ET PLATEFORMES ELEVATRICES POUR PERSONNES HANDICAPEES POUR L'ENSEMBLE DES ETABLISSEMENTS PARTIES DU GHT EHSA",joue,directive24,appeloffre,initial,CHU DE MONTPELLIER,34295,Montpellier cedex 5,,"['Ascenseur', 'Prestations de services']","[17, 274]",non,non
20-70294,2020-05-31,2020-07-29,"['34', '12', '30']",MISSIONS GEOTECHNIQUES POUR LE CHU DE MONTPELLIER ET LE GROUPEMENT HOSPITALIER DE TERRITOIRE EST HERAULT SUD AVEYRON,joue,directive24,attribution,initial,CHU DE MONTPELLIER,34295,Montpellier cedex 5,"[('2020-05-19', 'FONDASOL', (180000, 'EUR'), 'MISSIONS GEOTECHNIQUES POUR LE CHU DE MONTPELLIER ET LE GHT EST HERAULT SUD AVEYRON'), ('2020-05-18', 'GINGER CEBTP', (10000, 'EUR'), 'MISSIONS GEOTECHNIQUES POUR LE CHU DE MONTPELLIER ET LE GHT EST HERAULT SUD AVEYRON'), ('2020-05-18', 'ETUDES ET RECHERCHES GEOTECHNIQUES', (10000, 'EUR'), 'MISSIONS GEOTECHNIQUES POUR LE CHU DE MONTPELLIER ET LE GHT EST HERAULT SUD AVEYRON')]",['Etude'],[118],non,non
20-69874,2020-05-31,2020-07-03,['34'],"Numéro de la consultation : 2020 Fcs 0023 Fourniture et maintenance curative des systèmes d'alarmes intrusion, de vidéo protection et contrôle d'accès",joue,directive24,appeloffre,initial,COMMUNE D AGDE,34306,Agde,,['Alarme'],[5],non,non
20-69985,2020-05-31,2020-06-29,['34'],Location maintenance de compacteurs et bennes à déchets,joue,directive24,appeloffre,initial,CENTRE HOSPITALIER,34525,Beziers,,['Benne'],[34],non,non
20-70021,2020-05-31,2020-08-26,['34'],"Fourniture et livraison de colonnes aériennes d'apport volontaire pour la collecte des Ordures Ménagères Résiduelles, la collecte sélective des Emballages Ménagers Recyclables et d",joue,directive24,attribution,initial,COMMUNAUTE D AGGL BEZIERS MEDITERRANEE,34536,Béziers,"[('2020-03-23', 'Quadria', (1040000, 'EUR'), 'Fourniture et livraison de colonnes aériennes en plastique'), ('2020-03-23', 'Sulo France', (240000, 'EUR'), 'Fourniture et livraison de colonnes aériennes métalliques'), ('2020-03-23', 'Sulo France', (120000, 'EUR'), 'Fourniture et livraison de colonnes aériennes en plastique sur roulettes')]","['Conteneur, poubelles', 'Ordures ménagères (prestations)']","[71, 249]",non,non
20-62039,2020-05-31,2020-07-09,['35'],construction de réserves muséales pour rennes métropole - maîtrise d'oeuvre - concours de maîtrise d'oeuvre sur esquisse qualifiée plus,joue,directive24,appeloffre,initial,Rennes Métropole,35031,Rennes,,"['Bâtiment', ""Maîtrise d'oeuvre""]","[33, 197]",non,non
20-70247,2020-05-31,2020-07-08,['35'],INRAE-2020-BN-03,joue,directive24,appeloffre,initial,INRA,35653,Le rheu,,['Blanchissage'],[36],non,oui
20-68999,2020-05-31,2020-08-03,['35'],Fourniture de gaz médicinaux pour le SDIS 35 - Années 2020 à 2024,joue,directive24,attribution,initial,SCE DEPARTEMENTAL INCENDIE ET SECOURS,35701,Rennes cedex 7,"[('2020-05-18', 'AIR LIQUIDE SANTE', (400000, 'EUR'), 'Oxygène médical'), ('2020-05-18', 'AIR LIQUIDE SANTE', (30000, 'EUR'), ""Mélange Equimolaire d'Oxygène et de Protoxyde d'Azote (MEOPA)"")]",['Gaz médicaux'],[140],non,non
20-68859,2020-05-31,2020-08-03,['35'],Fourniture avec pose de pneumatiques et prestations annexes pour le SDIS 35,joue,directive24,attribution,initial,SCE DEPARTEMENTAL INCENDIE ET SECOURS,35701,Rennes cedex 7,"[('2020-05-26', 'SAS CAP', (400000, 'EUR'), 'Fourniture avec pose de pneumatiques et prestations annexes pour le SDIS 35')]",['Pneumatiques'],[271],non,non
20-70123,2020-05-31,2020-07-08,"['37', '18', '28', '36', '41', '45']",Acquisition d'une solution logicielle et matérielle de production de documents de Rich Média pour les universités de Tours et d'Orléans,joue,directive24,appeloffre,initial,Université François Rabelais de Tours,37020,Tours cedex,,['Logiciel'],[186],non,non
20-69781,2020-05-31,2020-07-17,['37'],Maintenance des portes et ascenseurs de l'EFS Centre-Pays de la Loire,joue,directive24,appeloffre,initial,Etablissement Français du Sang,37206,Tours,,['Maintenance'],[196],non,non
20-69942,2020-05-31,2020-06-29,['37'],"Acquisition de matériel de nettoyage semi-professionnel et professionnel, matériel de séchage, accessoires et pièces détachées et prestations de maintenance pour la ville de Tours et Tours Métropole",joue,directive24,attribution,initial,Ville de Tours,37926,Tours cedex 9,,['Nettoyage de locaux'],[239],non,non
20-70298,2020-05-31,2020-06-30,['38'],"Hébergement, développement et prestations associées portant sur le logiciel libre de gestion de la relation usagé "" Publik """,joue,directive24,appeloffre,initial,DEPARTEMENT DE L ISERE,38022,Grenoble,,"['Informatique (prestations de services)', 'Logiciel', 'Maintenance']","[163, 186, 196]",non,non
20-69840,2020-05-31,2020-09-16,['38'],Maintenance des systèmes de sécurité incendie et installation de sécurité incendie,joue,directive24,appeloffre,initial,CTRE HOSPITALIER UNVT GRENOBLE,38043,Grenoble cedex 09,,['Sécurité incendie'],[332],non,non
20-69706,2020-05-31,2020-06-15,['38'],"Achat de 25 bus GNV 1, 3 portes standards (12m) plancher bas, équipés",joue,directive25,attribution,initial,SOC ECONOMIE MIXTE TRPT PUB AGLOMERATI,38044,Grenoble,,['Véhicules (acquisition)'],[475],oui,oui
20-70099,2020-05-31,2020-07-10,['39'],"Missions de maîtrise d'oeuvre portant sur travaux d'extensions, de renouvellement et de renforcement des installations de transport d'eau potable, pluviales ou d'assainissement des",joue,directive24,appeloffre,initial,Ville de Saint-Claude,39200,Saint Claude,,"['Assainissement', 'Réseaux divers']","[18, 306]",non,non
20-70060,2020-05-31,2020-06-29,['40'],"maitrise d'oeuvre pour la construction de 57 logements "" lapuyade 2 "" à biscarrosse",joue,directive24,attribution,initial,O.P.D.H.L.M. des Landes,40000,Mont De Marsan,"[('2020-05-29', 'ALLEMANG DENIS', (298343.2, 'EUR'), 'Maitrise d\'oeuvre pour la construction de 57 logements "" Lapuyade 2 "" à Biscarrosse')]","[""Maîtrise d'oeuvre""]",[197],non,non
20-69836,2020-05-31,2020-07-15,['40'],"Fourniture de matériel de pré-collecte : conteneurs à ordures ménagères et de collecte sélective, aériens, enterrés et semi-enterrés ; composteurs individuels de jardin et semi-collectifs (10 lots)",joue,directive24,appeloffre,initial,SITCOM Côte Sud des Landes,40230,BENESSE MAREMNE,,"['Conteneur, poubelles']",[71],non,non
20-70274,2020-05-31,2020-06-30,['42'],Mission de design des espaces publics pour Saint-Etienne Métropole et la Ville de Saint-Etienne,joue,directive24,appeloffre,initial,Ville de Saint-Etienne,42007,Saint Etienne,,['Etude'],[118],non,non
20-70031,2020-05-31,2020-06-19,['42'],étude de faisabilité et de programmation - Relocalisation des services du Département - Centre-ville de Roanne,joue,directive24,appeloffre,initial,Conseil Général de la Loire,42022,Saint-Etienne,,"['Etude', ""Assistance à maîtrise d'ouvrage""]","[118, 433]",non,non
20-69756,2020-05-31,2020-07-03,['42'],Acquisition d'un four de fusion par induction sur mesure,joue,directive24,appeloffre,initial,ECOLE NAL SUP DES MINES DE ST ETIENNE,42023,Saint-etienne cédex 2,,['Matériel de précision'],[215],non,non
20-70117,2020-05-31,2020-07-01,['42'],Fourniture de denrées alimentaires,joue,directive24,appeloffre,initial,Ville du Chambon-Feugerolles,42500,Le Chambon-Feugerolles,,['Denrées alimentaires'],[88],non,non
20-69922,2020-05-31,2020-07-31,['43'],Marché de fourniture de carburants,joue,directive24,attribution,initial,sictom velay pilat,43240,ST JUST MALMONT,,"['Carburant, hydrocarbure']",[52],non,non
20-70176,2020-05-31,2020-06-29,['44'],"Nettoyage des locaux, de la vitrerie et des abords des Archives départementales de Loire-Atlantique",joue,directive24,appeloffre,initial,Conseil départemental Loire-Atlantique,44041,NANTES,,['Nettoyage de locaux'],[239],non,non
20-70122,2020-05-31,2020-07-03,['44'],Prestations environnementales,joue,directive24,appeloffre,initial,Conseil départemental Loire-Atlantique,44041,NANTES,,"['Etude', 'Ingénierie']","[118, 455]",non,non
20-70035,2020-05-31,2020-06-29,['44'],"Accord-cadre de fourniture de produits sanitaires (masques, gels, lingettes)",joue,directive25,appeloffre,initial,SEMITAN,44046,Nantes Cedex 1,,"['Consommables médicaux', 'Hygiène (articles)', 'Produits chimiques', ""Produits d'entretien""]","[69, 153, 275, 278]",non,oui
20-69991,2020-05-31,2020-07-01,['44'],Fourniture d'outils pour les caisses à outils des apprentis de l'ensemble des diplômes enseignés dans les centres de formation de BTP CFA Pays de la Loire,joue,directive24,appeloffre,initial,BTP-CFA PAYS DE LA LOIRE,44100,NANTES,,['Outillage'],[251],non,non
20-69892,2020-05-31,2020-07-03,['44'],TRANSPORT D'USAGERS AYANT UNE DEFICIENCE SENSORIELLE ET/OU DES TROUBLES ASSOCIES,joue,directive24,appeloffre,initial,INSTITUT PUBLIC OCENS,44262,NANTES Cedex 2,,['Transport'],[347],non,non
20-68024,2020-05-31,2020-07-03,['44'],achat de matériel de pré-collecte et de collecte des déchets alimentaires.,joue,directive24,appeloffre,initial,METROPOLE NANTES METROPOLE,44923,Nantes cedex 9,,"['Conteneur, poubelles', 'Déchets non ménagers (prestations)']","[71, 404]",non,non
20-70258,2020-05-31,2020-06-15,['44'],prestations de traitement des déchets verts et de tri/conditionnement des papiers-cartons lot 2 (rectificatif),joue,autre,rectificatif,rectificatif,METROPOLE NANTES METROPOLE,44923,Nantes cedex 9,,"['Carton', 'Papeterie', 'Déchets non ménagers (prestations)']","[54, 262, 404]",non,non
20-69738,2020-05-31,2020-06-08,['44'],"travaux de renouvellement, réhabilitation, extensions, grosses réparations de canalisations et branchements d'assainissement sur le territoire de nantes métropole (rectificatif)",joue,autre,rectificatif,rectificatif,METROPOLE NANTES METROPOLE,44923,Nantes cedex 9,,"['Assainissement', 'Canalisations']","[18, 48]",oui,non
20-70285,2020-05-31,2020-06-29,['45'],TRAVAUX D'IMPRESSION,joue,directive24,appeloffre,initial,B R G M,45060,Orléans,,['Impression'],[160],non,non
20-70061,2020-05-31,2020-06-30,['45'],Fourniture de fruits et légumes frais pour le Groupement Hospitalier du Territoire du Loiret AO2020-10,joue,directive24,appeloffre,initial,CENTRE HOSPITALIER REGIONAL D ORLEANS,45067,Orleans cedex 2,,"[""Produits de l'agriculture""]",[276],non,non
20-62295,2020-05-31,2020-07-30,['45'],concession de service public pour l'exploitation du réseau de chaleur,joue,directive23,attribution,initial,Ville de Montargis,45207,Montargis,"[('2020-03-04', 'DALKIA', (34895504.0, 'EUR'), 'Concession de Service Public pour l\x92exploitation du réseau de chaleur')]","['Chauffage (exploitation, entretien)']",[59],non,non
20-69813,2020-05-31,2020-06-29,['45'],"acquisition de concentrateurs d'oxygène et fourniture d'accessoires, consommables, pièces détachées et formation",joue,directive81,attribution,initial,EMA/DCSSA/DAPS-SSA,45404,Fleury- les- aubrais,"[('2020-05-25', 'L3 MEDICAL', (200000, 'EUR'), None)]",['Matériel médical'],[212],non,non
20-69745,2020-05-31,2020-06-29,['45'],fourniture d'équipements de protection individuelle dans le cadre de la crise sanitaire covid19,joue,directive81,attribution,initial,EMA/DCSSA/DAPS-SSA,45404,Fleury- les- Aubrais,"[('2020-05-14', 'ACTOME', (200000, 'EUR'), None)]",['Matériel médical'],[212],non,non
20-69796,2020-05-31,2020-07-03,['45'],Location de matériel de fauchage sans chauffeur,joue,directive24,appeloffre,initial,Département du Loiret,45945,Orléans,,['Location (matériels)'],[185],non,non
20-69587,2020-05-31,2020-06-28,['47'],2020m19m,joue,directive24,attribution,initial,COMMUNE DE MARMANDE,47213,Marmande cedex,,"['Abris', 'Véhicules (acquisition)']","[1, 475]",non,non
20-70153,2020-05-31,2020-06-30,['48'],"Fourniture d'articles de bureau, d'agendas et de papier pour les services du Département de la Lozère",joue,directive24,appeloffre,initial,DEPARTEMENT DE LA LOZERE,48001,Mende,,['Articles de bureau et articles scolaires'],[16],non,non
20-69777,2020-05-31,2021-04-01,['49'],Contrat d'assurance groupe risques statutaires réf : CDG-2021-01,joue,directive24,appeloffre,initial,Centre de Gestion FPT 49,49000,Angers,,"['Abris', 'Assurance']","[1, 20]",non,non
20-70250,2020-05-31,2020-08-31,['49'],La présente mise en concurrence concerne les travaux d'extension et de réhabilitation de la résidence Le Parc à Segré-en-Anjou-Bleu (49),joue,directive24,appeloffre,initial,Résidences du Val d'Oudon,49500,Sainte Gemmes d'Andigné,,"['Charpente', 'Chauffage (travaux)', 'Cloison, faux plafond', 'Couverture', 'Electricité (travaux)', 'Espaces verts', 'Etanchéité', 'Gros oeuvre', 'Matériel médical', 'Menuiserie', 'Métallerie', 'Nettoyage de locaux', 'Peinture (travaux)', 'Plomberie (travaux)', 'Revêtements de sols', 'Signalétique', 'Matériel de téléphonie', 'Terrassement', 'Voirie']","[57, 61, 63, 74, 105, 116, 117, 144, 212, 222, 223, 239, 264, 270, 308, 333, 339, 341, 365]",non,non
20-70202,2020-05-31,2020-06-30,['49'],"Mise en valeur environnementale du chemin de halage de la Mayenne - Illustrations et conception graphique - Impression, fabrication et pose de mobiliers",joue,directive24,appeloffre,initial,Département de Maine-et-Loire,49941,Angers Cedex 9,,"['Bois', 'Mobilier', 'Prestations de services', 'Publicité, Communication']","[38, 230, 274, 285]",non,oui
20-69936,2020-05-31,2020-06-15,['50'],Avis D'Appel A Candidature : Prestations De Service Pour La Gestion Technique Du Service De Production Et De Distribution D'Eau Potable,joue,directive25,appeloffre,initial,Communauté d'Agglomération du Cotentin,50130,Cherbourg-en-Cotentin,,['Alimentation en eau potable'],[6],non,non
20-69792,2020-05-31,2020-07-17,['50'],Etudes Pour Mise En Place D'Un Programme D'Actionssur L'Aire D'Alimentation De Forages Et Caracterisation D'Une Zone Humide De Captages D'Eau,joue,directive24,appeloffre,initial,Communauté d'Agglomération du Cotentin,50130,Cherbourg-en-Cotentin,,"['Assistance technique', 'Etude']","[19, 118]",non,non
20-69760,2020-05-31,2020-06-17,['51'],marché de location fourniture et pose de bâtiments modulaires provisoires au lycée gustave eiffel à reims.,joue,directive24,appeloffre,initial,REGION GRAND EST,51037,Châlons en Champagne,,['Bâtiments modulaires'],[27],non,non
20-65926,2020-05-31,2020-07-01,['51'],Organisation de l'évènement rendez-vous de l'engagement#jeunesse.,joue,directive24,appeloffre,initial,REGION GRAND EST,51037,Châlons en Champagne,,"['Transport', 'Evénementiel']","[347, 445]",non,oui
20-48762,2020-05-31,2020-06-30,['54'],"Concession relative à l'exploitation, la maintenance et à la gestion du crématorium du Grand Nancy situés sis 12 avenue Paul Doumer 54500 Vandoeuvre les Nancy",joue,directive23,attribution,initial,Métropole du Grand Nancy,54035,Nancy Cedex,"[('2020-01-31', 'OGF', (6376297, 'EUR'), ""Concession relative à l'exploitation, la maintenance et à la gestion du crématorium du Grand Nancy situés sis 12 avenue Paul Doumer 54500 Vand\x9cuvre les Nancy"")]","['Prestations de services', 'Délégation de service public']","[274, 406]",non,non
20-70277,2020-05-31,2020-07-09,['54'],Mission de maitrise d'oeuvre pour l'aménagement des espaces extérieurs du Plateau de Haye - Phase candidature,joue,directive24,appeloffre,initial,Métropole du Grand Nancy,54035,Nancy Cedex,,['Prestations de services'],[274],non,non
20-70044,2020-05-31,2020-06-29,['54'],Conception et mise en page des supports de communication du Crous Lorraine,joue,directive24,attribution,initial,C.R.O.U.S. de Nancy - Metz,54042,Nancy cedex,"[('2020-05-20', 'Studio Hussenot', (54660, 'EUR'), 'Conception et mise en page des supports de communication du Crous Lorraine')]",['Prestations de services'],[274],oui,oui
20-70115,2020-05-31,2020-06-30,['54'],Nettoyage des locaux du Siège de la Carsat Nord-Est,joue,directive24,attribution,initial,Carsat Nord-Est,54073,Nancy cedex,"[('2020-03-17', 'Derichebourg Propreté', (155661.12, 'EUR'), 'Nettoyage des locaux du Siège de la Carsat Nord-Est')]","['Nettoyage de locaux', 'Prestations de services']","[239, 274]",oui,oui
20-70263,2020-05-31,2020-06-30,['54'],"CURAGE, ENTRETIEN ET INSPECTIONS TÉLÉVISÉES DES RÉSEAUX ET ESSAIS DE RÉCEPTION DES OUVRAGES D'ASSAINISSEMENT - MARCHÉ (ACCORD-CADRE) 2020_AOO_01",joue,directive24,appeloffre,initial,CC Terres Touloises,54201,TOUL CEDEX,,"['Assainissement', 'Curage']","[18, 78]",non,non
20-69584,2020-05-31,2020-07-06,['56'],etude visant à développer la connaissance des aléas de débordement de cours d'eau et submersion marine,joue,directive24,appeloffre,initial,Cté d'Agglomération du Pays de Vannes,56006,VANNES CEDEX,,['Etude'],[118],non,non
20-70171,2020-05-31,2020-06-30,['56'],RD306 - Contournement de GUIDEL - Travaux d'aménagements paysagers,joue,directive24,appeloffre,initial,Département du Morbihan,56009,VANNES,,['Espaces verts'],[116],non,non
20-70075,2020-05-31,2020-06-19,['56'],M111 produits d'entretien,joue,directive24,attribution,initial,Grpement de cdes des établissements,56804,Ploërmel cedex,"[('2020-01-28', 'GROUPE PIERRE LE GOFF', (190971.68, 'EUR'), 'Papier ouate'), ('2020-01-28', 'GROUPE PIERRE LE GOFF', (109333.44, 'EUR'), 'Emballages alimentaires et non-alimentaires'), ('2020-01-28', 'GROUPE PIERRE LE GOFF', (111938.92, 'EUR'), 'Hygiène générale et alimentaire'), ('2020-01-28', 'CHAMPENOIS COLLECTIVITES', (45797.52, 'EUR'), 'Hygiène et protection de la personne'), ('2020-01-28', ""L'entreprise adaptée L'EA"", (46098.16, 'EUR'), 'Divers (ateliers protégés)')]","['Cuir', 'Hygiène (articles)', 'Prestations de services', ""Produits d'entretien"", 'Textile']","[76, 153, 274, 278, 343]",non,non
20-70290,2020-05-31,2020-07-06,['57'],Travaux De Viabilisation Du Plateau De Frescaty Et Des Zones D'Activités De Metz Métropole,joue,directive24,appeloffre,initial,METZ METROPOLE,57071,Metz,,"['Canalisations', 'Génie civil', 'Réseaux divers']","[48, 141, 306]",oui,non
20-70196,2020-05-31,2020-07-03,['57'],Délégation de Service Public sous la forme d'une concession pour l'exploitation du service public d'assainissement collectif à Arry,joue,directive23,appeloffre,initial,Mairie d'ARRY,57680,ARRY,,['Assainissement'],[18],non,non
20-70208,2020-05-31,2020-06-30,"['59', '62', '2', '80', '60']",MARCHE DE MAITISE D'OEUVRE ZAC PEVELE PARC,joue,directive24,appeloffre,initial,CCI de région Nord de France,59031,Lille cedex,,"['Prestations de services', 'Ingénierie']","[274, 455]",non,non
20-70030,2020-05-31,2020-06-12,['59'],Fourniture et mise en service d'un élévateur à bateaux de 25/30 tonnes,joue,autre,rectificatif,rectificatif,Régie des ports de plaisance publics D,59140,Dunkerque,,"['Equipement hydraulique', 'Equipements spécialisés', 'Ouvrage métallique', 'Ouvrage hydraulique']","[111, 115, 254, 255]",non,non
20-69786,2020-05-31,2020-07-06,"['59', '62', '2', '80']",achat de mobilier pour la médiathèque de faches thumesnil,joue,directive24,appeloffre,initial,Ville de Faches Thumesnil,59155,Faches Thumesnil,,['Mobilier'],[230],non,non
20-69919,2020-05-31,2020-07-21,['59'],Exploitation et entretien des installations de génie climatique et des groupes électrogènes pour le CH de la Région de Saint-Omer et le CH d'Aire-sur-la-Lys,joue,directive24,appeloffre,initial,Centre Hospitalier de Dunkerque,59385,Dunkerque,,"['Chauffage (exploitation, entretien)']",[59],non,non
20-70049,2020-05-31,2020-07-30,['59'],Travaux d'effacement des réseaux électriques basse tension et téléphoniques sur le territoire de la Communauté Urbaine de Dunkerque,joue,directive24,attribution,initial,Communauté Urbaine de Dunkerque,59386,Dunkerque cedex 1,,"['Génie civil', 'Voirie et réseaux divers']","[141, 366]",non,non
20-70141,2020-05-31,2020-07-30,['59'],Travaux d'effacement des réseaux électriques basse tension et téléphoniques sur le territoire de la Communauté Urbaine de Dunkerque - 2 lots,joue,directive24,appeloffre,initial,Communauté Urbaine de Dunkerque,59386,Dunkerque cedex 1,,"['Génie civil', 'Terrassement', 'Voirie et réseaux divers']","[141, 341, 366]",oui,non
20-69821,2020-05-31,2020-06-30,['59'],"Prestation de sécurité, gardiennage et télésurveillance sur les sites intra et extra de l'EPSM des Flandres",joue,directive24,attribution,initial,EPSM Lille Métropole,59487,Armentières cedex,"[('2020-02-24', 'SECURITAS FRANCE', (1, 'EUR'), 'Prestation intra EPSM'), ('2020-02-24', 'compagnie d alarme et de sécurité', (1, 'EUR'), 'Prestation extra EPSM')]","['Gardiennage', 'Télésurveillance']","[138, 415]",non,oui
20-69782,2020-05-31,2020-06-30,['59'],Prestation de nettoyage des locaux et de la vitrerie et prise en charge hôtelière à l'E.P.S.M des Flandres tel que définit au cahier des charges,joue,directive24,attribution,initial,EPSM Lille Métropole,59487,Armentières cedex,,"['Nettoyage de locaux', 'Vitrerie']","[239, 363]",non,non
20-49736,2020-05-31,2020-07-31,['60'],acquisition et livraison de fournitures et de matériels scolaires et pédagogiques,joue,directive24,appeloffre,initial,Ville de Creil,60109,Creil cedex,,"['Articles de bureau et articles scolaires', 'Papeterie']","[16, 262]",non,non
20-69861,2020-05-31,2020-09-04,"['60', '80']",marché de fourniture des ateliers du chi,joue,directive24,appeloffre,initial,CHI de Clermont,60600,Clermont,,"['Bois', 'Candélabre', 'Chauffage (matériel)', 'Machines-outils', 'Matériaux de construction', 'Matériel électrique', 'Peinture (fourniture)', 'Plastique', 'Plomberie (travaux)', 'Quincaillerie (articles)', 'Sanitaire', 'Serrurerie', 'Vitrerie']","[38, 49, 60, 194, 198, 203, 263, 268, 270, 291, 319, 321, 363]",non,non
20-70275,2020-05-31,2020-06-30,['61'],Traitement des ordures ménagères résiduelles,joue,directive24,appeloffre,initial,Sirtom de la Région Flers-Condé,61440,Messei,,['Ordures ménagères (prestations)'],[249],non,non
20-70027,2020-05-31,2020-08-01,['62'],Animation d'ateliers de bien-être,joue,directive24,appeloffre,initial,Ville de lens,62307,Lens cedex,,['Prestations de services'],[274],non,non
20-69819,2020-05-31,2020-06-29,['62'],missions de coordination en matière de sécurité et de protection de la santé et d'assistance à maîtrise d'ouvrage pour les opérations de travaux de la cabbalr,joue,directive24,appeloffre,initial,CA DE BETHUNE BRUAY ARTOIS LYS ROMANE,62400,BETHUNE,,['Ingénierie'],[455],non,non
20-69938,2020-05-31,2020-06-29,['62'],Zones d'activités et différents aménagements communautaires - signalisation verticale et horizontale,joue,directive24,appeloffre,initial,CA DU PAYS DE SAINT OMER,62968,Longuenesse,,"['Mobilier urbain', 'Panneaux', 'Signalisation']","[231, 261, 322]",non,non
20-69941,2020-05-31,2020-08-17,['63'],Location Et Entretien De Tenues Professionnelles Et De Linge De Cuisine Pour Les Services De La Ville De Clermont-Ferrand,joue,directive24,appeloffre,initial,Ville de Clermont-Ferrand,63007,Clermont-Ferrand,,"['Blanchissage', 'Habillement', 'Textile']","[36, 150, 343]",non,oui
20-65333,2020-05-31,2020-07-05,['64'],marché de fourniture de gaz naturel pour le groupement de commandes ght béarn et soule et gcs blanchisserie inter hospitalière de pau-pyrenees,joue,directive24,attribution,initial,Centre Hospitalier de Pau,64000,Pau,"[('2020-05-18', 'GAZ DE BORDEAUX', (2600000, 'EUR'), None)]","['Electricité, gaz (fourniture)']",[443],non,non
20-70180,2020-05-31,2020-06-30,['64'],Prestation de maîtrise d'oeuvre pour la restructuration du collège Errobi à Cambo-Les-Bains,joue,directive24,appeloffre,initial,Département des Pyrénées-Atlantiques,64058,Pau cedex 9,,['Prestations de services'],[274],non,non
20-69794,2020-05-31,2020-07-03,['66'],Eca-Ri-Schéma Directeur des Eaux Usées de Rivesaltes,joue,directive24,appeloffre,initial,Perpignan Méditerranée Communauté,66006,Perpignan,,['Etude'],[118],non,non
20-70233,2020-05-31,2020-07-31,['66'],Entretien et maintenance des pelouses des stades Aimé Giral et Gilbert Brutus,joue,directive24,appeloffre,initial,COMMUNE DE PERPIGNAN,66931,Perpignan Cedex,,['Terrain de sport'],[342],non,non
20-70058,2020-05-31,2020-07-15,"['67', '75']",Acquisition et maintenance d'équipements et de solutions audiovisuels pour l'ENA à Strasbourg et à Paris (6ème),joue,directive24,appeloffre,initial,ENA de Strasbourg,67000,Strasbourg,,"['Audiovisuel', 'Maintenance']","[22, 196]",non,oui
20-68131,2020-05-31,2020-06-29,"['67', '68', '88', '54', '57', '52', '55', '51', '10']",assistance à maîtrise d'ouvrage pour l'exploitation des installations thermiques d'établissements publics à compétence régionale équipés d'une chaufferie biomasse,joue,directive24,appeloffre,initial,REGION GRAND EST,67070,Strasbourg cedex,,"[""Assistance à maîtrise d'ouvrage""]",[433],non,non
20-69848,2020-05-31,2020-07-07,['67'],RESTRUCTURATION ET EXTENSION DE LA PISCINE DE HAUTEPIERRE A STRASBOURG - PHASE 2 - SECTEUR FAMILLE PETITE ENFANCE,joue,directive24,appeloffre,initial,Eurométropole de Strasbourg,67076,STRASBOURG CEDEX,,"['Charpente', 'Gros oeuvre', 'Menuiserie', 'Ventilation']","[57, 144, 222, 360]",non,non
20-69790,2020-05-31,2020-07-07,['67'],"Fourniture et livraison du réactif 'Nitrate de Calcium' sur 3 sites, permettant de lutter contre les nuisances olfactives et les sulfures d'hydrogène (H2S) dans les réseaux d'assai",joue,directive24,appeloffre,initial,Eurométropole de Strasbourg,67076,STRASBOURG CEDEX,,['Produits chimiques'],[275],non,non
20-69742,2020-05-31,2020-07-07,['67'],Prestations de nettoyage déquipements sportifs de la Ville de Strasbourg,joue,directive24,appeloffre,initial,VILLE DE STRASBOURG,67076,STRASBOURG CEDEX,,['Nettoyage de locaux'],[239],non,non
20-69824,2020-05-31,2020-07-06,['67'],"Fourniture d'électricité, acheminement et services associés Ville d'Obernai",joue,directive24,appeloffre,initial,Ville d'Obernai,67213,Obernai cedex,,"['Electricité, gaz (fourniture)']",[443],non,oui
20-70128,2020-05-31,2020-06-29,['67'],Haguenau - pôle Gares - réalisation d'un parking silo : mission de mandat de maitrise d'ouvrage,joue,directive24,appeloffre,initial,CA DE HAGUENAU,67504,Haguenau,,['Prestations de services'],[274],non,non
20-59907,2020-05-31,2020-07-08,"['67', '68']",réalisation d'études et de missions de maîtrise d'oeuvre dans les collèges et bâtiments du cd67,joue,directive24,appeloffre,initial,DEPARTEMENT DU BAS RHIN,67964,Strasbourg,,['Etude'],[118],non,non
20-70097,2020-05-31,2020-06-30,['68'],"Mise à disposition d'autocars avec conducteur pour le transport de groupes de mineurs accompagnés, à l'occasion des sorties scolaires ou périscolaires de la Ville de Colmar (2 lots)",joue,directive24,appeloffre,initial,VILLE DE COLMAR,68021,Colmar cedex,,['Transport'],[347],non,non
20-70009,2020-05-31,2020-07-02,"['68', '67', '88', '90']",Extension et restructuration du collège Kennedy à Mulhouse.,joue,directive24,appeloffre,initial,CITIVIA SPL,68053,Mulhouse cedex 01,,"['Bâtiment', 'Couverture', 'Démolition', 'Gros oeuvre', ""Ouvrage d'infrastructure"", 'Prestations de services', 'Amiante (désamiantage)']","[33, 74, 87, 144, 253, 274, 479]",oui,non
20-69714,2020-05-31,2020-06-29,['69'],Fourniture et maintenance de l'architecture réseau sécurité des sites de la Région,joue,directive24,attribution,initial,REGION AUVERGNE RHONE ALPES,69002,Lyon,"[('2020-03-23', 'NXO FRANCE', (935771.16, 'EUR'), ""Fourniture et maintenance de l'architecture réseau sécurité dessites de la Région_ lot 1: Maintenance, support, fourniture""), ('2020-03-23', 'Apixit', (286921.47, 'EUR'), ""Fourniture et maintenance de l'architecture réseau sécurité des sites de la Région _ lot 2: Projet (multi-attributaire)""), ('2020-04-14', 'NOMIOS', (461291.22, 'EUR'), ""Fourniture et maintenance de l'architecture réseau sécurité des sites de la Région _ lot 2: Pojet (multi-attributaire)""), ('2019-03-23', 'NXO', (409890.98, 'EUR'), ""Fourniture et maintenance de l'architecture réseau sécurité des sites de la Région _ lot 2: Pojet (multi-attributaire)""), ('2020-03-23', 'SFR', (521677.78, 'EUR'), ""Fourniture et maintenance de l'architecture réseau sécurité des sites de la Région _ lot 2: Pojet (multi-attributaire)"")]","['Informatique (matériel)', 'Prestations de services']","[162, 274]",non,non
20-69730,2020-05-31,2020-06-29,['69'],Prestations d'expertise informatique sur l'nfrastructure de la Région Auvergne Rhône Alpes,joue,directive24,attribution,initial,REGION AUVERGNE RHONE ALPES,69269,Lyon cedex 02,,['Informatique (prestations de services)'],[163],non,non
20-69828,2020-05-31,2020-07-01,"['63', '69']",Marché de maîtrise d'oeuvre pour le remplacement des menuiseries extérieures pour la SDMA de Clermont-Ferrand,joue,directive24,appeloffre,initial,S.G.A.P. SUD-EST,69421,Lyon cedex 03,,['Prestations de services'],[274],non,non
20-63540,2020-05-31,2020-07-27,['69'],"Travaux de gros entretien, renouvellement et modification (GERM) du génie civil pour les voies rapides et tunnels de la Métropole de Lyon",joue,directive24,appeloffre,initial,Métropole de Lyon,69505,Lyon Cedex 03,,"['Génie civil', 'Voirie']","[141, 365]",non,non
20-70146,2020-05-31,2020-06-30,['69'],"Prestations de carrosserie sur les véhicules léger < 3,5 tonnes de la Métropole de Lyon",joue,directive24,appeloffre,initial,METROPOLE DE LYON,69505,Lyon,,['Prestations de services'],[274],non,non
20-70124,2020-05-31,2020-06-10,['71'],étude hydraulique et modélisation des écoulements de la seille et de ses affluents en saône-et-loire (rectificatif),joue,autre,rectificatif,rectificatif,Préfecture région Bourgogne,71000,MACON,,['Etude'],[118],non,non
20-69818,2020-05-31,2020-07-02,['71'],Sécurité et gardiennage de sites et bâtiments sur le territoire du Département de Saône-et-Loire,joue,directive24,appeloffre,initial,Conseil Général de Saône-et-Loire,71026,Mâcon Cedex 9,,['Gardiennage'],[138],non,non
20-70240,2020-05-31,2020-07-03,['71'],Missions de reconnaissances et d'études géotechniques sur le réseau routier départemental de Saône et Loire - Années 2020 / 2024,joue,directive24,appeloffre,initial,Conseil Général de Saône-et-Loire,71026,Mâcon Cedex 9,,['Prestations de services'],[274],non,non
20-69944,2020-05-31,2020-06-28,['71'],"Location lits médicalisés, matelas et fauteuil de repos de l'EHPAD Antonin Achaintre",joue,autre,rectificatif,rectificatif,EHPAD Antonin Achaintre,71170,Chauffailles,,"['Literie', 'Location (matériels)', 'Matériel médical']","[183, 185, 212]",non,non
20-70156,2020-05-31,2020-06-30,['72'],"Fourniture, Livraison, Installation Sur Site De Moyens D'Impression Pour Les Services Du Departement De La Sarthe (Achat Ou Location) Et Prestations De Maintenance Y Compris Des E",joue,directive24,appeloffre,initial,DEPARTEMENT DE LA SARTHE,72072,Le Mans,,['Impression'],[160],non,non
20-69741,2020-05-31,2020-08-26,['73'],Maintenance Et Depannage Des Installations De Climatisation Et De Chauffage Des Batiments Du Departement De La Savoie,joue,directive24,attribution,initial,DEPARTEMENT DE LA SAVOIE,73018,Chambery,"[('2020-02-11', 'Dauphiné Savoie Maintenance Services', (41275.28, 'EUR'), ""Maintenance et dépannage des installations de climatisation et de traitement d'air""), ('2020-04-21', 'Spie Facilities', (64082.94, 'EUR'), 'Maintenance et dépannage des installations de chauffage et eau chaude sanitaire')]",['Maintenance'],[196],oui,non
20-70093,2020-05-31,2020-08-26,['73'],Prestations de contrôles techniques et de coordination en matière de sécurité et protection de la santé (Sps) pour des opérations de travaux inférieures à 500 000 euros H.T,joue,directive24,attribution,initial,DEPARTEMENT DE LA SAVOIE,73018,Chambery,"[('2020-05-26', 'Qualiconsult', (200971.36, 'EUR'), 'Contrôles techniques et diagnostics'), ('2020-05-26', 'Elyfec', (27270.36, 'EUR'), 'Coordination S.P.S')]",['Bâtiment'],[33],non,non
20-69959,2020-05-31,2020-08-26,"['73', '74', '38']",Solution d'infrastructure de virtualisation (stockage+serveurs),joue,directive24,attribution,initial,DEPARTEMENT DE LA SAVOIE,73018,Chambery,,['Informatique (matériel)'],[162],non,oui
20-70148,2020-05-31,2020-07-16,['73'],Accord cadre mixte d'ingénierie de faisabilité et de conduite d'opération - Programme Step Bourget/Aix 2040,joue,directive25,appeloffre,initial,Cté d'Agglo du Lac du Bourget,73106,Aix les Bains,,['Ingénierie'],[455],non,non
20-60516,2020-05-31,2020-07-06,"['73', '74']",acquisition d'une balayeuse compacte aspiratrice de voirie,joue,directive24,appeloffre,initial,Ville de La Motte-Servolex,73291,la motte-servolex cedex,,"['Nettoyage urbain', 'Véhicules (acquisition)']","[240, 475]",non,non
20-70239,2020-05-31,2020-07-10,['73'],Groupement de commandes - Fourniture de fioul domestique et de G.N.R,joue,directive24,appeloffre,initial,Comcom Coeur de Maurie,73300,Saint Jean de Maurienne,,['Combustible'],[438],non,non
20-70080,2020-05-31,2020-06-29,['73'],"Evacuation, valorisation des déchets des déchèteries de la Ccct",joue,directive24,appeloffre,initial,Communauté communes Coeur de Tarent,73600,Moutiers,,['Déchetterie (exploitation)'],[405],non,non
20-69878,2020-05-31,2020-08-26,['74'],Travaux d'entretien et d'aménagement sur les bâtiments du Département de la haute-Savoie - lot 14 Clôtures,joue,directive24,attribution,initial,Département de la Haute-Savoie,74041,Annecy,"[('2020-04-21', 'Seric Alpes Dauphine', (60565.2, 'EUR'), None)]",['Clôture'],[64],non,non
20-69827,2020-05-31,2020-07-07,['74'],MIGRATION ECS ET DEMANTELLEMENT DES DETECTEURS INONIQUES VERIFICATIONS ET MAINTENANCE DES INSTALLATIONS S.S.I.,joue,directive24,appeloffre,initial,CH Annecy Genevois,74374,PRINGY CEDEX,,['Détection incendie'],[90],non,non
20-69980,2020-05-31,2020-07-17,['74'],Acquisition de véhicules tout usage 4x4,joue,directive24,appeloffre,initial,SCE DEPARTEMENTAL INCENDIE ET SECOURS,74960,Annecy,,"['Sécurité incendie', 'Véhicules (acquisition)']","[332, 475]",non,non
20-69962,2020-05-31,2020-06-29,['75'],ACCORD-CADRE RELATIF A LA REALISATION DE PRESTATIONS NECESSAIRES A L'ETABLISSEMENT DES ACTES DE TRANSFERT DES BIENS IMMOBILIERS DE L'ETAT AUX ETABLISSEMENTS D'ENSEIGNEMENT SUPERIEUR ET,joue,directive24,attribution,initial,Agence de mutualisation des université,75005,Paris,,['Prestations de services'],[274],non,non
20-69956,2020-05-31,2020-08-21,"['92', '75']",Rénovation des réservoirs du Mont-Valérien et mise en place d'un point de chloration sur le réseau MTVAL125 à Puteaux,joue,directive25,appeloffre,initial,Syndicat des Eaux d'Ile-de-France,75006,Paris,,"['Alimentation en eau potable', 'Génie civil']","[6, 141]",non,oui
20-70260,2020-05-31,2020-09-06,['75'],Location d'éthylotests électroniques et prestations associées,joue,directive24,appeloffre,initial,SAELSI,75008,Paris cedex 08,,['Equipements spécialisés'],[115],oui,non
20-70063,2020-05-31,2020-08-26,"['75', '92', '94']","Etude de la stratégie opérationnelle pour le foncier, propositions de modes opératoires des actions menées par la MRAI et propositions adaptées pour 8 emprises désignées",joue,directive24,attribution,initial,MINDEF/SGA/SPAC/S-Direction des achats,75009,Paris cedex 15,,['Etude'],[118],non,oui
20-69902,2020-05-31,2020-06-29,['75'],Mission de commissariat aux comptes pour la période 2020-2025,joue,directive24,attribution,initial,Agence Nationale de la Recherche,75012,Paris,"[('2020-05-06', 'Mazars SA', (584000, 'EUR'), 'Mission de commissariat aux comptes pour la période 2020-2025')]",['Prestations de services'],[274],non,non
20-70057,2020-05-31,2020-07-03,['75'],"restauration mobiliers historiques pour la reconstitution de la bibliothèque de l'ancien palais des colonies, et de son repositionnement à son emplacement originel au sein de l'epppd",joue,directive24,appeloffre,initial,EPPD-CNHI,75012,Paris,,"['Bois', 'Prestations de services', 'Quincaillerie (articles)']","[38, 274, 291]",non,oui
20-69863,2020-05-31,2020-06-16,['75'],Accord-cadre à bons de commande de reprographie de documents et tirages de plans destinés aux services de la collectivité parisienne,joue,autre,rectificatif,rectificatif,Ville de Paris,75013,Paris,,['Reprographie'],[305],non,oui
20-69999,2020-05-31,2020-09-10,['75'],Restauration collective hospitalière - Livraison de plats préparés en liaison froide pour le Groupe Hospitalier Universitaire Paris Psychiatrie et Neurosciences,joue,directive24,appeloffre,initial,CENTRE HOSPITALIER SAINTE ANNE PARIS,75014,Paris,,"['Restauration collective', 'Equipements spécialisés']","[66, 115]",non,oui
20-70136,2020-05-31,2020-06-22,['75'],Prestations de conseil juridique et de représentation en justice en droit de la commande publique et des contrats publics,joue,directive24,appeloffre,initial,Agence du Numérique en Santé,75015,PARIS,,['Assistance juridique'],[434],non,non
20-70055,2020-05-31,2020-06-22,['75'],"hébergement des sites internet, prestations d'infogérance et diffusion de contenu courant (h-web). (rectificatif)",joue,autre,rectificatif,rectificatif,Ministère de l'éducation nationale,75015,Paris,,['Informatique (prestations de services)'],[163],oui,non
20-70186,2020-05-31,2020-08-04,"['94', '75', '92', '93', '91', '78', '77']",Marché d'OPC relativeaux travaux de réhabilitation partielle de l'IGH du TJ de Créteil,joue,directive24,appeloffre,initial,MINISTERE DE LA JUSTICE,75181,Paris cedex 4,,"['Prestations de services', 'Ingénierie']","[274, 455]",non,non
20-70244,2020-05-31,2020-06-12,['75'],2012016 - Accord-cadre de support et de maintenance des infrastructures du réseau local informatique et du réseau de la téléphonie sur IP du Centre Pompidou,joue,autre,rectificatif,rectificatif,Centre Pompidou,75191,Paris,,['Informatique (maintenance serveurs et réseaux)'],[454],non,non
20-70253,2020-05-31,2020-07-06,['75'],Concession de services pour la restauration collective des personnels de la Préfecture de police,joue,directive23,appeloffre,initial,Préfecture de police DFCPP BCP,75195,Paris cedex 04,,"['Restauration collective', 'Prestations de services']","[66, 274]",oui,oui
20-69837,2020-05-31,2020-07-01,['75'],Coaching professionnel individuel et collectif de cadres dirigeants et de cadres membres du vivier interministériel des cadres dirigeants de l'État.,joue,directive24,appeloffre,initial,SPM - DSAF - BCP,75334,Paris cedex 07,,"['Prestations de services', 'Formation']","[274, 410]",non,non
20-70192,2020-05-31,2020-06-30,"['75', '77', '78', '91', '92', '93', '94', '95']","Conseil stratégique en communication, de création, conception et réalisation d'actions de communication médias et hors médias.",joue,directive24,attribution,initial,Service d'Information du Gouvernement,75340,Paris cedex 07,,"['Abris', 'Publicité, Communication']","[1, 285]",non,non
20-70008,2020-05-31,2020-07-29,"['77', '75', '78', '91', '92', '93', '94']",Prestations d'Interprétariat et de Traduction pour les services d'administration centrale du Ministère de l'Agriculture et de l'Alimentation du ministère de l'Agriculture et d,joue,directive24,attribution,initial,Ministère de l'agriculture,75349,Paris 07 sp,,['Prestations de services'],[274],non,non
20-70166,2020-05-31,2020-06-30,['75'],Maintien en condition opérationnelle des avions CASA du ministère des Armées. (rectificatif),joue,directive81,appeloffre,rectificatif,MINARM/DMAé,75509,Paris cedex 15,,['Aéronautique'],[4],non,non
20-70103,2020-05-31,2020-08-29,['75'],Tierce Maintenance Applicative des applicatifs métiers de la CNSA,joue,directive24,appeloffre,initial,CNSA,75682,Paris cedex 14,,"['Assistance technique', 'Informatique (prestations de services)']","[19, 163]",non,non
20-70059,2020-05-31,2020-06-29,['75'],Assistance aux projets et activités de la Filière Digital et autres dispositifs innovants,joue,directive24,attribution,initial,CNAMTS,75986,Paris,,['Informatique (prestations de services)'],[163],non,non
20-69696,2020-05-31,2020-06-07,"['76', '14']",Concessions des ponts de Normandie et Tancarville - Fournitures de lampes et de matériels électriques,joue,autre,rectificatif,rectificatif,CCIT SEINE ESTUAIRE,76067,Le havre cedex,,['Eclairage public'],[102],non,non
20-70269,2020-05-31,2020-06-15,['76'],étude géotechnique et pollution des sols sur les anciennes décharges de Dollemard,joue,autre,rectificatif,rectificatif,Ville du Havre,76084,Le Havre,,['Etude'],[118],non,non
20-70026,2020-05-31,2020-08-26,['76'],Interventions de plongeurs scaphandriers pour l'entretien et les réparations d'ouvrages maritimes et fluviaux,joue,directive24,attribution,initial,Département de Seine Maritime,76101,Rouen Cedex,"[('2020-04-23', 'Tetis', (200000, 'EUR'), None)]","['Maintenance', 'Prestations de services']","[196, 274]",non,non
20-70308,2020-05-31,2020-06-30,['76'],Impression du magazine du Département de la Seine-Maritime,joue,directive24,appeloffre,initial,DEPARTEMENT DE SEINE-MARITIME,76101,Rouen Cedex,,['Impression'],[160],non,oui
20-70094,2020-05-31,2020-08-26,['76'],Fourniture et pose de dispositifs de retenue,joue,directive24,attribution,initial,METROPOLE ROUEN NORMANDIE,76176,Rouen,"[('2020-05-20', 'Agilis', (29166.5, 'EUR'), None)]",['Glissières de sécurité'],[142],non,oui
20-69805,2020-05-31,2020-07-15,['76'],Fourniture Et Acheminement D'Electricite Pour Tous Les Sites De La Ville De Grand-Couronne Et Prestations De Services Associes,joue,directive24,appeloffre,initial,COMMUNE DE GRAND COURONNE,76530,Grand-Couronne,,"['Electricité, gaz (fourniture)']",[443],non,non
20-70147,2020-05-31,2020-07-06,['76'],Fourniture de quincaillerie pour les ateliers municipaux,joue,directive24,appeloffre,initial,COMMUNE DE SAINT ETIENNE DU ROUVRAY,76806,St Etienne Du Rouvray,,['Quincaillerie (articles)'],[291],oui,oui
20-70229,2020-05-31,2020-07-02,['77'],Requalification De L'Enveloppe Exterieure Du Batiment De Chirurgie - Site De Montereau - Pour Le Compte Du Chsud77,joue,directive24,appeloffre,initial,GPE HOSPITALIER DU SUD ILE DE FRANCE,77300,Fontainebleau,,"['Menuiserie', 'Ravalement']","[222, 299]",non,non
20-70283,2020-05-31,2020-07-26,['77'],Gestion des activités péri et extrascolaires pour la ville de Bussy Saint-Georges,joue,directive24,appeloffre,initial,COMMUNE DE BUSSY ST GEORGES,77600,Bussy st georges,,['Prestations de services'],[274],non,non
20-69953,2020-05-31,2020-08-26,['78'],"Prestations de gestion des abonnements pour la Ville, le Ccas et la Cavgp",joue,directive24,attribution,initial,Ville de Versailles,78000,Versailles,"[('2020-02-04', 'Cid', (86917.9, 'EUR'), None)]",['Abonnement'],[2],non,non
20-70077,2020-05-31,2020-07-01,['78'],Fourniture et acheminement d'électricité et de gaz et services associés,joue,directive24,appeloffre,initial,EPCMDN-Versailles,78008,Versailles cedex,,"['Electricité, gaz (fourniture)']",[443],non,non
20-69850,2020-05-31,2020-07-30,"['78', '95', '93', '92', '77', '94', '91', '75', '60']",Accord cadre à bons de commande - impression des supports de communication,joue,autre,rectificatif,rectificatif,Commune d'Andrésy,78570,Andrésy,,['Impression'],[160],non,oui
20-70235,2020-05-31,2020-06-30,['81'],Fourniture de liants bitumineux pour les services du Département du Tarn,joue,directive24,appeloffre,initial,Département du Tarn,81013,Albi,,['Matériaux routiers'],[199],non,non
20-70238,2020-05-31,2020-08-26,['81'],Travaux de grenaillage des couches de roulement du réseau routier du département du Tarn,joue,directive24,attribution,initial,Département du Tarn,81013,Albi,"[('2020-05-18', 'Eurojoint', (488200, 'EUR'), None)]",['Voirie'],[365],oui,non
20-70282,2020-05-31,2020-09-15,['83'],LOCATION ET MAINTENANCE DE MATERIELS DE REPROGRAPHIE POUR L'ENSEMBLE DES USAGERS DE L'UNIVERSITÉ DE TOULON,joue,autre,rectificatif,rectificatif,UNIVERSITE DE TOULON,83041,Toulon cedex 9,,['Reprographie'],[305],non,non
20-69869,2020-05-31,2020-07-06,['83'],"Prestations topographiques des opérations de la Métropole Toulon Provence Méditerranée, en 2 lots",joue,directive24,appeloffre,initial,Métropole Toulon Provence Méditerranée,83041,Toulon,,['Etude'],[118],non,non
20-70281,2020-05-31,2020-09-15,['83'],LOCATION ET MAINTENANCE DE MATERIELS DE REPROGRAPHIE POUR L'ENSEMBLE DES USAGERS DE L'UNIVERSITÉ DE TOULON,joue,directive24,appeloffre,initial,UNIVERSITE DE TOULON,83041,Toulon cedex 9,,['Reprographie'],[305],non,non
20-69954,2020-05-31,2020-08-26,['83'],Travaux de retrait de matériaux contenant de l'amiante dans les chaufferies et réseaux de chauffage,joue,directive24,attribution,initial,COMMUNE DE TOULON,83056,Toulon,"[('2020-03-10', 'Cardem sous nom commercial Sn Prestosid', (235048.31, 'EUR'), None)]",['Amiante (désamiantage)'],[479],non,non
20-70173,2020-05-31,2020-08-26,['83'],Marché à procédure adaptée en vue des prestations de maîtrise d'oeuvre en vue de la création d'une crèche dans l'éco quartier Font Pré à Toulon,joue,directive24,attribution,initial,COMMUNE DE TOULON,83056,Toulon,"[('2020-03-10', 'Jean-Sébastien Deloues architecte', (64470, 'EUR'), None)]","[""Maîtrise d'oeuvre""]",[197],non,non
20-70174,2020-05-31,2020-08-26,['83'],Appel d'offres en vue des travaux de mise en sécurité du Talus dominant le parking de l'Ecole maternelle des Moulins,joue,directive24,attribution,initial,COMMUNE DE TOULON,83056,Toulon,"[('2020-05-01', 'Tetra Sas', (126040.5, 'EUR'), None)]",['Sondage (travaux)'],[478],non,non
20-69774,2020-05-31,2020-07-15,['83'],"Entretien, dépannage et installation de systèmes de climatisation",joue,directive24,appeloffre,initial,CA Provence Verte,83170,Brignoles,,"['Climatisation', 'Prestations de services']","[62, 274]",non,non
20-70164,2020-05-31,2020-06-29,['83'],REALISATION D'INTERVENTIONS SCOLAIRES DANS LE CADRE D'UN PROGRAMME DE SENSIBILISATION DES ECOLES,joue,directive24,appeloffre,initial,SIVED NG,83175,BRIGNOLES,,"['Déchets non ménagers (prestations)', 'Formation']","[404, 410]",non,non
20-62233,2020-05-31,2020-07-07,"['84', '13', '30']",entretien et maintenance des alarmes anti-intrusion et vidéo des bâtiments et écoles de la ville d'avignon 2020-2023,joue,directive24,appeloffre,initial,Ville d'Avignon,84045,Avignon cedex 09,,"['Alarme', 'Maintenance']","[5, 196]",non,oui
20-70306,2020-05-31,2020-06-28,['85'],Travaux d'entretien des espaces verts et des espaces naturels(Années 2020-2023),joue,directive24,appeloffre,initial,Ville de Montaigu-Vendée,85600,Montaigu-Vendée,,['Espaces verts'],[116],oui,non
20-70265,2020-05-31,2020-06-30,['85'],"Réalisation, pose et dépose de panneaux d'information ou de signalétiques départementales",joue,directive24,appeloffre,initial,Département de la Vendée,85923,La Roche Sur Yon,,"['Panneaux', 'Signalétique']","[261, 333]",non,non
20-70178,2020-05-31,2020-06-28,['86'],Essais préalables à la reception des travaux de réseaux et inspection télévisée des réseaux d'assainissement,joue,directive24,appeloffre,initial,Eaux de Vienne - Siveer,86000,Poitiers,,"['Alimentation en eau potable', 'Assainissement', 'Etanchéité', 'Réseaux divers', 'Ingénierie']","[6, 18, 117, 306, 455]",non,non
20-69839,2020-05-31,2020-07-03,['86'],fourniture de prestations de prothésie dentaire pour le chu de poitiers,joue,directive24,appeloffre,initial,CHU DE POITIERS,86021,Poitiers,,"['Matériel dentaire', 'Prothèses']","[201, 284]",non,non
20-70203,2020-05-31,2020-09-01,['87'],"MISSIONS DE MAITRISE D'OEUVRE DESAMIANTAGE, DEPOLLUTION ET DECONSTRUCTION DE LOGEMENTS ET BATIMENTS",joue,directive24,appeloffre,initial,Limoges Habitat,87000,LIMOGES,,"[""Maîtrise d'oeuvre"", 'Dépollution', 'Amiante (désamiantage)']","[197, 442, 479]",non,non
20-70163,2020-05-31,2020-06-17,['87'],"Fourniture d'amendements calciques, engrais horticoles, minéraux, organiques et améliorateurs de la vie du sol ou des plantes",joue,autre,rectificatif,rectificatif,COMMUNE DE LIMOGES,87031,Limoges Cedex 1,,"[""Produits de l'agriculture""]",[276],non,non
20-69203,2020-05-31,2020-11-29,['88'],recherche d'amiante et hap sur le réseau routier départemental des vosges,joue,directive24,attribution,initial,Conseil Départemental des Vosges,88088,Epinal,"[('2020-05-19', 'EXIM CUNY EXPERTISES', (9999999, 'EUR'), ""Recherche d'amiante et HAP sur le réseau routier départemental des Vosges"")]",['Amiante (diagnostic)'],[431],non,non
20-70065,2020-05-31,2020-06-19,['88'],Marchés pour la gestion d'accueils périscolaires et extrascolaires,joue,autre,rectificatif,rectificatif,CA DE SAINT DIE DES VOSGES,88100,SAINT-DIE-DES-VOSGES,,['Prestations de services'],[274],non,non
20-70007,2020-05-31,2020-07-01,['89'],Mission de maîtrise d'oeuvre pour la réhabilitation du pont franchissant l'Yonne à Cézy ? DR 134,joue,directive24,attribution,initial,DEPARTEMENT DE L YONNE,89089,Auxerre,"[('2020-05-07', 'Strains', (161804, 'EUR'), None)]","[""Maîtrise d'oeuvre"", 'Prestations de services']","[197, 274]",non,non
20-70195,2020-05-31,2020-07-15,"['90', '25', '70', '68']",Marché de maîtrise d'oeuvre pour la réhabilitation des bâtiments C et F de l'IUT Belfort-Montbéliard dans le cadre du projet ECO-CAMPUS,joue,directive24,appeloffre,initial,SODEB,90400,Meroux-Moval,,['Prestations de services'],[274],non,non
20-69958,2020-05-31,2020-08-26,['90'],"Le présent marché a pour objet l'exploitation, à compter de la rentrée scolaire 2020/2021, de dessertes scolaire d'élèves de l'enseignement du 1er degré (écoles maternelles et élém",joue,directive24,attribution,initial,SMTC90,90400,Meroux,"[('2020-04-30', 'Autocars Maron', (126900, 'EUR'), 'Lot 1 - Vétrigne - Roppe'), ('2020-04-30', 'Lk-Eurocar Horn', (162403.8, 'EUR'), 'Lot 2 - Cunelières - Fontenelle - Petit-Croix - Novillard - Montreux-Château'), ('2020-04-30', 'Lk-Eurocar Horn', (145272.3, 'EUR'), 'Lot 3 - Reppe - Foussemagne'), ('2020-04-30', 'Lk-Eurocar Horn', (330313.65, 'EUR'), 'Lot 4 - Bethonvilliers - Lagrange - Larivière - Fontaine - Frais + Bethonvilliers - Lagrange - Larivière - Vauthiermont - Angeot'), ('2020-04-30', 'Lk-Eurocar Horn', (313866, 'EUR'), 'Lot 5 - Bethonvilliers - Lagrange - Larivière - Vauthiermont - Angeot + Eguenigue - Menoncourt')]",['Transport'],[347],oui,oui
20-69890,2020-05-31,2020-07-29,['91'],"Entretien, réparation et pièces détachées des véhicules < 3.5 tonnes Lot 03: Secteur Evry-véhicules < 3.5 tonnes multi marques hors PEUGEOT, CITROEN et RENAULT",joue,directive24,attribution,initial,Conseil général de l'Essonne,91012,Evry cedex,"[('2020-05-25', 'Garage du souterrain', (400000, 'EUR'), 'Entretien, réparation et pièces détachées des véhicules < 3,5 tonnes - Lot 3 Secteur Evry - multi marques hors PEUGEOT CITROEN et RENAULT')]",['Véhicules'],[359],non,non
20-69972,2020-05-31,2020-06-06,"['91', '77', '75', '94']",Travaux de construction du groupe scolaire du Grand Parc à Bondoufle,joue,directive24,attribution,initial,Mairie de Bondoufle,91070,Bondoufle,"[('2020-04-08', 'BOYER', (2404652, 'EUR'), 'Terrassement, gros-oeuvre, étanchéité, façades briques'), ('2020-03-30', 'Belliard', (1373733, 'EUR'), 'Charpente Bois - Couverture - Façade bois'), ('2020-03-30', 'ATELIERS DES TERNES', (551942, 'EUR'), 'Menuiseries extérieures - Protections solaires'), ('2020-03-30', 'FMD', (365282, 'EUR'), 'Serrurerie - Metallerie'), ('2020-03-30', 'SOGEFI', (1436229, 'EUR'), 'Menuiseries intérieures - Cloisons - Doublages - Plafonds suspendus'), ('2020-03-30', 'DG PEINTURE', (499143.5, 'EUR'), 'Revêtements de sols - Peinture'), ('2020-03-30', 'INDUSTRIELLE DU FROID ET DE CUISSON', (138700, 'EUR'), 'Equipements de cuisine'), ('2020-03-30', 'CLIMAIRTEC', (918188, 'EUR'), 'Chauffage - Ventilation - Plomberie sanitaires'), ('2020-03-30', 'SPIE BATIGNOLLES ENERGIE', (491682.55, 'EUR'), 'Electricité courants forts - courants faibles'), ('2020-03-30', 'L2V Ascenseurs', (38770, 'EUR'), 'Ascenseur'), ('2020-03-30', 'SFRE', (628872, 'EUR'), 'VRD - Aménagements extérieurs')]","['Ascenseur', 'Charpente', 'Cuisine (équipement)', 'Electricité (travaux)', 'Gros oeuvre', 'Menuiserie', 'Revêtements de sols', 'Serrurerie', 'Ventilation', 'Voirie']","[17, 57, 77, 105, 144, 222, 308, 321, 360, 365]",non,non
20-69802,2020-05-31,2020-07-06,['91'],Nettoyage et entretien des locaux des groupes scolaires et sites extérieurs de la ville de Ris-Orangis,joue,directive24,appeloffre,initial,COMMUNE DE RIS ORANGIS,91130,Ris Orangis,,['Nettoyage de locaux'],[239],non,non
20-69967,2020-05-31,2020-07-10,"['91', '51']",Acquisition d'un spectromètre Raman avec des sondes in-situ,joue,directive24,appeloffre,initial,CENTRALESUPELEC,91190,Gif-sur-yvette,,"['Equipements spécialisés', 'Laboratoire (matériel)']","[115, 188]",non,non
20-70222,2020-05-31,2020-08-31,['92'],"PRESTATIONS DE SURETE ET DE SECURITE INCENDIE AVEC OU SANS TELESURVEILLANCE ET/OU VIDEOSURVEILLANCE, DES DIFFERENTS SITES DU DEPARTEMENT DES HAUTS-DE-SEINE",joue,directive24,appeloffre,initial,Cons. Départ. des Hauts-de-Seine,92000,Nanterre,,['Gardiennage'],[138],non,non
20-69857,2020-05-31,2020-08-22,"['93', '75', '94', '95']",Contrat de concession du service public de chauffage urbain,joue,autre,rectificatif,rectificatif,Commune de Rueil-Malmaison,92501,Rueil-Malmaison,,"['Chauffage (exploitation, entretien)']",[59],non,non
20-69823,2020-05-31,2020-07-10,['75'],"Maquettage, impression et livraison de documents de collecte du recensement de la population.",joue,directive24,appeloffre,initial,INSEE,92541,CS 70058 Montrouge cedex,,['Impression'],[160],non,non
20-60333,2020-05-31,2020-07-30,['93'],"prestations de maintenance d'un parc d'équipement de répartition de charge, acquisition de matériel et prestations de services associés pour la branche recouvrement de la sécurité sociale",joue,directive24,appeloffre,initial,ACOSS,93100,Montreuil,,['Informatique (maintenance serveurs et réseaux)'],[454],non,non
20-69939,2020-05-31,2020-08-26,['93'],Exploitation Et Maintenance Des Ascenseurs De L'Ophmontreuillois,joue,directive24,appeloffre,initial,OFFICE PUB DE L HABITAT MONTREUILLOIS,93100,Montreuil,,['Ascenseur'],[17],non,non
20-69806,2020-05-31,2020-06-08,"['93', '75', '94']","Marché multi-tech,ique d'exploitation avec gros entretien des installations thermiques de la ville et du Ccas",joue,autre,rectificatif,rectificatif,Commune de Noisy-le-Sec,93130,Noisy-le-Sec,,"['Chauffage (exploitation, entretien)']",[59],non,non
20-69931,2020-05-31,2020-09-28,['93'],LOCATION LONGUE DUREE DE VEHICULES DE TOURISME ET UTILITAIRES ET PRESTATIONS ASSOCIEES POUR L'EFS,joue,autre,rectificatif,rectificatif,Etablissement Français du Sang,93218,La Plaine Saint Denis,,['Véhicules (location)'],[474],non,non
20-69753,2020-05-31,2020-07-29,"['59', '34', '49', '74']","Location - maintenance d'automates complets de sérologie en technique microplaques Elisa, accessoires et prestations associées",joue,directive24,attribution,initial,Etablissement Français du Sang,93218,La plaine saint denis cedex,"[('2020-04-20', 'BIO-RAD FRANCE', (688292.72, 'EUR'), ""LOCATION - MAINTENANCE D'AUTOMATES COMPLETS DE SEROLOGIE EN TECHNIQUE MICROPLAQUES ELISA, ACESSOIRES ET PRESTATIONS ASSOCIEES POUR L'EFS ET LE CTSA"")]",['Automate'],[402],non,oui
20-70127,2020-05-31,2020-10-12,"['93', '69']",Fourniture de solution hydro alcoolique et gants à usage unique,joue,directive24,appeloffre,initial,Etablissement Français du Sang,93218,La plaine Saint Denis Cedex,,['Consommables médicaux'],[69],non,non
20-49346,2020-05-31,2020-07-01,['93'],"la fourniture et livraison de livres de bibliothèques, dvd et blue-ray et jeux vidéo",joue,directive24,appeloffre,initial,Commune de Sevran,93270,Sevran,,"['Cd, DVD', 'Livres']","[45, 184]",non,non
20-70012,2020-05-31,2020-06-29,['93'],Marché d'entretien des équipements de robinetterie du patrimoine géré par l'OPH d'Aubervilliers,joue,directive24,appeloffre,initial,OPH AUBERVILLIERS,93300,Aubervilliers,,"['Plomberie (travaux)', 'Prestations de services']","[270, 274]",non,non
20-69779,2020-05-31,2020-07-30,['75'],Marché d'assurance DO et CCRD,joue,directive24,appeloffre,initial,REGION ÎLE-DE-FRANCE,93500,Pantin,,"['Assurance', 'Prestations de services']","[20, 274]",non,non
20-69932,2020-05-31,2020-07-20,"['94', '75', '92', '93', '91', '77', '78']",Prestation de sureté anti-malveillance et de sécurité incendie pour les établissements des Hôpitaux Confluence Val de Marne - Essonne,joue,directive24,appeloffre,initial,HOPITAL INTERCOMMUNAL DE CRETEIL,94000,Créteil,,['Gardiennage'],[138],non,non
20-70348,2020-05-31,2020-06-19,"['94', '91', '92', '93']",Travaux rénovation de courts de tennis,fns,cmp2006,appeloffre,rectificatif,SYND INTERDEPARTEMENTAL PARC SPORTS CH,94000,Créteil,,['Terrain de sport'],[342],non,non
20-70179,2020-05-31,2020-07-04,['94'],"Concession d'aménagement pour la réalisation du site "" Gare des Trois Communes "" de la ZAC multi-sites Lallier - Gare des Trois Communes à L'Haÿ-les-Roses.",joue,directive23,appeloffre,initial,GRAND ORLY SEINE BIEVRE,94398,Orly Aérogares cedex,,"['Bâtiment', 'Délégation de service public']","[33, 406]",non,non
20-70090,2020-05-31,2020-07-15,['94'],Accompagnement au recrutement de personnel cadre et non cadre (Cdd et Cdi) pour répondre aux besoins du Fgao des assurances obligatoires de dommages,joue,directive24,appeloffre,initial,FONDS GARANTIE ASSUR OBL DE DOMMAGES,94682,Vincennes,,['Prestations de services'],[274],non,non
20-69904,2020-05-31,2020-06-30,['94'],Acquisition d'une configuration de chromatographie en phase gazeuse couplée à un spectromètre de masse en tandem pour la réalisation d'analyses de pesticides,joue,directive24,appeloffre,initial,ANSES,94701,Maisons-alfort cedex,,"['Analyses médicales, biologiques']",[8],non,oui
20-70243,2020-05-31,2020-07-10,['95'],Prestations de services en assurance construction pour le Pôle culturel,joue,autre,rectificatif,rectificatif,Ville de Garges-lès-Gonesse,95141,Garges lès gonesse,,['Assurance'],[20],non,non
20-58958,2020-05-31,2020-11-30,"['77', '93', '95', '75']",Concession d'aménagement pour la réalisation de la ZAC des 2 moulins à compans (77),joue,directive23,attribution,initial,Communauté d'Agglo Roissy Pays de Fce,95700,Roissy-en-France,,['Prestations de services'],[274],non,non
20-70134,2020-05-31,2020-06-24,['971'],TRAVAUX DE SECURITE ROUTIERE SUR LE DOMAINE DEPARTEMENTAL - Période 2019-2023,joue,autre,rectificatif,rectificatif,Conseil Départemental de la Guadeloupe,97100,Basse-Terre,,['Matériel de sécurité'],[209],oui,oui
20-69860,2020-05-31,2020-06-06,['976'],Concours restreint de maîtrise d'oeuvre sur Esquisse + relatif à la réalisation d'un équipement sportif et d'un internat sur la zone de Kawéni - commune de Mamoudzou,joue,directive24,preinformation,initial,Rectorat de Mayotte,97600,Mamoudzou,,['Prestations de services'],[274],oui,non
20-69951,2020-05-31,2020-08-26,['976'],Etudes préalables à la définition de zones d'aménagement touristique dans le cadre de l'opération d'intérêt national,joue,directive24,attribution,initial,ETS PUB FONCIER ET AMENAGEMENT MAYOTTE,97600,Mamoudzou,"[('2020-02-20', 'Oteis', (138300, 'EUR'), 'Secteur Nord-ouest'), ('2020-02-20', 'Scet', (136000, 'EUR'), 'Secteur Centre'), ('2020-02-20', 'Mdp', (134675, 'EUR'), 'Secteur Sud')]",['Ingénierie'],[455],non,non
20-69990,2020-05-31,2020-08-26,['976'],études de faisabilité - Zone d'activité économique (Zae) de Malamani,joue,directive24,attribution,initial,ETS PUB FONCIER ET AMENAGEMENT MAYOTTE,97600,Mamoudzou,"[('2020-02-28', 'Ingerop Conseil Et Ingenierie (Ici)', (499850, 'EUR'), ""Conception et maîtrise d'oeuvre d'infrastructures Vrd, d'aménagement d'espaces publics et paysagers et d'ouvrages de génie civil"")]","['Etude', 'Ingénierie']","[118, 455]",non,non
20-69773,2020-05-31,2020-06-09,"['974', '75']",Acquisition de matériels scientifiques pour MAP-IO,joue,autre,rectificatif,rectificatif,Université de la Réunion,97744,Saint-denis cedex 9,,['Equipements spécialisés'],[115],non,non
20-69899,2020-05-31,2020-08-16,['974'],MARCHE DE CONSEIL ET D'EXPERTISE TECHNIQUE,joue,directive24,attribution,initial,Conseil Régional de la Réunion,97801,Saint denis cedex 9,,['Etude'],[118],non,non
20-69700,2020-05-31,2020-07-08,['974'],Acquisition d'Applications et de Licences Logicielles,joue,directive24,appeloffre,initial,TERRITOIRE DE LA COTE OUEST,97822,Le Port Cedex,,['Logiciel'],[186],non,non
20-68720,2020-05-31,2020-07-08,['63'],"marché de services d'exploitation et de maintenance des systèmes de chauffage, d'eau chaude sanitaire, de climatisation et de ventilation du crous clermont auvergne",joue,directive24,appeloffre,initial,CROUS de Clermont-Ferrand,,Clermont-Ferrand,,"['Chauffage (exploitation, entretien)', 'Chauffage (matériel)', 'Chauffage (travaux)', 'Climatisation', 'Ventilation']","[59, 60, 61, 62, 360]",non,non
20-68829,2020-05-31,2020-06-30,"['59', '62']",construction de 78 logements en 2 tranches :tranche 1 50 logements locatifs locatifs et 8 logements individuels locatifs .tranche 2:20 logements individuels en accessions,joue,directive24,attribution,initial,LE COTTAGE SOCIAL DES FLANDRES,,DUNKERQUE,,"['Bardage', 'Bâtiment', 'Carrelage', 'Charpente', 'Chauffage (travaux)', 'Couverture', 'Electricité (travaux)', 'Etanchéité', 'Menuiserie', 'Peinture (travaux)', 'Plâtrerie', 'Plomberie (travaux)', 'Revêtements de sols', 'Revêtements muraux', 'Serrurerie', 'Ventilation']","[30, 33, 53, 57, 61, 74, 105, 117, 222, 264, 269, 270, 308, 309, 321, 360]",non,non
20-69408,2020-05-31,2020-08-30,"['14', '50', '61']",achat d'un imageur biomoléculaire,joue,directive24,attribution,initial,Université de Caen Normandie,,CAEN,"[('2020-04-23', 'GE HEALTHCARE', (174734, 'EUR'), ""Achat d'un imageur biomoléculaire"")]",['Laboratoire (matériel)'],[188],non,non
20-70139,2020-05-31,2020-07-17,"['93', '75', '972', '20B']",opérations d'arrets techniques des vedettes de la dgddi,joue,directive24,appeloffre,initial,DGDDI,,montreuil,,['Construction navale'],[70],non,non
