a00_cle_idweb,g04_01_date_publication,g04_03_date_fin_diffusion,g04_07_dep_publication,g04_09_resume_objet,g01_02_01_famille,g01_02_02_perimetre,g01_02_03_nature,g01_02_04_statut,d01_01_denomination,d01_07_cp,d01_08_ville,d08_09_decision_titulaireandRENSEIGNEMENT,g04_052_descripteurs_libelles,g04_051_descripteurs_codes,g04_061_criteres_sociaux,g04_062_criteres_environnementaux
20-30967,2020-03-01,2020-03-31,['99'],Rome - Palais Farnèse - Restauration des façades et de la toiture.,joue,directive24,appeloffre,initial,Ministère des Affaires étrangères,00186,Rome,,"['Abris', ""Tous corps d'état""]","[1, 345]",non,non
20-30963,2020-03-01,2020-03-31,['1'],Fourniture et pose de signalétique pour les bâtiments du Conseil départemental de l'Ain,joue,directive24,appeloffre,initial,DEPARTEMENT DE L AIN,01003,BOURG EN BRESSE CEDEX,,['Signalétique'],[333],non,non
20-28757,2020-03-01,2020-04-14,"['2', '51', '60', '77']","marché de collecte en porte-à-porte et en apport volontaire des omr, des recyclables et du verre dans le cadre de la mise en oeuvre d'une tarification incitative",joue,directive24,appeloffre,initial,CA DE LA REGION DE CHATEAU THIERRY,02400,ETAMPES-SUR-MARNE,,"['Collecte sélective', 'Ordures ménagères (prestations)']","[82, 249]",non,non
20-31037,2020-03-01,2020-05-27,['3'],"Acquisition de vidéoprojecteurs et d'équipements audio-visuels avec mise en oeuvre, maintenance pour projection sur différents sites du Département 03",joue,directive24,attribution,initial,DEPARTEMENT DE L ALLIER,03016,Moulins,"[('2020-02-27', 'novelty france', (907016, 'EUR'), None)]",['Audiovisuel'],[22],non,non
20-30673,2020-03-01,2020-03-31,['5'],Un accord-cadre multi attributaire pour la réalisation de travaux de réparation des Oa et de travaux géotechniques,joue,directive24,appeloffre,initial,DEPARTEMENT DES HAUTES-ALPES,05008,Gap,,"[""Ouvrage d'art""]",[252],non,non
20-31039,2020-03-01,2020-04-06,['6'],CHU de NICE - ARCHET 2- RELOCALISATION DU SERVICE DE GENETIQUE - MAITRISE D'OEUVRE,joue,autre,rectificatif,rectificatif,C.H.U. de Nice,06003,Nice cedex 1,,['Prestations de services'],[274],non,non
20-30632,2020-03-01,2020-05-04,['6'],FOURNITURE DE PRODUITS HYDROALCOOLIQUES,joue,directive24,appeloffre,initial,C.H.U. de Nice,06003,Nice cedex 1,,['Hygiène (articles)'],[153],non,non
20-31072,2020-03-01,2020-03-17,"['6', '13']",PRESTATIONS DE TRAITEMENT DES TITRES DE TRANSPORT ZOU! ETUDES,joue,directive25,appeloffre,initial,REGIE REGIONALE DES TRANSPORTS DE PACA,06007,Nice cedex 1,,"['Prestations de services', 'Carte magnétique, carte à puce']","[274, 403]",non,non
20-18382,2020-03-01,2020-04-08,"['6', '13', '83']",prestations de nettoyage des bâtiments de la communauté d'agglomération du pays de grasse (2 lots),joue,directive24,appeloffre,initial,C.A. PAYS DE GRASSE,06130,GRASSE,,['Nettoyage de locaux'],[239],non,non
20-24327,2020-03-01,2020-04-08,"['6', '83', '13']",Emission et livraison de titres restaurant pour les agents de la capg,joue,directive24,appeloffre,initial,C.A. PAYS DE GRASSE,06130,GRASSE,,['Titres restaurant'],[416],non,non
20-30711,2020-03-01,2020-03-26,['6'],"Missions de pré-localisation et recherche de fuites, traçage de canalisation et mesure hydraulique sur les réseaux d'eau potable et d'eau brute",joue,directive25,attribution,initial,REGIE EAU D'AZUR,06203,Nice Cedex 3,,['Canalisations'],[48],non,non
20-31010,2020-03-01,2020-03-31,"['6', '83']",Marché d'assistance à maîtrise d'ouvrage pour l'opération de réalisation d'unerésidence universitaire sur le site Dumont d'Urville à Toulonincluant la rédaction du prog,joue,directive24,appeloffre,initial,CROUS NICE-TOULON,06300,Nice,,"['Etude', ""Assistance à maîtrise d'ouvrage"", 'Ingénierie']","[118, 433, 455]",non,non
20-30661,2020-03-01,2020-04-09,['6'],accord cadre pour la maintenance annuelle d'un terrain de beach volley et installation d'un terrain de basket en dalles modulables (hors fourniture de dalles) pour le centre de loisirs jeunesse,joue,directive24,appeloffre,initial,Ville de Cagnes sur Mer,06800,cagnes-sur-mer,,['Aire de jeux'],[400],non,non
20-30660,2020-03-01,2020-04-03,['8'],Prestations de balayage mécanique sur les routes et propriétés du Conseil départemental des Ardennes-.,joue,directive24,appeloffre,initial,Conseil Départemental des Ardennes,08011,CHARLEVILLE MEZIERES cedex,,['Assainissement'],[18],non,non
20-30783,2020-03-01,2020-03-28,['10'],travaux d'extension du parc du grand troyes phase 6a'' lot 2 à 4.,joue,directive24,intentionconclure,initial,Troyes Champagne Métropole,10000,Troyes,"[('2020-02-26', 'ROUSSEY', (478128.3, 'EUR'), 'Terrassements voirie et signalisation '), ('2020-02-26', 'ROUSSEY', (231015.23, 'EUR'), 'Réseaux eaux pluviales, eau potable, tranchée commune réseaux, télécom '), ('2020-02-26', 'FRANCE ENVIRONNEMENT', (74772.96, 'EUR'), 'Paysage')]","['Espaces verts', 'Réseaux divers', 'Terrassement']","[116, 306, 341]",non,non
20-30324,2020-03-01,2020-04-28,"['13', '83', '84']",SIGNALISATION ROUTIERE,joue,directive24,attribution,initial,METROPOLE D AIX MARSEILLE PROVENCE,13007,Marseille,"[('2020-01-16', 'LACROIX CITY', (598229.7, 'EUR'), 'Jalonnement'), ('2020-01-16', 'LACROIX CITY', (690436.02, 'EUR'), 'Fourniture et pose de signalisation de police'), ('2020-01-16', 'NADIA SIGNALISATION', (50378.8, 'EUR'), 'Fourniture de signalisation temporaire'), ('2020-01-16', 'LACROIX CITY', (81919.85, 'EUR'), 'Fourniture et pose de portiques')]",['Signalisation'],[322],non,non
20-30924,2020-03-01,2020-04-28,['13'],Fourniture de matériels de signalisation lumineuse,joue,directive24,attribution,initial,METROPOLE D AIX MARSEILLE PROVENCE,13007,Marseille,"[('2020-01-16', 'AXIMUM Produits électroniques', (307825.0, 'EUR'), 'Signaux lumineux et supports'), ('2020-01-16', 'AXIMUM Produits électroniques', (322700.0, 'EUR'), 'Contrôleurs de carrefours à feux')]",['Signalisation'],[322],non,non
20-30724,2020-03-01,2020-04-02,['13'],"Travaux de réparation et de renforcement de la Corniche Kennedy, à Marseille (7ème arrondissement) - Phases 3 et 4",joue,directive24,appeloffre,initial,METROPOLE D AIX MARSEILLE PROVENCE,13007,Marseille,,['Génie civil'],[141],non,non
20-30765,2020-03-01,2020-04-28,['13'],"Fourniture de pièces détachées et accessoires pour l'entretien, la réparation et l'équipement des engins de collecte et de propreté",joue,directive24,attribution,initial,METROPOLE D AIX MARSEILLE PROVENCE,13007,Marseille,"[('2019-11-22', 'EUROVOIRIE', (77085.56, 'EUR'), ""Fourniture de pièces détachées et d'accessoires pour l'entretien, la réparation et l'équipement des caissons de marque EUROVOIRIE ""), ('2019-11-22', 'GEESINKNORBA', (25883.25, 'EUR'), ""Fournitures de pièces détachées et d'accessoires pour l'entretien, la réparation et l'équipement des caissons de marque GEESINK NORBA""), ('2019-11-22', 'EUROPE SERVICE', (166886.0, 'EUR'), ""Fournitures de pièces détachées et d'accessoires pour l'entretien, la réparation et l'équipement des caissons et châssis de marque SCHMIDT"")]",['Pièces détachées'],[266],non,non
20-30928,2020-03-01,2020-03-27,['13'],"La Fourniture et la livraison en cuve de gasoil, gasoil non routier (GNR et fuel domestique (hiver -18°)",joue,directive24,attribution,initial,COMMUNE DE TARASCON,13158,Tarascon,"[('2020-02-26', 'BURAVAND', (400000, 'EUR'), 'Fourniture de carburants (livraison en cuve) : Gasoil, GNR, Fuel domestique')]","['Carburant, hydrocarbure']",[52],non,non
20-30678,2020-03-01,2020-03-16,['13'],Maintenance Des Moteurs électriques Et Pompes Des Installations De Production Et Distribution D'Eau Et D'Installations Annexes,joue,autre,rectificatif,rectificatif,GRAND PORT MARITIME DE MARSEILLE,13226,Marseille,,"['Equipement hydraulique', 'Matériel électrique', 'Pompes']","[111, 203, 272]",non,non
20-31157,2020-03-01,2020-04-01,['13'],Fournitures Destinees Aux Activites De Restauration Collective Du Grand Port Maritime De Marseille,joue,directive24,appeloffre,initial,GRAND PORT MARITIME DE MARSEILLE,13226,Marseille,,"['Restauration collective', 'Vaisselle', 'Verre']","[66, 357, 361]",non,non
20-31144,2020-03-01,2020-04-15,['13'],Travaux d'aménagements intérieurs dans les bâtiments du Gpmm - Bassins Est et Ouest,joue,directive24,appeloffre,initial,GRAND PORT MARITIME DE MARSEILLE,13226,Marseille,,"['Electricité (travaux)', 'Peinture (travaux)', 'Plomberie (travaux)']","[105, 264, 270]",non,non
20-30638,2020-03-01,2020-04-10,['13'],Location de chalets démontables - Décorations et illuminations de ces chalets,joue,directive24,appeloffre,initial,Ville de Marseille,13233,Marseille cedex 20,,['Abris'],[1],non,non
20-30647,2020-03-01,2020-05-29,['13'],"PLAN ECOLE D'AVENIR - MISSION D'ASSISTANCE A MAITRISE D'OUVRAGE PROGRAMMATIQUE ET TECHNIQUE, JURIDIQUE ET FINANCIERE, ENVIRONNEMENTALE ET CONDUITE DU CHANGEMENT 4 lots",joue,directive24,attribution,initial,Ville de Marseille,13233,Marseille cedex 20,,"[""Assistance à maîtrise d'ouvrage""]",[433],oui,oui
20-28794,2020-03-01,2020-03-31,['13'],traitement des dechets papiers,joue,directive24,appeloffre,initial,Université d'Aix-Marseille,13284,Marseille cedex 7,,['Déchets non ménagers (prestations)'],[404],oui,non
20-31093,2020-03-01,2020-03-30,['13'],"Assistance à maîtrise d'ouvrage de programmation, de qualité environnementale, d'ingénierie de la restauration et d'économie de la construction pour la restructuration du lycée Esc",joue,directive24,appeloffre,initial,Région Provence Alpes Côte d'Azur,13481,Marseille,,"['Assistance technique', ""Assistance à maîtrise d'ouvrage""]","[19, 433]",non,non
20-30881,2020-03-01,2020-04-09,"['13', '4', '6', '5', '84', '83']","Solution ToIP pour l'Institut politiques d'Aix-en-Provence (installation, maintenance et travaux d'extension)",joue,directive24,appeloffre,initial,Institut d'Etudes Politiques Aix-en-Pr,13625,Aix-en-provence cedex 01,,['Télécommunications'],[338],non,non
20-30744,2020-03-01,2020-03-29,['14'],2019SAA164 - Collecte et élimination des déchets dangereux et non dangereux,joue,directive24,attribution,initial,DEPARTEMENT DU CALVADOS,14035,CAEN CEDEX,"[('2019-12-12', 'YVES MADELINE SAS', (5959, 'EUR'), '2019SAA164 - Collecte et élimination des déchets dangereux et non dangereux - Lot 1 :les emballages et les matériaux souillés.'), ('2019-12-12', 'CHIMIREC', (1248, 'EUR'), '2019SAA164 - Collecte et élimination des déchets dangereux et non dangereux - Lot 2 Les liquides.'), ('2019-12-12', 'MADELINE SAS', (720, 'EUR'), '2019SAA164 - Collecte et élimination des déchets dangereux et non dangereux - lot 3 Les pâteux'), ('2019-12-12', 'TRIADIS SERVICES SAS', (2020, 'EUR'), '2019SAA164 - Collecte et élimination des déchets dangereux et non dangereux . lot 4 les aérosols'), ('2019-12-12', 'YVES MADELINE SAS', (420, 'EUR'), ""2019SAA164 - Collecte et élimination des déchets dangereux et non dangereux - Lot 5 : Les déchets d'équipements électriques et électroniques""), ('2019-12-12', 'CHIMIREC', (3976, 'EUR'), '2019SAA164 - Collecte et élimination des déchets dangereux et non dangereux - Lot 6 : Les huiles usagées'), ('2019-12-12', 'VEOLIA RECYCLAGE VALORISATION NORMANDIE', (24110, 'EUR'), '2019SAA164 - Collecte et élimination des déchets dangereux et non dangereux - Lot 7 : Les déchets banals'), ('2019-12-12', 'SUEZ RV NORMANDIE', (5250, 'EUR'), '2019SAA164 - Collecte et élimination des déchets dangereux et non dangereux - Lot 8 Les pneumatiques')]","['Conteneur, poubelles', 'Déchets non ménagers (prestations)']","[71, 404]",non,non
20-30957,2020-03-01,2020-04-26,['16'],"Fourniture de vêtements et chaussures professionnels, d'équipements de protection individuels, d'uniformes et de matériel de maintien de l'ordre - 8 lots",joue,directive24,attribution,initial,Commune d'Angoulême,16023,Angoulême cedex,,['Habillement'],[150],non,non
20-31059,2020-03-01,2020-04-01,['17'],Centre de contacts,joue,directive24,appeloffre,initial,E.N.I.M.,17183,PERIGNY,,"['Prestations de services', 'Progiciel']","[274, 283]",non,non
20-31182,2020-03-01,2020-03-10,['20B'],"DEMOLITION D'UNE PASSERELLE AVEC DEPOSE ET POSE DES RESEAUXD'EAU, D'ELECTRICITE ET FIBRE.",joue,directive24,appeloffre,initial,MAIRIE DE SAINT-FLORENT,20217,SAINT-FLORENT,,"['Electrification rurale', 'Fibre optique', 'Passerelle']","[106, 133, 286]",non,non
20-31184,2020-03-01,2020-03-31,['20B'],"concours restreint de maîtrise d'oeuvre sur 'APS' portant sur la construction d'un espace culturel polyvalent, d'un parking et d'aménagements paysagers",joue,directive24,attribution,initial,Ville de Corbara,20256,CORBARA,,"[""Maîtrise d'oeuvre""]",[197],non,oui
20-30734,2020-03-01,2020-04-02,['21'],contournement de mirebeau-sur-bèze - réalisation des terrassements sur la section est (giratoire rd 959 sud / rd 70 nord) et construction d'un giratoire au raccordement de la rd 70 ,joue,directive24,appeloffre,initial,Conseil Départemental de Côte-d'Or,21035,Dijon cedex,,"['Terrassement', 'Voirie']","[341, 365]",non,non
20-30730,2020-03-01,2020-04-09,['21'],location de longue durée de véhicules légers et fourgonnettes neufs pour les besoins du conseil départemental de la côte d'or,joue,directive24,appeloffre,initial,Conseil Départemental de Côte-d'Or,21035,Dijon cedex,,['Véhicules (location)'],[474],non,non
20-31147,2020-03-01,2020-03-31,['23'],"Acquisition d'un progiciel de gestion financière, prestations associées et prestations de maintenance pour le Département de la Creuse",joue,directive24,appeloffre,initial,Conseil départemental de la Creuse,23011,Gueret,,['Logiciel'],[186],non,non
20-30862,2020-03-01,2020-05-31,"['25', '21', '39', '58', '70', '71', '89', '90']",Fourniture de prothèses dentaires et matériels similaires pour le CHU de Besançon,joue,directive24,appeloffre,initial,CENTRE HOSPITALIER REGIONAL UNVT,25030,Besançon,,['Prothèses'],[284],non,non
20-31097,2020-03-01,2020-03-31,"['25', '21', '39', '70', '58', '71', '89', '90']",dispositif de mesures des couvertures voix/sms et données mobiles en bourgogne franche-comté,joue,directive24,appeloffre,initial,REGION BOURGOGNE FRANCHE COMTE,25031,Besançon,,"['Logiciel', 'Matériel de téléphonie']","[186, 339]",non,non
20-30570,2020-03-01,2020-03-28,['25'],marché de conception réalisation de rénovation énergétique de 5 gymnases à besançon,joue,directive24,intentionconclure,initial,Ville de Besançon,25034,Besançon,,"[""Maîtrise d'oeuvre"", ""Tous corps d'état""]","[197, 345]",non,non
20-31136,2020-03-01,2020-04-11,['25'],Marché de nettoyage des locaux et vitrerie des sites et agences de la MSA de FC,joue,directive24,appeloffre,initial,MSA DE FRANCHE COMTE ,25090,Besançon cedex,,"['Nettoyage de locaux', 'Mise à disposition de personnel']","[239, 461]",oui,oui
20-30787,2020-03-01,2020-04-09,"['25', '39']",Fourniture de réactifs de bacteriologie pour le compte du GCS de Biologie de l'Arc Jurassien,joue,directive24,appeloffre,initial,C.H.I. de Haute-Comté,25304,Pontarlier Cedex 4,,['Réactifs'],[301],non,non
20-30685,2020-03-01,2020-05-27,['26'],"193197 - Création de deux réservoirs sur tour sur le plateau de Lautagne - Lot 1 : Terrassements, génie civil des réservoirs sur tour et de la galerie, habillage architectural et é",joue,directive25,attribution,initial,VALENCE ROMANS SUD RHONE-ALPES,26021,Valence,"[('2020-02-27', 'Demathieu bard', (4650000, 'EUR'), None)]",['Terrassement'],[341],non,non
20-30835,2020-03-01,2020-04-06,['26'],Fourniture De Dispositifs Medicaux Steriles,joue,directive24,appeloffre,initial,GPT HOSPITALIER PORTES DE PROVENCE,26216,Montelimar,,['Consommables médicaux'],[69],non,non
20-31075,2020-03-01,2020-03-30,['27'],"Reconstruction du collège Maurice de Broglie à Broglie Relance des lots 1, 6, 8 et 10",joue,directive24,appeloffre,initial,DEPARTEMENT DE L EURE,27021,Evreux cedex 01,,"['Peinture (travaux)', ""Tous corps d'état""]","[264, 345]",oui,non
20-30795,2020-03-01,2020-04-30,['29'],fourniture de matériels scientifiques complémentaires à l'existant (machine d'essais de traction-compression et autres),joue,directive24,attribution,initial,ECOLE NATIONALE D INGENIEURS DE BREST,29238,BREST Cedex 3,"[('2020-02-27', 'GOM France SAS', (57800, 'EUR'), 'Dispositif de mesures 3D des déplacements sans contact en temps réel'), ('2020-02-04', 'INSTRON France SAS', (31127, 'EUR'), 'Enceinte climatique pour machine INSTRON E10000'), ('2020-02-04', 'INSTRON France SAS', (11482, 'EUR'), ""Montages d'essais pour machine INSTRON E10000""), ('2020-02-27', 'NATIONAL INSTRUMENTS France SAS', (18316.62, 'EUR'), ""Système d'acquisition et de génération de signaux électriques modulaire"")]","[""Banc d'essais"", 'Equipement industriel', 'Laboratoire (matériel)', 'Matériel électronique', 'Matériel de précision']","[29, 112, 188, 204, 215]",non,non
20-30666,2020-03-01,2020-04-06,['29'],Accord cadre relatif à la fourniture de matériels motorisés pour l'entretien des espaces verts,joue,directive24,attribution,initial,Brest métropole,29238,Brest cedex 2,,"['Equipement thermique', 'Matériel agricole, horticole', 'Matériel électrique']","[114, 200, 203]",non,non
20-30886,2020-03-01,2020-03-28,"['75', '77', '78', '91']",SONO-DEFILE-MILITAIRE-14-07,joue,directive24,attribution,initial,DIRISI,29240,Brest-cedex-9,"[('2020-02-27', 'BS TECHNOLOGY', (4247324, 'EUR'), 'Sonorisation du défilé militaire du 14 juillet sur les Champs-Elysées - Paris.')]",['Sonorisation'],[324],non,non
20-30972,2020-03-01,2020-03-31,['30'],"FOURNITURE DE VERRERIE, DE PETITS MATERIELS DE LABORATOIRES, DE CONES ET POINTES",joue,directive24,appeloffre,initial,CENTRE HOSPITALIER UNIVERSITAIRE,30029,Nîmes,,['Laboratoire (fourniture)'],[181],non,non
20-31134,2020-03-01,2020-04-29,['30'],Surveillance des sites communaux de la Ville de Saint-Gilles,joue,directive24,appeloffre,initial,COMMUNE DE SAINT GILLES,30800,Saint-Gilles,,['Surveillance'],[331],non,non
20-31089,2020-03-01,2020-03-17,['31'],Prestations de nettoyage quotidien des sites Tisseo,joue,directive25,appeloffre,initial,TISSEO,31081,Toulouse,,['Nettoyage de locaux'],[239],non,non
20-30619,2020-03-01,2020-05-27,['31'],Fourniture de service d'interconnexion de sites et d'accès Internet,joue,directive24,attribution,initial,CRA OCCITANIE,31321,Castanet Tolosan Cedex,"[('2020-02-05', 'Société Française Radiotéléphone (Sfr)', (690840, 'EUR'), None)]","['Informatique (prestations de services)', 'Informatique (maintenance serveurs et réseaux)']","[163, 454]",non,non
20-31151,2020-03-01,2020-04-03,['31'],19c237ao - Pr/Jm - Fourniture de produits de marquage routier (signalisation horizontale) - Années 2020 à 2024,joue,directive24,appeloffre,initial,TOULOUSE METROPOLE,31505,Toulouse,,['Peinture (fourniture)'],[263],non,non
20-31169,2020-03-01,2020-05-27,['31'],Accord-Cadre De Maitrise D'Oeuvre Pour L'Amenagement Des Espaces Publics Du Quartier Albi-Rostand -Commune De Toulouse - Va/Nf,joue,directive24,attribution,initial,TOULOUSE METROPOLE,31505,Toulouse,"[('2020-02-28', 'Egis Villes & Transports', (742803, 'EUR'), None)]",['Génie civil'],[141],non,non
20-30648,2020-03-01,2020-03-23,['31'],"Fourniture, installation, maintenance, entretien et exploitation commerciale de mobiliers urbains publiciatires",joue,directive23,appeloffre,initial,Commune de Plaisance du Touch,31830,Plaisance du Touch,,['Mobilier urbain'],[231],non,non
20-30609,2020-03-01,2020-05-27,['32'],Maintenance des équipements réseaux informatiques et de Toip et fournitures associées,joue,directive24,attribution,initial,Département de Gers,32022,Auch,"[('2020-01-22', 'Spie Ics Sas', (311401.74, 'EUR'), None)]",['Informatique (maintenance serveurs et réseaux)'],[454],non,non
20-30338,2020-03-01,2020-04-07,"['32', '31']",Mission de maîtrise d'oeuvre pour l'aménagement de la zae pont-peyrin III,joue,directive24,appeloffre,initial,CC DE LA GASCOGNE TOULOUSAINE,32600,LISLE-JOURDAIN,,"[""Maîtrise d'oeuvre"", ""Ouvrage d'infrastructure"", 'Ingénierie']","[197, 253, 455]",non,non
20-30935,2020-03-01,2020-03-20,['33'],elaboration de menus et livraison de repas en liaison froide a destination des etablissements d'accueil du jeune enfant de la ville de bordeaux (rectificatif),joue,autre,rectificatif,rectificatif,COMMUNE DE BORDEAUX,33045,BORDEAUX,,"['Repas, traiteur']",[304],non,non
20-31124,2020-03-01,2020-03-30,['33'],Acquisition de livres scolaires,joue,directive24,appeloffre,initial,COMMUNE DE BORDEAUX,33045,BORDEAUX,,['Livres'],[184],non,non
20-30989,2020-03-01,2020-03-30,['33'],Mise en place d'un Data Lake : déploiement et expertise,joue,directive24,appeloffre,initial,Bordeaux Métropole,33045,BORDEAUX,,['Informatique (prestations de services)'],[163],non,non
20-30746,2020-03-01,2020-05-15,['24'],Exécution de services publics de transport scolaire sur le territoire de la Dordogne,joue,directive24,appeloffre,initial,Région Nouvelle Aquitaine,33077,Bordeaux cedex,,['Transport'],[347],non,non
20-30657,2020-03-01,2020-04-02,['86'],"CREPS de Poitiers à Vouneuil sous Biard - Construction d'un nouvel hébergement, réhabilitation de l'internat Aunis, des gymnases Birocheau/ Teissié - relance des lots 6 et 8",joue,directive24,appeloffre,initial,Région Nouvelle Aquitaine,33077,BORDEAUX cedex,,"['Peinture (travaux)', 'Serrurerie']","[264, 321]",non,non
20-30640,2020-03-01,2020-05-10,['16'],Exécution de services publics de transport scolaire sur le territoire de la Charente,joue,directive24,appeloffre,initial,Région Nouvelle Aquitaine,33077,Bordeaux cedex,,['Transport'],[347],non,non
20-30800,2020-03-01,2020-03-28,"['33', '86', '87']",A630 TACES échangeurs 7-9,joue,directive24,attribution,initial,DREAL NOUVELLE-AQUITAINE,33090,Bordeaux cedex,,"[""Ouvrage d'infrastructure""]",[253],non,non
20-31015,2020-03-01,2020-03-31,['33'],Fourniture de produits pharmaceutiques - 2ème partie - au profit du Ght Alliance de Gironde,joue,directive24,appeloffre,initial,CHU DE BORDEAUX,33400,Talence,,['Produits pharmaceutiques'],[280],non,non
20-31205,2020-03-01,2020-04-16,['33'],Souscription d'un contrat d'assurance 'DO et Garantie CCRD' construction - Opération Campus Tranche 2 Secteur Sciences Humaines et sociales,joue,directive24,appeloffre,initial,Société de réalisation immobilière et,33405,Talence,,['Assurance'],[20],non,non
20-31220,2020-03-01,2020-04-10,"['33', '40', '47', '16', '17', '64', '24', '79']",Délégation de service public pour l'exploitation et la gestion d'une structure multi-accueil de la petite enfance,joue,directive23,appeloffre,initial,Commune de Sainte-Eulalie,33560,Sainte-eulalie,,['Prestations de services'],[274],non,non
20-30848,2020-03-01,2020-05-27,['34'],Fourniture et installation de mobilier pour le Conservatoire Intercommunal,joue,directive24,attribution,initial,Sète agglopôle Méditerrannée,34110,Frontignan,,"['Equipements spécialisés', 'Instruments de musique', 'Mobilier']","[115, 166, 230]",non,non
20-30721,2020-03-01,2020-05-07,['34'],travaux d'installation de luminaires dans les circulations de l'hôtel de ville.,joue,directive24,attribution,initial,Ville de Montpellier,34267,Montpellier Cedex 2,"[('2020-02-27', 'SPIE INDUSTRIE ET TERTIAIRE', (249872, 'EUR'), ""Travaux d'installation de luminaires dans les circulations de l'hôtel de Ville."")]",['Electricité (travaux)'],[105],non,non
20-30585,2020-03-01,2020-05-07,['34'],fonçage sous voie sncf et secteur combemale,joue,directive24,attribution,initial,Montpellier Méditerranée Métropole,34267,Montpellier Cedex 2,,['Assainissement'],[18],non,non
20-31018,2020-03-01,2020-04-07,['34'],20002 - Prestation de transport sanitaire terrestre pour le Groupement Hospitalier de Territoire de l'Ouest Hérault,joue,directive24,appeloffre,initial,CENTRE HOSPITALIER,34525,Beziers,,['Transport'],[347],non,non
20-30782,2020-03-01,2020-03-16,['34'],Concours restreint de maîtrise d'oeuvre pour la réalisation du projet Hydropolis-Recherche - Campus Pharmacie - Université de Montpellier,joue,directive24,appeloffre,initial,LANGUEDOC ROUSSILLON AMENAGEMENT,34961,Montpellier,,"[""Maîtrise d'oeuvre""]",[197],non,non
20-30701,2020-03-01,2020-03-29,['35'],MAINTENANCE DES EQUIPEMENTS DE SECURITE INCENDIE D'ARCHIPEL HABITAT,joue,directive24,attribution,initial,Archipel Habitat,35200,Rennes,"[('2019-12-16', 'RENNES SECURITE SERVICE (R.2.S.)', (331271, 'EUR'), ""Maintenance préventive et curative des extincteurs, des colonnes sèches, ainsi que la vérification et l'entretien des caisses à sable situées dans certains parkings""), ('2019-12-16', 'RENNES SECURITE SERVICE (R.2.S.)', (433761, 'EUR'), 'Maintenance préventive et curative des systèmes de détection incendie et des systèmes de désenfumage'), ('2019-12-16', 'FAUCHE BRETAGNE', (279634, 'EUR'), ""Maintenance préventive et curative des Blocs Autonomes d'Eclairage de Secours (BAES)"")]",['Sécurité incendie'],[332],non,non
20-30853,2020-03-01,2020-05-27,['37'],Fourniture De Beton Pret A L'Emploi Pour Les Travaux D'Entretien Routier,joue,directive24,attribution,initial,Conseil Général d'Indre et Loire,37927,Tours,"[('2020-02-25', 'Chavigny Beton', (80000, 'EUR'), ""no1 : Fourniture De Beton Pret A L'Emploi (Bpe) Nord-Loire""), ('2020-02-25', 'Chavigny Beton', (80000, 'EUR'), ""no2 : Fourniture De Beton Pret A L'Emploi (Bpe) Sud-Loire"")]",['Matériaux routiers'],[199],non,non
20-31061,2020-03-01,2020-04-03,"['38', '73', '74', '26']",Mission d'assistance à personne publique en vue de la passation de marchés de partenariat pour la construction de résidences universitaires,joue,directive24,appeloffre,initial,CENTRE REGIONAL OEUVRES UNIV SCOLAIRES,38019,Grenoble,,"['Abris', 'Etude']","[1, 118]",non,non
20-30811,2020-03-01,2020-05-26,['38'],Accord-cadre de maîtrise d'oeuvre urbaine pour la réalisation de l'opération d'aménagement de la Cité de l'Abbaye à Grenoble,joue,directive24,attribution,initial,SPLA SAGES,38027,Grenoble cedex 01,,"[""Maîtrise d'oeuvre""]",[197],non,non
20-30953,2020-03-01,2020-05-27,"['38', '69']",Contrat de maîtrise d'oeuvre pour la réalisation de la Maison des Agriculteurs à Moirans (38430),joue,directive24,attribution,initial,Chambre Agriculture de La Loire,38036,Grenoble,"[('2019-12-19', 'Milk', (403000, 'EUR'), None)]","[""Maîtrise d'oeuvre"", ""Mission d'ordonnancement, pilotage, coordination (OPC)""]","[197, 234]",non,non
20-30680,2020-03-01,2020-03-09,"['38', '69', '73', '74']","Numéro de la consultation : 2020-Ao-Distri Boi Fourniture de produits pour boissons chaudes avec mise à disposition des machines de production et pichets à Bourgoin, Morestel et la",joue,autre,rectificatif,rectificatif,CENTRE HOSPITALIER PIERRE OUDOT,38302,Bourgoin-Jallieu,,['Boisson'],[39],non,non
20-30580,2020-03-01,2020-05-27,['41'],Marché d'exploitation du service de transports urbains réguliers et à la demande de laCommunauté d'Agglomération Territoires vendômois,joue,directive24,attribution,initial,Territoires vendômois,41106,Vendôme,,['Transport'],[347],non,non
20-31172,2020-03-01,2020-05-27,['42'],"Fournitures, maintenance préventive et corrective des systèmes de vidéosurveillance, alarme intrusion et contrôle d'accès des bâtiments de Saint-Etienne Métropole",joue,directive24,attribution,initial,Saint Etienne Métropole,42006,Saint Etienne,,['Maintenance'],[196],non,non
20-31118,2020-03-01,2020-04-03,['42'],"Fournitures, maintenance préventive et corrective des systèmes de vidéosurveillance, alarme intrusion et contrôle d'accès des bâtiments de Sem - Lot no2 : Mamc /Réserve des Trois M",joue,directive24,appeloffre,initial,Saint Etienne Métropole,42006,Saint Etienne,,"['Alarme', 'Maintenance']","[5, 196]",non,non
20-30215,2020-03-01,2021-02-26,['44'],"Fourniture, stockage et livraison de matériaux concassés de carrière",joue,directive24,attribution,initial,Conseil départemental Loire-Atlantique,44041,NANTES,,"['Matériaux de construction', 'Matériaux routiers', 'Minéraux divers', 'Voirie']","[198, 199, 228, 365]",non,oui
20-31183,2020-03-01,2020-03-23,['44'],"Travaux pour la reconstruction du Centre de Médecine Physique et de Réadaptation de l'Hôpital Saint Jacques, du CHU de Nantes : lot 15, désamiantage",joue,directive24,appeloffre,initial,CHU NANTES,44100,Nantes,,"['Bâtiment', 'Amiante (désamiantage)']","[33, 479]",non,non
20-30998,2020-03-01,2020-03-30,['44'],Fourniture de titres restaurant pour le personnel de la Région des Pays de la Loire,joue,directive24,appeloffre,initial,Conseil régional des Pays de la Loire,44966,Nantes cedex 9,,['Titres restaurant'],[416],non,non
20-30926,2020-03-01,2020-05-04,['44'],FOURNITURE D'EQUIPEMENTS PEDAGOGIQUES DANS LES LYCEES PUBLICS DE LA REGION DES PAYS DE LA LOIRE,joue,directive24,attribution,initial,Conseil régional des Pays de la Loire,44966,Nantes cedex 9,"[('2019-10-07', 'BV INTERNATIONAL', (1200000, 'EUR'), ""Fourniture d'équipements pédagogiques dans les lycées publics de la Région des Pays de la Loire pour la filière 'bois'"")]",['Equipements spécialisés'],[115],non,non
20-30955,2020-03-01,2020-04-02,['45'],"Réalisation d'un levé électromagnétique/magnétique héliporté du nord de la Chaîne des Puys (Auvergne, France)",joue,directive24,appeloffre,initial,B R G M,45060,Orléans,,['Prestations de services'],[274],non,non
20-30706,2020-03-01,2020-04-02,['45'],Prestation d'analyses géochimiques,joue,directive24,appeloffre,initial,B R G M,45060,Orléans,,"['Analyses médicales, biologiques']",[8],non,non
20-30797,2020-03-01,2021-03-01,['45'],Fourniture de produits alimentaires pour les services de restauration,joue,directive24,attribution,initial,Ville de Fleury-les-Aubrais,45402,Fleury-les-Aubrais cedex,"[('2019-12-06', 'PRO A PRO', (330603, 'EUR'), 'BOF et produits laitiers (ensemble des services de restauration)'), ('2019-12-06', 'SOCOPA', (188524, 'EUR'), 'Viandes fraîches (restauration scolaire)'), ('2019-12-06', 'ANJOU VOLAILLES', (135550, 'EUR'), 'Volailles fraîches \x96  restauration scolaire'), ('2019-12-06', 'DISVAL SURGELES', (178456, 'EUR'), 'Produits surgelés : poissons et dérivés \x96  restauration scolaire'), ('2019-12-06', 'DISVAL SURGELES', (92812, 'EUR'), 'Produits surgelés : fruits et légumes, glaces et pâtisseries \x96  restauration scolaire'), ('2019-12-06', 'DISVAL SURGELES', (65817, 'EUR'), 'plats transformés frais ou surgelés\x96  restauration scolaire'), ('2019-12-06', 'DISVAL SURGELES', (207503, 'EUR'), 'plats transformés frais ou surgelés \x96  Brossette-crèche-RAPA'), ('2019-12-06', 'POMONA EPISAVEURS', (267357, 'EUR'), 'Épicerie-conserves-boissons \x96 ensemble des services de restauration'), ('2019-12-06', 'MAG FRUITS', (507312, 'EUR'), 'Fruits et légumes de 1ère-4ème et 5ème gamme \x96 ensemble des services de restauration'), ('2019-12-06', 'MAG FRUITS', (17650, 'EUR'), 'Fruits et légumes de 1ère gamme \x96 variétés spécifiques - ensemble des services de restauration'), ('2019-12-06', 'Le Boulanger du Faubourg', (141490, 'EUR'), 'Pains et viennoiserie- ensemble des services de restauration')]",['Denrées alimentaires'],[88],non,non
20-31025,2020-03-01,2020-04-07,['53'],Acquisition d'ouvrages destinés au fonctionnement de la Bibliothèque départementale de la Mayenne,joue,directive24,appeloffre,initial,DEPARTEMENT DE LA MAYENNE,53014,Laval,,['Livres'],[184],non,non
20-30832,2020-03-01,2020-04-02,['53'],"Maintenance des systèmes de sécurité incendie et des systèmes de détection incendie des collèges publics de la Mayenne, des bâtiments administratifs du Conseil départemental et du",joue,directive24,appeloffre,initial,DEPARTEMENT DE LA MAYENNE,53014,Laval,,['Maintenance'],[196],non,non
20-31004,2020-03-01,2020-04-02,['54'],Plan paysage et de plantation départemental,joue,directive24,appeloffre,initial,Département de Meurthe-et-Moselle,54035,NANCY CEDEX,,['Etude'],[118],non,non
20-30954,2020-03-01,2020-05-26,['52'],Abattage d'arbres au niveau du tunnel de Balesmes-sur-Marne,joue,directive24,appeloffre,initial,Voies navigables de France,54036,Nancy cedex,,['Travaux forestiers'],[350],non,oui
20-30707,2020-03-01,2020-03-30,"['54', '68']",Mission d'étude de scénarii d'évolution de l'offre sanitaire sur le bassin de St Louis (68),joue,directive24,appeloffre,initial,AGENCE REGIONALE DE SANTE GRAND EST,54036,Nancy cedex,,['Prestations de services'],[274],non,non
20-31179,2020-03-01,2020-04-06,"['54', '57', '55', '88', '67', '68']",Fourniture de denrées alimentaires en circuits courts avec objectifs de développement durable et/ou entrant dans la loi EGALIM-.,joue,directive24,appeloffre,initial,COM DE COMMUNES DU BSN DE POMPEY,54340,POMPEY,,['Denrées alimentaires'],[88],non,non
20-30633,2020-03-01,2020-04-02,['54'],LOCATION DE BALAYEUSES ASPIRATRICES - DEUX LOTS,joue,directive24,appeloffre,initial,Ville de Longwy,54400,Longwy,,['Véhicules (location)'],[474],non,non
20-30703,2020-03-01,2020-03-30,['56'],Fourniture de dispositifs médicaux d'abord parentéral,joue,directive24,appeloffre,initial,CENTRE HOSPITALIER BRETAGNE ATLANTIQUE,56017,Vannes cedex,,['Matériel médical'],[212],non,non
20-30101,2020-03-01,2020-04-30,['56'],Travaux de consolidation et restructuration complète de la Chapelle Saint Yves Place Maurice Marchais Vannes - Lot 3 : couverture - zinguerie,joue,directive24,attribution,initial,Ville de Vannes,56019,VANNES,"[('2020-02-13', 'LESURTEL JC', (617954.39, 'EUR'), 'couverture zingueire')]","['Couverture', 'Zinguerie']","[74, 372]",non,non
20-30961,2020-03-01,2020-03-28,['57'],affaire 20s0061 achat d'espaces publicitaires et de prestations diverses de communication et de promotion dans le cadre de la manifestation Grand Est Mondial Air Ballons 2021,joue,directive24,attribution,initial,REGION GRAND EST,57036,METZ CEDEX 1,"[('2020-02-27', 'ASSOCIATION LES PORTES DU CIEL', (800000, 'EUR'), 'Achat d\x92espaces publicitaires et de prestations diverses de communication et de promotion dans le cadre de la manifestation ""GRAND EST MONDIAL AIR BALLONS 2021""')]","['Publicité, Communication', 'Evénementiel']","[285, 445]",non,non
20-30695,2020-03-01,2020-05-27,['57'],19s0140- Maintenance des installations et matériels de cuisine de la Cuisine Centrale Départementale de Vitry Sur Orne,joue,directive24,attribution,initial,DEPARTEMENT DE LA MOSELLE,57036,Metz,"[('2020-02-20', 'Horis Services', (15851, 'EUR'), None)]",['Maintenance'],[196],non,non
20-31103,2020-03-01,2020-04-06,['57'],Réparation et fourniture de pièces pour les engins de nettoiement,joue,directive24,appeloffre,initial,COMMUNAUTE AGGLO PORTES DE FRANCE,57125,Thionville,,"['Maintenance', 'Pièces détachées']","[196, 266]",non,non
20-30687,2020-03-01,2020-03-31,"['60', '59', '62', '2', '80']","Nettoyage et entretien de locaux, pour la Chambre de métiers et de l'artisanat de Région Hauts-de-France et plus particulièrement les sites de Beauvais, Compiègne et Nogent-sur-Oise.",joue,directive24,appeloffre,initial,CMAR Hauts de France,59011,Lille cedex,,['Nettoyage de locaux'],[239],non,non
20-31043,2020-03-01,2020-03-23,"['59', '62']",TRAVAUX DE RESTRUCTURATION PARTIELLE DU COLLEGE ROGER SALENGRO A HOUPLINES - Lot Chauffage - Ventilation - Plomberie Sanitaire,joue,autre,rectificatif,rectificatif,DEPARTEMENT DU NORD,59047,Lille,,['Chauffage (travaux)'],[61],non,non
20-30728,2020-03-01,2020-04-03,"['59', '62']",Marché de travaux pour le programme de gros entretiens de renouvellement dans les collèges dont le département du Nord a la charge au titre de l'année 2019 - Secteur Douai- 4 lots,joue,directive24,appeloffre,initial,DEPARTEMENT DU NORD,59047,Lille,,"['Bâtiment', 'Chauffage (travaux)', 'Cuisine (équipement)', 'Electricité (travaux)', 'Gros oeuvre']","[33, 61, 77, 105, 144]",oui,non
20-30877,2020-03-01,2020-04-28,['59'],RÉNOVATION DE LA SALLE POLYVALENTE D'HAYNECOURT,joue,directive24,attribution,initial,COMMUNE DE HAYNECOURT,59268,HAYNECOURT,,"['Abris', 'Bâtiment', 'Carrelage', 'Cuisine (équipement)', 'Démolition', 'Electricité (travaux)', 'Gros oeuvre', 'Menuiserie', 'Peinture (travaux)', 'Plomberie (travaux)', 'Voirie et réseaux divers']","[1, 33, 53, 77, 87, 105, 144, 222, 264, 270, 366]",non,non
20-30591,2020-03-01,2020-04-30,['59'],Travaux de réparation sur avaries-casses mécaniques / charpentes métalliques des ouvrages et outillages,joue,directive25,attribution,initial,Grand Port Maritime de Dunkerque,59386,Dunkerque Cedex 01,,['Charpente'],[57],non,non
20-31051,2020-03-01,2020-04-29,['59'],Maintenance et entretien des postes de livraison HTA et des postes de transformation de divers bâtiments communautaires,joue,directive24,attribution,initial,Communauté Urbaine de Dunkerque,59386,Dunkerque cedex 1,"[('2020-01-22', 'AXELEC', (228930, 'EUR'), 'Maintenance et entretien des postes de livraison HTA et des postes de transformation de divers bâtiments communautaires')]","['Prestations de services', 'Transformateur']","[274, 346]",non,non
20-30727,2020-03-01,2020-04-28,['59'],Travaux de signalisation routière horizontale - 3 lots,joue,directive24,attribution,initial,Communauté Urbaine de Dunkerque,59386,Dunkerque cedex 1,"[('2020-02-21', 'SIGNATURE', (2000000, 'EUR'), 'Partie OUEST'), ('2020-02-21', 'SIGNATURE', (2000000, 'EUR'), 'Partie EST'), ('2020-02-21', 'T1 - Groupe HELIOS', (2000000, 'EUR'), 'Produits et travaux spéciaux')]","['Matériaux routiers', 'Produits des industries diverses', 'Signalisation']","[199, 279, 322]",oui,non
20-31131,2020-03-01,2020-03-30,"['59', '2', '60', '62', '80']","Accord-cadre à bons de commandes pour des prestations de nettoyage de chantiers dans les E.P.L.E., dans les bâtiments portuaires et les bâtiments hors E.P.L.E. dont la région a la charge.",joue,directive24,appeloffre,initial,Région Hauts-de-France,59555,LILLE,,"['Nettoyage de locaux', 'Prestations de services']","[239, 274]",non,non
20-30905,2020-03-01,2020-03-30,['59'],travaux de création d'une piste d'accès à l'ouvrage d'art sncf à loos et haubourdin,joue,directive24,attribution,initial,METROPOLE EUROPEENNE DE LILLE,59800,Lille,,['Voirie'],[365],non,non
20-30996,2020-03-01,2020-03-15,['62'],"Fourniture, installation, exploitation et maintenance d'un système de jalonnement dynamique",joue,directive24,attribution,initial,Ville de lens,62300,Lens,,['Panneaux'],[261],non,non
20-30739,2020-03-01,2020-04-03,['62'],Organisation pendant les vacances d'été 2020 de trois séjours à destination de différents publics jeunes de la collectivité.,joue,directive24,appeloffre,initial,Communauté de Communes du Sud-Artois,62452,Bapaume cedex,,"['Prestations de services', 'Prestation hotelière']","[274, 466]",non,non
20-30837,2020-03-01,2020-04-07,['63'],Amo qualité environnementale du bâti - projet d'extension des tribunes du stade Gabriel Montpied à Clermont Ferrand,joue,directive24,appeloffre,initial,Clermont Auvergne Métropole,63007,Clermont-Ferrand,,['Ingénierie'],[455],non,non
20-30916,2020-03-01,2020-04-04,"['63', '12', '15', '34']",Travaux divers d'entretien des ouvrages d'art de la Direction Interdépartementale des Routes Massif Central,joue,directive24,attribution,initial,DIR INTERDEP ROUTES MASSIF CENTRAL,63012,Clermont-ferrand,,"[""Ouvrage d'art""]",[252],non,oui
20-24734,2020-03-01,2020-03-31,['64'],mise à disposition d'unités de phaco-émulsification et d'une unité de chirurgie vitréo-rétinienne avec fourniture des consommables associés pour les centres hospitaliers de pau et d'oloron-ste-marie,joue,directive24,appeloffre,initial,Centre Hospitalier de Pau,64046,Pau CEDEX,,"['Consommables médicaux', 'Maintenance', 'Matériel électronique médical', 'Matériel médical', 'Optique']","[69, 196, 205, 212, 248]",non,non
20-30936,2020-03-01,2020-04-01,['65'],Fourniture De Repas En Liaison Froide Destines A La Maison Departementale De L'Enfance Et De La Famille Des Hautes-Pyrenees,joue,directive24,appeloffre,initial,DEPARTEMENT HAUTES-PYRENEES,65013,Tarbes,,"['Repas, traiteur']",[304],non,non
20-31129,2020-03-01,2020-03-30,['67'],Aménagement multimodal de l'axe A351-RN4 - Section entre la RD228 et l'A35 - Mission de contrôle extérieur dans le domaine routier,joue,directive24,appeloffre,initial,DRE Alsace,67050,Strasbourg cedex,,"['Contrôle technique', 'Prestations de services']","[72, 274]",non,non
20-30993,2020-03-01,2020-04-14,['67'],Prestations de nettoyage de l'Iceberg,joue,directive24,appeloffre,initial,Eurométropole de Strasbourg,67076,STRASBOURG CEDEX,,['Nettoyage de locaux'],[239],non,non
20-30729,2020-03-01,2020-03-31,['67'],Réalisation des investigations géotechniques de niveau G2-PRO de la Voie de liaison intercommunale Ouest (VLIO),joue,directive24,appeloffre,initial,Eurométropole de Strasbourg,67076,STRASBOURG CEDEX,,['Ingénierie'],[455],non,non
20-30629,2020-03-01,2020-04-07,['67'],Expérimentation de la collecte et traitement des déchets alimentaires,joue,directive24,appeloffre,initial,Eurométropole de Strasbourg,67076,STRASBOURG CEDEX,,['Collecte sélective'],[82],non,non
20-30999,2020-03-01,2020-04-14,['67'],"Prestations denseignement du patinage, dencadrement, danimations sportives et ludiques sur glace et prestations danimations musicale (DJ son et lumières) à la patinoire de Strasbourg",joue,directive24,appeloffre,initial,Eurométropole de Strasbourg,67076,STRASBOURG CEDEX,,"['Prestations de services', 'Sonorisation']","[274, 324]",non,non
20-30956,2020-03-01,2020-04-07,['67'],Location d'équipements sanitaires,joue,directive24,appeloffre,initial,Eurométropole de Strasbourg,67076,STRASBOURG CEDEX,,['Bâtiments modulaires'],[27],non,non
20-30959,2020-03-01,2020-03-20,['68'],maîtrise d'OEuvre pour l'extension des aires de trafic en zone fret cargo,joue,directive25,attribution,initial,Aéroport de Bâle-Mulhouse,68304,Saint-Louis,,"['Aéronautique', ""Maîtrise d'oeuvre""]","[4, 197]",non,non
20-30784,2020-03-01,2020-03-31,"['69', '75', '10']",Armoires sécurisées ou informatisées et/ou système de gestion RFID pour le stockage et la distribution de produits de santé,joue,directive24,appeloffre,initial,UniHA GCS,69003,Lyon,,['Matériel médical'],[212],non,oui
20-31210,2020-03-01,2020-03-20,"['69', '73']",Travaux de remplacement de réseaux et de production Ecs pour un ensemble de 6 copropriétés,joue,directive24,appeloffre,initial,BET VIDALAT,69009,Lyon,,['Chauffage (travaux)'],[61],non,non
20-30892,2020-03-01,2020-03-31,"['69', '75', '93']",Nettoyage des nouveaux locaux du LPS 75 à Saint-Denis,joue,directive24,appeloffre,initial,INPS,69134,ECULLY,,['Nettoyage de locaux'],[239],non,oui
20-30630,2020-03-01,2020-06-23,"['69', '1', '26', '42', '7']",DAF_2019_001685,joue,directive24,appeloffre,initial,DRSID Lyon,69347,Lyon cedex 07,,"['Contrôle technique', 'Prestations de services']","[72, 274]",non,non
20-30878,2020-03-01,2020-04-01,"['69', '42', '1']",Traitement des déchets des districts de Lyon et de Saint-Étienne,joue,directive24,appeloffre,initial,DIR-Centre Est,69446,Lyon,,['Déchets non ménagers (prestations)'],[404],non,oui
20-31110,2020-03-01,2020-05-27,['69'],"Lot 4 : Conception, Mise en oeuvre, Maintenance et Hébergement des services numériques(sites Web,applications Mobile et composants associés)fournissant les services billettiques du",joue,directive25,attribution,initial,SYTRAL,69487,Lyon,"[('2020-02-27', 'Instant System', (1395870.33, 'EUR'), None)]","['Site internet', 'Logiciel']","[171, 186]",non,non
20-31211,2020-03-01,2020-03-18,['69'],Accord-Cadre de prestations de géomètres experts relatifs à l'activité d'autorité organisatrice de transports du Sytral,joue,directive25,appeloffre,initial,SYTRAL,69487,Lyon,,"['Etude', 'Prestations de services']","[118, 274]",non,non
20-31085,2020-03-01,2020-04-14,['69'],"Maintenance, réparations et contrôles des installations de ventilations, chaufferies, climatisations des stations d'épuration et de relèvement de la Métropole de Lyon",joue,directive25,appeloffre,initial,Métropole de Lyon,69505,Lyon,,"['Chauffage (exploitation, entretien)', 'Climatisation', 'Maintenance']","[59, 62, 196]",non,non
20-30635,2020-03-01,2020-04-28,['69'],animation territoriale et marketing d'un dispositif de covoiturage sur le territoire de la métropole de lyon,joue,directive24,attribution,initial,Métropole de Lyon,69505,Lyon Cedex 03,,"['Etude', 'Prestations de services', ""Assistance à maîtrise d'ouvrage""]","[118, 274, 433]",non,non
20-30558,2020-03-01,2020-04-13,['69'],Marché de conception-réalisation pour la réhabilitation et scénographie du niveau 1 du musée gallo-romain de Fourvière pour le Chaland Saint Georges Lsg4,joue,autre,rectificatif,rectificatif,METROPOLE DE LYON,69505,Lyon,,"[""Maîtrise d'oeuvre""]",[197],non,non
20-31021,2020-03-01,2020-05-06,['69'],MAINTIEN EN CONDITIONS OPERATIONNELLES D'UN ENVIRONNEMENT DE TELEPHONIE,joue,directive24,appeloffre,initial,C.H. de Villefranche-sur-Saône,69655,Villefranche sur saone,,['Télécommunications'],[338],non,non
20-31007,2020-03-01,2020-03-30,['72'],"Réception, tri, conditionnement et chargement des emballages ménagers et des papiers cartons - du 01 juillet 2020 au 31 décembre 2022 - renouvelable en 2023",joue,directive24,appeloffre,initial,Le Mans Métropole - Communauté Urbaine,72039,Le Mans,,['Déchets non ménagers (prestations)'],[404],non,non
20-30854,2020-03-01,2020-05-27,['72'],"Services D'Entretien Des Espaces Verts (entretien des haies, massifs et des cheminements)",joue,directive24,attribution,initial,Ville d'Allonnes,72700,Allonnes,,['Espaces verts'],[116],non,non
20-31036,2020-03-01,2020-05-27,['72'],Fourniture De Produits Et Matériel D'Entretien,joue,directive24,attribution,initial,Ville d'Allonnes,72700,Allonnes,,['Nettoyage de locaux'],[239],non,oui
20-30933,2020-03-01,2020-03-31,['73'],Mission de certification des comptes du département de la Savoie pour les exercices 2020 à 2022,joue,directive24,appeloffre,initial,DEPARTEMENT DE LA SAVOIE,73018,Chambery,,['Expertise comptable'],[446],non,non
20-30771,2020-03-01,2020-05-27,['74'],Acquisition De Fournitures Chauffage - Sanitaire,joue,directive24,attribution,initial,Ville d'Annemasse,74107,Annemasse,"[('2020-02-26', 'Distribution Sanitaire Chauffage', (240000, 'EUR'), None)]","['Chauffage (matériel)', 'Quincaillerie (articles)', 'Sanitaire']","[60, 291, 319]",non,non
20-30726,2020-03-01,2020-03-30,['74'],Prestation dhébergement du personnel du CHANGE en résidence de tourisme,joue,directive24,appeloffre,initial,CH Annecy Genevois,74374,PRINGY CEDEX,,['Prestation hotelière'],[466],non,non
20-30568,2020-03-01,2020-03-26,['75'],Equip pré-analytique analytiques pour les labo de biochimie des hôpitaux du GH Hôp Universit Paris Nord Val de Seine et 1 solution pré-analytique automat associée à un plat techni HD A Paré,joue,autre,rectificatif,rectificatif,ASSISTANCE PUBLIQUE HOPITAUX DE PARIS,75005,Paris,,['Laboratoire (fourniture)'],[181],non,non
20-30902,2020-03-01,2020-04-30,['75'],"Accord-cadre de fourniture d'ordinateurs fixes et portables, leurs accessoires optionnels et les services associés",joue,directive24,appeloffre,initial,Musée du quai Branly-Jacques Chirac,75007,Paris,,['Informatique (matériel)'],[162],non,non
20-30823,2020-03-01,2020-03-30,['75'],Formations à la gestion des ressources humaines et à l'analyse financière des partenaires de l'Etat,joue,directive24,attribution,initial,"Ministères santé, travail et sport",75007,Paris,,['Formation'],[410],non,non
20-28908,2020-03-01,2020-03-24,['75'],"prestations de dépositaire, conservateur, valorisateur et transparisation",joue,directive24,appeloffre,initial,C.A.V. des Officiers Ministériels,75008,paris,,['Prestations de services'],[274],non,non
20-30738,2020-03-01,2020-04-28,['75'],Réalisation de missions en radioprotection sur le site Seine aval.Mise en place d'une organisation afin de s'assurer de la protection des travailleurs contre les dangers des rayonnements i,joue,directive24,attribution,initial,SIAAP,75012,Paris,"[('2020-02-27', 'CERAP', (45500, 'EUR'), 'Réalisation de missions en radioprotection sur le site Seine aval')]","['Prestations de services', 'Produits radioactifs']","[274, 282]",non,non
20-31065,2020-03-01,2020-03-30,['75'],Fourniture de chariots roulants destinés à la manutention et au stockage des éléments de décor de lOpéra national de Paris,joue,directive24,appeloffre,initial,Opéra national de Paris,75012,PARIS,,['Serrurerie'],[321],non,non
20-31045,2020-03-01,2020-04-28,"['75', '2', '60', '77']",Etudes de reconnaissance des sols sur le domaine public parisien et pour les bâtiment de la Ville de Paris et surveillance géophysique des ouvrages hydrauliques en 2 lots géographiques,joue,directive24,attribution,initial,Ville de Paris,75013,Paris,,"['Etude', 'Ingénierie']","[118, 455]",non,non
20-30824,2020-03-01,2020-08-27,['75'],prestations de contrôle des services d'aide à domicile conventionnés en ardh (aide au retour à domicile après hospitalisation.),joue,directive24,attribution,initial,CNAVTS de Paris,75019,Paris,"[('2020-02-14', 'GROUPE ENEIS', (38639, 'EUR'), ""Contrôle des SAD du Val d'Oise  ""), ('2020-02-14', 'GROUPE ENEIS', (41482, 'EUR'), 'Controle des SAD des Yvelines'), ('2020-02-14', 'GROUPE ENEIS', (75750, 'EUR'), ""Controle des SAD dans l'Essonne""), ('2020-02-14', 'GROUPE ENEIS', (59492, 'EUR'), 'Controle des SAD dans Paris'), ('2020-02-14', 'GROUPE ENEIS', (60282, 'EUR'), 'Controle des SAD dans le Val de Marne'), ('2020-02-14', 'GROUPE ENEIS', (29082, 'EUR'), 'Controle des SAD dans la Seine Saint Denis'), ('2020-02-14', 'GROUPE ENEIS', (39487, 'EUR'), 'Controle des SAD dans les Hauts de Seine')]",['Prestations de services'],[274],non,non
20-31189,2020-03-01,2020-03-30,['75'],Prestations d'assurance,joue,directive24,appeloffre,initial,EPPGHV,75019,Paris,,['Assurance'],[20],non,non
20-31126,2020-03-01,2020-06-08,['75'],Acquisition d'un système d'information de gestion des comptes de campagne du financement des partis politiques et de leurs contrôles,joue,directive24,appeloffre,initial,CNCCFP,75042,Paris cedex 1,,"['Informatique (prestations de services)', 'Prestations de services']","[163, 274]",non,non
20-30658,2020-03-01,2020-04-01,['75'],Développement de eporfolio - carnet de stage,joue,directive24,attribution,initial,Université Paris Descartes,75270,Paris cedex 06,"[('2020-02-27', 'Sully group', (602000, 'EUR'), 'Développement de eporfolio - carnet de stage')]","['Informatique (prestations de services)', 'Prestations de services']","[163, 274]",non,non
20-31186,2020-03-01,2020-04-03,"['75', '95', '94']",Travaux d'entretien et de modernisation du groupe hospitalo-universitaire AP-HP.Sorbonne Université,joue,directive24,appeloffre,initial,ASSISTANCE PUBLIQUE HOPITAUX DE PARIS,75651,Paris cedex 13,,"['Bâtiment', 'Cloison, faux plafond', 'Couverture', 'Electricité (travaux)', 'Etanchéité', 'Gaz médicaux', 'Maçonnerie', 'Menuiserie', 'Métallerie', 'Nettoyage de locaux', 'Peinture (travaux)', 'Plomberie (travaux)', 'Revêtements de sols', 'Terrassement', ""Tous corps d'état"", 'Ventilation', 'Vitrerie', 'Occultation', 'Amiante (désamiantage)']","[33, 63, 74, 105, 117, 140, 195, 222, 223, 239, 264, 270, 308, 341, 345, 360, 363, 414, 479]",non,non
20-30431,2020-03-01,2020-03-31,['75'],mission d'assistance au pilotage et à la promotion de la marque tourisme & handicap,joue,directive24,appeloffre,initial,Ministère économie finances industrie,75703,Paris cedex 13,,['Prestations de services'],[274],non,non
20-31056,2020-03-01,2020-05-15,['75'],Acquisition d'aérosols lacrymogènes au profit de la police nationale et de la gendarmerie nationale,joue,directive24,appeloffre,initial,SAELSI,75800,Paris cedex8,,['Armement'],[12],non,non
20-31058,2020-03-01,2020-04-09,['75'],Raccordement inter-bâtiments du CSH Strasbourg par fibres noires,joue,directive24,appeloffre,initial,CNAMTS,75986,Paris cedex 20,,['Fibre optique'],[133],non,non
20-31092,2020-03-01,2020-04-09,['76'],"Entretien par curage des ouvrages, aménagements et installations de lutte contre les inondations, de protection de la ressource en eau, des rivières et annexes hydrauliques",joue,directive24,appeloffre,initial,LE HAVRE SEINE METROPOLE,76085,Le Havre,,['Terrassement'],[341],non,oui
20-30675,2020-03-01,2020-04-06,['76'],Gros Travaux 2019-2021 Dans Les Colleges De La Seine Maritime (programmation complémentaire) : marché de maîtrise d'oeuvre,joue,directive24,appeloffre,initial,DEPARTEMENT DE LA SEINE-MARITIME,76101,Rouen Cedex,,"[""Maîtrise d'oeuvre""]",[197],non,non
20-31150,2020-03-01,2020-03-30,['76'],Exploitation et de maintenance multi-technique du laboratoire départemental d'analyses de la Seine Maritime,joue,directive24,appeloffre,initial,DEPARTEMENT DE LA SEINE MARITIME,76101,Rouen Cedex,,"['Maintenance', 'Prestations de services']","[196, 274]",non,oui
20-31088,2020-03-01,2020-04-14,['76'],étude de la productivité des systèmes aquifères de la vallée de la Seine : maitrise d'oeuvre de forage et prestations hydrogéologiques diverses,joue,directive25,appeloffre,initial,METROPOLE ROUEN NORMANDIE,76176,Rouen,,"[""Maîtrise d'oeuvre""]",[197],non,non
20-31009,2020-03-01,2020-03-31,['76'],Marché de conception-réalisation pour la requalification et la résidentialisation de 172 logements dans le cadre du Npnru - quartier Saint-Julien à Oissel (76),joue,directive24,appeloffre,initial,SOC IMMOB ECONOMIE MIXTE OISSEL REGION,76350,Oissel,,"[""Tous corps d'état""]",[345],non,non
20-31002,2020-03-01,2020-04-02,['76'],fourniture et acheminement d'électricité pour tous les sites de la commune et prestation de services associés,joue,directive24,appeloffre,initial,Ville du Tréport,76470,Le Tréport,,"['Electricité, gaz (fourniture)']",[443],non,non
20-30626,2020-03-01,2020-04-28,['76'],"concession de service public relative à la construction, à l'exploitation et au financement d'un crématorium sis sur la commune de saint-nicolas-d'aliermont (76510)",joue,directive23,appeloffre,initial,COM DE COMMUNES FALAISES DU TALOU,76630,ENVERMEU,,['Délégation de service public'],[406],non,non
20-30758,2020-03-01,2020-05-27,['77'],AMO Technique et Thermique pour l'extension et la réhabilitation de la DAD,joue,directive24,attribution,initial,Département de Seine-et-Marne,77010,Melun cedex,,"[""Assistance à maîtrise d'ouvrage""]",[433],non,non
20-30925,2020-03-01,2020-04-30,['77'],Nettoyage des locaux et des surfaces vitrées des bâtiments,joue,directive24,attribution,initial,PARIS VALLEE DE LA MARNE,77207,Marne la vallee cedex 1,,['Nettoyage de locaux'],[239],non,non
20-30698,2020-03-01,2020-05-27,['77'],Prestation de Restauration des résidences autonomie et de la maison de l'enfanceCcas de Fontainebleau,joue,directive24,attribution,initial,CCAS de Fontainebleau,77300,Fontainebleau,"[('2020-02-27', 'Ogusthym', (1223000, 'EUR'), None)]",['Restauration collective'],[66],non,non
20-30982,2020-03-01,2020-03-19,['77'],19R012 Prestation d'Entretien des Espaces Verts du site du CSTB de Champs-sur-Marne,joue,directive24,attribution,initial,C.S.T.B.,77421,Marne-la-Vallée Cedex 2,"[('2020-01-24', 'ID VERDE', (400000, 'EUR'), ""La présente consultation porte sur des prestations d'Entretien des Espaces Verts du site CSTB de Marne-la-Vallée. Une clause d'insertion sociale est incluse dans ce marché"")]",['Espaces verts'],[116],oui,oui
20-30708,2020-03-01,2020-04-10,"['78', '75', '27']",DAF_2019_002307,joue,directive24,appeloffre,initial,MINDEF/EMA/SCA/PFAF-IDF,78102,Saint-germain-en-laye cedex,,['Restauration collective'],[66],non,oui
20-30899,2020-03-01,2020-05-04,['78'],fourniture et installation d'isolateurs pour préparation de chimiothérapies,joue,directive24,appeloffre,initial,CENTRE HOSPITALIER DE VERSAILLES,78150,LE CHESNAY,,['Matériel médical'],[212],non,non
20-30903,2020-03-01,2020-04-03,['78'],Nettoyage et entretien ménager des locaux de la Petite Enfance de la Ville de Mantes-la-Jolie,joue,directive24,appeloffre,initial,Commune de Mantes la Jolie,78200,Mantes-la-Jolie,,['Nettoyage de locaux'],[239],non,non
20-30992,2020-03-01,2020-04-28,"['78', '91', '75', '28']",Création d'un service régulier local de transport d'une desserte du parc d'activités Bel Air-La Forêt,joue,directive24,attribution,initial,Rambouillet Territoires,78511,Rambouillet cedex,"[('2020-02-27', 'SAVAC', (289540, 'EUR'), ""Création d'un service régulier local de transport d'une desserte du Parc d'Activités Bel Air-La Forêt"")]",['Transport'],[347],non,non
20-10644,2020-03-01,2020-04-03,"['78', '28', '75', '91']","contrat d'exploitation des installations de chauffage, eau chaude sanitaire, ventilation et climatisation",joue,directive24,appeloffre,initial,Ville de Rambouillet,78514,Rambouillet,,"['Chauffage (exploitation, entretien)']",[59],non,non
20-31050,2020-03-01,2020-04-08,['78'],Prestations d'impression de supports de communication pour la Ville de Maisons-Laffitte,joue,directive24,appeloffre,initial,COMMUNE DE MAISONS LAFFITTE,78600,Maisons laffitte,,['Impression'],[160],non,non
20-31098,2020-03-01,2020-04-03,['79'],Fourniture de dispositifs médicaux pour le groupement de commandes Poitou-Charentes-Vendée,joue,directive24,appeloffre,initial,Centre Hospitalier de Niort,79021,Niort Cedex,,['Consommables médicaux'],[69],non,non
20-30978,2020-03-01,2020-05-17,"['79', '86', '85', '16', '17']",FOURNITURE DE COMPOSTEURS INDIVIDUELS ET DE BIO-SEAUX,joue,directive24,appeloffre,initial,Communauté Communes Parthenay-Gâtine,79205,Parthenay cedex,,"['Conteneur, poubelles']",[71],non,non
20-30607,2020-03-01,2020-04-28,['80'],"Contrôle, entretien et réparations des moyens de secours des bâtiments du Département de la Somme",joue,directive24,attribution,initial,Conseil Départemental de la Somme,80026,Amiens,"[('2019-12-03', 'Nord Picardie Maintenance Services Vinci Facilities', (415585.96, 'EUR'), 'secteur centre'), ('2019-12-03', 'Nord Picardie Maintenance Services Vinci Facilities', (114846.84, 'EUR'), 'secteur est'), ('2019-12-03', 'Nord Picardie Maintenance Services Vinci Facilities', (172946.88, 'EUR'), 'secteur ouest')]",['Extincteur'],[119],oui,non
20-31177,2020-03-01,2020-03-30,['80'],Maintenance des Systèmes de Sécurité Incendie (SSI) avec asservissement et désenfumage,joue,directive24,appeloffre,initial,CHU AMIENS PICARDIE,80054,Amiens cedex 1,,"['Abris', 'Sécurité incendie']","[1, 332]",non,non
20-31159,2020-03-01,2020-04-03,['82'],Mise à disposition et maintenance d'équipements de petits déjeuners et la fourniture et livraison des consommables associés,joue,directive24,appeloffre,initial,Centre Hospitalier de Montauban,82013,Montauban,,['Denrées alimentaires'],[88],non,non
20-30566,2020-03-01,2020-05-27,['83'],"19serv09 - Accord-cadre à bons de commande de diagnostics amiante et Hap, plomb, termites, insectes xylophages pour voiries et bâtiments existants et futurs de Métropole Toulon Pro",joue,directive24,attribution,initial,Métropole Toulon Provence Méditerranée,83041,Toulon,,['Amiante'],[24],non,non
20-31100,2020-03-01,2020-03-07,['83'],"SOLUTION POUR LA CONCEPTION, FABRICATION, INSTALLATION, MAINTENANCE DE BOUÉES ACOUSTIQUES POUR L'UNIVERSITÉ DE TOULON",joue,directive24,attribution,initial,UNIVERSITE DE TOULON,83041,Toulon cedex 9,"[('2019-12-17', 'OSEAN SAS', (188430, 'EUR'), ""Solution pour 2 bouées acoustiques et d'un système d'alerte de risque de collision navire-baleine"")]","['Bâtiment', ""Travaux dans l'eau""]","[33, 349]",non,non
20-30845,2020-03-01,2020-04-10,['83'],"Concession Pour L'Exploitation Du Bar-Restaurant "" La Vague "" Et Lot De Plage",joue,autre,rectificatif,rectificatif,Commune de Six-Fours-les-Plages,83140,Six-Fours-Les-Plages,,"['Restauration collective', 'Plage', 'Repas, traiteur']","[66, 289, 304]",non,non
20-30696,2020-03-01,2020-05-27,['83'],Mission de géomètre expert et topographe,joue,directive24,attribution,initial,Commune de Saint-Raphaël,83700,Saint-Raphaël,"[('2020-02-13', 'sarl Terca Dimensions', (43000, 'EUR'), 'Mission de géomètre expert'), ('2020-02-13', 'sarl Terca Dimensions', (50000, 'EUR'), 'Mission de géomètre expert ou de topographe')]",['Topographie'],[344],non,non
20-31016,2020-03-01,2020-03-30,['83'],"Entretien, Renovation Et Amenagement Des Espaces Publics",joue,directive24,appeloffre,initial,Commune de Saint-Raphaël,83700,Saint-Raphaël,,['Voirie'],[365],non,non
20-30981,2020-03-01,2020-03-10,['83'],entretien et renovation de la voirie communale et des reseaux corps de chaussee,joue,directive24,attribution,initial,Commune de Saint-Raphaël,83700,Saint-Raphaël,,['Voirie'],[365],non,non
19-185023,2020-03-01,2020-04-15,['83'],"le présent avis concerne un accord-cadre à marchés subséquents portant sur la fourniture de matériels de rechanges du domaine de filtration tels que filtres, cartouches et éléments filtrants.",joue,directive81,appeloffre,initial,Marine/DCSSF/DSSF Toulon,83800,Toulon,,['Ventilation'],[360],non,non
20-30942,2020-03-01,2020-04-30,"['84', '13', '30']",maîtrise d'oeuvre requalification rue et porte thiers avignon,joue,directive24,appeloffre,initial,CITADIS,84000,Avignon,,"[""Maîtrise d'oeuvre"", 'Ingénierie']","[197, 455]",non,non
20-30740,2020-03-01,2020-03-23,"['84', '30']",CAMPAGNE DE RECONNAISSANCE GEOTECHNIQUE POUR LA REALISATION DE LA DEUXIEME PHASE DU TRAMWAY DU GRAND AVIGNON,joue,directive25,attribution,initial,TECELYS,84918,Avignon Cedex 9,"[('2020-02-10', 'VINIRE - GEOTECHIQUES SAS', (78775, 'EUR'), None)]","['Sondage', 'Sondage (travaux)']","[323, 478]",non,non
20-30723,2020-03-01,2020-03-23,"['84', '30']",DETECTION ET GEOREFERENCEMENT DE RESEAUX POUR LA PHASE 2 DU TRAMWAY DU GRAND AVIGNON,joue,directive25,attribution,initial,TECELYS,84918,Avignon Cedex 9,"[('2020-02-10', 'RESODETECTION', (24250, 'EUR'), None)]",['Réseaux divers'],[306],non,non
20-30710,2020-03-01,2020-03-23,"['84', '30']",OUTILLAGE DE MESURE POUR LE TRAMWAY DU GRAND AVIGNON,joue,directive25,attribution,initial,TECELYS,84918,Avignon Cedex 9,"[('2020-02-10', 'Achat en nord', (39317, 'EUR'), 'outillage de mesure pou rle tramway du Grand Avignon')]",['Outillage'],[251],non,non
20-31170,2020-03-01,2020-05-27,['85'],Réaménagement du collège de Challans centre - Cité scolaire - lot 4 Charpente bois - Bardage bois,joue,directive24,attribution,initial,Conseil général de la Vendée,85923,La Roche sur Yon,"[('2020-01-31', 'Charrier Sas', (2330000, 'EUR'), 'Charpente bois - Bardage bois')]","['Bardage', 'Bâtiment', 'Charpente']","[30, 33, 57]",non,non
20-31070,2020-03-01,2020-03-31,['86'],2020DG11,joue,directive24,appeloffre,initial,CTRE NATIONAL D ENST A DISTANCE,86963,Chasseneuil futuroscope cedex,,['Livres'],[184],non,non
20-30631,2020-03-01,2020-04-06,['87'],"Prestation de Service pour l'ouverture, le tri, la préparation à la numérisation du courrier entrant",joue,directive24,appeloffre,initial,CARSAT Centre Ouest,87048,Limoges cedex,,['Prestations de services'],[274],non,non
20-30388,2020-03-01,2021-03-01,['88'],fourniture de matériels de type professionnel dans le cadre de l'entretien des espaces verts et de la maintenance des services du conseil départemental des vosges,joue,directive24,attribution,initial,Conseil Départemental des Vosges,88088,EPINAL Cedex 09,"[('2020-02-12', 'PETITJEAN', (999999999, 'EUR'), ""Matériels d'entretien d'espaces verts""), ('2020-02-12', 'PETITJEAN', (999999999, 'EUR'), ""Matériels d'atelier et de chantier""), ('2020-02-12', 'TRENOIS DECAMPS', (999999999, 'EUR'), 'Outillages électroportatifs')]","['Matériel agricole, horticole', 'Matériel de travaux publics']","[200, 220]",non,non
20-30258,2020-03-01,2020-03-30,['88'],transport d'agents en situation de handicap du conseil départemental des vosges,joue,directive24,appeloffre,initial,Conseil Départemental des Vosges,88088,Epinal cedex 09,,['Transport'],[347],non,non
20-30743,2020-03-01,2021-03-01,['88'],"réparations, réfections et rénovations d'ouvrages d'art du réseau départemental routier défini géographiquement par lots.",joue,directive24,attribution,initial,Conseil Départemental des Vosges,88088,EPINAL Cedex 09,"[('2020-02-17', 'BONINI', (999999999, 'EUR'), 'ZONE EST'), ('2020-02-17', 'BONINI', (9999999, 'EUR'), 'ZONE CENTRE'), ('2020-02-17', 'BONINI', (9999999, 'EUR'), 'ZONE OUEST')]","[""Ouvrage d'art""]",[252],non,non
20-30745,2020-03-01,2020-03-31,['90'],FOURNITURE DE LAVETTES ET BANDEAUX DE NETTOYAGE,joue,directive24,appeloffre,initial,Hôpital Nord Franche Comté,90015,Belfort,,"[""Produits d'entretien""]",[278],non,non
20-30760,2020-03-01,2020-04-01,['91'],Marché de maintenance et d'entretien des ascenseurs de la ville d'Evry-Courcouronnes,joue,directive24,appeloffre,initial,COMMUNE DE EVRY COURCOURONNES,91000,Evry-Courcouronnes,,"['Ascenseur', 'Maintenance']","[17, 196]",non,non
20-31012,2020-03-01,2020-04-01,['91'],"Entretien de certains bâtiments communaux achat, fourniture et mise en place des consommables sanitaires",joue,directive24,appeloffre,initial,COMMUNE DE EVRY COURCOURONNES,91000,Evry-Courcouronnes,,['Nettoyage de locaux'],[239],non,oui
20-30988,2020-03-01,2020-04-30,['91'],Transport collectif de personnes pour les services de la ville de Brétigny-sur-Orge,joue,directive24,appeloffre,initial,COMMUNE DE BRETIGNY SUR ORGE,91220,Brétigny-sur-orge,,"['Abris', 'Transport']","[1, 347]",non,oui
20-30611,2020-03-01,2020-05-27,['91'],Entretien préventif et curatif des réseaux d'assainissement dans les bâtiments communaux -2 lots,joue,directive24,attribution,initial,COMMUNE DE MASSY,91300,Massy,"[('2019-12-27', 'Iss Hygiene & Prevention', (154941.08, 'EUR'), 'Réseaux assainissement - bac à graisse'), ('2019-12-27', 'Sas Terideal - Segex Energies', (6082.56, 'EUR'), 'Pompes de relevage')]",['Assainissement'],[18],non,non
20-30792,2020-03-01,2020-04-13,['92'],Marché de dépannages et de réparations multi-techniques et multi-sites,joue,directive24,appeloffre,initial,Cons. Départ. des Hauts-de-Seine,92000,Nanterre,,['Prestations de services'],[274],oui,non
20-30644,2020-03-01,2020-03-28,['92'],Missions d'ingénierie géotechnique et essais géotechniques,joue,directive24,attribution,initial,Ville d'Antony,92160,Antony,"[('2020-02-26', 'SOLPROJET', (300000, 'EUR'), ""Missions d'ingénierie géotechniques et essais géotechniques"")]","['Prestations de services', 'Ingénierie']","[274, 455]",non,non
20-31096,2020-03-01,2020-03-31,['92'],Fournitures et matériels destinés à l'entretien et la maintenance des bâtiments communaux,joue,directive24,appeloffre,initial,COMMUNE DE GENNEVILLIERS,92230,Gennevilliers,,"['Outillage', 'Plomberie (travaux)', 'Quincaillerie (articles)']","[251, 270, 291]",non,non
20-30829,2020-03-01,2020-03-30,"['92', '75']","Contrôles périodiques, entretien, maintenance et renouvellement des points d'eau incendie",joue,directive24,attribution,initial,Ville de La Garenne-Colombes,92250,La garenne-colombes,"[('2020-02-24', 'CDA', (320000, 'EUR'), ""Contrôles périodiques, entretien maintenance et renouvellement des points d'eau incendie"")]",['Sécurité incendie'],[332],non,non
20-30833,2020-03-01,2020-04-21,['92'],Entretien Des Espaces Verts De La Ville De Levallois,joue,directive24,appeloffre,initial,Ville de Levallois,92300,Levallois,,['Espaces verts'],[116],non,non
20-30939,2020-03-01,2020-03-16,['92'],refonte du site internet de france éducation international (rectificatif),joue,autre,rectificatif,rectificatif,Ctre International Etudes Pédagogiques,92318,Sèvres cedex,,"['Informatique (prestations de services)', 'Site internet', 'Informatique (maintenance serveurs et réseaux)']","[163, 171, 454]",non,non
20-30858,2020-03-01,2020-05-27,['92'],Entretien et création de réseaux d'arrosage,joue,directive24,attribution,initial,Ville de Courbevoie,92401,Courbevoie,"[('2020-02-24', 'Cca Perrot', (104010.96, 'EUR'), None)]",['Arrosage'],[13],non,non
20-30857,2020-03-01,2020-05-27,['92'],Formation des agent-e-s de la Ville de Courbevoie,joue,directive24,attribution,initial,Ville de Courbevoie,92401,Courbevoie,,['Formation'],[410],non,non
20-30779,2020-03-01,2020-04-29,"['92', '75']","Prestations de blanchisserie et de nettoyage à sec, ramassage et livraison des vêtements et articles textiles pour la Ville de Neuilly-sur-Seine",joue,directive24,attribution,initial,Ville de Neuilly-sur-Seine,92522,Neuilly-sur-seine,"[('2020-02-14', 'BLANCHISSERIE LUCIEN', (400000, 'EUR'), 'Prestations de blanchisserie et de nettoyage à sec, ramassage et livraison des vêtements et articles textiles pour la ville de Neuilly-sur-Seine')]",['Blanchissage'],[36],non,non
20-30650,2020-03-01,2020-05-11,['93'],Réalisation de prothèses dentaires et prestation d'orthodontie,joue,directive24,attribution,initial,CPAM de la Seine-Saint-Denis,93014,Bobigny cédex,"[('2020-02-24', 'Laboratoire de la M2SR Groupe mutualiste de la RATP', (279084, 'EUR'), 'Réalisation de prothèses dentaires'), ('2020-02-24', 'Laboratoire de la M2SR Groupe mutualiste de la RATP', (54132, 'EUR'), ""Réalisation de prestation d'orthodontie"")]",['Consommables médicaux'],[69],oui,oui
20-30806,2020-03-01,2020-04-28,"['93', '75']","Assistance à la maîtrise d'ouvrage pour la réalisation de comptages, enquêtes et études portant sur le trafic routier, les modes actifs et le stationnement.",joue,directive24,attribution,initial,VILLE DE MONTREUIL,93105,Montreuil cedex,,['Etude'],[118],non,non
20-31188,2020-03-01,2020-04-30,"['93', '75', '77', '95']",Entretien des locaux de l'EHPAD Emile Gérard,joue,directive24,attribution,initial,EHPAD Emile Gérard,93190,Livry-gargan,"[('2020-01-22', 'OMS SYNERGIE IDF', (441000, 'EUR'), ""Entretien des locaux de l'EHPAD Emile Gérard"")]",['Nettoyage de locaux'],[239],non,non
20-31120,2020-03-01,2020-05-12,"['93', '75', '77', '78', '91', '92', '94', '95']",Fourniture de produits radio pharmaceutiques destinés au service de Médecine Nucléaire du Groupe Hospitalier Intercommunal Le Raincy-Montfermeil,joue,autre,rectificatif,rectificatif,GHT 93 EST,93370,Montfermeil,,['Produits pharmaceutiques'],[280],non,non
20-31175,2020-03-01,2020-04-29,['93'],"Fournitures d'un service d'informations légales, fiscales, financières, économiques et sociales sur les entreprises",joue,directive24,attribution,initial,Région Ile-de-France,93400,Saint ouen,,['Logiciel'],[186],non,non
19-168066,2020-03-01,2020-04-28,['93'],Assistance à Maitrise d'Ouvrage (A.M.O.) Marketing Territorial et Communication pour la ville d'Aulnay-sous-Bois - Annee 2019/2020 reconductible jusqu'en 2022/2023,joue,directive24,attribution,initial,Ville d'Aulnay-sous-Bois,93600,Aulnay-sous-bois,"[('2019-10-31', 'OSWALD ORB', (118095, 'EUR'), ""ASSISTANCE A MAITRISE D\x92OUVRAGE (A.M.O.) MARKETING TERRITORIAL ET COMMUNICATION POUR LA VILLE D\x92AULNAY-SOUS-BOIS - ANNEE 2019/2020 RECONDUCTIBLE JUSQU'EN 2022/2023"")]","[""Assistance à maîtrise d'ouvrage""]",[433],non,non
20-31137,2020-03-01,2020-04-02,['94'],Fourniture de livres et documents non scolaires,joue,directive24,appeloffre,initial,Ville de Fontenay-sous-Bois,94125,Fontenay-sous-Bois,,"['Abris', 'Livres']","[1, 184]",non,non
20-25899,2020-03-01,2020-03-30,['94'],"entretien, reparations des ascenseurs, mises en conformite, telesurveillance/telealarme",joue,directive24,attribution,initial,Commune de Charenton-le-Pont,94220,Charenton-le-pont,"[('2020-02-28', 'AFEM', (607600, 'EUR'), 'ENTRETIEN, REPARATIONS DES ASCENSEURS, MISES EN CONFORMITE, TELESURVEILLANCE/TELEALARME')]",['Ascenseur'],[17],non,non
20-30920,2020-03-01,2020-04-16,"['75', '91', '92', '93', '94', '95']","Fourniture et livraison d'articles chaussants, d'équipements de protection individuelle et d'équipements et accessoires de sécurité incendie.",joue,directive24,appeloffre,initial,ASSISTANCE PUBLIQUE HOPITAUX DE PARIS,94270,Le kremlin bicêtre,,['Equipements spécialisés'],[115],non,non
20-30909,2020-03-01,2020-03-30,"['94', '91', '92', '75']",prestation de services en assurances pour l'epsnf.,joue,directive24,attribution,initial,EPSNF,94832,Fresnes,,['Assurance'],[20],non,non
20-30791,2020-03-01,2020-04-27,['95'],Mission de suivi animation du plan de sauvegarde de la ' Résidence Fabien ',joue,directive24,appeloffre,initial,Ville de Garges-lès-Gonesse,95140,Garges-lès-gonesse,,['Prestations de services'],[274],non,non
20-31071,2020-03-01,2020-04-16,['95'],"Fourniture de pièces détachées et, pour certains lots, la réalisation de prestations de réparation pour des engins et de matériel de motoculture et de propreté urbaine.",joue,directive24,appeloffre,initial,Ville de Sarcelles,95200,SARCELLES,,"['Equipement hydraulique', 'Equipement thermique', 'Matériel électrique', 'Pièces détachées']","[111, 114, 203, 266]",non,non
20-30975,2020-03-01,2020-05-01,['95'],"opération 2020 cont : missions d'études préalables, d'assistance technique et contrôles des travaux et des ouvrages hydrauliques du siare",joue,directive24,attribution,initial,SIARE,95230,SOISY-SOUS-MONTMORENCY,"[('2020-02-27', 'STRUCTURE ET RÉHABILITATION', (220026.28, 'EUR'), 'Contrôle des travaux'), ('2020-02-27', 'STRUCTURE ET RÉHABILITATION', (79216.97, 'EUR'), 'Contrôle des ouvrages hydrauliques')]",['Assainissement'],[18],non,non
20-31046,2020-03-01,2020-05-12,"['95', '78']","FOURNITURE ET LIVRAISON EN LIAISON FROIDE DES REPAS SCOLAIRES, PERISCOLAIRES ET DES REPAS POUR LE MULTI-ACCUEIL",joue,directive24,appeloffre,initial,Mairie de Viarmes,95270,Viarmes,,"['Denrées alimentaires', 'Prestations de services']","[88, 274]",non,non
20-30556,2020-03-01,2020-04-28,['95'],"la location, l'installation et la mise en service de système d'administration et de monitorage du gaz no ainsi que la fourniture des consommables et prestations de maintenance associées",joue,directive24,attribution,initial,Centre Hospitalier René Dubos,95300,Pontoise,"[('2020-02-27', 'SOL FRANCE', (66800, 'EUR'), 'La location, l\x92installation et la mise en service de système d\x92administration et de monitorage du gaz NO ainsi que la fourniture des consommables et prestations de maintenance associées ')]","['Gaz médicaux', 'Location (matériels)']","[140, 185]",non,non
20-30801,2020-03-01,2020-04-30,['95'],PRODUITS ET MATÉRIELS D'ENTRETIEN,joue,directive24,attribution,initial,COMMUNE DE SAINT OUEN L AUMONE,95310,Saint-ouen l'aumône,"[('2020-02-27', 'SDHE', (400000, 'EUR'), ""Produits et petites fournitures d'entretien""), ('2020-02-26', ""ADELYA TERRE D'HYGIENE"", (200000, 'EUR'), ""Matériels d'entretien"")]","['Matériel électrique', ""Produits d'entretien""]","[203, 278]",non,oui
20-30911,2020-03-01,2020-04-25,['95'],"Accord-cadre relatif à la fourniture et à l'installation des équipements son, images, lumières et scénographiques du 12.",joue,directive24,attribution,initial,COMMUNE DE CERGY,95801,Cergy Pontoise,"[('2020-02-21', 'MPM EQUIPEMENT', (1374153, 'EUR'), ""Accord-cadre relatif à la fourniture et à l'installation des équipements son, images, lumières et scénographiques du 12"")]",['Matériel scénique'],[216],non,oui
20-25481,2020-03-01,2020-04-06,['971'],prestations d'assurance pour les besoins de la région guadeloupe pour la période 2020-2023,joue,directive24,appeloffre,initial,Région Guadeloupe,97100,Basse-Terre,,['Assurance'],[20],non,non
20-31209,2020-03-01,2020-03-18,['971'],"mission de maîtrise d'oeuvre travaux de voirie et réseaux divers sur la parcelle ad 842, quartier de perrin aux abymes (rectificatif)",joue,autre,rectificatif,rectificatif,Cté d'Agglomération Cap Excellence,97110,Pointe à Pitre,,"[""Maîtrise d'oeuvre""]",[197],non,non
20-31221,2020-03-01,2020-03-29,['971'],REDEFINITION DES OUTILS DE PROMOTION TOURISTIQUE DE L'OFFICE,joue,directive24,appeloffre,initial,Office de Tourisme de Saint Martin,97150,Saint-Martin,,['Assistance technique'],[19],non,non
20-30752,2020-03-01,2020-04-06,['973'],"Missions de contrôle technique,de coordination Sps, pour la restructuration du bât. Mc avec la construction en 1ère phase d'1 bât. de consultation & la mise en sécurité incendie du",joue,directive24,appeloffre,initial,CENTRE HOSPITALIER DE CAYENNE,97306,Cayenne Cedex,,"['Contrôle technique', 'Sécurité incendie']","[72, 332]",non,non
20-31161,2020-03-01,2020-03-23,['973'],Réfection de la piste de l'aérodrome de Maripasoula,joue,autre,rectificatif,rectificatif,COLLECTIVITE TERRITORIALE DE GUYANE,97307,Cayenne,,['Voirie'],[365],non,oui
20-30834,2020-03-01,2020-03-27,['974'],travaux de suppression du radier du bras d'antoine sur la route des flamboyants (rd 400) - communes de saint pierre et du tampon (rectificatif),joue,autre,rectificatif,rectificatif,Département de la Réunion,97400,Saint-Denis,,['Génie civil'],[141],non,non
20-30610,2020-03-01,2020-05-27,['974'],Prise en charge des transports des équipes Smur du Chu Sud Reunion et mise à disposition des ambulanciers,joue,directive24,attribution,initial,CHU DE LA REUNION,97448,St Pierre cedex,"[('2020-02-13', 'ambulance petite ile', (1700000, 'EUR'), None)]",['Transport'],[347],non,oui
20-30883,2020-03-01,2020-04-01,['974'],Prestations d'états des lieux,joue,directive24,appeloffre,initial,EMA/DC SCA/GSBdD Réunion-Mayotte,97476,Saint-denis cedex,,['Prestations de services'],[274],non,oui
20-30847,2020-03-01,2020-05-27,['974'],Concours restreint de maitrise d'oeuvre sur esquisse + pour la mise aux normes du centre funéraire de Prima,joue,directive24,attribution,initial,Commune de Saint-Denis de la Réunion,97490,Saint-Denis,,"[""Maîtrise d'oeuvre""]",[197],non,non
20-30859,2020-03-01,2020-04-01,['974'],Lycée de Vue Belle - Relance du lot VRD,joue,directive24,appeloffre,initial,Conseil Régional de la Réunion,97490,Sainte-clotilde,,['Voirie'],[365],non,non
20-30846,2020-03-01,2020-05-27,['974'],Concours restreint de maitrise d'oeuvre sur esquisse + pour la mise aux normes du centre funéraire de Prima,joue,directive24,attribution,initial,Commune de Saint-Denis de la Réunion,97490,Saint-Denis,,"[""Maîtrise d'oeuvre""]",[197],non,non
20-30921,2020-03-01,2020-03-30,['974'],Prestation de service d'intérim 2020 - 2023,joue,directive24,attribution,initial,SA ECON MIXTE NORDEV DEVELOP NORD REUN,97494,Sainte clotilde cedex,"[('2020-01-27', 'RH INTERIM', (990000, 'EUR'), ""Prestation de service d'intérim 2020 - 2023"")]","['Prestations de services', 'Evénementiel']","[274, 445]",non,non
20-30663,2020-03-01,2020-04-08,"['976', '974']",MAINTENANCE PREVENTIVE DES PORTAILS ET BARRIERES AUTOMATIQUES,joue,directive24,appeloffre,initial,Rectorat de Mayotte,97600,Mamoudzou,,['Maintenance'],[196],non,non
20-30624,2020-03-01,2020-04-07,"['976', '974']","MAINTENANCE PREVENTIVE DES TABLEAUX ELECTRIQUES BASSE, POSTES HAUTE TENSION, ONDULEURS, GROUPES ELECTROGENES ET DE L'ECLAIRAGE DE SECURITE.",joue,directive24,appeloffre,initial,Rectorat de Mayotte,97600,Mamoudzou,,['Maintenance'],[196],non,non
20-30887,2020-03-01,2020-03-29,['976'],Exploitation technique et commerciale des ouvrages constituant le réseau d'initiative publique du Département de Mayotte,joue,autre,rectificatif,rectificatif,Département de Mayotte,97600,Mamoudzou,,"['Fibre optique', 'Télécommunications']","[133, 338]",non,non
20-30554,2020-03-01,2020-03-29,['976'],MISSION DE MAITRISE D'OEUVRE VRD RELATIVE A LA MISE EN OEUVRE D'UNE PARTIE DU PLAN DE DEPLACEMENTS DANS LA COMMUNE DE DZAOUDZI,joue,autre,rectificatif,rectificatif,COMMUNE DE DZAOUDZI LABATTOIR,97615,Dzaoudzi-Labattoir,,"[""Maîtrise d'oeuvre""]",[197],non,oui
19-181694,2020-03-01,2020-05-30,['87'],marche relatif au nettoyage des locaux des organismes de sécurité sociale de la région nouvelle aquitaine - ex midi pyrénées,joue,directive24,appeloffre,initial,Caisse d'Allocations Familiales,,Limoges,,['Nettoyage de locaux'],[239],non,oui
20-23422,2020-03-01,2020-06-30,['13'],Mise à disposition d'une navette électrique socio-culturelle avec conducteur à Grans,joue,directive24,attribution,initial,Ville de Grans,,GRANS,,['Transport'],[347],non,non
20-27864,2020-03-01,2020-10-31,['12'],Enlèvement et traitement des gravats,joue,directive24,attribution,initial,Cté Cnes DU GRAND VILLEFRANCHOIS,,Villefranche de rouergue,,['Déchets non ménagers (prestations)'],[404],non,non
20-28575,2020-03-01,2020-03-30,['64'],fourniture de dispositifs médicaux stériles et non stériles de pneumologie anesthésie et réanimation,joue,directive24,appeloffre,initial,Centre Hospitalier de Pau,,Pau,,['Consommables médicaux'],[69],non,non
20-30649,2020-03-01,2020-05-15,"['75', '60', '95', '77', '76']","marché de maîtrise d'oeuvre pour la phase 1 des travaux de restauration, aménagement et mise en conformité du domaine de chaalis",joue,directive24,appeloffre,initial,Institut de France,,Paris,,"[""Maîtrise d'oeuvre""]",[197],non,non
20-30670,2020-03-01,2020-03-31,['33'],"Accord-cadre pour des prestations d'études, de diagnostics et de contrôle technique de bâtiment",joue,directive24,appeloffre,initial,VILLE DE MERIGNAC,,Mérignac,,"['Contrôle technique', 'Etude', 'Prestations de services', 'Amiante (diagnostic)', 'Ingénierie']","[72, 118, 274, 431, 455]",non,non
20-31135,2020-03-01,2020-04-05,['21'],confortement des pierres d'acrotères du bâtiement gabriel,joue,directive24,appeloffre,initial,Université de bourgogne,,Dijon,,['Amiante (désamiantage)'],[479],non,non
