,a00_cle_idweb,g04_01_date_publication,g04_03_date_fin_diffusion,g04_07_dep_publication,g04_09_resume_objet,g01_02_01_famille,g01_02_02_perimetre,g01_02_03_nature,g01_02_04_statut,d01_01_denomination,d01_07_cp,d01_08_ville,d08_09_decision_titulaireandRENSEIGNEMENT,g04_052_descripteurs_libelles,g04_051_descripteurs_codes,g04_061_criteres_sociaux,g04_062_criteres_environnementaux
0,20-78212,2020-06-20,2020-07-20,['1'],Fourniture de chèques d'accompagnement personnalisé,joue,directive24,appeloffre,initial,DEPARTEMENT DE L AIN,01012,BOURG EN BRESSE CEDEX,,['Titres restaurant'],[416],non,non
1,20-77745,2020-06-20,2020-09-11,"['2', '59', '60', '62', '80']",fourniture de végétaux et petits matériels horticoles,joue,directive24,appeloffre,initial,COMMUNE DE TERGNIER,02700,TERGNIER,,"['Matériel agricole, horticole', 'Végétaux']","[200, 358]",non,non
2,20-65416,2020-06-20,2020-07-20,['3'],maitrise d'oeuvre de la renovation des salles et salons jouxtant la salle berlioz du palais des congres et de l'opera,joue,directive24,appeloffre,initial,Ville de Vichy,03201,VICHY,,"[""Maîtrise d'oeuvre""]",[197],non,non
3,20-75874,2020-06-20,2020-07-15,"['3', '63']",maitrise d'oeuvre pour l'extension et la rénovation de l'ehpad d'echassières,joue,directive24,attribution,initial,Maison de Retraite,03330,ECHASSIERES,,"[""Maîtrise d'oeuvre""]",[197],non,non
4,20-78197,2020-06-20,2020-09-04,['4'],MARCHE ETUDES ET TRAVAUX DE DISTRIBUTION D'ENERGIE ELECTRIQUE SUR LE TERRITOIRE DEPARTEMENTAL,joue,directive25,appeloffre,initial,SDE04,04000,DIGNE LES BAINS,,"['Electrification rurale', 'Etude']","[106, 118]",non,non
5,20-78437,2020-06-20,2020-09-01,"['5', '4', '83']",ANRJ1 - CONSOMMABLES POUR THERMOFUSION ET TECHNIQUE ULTRASONS AVEC MISE A DISPOSITION DE GENERATEURS ET PRESTATIONS ASSOCIEES,joue,directive24,appeloffre,initial,CTRE HOSPITALIER INTERCOM ALPES DU SUD,05007,Gap cedex,,['Consommables médicaux'],[69],non,non
6,20-26690,2020-06-20,2020-07-21,['6'],"travaux d'entretien dans les collèges et les bâtiments départementaux. renouvellement des lots maçonnerie, étanchéité, bois, métallerie et vrd - lot 1 maçonnerie secteur est",joue,directive24,appeloffre,initial,Département des Alpes-Maritimes,06201,Nice Cedex 3,,['Maçonnerie'],[195],non,oui
7,20-78314,2020-06-20,2020-07-18,['6'],Location directe et maintenance du matériel d'impression pour les services municipaux.,joue,directive24,appeloffre,initial,Ville de Carros,06512,Carros Cedex,,"['Impression', ""Matériel d'imprimerie""]","[160, 211]",non,non
8,20-79348,2020-06-20,2020-07-18,['7'],"Aménagement des locaux du Pôle de Bésignoles à PRIVAS, Restructuration et mise en conformité du bâtiment principal.",fns,cmp2006,appeloffre,initial,Département de l'Ardèche,07007,Privas,,"[""Tous corps d'état""]",[345],oui,non
9,20-78097,2020-06-20,2020-07-27,['10'],Traitement intellectuel et sanitaire des archives de la Ville de Troyes - Relance-.,joue,directive24,appeloffre,initial,MAIRIE DE TROYES,10000,TROYES,,['Conditionnement'],[67],non,non
10,20-64116,2020-06-20,2020-08-24,['10'],"Concession de service public pour la gestion et l'exploitation de la résidence autonomie "" les orchidées """,joue,directive23,attribution,initial,C.C.AS DE SAINTE-SAVINE,10303,SAINTE-SAVINE CEDEX,"[('2020-03-04', 'PHILOGERIS SERVICE PUBLIC', (2718297, 'EUR'), 'Concession de service public pour la gestion et l\x92exploitation de la résidence-autonomie "" Les Orchidées\xa0""')]",['Délégation de service public'],[406],non,non
11,20-78359,2020-06-20,2020-07-18,['11'],Location longue durée et la location avec option d'achat de véhicules légers pour le Département de l'Aude (suite à déclaration sans suite),joue,directive24,attribution,initial,Département de l'Aude,11855,CARCASSONNE Cedex 9,,['Véhicules (location)'],[474],non,non
12,20-78421,2020-06-20,2020-07-18,['13'],Fourniture de chèques cadeaux multi-enseignes à destination des seniors,joue,directive24,attribution,initial,ENERGIE SOLIDAIRE 13,13006,Marseille,"[('2020-03-10', 'EDENRED FRANCE SAS SIRET : 39336513500358', (3333333, 'EUR'), 'Fourniture de chèques cadeaux multi-enseignes')]",['Chèque cadeau'],[436],non,non
13,20-78204,2020-06-20,2020-07-31,"['13', '83', '84']",Reprise de matières issues des dispositifs de pré-collecte usagés -Bacs et colonnes aériennes en PEHD,joue,directive24,appeloffre,initial,METROPOLE D AIX MARSEILLE PROVENCE,13007,Marseille,,"['Conteneur, poubelles', 'Prestations de services']","[71, 274]",non,non
14,20-78485,2020-06-20,2020-08-31,['13'],Construction de la nouvelle station d'épuration sur la commune de La Fare les Oliviers,joue,autre,rectificatif,rectificatif,METROPOLE D AIX MARSEILLE PROVENCE,13007,Marseille,,"[""Ouvrage d'infrastructure""]",[253],non,non
15,20-78233,2020-06-20,2020-07-22,['13'],"assurances "" complémentaire santé "" et ""prévoyance"" pour le personnel de l'epf provence alpes côte d'azur",joue,directive24,appeloffre,initial,ETS PUB FONCIER P A C A,13207,Marseille Cedex 01,,"['Assurance', 'Prestations de services']","[20, 274]",non,non
16,20-78118,2020-06-20,2020-09-15,['13'],"Dossiers Reglementaires Au Titre Du Code De L'Environnement, Concertations, Etudes Et Suivis Environnementaux Relatifs Aux Differents Projets Des Bassins Est Et Ouest Du Gpmm",joue,directive24,attribution,initial,GRAND PORT MARITIME DE MARSEILLE,13226,Marseille,"[('2020-06-15', 'Mediaterre Conseil', (560000, 'EUR'), None), ('2020-06-15', 'Oteis', (560000, 'EUR'), None), ('2020-06-15', 'Safege', (560000, 'EUR'), None), ('2020-06-15', 'Ingerop Conseil & Ingénierie', (560000, 'EUR'), None), ('2020-06-15', 'Arcadis Esg', (560000, 'EUR'), None)]",['Etude'],[118],non,non
17,20-78520,2020-06-20,2020-07-29,['13'],"Travaux de réparation, d'entretien, rénovation et petites créations dans les batiments - ouvrages divers constituant le patrimoine immobilier de la ville de Marseille - Corps d'Etat Etanchéi",joue,directive24,appeloffre,initial,Ville de Marseille,13233,Marseille cedex 20,,"['Abris', 'Couverture']","[1, 74]",oui,oui
18,20-78044,2020-06-20,2020-07-30,['13'],"ACCORD CADRE POUR LA FOURNITURE DE PIECES DETACHEES ET MAINTENANCE DES ENGINS AGRICOLES, DE TRAVAUX PUBLICS ET D'ENTRETIEN ROUTIER- RELANCE DES LOTS 3 et 6 SUITE A PROCEDURE INFRUCTUEUSE",joue,directive24,appeloffre,initial,CONSEIL DEPARTEMENTAL 13,13256,Marseille,,['Pièces détachées'],[266],non,non
19,20-78558,2020-06-20,2020-08-19,['13'],Missions topographiques sur les routes départementales (3 lots),joue,directive24,attribution,initial,CONSEIL DEPARTEMENTAL 13,13256,Marseille cedex 20,"[('2020-05-28', 'GEOFIT EXPERT', (80000.0, 'EUR'), ""Arrondissement d'Aix-en-Provence"")]",['Topographie'],[344],non,non
20,20-78457,2020-06-20,2020-07-31,['13'],Maîtrise d'oeuvre pré-DUP - RD8n - Démolition et reconstrcuction du pont sur l'Arc,joue,directive24,appeloffre,initial,CONSEIL DEPARTEMENTAL 13,13256,Marseille cedex 20,,['Ingénierie'],[455],non,non
21,20-78571,2020-06-20,2020-07-15,['13'],"Remplacement des menuiseries extérieures à la Résidence "" BOULEVARD NATIONAL "" - MARSEILLE",joue,directive24,appeloffre,initial,UNICIL,13286,Marseille Cedex 06,,['Menuiserie'],[222],non,oui
22,20-78570,2020-06-20,2020-07-15,['13'],"Relance lots 6 et 7 : Menuiseries Intérieures et Portes de Garages - Opération "" les Peyrons "" - Rue du Grand Vallat 83210 La Farlède",joue,directive24,appeloffre,initial,UNICIL,13286,Marseille Cedex 06,,"['Menuiserie', 'Porte automatique, portail']","[222, 412]",non,oui
23,20-78522,2020-06-20,2020-08-20,['13'],Missions d'études et d'accompagnement dans le domaine de l'innovation numérique et des nouvelles technologies pour les besoins de la CPRPSNCF,joue,directive24,appeloffre,initial,CPRP SNCF,13347,Marseille cedex 20,,"['Informatique (prestations de services)', 'Prestations de services']","[163, 274]",non,non
24,20-78349,2020-06-20,2020-08-18,['13'],"achat d'équipements, fourniture de réactifs et consommables, prestation de maintenance et pièces détachées pour équipement CHARLES RIVER",joue,directive24,attribution,initial,CENTRE HOSPITALIER REG DE MARSEILLE,13354,Marseille cedex 05,"[('2020-04-01', 'CHARLES RIVER', (522000.0, 'EUR'), ""Achat d'équipements, fourniture de réactifs et consommables, prestation de maintenance et pièces détachées pour équipement CHARLES RIVER"")]","['Maintenance', 'Matériel médical', 'Réactifs']","[196, 212, 301]",non,non
25,20-78294,2020-06-20,2020-08-18,['13'],"maintenance, réparation, fourniture de pièces détachées et consommables pour équipements de marque WATERS",joue,directive24,attribution,initial,CENTRE HOSPITALIER REG DE MARSEILLE,13354,Marseille cedex 5,"[('2020-02-25', 'WATERS SAS', (500000.0, 'EUR'), 'Maintenance, réparation, fourniture de pièces détachées et consommables pour équipements de marque WATERS')]","['Maintenance', 'Pièces détachées']","[196, 266]",non,non
26,20-78395,2020-06-20,2020-07-20,['13'],Lot 5 : Entretien Et Maintenance De Mobiliers Existants Sur Le Departement Des Bouches-Du-Rhône (13),joue,directive24,appeloffre,initial,Région Provence Alpes Côte d'Azur,13481,Marseille,,['Transport'],[347],non,non
27,20-78299,2020-06-20,2020-08-04,['14'],ACTION RESTOR'TOIT 2020DIL148,joue,directive24,appeloffre,initial,DEPARTEMENT DU CALVADOS,14000,Caen,,"['Abonnement', 'Prestations de services']","[2, 274]",oui,non
28,20-77978,2020-06-20,2020-07-21,['14'],2020AFA115 - Renforcements de chaussée sur l'Agence Routière Départementale de Falaise,joue,directive24,appeloffre,initial,DEPARTEMENT DU CALVADOS,14035,CAEN CEDEX,,['Voirie'],[365],non,non
29,20-78428,2020-06-20,2020-09-15,"['14', '50', '61']","Réalisation d'aménagement de voiries, de réseaux d'assainissement d'eaux pluviales et de travaux divers sur l'ensemble de la commune de Vire Normandie",joue,directive24,attribution,initial,COMMUNE DE VIRE NORMANDIE,14500,Vire Normandie,"[('2020-06-17', 'Eiffage Route Ouest', (4000000, 'EUR'), None)]",['Voirie'],[365],non,non
30,20-78015,2020-06-20,2020-07-20,['17'],Achat de prestation d'insertion et de qualification pour les publics résidant sur le territoire de la CDA de Saintes et rencontrant des difficultés particulières d'accès à l'emploi,joue,directive24,appeloffre,initial,Communauté d'Agglomération de Saintes,17100,Saintes,,['Prestations de services'],[274],non,non
31,20-78475,2020-06-20,2020-07-30,['17'],CH DE JONZAC : TRAVAUX DE RESTRUCTURATION DU PARC IMMOBILIER AFFECTE A LA PSYCHIATRIE - LOT 15 RACCORDEMENT CHAUFFAGE,joue,directive24,attribution,initial,CH de Saintonge - GHT de Saintonge,17108,Saintes,"[('2020-06-17', 'DALKIA Agence Poitou Charentes', (128517.55, 'EUR'), 'Raccordement chauffage')]",['Chauffage (travaux)'],[61],non,non
32,20-78084,2020-06-20,2020-07-22,['18'],Fourniture de carburant par cartes accréditives et vrac pour la Ville de Bourges et la Communauté d'Agglomération de Bourges - 2021-2024,joue,directive24,appeloffre,initial,Ville de Bourges,18000,BOURGES,,"['Carburant, hydrocarbure']",[52],non,non
33,20-77938,2020-06-20,2020-08-18,"['21', '25']",BET MULTI TECHNIQUE,joue,directive24,appeloffre,initial,POLE EMPLOI BOURGOGNE-FRANCHE-COMTE,21000,Dijon,,"['Prestations de services', 'Ingénierie']","[274, 455]",non,oui
34,20-77953,2020-06-20,2020-07-22,['21'],"acquisition d'appareils de mesure pour le sdis 21 - détecteurs portables multigaz, accessoires et pièces détachées",joue,directive24,appeloffre,initial,SDIS de Côte d'Or,21062,Dijon cedex,,['Equipements spécialisés'],[115],non,non
35,20-78575,2020-06-20,2020-07-30,['21'],Fourniture de véhicules de collecte de déchets ménagers fonctionnant à l'hydrogène,joue,directive24,appeloffre,initial,DIJON METROPOLE,21075,Dijon,,['Benne'],[34],non,non
36,20-76121,2020-06-20,2020-08-19,['22'],Accord cadre à marchés subséquents sans minimum ni maximum multi attributaires pour l'achat de camions d'occasion porteurs de saleuses en hiver et porteurs d'équipements servant le reste de l'année,joue,directive24,attribution,initial,Département des Côtes d'Armor,22023,Saint-Brieuc,"[('2020-06-11', 'DAGA', (800000, 'EUR'), None), ('2020-06-12', 'Sas Europe Services', (800000, 'EUR'), None), ('2020-06-12', 'Sas RECTIF 15000', (800000, 'EUR'), None)]",['Véhicules (acquisition)'],[475],non,non
37,20-78255,2020-06-20,2020-06-30,['22'],"Construction de 98 lits d'Ehpad au Centre Gériatrique des Capucins - Relance des lots 10,13 et 16",joue,autre,rectificatif,rectificatif,CENTRE HOSPITALIER SAINT BRIEUC,22027,Saint-Brieuc,,['Bâtiment'],[33],non,non
38,20-69775,2020-06-20,2020-06-30,['22'],maîtrise d'oeuvre relative à la restructuration de la station d'épuration de trébeurden,joue,directive24,appeloffre,initial,Lannion-Trégor Communauté,22300,Lannion,,"[""Maîtrise d'oeuvre""]",[197],non,non
39,20-78410,2020-06-20,2020-07-20,"['22', '29', '35']",fourniture de produits chimiques,joue,directive24,appeloffre,initial,GIP LABOCEA,22440,Ploufragan,,"['Laboratoire (fourniture)', 'Produits chimiques']","[181, 275]",non,non
40,20-78290,2020-06-20,2020-07-18,"['25', '21', '39', '58', '70', '71', '89', '90']",maintenance des équipements de cuisine dans les établissements publics locaux d'enseignement de la région bourgogne franche-comté (rectificatif),joue,autre,rectificatif,rectificatif,REGION BOURGOGNE FRANCHE COMTE,25031,Besançon,,"['Cuisine (équipement)', 'Maintenance']","[77, 196]",non,non
41,20-78253,2020-06-20,2020-07-21,['27'],VELOROUTE - VOIE VERTE / Section Vernon - Les Andelys Réalisation d'un Passage Inférieur Portique Ouvert Commune de Vernon,joue,directive24,appeloffre,initial,DEPARTEMENT DE L EURE,27021,Evreux cedex 01,,['Voirie'],[365],non,non
42,20-78516,2020-06-20,2020-08-18,['27'],"Levé de sites départementaux (Bâtiments, topographie, levé et détection de réseau, bornage)",joue,directive24,attribution,initial,Conseil Général de l'Eure,27021,Evreux cedex 01,,['Prestations de services'],[274],non,non
43,20-78458,2020-06-20,2020-07-20,['27'],VELOROUTE - VOIE VERTE - LA SEINE A VELO - Section Vernon - Les Andelys - Réhabilitation de l'ouvrage du Gambon -Travaux d'ouvrage d'art,joue,directive24,appeloffre,initial,DEPARTEMENT DE L EURE,27021,Evreux cedex 01,,"[""Tous corps d'état"", 'Voirie']","[345, 365]",non,non
44,20-78521,2020-06-20,2020-07-24,['28'],"Acquisition et location d'équipements audiovisuels et scéniques de destinés aux animations, spectacles et prestations audiovisuelles organisés par la ville de Chartres et Chartres Métropole",joue,directive24,appeloffre,initial,Ville de Chartres,28019,Chartres,,"['Audiovisuel', 'Matériel électrique', 'Matériel scénique']","[22, 203, 216]",non,non
45,20-78368,2020-06-20,2020-09-10,['29'],Travaux de modernisation de la criée du Guilvinec,joue,directive24,attribution,initial,CCI METROPOLITAINE BRETAGNE OUEST,29238,Brest,"[('2020-06-05', 'JOHNSON CONTROLS INDUSTRIES', (1842308.46, 'EUR'), 'Lot 1 - Installation frigorifique')]",['Chambre froide'],[56],non,non
46,20-78455,2020-06-20,2020-07-21,['29'],Fourniture de matelas en mousse et d'oreillers ignifugés au profit des unités navigantes de la Marine Nationale,joue,directive81,appeloffre,initial,MINDEF/SCA/PFAF OUEST,29240,Brest,,['Mobilier'],[230],non,oui
47,20-78440,2020-06-20,2020-07-18,"['34', '30', '11', '66']",PROJET D'EXTENSION DU RÉSEAU HYDRAULIQUE RÉGIONAL - SECTEUR DU NORD EST BÉZIERS - PHASE 2,joue,directive24,appeloffre,initial,BRL,30001,Nimes,,['Canalisations'],[48],non,non
48,20-78391,2020-06-20,2020-07-28,"['30', '69', '66', '75', '34', '84', '13', '6', '31']",Concours restreint de maîtrise d'oeuvre pour la construction de la maison de l'entreprise sur la Ville de Nîmes,joue,directive24,appeloffre,initial,CCI TERRITORIALE DU GARD,30032,Nimes cedex 1,,"[""Maîtrise d'oeuvre""]",[197],oui,oui
49,20-78088,2020-06-20,2020-07-22,['30'],Aménagement de voies vertes entre Cardet-Anduze et entre Quissac-Lézan (réparation OA et équipements),joue,directive24,appeloffre,initial,Conseil Général du Gard,30044,Nîmes cedex 9,,['Voirie'],[365],non,non
50,20-78339,2020-06-20,2020-09-18,['31'],Construction d'un parc relais en silo mixte à Basso Cambo - Toulouse,joue,directive25,attribution,initial,SOC DE LA MOBILITE DE AGGL TOULOUSAINE,31004,Toulouse,,['Bâtiment'],[33],non,non
51,20-78306,2020-06-20,2020-07-24,"['31', '34', '75', '33']",MF_2020_COLLECTE_VPN,joue,directive24,appeloffre,initial,Ministere developpement durable_DGPR,31057,Toulouse cedex,,['Informatique (prestations de services)'],[163],non,oui
52,20-78415,2020-06-20,2020-09-15,['31'],"Fourniture, installation, mise en service, maintenance d'équipements audiovisuels intégrés au système d'information",joue,directive24,appeloffre,initial,Crous de Toulouse-Occitanie,31070,Toulouse,,['Audiovisuel'],[22],non,non
53,20-78134,2020-06-20,2020-06-29,['31'],Travaux de fauchages et de débroussaillages mécaniques pour l'entretien des dépendances vertes du canal des deux mers et ses annexes en Haute-Garonne,joue,autre,rectificatif,rectificatif,Voies navigables de France,31073,Toulouse cedex7,,['Espaces verts'],[116],non,non
54,20-78085,2020-06-20,2020-07-21,"['48', '31']",Fourniture et livraison de matières d'oeuvre répondant aux besoins des différents pôles du Campus des Métiers Henry GIRAL de la Lozère.,joue,directive24,appeloffre,initial,CRMA Occitanie Pyrénées - Méditerranée,31240,Saint Jean,,"['Charpente', 'Denrées alimentaires', 'Equipements spécialisés', 'Gouttières', 'Maçonnerie', 'Matériel électrique', 'Mécanique', 'Menuiserie', 'Métallerie', 'Outillage', 'Peinture (fourniture)', 'Plâtrerie', 'Quincaillerie (articles)', 'Revêtements muraux', 'Vaisselle']","[57, 88, 115, 145, 195, 203, 221, 222, 223, 251, 263, 269, 291, 309, 357]",non,non
55,20-78518,2020-06-20,2020-07-21,['31'],Fourniture et l'acheminement de gaz,joue,directive24,appeloffre,initial,Mairie de Leguevin,31490,Léguevin,,"['Electricité, gaz (fourniture)']",[443],non,non
56,20-78533,2020-06-20,2020-08-20,"['30', '34', '11', '66', '31']",20OCC05L,joue,directive24,appeloffre,initial,CCI Occitanie,31701,Blagnac cedex,,"['Restauration collective', 'Cuisine (équipement)']","[66, 77]",non,non
57,20-78277,2020-06-20,2020-07-20,"['19', '87', '86', '33']",Lycée Maryse Bastié à LIMOGES (87) - ADAP - Mise en oeuvre de l'agenda d'accessibilité - relance du lot no 6 'Revêtements de sols souples - carrelage',joue,directive24,appeloffre,initial,Région Nouvelle Aquitaine,33000,Bordeaux,,['Revêtements de sols'],[308],non,non
58,20-78447,2020-06-20,2020-07-21,['33'],Exécution de services publics de transport scolaire sur le territoire de la Gironde,joue,directive24,appeloffre,initial,Région Nouvelle Aquitaine,33074,Bordeaux cedex,,"['Prestations de services', 'Transport']","[274, 347]",non,non
59,20-78441,2020-06-20,2020-07-31,['34'],"Prestations de nettoyage, d'entretien et d'hygiène des locaux et des vitreries",joue,autre,rectificatif,rectificatif,INRA de Montpellier,34060,Montpellier cedex 2,,['Nettoyage de locaux'],[239],non,non
60,20-78426,2020-06-20,2020-09-15,['34'],Nettoyage Du Parc Materiel Roulant De Tam,joue,directive25,attribution,initial,TAM - Transports Agglo Montpellier,34075,Montpellier,"[('2020-06-09', 'Sud Service', (826616, 'EUR'), 'Nettoyage du matériel roulant bus, tramways et Vs du dépôt Cemh, prestations de stations service tramway'), ('2020-06-09', 'Auto Lavage Et Services Bio', (475448, 'EUR'), 'Nettoyage du matériel roulant bus, tramways et Vs du dépôt Jp, prestations de stations-service tramway')]",['Transport'],[347],oui,oui
61,20-78221,2020-06-20,2020-09-15,['34'],Renouvellement des caméras Ligne 2,joue,directive25,attribution,initial,TAM - Transports Agglo Montpellier,34075,Montpellier,"[('2020-06-10', 'Iperion', (411558.01, 'EUR'), None)]",['Transport'],[347],non,non
62,20-78333,2020-06-20,2020-09-15,['34'],"Prestations de nettoiement des stations de tramway, poteaux Lac et plateformes interstations",joue,directive25,attribution,initial,TAM - Transports Agglo Montpellier,34075,Montpellier,"[('2020-01-10', 'Sud Service', (267536.6, 'EUR'), 'Nettoyage des stations tramway'), ('2020-05-20', 'Sud Service', (74374, 'EUR'), 'Nettoyage des poteaux Lac et bus'), ('2020-01-10', 'Sud Service', (27600, 'EUR'), 'Nettoyage des plateformes interstations')]",['Transport'],[347],non,non
63,20-78051,2020-06-20,2020-09-04,['34'],Transports occasionnels,joue,directive24,appeloffre,initial,COMMUNE DE FRONTIGNAN,34113,Frontignan,,['Transport'],[347],non,non
64,20-77990,2020-06-20,2020-07-20,['34'],Entretien Des Espaces Verts De L'Agglomeration Du Pays De L'Or,joue,directive24,appeloffre,initial,COMM D AGGLOMERATION DU PAYS DE L OR,34137,Mauguio,,['Espaces verts'],[116],non,non
65,20-78052,2020-06-20,2020-09-15,['34'],Opération De Construction D'Un Parc De Stationnement Place Stalingrad A Sete,joue,directive24,attribution,initial,SOCIETE PUBLIQUE LOCALE BASSIN DE THAU,34204,Sete,"[('2020-03-23', 'durand et fils', (6237805.44, 'EUR'), 'Terrassement - gros oeuvre - Maçonnerie'), ('2020-03-23', 'Languedoc Etancheite', (95654.97, 'EUR'), 'Etanchéité'), ('2020-03-23', 'Revêtements Sétois', (72011.63, 'EUR'), 'Revêtement de sols'), ('2020-03-23', 'Atole', (376496.46, 'EUR'), 'Serrurerie / Métallerie'), ('2020-03-23', 'Ab Structures', (6165.2, 'EUR'), 'Mobilier'), ('2020-03-23', 'Libes', (54915, 'EUR'), 'Peintue'), ('2020-03-23', 'Etcb', (144800, 'EUR'), 'Appareils élévateurs'), ('2020-03-23', 'Scheidt Et Bachmann France', (145174.78, 'EUR'), 'Péage'), ('2020-03-23', 'St Groupe', (80796, 'EUR'), 'Marquage'), ('2020-03-23', 'Edison', (425153.31, 'EUR'), 'Electricité - courant faible'), ('2020-03-23', 'Roger Renard Entreprise', (172190.5, 'EUR'), 'Plomberie - génie climatique'), ('2020-03-23', 'Gesop', (81999.9, 'EUR'), 'Rideaux automatiques'), ('2020-03-23', 'Ml Electronique', (73400, 'EUR'), 'Guidage à la place'), ('2020-03-23', 'Espace Enseigne', (35971, 'EUR'), 'Signalétique')]","[""Ouvrage d'infrastructure""]",[253],non,non
66,20-77995,2020-06-20,2020-07-20,"['34', '12']",: Fourniture de consommables de laboratoire pour les établissements du GHT Est Hérault Sud Aveyron,joue,directive24,appeloffre,initial,CHU DE MONTPELLIER,34295,Montpellier Cedex 5,,"['Hygiène (articles)', 'Laboratoire (fourniture)']","[153, 181]",non,non
67,20-22928,2020-06-20,2020-08-25,['34'],Concession de Service Public pour la gestion de la fourrière automobile,joue,directive23,attribution,initial,COMMUNE D AGDE,34306,Agde,,['Fourrière'],[451],non,non
68,20-74631,2020-06-20,2020-08-25,['34'],Concession de service public pour la gestion des arènes du Cap d'Agde,joue,directive23,attribution,initial,COMMUNE D AGDE,34306,Agde,"[('2020-02-14', 'VINCENT RIBERA ORGANISATION', (1110000.0, 'EUR'), ""gestion des arènes du Cap d'Agde"")]","['Délégation de service public', 'Spectacle']","[406, 472]",non,non
69,20-78510,2020-06-20,2020-07-24,['35'],"Nettoyage des Locaux et des surfaces vitrées sur les sites de Rennes, Saint Brieuc et Quimper",joue,directive24,appeloffre,initial,Etablissement Français du Sang,35016,Rennes Cedex,,['Nettoyage de locaux'],[239],oui,oui
70,20-77755,2020-06-20,2020-08-30,['35'],extension et modernisation de l'outil amelia,joue,directive25,attribution,initial,Rennes Métropole,35031,RENNES CEDEX,"[('2019-04-05', 'SOCIETE SETEC ITS', (93375.0, 'EUR'), ""EXTENSION ET MODERNISATION DE L'OUTIL AMELIA"")]","['Informatique (prestations de services)', 'Logiciel']","[163, 186]",non,non
71,20-78278,2020-06-20,2020-07-17,['35'],"Prestations de transports sanitaires héliportés relevant de l'aide médicale d'urgence pour le SAMU 35 - Rennes, pour la période estivale 2020.",joue,directive24,attribution,initial,CTRE HOSPITALIER UNIVERS PONTCHAILLOU,35033,Rennes cedex 9,"[('2020-06-16', 'BABCOCK MISSION CRITICAL SERVICES FRANCE', (647697, 'EUR'), ""Prestations de transports sanitaires héliportés relevant de l'aide médicale d'urgence pour le SAMU 35 - Rennes pour la période estivale 2020"")]",['Transport'],[347],non,non
72,20-78130,2020-06-20,2020-07-21,['35'],ACCORD-CADRE POUR LES INSPECTIONS DETAILLEES DES OUVRAGES D'ART DU DEPARTEMENT D'ILLE-ET-VILAINE POUR LES ANNEES 2020-2021-2022-2023,joue,directive24,appeloffre,initial,Département d'Ille et Vilaine,35042,RENNES CEDEX,,"[""Ouvrage d'art""]",[252],non,non
73,20-78362,2020-06-20,2020-07-31,['37'],"Fourniture de dispositifs médicaux pour surveillance, abord chirurgical, hygiène et filtres à eau terminaux",joue,directive24,appeloffre,initial,CENTRE HOSPITALIER REG UNVT DE TOURS,37044,Tours cedex 9,,['Matériel médical'],[212],non,non
74,20-78073,2020-06-20,2020-07-22,['37'],GESTION DES DECHETS D'AMIANTE-LIEE DES PARTICULIERS SUR LE TERRITOIRE DE TOURS METROPOLE VAL DE LOIRE,joue,directive24,appeloffre,initial,Tours Métropole Val de Loire,37206,TOURS CEDEX 3,,"['Amiante', 'Déchets non ménagers (prestations)']","[24, 404]",non,non
75,20-77951,2020-06-20,2020-07-16,['37'],accord-cadre pour la fourniture de matériels informatiques (rectificatif),joue,autre,rectificatif,rectificatif,Tours Métropole Val de Loire,37206,TOURS CEDEX 3,,['Informatique (matériel)'],[162],non,non
76,20-79320,2020-06-20,2020-07-06,"['38', '69', '73']",Travaux de désamiantage et de démolition de la Cafétéria La verrière située sur le domaine universitaire de Saint Martin d'Hères,mapa,cmp2006,appeloffre,initial,CENTRE REGIONAL OEUVRES UNIV SCOLAIRES,38019,Grenoble ceedex,,['Démolition'],[87],non,non
77,20-67457,2020-06-20,2021-01-31,['38'],Marchés de transport public 2020 - services réguliers de transports publics non urbains de personnes par voie terrestre - lots 1 à 7.,joue,directive24,attribution,initial,DEPARTEMENT DE L ISERE,38022,Grenoble cedex 1,,['Transport'],[347],oui,oui
78,20-78319,2020-06-20,2020-07-23,['38'],Réalisation de visites techniques approfondies pour la période 2020/2024 des digues gérées par le Symbhi,joue,directive24,appeloffre,initial,SYND MIXTE BASSINS HYDRAULIQUES ISERE,38022,Grenoble,,"['Digue', 'Etude', 'Ouvrage hydraulique', 'Prestations de services']","[91, 118, 255, 274]",non,non
79,20-78536,2020-06-20,2020-07-24,['38'],Acquisition d'un centre d'usinage à commande numérique à 5 axes continus équipée d'une tête de soudure CMT intégrée,joue,directive24,appeloffre,initial,Institut polytechnique de Grenoble,38031,Grenoble cedex 1,,"['Machines-outils', 'Matériel de précision']","[194, 215]",non,oui
80,20-78401,2020-06-20,2020-08-14,['38'],"Fournitures administratives, scolaires et de loisirs créatifs",joue,directive24,appeloffre,initial,COMMUNE DE L ISLE D ABEAU,38080,L'Isle d'Abeau,,"['Articles de bureau et articles scolaires', 'Livres', 'Papeterie']","[16, 184, 262]",non,non
81,20-77991,2020-06-20,2020-07-18,['41'],travaux de viabilisation de la 3ème tranche de la zac des grandes bruyères,joue,directive24,intentionconclure,initial,Trois Vals Aménagement,41000,Blois,,"['Eclairage public', 'Voirie et réseaux divers']","[102, 366]",non,non
82,20-78557,2020-06-20,2020-07-21,['41'],"Maintenance, acquisition et installation de liaisons radio",joue,directive24,appeloffre,initial,CONSEIL DEPARTEMENTAL DE LOIR-ET-CHER,41020,Blois,,"['Informatique (matériel)', 'Matériel de transmission']","[162, 210]",non,non
83,20-78434,2020-06-20,2020-09-07,['42'],"Fournitures et maintenance de la climatisation, de la ventilation, du chauffage et de l'eau chaude sanitaire du Musée d'Art Moderne et Contemporain (Mamc) et du Stade Geoffroy-Guic",joue,directive24,appeloffre,initial,Saint Etienne Métropole,42006,Saint Etienne,,"['Chauffage (exploitation, entretien)', 'Maintenance']","[59, 196]",non,non
84,20-78541,2020-06-20,2020-07-31,['42'],Mission de maitrise d'oeuvre pour la réalisation d'un projet de réhabilitation de 100 logements locatifs sociaux.,joue,directive24,appeloffre,initial,TOIT FOREZIEN,42021,ST ETIENNE,,"['Etude', ""Maîtrise d'oeuvre""]","[118, 197]",non,non
85,20-78267,2020-06-20,2020-07-13,['42'],"Fourniture et installation de quatre laboratoires de langues pour l'Université Jean Monnet, localisation : IUT de Saint-Etienne",joue,directive24,attribution,initial,UNIVERSITE JEAN MONNET,42023,Saint-etienne cedex 2,"[('2020-06-12', 'LABORATOIRE RECHERCHES AUDIOVISUELLES (LAB MEDIA)', (130188, 'EUR'), ""Fourniture et installation de quatre laboratoires de langues pour l'Université Jean Monnet, localisation : IUT de Saint-Etienne"")]",['Audiovisuel'],[22],non,non
86,20-78334,2020-06-20,2020-08-17,['42'],"DTE-EM2019-07 Acquisition de générateurs de dialyse, des consommables associés et prestations de maintenance pour le CH ARDECHE NORD",joue,directive24,attribution,initial,CHU SAINT ETIENNE,42055,Saint etienne cedex 02,"[('2019-08-02', 'HEMOTECH', (1295663.3, 'EUR'), 'DTE-EM 2019-07 AO Générateurs de dialyse CHAN')]",['Matériel médical'],[212],non,non
87,20-78150,2020-06-20,2020-07-22,['44'],Prestations assurances risques statutaires,joue,directive24,appeloffre,initial,MAIRIE DE TREILLIERES,44119,TREILLIERES,,['Assurance'],[20],non,non
88,20-78060,2020-06-20,2020-07-18,['85'],Travaux pour la construction du lycée général et technologique à Aizenay (85),joue,directive24,attribution,initial,Conseil régional des Pays de la Loire,44966,Nantes cedex 9,,['Bâtiment'],[33],oui,non
89,20-78380,2020-06-20,2020-07-20,['47'],"PRESTATIONS TECHNIQUES SUR VÉHICULES LÉGERS, UTILITAIRES ET ENGINS POUR LES SERVICES DÉPARTEMENTAUX",joue,directive24,appeloffre,initial,Département de Lot-et-Garonne,47922,Agen cedex 9,,['Maintenance'],[196],non,non
90,20-78332,2020-06-20,2020-09-15,['50'],Fourniture et installation de matériels et équipements de cuisine dans les restaurations des bâtiments départementaux,joue,directive24,attribution,initial,DEPARTEMENT DE LA MANCHE,50050,Saint-Lo,"[('2020-06-02', 'Soviclim', (125000, 'EUR'), None), ('2020-06-02', 'Dalkia Froid Solutions', (125000, 'EUR'), None), ('2020-06-02', 'Lanef_pro_sas', (125000, 'EUR'), None), ('2020-06-02', 'Ets Belliard Acm', (125000, 'EUR'), None), ('2020-06-02', 'Cf Cuisines', (125000, 'EUR'), None)]",['Cuisine (équipement)'],[77],non,non
91,20-78260,2020-06-20,2020-09-15,['50'],La consultation a pour objet la fourniture et la mise en place d'une plate-forme de télétransmission et d'un outil de télégestion avec les services d'aide et d'accompagnement à dom,joue,directive24,attribution,initial,DEPARTEMENT DE LA MANCHE,50050,Saint-Lo,"[('2020-06-02', 'Cityzen', (375000, 'EUR'), None)]",['Prestations de services'],[274],non,non
92,20-78416,2020-06-20,2020-07-20,['51'],Marché de nettoyage des logements de Reims habitat,joue,directive24,appeloffre,initial,REIMS HABITAT CHAMPAGNE ARDENNE OFFICE,51100,Reims,,['Nettoyage de locaux'],[239],non,non
93,20-78367,2020-06-20,2020-07-21,['54'],"Entretien des installations de chauffage, de production d'eau chaude sanitaire et de conditionnement d'air des bâtiments du département de Meurthe-et-Moselle",joue,autre,rectificatif,rectificatif,Département de Meurthe-et-Moselle,54035,NANCY CEDEX,,"['Chauffage (exploitation, entretien)', 'Sanitaire']","[59, 319]",non,non
94,20-78270,2020-06-20,2020-08-18,['54'],"Mission d'ordonnancement, de pilotage et de coordination (O.P.C.) afférente à l'opération de construction du CEPAL à NANCY (54000)",joue,directive24,attribution,initial,SOLOREM,54098,Nancy cedex,"[('2020-06-12', 'SC FRANCE INGENIEURS CONSEILS', (128290, 'EUR'), ""Mission d'ordonnancement, de pilotage et de coordination (O.P.C.) afférente à l'opération de construction du CEPAL à NANCY (54000)"")]",['Prestations de services'],[274],non,non
95,20-78196,2020-06-20,2020-08-18,"['54', '57']",Acquisition d'un magnétomètre SQUID-VSM et des prestations associées,joue,directive24,attribution,initial,Université de Lorraine,54505,Vandoeuvre-les-nancy,"[('2020-05-06', 'QUANTUM DESIGN', (510000, 'EUR'), ""Acquisition d'un magnétomètre SQUID-VSM et des prestations associées pour l'Institut Jean Lamour"")]",['Laboratoire (matériel)'],[188],non,non
96,20-78473,2020-06-20,2020-07-29,['56'],"Prestations de coordination sécurité et protection de la santé (CSPS) de niveaux 1, 2 et 3 en Morbihan",joue,directive24,appeloffre,initial,Morbihan Energies,56010,VANNES CEDEX,,['Prestations de services'],[274],non,non
97,20-78141,2020-06-20,2020-09-15,['56'],services de télécommunications,joue,directive24,appeloffre,initial,Ville d'Auray,56400,AURAY,,['Télécommunications'],[338],non,non
98,20-78279,2020-06-20,2020-08-18,['57'],20c0002 - accord-cadre pour la fourniture et l'acheminement de gaz et prestations associées sur le territoire de la moselle dans le cadre d'un groupement de commandes,joue,directive24,attribution,initial,DEPARTEMENT DE LA MOSELLE,57036,Metz CEDEX 1,"[('2020-06-17', 'EDF', (250000, 'EUR'), None), ('2020-06-17', 'ENGIE', (250000, 'EUR'), None), ('2020-06-17', 'SAEML UEM', (250000, 'EUR'), None)]","['Electricité, gaz (fourniture)']",[443],non,non
99,20-78356,2020-06-20,2020-07-20,['57'],Diagnostic et maîtrise d'oeuvre - Réabilitation électrique de l'hôpital Bel Air,joue,directive24,appeloffre,initial,CHR METZ THIONVILLE,57070,Metz,,"[""Maîtrise d'oeuvre"", 'Prestations de services']","[197, 274]",non,non
100,20-78491,2020-06-20,2020-06-25,"['57', '54']",ramassages scolaires 2020-2023,joue,directive24,appeloffre,initial,Institut National de Jeunes Sourds,57070,METZ,,['Transport'],[347],non,oui
101,20-78069,2020-06-20,2020-07-27,['57'],"Fourniture de cartons à déchet, collecteurs à aiguilles et fûts plastique. - GHT de Moselle-Est",joue,directive24,appeloffre,initial,CENTRE HOSPITALIER ROBERT PAX,57212,SARREGUEMINES,,['Conditionnement'],[67],non,oui
102,20-78163,2020-06-20,2020-07-20,['59'],maintenance du réseau de fibres optiques (réseau rehdeval) de valenciennes métropole,joue,directive24,appeloffre,initial,Cté d'Agglo Valenciennes Métropole,59300,Valenciennes,,"['Fibre optique', 'Informatique (maintenance serveurs et réseaux)']","[133, 454]",non,non
103,20-79332,2020-06-20,2020-07-11,['59'],réfection de voiries communales,mapa,cmp2006,appeloffre,initial,Ville de Féron,59610,feron,,['Voirie et réseaux divers'],[366],non,non
104,20-78020,2020-06-20,2020-07-10,['59'],Fourniture de matériel électrique et d'automatisme industriel (2 lots),joue,autre,rectificatif,rectificatif,Régie de production d'eau de la MEL,59800,Lille,,['Matériel électrique'],[203],non,non
105,20-77181,2020-06-20,2020-09-04,['60'],"achat et livraison de fournitures pour les besoins des services du departement de l'oise : materiaux de construction, peinture et revetement, plomberie",joue,directive24,attribution,initial,Conseil Départemental de l'Oise,60000,Beauvais,,"['Matériaux de construction', 'Peinture (fourniture)', 'Revêtements de sols', 'Revêtements muraux', 'Matériel robinetterie', 'Sanitaire']","[198, 263, 308, 309, 311, 319]",non,oui
106,20-77192,2020-06-20,2020-07-20,['60'],Travaux d'aménagement de la ZAC de la prairie II (phase 1),joue,directive24,appeloffre,initial,Agglomération Région de Compiègne,60321,Compiègne cedex,,"['Assainissement', 'Contrôle technique', 'Eclairage public', 'Electricité (travaux)', 'Réseaux divers', 'Voirie et réseaux divers']","[18, 72, 102, 105, 306, 366]",oui,oui
107,20-78032,2020-06-20,2020-07-13,['60'],"Exploitation, maintenance des installation de CVCS et maintenance air comprimé",joue,directive24,attribution,initial,INERIS,60550,Verneuil en Halatte,"[('2020-01-16', 'SPIES FACILITIES', (2800000, 'EUR'), ""Marché d'exploitation, maintenance des installations de chauffage, de ventilation, de climatisation et des sanitaires des bâtiments de l'Ineris"")]","['Chauffage (exploitation, entretien)']",[59],non,non
108,20-78158,2020-06-20,2020-07-15,['60'],"Marché exploitation dénitratation, rejet eaux usées et pluviales.",joue,directive24,attribution,initial,INERIS,60550,Verneuil-en-halatte,"[('2020-06-15', 'SUEZ Eau France SAS', (244302, 'EUR'), ""Maintenance et exploitation des équipements Production, de distribution et de traitement d'eau potable""), ('2020-06-15', 'SUEZ Eau France SAS', (20697, 'EUR'), ""Analyses physico-chimiques et microbiologiques d'eaux d'origines diverses"")]","['Abris', 'Prestations de services']","[1, 274]",non,non
109,20-78423,2020-06-20,2020-09-15,"['61', '72']",Prestations de transport des scolaires sur les différents sites de la Collectivité,joue,directive24,attribution,initial,Ville d'Alençon,61014,Alençon,"[('2020-06-16', 'Boubet Autocars', (240000, 'EUR'), 'rotations régulières'), ('2020-06-16', 'Boubet Autocars', (12000, 'EUR'), 'foulées scolaires')]",['Transport'],[347],non,non
110,20-78321,2020-06-20,2020-07-20,['62'],"Marché de services liés à l'exploitation des installations de chauffage, de production d'eau chaude sanitaire et de traitement d'eau des bâtiments de la ville de Hesdin",joue,directive24,appeloffre,initial,Commune de Hesdin,62140,Hesdin,,"['Chauffage (exploitation, entretien)', 'Chauffage (matériel)', 'Maintenance', 'Prestations de services', 'Télégestion']","[59, 60, 196, 274, 352]",non,non
111,20-78550,2020-06-20,2020-07-23,['62'],Entretien Et Maintenance De La Station Gnv Du Centre Technique Communautaire,joue,directive24,appeloffre,initial,COMMUNAUTE D AGL D HENIN CARVIN,62253,Henin Beaumont Cedex,,"['Gaz divers', 'Maintenance']","[139, 196]",non,non
112,20-78079,2020-06-20,2020-08-18,"['62', '59']","accord-cadre de prestations d'assistance technique relatives aux travaux de bâtiments, travaux de vrd, espaces extérieurs et génie civil",joue,directive24,attribution,initial,CommunAupole de Lens-Liévin,62300,Lens,,"['Bâtiment', 'Etude', 'Génie civil', 'Voirie et réseaux divers', 'Ingénierie']","[33, 118, 141, 366, 455]",non,non
113,20-78407,2020-06-20,2020-07-20,"['62', '59']",Travaux de restructuration du clos et couvert du dôme de la Basilique Notre Dame,joue,directive24,appeloffre,initial,COMMUNE DE BOULOGNE SUR MER,62321,Boulogne Sur Mer,,"['Monuments historiques', 'Peinture (travaux)']","[236, 264]",non,non
114,20-78195,2020-06-20,2020-08-28,['62'],Entretien des espaces verts,joue,directive24,appeloffre,initial,COMMUNE DE MONTIGNY EN GOHELLE,62640,MONTIGNY EN GOHELLE,,"['Abris', 'Espaces verts']","[1, 116]",non,non
115,20-78508,2020-06-20,2020-09-15,"['63', '3']",Maintenances Preventive Et Corrective Des Onduleurs,joue,directive24,attribution,initial,GHT CHU CLERMONT FERRAND,63003,Clermont-Ferrand,"[('2020-06-18', 'Socomec', (19100, 'EUR'), 'Maintenance préventive et curative des Equipements de marque Socomec, du Chu de Clermont-Ferrand'), ('2020-06-18', 'Schneider Electric It France', (28960, 'EUR'), 'Maintenance préventive et curative Equipements de marque Schneider - Eaton - S2s/Legrand, du Chu de Clermont-Ferrand'), ('2020-06-18', 'Eneria', (31890, 'EUR'), 'Maintenance préventive et curative Equipements de marque General Electric, du Chu de Clermont-Ferrand'), ('2020-06-18', 'Legrand Energies Solutions', (50000, 'EUR'), ""Accord cadre de Maintenance préventive et curative Equipements de toutes marques pour les autres établissements sur Ght Territoires d'Auvergne"")]",['Maintenance'],[196],non,oui
116,20-78322,2020-06-20,2020-07-27,['63'],Achat de vaccins pour les services du Département du Puy-de-Dôme,joue,directive24,appeloffre,initial,DEPARTEMENT DU PUY DE DOME,63033,Clermont-Ferrand,,['Produits pharmaceutiques'],[280],non,non
117,20-78252,2020-06-20,2020-07-23,['65'],Location Longue Duree De Douze (12) Vehicules Pour Le Groupement Hospitalier De Territoire Des Hautes-Pyrenees,joue,directive24,appeloffre,initial,CENTRE HOSPITALIER DE BIGORRE,65013,Tarbes,,['Véhicules (location)'],[474],non,non
118,20-78406,2020-06-20,2020-07-21,['65'],Acquisition de véhicules au profit des établissements du Ght65,joue,directive24,appeloffre,initial,CENTRE HOSPITALIER DE BIGORRE,65013,Tarbes,,['Véhicules (acquisition)'],[475],non,oui
119,20-78178,2020-06-20,2020-07-20,['65'],Mise A Disposition De Moyens Materiels Avec Chauffeurs Pour Interventions D'Urgence,joue,directive24,appeloffre,initial,DEPARTEMENT HAUTES-PYRENEES,65013,Tarbes,,['Matériel de travaux publics'],[220],non,non
120,20-76203,2020-06-20,2020-07-18,"['67', '51', '57']","achat, stockage et commercialisation de tests écouvillons covid 19 humides",joue,directive24,attribution,initial,SEML DYNAMISE,67070,STRASBOURG,,['Consommables médicaux'],[69],non,non
121,20-76173,2020-06-20,2020-07-18,"['67', '57', '51']","achat, stockage et commercialisation de tests covid 19",joue,directive24,attribution,initial,SEML DYNAMISE,67070,STRASBOURG,,['Consommables médicaux'],[69],non,non
122,20-78531,2020-06-20,2020-08-19,['67'],Travaux de construction du Studium - Lot 12,joue,directive24,attribution,initial,Université de Strasbourg,67081,Strasbourg,"[('2020-05-29', 'Viry SAS', (2542000, 'EUR'), 'Coursives métalliques - brises soleils verticaux')]",['Serrurerie'],[321],non,non
123,20-78293,2020-06-20,2020-07-27,['67'],Prestation restauration Centre Hospitalier d'Erstein,joue,directive24,appeloffre,initial,HOPITAUX UNIVERSITAIRES DE STRASBOURG,67150,Erstein,,['Prestations de services'],[274],non,non
124,20-78373,2020-06-20,2020-07-20,['68'],"Assistance, exploitation, administration du système d'information",joue,directive24,appeloffre,initial,Conseil départemental du Haut-Rhin,68006,COLMAR CEDEX,,['Informatique (assistance)'],[453],non,non
125,20-78418,2020-06-20,2020-07-25,"['68', '67']",Services d'assurances pour la commune de Wittenheim,joue,directive24,appeloffre,initial,Ville de Wittenheim,68272,Wittenheim cedex,,['Assurance'],[20],non,non
126,20-78402,2020-06-20,2020-07-20,['69'],Maintenance des sources d'alimentation électrique secourues ondulées ou redressées,joue,directive24,appeloffre,initial,Ville de Lyon,69205,Lyon cedex 01,,"['Maintenance', 'Onduleur']","[196, 465]",non,non
127,20-78385,2020-06-20,2020-07-20,"['69', '38', '73']",Achat de produits d'hygiène et d'entretien dans le cadre de la centrale d'achat de la Région Auvergne- Rhône- Alpes,joue,directive24,appeloffre,initial,REGION AUVERGNE RHONE ALPES,69269,Lyon cedex 02,,"['Hygiène (articles)', 'Sanitaire']","[153, 319]",non,non
128,20-78271,2020-06-20,2020-07-31,"['63', '3']",Maintenance préventive et corrective des installations frigorifiques fixes en restauration pour l'ensemble des sites de la BdD de Clermont-Ferrand (ESID 20-224),joue,directive24,appeloffre,initial,DRSID Lyon,69347,Lyon cedex 07,,['Prestations de services'],[274],non,non
129,20-77972,2020-06-20,2020-08-18,"['69', '26', '83', '13']","ESID de Lyon - Accord-cadre de reconnaissance de réseaux, de levé topographique et de relevé de bâtiments (ESID 19-418_432)",joue,directive24,attribution,initial,DRSID Lyon,69347,Lyon cedex 07,,"['Prestations de services', 'Ingénierie']","[274, 455]",non,non
130,20-78539,2020-06-20,2020-07-20,"['69', '63', '1', '75', '15', '42', '43', '73', '38']",2020-20 outil de gestion de la formation professionnelle,joue,directive24,appeloffre,initial,Agence Régionale de Santé (ARS),69418,Lyon cedex 3,,['Formation'],[410],non,non
131,20-77958,2020-06-20,2020-08-19,"['38', '69']","RN87 - Réaménagement de l'échangeur du Rondeau- Marché de travaux no1: Génie Civil, Terrassements, Assainissement, Réseaux et Chaussées (TOARCH)",joue,autre,rectificatif,rectificatif,DIR REG ENVIR AMENAGEMENT LOGT AUVERGN,69453,Lyon cedex 06,,['Génie civil'],[141],oui,oui
132,20-77943,2020-06-20,2020-07-20,['69'],"Abonnements de téléphonie et d'internet mobile, acquisition de terminaux mobiles pour le Département du Rhône",joue,directive24,appeloffre,initial,Conseil Départemental du Rhône,69483,Lyon,,"['Abonnement', 'Matériel de téléphonie']","[2, 339]",non,non
133,20-78489,2020-06-20,2020-07-31,['69'],"Services de télécommunications mobiles, y compris transmission de données mobiles et "" machine to machine "", acquisition et maintenance des terminaux",joue,directive24,appeloffre,initial,METROPOLE DE LYON,69505,Lyon,,['Prestations de services'],[274],non,non
134,20-78040,2020-06-20,2020-07-20,['69'],Collecte et acheminement vers une filière de valorisation des déchets papier et carton des services de la Métropole de Lyon,joue,directive24,appeloffre,initial,METROPOLE DE LYON,69505,Lyon,,['Collecte sélective'],[82],oui,non
135,20-78207,2020-06-20,2020-08-04,['69'],Fourniture de vêtements de travail et équipements de protection individuelle,joue,directive24,appeloffre,initial,Cerema,69674,Bron,,['Equipements spécialisés'],[115],non,non
136,20-78071,2020-06-20,2020-08-17,['72'],"PRESTATION DE SECURITE INCENDIE et DE SURETE, GESTION DES ACCES POUR LE CENTRE HOSPITALIER DU MANS",joue,directive24,appeloffre,initial,CH LE MANS,72037,Le mans cedex 09,,['Prestations de services'],[274],non,non
137,20-78504,2020-06-20,2020-09-15,['72'],Prestation d'assistance à maîtrise d'ouvrage dans le cadre du projet 'bibliothèque numérique de référence' du réseau des médiathèque Ville du Mans,joue,directive24,attribution,initial,Ville du Mans,72039,Le Mans,"[('2020-06-16', 'Tosca consultants', (106749.71, 'EUR'), None)]","[""Assistance à maîtrise d'ouvrage""]",[433],non,non
138,20-78500,2020-06-20,2020-08-26,['73'],Soclage d'une partie des objets de collections du futur parcours permanent du Musée Savoisien,joue,directive24,appeloffre,initial,DEPARTEMENT DE LA SAVOIE,73018,Chambery,,['Ouvrage métallique'],[254],non,non
139,20-78549,2020-06-20,2020-07-24,['73'],Concours de maîtrise d'oeuvre pour l'aménagement de la Zone de La Planche,joue,directive24,appeloffre,initial,Ville Les Belleville,73440,Les Belleville,,"[""Maîtrise d'oeuvre"", 'Ingénierie']","[197, 455]",non,non
140,20-78502,2020-06-20,2020-07-27,['74'],Fourniture et acheminement de gaz naturel et services associés,joue,directive24,appeloffre,initial,Cté de Cnes de Faucigny-Glières,74130,Bonneville,,"['Electricité, gaz (fourniture)']",[443],non,non
141,20-78576,2020-06-20,2020-09-15,['74'],Conception Et Realisation D'Infrastructures De Desserte Du Reseau D'Initiative Publique Departemental Tres Haut Debit De Haute-Savoie - Marches 4,joue,directive24,appeloffre,initial,SYANE,74330,Poisy,,['Fibre optique'],[133],non,non
142,20-78892,2020-06-20,2020-07-13,"['75', '77', '91', '92', '93', '94', '95']",entretien et maintenance des terrasses et des toitures sur le campus pierre et marie curie,fns,cmp2006,appeloffre,initial,Sorbonne Université,75005,Paris,,"['Maintenance', 'Terrasse']","[196, 354]",non,oui
143,20-78327,2020-06-20,2020-07-20,['75'],Micro spectromètre confocal raman,joue,directive24,appeloffre,initial,Institut de physique du globe de Paris,75005,Paris,,"['Equipements spécialisés', 'Matériel de précision']","[115, 215]",non,non
144,20-78191,2020-06-20,2020-09-15,['75'],Traitement des archives,joue,directive24,preinformation,initial,Université Paris Descartes,75006,Paris,,['Prestations de services'],[274],non,non
145,20-78501,2020-06-20,2020-07-21,['75'],Solution de collecte automatisée et de reporting des données énergétiques du portefeuille immobilier,joue,directive24,appeloffre,initial,CAISSE DES DEPOTS,75007,Paris,,['Informatique (prestations de services)'],[163],non,non
146,20-78532,2020-06-20,2020-09-15,"['75', '77', '78', '91', '92', '93', '94', '95']",Prestations traiteur pour les ministères sociaux.,joue,directive24,appeloffre,initial,"Ministères santé, travail et sport",75007,Paris,,"['Repas, traiteur']",[304],non,non
147,20-77984,2020-06-20,2020-07-20,['75'],l'aide à la qualification / notation de sociétés innovantes de type corporate venture via une plateforme de type Saas,joue,directive24,appeloffre,initial,CAISSE DES DEPOTS,75007,Paris,,['Informatique (prestations de services)'],[163],non,non
148,20-78389,2020-06-20,2020-07-31,['75'],FOURNITURE DE SOLUTIONS D'IMAGERIE DE COUPE ET PRESTATIONS ASSOCIEES POUR DES ETABLISSEMENTS FRANÇAIS ET EUROPEENS,joue,directive24,attribution,initial,GIP RESAH,75011,Paris,,['Equipements spécialisés'],[115],non,oui
149,20-79335,2020-06-20,2020-08-30,['75'],PRESTATIONS DE SERVICE RELATIVE A LA RÉORGANISATION ET AUX TRANSFERTS DE PATRIMOINE DANS LE CADRE DE LA FUSION DE LA CHAMBRE RÉGIONALE DE MÉTIERS ET DE L'ARTISANAT D'ILE DE FRANCE.,mapa,cmp2006,appeloffre,initial,CRMA IDF,75012,Paris,,['Assistance technique'],[19],non,non
150,20-78231,2020-06-20,2020-08-28,['75'],MARCHE DE PRESTATIONS MULTISERVICES POUR L'EXPLOITATION LOGISTIQUE DE BÂTIMENTS GERES PAR L'ADMINISTRATION CENTRALE DES MINISTERES ECONOMIQUES ET FINANCIERS,joue,autre,rectificatif,rectificatif,Ministères économiques et financiers,75012,Paris,,['Nettoyage de locaux'],[239],oui,oui
151,20-78315,2020-06-20,2020-07-23,"['75', '92', '93', '94', '78']",Location de matériel de manutention levage et engins de chantier,joue,directive24,appeloffre,initial,SIAAP,75012,Paris,,"['Location (matériels)', 'Matériel de manutention', 'Véhicules (location)']","[185, 208, 474]",non,non
152,20-78582,2020-06-20,2020-07-24,['75'],Collecte Et Traitement Des Dechets,joue,directive24,appeloffre,initial,INSEP,75012,Paris,,['Collecte sélective'],[82],non,non
153,20-78112,2020-06-20,2020-07-21,['75'],Prestations de formation professionnelle continue et de coaching professionnel à destination des collaborateurs d'Eau de Paris,joue,directive25,appeloffre,initial,EAU DE PARIS,75013,Paris,,['Formation'],[410],non,non
154,20-78586,2020-06-20,2020-07-20,['75'],"Conception, réalisation et diffusion de vidéos",joue,directive24,appeloffre,initial,OPCO ATLAS,75013,Paris,,"['Prestations de services', 'Vidéo, cinéma']","[274, 362]",non,non
155,20-78174,2020-06-20,2020-08-18,['75'],"Exploitation de la piscine Keller située au 14, rue de l'Ingénieur-Keller dans le 15e arrondissement de Paris",joue,directive24,attribution,initial,Ville de Paris,75013,PARIS,"[('2020-04-14', 'SAS VERT MARINE', (10207295, 'EUR'), ""Exploitation de la piscine Keller située au 14, rue de l'Ingénieur-Keller dans le 15e arrondissement de Paris"")]",['Piscine'],[265],non,oui
156,20-78551,2020-06-20,2020-07-20,"['75', '77', '78', '91', '92', '93', '94', '95']","Consultation De Menuiserie Et D'Ameublement Amenagement D'Un Immeuble De 240 Chambres Pour Etudiants Et Chercheurs, Espaces Collectifs",joue,directive24,appeloffre,initial,REGIE IMMOBILIERE DE LA VILLE DE PARIS,75013,Paris,,['Mobilier'],[230],non,oui
157,20-78484,2020-06-20,2020-08-24,['75'],MA 20 NA 0014,joue,directive24,appeloffre,initial,CANSSM,75014,Paris cedex 15,,['Formation'],[410],oui,oui
158,20-78155,2020-06-20,2020-08-18,['973'],Réservation de berceaux,joue,directive24,attribution,initial,MINDEF/SGA/SPAC/S-Direction des achats,75015,Paris,,['Prestations de services'],[274],oui,non
159,20-77976,2020-06-20,2020-09-25,['75'],Marché relatif à la réalisation de missions d'assistance à maitrise d'ouvrage pour le déploiement de solutions d'avitaillement en hydrogène pour la propulsion des bateaux en Ile de Fran,joue,directive25,appeloffre,initial,PORT AUTONOME DE PARIS,75015,Paris,,['Prestations de services'],[274],non,oui
160,20-78357,2020-06-20,2020-09-24,['75'],Réhabilitation des plateformes portuaires du port aval de Bruyères sur Oise,joue,directive25,appeloffre,initial,PORT AUTONOME DE PARIS,75015,Paris,,"['Bâtiment', 'Berge']","[33, 35]",non,oui
161,20-78556,2020-06-20,2020-09-15,['75'],Escp Europe - Travaux De Modernisation Des Ascenceurs Triplex - Relance Du Lot 'Gros Oeuvre Et Structure',joue,directive24,attribution,initial,CCI PARIS ILE DE FRANCE,75017,Paris,"[('2020-06-12', 'Spirale', (155572, 'EUR'), None)]",['Gros oeuvre'],[144],non,non
162,20-78059,2020-06-20,2020-08-18,"['31', '9', '11', '32', '65', '81', '82']",Maintenance du système de gestion technique des bâtiments (GTB) du site d'Auzeville,joue,directive24,attribution,initial,Ministère de l'agriculture,75349,Paris 07 sp,"[('2020-06-17', 'VERDONE', (287214.63, 'EUR'), ""Maintenance du système de gestion technique des bâtiments (GTB) du site d'Auzeville"")]",['Maintenance'],[196],non,non
163,20-78460,2020-06-20,2020-07-10,"['75', '77', '78', '91']",Sécurisation Electrique HTA - TGBT de l'hôpital Saint-Louis,joue,autre,rectificatif,rectificatif,ASSISTANCE PUBLIQUE HOPITAUX DE PARIS,75475,Paris cedex 10,,['Gros oeuvre'],[144],non,non
164,20-78444,2020-06-20,2020-09-14,['75'],Acquisition de produits et de services SIG (Système d'Informations Géographiques),joue,directive24,appeloffre,initial,SIPPEREC,75588,Paris,,['Informatique (prestations de services)'],[163],non,non
165,20-78041,2020-06-20,2020-07-10,"['93', '75']","Marche Exploitation, Maintenance Et Services Pour Prise En Charge En Lots Separes De Prestations Necessaires Au Fonctionnement Du Parc Biocitech Au 102 Avenue Gaston Roussel A Roma",joue,autre,rectificatif,rectificatif,BIOCITECH IMMOBILIER,75612,Paris Cedex,,['Prestations de services'],[274],oui,oui
166,20-78105,2020-06-20,2020-07-20,"['75', '94']",Missions d'OPC à bons de commande pour les Hôpitaux Universitaires du Groupe Hospitalo-Universitaire APHP Sorbonne Université,joue,directive24,appeloffre,initial,ASSISTANCE PUBLIQUE HOPITAUX DE PARIS,75651,Paris cedex 13,,"[""Mission d'ordonnancement, pilotage, coordination (OPC)""]",[234],non,non
167,20-78215,2020-06-20,2020-08-05,['75'],tierce maintenance applicative et de prestations associées pour l'application catalogue vad,joue,directive24,appeloffre,initial,Centre national du cinéma,75675,Paris cedex 14,,"['Informatique (prestations de services)', 'Informatique (assistance)', 'Informatique (maintenance serveurs et réseaux)']","[163, 453, 454]",non,non
168,20-78086,2020-06-20,2020-09-30,"['94', '75', '57']",Fourniture de systèmes et d'éléments constitutifs d'appareillages externes pour personnes atteintes d'un handicap physique temporaire ou définitif,joue,directive24,appeloffre,initial,Institution Nationale des Invalides,75700,Paris 07 cedex,,['Prothèses'],[284],non,oui
169,20-73745,2020-06-20,2020-07-31,['75'],mission d'assistance au pilotage et à la promotion de la marque tourisme & handicap,joue,directive24,attribution,initial,Ministère économie finances industrie,75703,Paris cedex 13,,['Prestations de services'],[274],non,non
170,20-78436,2020-06-20,2020-07-24,['75'],"Maintenance, support et extension stockage DELL",joue,directive24,appeloffre,initial,Ministère de l'éducation nationale,75732,Paris,,"['Maintenance', 'Prestations de services']","[196, 274]",oui,non
171,20-78265,2020-06-20,2020-09-15,['75'],DRIEA-AOO-20-018,joue,directive24,appeloffre,initial,MEEDDM,75732,Paris cedex 15,,"[""Ouvrage d'infrastructure"", 'Voirie']","[253, 365]",oui,oui
172,20-78464,2020-06-20,2020-09-10,['75'],"20-AL118EGP - ODP et Exploitation d'une cafétéria, restauration rapide de l'Hôpital Européen Georges Pompidou",joue,directive23,appeloffre,initial,GHU AP-HP.CENTRE - UNIVERSITE DE PARIS,75908,Paris cedex 15,,"['Denrées alimentaires', 'Prestation hotelière']","[88, 466]",non,oui
173,20-78108,2020-06-20,2020-07-20,['76'],"Surveillance, maintenance, entretien et contrôle des réseaux de gaz propane sur divers groupes du Département de la Seine-Maritime",joue,directive24,appeloffre,initial,HABITAT 76,76040,Rouen,,"['Gaz divers', 'Maintenance', 'Surveillance']","[139, 196, 331]",non,non
174,20-78217,2020-06-20,2020-07-22,['76'],Marché de coordination Sps relatif au programme de travaux de mise en accessibilité des collèges de Seine Maritime - vague 2Le marché est décomposé en éléments de mission Dia,joue,directive24,appeloffre,initial,DEPARTEMENT DE LA SEINE-MARITIME,76101,Rouen Cedex,,['Prestations de services'],[274],non,non
175,20-78213,2020-06-20,2020-07-22,['76'],Marché de contrôle technique relatif au programme de travaux de mise en accessibilité des collèges de Seine Maritime - vague 2Le marché est décomposé en éléments de mission :,joue,directive24,appeloffre,initial,DEPARTEMENT DE LA SEINE-MARITIME,76101,Rouen Cedex,,['Contrôle technique'],[72],non,non
176,20-78177,2020-06-20,2020-07-28,['76'],"Modernisation du système d'information archivistique : acquisition d'une solution informatique, prestations, formations et maintenance associées",joue,directive24,appeloffre,initial,Département de Seine-Maritime,76101,Rouen Cedex,,['Logiciel'],[186],non,non
177,20-78128,2020-06-20,2020-07-30,['77'],Illuminations pour les festivités de fin d'année,joue,directive24,appeloffre,initial,COMMUNE MEAUX,77100,Meaux,,['Eclairage public'],[102],non,non
178,20-78543,2020-06-20,2020-08-10,['77'],Exploitation de l'unité de valorisation des ordures ménagères du SIETOM 77,joue,directive24,appeloffre,initial,SIETOM de la Région de Tournan-en-Brie,77220,Tournan-en-Brie,,"['Ordures ménagères (prestations)', 'Transport', 'Déchetterie (exploitation)']","[249, 347, 405]",non,non
179,20-72940,2020-06-20,2020-08-20,['77'],Accord-cadre à bons de commande - mise à disposition d'autocars avec conducteur pour le transport récurent de groupes de mineurs accompagnés - ville d'Ozoir-la-Ferrière (77),joue,directive24,attribution,initial,Ville d'Ozoir-la-Ferrière,77330,Ozoir-la-Ferrière,"[('2020-06-17', 'Société Losay Voyages', (255000, 'EUR'), 'Navettes'), ('2020-06-17', 'Société Losay Voyages', (90000, 'EUR'), 'Navettes')]",['Transport'],[347],non,oui
180,20-78312,2020-06-20,2020-07-21,['77'],Acquisition de journaux électroniques d'informations et prestations associées,joue,directive24,appeloffre,initial,CC de la Brie Nangissienne,77370,NANGIS,,"['Abris', 'Publicité, Communication']","[1, 285]",non,non
181,20-78559,2020-06-20,2020-07-21,"['77', '78', '75', '91', '92', '93', '94', '95']",Fourniture de denrées alimentaires et boissons pour le Centre de formation des apprentis de la CCI Seine-et-Marne d'Avon,joue,directive24,appeloffre,initial,CCI seine et marne,77776,Marne la vallée cedex 4,,['Denrées alimentaires'],[88],non,non
182,20-78427,2020-06-20,2020-09-15,['78'],Acquisition et la maintenance de copieurs,joue,directive24,attribution,initial,Ville de Guyancourt,78041,Guyancourt,"[('2020-06-18', 'Am Trust', (103984, 'EUR'), None)]","['Impression', ""Matériel d'imprimerie""]","[160, 211]",non,non
183,20-78182,2020-06-20,2020-09-15,['78'],Entretien des lacs et rivières au Vésinet,joue,directive24,attribution,initial,COMMUNE DU VESINET,78116,Le Vésinet,,['Espaces verts'],[116],non,non
184,20-78124,2020-06-20,2020-09-11,['78'],"Fourniture de décorations, attributs textiles, attributs métalliques.",joue,directive24,appeloffre,initial,ARM/SCA/PFAF-RBT,78120,Rambouillet cedex,,['Insignes'],[164],non,oui
185,20-78239,2020-06-20,2020-08-25,"['78', '92', '75', '95', '27', '91', '93', '94']",Accord-cadre à bons de commande et à marchés subséquents de maîtrise d'oeuvre urbaine pour la ZAC des Hauts de Rangiport à Gargenville,joue,directive24,appeloffre,initial,EPAMSA,78200,Mantes la jolie,,"[""Assistance à maîtrise d'ouvrage""]",[433],non,non
186,20-79322,2020-06-20,2020-08-17,['78'],"Maitrise d'oeuvre MOE pour transformation de l'école Jaques PREVERT en une école primaire à cycle complet, par adjonction de classes de maternelles et réhabilitation d'un restaurant s",fns,cmp2006,appeloffre,initial,Commune de Carrières Sur Seine,78421,CARRIERES-SUR-SEINE,,"[""Maîtrise d'oeuvre"", 'Prestations de services']","[197, 274]",non,non
187,20-78179,2020-06-20,2020-07-20,['82'],Transport En Autocar Avec Chauffeur,joue,directive24,appeloffre,initial,Ville de Montauban,82013,Montauban Cedex,,['Transport'],[347],non,non
188,20-78492,2020-06-20,2020-07-20,['83'],Maintenance Des Installations De Chauffage/Climatisation/Ventilation/Groupe Electrogene Dans Les Batiments Du Departement Du Var - 4 Lots,joue,directive24,appeloffre,initial,Conseil Général du Var,83000,Toulon,,"['Chauffage (matériel)', 'Maintenance']","[60, 196]",non,non
189,20-78330,2020-06-20,2020-09-15,['83'],Restructuration Et Extension Du College Henri Nans A Aups,joue,directive24,attribution,initial,Conseil Général du Var,83000,Toulon,"[('2020-02-17', '2sri', (86692.25, 'EUR'), 'Revêtements de sols souples')]",['Bâtiment'],[33],non,non
190,20-78505,2020-06-20,2020-09-15,['83'],Restructuration Et Extension Du College Henri Nans A Aups,joue,directive24,attribution,initial,Conseil Général du Var,83000,Toulon,"[('2020-02-17', 'Acaf Gap', (80960, 'EUR'), 'Ascenseurs')]",['Bâtiment'],[33],non,non
191,20-78506,2020-06-20,2020-09-15,['83'],Restructuration Et Extension Du College Henri Nans A Aups,joue,directive24,attribution,initial,Conseil Général du Var,83000,Toulon,"[('2020-02-17', 'Valenguy Provence', (395148.74, 'EUR'), 'Equipements de cuisine')]",['Bâtiment'],[33],non,non
192,20-78422,2020-06-20,2020-09-15,['83'],Restructuration Et Extension Du College Henri Nans A Aups,joue,directive24,attribution,initial,Conseil Général du Var,83000,Toulon,"[('2020-02-17', 'Sas Viriot Hautbout', (1410000, 'EUR'), 'Plomberie - Sanitaires - Chauffage Vmc')]",['Bâtiment'],[33],non,non
193,20-78257,2020-06-20,2020-09-15,['83'],Restructuration Et Extension Du College Henri Nans A Aups,joue,directive24,attribution,initial,Conseil Général du Var,83000,Toulon,"[('2020-03-12', 'A2plak', (544798.87, 'EUR'), 'Cloisons - Doublages - Faux plafonds')]",['Bâtiment'],[33],non,non
194,20-78220,2020-06-20,2020-09-15,['83'],Restructuration Et Extension Du College Henri Nans A Aups,joue,directive24,attribution,initial,Conseil Général du Var,83000,Toulon,"[('2020-03-12', 'Chaudronnerie Brignolaise', (385368.2, 'EUR'), 'Serrurerie - Métallerie')]",['Bâtiment'],[33],non,non
195,20-78331,2020-06-20,2020-09-15,['83'],Restructuration Et Extension Du College Henri Nans A Aups,joue,directive24,attribution,initial,Conseil Général du Var,83000,Toulon,"[('2020-02-17', 'Frejus Peinture Relais Decor', (185000, 'EUR'), 'Peintures')]",['Bâtiment'],[33],non,non
196,20-78328,2020-06-20,2020-09-15,['83'],Restructuration Et Extension Du College Henri Nans A Aups,joue,directive24,attribution,initial,Conseil Général du Var,83000,Toulon,"[('2020-03-12', 'sptmi', (389879.1, 'EUR'), 'Menuiseries bois')]",['Bâtiment'],[33],non,non
197,20-78420,2020-06-20,2020-09-15,['83'],Restructuration Et Extension Du College Henri Nans A Aups,joue,directive24,attribution,initial,Conseil Général du Var,83000,Toulon,"[('2020-02-17', 'Snef', (971925.95, 'EUR'), 'Electricité - Ssi')]",['Bâtiment'],[33],non,non
198,20-78176,2020-06-20,2020-07-20,['83'],Travaux D'Entretien Et D'Amélioration Des Collèges Et Bâtiments Du Département Du Var Chauffage Et Ventilation - 4 Lots,joue,directive24,appeloffre,initial,Conseil Général du Var,83000,Toulon,,"['Chauffage (exploitation, entretien)', 'Ventilation']","[59, 360]",non,non
199,20-78547,2020-06-20,2020-07-29,['83'],"Marché d'assurances :dommages aux biens,responsabilité civile et flotte automobile",joue,directive24,appeloffre,initial,OPH - Var Habitat,83040,Toulon,,['Assurance'],[20],non,non
200,20-78486,2020-06-20,2020-07-20,['83'],19trav22 - Accord-Cadre A Bons De Commande Mono Attributaire De Travaux De Mise En Securite Du Mont Faron Dans Le Cadre De Travaux D'Urgence En Groupement De Commandes Avec La Vill,joue,directive24,appeloffre,initial,Métropole Toulon Provence Méditerranée,83041,Toulon,,"['Matériel de sécurité', ""Ouvrage d'infrastructure"", 'Protection, chutes de pierres']","[209, 253, 288]",non,oui
201,20-78021,2020-06-20,2020-07-08,['83'],Balisage des plages,joue,directive24,appeloffre,initial,Commune de Sainte-Maxime,83120,Sainte-Maxime,,"['Plage', 'Travaux sous-marins']","[289, 351]",non,non
202,20-78365,2020-06-20,2020-07-21,['83'],"Le présent avis concerne un dépôt de candidatures. Ce contrat est un accord-cadre à bons de commande mono-attributaire, passé selon la procédure appel d'offres restreint, en références des articl",joue,directive81,appeloffre,initial,MINDEF/SGA/DCSID/ESID.TOULON,83800,Toulon cedex 9,,['Maintenance'],[196],oui,oui
203,20-78386,2020-06-20,2020-11-15,"['83', '11']",Gestion des déchets au profit de l Elément Air Rattaché de Narbonne (11) relevant du Groupement de Soutien de la Base de Défense de Carcassonne,joue,directive24,appeloffre,initial,MINDEF / EMA / DC SCA / PFAF SE,83800,Toulon cedex 09,,['Prestations de services'],[274],non,oui
204,20-77952,2020-06-20,2020-07-18,['85'],Secteur de la Vallée du Jaunay - Travaux de fourniture et pose de canalisations PEHD Route de Soullans à Saint Hilaire-de-Riez,joue,autre,rectificatif,rectificatif,VENDEE EAU,85036,LA ROCHE-SUR-YON CEDEX,,['Canalisations'],[48],non,non
205,20-78137,2020-06-20,2020-07-22,['87'],"Les prestations comprennent les installations de chantier, la fourniture et la mise en place des équipements divers nécessaires à la mise en oeuvre des dispositifs de retenue",joue,directive24,appeloffre,initial,COMMUNAUTE D AGL LIMOGES METROPOLE,87000,Limoges,,['Glissières de sécurité'],[142],non,non
206,20-78512,2020-06-20,2020-07-15,['87'],Réhabilitation de 258 logements à Limoges - Résidence Montjovis,joue,autre,rectificatif,rectificatif,Limoges Habitat,87010,LIMOGES CEDEX,,"[""Tous corps d'état""]",[345],non,non
207,20-78011,2020-06-20,2020-07-20,['87'],Fourniture et livraison d'équipements de signalisation temporaire et permanente,joue,directive24,appeloffre,initial,COMMUNAUTE D AGL LIMOGES METROPOLE,87031,Limoges Cedex 1,,"['Panneaux', 'Signalisation']","[261, 322]",non,non
208,20-78479,2020-06-20,2020-07-20,['87'],Concours restreint de maîtrise d'oeuvre sur esquisse pour la construction de la Maison Haute-Vienne Développement à Limoges,joue,directive24,appeloffre,initial,Conseil Départemental Haute-Vienne,87031,Limoges cedex 1,,"[""Maîtrise d'oeuvre""]",[197],non,non
209,20-78404,2020-06-20,2020-07-20,['87'],917 20 41 Achat d'un diffractomètre par RX,joue,directive24,appeloffre,initial,Université de Limoges,87032,Limoges,,['Laboratoire (matériel)'],[188],non,non
210,20-78563,2020-06-20,2020-08-31,"['87', '33', '24', '19']",CONCOURS DE MAITRISE D'OEUVRE POUR LA CREATION D'UNE CUISINE CENTRALE UNE BLANCHISSERIE ET D'UNE CUISINE RELAIS,joue,directive24,appeloffre,initial,EHPAD DE CHALUS,87230,CHALUS,,"[""Maîtrise d'oeuvre""]",[197],non,non
211,20-78138,2020-06-20,2020-07-31,['88'],PRESTATIONS TOPOGRAPHIQUES-.,joue,directive24,appeloffre,initial,CA D EPINAL,88190,GOLBEY,,['Topographie'],[344],non,non
212,20-78346,2020-06-20,2020-08-31,['91'],Entretien et aménagement des espaces verts et du patrimoine arboré de la ville de villiers-sur-orge,joue,directive24,attribution,initial,COMMUNE DE VILLIERS SUR ORGE,91700,VILLIERS-SUR-ORGE,"[('2020-05-18', 'PINSON PAYSAGE', (330000, 'EUR'), 'Entretien et aménagement des espaces verts'), ('2020-05-18', 'S.M.D.A (Soins Modernes Des Arbres)', (140000, 'EUR'), 'Entretien du patrimoine arboré')]",['Espaces verts'],[116],non,non
213,20-78284,2020-06-20,2020-08-21,['92'],"PRESTATIONS DE SURETE ET DE SECURITE INCENDIE AVEC OU SANS TELESURVEILLANCE ET/OU VIDEOSURVEILLANCE, DES DIFFERENTS SITES DU DEPARTEMENT DES HAUTS-DE-SEINE",joue,autre,rectificatif,rectificatif,Cons. Départ. des Hauts-de-Seine,92000,Nanterre,,['Gardiennage'],[138],non,non
214,20-78546,2020-06-20,2020-08-18,['92'],"Réalisation de la scénographie, prestations associées et des dispositifs audiovisuels et multimédia du parcours de visite permanent et de la librairie-boutique du musée départemental Albert-Kahn",joue,directive24,appeloffre,initial,Cons. Départ. des Hauts-de-Seine,92000,Nanterre,,"['Abris', 'Prestations de services']","[1, 274]",non,non
215,20-78564,2020-06-20,2020-07-31,"['92', '75']",2019_SRT_SDM,joue,directive24,attribution,initial,Ministere developpement durable_DGPR,92055,La défense cedex,,['Surveillance'],[331],non,oui
216,20-77793,2020-06-20,2020-07-30,['92'],"Travaux d'entretien, de grosses réparations et d'aménagement des bâtiments communaux",joue,directive24,attribution,initial,COMMUNE DE VANVES,92172,VANVES CEDEX,,"['Charpente', 'Chauffage (travaux)', 'Climatisation', 'Cloison, faux plafond', 'Couverture', 'Curage', 'Démolition', 'Electricité (travaux)', 'Etanchéité', 'Menuiserie', 'Métallurgie', 'Miroiterie', 'Peinture (travaux)', 'Plâtrerie', 'Plomberie (travaux)', 'Ravalement', 'Revêtements de sols', 'Serrurerie', ""Tous corps d'état"", 'Ventilation', 'Vitrerie', 'Voirie', 'Porte automatique, portail', 'Dépollution']","[57, 61, 62, 63, 74, 78, 87, 105, 117, 222, 224, 229, 264, 269, 270, 299, 308, 321, 345, 360, 363, 365, 412, 442]",non,non
217,20-78036,2020-06-20,2020-08-28,['92'],Acquisition de deux bennes à encombrants pour la commune de Colombes,joue,directive24,attribution,initial,BOUCLE NORD DE SEINE,92230,Gennevilliers,"[('2020-06-15', 'Société FAUN Environnement', (298000.0, 'EUR'), 'Acquisition de deux bennes à encombrants pour la commune de Colombes.')]",['Benne'],[34],non,non
218,20-78081,2020-06-20,2020-07-16,['92'],Prestations relatives au chantier de radioprotection sur le site de Sèvres-Manufacture et musée nationaux,joue,autre,rectificatif,rectificatif,ETS PUB CITE CERAMIQUE SEVRES LIMOGES,92310,Sèvres,,['Prestations de services'],[274],non,non
219,20-78350,2020-06-20,2020-07-30,['75'],"Travaux d'entretien, de réparation et de rénovation du patrimoine immobilier de placement de l'ACOSS",joue,directive24,appeloffre,initial,ACOSS,93108,Montreuil,,"['Bâtiment', 'Amiante (désamiantage)']","[33, 479]",non,non
220,20-78364,2020-06-20,2020-09-30,"['93', '75', '77', '94', '95', '78', '92', '91']",Maîtise d'oeuvre et suivi des mesures de compensation écologique du projet du Grand Paris Express,joue,directive25,appeloffre,initial,Société du Grand Paris,93200,Saint-Denis,,"[""Maîtrise d'oeuvre""]",[197],non,non
221,20-78371,2020-06-20,2020-07-07,"['93', '69']","Fourniture de consommables divers de pharmacie, parapharmacie et gants à usage unique",joue,autre,rectificatif,rectificatif,Etablissement Français du Sang,93218,La plaine Saint Denis Cedex,,['Consommables médicaux'],[69],non,non
222,20-78210,2020-06-20,2020-08-17,['93'],Assistance à maitrise d'ouvrage pour l'aménagement participatif d'une plateforme de réemploi et animation/gestion du lieu,joue,directive24,appeloffre,initial,EST ENSEMBLE,93232,Romainville,,"['Etude', 'Prestations de services']","[118, 274]",oui,oui
223,20-78263,2020-06-20,2020-07-23,['94'],"Assistance à Maîtrise d'ouvrage (AMO) et ordonnancement, pilotage et coordination (OPC) pour les projets de la DTVD",joue,directive24,appeloffre,initial,Département du Val de Marne,94054,Creteil cedex,,"[""Assistance à maîtrise d'ouvrage""]",[433],non,oui
224,20-78275,2020-06-20,2020-08-19,['94'],Travaux d'agrandissement et de mise aux normes du groupe scolaire Gatin/Marin,joue,directive24,attribution,initial,ville de Saint-Maur-des-Fossés,94100,Saint-maur-des-fossés,,"[""Tous corps d'état""]",[345],non,non
225,20-78337,2020-06-20,2020-09-10,['94'],ACCORD CADRE EDITIQUE,joue,directive24,appeloffre,initial,Agence Nationale des Fréquences (ANFR),94704,Maisons-alfort,,['Impression'],[160],non,oui
226,20-78300,2020-06-20,2020-07-17,"['94', '75', '77', '91', '92', '93', '95']",Prestations de service d'agence de voyages destinées aux agents de l'ecole nationale vétérinaire d'alfort,joue,directive24,appeloffre,initial,Ecole nationale vétérinaire d'Alfort,94704,Maisons-alfort cedex,,['Voyage'],[367],non,non
227,20-75823,2020-06-20,2020-07-22,['971'],marché de services optimisation et maintenance de la gestion du parc informatique,joue,directive24,appeloffre,initial,Grand Port Maritime de la Guadeloupe,97 165,Pointe-à-Pitre Cédex,,['Informatique (prestations de services)'],[163],non,non
228,20-78431,2020-06-20,2020-07-09,['971'],Marché de Services - Assurance Dommages aux Biens (DAB),joue,directive24,appeloffre,initial,Semsamar (971),97122,Baie-Mahault,,['Assurance'],[20],non,non
229,20-78363,2020-06-20,2020-07-27,['971'],Accord Cadre à bon de commande 'Assurance Construction',joue,directive24,appeloffre,initial,Semsamar (971),97122,Baie-Mahault,,['Assurance'],[20],non,non
230,20-77069,2020-06-20,2020-08-18,['972'],fourniture de carburant avec mise a disposition de cartes accreditives pour les vehicules de la caesm,joue,directive24,attribution,initial,Communauté d'Agglomération Espace Sud,97228,SAINTE-LUCE,"[('2020-06-12', 'Total Caraïbes Sas', (429900, 'EUR'), 'Marché de fourniture de carburant avec mise à disposition de cartes accréditives pour les véhicules de la Caesm')]","['Carburant, hydrocarbure']",[52],non,non
231,20-78529,2020-06-20,2020-07-31,['972'],Maintenance du système de balisage des aires et piste,joue,directive25,attribution,initial,SA Aéroport de Martinique Aimé Cesaire,97285,LE LAMENTIN,,['Maintenance'],[196],non,non
232,20-79351,2020-06-20,2020-07-18,['973'],Achat et installation de structures modulaires pour l'école temporaire de la rue Edgard MILIEN à Saint-Laurent du Maroni,fns,cmp2006,appeloffre,initial,Commune de Saint-Laurent du Maroni,97320,SAINT-LAURENT DU MARONI,,"['Bâtiments modulaires', 'Charpente', 'Clôture', 'Couverture', 'Maçonnerie']","[27, 57, 64, 74, 195]",non,non
233,20-78565,2020-06-20,2020-07-20,['973'],Assainissement des Cités Périphériques de Cayenne - BV Raban Mango - Phase 2 - Avis Rectificatif (report date remise offre),joue,autre,rectificatif,rectificatif,Communauté de cmes du centre littoral,97351,Matoury,,"['Assainissement', 'Canalisations']","[18, 48]",non,non
234,20-78218,2020-06-20,2020-07-15,['974'],Acquisition Et Livraison De Materiels De Restauration Scolaire,joue,autre,rectificatif,rectificatif,Mairie du Tampon,97430,Le Tampon,,['Restauration collective'],[66],non,non
235,20-77969,2020-06-20,2020-07-01,['974'],Marché de nettoyage du réseau routier régional en deux lots,joue,autre,rectificatif,rectificatif,Conseil Régional de la Réunion,97490,Sainte clotilde,,['Prestations de services'],[274],non,non
236,20-78223,2020-06-20,2020-07-18,['976'],Assurance statutaire,joue,directive24,appeloffre,initial,SCE DEP D INCENDIE ET SECOURS MAYOTTE,97600,Mamoudzou,,['Assurance'],[20],non,non
237,20-78291,2020-06-20,2020-07-18,['976'],Etudes pré-opérationnelles en vue de la résorption de l'habitat indigne,joue,directive24,attribution,initial,COMMUNE DE CHIRONGUI,97620,Chirongui,"[('2020-03-30', ""ARCH'ADAPT"", (77797, 'EUR'), 'Tsimkoura mangrove'), ('2020-03-20', ""ARCH'ADAPT"", (74740, 'EUR'), 'Ancien stade (Chirongui)'), ('2020-03-23', 'BET TEMA', (84710, 'EUR'), 'Lotissement Poroani')]",['Etude'],[118],non,non
238,20-78264,2020-06-20,2020-09-30,['974'],Nouvelle Route du Littoral (N.R.L.) MARCHE N°6.5 : RACCORDEMENT DIGUE D3-RN1 A GRANDE CHALOUPE,joue,directive24,appeloffre,initial,Conseil Régional de la Réunion,97801,Saint denis cedex 9,,"[""Ouvrage d'infrastructure"", 'Réseaux divers']","[253, 306]",non,non
239,20-78250,2020-06-20,2020-07-10,['974'],Accord-cadre pour la prise en crédit-bail de portiques à conteneurs,joue,directive25,appeloffre,initial,Grand Port Maritime de La Réunion,97821,Le Port,,['Crédit-bail'],[75],non,non
240,20-78091,2020-06-20,2020-08-10,['974'],Travaux de réhabilitation et de modernisation du réseau d'éclairage public sur les divers sites et ports de plaisance du TCO - Lots no 1 et 2,joue,directive24,appeloffre,initial,TERRITOIRE DE LA COTE OUEST,97822,Le Port Cedex,,"['Eclairage public', 'Electricité (travaux)', 'Equipements spécialisés']","[102, 105, 115]",non,non
241,20-41654,2020-06-20,2020-08-31,['59'],marche public de travaux d'entretien et structurants de voiries et de trottoirs sur le territoire cchf,joue,directive24,attribution,initial,Cté de Communes des Hauts de Flandre,,BERGUES,"[('2020-06-18', 'SAS RAMERY TP', (8862046, 'EUR'), None), ('2020-06-18', 'SAS EUROVIA STR', (9367897, 'EUR'), None), ('2020-06-18', 'SAS ALLIANCES TP', (9833247, 'EUR'), None)]",['Voirie'],[365],non,non
242,20-66223,2020-06-20,2020-07-19,['17'],fourniture et livraison de tracteurs d'occasion 4 roues motrices avec ou sans équipement chargeur d'occasion (10 unités maximum / 4 ans),joue,directive24,attribution,initial,Cons. Départ. de la Charente-Maritime,,La Rochelle Cedex 9,"[('2020-05-18', 'BL PRO', (500000, 'EUR'), ""Accord-cadre (technique d'achat) pour la Fourniture et livraison de tracteurs d'occasion 4 roues motrices avec ou sans équipement chargeur d'occasion (10 unités maximum / 4 ans)"")]",['Véhicules (acquisition)'],[475],non,non
243,20-69505,2020-06-20,2020-07-23,['13'],fournitures de pièces détachées pour laveuses compactes de voirie de marque cmar,joue,directive24,appeloffre,initial,METROPOLE D AIX MARSEILLE PROVENCE,,Marseiille,,['Pièces détachées'],[266],non,non
244,20-75090,2020-06-20,2020-07-21,['65'],services d'assurances,joue,directive24,appeloffre,initial,EHPAD,,Argelès-Gazost,,['Assurance'],[20],non,non
245,20-77461,2020-06-20,2020-07-21,['49'],travaux sur ouvrages d'eau potable et d'assainissement (2021-2024),joue,directive24,appeloffre,initial,CA Agglomération du Choletais,,Cholet Cedex,,"['Alimentation en eau potable', 'Assainissement', 'Voirie et réseaux divers']","[6, 18, 366]",non,non
246,20-77562,2020-06-20,2020-06-26,['65'],marché de maîtrise d'oeuvre pour la consruction d'une station d'eau potable,joue,directive24,appeloffre,initial,SIAEP de la Vallée de l'Arros,,BORDES,,['Alimentation en eau potable'],[6],non,non
