a00_cle_idweb,g04_01_date_publication,g04_03_date_fin_diffusion,g04_07_dep_publication,g04_09_resume_objet,g01_02_01_famille,g01_02_02_perimetre,g01_02_03_nature,g01_02_04_statut,d01_01_denomination,d01_07_cp,d01_08_ville,d08_09_decision_titulaireandRENSEIGNEMENT,g04_052_descripteurs_libelles,g04_051_descripteurs_codes,g04_061_criteres_sociaux,g04_062_criteres_environnementaux
20-111008,2020-09-12,2020-10-16,['2'],CARBURANT A LA POMPE PAR CARTES ACCREDITIVES ET DANS LES CUVES DES CENTRES DE SECOURS-.,joue,directive24,appeloffre,initial,SCE DEPARTEMENTAL INCENDIE ET SECOURS,02007,Laon,,"['Carburant, hydrocarbure']",[52],non,non
20-111207,2020-09-12,2020-11-02,['3'],"Exploitation et maintenance des stations d'épuration, des postes de refoulement et des ouvrages annexes",joue,directive24,appeloffre,initial,Communauté d'agglomération de Moulins,03000,MOULINS,,"['Assainissement', 'Maintenance', 'Prestations de services']","[18, 196, 274]",non,non
20-111156,2020-09-12,2020-11-11,['4'],Entretien Et Réparation Des Hydrants,joue,directive24,attribution,initial,COMMUNE DE MANOSQUE,04100,Manosque,"[('2020-08-31', 'SAUR GRAND SUD', (2000000, 'EUR'), 'Entretien Et Réparation Des Hydrants')]",['Sécurité incendie'],[332],non,non
20-111109,2020-09-12,2020-11-11,['4'],Fourniture De Carburants Par Approvisionnement En Station Service Pour Les Véhicules Et Engins Municipaux,joue,directive24,attribution,initial,COMMUNE DE MANOSQUE,04100,Manosque,"[('2020-07-31', 'ATAMIAN Christian', (720000, 'EUR'), 'Fourniture De Carburants Par Approvisionnement En Station Service Pour Les Véhicules Et Engins Municipaux')]","['Carburant, hydrocarbure']",[52],non,non
20-111095,2020-09-12,2020-10-20,['4'],Traitement et élimination des déchets ménagers et assimilés collectés par la CC Haute Provence Pays de Banon,joue,directive24,appeloffre,initial,COMMUNAUTE DE HAUTE PROVENCE,04300,Mane,,['Ordures ménagères (prestations)'],[249],non,non
20-111060,2020-09-12,2020-10-30,['6'],"Suppression des colonnes vide-ordures, création d'espaces extérieurs pour conteneurs (2 lots).Fourniture, pose et entretien d'abris pour conteneurs (2 lots).",joue,directive24,appeloffre,initial,Côte d'Azur Habitat,06200,Nice,,"['Conteneur, poubelles', 'Maçonnerie']","[71, 195]",non,non
20-102738,2020-09-12,2020-10-13,['6'],travaux d'entretien des routes départementales de la sda cians var,joue,directive24,appeloffre,initial,Département des Alpes-Maritimes,06201,Nice cedex 3,,['Voirie'],[365],non,oui
20-111049,2020-09-12,2020-10-15,['6'],20N0433 - Acquisition de produits sanitaires (Multi-attributaire),joue,directive24,appeloffre,initial,Métropole Nice Côte d'Azur,06364,Nice cedex 4,,['Hygiène (articles)'],[153],non,non
20-110995,2020-09-12,2020-11-10,['6'],18N0740 ETUDE DE FAISABILITE DES PARCS DE STATIONNEMENT EN OUVRAGE,joue,directive24,attribution,initial,METROPOLE NICE COTE D AZUR,06364,Nice cedex 4,"[('2020-09-09', 'SARECO FRANCE', (346345, 'EUR'), '18N0740 ETUDE DE FAISABILITE DES PARCS DE STATIONNEMENT EN OUVRAGE')]","['Etude', 'Ingénierie']","[118, 455]",non,non
20-111317,2020-09-12,2020-11-30,"['6', '83']","Gardiennage, télésurveillance et interventions suite à des déclenchements d'alarmes dans les bâtiments du CNRS implantés sur le site de sophia antipolis (alpes maritimes - 06)",joue,directive24,attribution,initial,CNRS Délégation Côte d'Azur,06560,Valbonne,"[('2020-08-20', 'Sophia antipolis assistance et services ', (200000, 'EUR'), 'GARDIENNAGE \x96 TÉLÉSURVEILLANCE ET INTERVENTIONS SUITE A DES DÉCLENCHEMENTS D\x92ALARMES DANS LES BATIMENTS DU CNRS IMPLANTÉS SUR LE SITE DE SOPHIA ANTIPOLIS (Alpes Maritimes \x96 06)')]","['Gardiennage', 'Surveillance']","[138, 331]",non,oui
20-111318,2020-09-12,2020-10-19,['6'],Acquisition d'instruments de musique et d'accessoires neufs pour le Conservatoire de Musique et d'Art dramatique,joue,directive24,appeloffre,initial,Ville d'Antibes Juan-les-Pins,06606,Antibes cedex,,['Instruments de musique'],[166],non,non
20-111247,2020-09-12,2020-10-10,['8'],Réalisation des analyses de laboratoire d'anatomopathologie,joue,directive24,appeloffre,initial,CTRE HOSP INTERCOMMUNAL NORD ARDENNES,08011,Charleville Mézières cedex,,"['Analyses médicales, biologiques']",[8],non,non
20-111204,2020-09-12,2020-10-10,['8'],Travaux d'entretien et réparation des bâtiments à réaliser pour les établissements du GHT Nord Ardenne,joue,directive24,appeloffre,initial,CTRE HOSP INTERCOMMUNAL NORD ARDENNES,08011,Charleville Mézières cedex,,"['Carrelage', 'Clôture', 'Electricité (travaux)', 'Etanchéité', 'Gros oeuvre', 'Menuiserie', 'Peinture (travaux)', 'Plomberie (travaux)', 'Revêtements de sols', 'Signalisation', ""Tous corps d'état"", 'Ventilation', 'Voirie', 'Voirie et réseaux divers', 'Occultation', 'Dépollution']","[53, 64, 105, 117, 144, 222, 264, 270, 308, 322, 345, 360, 365, 366, 414, 442]",non,non
20-97739,2020-09-12,2020-10-16,['10'],rénovation du terrain de football no4 - parc henri terré,joue,directive24,intentionconclure,initial,MAIRIE DE TROYES,10026,Troyes,"[('2020-09-04', 'ID VERDE SASU', (138144, 'EUR'), 'Terrassement (assainissement, drainage, engazonnement, équipements et clôtures)'), ('2020-09-04', 'ID VERDE SASU', (32795, 'EUR'), 'arrosage automatique avec surpresseur')]","['Arrosage', 'Terrain de sport']","[13, 342]",non,non
20-110472,2020-09-12,2020-11-10,['12'],"RD 54 - pont de brousse le château - étude préliminaire de réparationCanton de Raspes et Levézou, Commune de Brousse le Château",joue,directive24,attribution,initial,Conseil Départemental de l AVEYRON,12450,Flavin,,"[""Oeuvre d'art"", ""Ouvrage d'art"", 'Ouvrage métallique']","[247, 252, 254]",non,non
20-111299,2020-09-12,2020-09-30,['13'],Accord-cadre de Travaux de démolition de bâtiments,joue,autre,rectificatif,rectificatif,METROPOLE D AIX MARSEILLE PROVENCE,13007,Marseille,,['Bâtiment'],[33],non,non
20-111202,2020-09-12,2020-12-05,['13'],Fourniture de vêtements techniques pour le personnel de la RTM et prestations associées,joue,directive25,attribution,initial,Régie des Transports Métropolitains,13013,Marseille,"[('2020-08-25', 'OXBRIDGE', (505802.71, 'EUR'), 'Fourniture de vêtements techniques pour le personnel de la RTM et prestations associées')]",['Textile'],[343],non,non
20-110967,2020-09-12,2020-12-01,['13'],PRESTATIONS DE NETTOYAGE ET CURAGE DES VOIES EN TUNNEL DU METRO DE LA REGIE DES TRANSPORTS METROPOLITAINS,joue,directive25,attribution,initial,Régie des Transports Métropolitains,13013,Marseille,"[('2020-08-25', 'BONDIL ASSAINISSEMENT', (393900, 'EUR'), 'PRESTATIONS DE NETTOYAGE ET CURAGE DES VOIES EN TUNNEL DU METRO DE LA REGIE DES TRANSPORTS METROPOLITAINS')]","['Prestations de services', 'Déchets non ménagers (prestations)']","[274, 404]",non,non
20-111444,2020-09-12,2020-10-01,['13'],Prestations De Pompiers D'Entreprise Sur Les Ports Petroliers De Lavera Et Fos,joue,directive24,appeloffre,initial,FLUXEL,13117,Lavera,,"['Prestations de services', 'Sécurité incendie']","[274, 332]",non,non
20-111277,2020-09-12,2020-09-24,"['13', '83', '84']","assistance à maitrise d'ouvrage pour la réalisation d'études de capacité, de faisabilité et de missions complémentaires dans le département des bouches-du-rhône (rectificatif)",joue,autre,rectificatif,rectificatif,ETS PUB FONCIER P A C A,13207,Marseille,,"['Etude', ""Assistance à maîtrise d'ouvrage""]","[118, 433]",non,non
20-111368,2020-09-12,2020-10-11,"['13', '75', '33', '6']","Fourniture d'électricité et de gaz naturel "" rendus sur site "" incluant la gestion de l'acheminement dans le cadre d'un contrat unique, et prestations de services associées",joue,directive24,attribution,initial,CCI Marseille Provence,13221,Marseille cedex 01,"[('2020-07-07', 'E-PANGO', (1750206, 'EUR'), 'Electricité'), ('2020-07-07', 'GAZ DE PARIS', (793346, 'EUR'), 'Gaz naturel')]","['Electricité, gaz (fourniture)']",[443],non,non
20-111346,2020-09-12,2020-12-08,['13'],Fournitures Destinees Aux Activites De Restauration Collective Du Grand Port Maritime De Marseille,joue,directive24,attribution,initial,GRAND PORT MARITIME DE MARSEILLE,13226,Marseille,"[('2020-09-04', 'Mongin Jauffret', (480000, 'EUR'), None)]","['Restauration collective', 'Vaisselle', 'Verre']","[66, 357, 361]",non,non
20-111081,2020-09-12,2020-10-31,['13'],"(Opération 192) - Maîtrise d'oeuvre pour les aménagements urbains et paysagers (voiries réseaux divers, hydraulique, acoustique...) - ZAC des Hauts de Ste Marthe (Marseille 13014)",joue,directive24,appeloffre,initial,SOLEAM,13232,Marseille cedex 01,,"[""Maîtrise d'oeuvre"", 'Prestations de services']","[197, 274]",non,non
20-111138,2020-09-12,2020-10-12,"['13', '83', '84']",Maintenance préventive et curative des véhicules de collecte des déchets ménagers et assimilés du Territoire du Pays d'Aubagne et de l'Etoile,joue,autre,rectificatif,rectificatif,METROPOLE D AIX MARSEILLE PROVENCE,13250,Marseille,,['Prestations de services'],[274],non,non
20-111033,2020-09-12,2020-11-07,['13'],Fourniture de services de télécommunications fixes pour le département des Bouches du Rhône,joue,directive24,attribution,initial,CONSEIL DEPARTEMENTAL 13,13256,Marseille cedex 20,"[('2020-09-01', 'Orange', (184517, 'EUR'), 'Maintien en condition opérationnelle de lignes analogiques, lignes numériques de type T0 et services associés'), ('2020-09-01', 'SFR SA', (24666, 'EUR'), 'Numéros spéciaux en 08')]",['Télécommunications'],[338],non,non
20-111397,2020-09-12,2020-11-10,['13'],Missions de contrôleur Technique sur le patrimoine du Conseil Départemental des bouches-du-Rhône,joue,directive24,attribution,initial,CONSEIL DEPARTEMENTAL 13,13256,Marseille cedex 20,"[('2020-08-12', 'APAVE SUDEUROPE', (20000, 'EUR'), 'C.E 23 CONTROLEUR TECHNIQUE : SECTEUR MARSEILLE'), ('2020-08-12', 'GROUPEMENT BUREAU VERITAS CONSTRUCTION (MANDATAIRE)/BUREAU VERITAS EXPLOITATION/BUREAU VERITAS SOLUTION', (20000, 'EUR'), 'C.E 23 CONTROLEUR TECHNIQUE : SECTEUR HORS MARSEILLE')]",['Contrôle technique'],[72],non,non
20-111000,2020-09-12,2020-11-10,['13'],Corps d'état 6 - Menuiserie Alu PVC,joue,directive24,attribution,initial,CONSEIL DEPARTEMENTAL 13,13256,Marseille cedex 20,"[('2020-08-18', 'PISCIONNE', (240000, 'EUR'), 'Lot 1 m1 Secteur MARSEILLE OUEST ET NORD'), ('2020-08-18', 'TERRITOIRE', (240000, 'EUR'), 'Lot2 M2 Secteur MARSEILLE SUD'), ('2020-08-18', 'PISCIONNE', (240000, 'EUR'), 'Lot 3 M3 Secteur MARSEILLE EST'), ('2020-08-18', 'SPTMI', (240000, 'EUR'), 'Lot4 H 1 Secteur ARLES'), ('2020-08-18', 'SPTMI', (240000, 'EUR'), 'Lot 5 H2 Secteur ISTRES'), ('2020-08-18', 'SPTMI', (240000, 'EUR'), 'Lot 6 H3 Secteur AIX EN PROVENCE'), ('2020-08-18', 'PISCIONNE', (240000, 'EUR'), 'Lot 7 H4 Secteur AUBAGNE')]",['Menuiserie'],[222],non,non
20-110981,2020-09-12,2020-12-08,['13'],"accord-cadre pour la réalisation de travaux d'impression, de finition et de façonnage spécifique",joue,directive24,attribution,initial,Région Provence Alpes Côte d'Azur,13481,Marseille,"[('2020-08-04', 'Sas Caractere Imprimeur et Spot Imprimerie Sarl', (91461, 'EUR'), None)]",['Impression'],[160],non,oui
20-111187,2020-09-12,2020-12-08,['13'],Amo relatif à l'achat d'électricité dans le cadre du groupement de commandes composé de la Région Provence-Alpes-Côte d'Azur et de ses Etablissements Publics Locaux d'Enseignement,joue,directive24,attribution,initial,Région Provence Alpes Côte d'Azur,13481,Marseille,"[('2020-06-16', 'Opera Energie', (24650, 'EUR'), None)]","['Assistance technique', 'Assistance juridique']","[19, 434]",non,non
20-111443,2020-09-12,2020-10-13,['13'],"Fourniture de produits d'entretien, de petit matériel, de consommables et d'équipements de protection individuelle",joue,directive24,appeloffre,initial,COMMUNE LES PENNES MIRABEAU,13758,Les Pennes Mirabeau,,"[""Produits d'entretien""]",[278],non,non
20-111369,2020-09-12,2020-10-12,"['13', '34', '83', '84']",Fourniture et livraison de barrières anti-intrusion pour une protection de site / barrage de véhicules.,joue,autre,rectificatif,rectificatif,Ville de Fos-sur-Mer,13771,Fos sur mer cedex,,['Evénementiel'],[445],non,non
20-111001,2020-09-12,2020-09-28,['14'],Fourniture d'un analyseur des éléments traces par ICP-MS,joue,autre,rectificatif,rectificatif,CENTRE HOSPITALIER UNIVERSITAIRE,14033,Caen cedex 9,,['Laboratoire (matériel)'],[188],non,non
20-111039,2020-09-12,2020-12-04,['50'],"Services de transport public à la demande, par véhicules légers, dans le Département de la Manche",joue,directive24,attribution,initial,Région Normandie,14035,CAEN,,['Transport'],[347],non,non
20-110609,2020-09-12,2020-10-12,['15'],carburant et combustible,joue,directive24,appeloffre,initial,Ville d'Aurillac,15000,Aurillac,,"['Carburant, hydrocarbure']",[52],non,non
20-111263,2020-09-12,2020-09-23,['17'],Fourniture De Services De Telecommunications Voix Et Donnees,joue,autre,rectificatif,rectificatif,CDA LA ROCHELLE,17086,La Rochelle,,['Télécommunications'],[338],non,non
20-111198,2020-09-12,2020-09-23,['18'],MISSION DE COMMISSARIAT AUX COMPTES POUR LE CENTRE HOSPITALIER JACQUES COUR DE BOURGES,joue,autre,rectificatif,rectificatif,C.H. Jacques Coeur de Bourges,18020,BOURGES cedex,,['Expertise comptable'],[446],non,non
20-111377,2020-09-12,2020-10-12,['18'],Fourniture et acheminement d'électricité et services associés pour les contrats C5,joue,directive24,appeloffre,initial,Ville de Vierzon,18103,Vierzon cedex,,"['Abris', 'Electricité, gaz (fourniture)']","[1, 443]",oui,oui
20-111013,2020-09-12,2020-10-15,['21'],CREPS à Dijon (21) - Désignation d'une équipe de maîtrise d'oeuvre,joue,directive24,attribution,initial,SPLAAD,21074,Dijon cedex,,['Prestations de services'],[274],non,non
20-111396,2020-09-12,2020-09-18,['22'],Exploitation de différents sites du réseau d'eau potable de l'interconnexion départementale du SDAEP,joue,directive25,appeloffre,initial,SYNDICAT DEPARTEMENTAL AEP22,22035,Saint-Brieuc Cedex 1,,['Alimentation en eau potable'],[6],non,non
20-77960,2020-09-12,2020-11-08,['22'],contrôle des installations d'assainissement collectif sur le domaine privé,joue,directive24,attribution,initial,CC LEFF ARMOR COMMUNAUTE,22290,Lanvollon,"[('2020-09-08', 'HYDRACOS SAS', (60000, 'EUR'), ""Contrôles des installations d'assainissement""), ('2020-09-08', 'HYDRACOS SAS', (60000, 'EUR'), ""Contrôles des installations d'assainissement""), ('2020-09-08', 'B3E SARL', (60000, 'EUR'), ""Contrôles des installations d'assainissement""), ('2020-09-08', 'B3E SARL', (60000, 'EUR'), ""Contrôles des installations d'assainissement"")]",['Assainissement'],[18],non,non
20-110966,2020-09-12,2020-10-12,"['21', '25', '39', '58', '70', '71', '89', '90']",programme régional de formation à destination des personnes placées sous main de justice 2021,joue,directive25,appeloffre,initial,REGION BOURGOGNE FRANCHE COMTE,25031,BESANCON,,['Formation'],[410],non,non
20-111106,2020-09-12,2020-09-18,"['25', '21']",désignation de facilitateurs des clauses d'insertions pour la région bourgogne franche-comté (rectificatif),joue,autre,rectificatif,rectificatif,région Bourgogne-Franche-Comté,25031,Besançon,,['Assistance technique'],[19],non,non
20-111455,2020-09-12,2020-10-13,['25'],2020.06 Fourniture De Materiel Et De Produits Pour L'Entretien Et L'Hygiene,joue,directive24,appeloffre,initial,COMMUNE D AUDINCOURT,25400,Audincourt,,"['Hygiène (articles)', ""Produits d'entretien""]","[153, 278]",non,oui
20-111130,2020-09-12,2020-12-08,['26'],Mission Legale De Commissariat Aux ComptesExercices 2020 à 2025 inclus,joue,directive24,attribution,initial,GPT HOSPITALIER PORTES DE PROVENCE,26216,Montelimar,"[('2020-08-04', 'Exco Aese', (270000, 'EUR'), None)]",['Expertise comptable'],[446],oui,oui
20-111381,2020-09-12,2020-12-01,['27'],MARCHE ETUDES,joue,directive24,appeloffre,initial,SIEGE 27,27930,Guichainville,,['Etude'],[118],non,non
20-111184,2020-09-12,2020-10-09,['28'],Marché Public de travaux de requalification de la rue du Carillon à Luisant,joue,directive24,appeloffre,initial,Mairie de Luisant,28600,Luisant,,"['Espaces verts', 'Terrassement', 'Voirie et réseaux divers']","[116, 341, 366]",non,non
20-111268,2020-09-12,2020-10-01,['29'],accord cadre mono attributaire - prestations d'exploitation et de maintenance des station-service (gnv) sur le département du finistère. (rectificatif),joue,autre,rectificatif,rectificatif,SEML ENERGIES EN FINISTERE,29000,Quimper,,['Gaz divers'],[139],non,non
20-110953,2020-09-12,2020-11-10,['29'],groupement de commandes fourniture de denrées alimentaires (rectificatif),joue,autre,rectificatif,rectificatif,Ville de Landerneau,29207,Landerneau,,"['Boisson', 'Denrées alimentaires', 'Surgelés']","[39, 88, 330]",non,non
20-111089,2020-09-12,2020-10-20,['29'],assurance des risques statutaires du personnel,joue,directive24,appeloffre,initial,CA QUIMPERLE COMMUNAUTE,29394,Quimperle,,['Assurance'],[20],non,non
20-111364,2020-09-12,2020-10-10,['29'],"Prestations d'assurance dommages aux biens et risques annexes, prestations statutaires et bris de machine pour les établissements du GHT de Bretagne Occidentale.",joue,autre,rectificatif,rectificatif,CH REG ET UNVT DE BREST,29609,Brest cedex,,['Assurance'],[20],non,non
20-111362,2020-09-12,2020-10-12,['30'],"Maintenance des portes, portails, barrières et rideaux automatiques des bâtiments départementaux",joue,directive24,appeloffre,initial,Conseil Général du Gard,30044,Nîmes cedex 9,,['Maintenance'],[196],non,non
20-108323,2020-09-12,2021-09-09,"['30', '34']","Marché de services de télécommunication fixe, réseaux et mobile",joue,directive24,appeloffre,initial,Cté de Communes de Petite Camargue,30600,Vauvert,,"['Télécommunications', 'Matériel de téléphonie']","[338, 339]",non,non
20-111119,2020-09-12,2020-10-12,['31'],Hébergement hôtelier ponctuel et de courte durée de personnes accompagnées d'enfants et de familles en difficulté - Année 2021,joue,directive24,appeloffre,initial,CCAS de Toulouse,31004,Toulouse,,['Prestation hotelière'],[466],non,non
20-111251,2020-09-12,2020-11-10,['31'],Mission de Coordination Sécurité et Protection de la Santé relative à des opérations d'infrastructure de catégorie 1 en phase de conception et réalisation pour la 3ème ligne de mét,joue,directive25,appeloffre,initial,SOC DE LA MOBILITE DE AGGL TOULOUSAINE,31004,Toulouse,,['Prestations de services'],[274],non,non
20-110950,2020-09-12,2020-10-29,['31'],Evaluation et valorisation des plans d'eau du bassin Adour-Garonne,joue,directive24,attribution,initial,Agence de l'Eau Adour Garonne,31078,Toulouse,"[('2020-08-28', 'AQUASCOP BIOLOGIE SARL', (330070, 'EUR'), ""Le marché concerne l'interprétation et la valorisation des données de surveillance de la qualité chimique, physicochimique, biologique et hydromorphologique des lacs du bassin Adour-Garonne."")]",['Etude'],[118],non,non
20-109958,2020-09-12,2020-10-15,['31'],fourniture et installation de matériels de cuisine dans les bâtiments départementaux,joue,directive24,appeloffre,initial,Conseil Départemental Haute-Garonne,31090,Toulouse,,"['Blanchisserie (matériel)', 'Chambre froide', 'Cuisine (équipement)']","[37, 56, 77]",non,non
20-111056,2020-09-12,2020-09-21,"['31', '34']",Développement d'un jeu vidéo sur la thématique de la lutte contre le racisme et l'antisémitisme (rectificatif),joue,autre,rectificatif,rectificatif,REGION OCCITANIE,31406,TOULOUSE,,"['Informatique (prestations de services)', 'Logiciel']","[163, 186]",non,non
20-111327,2020-09-12,2020-10-14,['31'],"20mc0430aoo - Fourniture D'Un Service De Paiement En Ligne, Sécurisé, Par Carte Bancaire Et Prestations Associées- Je/Fp",joue,directive24,appeloffre,initial,TOULOUSE METROPOLE,31505,Toulouse,,['Logiciel'],[186],non,non
20-111091,2020-09-12,2020-10-10,"['33', '16', '17', '24', '40', '47']",Marché de nettoyage des locaux et des surfaces vitrées de l'Hôtel de police de Bordeaux et de sites extérieurs,joue,directive25,attribution,initial,SGAP Sud Ouest,33041,Bordeaux,"[('2020-08-31', '2M', (246768, 'EUR'), 'Hôtel de police de Bordeaux'), ('2020-08-31', '2M', (53887, 'EUR'), 'Bordeaux Centre-Est'), ('2020-08-31', '2M', (40123, 'EUR'), 'Ouest Bordeaux'), ('2020-08-31', '2M', (37756, 'EUR'), 'Sud Bordeaux'), ('2020-08-31', '2M', (18386, 'EUR'), 'Arcachon')]",['Nettoyage de locaux'],[239],oui,oui
20-112072,2020-09-12,2020-09-23,['33'],Jardin public de Bordeaux - Travaux d'aménagements nautiques et hydrauliques du bassin,mapa,cmp2006,appeloffre,initial,COMMUNE DE BORDEAUX,33045,Bordeaux,,"['Câblage', 'Electromécanique', 'Espaces verts', 'Matériel électrique', 'Ouvrage hydraulique', 'Station de pompage']","[47, 107, 116, 203, 255, 326]",non,oui
20-111045,2020-09-12,2020-10-10,['47'],"Travaux de rénovation du château, du bâtiment externat, et de l entrée du lycée Stendhal à Aiguillon - Relance des lots 7, 14 et 16",joue,directive24,attribution,initial,Région Nouvelle Aquitaine,33077,Bordeaux cedex,"[('2020-08-04', 'SAITA Entreprise', (1127303.69, 'EUR'), 'Chauffage Ventilation Climatisation'), ('2020-08-04', 'EUROVIA AQUITAINE', (173386.69, 'EUR'), 'VRD - Espaces Verts')]","['Abris', ""Tous corps d'état""]","[1, 345]",non,non
20-111408,2020-09-12,2020-10-12,['33'],Accord-cadre d'exploitation des installations de Génie Electrique du centre hospitalier de Charles Perrens,joue,autre,rectificatif,rectificatif,CHU DE BORDEAUX,33400,Talence,,['Maintenance'],[196],non,non
20-111078,2020-09-12,2020-12-08,['34'],Acquisition et déploiement d'une plateforme d'échanges informatisés de type Cis (Cargo Intelligent System),joue,directive25,attribution,initial,Port Sud de France,34201,Sete,"[('2020-06-15', 'Marseille Gyptis International', (285804, 'EUR'), None)]","['Informatique (prestations de services)', 'Logiciel', 'Progiciel']","[163, 186, 283]",non,non
20-111125,2020-09-12,2020-12-08,['34'],Travaux D'Amenagement D'Une Plateforme Multimodale Rail/Route Sur Le Port De Commerce De Sete,joue,directive25,attribution,initial,Port Sud de France,34201,Sete,"[('2020-06-15', 'Eiffage Route Mediterranee', (3084509.7, 'EUR'), 'Travaux De Vrd'), ('2020-06-15', 'Spie Citynetworks', (197653, 'EUR'), ""Travaux D'Eclairage"")]","['Eclairage public', 'Voirie']","[102, 365]",non,non
20-111105,2020-09-12,2020-10-14,['35'],"fourniture, livraison de titres restaurant papier et/ou dématérilisés et prestations associées",joue,directive24,appeloffre,initial,Cté de Cnes Bretagne Romantique,35190,La Chapelle aux Filtzméens,,['Titres restaurant'],[416],non,non
20-111212,2020-09-12,2020-10-15,"['35', '22', '56', '29']",MARCHE RELATIF A LA MISE A DISPOSITION D'UNE HYDROLIENNE POUR UNE DEMONSTRATION DANS LA ZONE DE OUESSANT,joue,directive24,attribution,initial,Bretagne Développement Innovation,35510,CESSON SEVIGNE,"[('2020-09-07', 'Sabella SA', (708333, 'EUR'), ""MARCHE RELATIF A LA MISE A DISPOSITION D'UNE HYDROLIENNE POUR UNE DEMONSTRATION DANS LA ZONE DE OUESSANT"")]",['Equipement industriel'],[112],non,non
20-111083,2020-09-12,2020-10-31,['35'],Marché de Service relatif à la prestation d'ASSURANCE pour les besoins du CHGR,joue,directive24,appeloffre,initial,Centre Hospitalier Guillaume Régnier,35703,Rennes Cédex 7,,['Assurance'],[20],non,non
20-111211,2020-09-12,2020-10-31,['50'],CHERBOURG (50) - BdD - Maintien en condition opérationnelle des équipements industriels,joue,autre,rectificatif,rectificatif,ESID de Rennes,35998,Rennes cedex 9,,['Maintenance'],[196],non,non
20-105503,2020-09-12,2020-10-12,['37'],"FOURNITURE D'ELECTRICITE POUR LES BATIMENTS, L'ECLAIRAGE PUBLIC ET LES FEUX TRICOLORES METROPOLITAINS ET COMMUNAUX DANS LE CADRE D'UN GROUPEMENT D'ACHAT POUR LES SITES INFERIEURS A 36 k",joue,directive24,attribution,initial,Tours Métropole Val de Loire,37206,TOURS CEDEX 3,"[('2020-07-30', 'EDF', (1212336.25, 'EUR'), 'Bâtiments'), ('2020-07-31', 'EDF', (3376051.19, 'EUR'), 'Eclairage public - feux tricolores')]","['Electricité, gaz (fourniture)']",[443],non,non
20-111173,2020-09-12,2020-10-12,['37'],Accord-cadre de maitrise d'oeuvre pour l'exécution de travaux de génie-civil destinés à l'implantation de points d'apport volontaire enterrés et à leurs aménagement périphériques,joue,directive24,attribution,initial,Tours Métropole Val de Loire,37206,TOURS CEDEX 3,,"[""Maîtrise d'oeuvre"", ""Ouvrage d'infrastructure""]","[197, 253]",non,non
20-111407,2020-09-12,2020-10-12,['38'],"Fourniture Et Livraison De Repas, De Pique-Niques, De Collations Et Goûters En Liaison Froide A Destination Des Restaurants Scolaires, Des Centres De Loisirs Et Du Multisports.<br",joue,directive24,appeloffre,initial,Commune de Sassenage,38360,Sassenage,,['Restauration collective'],[66],non,oui
20-111192,2020-09-12,2020-09-21,['40'],acquisition de véhicules électriques (rectificatif),joue,autre,rectificatif,rectificatif,SYDEC,40006,Mont de Marsan cedex,,['Véhicules (acquisition)'],[475],non,non
20-110963,2020-09-12,2020-10-10,['40'],Repérage amiante avant travaux 2020-2023,joue,directive24,attribution,initial,O.P.D.H.L.M. des Landes,40011,Mont De Marsan Cedex,"[('2020-09-09', 'AC ENVIRONNEMENT', (500000, 'EUR'), None)]",['Amiante (diagnostic)'],[431],non,non
20-110987,2020-09-12,2020-10-06,['42'],Mise en accessibilité selon l'Ad'Ap au collège Louis Aragon à Mably.,joue,directive24,appeloffre,initial,Conseil Général de la Loire,42022,Saint-Etienne,,['Bâtiment'],[33],oui,non
20-111034,2020-09-12,2020-10-31,['44'],Avis de concours pour MOE restreint pour construction groupe scolaire zac de la chênaie,joue,directive24,appeloffre,initial,Mairie de Saint Etienne de Montluc,44360,Saint Etienne de Montluc,,"[""Maîtrise d'oeuvre""]",[197],non,non
20-111053,2020-09-12,2020-10-15,['44'],OPERATION DE DIFFUSION EN COMMERCES DE PROXIMITE ET AUTRES LIEUX,joue,directive24,attribution,initial,Conseil régional des Pays de la Loire,44966,Nantes cedex 9,"[('2020-07-31', ""SAS L'IGLOO"", (600000, 'EUR'), 'Opération de diffusion en commerces de proximité et autres lieux')]",['Prestations de services'],[274],non,non
20-111302,2020-09-12,2020-10-13,['44'],MISSION DE MAITRISE D'OEUVRE RELATIVE A LA CONSTRUCTION DU POLE ESTHETIQUE COIFFURE ET AMENAGEMENT DES ESPACES LIBERES AU LYCEE PERRIN-GOUSSIER A REZE (44),joue,directive24,appeloffre,initial,Conseil régional des Pays de la Loire,44966,Nantes cedex 9,,"[""Maîtrise d'oeuvre""]",[197],non,non
20-111246,2020-09-12,2020-09-18,['45'],Mise à disposition d'hélicoptères sanitaires pour la réalisation des missions HéliSMUR de la région Centre-Val de Loire AO 2020-09,joue,autre,rectificatif,rectificatif,CENTRE HOSPITALIER REGIONAL D ORLEANS,45067,Orleans cedex 2,,['Transport'],[347],non,non
20-111232,2020-09-12,2020-10-12,['47'],FOURNITURE DE DOCUMENTS SIMPLES ET ELABORES POUR LES SERVICES DU DEPARTEMENT DE LOT-ET-GARONNE,joue,directive24,appeloffre,initial,Département de Lot-et-Garonne,47922,Agen cedex 9,,['Imprimés'],[161],non,oui
20-111441,2020-09-12,2020-10-13,['48'],Fourniture de peinture routière et produits de marquage pour le réseau routier du Conseil Départemental de la Lozère,joue,directive24,appeloffre,initial,DEPARTEMENT DE LA LOZERE,48001,Mende,,"['Peinture (fourniture)', 'Peinture (travaux)']","[263, 264]",non,oui
20-111254,2020-09-12,2020-10-13,['48'],"Fourniture et livraison de carburants en vrac pour matériels roulants du département de la Lozère et du S.D.I.S de la Lozère ainsi que solution d'urée Aus 32, matériels de stockage",joue,directive24,appeloffre,initial,DEPARTEMENT DE LA LOZERE,48001,Mende,,"['Carburant, hydrocarbure']",[52],non,oui
20-111102,2020-09-12,2020-10-16,['49'],"Travaux de construction d'une cuisine centrale, rue Jacqueline Pertus à Angers (49)",joue,directive24,appeloffre,initial,ALTER Public,49101,Angers cedex 02,,"[""Tous corps d'état""]",[345],non,non
20-110943,2020-09-12,2020-10-11,['44'],Location longue durée et maintenance d'un robot de traite (lait) pour la Ferme expérimentale de Derval (44),joue,directive24,attribution,initial,CHAMBRE REG AGRI PAYS DE LA LOIRE,49105,ANGERS Cedex 02,"[('2020-09-08', 'MODEMA AGRI', (165341, 'EUR'), ""Location longue durée et maintenance d'un robot de traite (lait) pour la Ferme expérimentale de Derval (44)"")]","['Location (matériels)', 'Matériel agricole, horticole']","[185, 200]",non,non
20-110108,2020-09-12,2020-10-14,['49'],Assistance à maîtrise d'ouvrage pour la mise en oeuvre et le suivi du marché public global de performance relatif à la construction d'un collège à Beaupréau-en-Mauges,joue,directive24,appeloffre,initial,Département de Maine-et-Loire,49941,Angers cedex 9,,"['Assistance technique', ""Assistance à maîtrise d'ouvrage"", 'Assistance juridique']","[19, 433, 434]",non,non
20-111409,2020-09-12,2020-10-16,['50'],Accord-cadre à bons de commande mono-attributaire pour la fourniture de denrées alimentaires pour le CCAS (FJT Pôle Restauration) de Coutances pour 2021,joue,directive24,appeloffre,initial,CCAS COUTANCES,50200,COUTANCES,,"['Denrées alimentaires', 'Surgelés']","[88, 330]",non,oui
20-112074,2020-09-12,2020-10-23,['50'],Création de deux logements locatifs dans l'ancienne Mairie,fns,cmp2006,appeloffre,initial,COMMUNE DE SOTTEVILLE,50340,Sotteville,,"['Bâtiment', 'Chauffage (travaux)', 'Electricité (travaux)', 'Gros oeuvre', 'Isolation']","[33, 61, 105, 144, 169]",non,non
20-111115,2020-09-12,2020-10-14,['50'],"Concours Restreint De Maitrise D'Oeuvre Pour La Construction D'Un Pole Petite Enfance, Famille Et Animation De La Vie Communale Sur La Commune De La Hague",joue,directive24,appeloffre,initial,Commune de la hague,50442,La Hague,,"[""Maîtrise d'oeuvre""]",[197],non,non
20-108154,2020-09-12,2020-10-19,['51'],2020-45ca - fourniture de sacs pour les collectes sélectives,joue,directive24,appeloffre,initial,CA EPERNAY COTEAUX ET PLAINE CHAMPAGNE,51331,Epernay Cedex,,['Sacs'],[318],non,non
20-110116,2020-09-12,2020-10-10,['51'],Extension et restructuration du conservatoire à rayonnement régional - Etudes et programmation,joue,directive24,attribution,initial,Ville de Reims,51722,Reims cedex,,"[""Assistance à maîtrise d'ouvrage""]",[433],non,non
20-111424,2020-09-12,2020-10-16,['53'],Accompagnement des participants PLIE,joue,directive24,appeloffre,initial,Laval Agglomération,53008,Laval cedex,,['Prestations de services'],[274],oui,non
20-110994,2020-09-12,2020-12-05,['55'],Accord cadre pour le faucardage du canal de la Marne au Rhin Ouest,joue,autre,rectificatif,rectificatif,Voies navigables de France,54036,Nancy,,['Prestations de services'],[274],non,oui
20-111280,2020-09-12,2020-10-12,['54'],Soutien au CONTACT TRACING de niveau 3 dans le cadre du COVID 19,joue,directive24,appeloffre,initial,AGENCE REGIONALE DE SANTE GRAND EST,54036,Nancy cedex,,['Prestations de services'],[274],non,non
20-111337,2020-09-12,2020-09-30,['55'],"Exploitation commerciale des services multimédias, cafétérias, boutiques et distributeurs automatiques de l'ensemble des établissements du GHT Coeur Grand Est",joue,directive23,attribution,initial,CH Verdun Saint-Mihiel,55107,VERDUN Cedex,"[('2020-06-29', 'ENTRE PARENTHESES', (5000000, 'EUR'), 'Exploitation des services multimédias, cafétérias, boutiques'), ('2020-04-10', 'DALTYS NORD', (2000000, 'EUR'), 'Exploitation des distributeurs automatiques')]",['Délégation de service public'],[406],non,non
20-111431,2020-09-12,2020-10-15,['56'],Prestations de services d'assurances,joue,directive24,appeloffre,initial,Morbihan Energies,56010,VANNES CEDEX,,['Assurance'],[20],non,non
20-111030,2020-09-12,2020-09-29,['56'],fourniture et livraison de mobiliers de bureaux pour le compte de la ville de vannes et du ccas (rectificatif),joue,autre,rectificatif,rectificatif,Ville de Vannes,56019,VANNES,,"['Matériel de bureau', 'Mobilier']","[207, 230]",non,non
20-111379,2020-09-12,2020-10-15,['56'],Nettoyage des locaux de l'Université de Bretagne Sud,joue,directive24,appeloffre,initial,UBS,56321,Lorient,,['Nettoyage de locaux'],[239],non,non
20-110980,2020-09-12,2020-12-08,['56'],Réalisation des diagnostics techniques immobiliers du patrimoine de Lorient Habitat,joue,directive24,attribution,initial,OFFICE PUB HABITAT COM AGGL PAYS LORIE,56325,Lorient,"[('2020-07-27', 'Elibat Exim', (105695, 'EUR'), 'Secteurs Ouest et Nord'), ('2020-07-27', 'Ac Environnement', (205867.5, 'EUR'), 'Secteurs Centre, Sud et Hennebont')]",['Amiante (diagnostic)'],[431],non,non
20-111029,2020-09-12,2020-10-12,['56'],Prestations de services d'assurances,joue,directive24,appeloffre,initial,commune de Riantec,56670,RIANTEC,,"['Assurance', 'Prestations de services']","[20, 274]",non,non
20-111189,2020-09-12,2020-10-12,"['57', '51', '67']",affaire 20s0507 prestations d'assurances pour la région grand est - responsabilité civile générale,joue,directive24,appeloffre,initial,REGION GRAND EST,57036,METZ Cedex 1,,['Assurance'],[20],non,non
20-106497,2020-09-12,2020-11-15,['57'],nettoyage et entretien des locaux ainsi que de plonge au profit des formations rattachées au gsbdd de besançon,joue,directive24,modification,modification,Plate Forme Achats Finances Nord Est,57044,METZ,"[('2019-01-31', 'SAS DERICHEBOURG Propreté', (105642.35, 'EUR'), 'Nettoyage et entretien des locaux ainsi que la plonge au profit des formations rattachées au GSBdD de Besançon, Quartiers Vaillant, Guynemer et BARAA.')]","['Nettoyage de locaux', 'Prestations de services']","[239, 274]",non,non
20-106625,2020-09-12,2020-11-15,['57'],nettoyage et entretien des locaux ainsi que de plonge au profit des formations rattachées au gsbdd de besançon,joue,directive24,modification,modification,Plate Forme Achats Finances Nord Est,57044,METZ,"[('2019-01-31', ""SAS L'ECLAT DU MORVAN"", (152483, 'EUR'), ""Nettoyage et entretien des locaux ainsi que de plonge au profit du GSBdD de Besançon: lycée et collège militaire d'AUTUN (LMA)"")]","['Nettoyage de locaux', 'Prestations de services']","[239, 274]",non,non
20-111465,2020-09-12,2020-10-13,['57'],Fourniture et acheminement d'électricité et services associés pour les points de livraison ayant une puissance souscrite inférieure ou égale à 36kva/ Segment C5,joue,directive24,appeloffre,initial,CC de Cattenom et Environs,57570,Cattenom,,"['Electricité, gaz (fourniture)']",[443],non,non
20-111024,2020-09-12,2020-12-08,['57'],Fourniture de sacs en plastique pour la collecte des déchets,joue,directive24,attribution,initial,COMMUNAUTE AGGLO PORTES DE FRANCE,57972,Yutz,"[('2020-09-09', 'socoplast', (500000, 'EUR'), None)]","['Collecte sélective', 'Ordures ménagères (prestations)', 'Sacs']","[82, 249, 318]",non,oui
20-111088,2020-09-12,2020-11-10,['59'],"Marché de maintenance et de rénovation du parc des ascenseurs, plateformes élévatrices, rideaux de fer, pendrillons et monte-charges",joue,directive24,attribution,initial,Ville de Lille,59033,Lille cedex,"[('2020-08-31', 'Schindler', (950000, 'EUR'), 'Marché de maintenance et de rénovation du parc des ascenseurs, plateformes élévatrices, rideaux de fer, pendrillons et monte-charges')]","['Ascenseur', 'Prestations de services']","[17, 274]",non,non
20-111164,2020-09-12,2020-12-09,['59'],Contrôles techniques réglementaires des établissements du GHT LMFI,joue,autre,rectificatif,rectificatif,CHU DE LILLE,59037,Lille cedex,,['Prestations de services'],[274],non,non
20-109223,2020-09-12,2020-10-09,['59'],aoo 2019-3373 à 3493 fourniture de dispositifs de stérilisation,joue,directive24,attribution,initial,Centre hospitalier de Valenciennes,59322,Valenciennes,"[('2020-04-01', '3M FRANCE', (1652580, 'EUR'), 'Fourniture de dispositifs de stérilisation'), ('2020-04-01', 'AMCOR FLEXIBLES SPS', (1652580, 'EUR'), 'Fourniture de dispositifs de stérilisation'), ('2020-04-01', 'ANIOS', (1652580, 'EUR'), 'Fourniture de dispositifs de stérilisation'), ('2020-04-01', ""CAP'DHM"", (1652580, 'EUR'), 'Fourniture de dispositifs de stérilisation'), ('2020-04-01', 'CRISTAL DISTRIBUTION', (1652580, 'EUR'), '119'), ('2020-04-01', 'DR WEIGERT FRANCE SAS', (1652580, 'EUR'), 'Fourniture de dispositifs de stérilisation'), ('2020-04-01', 'HARTMANN PAUL', (1652580, 'EUR'), 'Fourniture de dispositifs de stérilisation'), ('2020-04-01', 'IDEM', (1652580, 'EUR'), 'Fourniture de dispositifs de stérilisation'), ('2020-04-01', 'JOHNSON JOHNSON MEDICAL SAS', (1652580, 'EUR'), 'Fourniture de dispositifs de stérilisation'), ('2020-04-01', 'LABELIANS ', (1652580, 'EUR'), 'fourniture de dispositifs de stérilisation'), ('2020-04-01', 'LANDANGER', (1652580, 'EUR'), 'fourniture de dispositifs de stérilisation'), ('2020-04-01', 'LTA MEDICAL', (1652580, 'EUR'), 'fourniture de dispositifs de stérilisation '), ('2020-04-01', 'SAS SICAH', (1652580, 'EUR'), None), ('2020-04-01', 'STERILMED FRANCE', (1652580, 'EUR'), ' 91 92 95 97 104 105 106 107 108 111 112 113 fourniture de dispositifs de stérilisation'), ('2020-04-01', 'STERLAB', (1652580, 'EUR'), 'fourniture de dispositifs de stérilisation'), ('2020-04-01', 'VEREINIGTE PAPIERWARENFABRIKEN GMBH', (1652580, 'EUR'), 'Fourniture de dispositifs de stérilisation')]","['Consommables médicaux', 'Produits pharmaceutiques']","[69, 280]",non,non
20-111090,2020-09-12,2020-10-10,['59'],aoo 2019-2172 à 2174 - fourniture et mise en service d'électrocardiographes pour les différentes unités de soins du chv,joue,directive24,attribution,initial,Centre hospitalier de Valenciennes,59322,Valenciennes,,['Matériel médical'],[212],non,non
20-111006,2020-09-12,2020-10-12,"['59', '62']",Accord cadre à bons de commande pour l'émission et la livraison de titres de restaurant,joue,directive24,appeloffre,initial,Maisons et Cités Soginorpa,59500,Douai,,['Titres restaurant'],[416],non,non
20-111399,2020-09-12,2020-10-12,['59'],"Implantation, exploitation et entretien d'une signalétique commerciale et publique de proximité sur le domaine public de Villeneuve d'Ascq",joue,directive24,appeloffre,initial,Ville de Villeneuve d'Ascq,59652,Villeneuve D'Ascq,,"['Panneaux', 'Signalisation', 'Objet publicitaire']","[261, 322, 464]",non,non
20-111345,2020-09-12,2020-12-08,['60'],Refonte des Systèmes d'Information de Gestion Financière (Sigf) et de Ressources Humaines (Sirh),joue,directive24,attribution,initial,GPTAGGLO/VILLE/CCAS/OT,60005,Beauvais,"[('2020-04-22', 'Gfi Progiciels', (250000, 'EUR'), ""Système d'Information de Gestion Financière (Sigf)""), ('2020-04-22', 'Berger-Levrault', (250000, 'EUR'), ""Système d'Information des Ressources Humaines (Sirh)"")]",['Logiciel'],[186],non,non
20-111182,2020-09-12,2020-11-10,['60'],mission de suivi-animation d'une opération programmée d'amélioration de l'habitat - renouvellement urbain (opah - ru) sur le coeur de ville de creil (60100) (rectificatif),joue,autre,rectificatif,rectificatif,Ville de Creil,60109,Creil cedex,,"['Etude', 'Prestations de services']","[118, 274]",non,non
20-111058,2020-09-12,2020-10-09,['60'],Gestion de l'aire d'accueil des gens du voyage située sur la commune de Jaux,joue,directive24,attribution,initial,Agglomération Région de Compiègne,60321,Compiègne cedex,"[('2020-09-09', 'DM SERVICES', (1305412, 'EUR'), 'Gestion de l\x92aire d\x92accueil des gens du voyage située sur la commune de Jaux')]","[""Aire d'accueil""]",[430],oui,non
20-109758,2020-09-12,2020-11-10,['62'],aoo cbgt 19s0751 collège georges sand à bethune - restructuration globale du collège avec extension de l'externat,joue,directive24,attribution,initial,Conseil départemental du Pas-de-Calais,62018,Arras,,"['Carrelage', 'Charpente', 'Chauffage (travaux)', 'Couverture', 'Cuisine (équipement)', 'Electricité (travaux)', 'Gros oeuvre', 'Menuiserie', 'Peinture (travaux)', 'Plâtrerie', 'Ravalement', 'Voirie et réseaux divers']","[53, 57, 61, 74, 77, 105, 144, 222, 264, 269, 299, 366]",oui,oui
20-110817,2020-09-12,2020-10-12,['62'],AOO LCAD 20S0423 - centrale d'achat départementale - missions de services topographiques et prestations foncières - 6 lots - relance d'une procédure déclarée sans suite.,joue,directive24,appeloffre,initial,Conseil départemental du Pas-de-Calais,62018,Arras,,"['Prestations de services', 'Topographie']","[274, 344]",non,non
20-111243,2020-09-12,2020-10-12,['62'],Marché de maîtrise d'oeuvre pour la construction du pôle médicalisé - Foyer d'Accueil Médicalisé - Maison d'Accueil Spécialisé à Coquelles (62231).,joue,directive24,appeloffre,initial,Afapei du Calaisis,62100,Calais,,['Prestations de services'],[274],non,non
20-111373,2020-09-12,2020-11-10,['62'],Transport et traitement des déchets urbains suite à procédure d'appel d'offres déclarée sans suite pour cause d'infructuosité.,joue,directive24,attribution,initial,Ville de lens,62300,Lens,"[('2020-09-09', 'Ramery environnement', (600000, 'EUR'), ""Transport et traitement des déchets urbains de la ville de Lens suite à appel d'offres déclaré sans suite pour cause d'infructuosité"")]",['Déchets non ménagers (prestations)'],[404],non,non
20-110991,2020-09-12,2020-11-06,"['63', '3', '15', '43', '42', '69']",Définition et cartographie de l'aléa inondation de la Limagne des Marais,joue,directive24,appeloffre,initial,Direction départementale des territoir,63000,Clermont-ferrand,,"['Etude', 'Prestations de services']","[118, 274]",non,non
20-111067,2020-09-12,2020-10-09,['63'],Chaudronnerie aéronautique pour l 'Atelier industriel de l'aéronautique de Clermont-ferrand,joue,directive81,attribution,initial,MINDEF/AIR/SIAé,63028,CLERMONT-FERRAND CEDEX 2,"[('2020-08-27', 'ISSOIRE AVIATION', (5800000, 'EUR'), None)]","['Aéronautique', 'Chaudronnerie']","[4, 58]",non,non
20-111132,2020-09-12,2020-12-08,['63'],"Fourniture, Livraison Et Installation De Compacteurs A Dechets",joue,directive24,attribution,initial,SYND MIXTE COLLECTE TRAITEMENT RESIDUS,63200,Riom,"[('2020-09-09', 'Gillard Sas', (230049, 'EUR'), None)]",['Déchetterie (exploitation)'],[405],non,non
20-86915,2020-09-12,2020-11-08,['64'],LAVEUSE DE VOIRIE A EAU FROIDE NEUVE,joue,directive24,attribution,initial,commune de Bayonne,64100,Bayonne,"[('2020-05-11', 'Parot VI', (136000.0, 'EUR'), None)]",['Véhicules (acquisition)'],[475],non,oui
20-111141,2020-09-12,2020-11-30,['64'],Maintenance et contrôles de dispositifs médicaux - 33 lots,joue,directive24,appeloffre,initial,Centre hospitalier de la côte basque,64109,Bayonne cedex,,"['Abris', 'Maintenance']","[1, 196]",non,non
20-111334,2020-09-12,2020-10-13,['65'],Evaluation des revenus d'activités des travailleurs non-salariés,joue,directive24,appeloffre,initial,DEPARTEMENT HAUTES-PYRENEES,65013,Tarbes,,['Prestations de services'],[274],non,non
20-111026,2020-09-12,2020-10-20,['66'],Exploitation des installations collectives de chauffage et /ou production d'eau chaude sanitaire,joue,directive24,appeloffre,initial,OPH des Pyrénées-Orientales,66004,Perpignan,,"['Chauffage (exploitation, entretien)']",[59],non,non
20-111418,2020-09-12,2020-10-15,['66'],APPEL D'OFFRES OUVERT N°09 PH 20 - FOURNITURE DE MEDICAMENTS RADIOPHARMACEUTIQUES MARQUES AU FLUOR 18 Utilisés en Tomographie par Emission de Positons La consultation se compose de 3 lots.,joue,directive24,appeloffre,initial,Centre hospitalier de Perpignan,66046,Perpignan cedex 09,,['Produits pharmaceutiques'],[280],non,non
20-110983,2020-09-12,2020-12-08,['66'],"Acquisition d'heures d'accueil enfants extrascolaires, d'heures d'animation périscolaires et de journées d'ouverture en accueils de loisirs - Années scolaires 2020/2021 à 2023",joue,directive24,attribution,initial,COMMUNE DE PERPIGNAN,66931,Perpignan Cedex,"[('2020-08-28', 'Leo Lagrange Mediterranee', (866852.66, 'EUR'), 'Lot 2 : Ouest'), ('2020-08-28', 'Pep 66 Del', (1245185.14, 'EUR'), 'Lot 4 : Sud')]",['Prestations de services'],[274],non,non
20-111043,2020-09-12,2021-12-15,"['67', '68', '88', '54', '55', '51', '52', '57', '10']",Prestations de services d'insertion professionnelle de type 'Atelier Conseil' pour les demandeurs d'emploi de la région Grand Est,joue,directive24,appeloffre,initial,Pôle emploi - Direction régionale,67001,Strasbourg cedex,,['Formation'],[410],oui,non
20-110942,2020-09-12,2020-10-14,['67'],Fourniture et montage de pneumatique pour engins de manutention de conteneurs,joue,directive24,appeloffre,initial,Port Autonome de Strasbourg,67002,STRASBOURG CEDEX,,['Pneumatiques'],[271],non,non
20-111284,2020-09-12,2020-10-12,['67'],Actions de formation Travail en Hauteur pour les agents du Département du Bas-Rhin - Bas-Rhin,joue,directive24,appeloffre,initial,DEPARTEMENT DU BAS RHIN,67964,Strasbourg,,['Formation'],[410],non,non
20-111126,2020-09-12,2020-12-08,['68'],Appel à candidatures - Fourniture de dispositifs médicaux pour l'ophtalmologie 2020/2021,joue,directive24,attribution,initial,Hopitaux Civils de Colmar,68024,Colmar,"[('2020-06-05', 'Dorc France', (27300, 'EUR'), 'Colorant au bleu de Coomassie pour membrane limitante interne'), ('2020-06-05', 'Dorc France', (260, 'EUR'), 'Consommable pour canule Backflush restérilisable 20g'), ('2020-06-05', 'St Fci S.A.S', (1250, 'EUR'), ""Fibre d'endo-illumination 23g pour vitréotome Constellation (société Alcon)"")]",['Consommables médicaux'],[69],non,non
20-111344,2020-09-12,2020-12-08,['68'],Appel A Candidatures : Fourniture de dispositifs médicaux pour la neurochirurgie et la chirurgie du rachis,joue,directive24,attribution,initial,Hopitaux Civils de Colmar,68024,Colmar,"[('2020-03-23', 'Medtronic France', (2650, 'EUR'), 'Plaque cervicale voie antérieure pour traumatologie'), ('2020-03-23', 'abbott medical france', (116400, 'EUR'), 'Système de stimulation pour traitement des douleurs périneales ou chirurgie de reprise')]",['Consommables médicaux'],[69],non,non
20-111230,2020-09-12,2020-10-18,['68'],Souscription des contrats d'assurance,joue,directive24,appeloffre,initial,Commune de BUHL,68530,BUHL,,['Assurance'],[20],non,non
20-111014,2020-09-12,2020-09-30,['69'],Emploi de personnel qualifié SSIAP 1 au profit du Centre de Rétention Administrative de Lyon Saint Exupéry,joue,directive24,attribution,initial,SGAMI de Lyon,69003,Lyon,"[('2020-09-07', 'SECURITIM', (166020.88, 'EUR'), 'Emploi de personnel qualifié SSIAP au profit du centre de rétention de Lyon saint exupery')]","['Prestations de services', 'Sécurité incendie']","[274, 332]",non,non
20-111457,2020-09-12,2020-10-12,['69'],Nettoyage de bâtiments communaux,joue,directive24,appeloffre,initial,COMMUNE DE RILLIEUX LA PAPE,69140,Rillieux-La-Pape,,['Nettoyage de locaux'],[239],non,non
20-111351,2020-09-12,2020-12-08,['69'],Prestations De Restauration En Liaison Froide Et Prestations Connexes Pour La Ville De Vaulx-En-Velin,joue,directive24,attribution,initial,COMMUNE DE VAULX EN VELIN,69518,Vaulx en Velin cedex,"[('2020-08-05', 'Shcb', (2372000, 'EUR'), 'Fourniture de repas en liaison froide pour les scolaires et les Alsh'), ('2020-08-05', 'Shcb', (333000, 'EUR'), 'Fourniture de repas en liaison froide pour la petite enfance'), ('2020-08-20', 'Elres', (266160, 'EUR'), 'Fourniture de repas en liaison froide pour les séniors')]",['Restauration collective'],[66],non,non
20-111467,2020-09-12,2020-10-12,['69'],Fourniture De Denrées Alimentaires Biologiques Visant A Réduire L'Impact Environnemental De L'Activité De Restauration Collective Municipale,joue,directive24,appeloffre,initial,Ville de Villeurbanne,69601,Villeurbanne,,"['Denrées alimentaires', ""Produits de l'agriculture""]","[88, 276]",non,oui
20-111447,2020-09-12,2020-10-16,['71'],Réseau d'initiative publique - RIP71 Construction d'un réseau de télécommunication FttH à fibre optique - Maitrise d'oeuvre,joue,directive24,appeloffre,initial,Conseil Général de Saône-et-Loire,71026,Mâcon cedex 9,,['Télécommunications'],[338],non,non
20-111325,2020-09-12,2020-10-12,['72'],Acquisition de matériel technique pour les services de Le Mans Métropole - Année 2020,joue,directive24,appeloffre,initial,Le Mans Métropole - Communauté Urbaine,72039,Le Mans,,"['Matériel agricole, horticole', 'Matériel électrique', 'Matériel de travaux publics']","[200, 203, 220]",non,non
20-111398,2020-09-12,2020-10-13,['72'],Entretien ménager des bureaux de l'Huisne rue de l'Esterel au Mans,joue,directive24,appeloffre,initial,Le Mans Métropole - Communauté Urbaine,72039,Le Mans,,['Nettoyage de locaux'],[239],oui,non
20-111253,2020-09-12,2020-10-14,['73'],Prestations topographiques et recherche des réseaux enterrés dans le patrimoine routier et immobilier départemental,joue,directive24,appeloffre,initial,DEPARTEMENT DE LA SAVOIE,73018,Chambery,,['Topographie'],[344],non,non
20-111116,2020-09-12,2020-10-16,['73'],Marché de service relatif à la prestation d'assurance 'Dommages aux biens et risques annexes' pour les besoins de la Ville d'Albertville,joue,directive24,appeloffre,initial,Ville d'Albertville,73207,Albertville,,['Assurance'],[20],non,non
20-111440,2020-09-12,2020-10-12,['74'],"Gardiennage de Bonlieu : Gestion des alarmes, vols et incendies",joue,directive24,appeloffre,initial,Ville d'Annecy,74011,Annecy,,"['Gardiennage', 'Surveillance']","[138, 331]",non,non
20-111405,2020-09-12,2020-10-13,['74'],Transport Collectif De Personnes,joue,directive24,appeloffre,initial,Ville d'Annemasse,74107,Annemasse,,['Transport'],[347],non,non
20-110724,2020-09-12,2020-10-15,['74'],collecte des index de consommation d'électricité et de gaz naturel (relève de compteurs) sur le territoire de deux entreprises locales de distribution,joue,directive25,appeloffre,initial,Régie d'électricité de Thônes,74230,Thônes,,['Prestations de services'],[274],non,non
20-111339,2020-09-12,2020-10-19,['74'],Nettoyage des bâtiments de la Communauté de Communes du Pays de Cruseilles,joue,directive24,appeloffre,initial,COMMUNAUTE DE COMMUNES PAYS CRUSEILLES,74350,Cruseilles,,['Nettoyage de locaux'],[239],non,non
20-111110,2020-09-12,2020-10-12,['74'],"entretien du linge plat, professionnel, linge des résidents et lainage",joue,directive24,appeloffre,initial,EHPAD DU HAUT CHABLAIS,74430,SAINT JEAN D AULPS,,['Textile'],[343],non,non
20-111434,2020-09-12,2021-05-01,['75'],2020-MNPP-0910-DSP,joue,directive23,appeloffre,initial,MUSEE NATIONAL PICASSO PARIS,75003,PARIS,,['Livres'],[184],oui,oui
20-111108,2020-09-12,2020-10-10,"['75', '92', '93', '94', '91', '95', '78', '77']","Nettoyage, propreté et hygiène",joue,directive24,attribution,initial,ENSAD,75005,Paris,,['Nettoyage de locaux'],[239],non,non
20-111313,2020-09-12,2020-11-09,['75'],Services de réparation et d'entretien de matériel médical et de matériel de précision,joue,directive24,attribution,initial,ASSISTANCE PUBLIQUE HOPITAUX DE PARIS,75005,Paris,"[('2020-08-26', 'SECA', (540000, 'EUR'), 'Lot 1 : contrôle métrologique des IPFNA de classe de précision I et II (balances de précision) Lot 2 : contrôle métrologique pour les IPFNA de classe de précision III et IV'), ('2020-08-27', 'DEXTRAN METROLOGIE', (488000, 'EUR'), 'Lot 3 : caractérisation sous accréditation COFRAC, sur site, des enceintes climatiques et thermostatiques Lot 6 : étalonnage standard et sous accréditation COFRAC, sur site, des sondes de température.'), ('2020-08-26', 'APODIS TECHNOLOGIES', (396000, 'EUR'), 'Lot 4 : Prestations de caractérisation sous accréditation COFRAC, sur site, des thermocycleurs'), ('2020-09-08', 'ODIL-OMNIUM DIFFUS MATER PROD', (17280, 'EUR'), 'Lot 5 : Prestations de caractérisation sous accréditation COFRAC, sur site, des centrifugeuses en vitesse et temps'), ('2020-08-27', 'SARTORIUS FRANCE', (4800000, 'EUR'), 'Lot 7 : étalonnage sous accréditation COFRAC, maintenance / réparation des micropipettes sur site Lot 8 : étalonnage sous accréditation COFRAC, maintenance / réparation des micropipettes en atelier')]",['Prestations de services'],[274],non,non
20-111394,2020-09-12,2020-10-31,['75'],Mise en place et exploitation d'un centre de contacts interministériel de crise,joue,directive24,attribution,initial,Service d'Information du Gouvernement,75007,Paris cedex 07,"[('2020-08-28', 'TELEPERFORMANCE FRANCE', (400000, 'EUR'), ""Mise en place et l'exploitation d'un centre de contacts interministériel de crise"")]",['Prestations de services'],[274],non,non
20-111002,2020-09-12,2020-11-09,['75'],"Développement, TMA, hébergement et infogérance de la plateforme de collecte et de traitement de données d'imagerie.",joue,autre,rectificatif,rectificatif,A.P.C.A,75008,Paris,,['Abris'],[1],non,non
20-111124,2020-09-12,2020-09-23,['75'],Prestations de remplacement de deux blocs portes coupe-feu et pose de trois rideaux métalliques coupe-feu,joue,autre,rectificatif,rectificatif,EPPDCSI,75008,Paris,,['Serrurerie'],[321],non,non
20-111355,2020-09-12,2020-09-21,"['75', '91', '92', '93', '94', '95']",acquisition de materiel roulant bus 100% electriques avec systemes de charges associes (rectificatif),joue,autre,rectificatif,rectificatif,Ile de France Mobilités,75009,paris,,['Transport'],[347],non,non
20-111007,2020-09-12,2020-10-09,['75'],Site 103 : Résidence Le Bosquet - Marché de travaux - Projet Extension,joue,directive24,appeloffre,initial,SCI GEMS RC,75010,Paris,,"['Ascenseur', 'Bardage', 'Bâtiment', 'Carrelage', 'Cuisine (équipement)', 'Démolition', 'Electricité (travaux)', 'Espaces verts', 'Etanchéité', 'Gros oeuvre', 'Menuiserie', 'Peinture (travaux)', 'Plâtrerie', 'Plomberie (travaux)', 'Revêtements de sols', 'Sanitaire', 'Serrurerie', 'Voirie et réseaux divers']","[17, 30, 33, 53, 77, 87, 105, 116, 117, 144, 222, 264, 269, 270, 308, 319, 321, 366]",non,oui
20-111068,2020-09-12,2020-10-20,['75'],Prestation culinaires pour divers établissements du Centre d'Action Sociale de la Ville de Paris,joue,directive24,appeloffre,initial,CAS-VP,75012,Paris,,"['Abris', 'Restauration collective']","[1, 66]",non,non
20-111291,2020-09-12,2020-09-29,['75'],"Fourniture de véhicules utilitaires de type châssis-cabine ou fourgon en motorisation électrique, de leurs aménagements, pièces détachées et accessoires",joue,autre,rectificatif,rectificatif,Ville de Paris,75013,Paris,,['Véhicules (acquisition)'],[475],non,non
20-111413,2020-09-12,2020-09-25,['75'],"palais de chaillot-restauration parvis bas, côté passy (rectificatif)",joue,autre,rectificatif,rectificatif,OPPIC,75013,Paris,,"['Bâtiment', 'Echafaudage', 'Etanchéité', 'Maçonnerie', 'Serrurerie', 'Amiante (désamiantage)']","[33, 101, 117, 195, 321, 479]",non,non
20-111412,2020-09-12,2020-12-08,['75'],"Marché de matériels et logiciels de contrôle qualité, prestations de services de contrôles de qualité en radiothérapie, prestations de suivi de la radioprotection des travailleurs",joue,directive24,attribution,initial,UNICANCER ACHATS,75013,PARIS,,"['Audit', 'Logiciel', 'Matériel électronique médical', 'Matériel médical']","[21, 186, 205, 212]",non,non
20-111238,2020-09-12,2020-10-26,"['75', '93']","Missions d'expertise technique dans le domaine de l'exploitation, la sécurité et l'accessibilité des voiries et des espaces publics",joue,directive24,appeloffre,initial,PORT AUTONOME DE PARIS,75015,Paris,,['Assistance technique'],[19],non,non
20-111079,2020-09-12,2020-10-12,['75'],MARCHE DE TRANSPORTS DE BENEFICIAIRES DE SEJOURS DE VACANCES 2021,joue,directive24,appeloffre,initial,ANGDM,75019,Paris,,['Transport'],[347],non,non
20-111169,2020-09-12,2020-10-13,['75'],Accord-cadre prestations d'analyses de prélèvements biologiques effectués sur les individus en vue de l'enregistrement de leur profil génétique dans le FNAEG,joue,directive24,appeloffre,initial,ministere de la justice,75042,Paris,,"['Analyses médicales, biologiques']",[8],non,oui
20-111057,2020-09-12,2020-10-08,"['75', '94']",Maitrise d'oeuvre d'exécution relatif aux travaux de réhabilitation partielle de l'IGH du tribunal judiciaire de Créteil,joue,directive24,attribution,initial,MINISTERE DE LA JUSTICE,75181,Paris cedex,,"['Prestations de services', 'Ingénierie']","[274, 455]",non,non
20-111370,2020-09-12,2020-10-10,['75'],"2010012 - Prestations de montage, de mise sous cadre de photographies pour le MNAM-CCI du Centre Pompidou",joue,directive24,attribution,initial,Centre Pompidou,75191,Paris,"[('2020-09-08', 'CAE CLARA', (100000, 'EUR'), 'Prestations de montage, de mise sous cadre de photographies pour le MNAM-CCI du Centre Pompidou')]",['Prestations de services'],[274],non,non
20-110986,2020-09-12,2020-11-30,['75'],Fourniture de titres-restaurant dématérialisés.,joue,directive24,attribution,initial,SENAT,75291,Paris cedex 06,"[('2020-08-19', 'SWILE', (2490000, 'EUR'), 'Fourniture de titres-restaurant dématérialisés.')]","['Prestations de services', 'Titres restaurant']","[274, 416]",non,non
20-111087,2020-09-12,2020-11-10,['75'],PRESTATIONS D'HEBERGEMENT POUR LE COMPTE DE LA DELEGATION DE FRANCHE COMTE DU CNFPT A BESANCON,joue,directive24,attribution,initial,CNFPT,75578,Paris cedex 12,"[('2020-06-24', 'HOTEL RESTAURANT TEMIS VESIONTIO', (9999999, 'EUR'), 'Lot unique : 1er attributaire'), ('2020-06-24', 'Société hôtel économique Besançon Ibis Style', (9999999, 'EUR'), 'Lot unique : 2e attributaire'), ('2020-06-24', 'SNC hôtel Besançon centre', (9999999, 'EUR'), 'Lot unique : 3e attributaire'), ('2020-06-24', 'SNC hôtel gril Besançon Chateaufairine - Campanile', (9999999, 'EUR'), 'Lot unique : 4e attributaire')]",['Prestation hotelière'],[466],non,oui
20-111323,2020-09-12,2020-10-15,['75'],Collecte et traitement des déchets dangereux et des déchets d'activités de soins dans les lycées et collèges de l'Académie de Paris,joue,directive24,appeloffre,initial,groupement de commandes des établisst.,75724,PARIS,,['Déchets non ménagers (prestations)'],[404],non,non
20-111320,2020-09-12,2020-12-15,['75'],Renouvellement du stock de sécurité de masques sanitaires jetables au profit du Ministère de l'Intérieur,joue,directive24,appeloffre,initial,SAELSI,75800,Paris cedex8,,['Articles à usage unique'],[15],non,non
20-110956,2020-09-12,2020-11-30,['75'],Prestations d'un plan d'action pour diverses formations dans le cadre d'une démarche de prévention des troubles musculo-squelettique à la CPAM de Paris.,joue,directive24,appeloffre,initial,CAISSE PRIMAIRE ASSUR MALADIE PARIS,75948,Paris,,"['Prestations de services', 'Formation']","[274, 410]",non,oui
20-111042,2020-09-12,2021-01-31,['75'],Couverture écrite des réunions sociales au sein de la Direction des ressources humaines et des relations sociales (DRHRS) et du Siège de Pôle Emploi,joue,directive24,appeloffre,initial,POLE EMPLOI,75987,Paris cedex 20,,['Prestations de services'],[274],oui,non
20-110969,2020-09-12,2020-10-14,['76'],ACQUISITION D'UN NOUVEAU POSTE CENTRAL DE REGULATION DES TRAFICS ET D'UN HYPERVISEUR,joue,directive25,appeloffre,initial,GPMH au Havre,76067,Le havre cedex,,['Logiciel'],[186],non,non
20-111226,2020-09-12,2020-10-05,['76'],FOURNITURE D'UNIFORMES,joue,autre,rectificatif,rectificatif,GPMH au Havre,76067,Le havre cedex,,['Textile'],[343],non,non
20-111023,2020-09-12,2020-09-28,['76'],Entretien éclairage public et signalisation lumineuse tricolore,joue,autre,rectificatif,rectificatif,Département de Seine Maritime,76101,Rouen Cedex,,['Signalisation'],[322],non,non
20-110901,2020-09-12,2020-10-12,['77'],fourniture et livraison de repas en liaison froide aux restaurants scolaires de la commune de villenoy,joue,directive24,appeloffre,initial,Ville de Villenoy,77124,VILLENOY,,['Restauration collective'],[66],non,non
20-111395,2020-09-12,2020-10-16,['77'],"Délégation de service public sous forme de concession de services concernant le financement, la conception, la construction, l'entretien-maintenance et l'exploitation d'un crématorium.",joue,directive23,appeloffre,initial,Com Com Pays de Montereau,77130,Montereau fault yonne,,['Délégation de service public'],[406],non,non
20-111269,2020-09-12,2020-09-21,['77'],services d'assurances pour la commune de combs-la-ville et pour son ccas (rectificatif),joue,autre,rectificatif,rectificatif,Mairie de Combs-la-Ville,77385,Combs-la-Ville cédex,,['Assurance'],[20],non,non
20-111420,2020-09-12,2020-10-10,['77'],"Prestations de Maintenance (CVC) Chauffage, Ventilation et Climatisation du site CSTB de Champs sur Marne",joue,directive24,attribution,initial,C.S.T.B.,77421,Marne-la-Vallée Cedex 2,"[('2020-07-27', 'MTO', (214000, 'EUR'), 'Maintenance préventive et curative des équipements de Chauffage, de Ventilation et Climatisation des bâtiments du CSTB de MLV')]","['Chauffage (exploitation, entretien)', 'Chauffage (matériel)', 'Climatisation', 'Maintenance', 'Ventilation']","[59, 60, 62, 196, 360]",non,non
20-111123,2020-09-12,2020-09-30,['78'],Maîtrise d'oeuvre pour la construction d'un office de tourisme Place Lyautey à Versailles,joue,autre,rectificatif,rectificatif,Ville de Versailles,78011,Versailles,,"[""Maîtrise d'oeuvre""]",[197],non,non
20-111459,2020-09-12,2020-11-10,"['78', '92', '91', '93']",Mission de maîtrise d'oeuvre pour la réhabilitation de la maison natale Claude Debussy (aménagements intérieurs et muséographie),joue,directive24,attribution,initial,COMMUNE DE SAINT GERMAIN EN LAYE,78100,Saint-germain-en-laye,,"[""Maîtrise d'oeuvre""]",[197],non,non
20-111445,2020-09-12,2020-10-13,['78'],Marché de nettoyage des bâtiments communaux,joue,autre,rectificatif,rectificatif,Mairie de La Verrière,78320,La Verrière,,['Nettoyage de locaux'],[239],non,non
20-111256,2020-09-12,2020-10-16,['79'],Fourniture de dispositifs médicaux aux établissements du Groupement Hospitalier de Territoire des Deux-Sèvres,joue,directive24,appeloffre,initial,CENTRE HOSPITALIER DE NIORT,79021,Niort,,['Consommables médicaux'],[69],non,non
20-111149,2020-09-12,2020-10-20,['79'],Prestations de service d'assurance pour le groupement hospitalier de territoire des Deux-Sèvres,joue,directive24,appeloffre,initial,CENTRE HOSPITALIER DE NIORT,79021,Niort,,['Assurance'],[20],non,non
20-111252,2020-09-12,2020-10-16,['83'],20pi09 Mission de maitrise d'oeuvre pour les phases de suivi et de réception des travaux spécifiques au procès du système d'alimentation électrique à quai,joue,directive24,appeloffre,initial,Métropole Toulon Provence Méditerranée,83041,Toulon,,['Ingénierie'],[455],non,non
20-111075,2020-09-12,2020-12-08,['83'],20pi07-Prestations de recherche d'anomalies magnétiques en milieu terrestre,joue,directive24,attribution,initial,Métropole Toulon Provence Méditerranée,83041,Toulon,,['Etude'],[118],non,non
20-111401,2020-09-12,2020-10-14,['83'],Appel d'offres en vue des Prestations de nettoyage des vitres de différents sites municipaux de la Ville de Toulon en 2 lots,joue,directive24,appeloffre,initial,COMMUNE DE TOULON,83056,Toulon,,['Nettoyage de locaux'],[239],non,non
20-111308,2020-09-12,2020-11-10,['83'],transports ponctuels d'enfants en milieux scolaires et extrascolaires en 2 lots sur 4 ans,joue,directive24,attribution,initial,Commune de Brignoles,83177,BRIGNOLES Cedex,,['Transport'],[347],non,non
20-111393,2020-09-12,2020-10-19,['83'],MISSION DE MAITRISE D'OeUVRE ET MISSIONS D'ETUDES GEOTECHNIQUES G2 ET G4 POUR LA REHABILITATION DE LA PROPRIETE FLICHE BERGIS,joue,directive24,appeloffre,initial,Ville de Saint Mandrier sur Mer,83430,Saint Mandrier sur Mer,,"[""Maîtrise d'oeuvre"", 'Ingénierie']","[197, 455]",non,non
20-111391,2020-09-12,2020-12-15,['84'],"Exploitation des déchetteries intercommunales de Cavaillon et Mérindol, transport et traitement des déchets issus de ces déchetteries",joue,directive24,appeloffre,initial,LUBERON MONTS DE VAUCLUSE,84300,Cavaillon,,['Déchetterie (exploitation)'],[405],non,non
20-111131,2020-09-12,2020-10-10,['85'],Assurances du Vendée Globe 2020-2021,joue,directive24,appeloffre,initial,VENDEE,85000,La Roche sur Yon,,['Assurance'],[20],non,non
20-109211,2020-09-12,2020-11-10,['85'],missions de contrôle technique externe dans le cadre des travaux d'aménagement et de réhabilitation des alvéoles sur quatre installations de stockage de déchets non dangereux (isdnd),joue,directive24,attribution,initial,Syndicat Trivalis,85015,La Roche-sur-Yon,,['Contrôle technique'],[72],non,non
20-104166,2020-09-12,2020-11-10,['85'],"mise à disposition de contenants, transport et/ou traitement des déchets de bois, cartons, ferrailles, déchets ultimes, papiers et verres issus des déchèteries de vendée",joue,directive24,attribution,initial,Syndicat Trivalis,85015,La Roche-sur-Yon,,"['Ordures ménagères (prestations)', 'Prestations de services', 'Transport']","[249, 274, 347]",non,non
20-111436,2020-09-12,2020-10-16,['85'],"Contournement sud de la Roche sur Yon - Terrassements, assainissement, couche de forme - Section Rd 747/Rd80 et Ps3",joue,directive24,appeloffre,initial,Conseil général de la Vendée,85923,La Roche sur Yon,,"['Terrassement', 'Voirie']","[341, 365]",non,non
20-111270,2020-09-12,2020-12-08,['85'],Fourniture et livraison d'un camion d'occasion d'origine thermique converti à l'hydrogène,joue,directive24,attribution,initial,Conseil général de la Vendée,85923,La Roche sur Yon,"[('2020-08-05', 'Brouzils Auto', (438835.66, 'EUR'), None)]",['Mécanique'],[221],non,non
20-111199,2020-09-12,2020-10-10,['86'],Marché de service relatif à la prestation d'assurance 'Responsabilités et risques annexes' au profit du syndicat Eaux de Vienne-Siveer,joue,directive24,appeloffre,initial,Eaux de Vienne - Siveer,86000,Poitiers,,['Assurance'],[20],non,non
20-111227,2020-09-12,2020-10-13,['90'],"Fourniture, installation et mise en service de lasers chirurgicaux, formation,maintenance et consommables associés pour le GHT Nord Franche-Comté",joue,directive24,appeloffre,initial,Hôpital Nord Franche Comté,90015,Belfort,,['Matériel médical'],[212],non,non
20-111206,2020-09-12,2020-10-15,"['91', '77']",AMENAGEMENT DE VEHICULES LEGERS DE SAPEURS-POMPIERS (Véhicules inférieurs à 4.5 tonnes à aménagement simple ou moyen),joue,directive24,appeloffre,initial,SDIS 91,91035,Evry-Courcouronnes,,"[""Matériel de secours et d'incendie""]",[217],non,non
20-111084,2020-09-12,2020-10-14,['91'],"achats de fournitures de produits, d'accessoires, d'outillagess de matériels, de matériels, de matériaux pour tous les services",joue,directive24,appeloffre,initial,COMMUNE DE VIGNEUX SUR SEINE,91270,Vigneux sur seine,,"['Bois', 'Caoutchouc', 'Maçonnerie', 'Matériaux de construction', 'Outillage', 'Peinture (fourniture)', 'Electricité, gaz (fourniture)']","[38, 50, 195, 198, 251, 263, 443]",non,non
20-111140,2020-09-12,2020-10-15,"['92', '78']",Rénovation des contrôleurs de carrefour et extension SITER (système intelligent de transport et d'exploitation de la route) sur le réseau routier du 78 et du 92,joue,directive24,appeloffre,initial,Cons. Départ. des Hauts-de-Seine,92000,Nanterre,,['Prestations de services'],[274],non,oui
20-111326,2020-09-12,2020-10-12,['92'],marché de services des huissiers de justice pour la phase comminatoire amiable - ddfip des hauts de seine,joue,directive24,appeloffre,initial,DDFIP des Hauts de Seine,92013,Nanterre cedex,,['Prestations de services'],[274],non,non
20-111223,2020-09-12,2020-09-30,['92'],"Évaluation des effets cumulés sur les oiseaux des projets commerciaux éoliens en mer autorisés en Manche, mer du Nord et sur la façade Atlantique",joue,directive24,attribution,initial,Ministère de l'écologie,92055,La défense cedex,,['Prestations de services'],[274],non,oui
20-111159,2020-09-12,2020-10-12,['92'],Fourniture de services de maîtrise d'oeuvre et d'assistance à maîtrise d'oeuvre pour la maintenance et les évolutions fonctionnelles de la suite logicielle XX'AU et d'ADS 2007,joue,directive24,appeloffre,initial,MEDDTL,92055,La défense cedex,,"['Informatique (prestations de services)', 'Informatique (assistance)']","[163, 453]",oui,oui
20-111358,2020-09-12,2020-10-30,"['92', '20A', '20B']",Sélection d'un opérateur pour la réalisation et l'exploitation d'une infra d'alimentation en gaz naturel de centrales de production d'électricité en Corse,joue,autre,rectificatif,rectificatif,MEDDTL - DGEC - SD7,92055,Paris la défense cedex,,['Equipement industriel'],[112],non,non
20-111423,2020-09-12,2020-11-12,['92'],Acquisition et maintenance de matériel de nettoyage pour l'entretien des installations sportives,joue,autre,rectificatif,rectificatif,Ville d'Antony,92160,Antony,,['Maintenance'],[196],non,non
20-111422,2020-09-12,2020-11-10,"['92', '75']",Prestation d'impression de supports de communication pour la Ville de Neuilly-sur-Seine,joue,directive24,attribution,initial,Ville de Neuilly-sur-Seine,92200,Neuilly-sur-seine,"[('2020-07-30', 'DESBOUIS GRESIL', (320000, 'EUR'), ""Prestation d'impression de support de communication""), ('2020-07-30', 'GT PRINT', (240000, 'EUR'), ""Prestation d'impression de support de communication"")]",['Impression'],[160],non,non
20-110998,2020-09-12,2020-10-16,"['95', '92']","Projet NPRU Porte Saint-Germain / Berges de Seine - Marché d'AMO pour la définition de la stratégie de programmation en matière de commerces, de services, d'équipements et d'immobiliers",joue,directive24,appeloffre,initial,BOUCLE NORD DE SEINE,92230,Gennevilliers,,['Etude'],[118],non,non
20-111025,2020-09-12,2020-10-13,"['92', '75']",Maintenance et entretien des aires de jeux et sportives,joue,directive24,appeloffre,initial,Ville de La Garenne-Colombes,92250,La garenne colombes,,['Aire de jeux'],[400],non,oui
20-111415,2020-09-12,2020-10-13,"['92', '75']","Fourniture de carburant à la pompe avec cartes accréditives, prestations de lavage en self-service et fourniture et livraison d'huile de pétrole pour la ville de Neuilly",joue,directive24,appeloffre,initial,Ville de Neuilly-sur-Seine,92522,Neuilly-sur-seine,,"['Carburant, hydrocarbure', 'Lubrifiants']","[52, 187]",non,non
20-111437,2020-09-12,2020-10-22,['93'],"Accord cadre multi-attributaires de travaux d'entretien, de grosses réparations et d'aménagement des bâtiments communaux -",joue,directive24,appeloffre,initial,COMMUNE DE BLANC MESNIL,93150,Le Blanc Mesnil,,"['Bâtiment', 'Chauffage (travaux)', 'Electricité (travaux)']","[33, 61, 105]",oui,oui
20-111360,2020-09-12,2020-11-19,['93'],Assistance à maîtrise d'ouvrage hors RH de la DGFIP en France métropolitaine (hors Corse),joue,directive24,appeloffre,initial,Direction Générale Finances Publiques,93186,Montreuil Cedex,,['Informatique (prestations de services)'],[163],oui,non
20-95521,2020-09-12,2020-11-10,['93'],"ACQUISITION DE GRAINES, JEUNES PLANTS, RACINES NUES DE PLANTES VIVACES, BULBES RHIZOMES ET TUBERCULES - SAISON 2020/2021 RECONDUCTIBLE JUSQU'EN 2023/2024",joue,directive24,intentionconclure,initial,Ville d'Aulnay-sous-Bois,93600,AULNAY-SOUS-BOIS,"[('2020-08-06', 'NPK DISTRIBUTION', (5500, 'EUR'), 'Graines de plantes ornementales - gamme courante'), ('2020-08-06', 'GRAINES VOLTZ', (2500, 'EUR'), 'Graines de plantes ornementales - autres espèces et variétés diverses'), ('2020-08-06', 'GRAINES VOLTZ', (2000, 'EUR'), 'Graines de plantes potagères et aromatiques'), ('2020-08-06', 'GRAINES VOLTS ', (6000, 'EUR'), 'Jeunes plants de plante ornementales - gamme ouverte'), ('2020-08-06', 'GRAINES VOLTZ', (9300, 'EUR'), 'Jeunes plants de plantes ornementales et potagères : autres espèces et variétés diverses'), ('2020-08-06', 'VERVER EXPORT BV', (5000, 'EUR'), 'Bulbes, rhizomes et tubercules')]",['Espaces verts'],[116],non,non
20-111432,2020-09-12,2020-09-18,['94'],Prestations maintenance et exploitation des postes de relèvement des eaux usées et pluviales et ouvrages annexes,joue,autre,rectificatif,rectificatif,GRAND PARIS SUD EST AVENIR,94046,Créteil cedex,,['Assainissement'],[18],non,non
20-111234,2020-09-12,2020-10-13,['94'],Prestations de services météorologiques,joue,directive24,appeloffre,initial,Département du Val de Marne,94054,Créteil Cedex,,['Prestations de services'],[274],non,oui
20-110973,2020-09-12,2020-10-12,['31'],Fourniture de services de télécommunications associés à la gestion du numéro court 3250 de Météo-France et des numéros 08A,joue,directive24,appeloffre,initial,METEO FRANCE,94165,Saint-mande cx,,['Télécommunications'],[338],non,non
20-111426,2020-09-12,2020-11-09,['94'],"Prestations de gardiennage de bâtiments, d'équipements sportifs, et de surveillance d'évènements extérieurs et d'espaces publics",joue,directive24,attribution,initial,Ville de Vincennes,94300,Vincennes,"[('2020-08-05', 'ROCADE SÉCURITÉ PRIVÉE', (678034.77, 'EUR'), ""Prestations de gardiennage de bâtiments d'équipements sportifs et de surveillance d'évènements extérieurs d'espaces publics - Lot no1""), ('2020-08-05', 'NEWGARD', (282017.4, 'EUR'), ""Prestations de gardiennage de bâtiments d'équipements sportifs et de surveillance d'évènements extérieurs d'espaces publics - Lot no2""), ('2020-08-05', 'ROCADE SÉCURITÉ PRIVÉE', (522874.26, 'EUR'), ""Prestations de gardiennage de bâtiments d'équipements sportifs et de surveillance d'évènements extérieurs d'espaces publics - Lot no3""), ('2020-08-05', 'ROCADE SÉCURITÉ PRIVÉE', (105511.77, 'EUR'), ""Prestations de gardiennage de bâtiments d'équipements sportifs et de surveillance d'évènements extérieurs d'espaces publics - Lot no4""), ('2020-08-05', 'ROCADE SÉCURITÉ PRIVÉE', (150000, 'EUR'), ""Prestations de gardiennage de bâtiments d'équipements sportifs et de surveillance d'évènements extérieurs d'espaces publics - Lot no5"")]",['Gardiennage'],[138],non,non
20-111162,2020-09-12,2020-10-31,['94'],Fourniture de prestations et matériels de télémétrie,joue,directive24,attribution,initial,Agence française pour la biodiversité,94300,Vincennes,"[('2020-09-01', 'STREAM INNOV', (40000, 'EUR'), 'Marques de type PIT'), ('2020-09-01', 'STREAM INNOV', (100000, 'EUR'), 'Dispositif de détection fixe'), ('2020-08-31', 'Cipam', (60000, 'EUR'), 'Dispositif de détection mobile, accessoires et pièces détachées')]",['Matériel de transmission'],[210],non,oui
20-111017,2020-09-12,2020-11-30,['94'],Campagne d'information 5G,joue,directive24,attribution,initial,Agence Nationale des Fréquences (ANFR),94704,Maisons-alfort,"[('2020-09-07', 'REPUTATION SQUAD', (240000, 'EUR'), ""CAMPAGNE D'INFORMATION RELATIVE A LA 5G"")]","['Publicité, Communication']",[285],non,non
20-111179,2020-09-12,2020-10-19,['95'],émission Et Livraison Mensuelle De Titres Restaurant Pour Le Compte De La Communauté D'Agglomération Val Parisis,joue,directive24,appeloffre,initial,CA VAL PARISIS,95250,Beauchamp,,"['Restauration collective', 'Prestations de services']","[66, 274]",non,non
20-111177,2020-09-12,2020-10-12,['95'],"Maintenance et exploitation des installations techniques des piscines intercommunales de la Communauté d'agglomération Val Parisis (Chauffage, Ventilation et Traitement de l'eau)",joue,directive24,appeloffre,initial,CA VAL PARISIS,95250,Beauchamp,,"['Chauffage (exploitation, entretien)']",[59],non,non
20-111178,2020-09-12,2020-10-19,['95'],"Fourniture De Documents Imprimes, Audiovisuels Pour Le Reseau De Lecture Publique",joue,directive24,appeloffre,initial,CA VAL PARISIS,95250,Beauchamp,,"['Cd, DVD', 'Livres']","[45, 184]",non,non
20-111176,2020-09-12,2020-10-20,['95'],"Marché de fourniture, d'installation, d'entretien et de maintenance des abris-bus",joue,directive24,appeloffre,initial,CA VAL PARISIS,95250,Beauchamp,,['Abris'],[1],non,non
20-111340,2020-09-12,2020-11-10,['95'],"Entretien, réparation et fournitures d'équipements de commande et de contrôle implantés sur la voirie ainsi que des portes et portails automatiques des bâtiments communaux",joue,directive24,attribution,initial,COMMUNE DE ENGHIEN LES BAINS,95880,Enghien les bains,"[('2020-07-24', 'ERI', (63000, 'EUR'), 'Fourniture, installation et maintenance de bornes escamotables implantées sur la voirie communale'), ('2020-07-24', 'Automatisme controle', (38000, 'EUR'), 'Fourniture et maintenance des portes et portails')]","[""Contrôle d'accès"", 'Porte automatique, portail']","[81, 412]",non,non
20-111469,2020-09-12,2020-10-16,['971'],Fourniture de produits d'entretien et de protection pour les services municipaux de la Ville des Abymes en lien avec la crise sanitaire née de l'épidémie de Covid 19,joue,directive24,appeloffre,initial,Ville des Abymes,97139,Les Abymes,,['Consommables médicaux'],[69],non,non
20-111474,2020-09-12,2020-10-10,"['971', '978']",AFC 2019 ET COMPETENCES TRANSVERSES,joue,autre,rectificatif,rectificatif,Pôle emploi Guadeloupe et Iles du Nord,97139,Les abymes,,['Prestations de services'],[274],non,non
20-111425,2020-09-12,2020-12-31,['971'],Nettoyage des locaux et prestations associées,joue,directive24,appeloffre,initial,CGSS de la Guadeloupe,97181,Les abymes cédex,,"['Abris', 'Hygiène (articles)', 'Nettoyage de locaux']","[1, 153, 239]",oui,oui
20-111452,2020-09-12,2020-10-10,['972'],"ACCORD-CADRE RELATIF A LA FOURNITURE DE MATERIELS, PROGICIELS BUREAUTIQUES ET INFORMATIQUES POUR LE COMPTE DE LA RTM",joue,directive24,appeloffre,initial,Régie des Transports de Martinique,97201,Fort de France,,['Informatique (matériel)'],[162],non,non
20-111439,2020-09-12,2020-10-14,"['972', '75', '973', '974', '971']",NETTOIEMENT DE LA VILLE DE SAINT PIERRE,joue,directive24,appeloffre,initial,Ville de Saint-Pierre,97250,Saint Pierre,,['Nettoyage urbain'],[240],non,non
20-112076,2020-09-12,2020-10-10,['973'],Acquisition et traitement de données LiDAR aérien par levés topographiques haute résolution en forêt guyanaise. Acquisition et traitement de données LiDAR aérien destiné à l'estimation et la cart,fns,cmp2006,appeloffre,initial,OFFICE NATIONAL DES FORETS - DR GUYANE,97300,Cayenne,,['Prestations de services'],[274],non,non
20-110935,2020-09-12,2020-10-12,['974'],"founiture de pièces détachées pour les véhicules, poids lourds et engins-lots 1 à 3 (rectificatif)",joue,autre,rectificatif,rectificatif,Ville de Saint-Pierre,97410,Saint-Pierre,,['Pièces détachées'],[266],non,non
20-111022,2020-09-12,2020-10-15,['974'],Location de camions avec chauffeurs pour divers travaux et transports,joue,directive24,appeloffre,initial,Mairie du Tampon,97430,Le Tampon,,['Véhicules (location)'],[474],non,non
20-110965,2020-09-12,2020-09-17,"['976', '75', '974']",concours restreint de maitrise d'OEuvre de niveau esquisse pour la construction d'une technopole a dembeni (976) (rectificatif),joue,autre,rectificatif,rectificatif,CCI DE MAYOTTE,97600,Mamoudzou,,"['Bâtiment', ""Maîtrise d'oeuvre"", 'Terrassement', 'Voirie', 'Voirie et réseaux divers', 'Ingénierie']","[33, 197, 341, 365, 366, 455]",non,non
20-110939,2020-09-12,2020-10-09,['976'],RESTAURATION / COLLATION SCOLAIRE DE LA COMMUNE DE DZAOUDZI-LABATTOIR,joue,directive24,appeloffre,initial,COMMUNE DE DZAOUDZI LABATTOIR,97610,Labattoir,,"['Repas, traiteur']",[304],non,oui
20-111009,2020-09-12,2020-10-16,['976'],Marché de maîtrise d'oeuvre pour la construction d'une médiathèque à M'TSAMBORO,joue,autre,rectificatif,rectificatif,Commune de M'tsamboro,97630,M'TSAMBORO,,"[""Maîtrise d'oeuvre""]",[197],non,non
20-101673,2020-09-12,2020-10-16,['21'],"fourniture de gaz naturel pour la cci71, la cci89 et la cci21",joue,directive24,appeloffre,initial,CCI Côte-d'Or Dijon Métropole,,Dijon,,"['Electricité, gaz (fourniture)']",[443],non,non
20-107619,2020-09-12,2020-09-30,['83'],marche d'etude et de maîtrise d'OEuvre relatif a la rénovation du parc de la mediterranee,joue,directive24,intentionconclure,initial,Ville six fours les plages,,SIX-FOURS-LES-PLAGES,,"['Etude', ""Maîtrise d'oeuvre"", ""Mission d'ordonnancement, pilotage, coordination (OPC)"", 'Prestations de services']","[118, 197, 234, 274]",non,non
20-109042,2020-09-12,2020-10-12,['64'],"fourniture de trousses, précurseurs et médicaments radiopharmaceutiques à l'usage de la médecine nucléaire du ch de pau",joue,directive24,appeloffre,initial,Centre Hospitalier de Pau,,pau,,['Produits radioactifs'],[282],non,non
20-110788,2020-09-12,2020-10-12,['12'],exploitation de l'usine de traitement d'eau potable de la boissonnade,joue,directive24,appeloffre,initial,Cté d'Agglomération du Grand Rodez,,RODEZ CEDEX 9,,"['Alimentation en eau potable', ""Station d'épuration (exploitation)""]","[6, 335]",non,non
20-111113,2020-09-12,2020-10-10,['86'],acquisition d'un cytomètre multiparamétrique à haut contenu d'information,joue,directive24,attribution,initial,UNiversité de Poitiers,,Poitiers,"[('2020-09-10', 'CYTEK BIOSCIENCES', (349515.6, 'EUR'), 'Acquisition d\x92un cytomètre multiparamétrique à haut contenu d\x92information')]",['Laboratoire (matériel)'],[188],non,non
20-111197,2020-09-12,2020-09-24,"['21', '52']",appel d'offres ouvert no 2016 : marché de service relatif à la prestation d'assurances pour les besoins de 12 établissements composant le ght 21-52. (rectificatif),joue,autre,rectificatif,rectificatif,CHU de Dijon Bourgogne,,Dijon,,['Assurance'],[20],non,non
20-111378,2020-09-12,2020-09-20,"['59', '62']",Report date de depot (rectificatif),joue,autre,rectificatif,rectificatif,SA Notre Logis,,HALLUIN,,['Chauffage (travaux)'],[61],non,non
20-111449,2020-09-12,2020-10-09,['93'],acquisition de téléphones fixes et maintenance du système de téléphonie fixe de l'université sorbonne paris nord (rectificatif),joue,autre,rectificatif,rectificatif,UNIV PARIS 13 PARIS NORD VILLETANEUSE,,Villetaneuse,,"['Télécommunications', 'Matériel de téléphonie']","[338, 339]",oui,oui
