,a00_cle_idweb,g04_01_date_publication,g04_03_date_fin_diffusion,g04_07_dep_publication,g04_09_resume_objet,g01_02_01_famille,g01_02_02_perimetre,g01_02_03_nature,g01_02_04_statut,d01_01_denomination,d01_07_cp,d01_08_ville,d08_09_decision_titulaireandRENSEIGNEMENT,g04_052_descripteurs_libelles,g04_051_descripteurs_codes,g04_061_criteres_sociaux,g04_062_criteres_environnementaux
0,20-76647,2020-06-21,2020-07-27,"['1', '69', '42', '71', '73', '74']",Etudes et travaux de mise en conformité GC/BLO,joue,directive24,preinformation,initial,SI D ENERGIE ET DE E COMMUNIC DE L AIN,01006,BOURG-EN-BRESSE CEDEX,,"['Fibre optique', 'Télécommunications']","[133, 338]",non,non
1,20-78731,2020-06-21,2020-07-21,['6'],FOURNITURE DE PRODUITS SANITAIRES,joue,directive24,appeloffre,initial,COMMUNE DE GRASSE,06130,Grasse,,"['Consommables médicaux', 'Hygiène (articles)', 'Produits pharmaceutiques']","[69, 153, 280]",non,non
2,20-78819,2020-06-21,2020-07-31,['6'],Missions de Contrôle Technique - Coordonateur SPS - Maîtrise d'OEuvre - Géotechnique - Topographie,joue,directive24,appeloffre,initial,Ville de Vence,06140,Vence,,"['Assistance technique', 'Contrôle technique', ""Maîtrise d'oeuvre"", 'Topographie', ""Assistance à maîtrise d'ouvrage"", 'Ingénierie']","[19, 72, 197, 344, 433, 455]",non,non
3,20-78620,2020-06-21,2020-07-19,['6'],Travaux de remise en état des logements vacants de Côte d'Azur Habitat,joue,directive24,attribution,initial,Côte d'Azur Habitat,06200,Nice,"[('2020-06-18', 'EITB', (8000000, 'EUR'), ""Travaux de remise en état des logements vacants et/ou dégradés sur le patrimoine de Côte d'Azur Habitat"")]","[""Tous corps d'état""]",[345],non,non
4,20-78948,2020-06-21,2020-07-20,['6'],Entretien de la voirie communale et de ses annexes,joue,directive24,appeloffre,initial,Mairie de Mougins,06250,MOUGINS,,['Voirie et réseaux divers'],[366],non,non
5,20-79071,2020-06-21,2020-07-17,['6'],Numéro de la consultation : 20200346 Diagnostic et faisabilité des digues sud et ouest du Port Canto,joue,autre,rectificatif,rectificatif,COMMUNE DE CANNES,06406,Cannes,,"['Digue', 'Ingénierie']","[91, 455]",non,non
6,20-79219,2020-06-21,2020-08-31,['6'],Conception et Réalisation du Réseau d'initiative publique à très haut débit du SICTIAM - Zone Vierge,joue,directive24,appeloffre,initial,SICTIAM,06905,Sophia Antipolis Cedex,,"['Fibre optique', 'Génie civil', ""Ouvrage d'infrastructure"", 'Télécommunications', 'Voirie et réseaux divers', 'Ingénierie']","[133, 141, 253, 338, 366, 455]",oui,oui
7,20-78923,2020-06-21,2020-07-17,"['8', '2', '51', '55', '59']","concession de service public pour la gestion du centre aquatique intercommunal ""argona"" (rectificatif)",joue,autre,rectificatif,rectificatif,COMMUNAUTE COMMUNES ARGONNE ARDENNAISE,08400,Vouziers,,"['Equipement de piscine', 'Piscine', 'Prestations de services', 'Aire de jeux', 'Délégation de service public']","[120, 265, 274, 400, 406]",non,non
8,20-67418,2020-06-21,2020-08-18,['10'],Entretien des espaces verts de divers résidences du patrimoine de Troyes Habitat (10),joue,directive24,appeloffre,initial,OPH Troyes Habitat,10000,Troyes,,['Espaces verts'],[116],non,non
9,20-78670,2020-06-21,2020-07-24,"['11', '9', '34', '31', '66']",CONTRAT D'EXPLOITATION DES INSTALLATIONS COLLECTIVES DE CHAUFFAGE AVEC OU SANS PRODUCTION D'EAU CHAUDE SANITAIRE,joue,directive24,attribution,initial,ALOGEA,11000,CARCASSONNE,"[('2019-12-11', 'ENGIE COFELY', (893930, 'EUR'), ""CONTRAT D'EXPLOITATION DES INSTALLATIONS COLLECTIVES DE CHAUFFAGE DU PATRIMOINE D'ALOGEA"")]","['Chauffage (exploitation, entretien)']",[59],non,non
10,20-65526,2020-06-21,2020-07-30,['13'],fourniture de bennes de collecte de déchets à préhension latérale d'une capacité de 20 à 25m3 pour la métropole aix marseille provence,joue,directive24,appeloffre,initial,METROPOLE D AIX MARSEILLE PROVENCE,13007,Marseille,,['Benne'],[34],non,non
11,20-79262,2020-06-21,2020-07-24,"['13', '83', '84']",Contrôle des services de transport métropolitain et évaluation de leur qualité - Réseau interurbain grandes lignes Lecar et transports scolaires,joue,directive24,appeloffre,initial,METROPOLE D AIX MARSEILLE PROVENCE,13007,Marseille,,"['Prestations de services', 'Sondage, enquête']","[274, 471]",non,non
12,20-78916,2020-06-21,2020-09-16,['13'],"Prestation De Collecte ,D'Acheminement Et De Distribution En Interne Du Courrier (Plis Et Colis) Du Grand Port Maritime De Marseille Bassins Est Et Ouest",joue,directive24,appeloffre,initial,GRAND PORT MARITIME DE MARSEILLE,13226,Marseille,,"['Colis', 'Prestations de services']","[65, 274]",non,non
13,20-79188,2020-06-21,2020-07-30,['13'],"DES PRESTATIONS SPECIFIQUES ET PONCTUELLES ET NETTOYAGE DES FACADES VITREES EXTERIEURES (LOT 2) DU BATIMENT D'ARENC, RELANCE DU LOT 2",joue,directive24,appeloffre,initial,CONSEIL DEPARTEMENTAL 13,13256,Marseille,,['Nettoyage de locaux'],[239],non,oui
14,20-79175,2020-06-21,2020-06-30,"['13', '4', '5', '30']",Inventaires et évaluations environnementales sur le réseau routier national de la DIR MED,joue,autre,rectificatif,rectificatif,DIRMED,13331,Marseille cedex 03,,['Etude'],[118],non,non
15,20-79098,2020-06-21,2020-08-31,"['13', '4', '6', '5']","Solution ToIP pour l'Institut politiques d'Aix-en-Provence (installation, maintenance et travaux d'extension)",joue,directive24,attribution,initial,Institut d'Etudes Politiques Aix-en-Pr,13625,Aix-en-provence cedex 01,"[('2020-06-02', 'SAS TÉLÉPHONIE NOUVELLE ET TERMINAUX', (157992, 'EUR'), ""Solution de ToIP pour l'Institut d'Etudes Politiques d'Aix en Provence (Installation, maintenance et travaux d'extension)"")]",['Télécommunications'],[338],non,non
16,20-79170,2020-06-21,2020-08-04,"['13', '83', '84', '30', '34', '26']",Réalisation de prestations de géomètres,joue,directive24,appeloffre,initial,Ville de Salon de Provence,13663,Salon de provence,,"['Prestations de services', 'Topographie']","[274, 344]",non,non
17,20-78649,2020-06-21,2020-07-15,['14'],"CONTRAT D'EXPLOITATION DES INSTALLATIONS DE CHAUFFAGE, CLIMATISATION, EAU CHAUDE SANITAIRE, VENTILATIONCONTRAT DE TYPE",joue,directive24,appeloffre,initial,DEPARTEMENT DU CALVADOS,14000,Caen,,"['Chauffage (exploitation, entretien)']",[59],non,oui
18,20-78934,2020-06-21,2020-08-19,['14'],"COLLECTE, ENTRETIEN et LIVRAISON du LINGE des RESIDENTS de la",joue,directive24,attribution,initial,CENTRE HOSPITALIER UNIVERSITAIRE,14033,Caen,"[('2020-06-05', 'AD3', (119937, 'EUR'), 'COLLECTE, ENTRETIEN et LIVRAISON du LINGE des RESIDENTS de laRésidence pour Personne Agées "" la Charité "" et du Centre Esquirol')]","['Blanchissage', 'Prestations de services']","[36, 274]",non,oui
19,20-79082,2020-06-21,2020-08-19,['14'],Transport et collecte de linge pour l'EPSM de Caen,joue,directive24,attribution,initial,CENTRE HOSPITALIER UNIVERSITAIRE,14033,Caen,"[('2020-06-16', 'LETNA', (97263, 'EUR'), 'Collecte et transport du linge')]",['Transport'],[347],non,oui
20,20-79026,2020-06-21,2020-07-22,"['14', '27', '50', '61', '76']",Réalisation d'audits énergétiques de bâtiments,joue,directive24,appeloffre,initial,Communauté Urbaine Caen la mer,14050,CAEN,,['Audit'],[21],non,non
21,20-78962,2020-06-21,2020-07-31,['16'],Entretien périodique de la flotte automobile poids lourds du Sdis de la Charente,joue,directive24,appeloffre,initial,SCE DEPARTEMENTAL INCENDIE ET SECOURS,16340,L'Isle d'Espagnac,,['Véhicules'],[359],non,non
22,20-79217,2020-06-21,2020-07-20,['17'],"Prestation de fourniture d'énergie, d'entretien et de renouvellement des installations de chauffage, de production d'eau chaude, de traitement d'air et de climatisation",joue,directive24,appeloffre,initial,Ville de Lagord,17140,LAGORD,,"['Chauffage (exploitation, entretien)', 'Chauffage (matériel)', 'Chauffage (travaux)', 'Climatisation']","[59, 60, 61, 62]",non,non
23,20-79251,2020-06-21,2020-08-05,['17'],MARCHE D EXPLOITATION DES INSTALLATIONS THERMIQUES DES BATIMENTS COMMUNAUX ET DES INSTALLATIONS TECHNIQUES DE LA PISCINE MUNICIPALE,joue,directive24,appeloffre,initial,COMMUNE DE ROYAN,17200,Royan,,"['Chauffage (exploitation, entretien)']",[59],non,non
24,20-78805,2020-06-21,2020-07-30,['17'],assurance des dommages aux biens et des risques annexes Assurance des véhiculesAssurance MuséesAssurance responsabilité Assurance Aérodrome,joue,directive24,appeloffre,initial,CA de l'Île d'Oléron,17310,Saint Pierre d'Oléron,,['Assurance'],[20],non,non
25,20-78957,2020-06-21,2020-07-20,['18'],Nettoyage des locaux et de la vitrerie des bâtiments du Conseil départemental du Cher,joue,directive24,appeloffre,initial,Conseil départemental du Cher,18023,Bourges,,['Nettoyage de locaux'],[239],non,non
26,20-78307,2020-06-21,2020-07-21,['19'],aménagement d'un musée: cité de l'accordéon et des patrimoines de tulle,joue,directive24,attribution,initial,COMMUNE DE TULLE,19012,Tulle,,"['Ascenseur', 'Audiovisuel', 'Bardage', 'Bâtiment', 'Charpente', 'Chauffage (travaux)', 'Climatisation', 'Cloison, faux plafond', 'Couverture', 'Curage', 'Démolition', 'Electricité (travaux)', 'Etanchéité', 'Gros oeuvre', 'Menuiserie', 'Métallerie', 'Mobilier', 'Peinture (travaux)', 'Plomberie (travaux)', 'Ravalement', 'Revêtements de sols', 'Serrurerie', 'Terrassement', 'Terrasse', 'Ventilation', 'Voirie et réseaux divers', 'Equipement muséographique']","[17, 22, 30, 33, 57, 61, 62, 63, 74, 78, 87, 105, 117, 144, 222, 223, 230, 264, 270, 299, 308, 321, 341, 354, 360, 366, 409]",non,non
27,20-78995,2020-06-21,2020-07-10,['83'],Mission de contrôle technique relative aux travaux de rénovation de la résidence relais IGESA Louvois (Toulon),joue,directive24,appeloffre,initial,IGESA,20293,Bastia,,['Contrôle technique'],[72],non,non
28,20-78841,2020-06-21,2020-07-10,['83'],Mission OPC relative aux travaux de rénovation de la résidence relais IGESA Louvois (Toulon),joue,directive24,appeloffre,initial,IGESA,20293,Bastia,,"[""Mission d'ordonnancement, pilotage, coordination (OPC)""]",[234],non,non
29,20-79149,2020-06-21,2020-07-23,['21'],Maintenance des appareils de mesure en continu et semi-continu sur les cheminées de l'Uve de Dijon Métropole,joue,directive24,appeloffre,initial,DIJON METROPOLE,21075,Dijon,,['Maintenance'],[196],non,oui
30,20-73149,2020-06-21,2020-07-28,"['21', '52']",appel d'offres ouvert no 2013 : prestations d'analyses alimentaires,joue,directive24,appeloffre,initial,CHU de Dijon Bourgogne,21079,DIJON CEDEX,,['Prestations de services'],[274],non,oui
31,20-79077,2020-06-21,2020-09-16,['22'],Fourniture De Dispositifs Medicaux A Usage Unique Pour Consultations Externes Et Soins De Petite Chirurgie - Ch de Paimpol,joue,directive24,attribution,initial,CENTRE HOSPITALIER SAINT-BRIEUC,22027,Saint-Brieuc,,['Consommables médicaux'],[69],non,non
32,20-78951,2020-06-21,2020-07-30,"['22', '35']",PRESTATIONS DE NETTOYAGE A FAIBLE IMPACT ENVIRONNEMENTAL ET SERVICES ASSOCIES,joue,directive24,appeloffre,initial,DINAN AGGLOMERATION,22106,Dinan,,"['Nettoyage de locaux', 'Prestations de services']","[239, 274]",oui,oui
33,20-79203,2020-06-21,2020-08-10,['22'],Achat de chèque repas pour le personnel du réseau des Transports Urbains Briochins par la société Baie d'Armor Transports.,joue,directive25,appeloffre,initial,Baie d'Armor Transports,22950,Trégueux,,"['Repas, traiteur', 'Chèque cadeau']","[304, 436]",non,non
34,20-78864,2020-06-21,2020-07-23,['23'],Acquisition de véhicules et de matériels pour le Département de la Creuse,joue,directive24,appeloffre,initial,Conseil départemental de la Creuse,23011,Gueret,,['Véhicules (acquisition)'],[475],non,non
35,20-79218,2020-06-21,2020-07-21,['25'],Restructuration Du College Emile Laroue De Frasne (25560),joue,directive24,appeloffre,initial,TERRITOIRE 25,25008,Besancon,,['Bâtiment'],[33],oui,non
36,20-77775,2020-06-21,2020-07-20,"['25', '21', '75', '69', '90', '71', '58', '39']",assistance a maitrise d'ouvrage pour la redaction et la mise a jour des fiches de postes de la region bourgogne-franche-comte,joue,directive24,appeloffre,initial,REGION BOURGOGNE FRANCHE COMTE,25044,Besançon,,"['Assistance technique', 'Audit', 'Prestations de services', ""Assistance à maîtrise d'ouvrage""]","[19, 21, 274, 433]",non,non
37,20-79308,2020-06-21,2020-12-31,"['7', '26', '30', '42', '43', '69', '38']",Le présent marché de travaux a pour objet la réalisation de l'opération de construction de locaux tertiaires de la MSA Ardèche Drôme Loire à Privas (Ardèche). L'opération comprend 17 lots.,joue,directive24,appeloffre,initial,CAISSE DE MSA ARDECHE DROME LOIRE,26000,Valence,,"['Ascenseur', 'Bâtiment', 'Carrelage', 'Charpente', 'Chauffage (travaux)', 'Cloison, faux plafond', 'Etanchéité', 'Gros oeuvre', 'Matériel électrique', 'Menuiserie', 'Peinture (travaux)', 'Revêtements de sols', 'Signalétique', 'Terrassement']","[17, 33, 53, 57, 61, 63, 117, 144, 203, 222, 264, 308, 333, 341]",oui,oui
38,20-79237,2020-06-21,2020-07-31,['26'],Fourniture de fioul domestique,joue,directive24,appeloffre,initial,MAIRIE DE DIE,26150,Die,,['Combustible'],[438],non,non
39,20-79151,2020-06-21,2020-07-20,['28'],Abattage - Taille D'Arbres Et Destruction De Nuisibles Sur Le Domaine Routier Departemental,joue,directive24,appeloffre,initial,Conseil général d'Eure et Loir,28028,Chartres,,['Espaces verts'],[116],non,non
40,20-79120,2020-06-21,2020-08-29,"['29', '22', '56', '44']",Marché de travaux pour la création du centre national des phares à Brest,joue,directive24,appeloffre,initial,Société d'Aménagement du Finistère,29018,Quimper cedex,,"['Abris', 'Bâtiment', 'Chauffage (travaux)', 'Gros oeuvre', 'Menuiserie', 'Ouvrage métallique', 'Peinture (travaux)', 'Electricité, gaz (fourniture)']","[1, 33, 61, 144, 222, 254, 264, 443]",oui,non
41,20-78887,2020-06-21,2020-07-08,['29'],"Diagnostic, entretien, maintenance et pose d'affiches pour les abris voyageurs départementaux",joue,autre,rectificatif,rectificatif,Département du Finistère,29196,QUIMPER Cédex,,['Prestations de services'],[274],oui,oui
42,20-78927,2020-06-21,2020-09-16,['30'],"Réalisation d'entretien courant, de travaux de maintenance et de réparations pour l'ensemble des bâtiments du Conseil Départemental du Gard",joue,directive24,attribution,initial,Conseil Général du Gard,30044,Nîmes cedex 9,"[('2020-02-26', 'BUESA', (90256.0, 'EUR'), 'Désamiantage/Zone Cévennes'), ('2020-02-26', 'BUESA', (87307.0, 'EUR'), 'Désamiantage/ Zone Rhône Uzège'), ('2020-02-25', 'ISOLEA EURL', (61602.5, 'EUR'), 'Désamiantage/Zone Camargue-Costières'), ('2020-02-25', 'ISOLEA EURL', (61602.5, 'EUR'), 'Désamiantage/Zone Nîmes'), ('2020-01-30', 'TPSONERM Etablissement Secondaire de TPSO', (232347.5, 'EUR'), 'VRD Zone Causses/Vidourle'), ('2020-01-30', 'LAUPIE SAS', (225933.85, 'EUR'), 'V.R.D./Zone Cévennes'), ('2020-01-30', 'LAUPIE SAS', (225933.85, 'EUR'), 'VRD Zone Rhône/Uzège'), ('2020-01-30', 'LAUTIER MOUSSAC établissement BRAJA VESIGNE (SA)', (228696.9, 'EUR'), 'V.R.D./Zone Camargue-Costières'), ('2020-01-30', 'LAUTIER MOUSSAC-Ets BRAJA VESIGNE SA', (228696.9, 'EUR'), 'V.R.D./Zone Nîmes'), ('2020-01-28', 'SARL Yannick GOUBET', (146334.4, 'EUR'), ': Gros oeuvre - Couverture - Revêtement de sols dures/Zone Causses-Vidourle'), ('2020-01-28', 'SARL Yannick GOUBET', (146334.4, 'EUR'), 'Gros oeuvre - Couverture - Revêtement de sols dures/Zone Cévennes'), ('2020-01-28', 'SOMEC', (156128.85, 'EUR'), 'Gros oeuvre - Couverture - Revêtement de sols dures/Zone Rhône-Uzège'), ('2020-01-29', 'SAMPER Construction', (148701.7, 'EUR'), 'Gros oeuvre - Couverture - Revêtement de sols dures/Zone Camargue-Costières'), ('2020-01-28', 'SAMPER Construction', (148701.7, 'EUR'), 'Gros oeuvre - Couverture - Revêtement de sols dures/Zone Nîmes'), ('2020-02-07', 'SUD EST ETANCHEITE', (59931.8, 'EUR'), 'Etanchéité - Bacs aciers - Zinc/Zone Causses-Vidourle'), ('2020-02-10', 'INDIGO BATIMENT', (80505.5, 'EUR'), 'Etanchéité - Bacs aciers - Zinc/Zone Rhône-Uzège'), ('2020-02-10', 'INDIGO BATIMENT', (80505.5, 'EUR'), 'Etanchéité - Bacs aciers - Zinc/Zone Camargue-Costières'), ('2020-02-07', 'SUD EST ETANCHEITE', (59931.8, 'EUR'), 'Etanchéité - Bacs aciers - Zinc/Zone Nîmes'), ('2020-01-30', 'SARL SERRURERIE METGE', (92104.35, 'EUR'), 'Menuiseries Aluminium - Serrurerie/Zone Causses-Vidourle'), ('2020-01-30', 'BONZI', (110531.0, 'EUR'), 'Menuiseries Aluminium - Serrurerie/Zone Rhône-Uzège'), ('2020-01-30', 'SARL CREA FER', (129344.25, 'EUR'), 'Menuiseries Aluminium - Serrurerie/Zone Camargue-Costières'), ('2020-01-30', 'SARL SERRURERIE METGE', (92104.35, 'EUR'), 'Menuiseries Aluminium - Serrurerie/Zone Nîmes'), ('2020-01-31', 'SARL GAZAN', (91275.0, 'EUR'), 'Menuiseries bois - Agencement/Zone Cévennes'), ('2020-01-31', 'SARL GAZAN', (91275.0, 'EUR'), 'Menuiseries bois - Agencement/Zone Nîmes'), ('2020-01-30', 'SARL PELATAN AGENCEMENT', (77909.3, 'EUR'), 'Cloisons - Plafonds suspendus/Zone Causses-Vidourle'), ('2020-01-30', 'SARL PELATAN AGENCEMENT', (77909.3, 'EUR'), 'Cloisons - Plafonds suspendus/Zone Nîmes'), ('2020-01-30', 'SARL MIROITERIE GARDOISE', (33747.47, 'EUR'), 'Vitrerie/Zone Cévennes'), ('2020-01-30', 'SARL MIROITERIE GARDOISE', (33747.47, 'EUR'), 'Vitrerie/Zone Nîmes'), ('2020-02-25', 'SARL PELATAN AGENCEMENT', (69896.0, 'EUR'), 'Peinture - Revêtements de sols souples/Zone Causses-Vidourle'), ('2020-02-25', 'Ent. VALY & FILS LA PEINTURE', (71560.5, 'EUR'), 'Peinture - Revêtements de sols souples/Zone Cévennes'), ('2020-02-25', 'Ent. VALY & FILS LA PEINTURE', (71560.5, 'EUR'), 'Peinture - Revêtements de sols souples/Zone Rhône-Uzège'), ('2020-02-25', 'MRL Ets Ribot', (71638.74, 'EUR'), 'Peinture - Revêtements de sols souples/Zone Camargue-Costières'), ('2020-02-25', 'SARL PELATAN AGENCEMENT', (69896.0, 'EUR'), 'Peinture - Revêtements de sols souples/Zone Nîmes'), ('2020-01-30', 'ENERGY D', (238775.0, 'EUR'), 'Plomberie - Génie Climatique/Zone Causses-Vidourle'), ('2020-01-30', 'IDEX ENERGIES', (290072.2, 'EUR'), 'Plomberie - Génie Climatique/Zone Rhône-Uzège'), ('2020-01-30', 'IDEX ENERGIES', (290072.2, 'EUR'), 'Plomberie - Génie Climatique/Zone Camargue-Costières'), ('2020-01-30', 'ENERGY D', (238775.0, 'EUR'), 'Plomberie - Génie Climatique/Zone Nîmes'), ('2020-02-07', 'EURL SABRAN', (64651.96, 'EUR'), 'Electricité - Courants forts et faibles/Zone Causses-Vidourle'), ('2020-02-10', 'EURL JP ELEC', (77668.49, 'EUR'), 'Electricité - Courants forts et faibles/Zone Cévennes'), ('2020-02-07', 'EURL SABRAN', (64651.96, 'EUR'), 'Electricité - Courants forts et faibles/Zone Rhône-Uzège'), ('2020-02-07', 'EDISON', (72240.55, 'EUR'), 'Electricité - Courants forts et faibles/Zone Camargue-Costières'), ('2020-01-30', 'EURL SABRAN', (65264.25, 'EUR'), 'Automatisme/Zone Causse-Vidourle'), ('2020-01-30', 'SNEF SA', (128800.26, 'EUR'), 'Automatisme/Zone Cévennes'), ('2020-01-30', 'EURL SABRAN', (65264.25, 'EUR'), 'Automatisme/Zone Rhône-UIzège'), ('2020-01-30', 'SNEF SA', (118803.37, 'EUR'), 'Automatisme/Zone Nîmes'), ('2020-01-30', 'PERTUIS FROID SARL', (306557.96, 'EUR'), 'Equipements de cuisine collective/Zone Causses-Vidourle'), ('2020-01-30', 'SARL LAMBERTIN', (418628.72, 'EUR'), 'Equipements de cuisine collective/Zone Cévennes'), ('2020-01-30', 'Société SADEC', (336518.75, 'EUR'), 'Equipements de cuisine collective/Zone Rhône-Uzège'), ('2020-01-30', 'Société SADEC', (336518.75, 'EUR'), 'Equipements de cuisine collective/Zone Camargue-Costières'), ('2020-01-31', 'PERTUIS FROID SARL', (306557.96, 'EUR'), 'Equipements de cuisine collective/Zone Nîmes'), ('2020-01-31', 'INDIGO BATIMENT', (43733.0, 'EUR'), 'Ravalement et Rénovation de Façade/Zone Rhône-Uzège'), ('2020-01-31', 'INDIGO BATIMENT', (43733.0, 'EUR'), 'Ravalement et Rénovation de Façade/Zone Camargue-Costières')]",['Maintenance'],[196],non,non
43,20-78908,2020-06-21,2020-09-04,['31'],"Acquisition, mise en oeuvre, maintenance et fourniture de prestations associées d'une solution en mode saas pour la gestion du dossier de l'usager du Ccas de Toulouse et du Ctmr",joue,directive24,appeloffre,initial,CCAS de Toulouse,31004,Toulouse,,['Logiciel'],[186],non,non
44,20-79101,2020-06-21,2020-07-20,['31'],ACCORD-CADRE N° 2020-007 : Étude de couverture et fourniture de points d'accès Wifi pour l'INSA,joue,directive24,attribution,initial,INSA de Toulouse,31077,Toulouse cedex 4,,['Informatique (matériel)'],[162],non,non
45,20-32851,2020-06-21,2020-07-24,['31'],fourniture de produits chimiques divers,joue,directive24,appeloffre,initial,Conseil Départemental Haute-Garonne,31090,Toulouse,,['Produits chimiques'],[275],non,non
46,20-78628,2020-06-21,2020-08-17,"['31', '34']","Assistance à maîtrise douvrage pour la définition, le lancement et la mise en uvre du marché "" Réseau régional THDOc période 2022 - 2026 """,joue,directive24,appeloffre,initial,REGION OCCITANIE,31406,TOULOUSE,,"['Télécommunications', ""Assistance à maîtrise d'ouvrage""]","[338, 433]",non,non
47,20-79230,2020-06-21,2020-07-31,['31'],"20m0252aoo - Fourniture De Peintures, D'Ingredients, De Petits Materiels Associes Et Entretien D'Outils D'Application (Ncp-Fp)",joue,directive24,appeloffre,initial,TOULOUSE METROPOLE,31505,Toulouse,,['Peinture (fourniture)'],[263],non,non
48,20-79241,2020-06-21,2020-07-17,['31'],Pr/Sm-19v191pa-Accompagnement Socizl Des M2nages Locatiares Du Disposotif De Logements Passerelles- Accompagnement Visant L'Acces Au Logement,joue,autre,rectificatif,rectificatif,COMMUNE DE TOULOUSE,31505,Toulouse,,['Prestations de services'],[274],non,non
49,20-78788,2020-06-21,2020-07-20,['31'],20v0106aoo - Etudes De Diagnostic De Securite Incendie Et Secours - Eglises Grands Vaisseaux Protegees Monuments Historiques - Dt/Sg,joue,directive24,appeloffre,initial,COMMUNE DE TOULOUSE,31505,Toulouse,,['Etude'],[118],non,non
50,20-78701,2020-06-21,2020-07-30,['31'],"Ncp/Sm-20m0231aoo - Prestations De Depose, Fourniture Et Pose D'Equipements De Signaletique Directionnelle Pieton Sur Le Territoire De Toulouse Metropole",joue,directive24,appeloffre,initial,TOULOUSE METROPOLE,31505,Toulouse,,['Signalétique'],[333],non,non
51,20-78823,2020-06-21,2020-07-21,['33'],Prestations de nettoyage courant des locaux et des surfaces vitrées des services de police de la HAUTE-VIENNE,joue,directive24,appeloffre,initial,SGAP Sud Ouest,33041,Bordeaux,,['Nettoyage de locaux'],[239],oui,oui
52,20-53557,2020-06-21,2020-08-30,['33'],pfcso-3001-sm3-lm prestations de traitement de courrier au profit d'une entité du ministère des armées (33),joue,directive24,appeloffre,initial,SCA/PFAF SO,33068,Bordeaux cedex,,"['Colis', 'Prestations de services']","[65, 274]",oui,oui
53,20-78735,2020-06-21,2020-08-25,['33'],"SERVICES DE TELEPHONIE FILAIRE, MOBILE, D'INTERCONNEXION DE SITES ET D'ACCES A INTERNET",joue,directive24,appeloffre,initial,Ville d'Arcachon,33311,ARCACHON Cedex,,['Télécommunications'],[338],non,non
54,20-78786,2020-06-21,2020-07-20,['33'],"Marché de fourniture pour l'organigramme du Centre Hospitalier de Charles Perrens (coffres de serrures, garnitures, cylindres, clés et contrôles d'accès) - Ght Alliance Gironde",joue,directive24,appeloffre,initial,CHU DE BORDEAUX,33400,Talence,,"[""Contrôle d'accès"", 'Serrurerie']","[81, 321]",non,non
55,20-79124,2020-06-21,2020-08-26,['33'],Fourniture et livraison de 35 convertisseurs de puissance,joue,autre,rectificatif,rectificatif,CNRS Délégation Aquitaine,33402,Talence cedex,,['Matériel de précision'],[215],non,non
56,20-78054,2020-06-21,2020-07-20,['33'],Acquisition d'un dispositif d'enregistrement de données neuronales et de neurostimulation par multi-électrodes pour primates pour l'animalerie primate de l'université de bordeaux,joue,directive24,appeloffre,initial,Université de Bordeaux,33405,Talence Cedex,,"['Equipements spécialisés', 'Laboratoire (matériel)']","[115, 188]",non,non
57,20-79074,2020-06-21,2020-07-24,"['33', '24']",service de location-maintenance et fourniture du parc des téléviseurs des établissements de l'ugecam aquitaine,joue,directive24,appeloffre,initial,UGECAM d'Aquitaine,33523,BRUGES CEDEX,,"['Audiovisuel', 'Maintenance', 'Prestations de services']","[22, 196, 274]",non,non
58,20-79063,2020-06-21,2020-08-26,['34'],restauration du mur de soutènement du jardin des plantes,joue,directive24,attribution,initial,Montpellier Méditerranée Métropole,34067,Montpellier cedex 2,,['Mur de soutènement'],[233],non,non
59,20-78640,2020-06-21,2020-07-22,['34'],Rd 68 Lien Section Bel-Air / Nord de St Gély du Fesc - Dispositifs de retenue sur ouvrages d'art,joue,directive24,appeloffre,initial,Conseil départemental de l'Hérault,34087,Montpellier,,"['Glissières de sécurité', ""Ouvrage d'infrastructure""]","[142, 253]",non,non
60,20-79134,2020-06-21,2020-07-20,['34'],Location d'appartements clef en main,joue,directive24,appeloffre,initial,UNIVERSITE DE MONTPELLIER,34090,Montpellier,,['Prestations de services'],[274],non,non
61,20-79253,2020-06-21,2020-07-19,['35'],Mission d'assistance technique à maîtrise d'ouvrage pour l'opération du Centre Chirurgical et Interventionnel (conception-réalisation) dans le cadre du projet de reconstruction du CHU d,joue,directive24,attribution,initial,CTRE HOSPITALIER UNIVERS PONTCHAILLOU,35033,Rennes cedex 9,,"[""Assistance à maîtrise d'ouvrage""]",[433],non,non
62,20-78615,2020-06-21,2020-07-21,['35'],Missions de coordination en matière de sécurité et de protection de la santé pour les opérations de travaux dans les établissements gérés par le Département d'Ille et Vilaine,joue,directive24,appeloffre,initial,Département d'Ille-et-Vilaine,35042,RENNES CEDEX,,"[""Mission d'ordonnancement, pilotage, coordination (OPC)""]",[234],non,non
63,20-79220,2020-06-21,2020-07-20,['35'],"acquisition d'un ensemble d'équipements scientifiques d'observation, d'expérimentation et de modélisation environnementale pour l'observatoire des sciences de l'univers de rennes (osur)",joue,directive24,appeloffre,initial,université de Rennes 1,35065,Rennes,,"['Audiovisuel', 'Câblage', 'Equipement industriel', 'Fibre optique', 'Laboratoire (matériel)', 'Matériel électronique', 'Matériel de précision', 'Optique']","[22, 47, 112, 133, 188, 204, 215, 248]",non,non
64,20-79020,2020-06-21,2020-08-20,['35'],prestations de restauration pour la Région Bretagne,joue,directive24,attribution,initial,Région Bretagne,35711,Rennes,,['Restauration collective'],[66],oui,oui
65,20-79091,2020-06-21,2020-07-24,['37'],Fourniture d'équipements pour une plateforme d'expression génique pour l'Université de Tours,joue,directive24,appeloffre,initial,Université François Rabelais de Tours,37020,Tours cedex,,['Equipements spécialisés'],[115],non,non
66,20-79033,2020-06-21,2020-07-31,['37'],"Fourniture de produits de marquage routiers, enduit à froid, peinture et produits préfabriqué",joue,directive24,appeloffre,initial,Tours Métropole Val de Loire,37206,TOURS CEDEX 3,,['Signalisation'],[322],non,non
67,20-78709,2020-06-21,2020-09-16,['38'],Déménagement des Archives départementales de l'Isère,joue,directive24,attribution,initial,DEPARTEMENT DE L ISERE,38022,Grenoble,"[('2020-06-18', 'Avizo Bretagne Déménagements Entreprises', (515720.4, 'EUR'), None)]",['Déménagement'],[86],non,oui
68,20-79293,2020-06-21,2020-07-25,['38'],Travaux TCE pour la rénovation des locaux projet PIE,joue,directive24,appeloffre,initial,Institut polytechnique de Grenoble,38031,Grenoble Cedex 1,,"['Abris', 'Bâtiment']","[1, 33]",non,non
69,20-79121,2020-06-21,2020-09-15,['38'],"Accord cadre à marchés subséquents et à bons de commande portant sur la conception urbaine, la maîtrise d'oeuvre et la mission d'urbaniste -architecte en chef",joue,directive24,appeloffre,initial,SARA,38081,L'isle-d'abeau,,"['Assistance technique', 'Prestations de services']","[19, 274]",non,non
70,20-79265,2020-06-21,2020-09-22,['38'],Concession de service public pour la construction et l'exploitation du domaine skiable des Deux Alpes,joue,directive23,attribution,initial,Commune LES DEUX ALPES,38860,LES DEUX ALPES,"[('2020-02-20', ""Société d'économie mixte d'Aménagement Touristique de l'Alpe d'Huez et des Grandes Rousses."", (1703608697, 'EUR'), None)]",['Délégation de service public'],[406],non,non
71,20-79277,2020-06-21,2020-07-24,['39'],Assurance des dommages aux biens,joue,directive24,appeloffre,initial,COMMUNE DE LONS-LE-SAUNIER,39015,Lons-Le-Saunier Cedex,,['Assurance'],[20],non,non
72,20-78977,2020-06-21,2020-07-30,"['39', '25', '1']","Mise en oeuvre de campagnes de prospection, de promotion et d'animation du covoiturage et gestion d'un site Internet et de services associés (centrale téléphonique...)",joue,directive24,attribution,initial,Parc naturel régional du Haut-jura,39310,Lajoux,"[('2019-05-24', 'SARL MOBILIDEE', (350000, 'EUR'), ""Promotion du covoiturage sur l'arc jurassien Années 2019-2020-2021"")]","['Site internet', 'Publicité, Communication']","[171, 285]",non,non
73,20-79113,2020-06-21,2020-07-10,['41'],Etude préalable à l'instauration d'un dispositif de tri à la source des bio déchets incluant une expérimentation de collecte séparée des bio déchets des gros producteurs,joue,directive24,appeloffre,initial,ValDem (41),41100,Vendôme,,"['Collecte sélective', 'Etude']","[82, 118]",non,non
74,20-78920,2020-06-21,2020-07-24,['42'],DTE-DTE2020-105,joue,directive24,appeloffre,initial,CHU SAINT ETIENNE,42055,Saint etienne cedex 02,,['Véhicules (acquisition)'],[475],non,non
75,20-78886,2020-06-21,2020-07-26,"['42', '1', '26', '79', '63', '43', '69', '17', '19']","Travaux bardage, couverture, serrurerie et charpente",joue,directive24,appeloffre,initial,EHPAD Mellet-Mandard,42170,Saint-just-saint rambert,,"['Abris', 'Bâtiment', 'Couverture']","[1, 33, 74]",non,non
76,20-78656,2020-06-21,2020-07-19,['44'],travaux d'aménagement des espaces publics de la gare nord de nantes - au droit de l'abri vélo - lot 8 : vrd pavage mobilier,joue,directive24,attribution,initial,Nantes Métropole,44923,Nantes cedex 9,"[('2020-03-11', 'Eiffage Route Sud Ouest', (767147.53, 'EUR'), None)]","['Mobilier urbain', 'Voirie et réseaux divers']","[231, 366]",oui,non
77,20-78626,2020-06-21,2020-07-19,['44'],travaux de réalisation d'un abri vélos dans le cadre de l'aménagement des espaces publics de la gare nord de nantes,joue,directive24,attribution,initial,Nantes Métropole,44923,Nantes cedex 9,"[('2020-03-09', 'CMR', (1069324, 'EUR'), None)]","['Charpente', 'Electricité (travaux)', 'Etanchéité', 'Génie civil', ""Ouvrage d'art""]","[57, 105, 117, 141, 252]",non,non
78,20-78633,2020-06-21,2020-07-24,['44'],"Acquisition d'équipements pédagogiques liés à la restructuration des ateliers Aluminium, Verre et Matériaux de Synthèse (AVMS) du lycée Boulloche - Saint Nazaire (44)",joue,directive24,appeloffre,initial,Conseil régional des Pays de la Loire,44966,Nantes cedex 9,,['Equipements spécialisés'],[115],non,non
79,20-79288,2020-06-21,2020-07-27,['44'],Exploitation et maintenance des installations techniques des bâtiments du campus Beaulieu de la Région des Pays de la Loire et du lycée international Mandela,joue,directive24,appeloffre,initial,Conseil régional des Pays de la Loire,44966,Nantes Cedex 9,,['Prestations de services'],[274],non,non
80,20-79058,2020-06-21,2020-07-22,['45'],Etude évaluative De La Politique Régionale Aménagement Du Territoire,joue,directive24,appeloffre,initial,REGION CENTRE VAL DE LOIRE,45041,Orleans,,['Prestations de services'],[274],non,non
81,20-79236,2020-06-21,2020-07-10,['45'],"Renouvellement de l'infrastructure serveurs, stockage et sauvegarde",joue,autre,rectificatif,rectificatif,REGION CENTRE VAL DE LOIRE,45041,Orleans,,"['Informatique (matériel)', 'Informatique (prestations de services)', 'Informatique (maintenance serveurs et réseaux)']","[162, 163, 454]",non,non
82,20-79278,2020-06-21,2020-07-21,['45'],Assistance A Maitrise D'Ouvrage Pour La Definition Et La Collecte Des Indicateurs Des Programmes Europeens Feder Fse 2021/2027,joue,directive24,appeloffre,initial,REGION CENTRE VAL DE LOIRE,45041,Orleans,,['Prestations de services'],[274],non,non
83,20-78875,2020-06-21,2020-08-17,['45'],Acquisition de deux poids lourds pour les pôles territoriaux d'Orléans Métropole (2 lots),joue,directive24,appeloffre,initial,Orléans Métropole,45058,Orléans,,['Véhicules (acquisition)'],[475],non,non
84,20-78659,2020-06-21,2020-07-20,['47'],Mission de maîtrise d'oeuvre collge chaumié à agen,joue,directive24,attribution,initial,SEM 47,47000,Agen,,"[""Maîtrise d'oeuvre""]",[197],non,non
85,20-78637,2020-06-21,2020-09-04,['49'],Programmation de la saison culturelle de la MCLl de Beaucouzé,joue,directive24,appeloffre,initial,Ville de Beaucouzé,49070,BEAUCOUZE,,['Evénementiel'],[445],non,non
86,20-78639,2020-06-21,2020-07-25,['49'],Réalisation du nouveau parcours scénographique du château de baugé-en-anjou,joue,directive24,appeloffre,initial,MAIRIE DE BAUGE EN ANJOU,49150,BAUGE-EN-ANJOU,,"['Audiovisuel', 'Décoration (travaux)', 'Logiciel', 'Mobilier']","[22, 85, 186, 230]",non,non
87,20-79092,2020-06-21,2020-07-30,"['49', '44']","Distribution de 21 000 bacs pour la collecte des EMHV, et réalisation de 42 000 marquages au sol d'emplacement des bacs EMHV et OMR",joue,directive24,appeloffre,initial,MAUGES COMMUNAUTE,49602,Beaupréau en Mauges cédex,,"['Conteneur, poubelles', 'Prestations de services']","[71, 274]",non,non
88,20-78692,2020-06-21,2020-10-27,['50'],"Elaboration d'un PPRL sur les communes de Carolles, Jullouville et Saint-Pair-sur-Mer (50)",joue,directive24,appeloffre,initial,DDTM 50,50015,SAINT-LO,,"['Etude', 'Prestations de services']","[118, 274]",non,non
89,20-78959,2020-06-21,2020-07-21,['50'],Prestations de maîtrise d'oeuvre en vue de l'extension du port de plaisance de Hérel à Granville,joue,directive24,appeloffre,initial,DEPARTEMENT DE LA MANCHE,50050,Saint-Lo,,['Prestations de services'],[274],non,non
90,20-78885,2020-06-21,2020-09-16,['50'],"Rd 971 - Déviation de GranvilleSécurisation entre l'échangeur avec la Rd 924 et 'Le Grand Chemin'Communes de Granville, Yquelon, Anctoville-sur-Boscq, Longueville et Br",joue,directive24,attribution,initial,DEPARTEMENT DE LA MANCHE,50050,Saint-Lo,"[('2020-06-02', 'Pigeon Tp Normandie - Avranches', (1695399.44, 'EUR'), None)]",['Voirie'],[365],oui,non
91,20-78883,2020-06-21,2020-07-17,['50'],Nettoyage et entretien des vitreries et des locaux des bâtiments de la Communauté d'Agglomération du Cotentin,joue,autre,rectificatif,rectificatif,Communauté d'Agglomération du Cotentin,50130,Cherbourg en Cotentin,,['Nettoyage de locaux'],[239],non,oui
92,20-79146,2020-06-21,2020-08-10,['50'],Maintenance Et Founiture De Pieces Detachees Pour Les Materiels De Manutention Et De Travaux Publics De La Commune De La Hague,joue,directive24,appeloffre,initial,Commune de la hague,50442,La Hague,,"['Matériel de travaux publics', 'Pièces détachées']","[220, 266]",non,non
93,20-78826,2020-06-21,2020-09-03,['51'],Location-maintenance d'un traceur d'imagerie et fourniture de consommables associés,joue,directive24,appeloffre,initial,COMMUNAUTE URBAINE DU GRAND REIMS,51722,Reims cedex,,"[""Matériel d'imprimerie""]",[211],non,oui
94,20-78003,2020-06-21,2020-07-14,['53'],programme de travaux en eau potable et assainissement,joue,directive24,attribution,initial,CC PAYS DE CRAON,53400,Craon,,"['Alimentation en eau potable', 'Assainissement', 'Réseaux divers']","[6, 18, 306]",non,non
95,20-78999,2020-06-21,2020-08-18,"['54', '57', '88', '55']",20B09,joue,directive24,attribution,initial,Université de Lorraine,54000,Nancy,,['Gaz divers'],[139],non,non
96,20-79100,2020-06-21,2020-08-20,"['54', '57', '88', '52', '55', '90']",Hébergement serveurs,joue,directive24,appeloffre,initial,direst,54021,Nancy cedex,,['Informatique (maintenance serveurs et réseaux)'],[454],non,non
97,20-78881,2020-06-21,2020-08-19,['54'],FOURNITURE DE GRANULATS POUR LA REALISATION D'ENDUITS SUPERFICIELS SUR LES INFRASTRUCTURES DEPARTEMENTALES DE MEURTHE ET MOSELLE,joue,directive24,attribution,initial,Département de Meurthe-et-Moselle,54035,NANCY CEDEX,"[('2020-06-12', ""SOCIETE DES CARRIERES DE L'EST - COGESUD"", (400000.0, 'EUR'), 'Fourniture et livraison de granulats de classe A1 en zone Nord du département de Meurthe et Moselle (2/4 ,4/6.3, 6.3/10, 10/14)'), ('2020-06-12', ""SOCIETE DES CARRIERES DE L'EST - COGESUD"", (400000.0, 'EUR'), 'Fourniture et livraison de granulats de classe A1 en zone Sud du département de Meurthe et Moselle (2/4, 4/6.3, 6.3/10, 10/14)'), ('2020-06-05', ""SOCIETE LORRAINE D'AGREGATS SA"", (600000.0, 'EUR'), 'Fourniture et livraison de granulats de classe B1 en zone Nord du département de Meurthe et Moselle (4/6.3, 6.3/10, 10/14)'), ('2020-06-18', ""SOCIETE DES CARRIERES DE L'EST - COGESUD"", (1400000.0, 'EUR'), 'Fourniture et livraison de granulats de classe B1 en zone Sud du département de Meurthe et Moselle (4/6.3, 6.3/10, 10/14)')]",['Matériaux routiers'],[199],non,non
98,20-78598,2020-06-21,2020-08-15,"['51', '54']",Approvisionnement du Service des Essences des Armées (SEA) en produits hivernaux,joue,autre,rectificatif,rectificatif,DELPIA,54035,Nancy cedex,,['Produits des industries diverses'],[279],non,non
99,20-78152,2020-06-21,2020-08-31,['54'],Acquisition de fournitures pour les besoins des services des eaux et de l'assainissement période 2020-2024.,joue,directive24,attribution,initial,Métropole du Grand Nancy,54035,NANCY CEDEX,"[('2020-05-14', 'HEINRICH CANALISATION', (269839.17, 'EUR'), ""Tuyaux et raccords fonte pour la distribution d'eau, poteaux d'incendie et accessoires, fonte de voirie et accessoires""), ('2020-05-14', 'HEINRICH CANALISATION', (87461.05, 'EUR'), 'Pièces de réparation pour tuyaux fonte, PVC et PEHD, raccords et accessoires'), ('2020-05-14', 'HEINRICH CANALISATION', (72573.72, 'EUR'), ""Appareil de coupure, de régulation et de maintenance des réseaux d'eau potable et accessoires""), ('2020-05-14', 'WURTH FRANCE', (11454.05, 'EUR'), 'Boulonnerie, visserie et fixation')]","['Acier', 'Equipement hydraulique', 'Voirie et réseaux divers']","[3, 111, 366]",non,non
100,20-78654,2020-06-21,2020-08-19,"['54', '57']",Acquisition d'un pilote d'explosion à la vapeur,joue,directive24,attribution,initial,Université de Lorraine,54052,NANCY CEDEX,"[('2020-06-01', 'CH4NGE', (150458, 'EUR'), ""Acquisition d'un pilote d'explosion à la vapeur"")]",['Laboratoire (matériel)'],[188],non,non
101,20-78859,2020-06-21,2020-07-15,"['57', '67']","Location de récipients, collecte, pompage et traitement des déchets non dangereux et des déchets dangereux au profit du GSBdD de STRASBOURG HAGUENAU et de ses sites rattachés",joue,directive24,attribution,initial,Plate Forme Achats Finances Nord Est,57044,METZ CEDEX 1,"[('2020-03-25', 'ALPHA-ALSACIENNE DE PROPRETE', (376363.3, 'EUR'), 'Garnisons de MUTZIG et GRESSWILLER'), ('2020-03-25', 'ALPHA-ALSACIENNE DE PROPRETE', (588529.27, 'EUR'), 'Garnisons de STRASBOURG, ILLKIRCH-GRAFFENSTADEN et FORT-HOCHE'), ('2020-05-27', 'SUEZ RV NORD EST', (558122.25, 'EUR'), ""Location de récipients, collecte et traitement des déchets non dangereux (DND) au profit des garnisons d'OBERHOFFEN, HAGUENAU, NEUBOURG et DRACHENBRONN""), ('2020-03-25', 'CHIMIREC EST', (37991.66, 'EUR'), 'DSL ILLKIRCH-GRAFFENSTADEN et 44° RT MUTZIG'), ('2020-03-25', 'CHIMIREC EST', (101686.73, 'EUR'), ""Garnisons d'OBERHOFFEN, NEUBOURG et DRACHENBRONN"")]",['Ordures ménagères (prestations)'],[249],oui,oui
102,20-78742,2020-06-21,2020-08-19,['58'],Accord-cadre mono-attributaire pour la fourniture de fioul domestique destiné à alimenter les chaufferies du SIEEEN,joue,directive24,attribution,initial,SIEEEN,58027,Nevers cedex,"[('2020-05-15', 'SARL RESSAT FIOUL', (650000, 'EUR'), 'Accord-cadre mono attributaire pour la fourniture de fioul domestique destiné à alimenter les chaufferies du SIEEEN.')]","['Hydrocarbures naturels', 'Combustible']","[155, 438]",non,non
103,20-78721,2020-06-21,2020-08-18,['59'],"Maintenance, réparations, renouvellement, fourniture et installation des matériels de cuisine et de laverie.",joue,directive24,attribution,initial,SDIS 59,59028,Lille cedex,"[('2020-06-04', 'SARL HENRI DEHONDT', (500000, 'EUR'), 'Maintenance, réparations, renouvellement, fourniture et installation des matériels de cuisine et de laverie.')]",['Cuisine (équipement)'],[77],non,non
104,20-79046,2020-06-21,2020-07-31,['59'],Accord-cadre ayant pour objet la réalisation de travaux d'aménagement d'espaces verts pour la ville de Lille et ses communes associées de Hellemmes et de Lomme,joue,directive24,appeloffre,initial,Ville de Lille,59033,Lille cedex,,"['Décoration (travaux)', 'Espaces verts']","[85, 116]",oui,oui
105,20-78329,2020-06-21,2020-07-23,"['59', '62']",acquisition de vehicules municipaux (rectificatif),joue,autre,rectificatif,rectificatif,VILLE DE LA MADELEINE,59110,La Madeleine,,['Véhicules (acquisition)'],[475],non,non
106,20-78579,2020-06-21,2024-09-30,['59'],"marché de collecte, lavage et maintenance des points d'apport volontaire du verre sur le territoire du smictom des flandres",joue,directive24,appeloffre,initial,SMICTOM des Flandres,59190,HAZEBROUCK,,['Transport'],[347],non,oui
107,20-78982,2020-06-21,2020-07-23,['59'],Acquisition de véhicules pour les besoins des quatre Etablissements Publics de Santé Mentale du Groupement Hospitalier de Territoire Nord-Pas-de-Calais,joue,directive24,appeloffre,initial,EPSM Lille Métropole,59280,Armentières,,['Véhicules (acquisition)'],[475],non,non
108,20-79075,2020-06-21,2020-07-20,['59'],étude d'identification et de requalification des friches stratégiques prioritaires de valenciennes métropole,joue,directive24,appeloffre,initial,Cté d'Agglo Valenciennes Métropole,59300,Valenciennes,,['Etude'],[118],non,non
109,20-79032,2020-06-21,2020-09-11,['59'],missions de contrôle technique et de coordination de sécurité et protection de la santé dans les bâtiments communaux,joue,directive24,appeloffre,initial,Ville de Valenciennes,59304,Valenciennes cédex,,"['Contrôle technique', 'Etude']","[72, 118]",non,non
110,20-78247,2020-06-21,2020-09-14,['59'],"aoo 2020 - 2114 a 2139 : fourniture de dispositifs médicaux de diagnostic, de mesure de la température et pack de badigeon pour le centre hospitalier de cambrai",joue,directive24,appeloffre,initial,Centre hospitalier de Valenciennes,59322,Valenciennes,,['Consommables médicaux'],[69],non,non
111,20-78997,2020-06-21,2020-08-31,['59'],Assistance à maîtrise d'ouvrage pour la mise en place d'un projet d'économie circulaire dans le cadre du Nouveau Programme National de Renouvellement Urbain (NPNRU) du Dunkerquois,joue,directive24,appeloffre,initial,Communauté Urbaine de Dunkerque,59386,Dunkerque cedex 1,,"['Etude', ""Assistance à maîtrise d'ouvrage""]","[118, 433]",non,non
112,20-79125,2020-06-21,2020-07-19,['59'],"Prestations d'assurances pour les besoins du groupement de commande Ville de Dunkerque et ses communes associées, CCAS de Dunkerque, SIDF et ADUGES",joue,directive24,appeloffre,initial,Ville de Dunkerque,59386,Dunkerque,,['Assurance'],[20],non,non
113,20-79048,2020-06-21,2020-07-21,"['59', '62']",acheminement et fourniture de gaz naturel,joue,directive24,appeloffre,initial,Syndicat Energie Cambrésis,59554,NEUVILLE SAINT REMY,,"['Electricité, gaz (fourniture)']",[443],non,non
114,20-78964,2020-06-21,2020-07-08,['59'],"Prestations de maintenance préventive annuelle, maintien en bon état de fonctionnement et maintenance corrective (dépannage, réparations) des menuiseries aluminium du bâtiment du siège de la CARSAT",joue,autre,rectificatif,rectificatif,CARSAT Nord Picardie,59662,Villeneuve d'ascq cedex,,['Menuiserie'],[222],non,non
115,20-79122,2020-06-21,2020-07-31,['59'],Maintenance préventive et corrective des appareils de production de chaleur,joue,directive24,appeloffre,initial,Ville de Marcq-en-Baroeul,59704,Marcq en baroeul cedex,,"['Chauffage (exploitation, entretien)']",[59],non,non
116,20-78932,2020-06-21,2020-07-17,['59'],"Maintenance préventive et curative, fourniture et pose de pièces pour les groupes électropompes de surface et pour les groupes submersibles des usines de production d'eau potable (5 lots)",joue,autre,rectificatif,rectificatif,Régie de production d'eau de la MEL,59800,Lille,,['Maintenance'],[196],non,non
117,20-78679,2020-06-21,2020-07-20,['59'],marché de maîtrise pour l'aménagement d'un complexe sportif multiactivités,joue,directive24,appeloffre,initial,MAIRIE DE BRUAY SUR ESCAUT,59860,BRUAY SUR L'ESCAUT,,['Equipement sportif'],[113],non,non
118,20-78889,2020-06-21,2020-07-17,['59'],Travaux d'entretien et de maintenance des bâtiments,joue,autre,rectificatif,rectificatif,EPSM Lille Métropole,59871,Saint André Cedex,,['Maintenance'],[196],non,non
119,20-77657,2020-06-21,2020-07-22,['60'],diffusion du magazine departemental de l'oise et de supports de communication pour des operations ponctuelles lot 2 : diffusion de supports de communication pour des operations ponctuelles,joue,directive24,appeloffre,initial,Conseil Départemental de l'Oise,60000,beauvais,,['Prestations de services'],[274],non,oui
120,20-78860,2020-06-21,2020-07-24,['61'],MARCHE DE COLLECTE ET DE TRAITEMENT DES DECHETS SUR LE TERRITOIRE DE LA COLLECTIVITE,joue,directive25,appeloffre,initial,CDC DES VALLEES D'AUGE ET MERLERAULT,61120,VIMOUTIERS,,"['Collecte sélective', 'Ordures ménagères (prestations)', 'Déchetterie (exploitation)']","[82, 249, 405]",non,non
121,20-78682,2020-06-21,2020-07-31,['61'],ASSURANCE DES RISQUES STATUTAIRES DU PERSONNEL CONCERNANT LES AGENTS STAGIAIRES ET TITULAIRES AFFILIES A LA CNRACL,joue,directive24,appeloffre,initial,COMMUNE DE L AIGLE,61300,L'Aigle,,['Assurance'],[20],non,non
122,20-79085,2020-06-21,2023-03-01,['62'],"Conception et Réalisation d'un magazine touristique semestriel d'environ 66 pages, conception et réalisation de supports de communication diverses",joue,directive24,appeloffre,initial,OFFICE TOURISME LOISIRS CONGRES GD ARR,62000,Arras,,"['Informatique (prestations de services)', 'Prestations de services']","[163, 274]",non,non
123,20-78673,2020-06-21,2020-08-19,['62'],Marché de services d'opérateurs de télécommunication,joue,autre,rectificatif,rectificatif,Communauté Urbaine d'Arras,62026,Arras cedex,,['Télécommunications'],[338],non,non
124,20-78745,2020-06-21,2020-07-06,['62'],"Fourniture d'équipements et terminaux radio, accessoires et prestations associées",joue,directive24,attribution,initial,SDIS 62,62052,SAINT LAURENT BLANGY CEDEX,"[('2020-01-02', 'TPL SYSTEMES', (1600000, 'EUR'), 'Fourniture de terminaux ANTARES'), ('2020-01-02', 'TPL SYSTEMES', (200000, 'EUR'), 'MAINTENANCE DES TERMINAUX ET ACCESSOIRES')]",['Equipements spécialisés'],[115],non,non
125,20-78780,2020-06-21,2020-07-31,"['62', '59', '80']","AMO CONDUITE OPERATIONNELLE, SUIVI DE LA CONVENTION ET DU PROGRAMME NPNRU DES QUARTIERS BEAU-MARAIS ET FORT-NIEULAY",joue,directive24,appeloffre,initial,GRAND CALAIS TERRES & MERS,62101,Calais cedex,,['Etude'],[118],non,non
126,20-79276,2020-06-21,2020-07-20,['62'],"Accord Cadre A Bons De Commande Pour La Location De Bennes, Evacuation Et Traitement De Dechets Marche En Groupement De Commande",joue,directive24,appeloffre,initial,COMMUNAUTE D AGL D HENIN CARVIN,62253,Henin Beaumont Cedex,,['Transport'],[347],non,non
127,20-78973,2020-06-21,2020-08-19,"['62', '59']",19S110 : Assistance à maîtrise d'ouvrage (amo) pour l'elaboration du programme local de l'habitat (plh 3),joue,directive24,attribution,initial,CommunAupole de Lens-Liévin,62302,LENS CEDEX,,['Etude'],[118],non,non
128,20-79022,2020-06-21,2020-07-31,['62'],Animation d'ateliers de bien-être,joue,autre,rectificatif,rectificatif,Ville de lens,62307,Lens cedex,,['Prestations de services'],[274],non,non
129,20-78741,2020-06-21,2020-09-30,"['63', '15', '43', '3']",Maintenance des systèmes de sécurité électronique,joue,autre,rectificatif,rectificatif,UNIVERSITE CLERMONT AUVERGNE,63000,Clermont-ferrand,,['Maintenance'],[196],non,non
130,20-79281,2020-06-21,2020-07-20,['64'],Travaux d'extension du stade de foot 'Nouste-Camp' - Lot 1 : Acquisition de bungalows / structures modulaires aménagées et prestations associées,joue,directive24,appeloffre,initial,CA PAU BEARN PYRENEES,64000,Pau Cedex,,['Bâtiments modulaires'],[27],non,non
131,20-79213,2020-06-21,2020-07-30,['64'],"ACQUISITION ET MISE EN SERVICE DE MATERIEL DE PEAGE ET DE CONTROLE POUR LES PARKINGS GARE, VAUBAN, LAUTREC, MAUBEC",joue,directive24,appeloffre,initial,MAIRIE DE BAYONNE,64100,Bayonne,,"[""Contrôle d'accès""]",[81],non,non
132,20-79156,2020-06-21,2020-07-27,['65'],Prestations De Maintenance Des Fontaines De La Ville De Tarbes Et Des Automatismes Du Centre Horticole De La Ville De Tarbes,joue,autre,rectificatif,rectificatif,VILLE DE TARBES,65000,Tarbes,,"['Automatisation', 'Maintenance', 'Fontaine']","[14, 196, 449]",non,non
133,20-79161,2020-06-21,2020-09-16,['65'],Fourniture de services de télécommunications voix et données,joue,directive24,attribution,initial,DEPARTEMENT HAUTES-PYRENEES,65013,Tarbes,"[('2020-06-12', 'Linkt', (311513.72, 'EUR'), 'Téléphonie fixe / abonnement et acheminement du trafic entrant et sortant des accès'), ('2020-06-12', 'Agence Entreprises Occitanie', (309112.35, 'EUR'), 'Téléphonie mobile, usage voix et data'), ('2020-06-12', 'Orange', (1394992, 'EUR'), 'Interconnexion des sites et accès internet principal')]",['Télécommunications'],[338],non,non
134,20-79078,2020-06-21,2020-09-16,['65'],Fourniture Et Livraison De Tablettes Et De Leurs Supports Destines A Equiper Des Vehicules D'Exploitation Routiere,joue,directive24,attribution,initial,DEPARTEMENT HAUTES-PYRENEES,65013,Tarbes,"[('2020-06-12', 'Cda Sud Ouest', (200000, 'EUR'), None)]",['Informatique (matériel)'],[162],non,non
135,20-78981,2020-06-21,2020-07-24,['66'],Fourniture de denrées alimentaires,joue,directive24,appeloffre,initial,Ville de Barcarès,66421,LE BARCARES CEDEX,,['Denrées alimentaires'],[88],non,non
136,20-79171,2020-06-21,2020-09-19,"['67', '68']",Fourniture et entretien des pneumatiques de cars de la SPL Compagnie des Transports du Bas-Rhin (CTBR),joue,autre,rectificatif,rectificatif,Société Publique Locale - Compagnie de,67000,Strasbourg,,['Pneumatiques'],[271],non,non
137,20-78594,2020-06-21,2020-06-30,['67'],prestations de nettoyage de l'iceberg (rectificatif),joue,autre,rectificatif,rectificatif,Eurométropole de Strasbourg,67076,STRASBOURG CEDEX,,['Nettoyage de locaux'],[239],non,non
138,20-79155,2020-06-21,2020-07-14,['67'],Fourniture de pièces détachées et consommables pour matériel de mesure en continu de la qualité de leau sur le réseau de distribution,joue,autre,rectificatif,rectificatif,Eurométropole de Strasbourg,67076,STRASBOURG CEDEX,,['Pièces détachées'],[266],non,non
139,20-78720,2020-06-21,2020-07-28,['67'],"Prestations de débouchage et de pompage des réseaux deaux usées et fosses diverses du patrimoine privé de la Ville de Strasbourg, de la Fondation OEuvre Notre Dame et de lEurométropole de Strasbourg.",joue,directive24,appeloffre,initial,VILLE DE STRASBOURG,67076,STRASBOURG CEDEX,,['Curage'],[78],non,non
140,20-78898,2020-06-21,2020-07-21,['67'],"Prestations de maintenance, d'entretien et de réparation de la centrale de fabrication de saumure",joue,directive24,appeloffre,initial,Eurométropole de Strasbourg,67076,STRASBOURG CEDEX,,['Maintenance'],[196],non,non
141,20-78815,2020-06-21,2020-08-25,['67'],"Fourniture, installation, réparation d'agrès, d'accessoires, de mobiliers et de matériels sportifs pour les équipements de la ville et de l'Eurométropole de Strasbourg",joue,directive24,appeloffre,initial,VILLE DE STRASBOURG,67076,STRASBOURG CEDEX,,['Equipement sportif'],[113],non,non
142,20-79009,2020-06-21,2020-07-21,"['67', '57']",Fourniture de filtres à eau terminaux.,joue,directive24,appeloffre,initial,HOPITAUX UNIVERSITAIRES DE STRASBOURG,67091,Strasbourg cedex,,['Sanitaire'],[319],non,non
143,20-79039,2020-06-21,2020-07-30,['67'],20GM015 - Maintenance équipements restauration,joue,directive24,appeloffre,initial,HOPITAUX UNIVERSITAIRES DE STRASBOURG,67091,Strasbourg cedex,,['Maintenance'],[196],non,oui
144,20-79225,2020-06-21,2020-07-28,['68'],"Fourniture de lames de scie, fraises, râpes et couteaux pour shavers et moteurs chirurgicauxGroupement de commandes du Ght 11",joue,directive24,appeloffre,initial,Hopitaux Civils de Colmar,68024,Colmar,,['Consommables médicaux'],[69],non,non
145,20-79162,2020-06-21,2020-09-16,['68'],Entretien des ouvrages d'eaux usées et pluviales sur le territoire de 17 communes de Saint-Louis Agglomération - 2020 à 2021 - Relance,joue,directive24,attribution,initial,SAINT-LOUIS Agglomération,68305,Saint-Louis,"[('2020-06-15', 'Jmk Sarl', (118336.24, 'EUR'), None)]",['Alimentation en eau potable'],[6],non,non
146,20-78697,2020-06-21,2020-07-27,['69'],Fourniture de filtres à air,joue,directive24,appeloffre,initial,Ville de Lyon,69205,Lyon cedex 01,,['Equipements spécialisés'],[115],non,oui
147,20-78849,2020-06-21,2020-07-15,"['43', '69']","Travaux de Terrassement, Ouvrages d'Art, Assainissement, Rétablissement des communications, Chaussée, Hydraulique (TOARCH),",joue,autre,rectificatif,rectificatif,REGION AUVERGNE RHONE ALPES,69269,Lyon Cedex 2,,"[""Ouvrage d'infrastructure""]",[253],non,non
148,20-78693,2020-06-21,2020-07-03,['69'],Préconisation et gestion des campagnes de communication de la Région,joue,directive24,attribution,initial,REGION AUVERGNE RHONE ALPES,69269,Lyon cedex 2,"[('2020-05-21', 'MediaTrack', (280540, 'EUR'), 'Préconisation et gestion des campagnes de communication de la Région')]",['Prestations de services'],[274],non,non
149,20-79023,2020-06-21,2020-07-19,['69'],Achat de blouses jetables lié à la crise du Covid-19,joue,directive24,attribution,initial,REGION AUVERGNE RHONE ALPES,69269,Lyon cedex 2,"[('2020-04-17', 'INDUSTRIAL PACKAGING SOLUTIONS', (110862, 'EUR'), 'Achat de blouses jetables lié à la crise du Covid-19')]",['Hygiène (articles)'],[153],non,non
150,20-78974,2020-06-21,2020-07-19,['69'],Achat d'articles de protection lié à la crise du Covid-19,joue,directive24,attribution,initial,REGION AUVERGNE RHONE ALPES,69269,Lyon cedex 2,"[('2020-03-20', 'GERIN', (41872.53, 'EUR'), ""Achat d'articles de protection: combinaisons à usage court, gants à usage court, charlottes à visière, lingettes désinfectantes, et surchaussures"")]",['Hygiène (articles)'],[153],non,non
151,20-79132,2020-06-21,2020-07-19,['69'],Achat de gel hydroalcoolique lié à la crise du Covid-19,joue,directive24,attribution,initial,REGION AUVERGNE RHONE ALPES,69269,Lyon cedex 2,"[('2020-03-20', 'DIRECT CHIMIE', (20940, 'EUR'), 'Achat de gel hydroalcoolique lié à la crise du Covid-19')]",['Hygiène (articles)'],[153],non,non
152,20-78978,2020-06-21,2020-07-19,['69'],Achat d'articles de protection lié à la crise du Covid-19,joue,directive24,attribution,initial,REGION AUVERGNE RHONE ALPES,69269,Lyon cedex 2,"[('2020-04-05', 'APPRO SERVICES', (25736.97, 'EUR'), ""Achat d'articles de protection: masques FFP2, gants à usage court, combinaisons à usage court, lunettes de protection, surchaussures et charlottes"")]",['Hygiène (articles)'],[153],non,non
153,20-78803,2020-06-21,2020-08-01,['83'],Accord-cadre à bons de commande pour l'exécution de travaux de reprofilage de pistes pour la base de Défense de Draguignan.,joue,directive24,attribution,initial,DRSID Lyon,69347,Lyon cedex 07,"[('2020-06-17', 'GARNIER PISAN', (8000000, 'EUR'), ""Accord-cadre à bons de commande pour l'exécution de travaux de maintien en condition et d'adaptations. Emprises soutenues par l'USID de DRAGUIGNAN. Travaux de reprofilage de pistes."")]","['Terrassement', 'Voirie']","[341, 365]",non,oui
154,20-78839,2020-06-21,2020-09-11,['69'],SURVEILLANCE DE LA QUALITE DES PLANS D'EAU DES BASSINS RHONE MEDITERRANEE ET CORSE - 3 Lots,joue,directive24,appeloffre,initial,Agence de l'Eau RM&C,69363,Lyon cedex 07,,['Prestations de services'],[274],non,non
155,20-78928,2020-06-21,2020-07-21,['69'],Mission de maîtrise d'oeuvre pour la modernisation des installations de distribution et d'émission de chauffage et de rafraichissement de la Fédération d'Aubigny,joue,directive24,appeloffre,initial,CPAM du Rhône,69619,Villeurbanne,,"['Analyses médicales, biologiques', 'Prestations de services']","[8, 274]",non,non
156,20-79273,2020-06-21,2020-07-28,['69'],"Location De Mobilier, De Tentes Pour Diverses Manifestations",joue,directive24,appeloffre,initial,VILLE DE CALUIRE ET CUIRE,69642,Caluire et Cuire Cedex,,['Location (matériels)'],[185],non,non
157,20-79204,2020-06-21,2020-08-22,['69'],"Dans le cadre de la plateforme technologique IDPRO, le Lycée polyvalent ARAGON-PICASSO souhaite acquérir une imprimante 3D à dépôt lié.",joue,directive24,appeloffre,initial,LYCEE POLYVALENT ARAGON PICASSO,69700,Givors,,"['Equipements spécialisés', 'Machines-outils']","[115, 194]",non,non
158,20-79164,2020-06-21,2020-09-16,['72'],Marché de maitrise d'oeuvre pour la construction d'une pépinière d'entreprises au lotissement de la tremblaie à la Milesse,joue,directive24,attribution,initial,CENOVIA CITES,72015,Le Mans,"[('2020-06-19', 'Petr architectes', (126000, 'EUR'), None)]","[""Maîtrise d'oeuvre""]",[197],non,non
159,20-79165,2020-06-21,2020-09-16,['72'],Marché de contrôle technique pour la construction d'une pépinière d'entreprises au lotissement de la Tremblaie à la Milesse,joue,directive24,attribution,initial,CENOVIA CITES,72015,Le Mans,"[('2020-06-19', 'Bureau Veritas Construction', (4985, 'EUR'), None)]",['Contrôle technique'],[72],non,non
160,20-79291,2020-06-21,2020-10-07,"['72', '53']",Services d'agence de voyages et prestations de transports et services associes,joue,directive24,appeloffre,initial,Université du Maine,72085,Le mans,,['Prestations de services'],[274],non,non
161,20-79076,2020-06-21,2020-09-16,['73'],Travaux de signalisation horizontale sur les routes et autres éléments du patrimoine départemental,joue,directive24,attribution,initial,DEPARTEMENT DE LA SAVOIE,73018,Chambery,"[('2020-04-29', 'Signature Sas', (346149.31, 'EUR'), 'Mtd Bassin Chambérien Combe de Savoie'), ('2020-04-28', 'Aximum', (310692.5, 'EUR'), 'Mtd les Deux Lacs'), ('2020-04-28', 'Proximark', (382673, 'EUR'), 'Mtd Alberville Ugine et Tarentaise'), ('2020-04-28', 'Aximum', (226514.5, 'EUR'), 'Mtd Maurienne')]",['Signalisation'],[322],non,non
162,20-78968,2020-06-21,2020-09-16,['73'],Entretien des espaces verts de la Rd 1201 le long du lac du Bourget à Tresserve et Viviers-du-Lac,joue,directive24,attribution,initial,DEPARTEMENT DE LA SAVOIE,73018,Chambery,"[('2020-04-30', 'Terideal Tarvel', (29300, 'EUR'), None)]",['Espaces verts'],[116],non,non
163,20-78966,2020-06-21,2020-09-16,['73'],"Réparation ou remplacement d'appuis, appareils d'appui et joints de chaussée d'ouvrages d'art",joue,directive24,attribution,initial,DEPARTEMENT DE LA SAVOIE,73018,Chambery,"[('2020-04-30', 'Baudin Chateauneuf', (69098.5, 'EUR'), None)]","[""Ouvrage d'art""]",[252],non,non
164,20-78876,2020-06-21,2020-07-20,['74'],Refonte du portail intranet/extranet de la ville d'Annecy,joue,directive24,appeloffre,initial,Ville d'Annecy,74011,Annecy,,['Informatique (prestations de services)'],[163],non,non
165,20-78963,2020-06-21,2020-07-30,['74'],Requalification du groupe scolaire du Salève,joue,directive24,appeloffre,initial,COMMUNE DE GAILLARD,74240,Gaillard,,"['Bardage', 'Maçonnerie', 'Terrassement']","[30, 195, 341]",non,non
166,20-79239,2020-06-21,2020-07-20,['74'],"Marché public global de performance relatif à la construction d'un groupe scolaire, pour le compte de la commune de Fillière",joue,directive24,appeloffre,initial,COMMUNE DE FILLIERE,74570,Filliere,,"['Bâtiment', ""Maîtrise d'oeuvre"", ""Tous corps d'état""]","[33, 197, 345]",non,non
167,20-79229,2020-06-21,2020-06-26,['74'],travaux pour la construction d'une centrale hydroélectrique sur le torrent de la sallache (rectificatif),joue,autre,rectificatif,rectificatif,Régie Gaz Electricité,74700,SALLANCHES,,"['Canalisations', 'Génie civil', ""Ouvrage d'infrastructure"", 'Ouvrage hydraulique', 'Terrassement']","[48, 141, 253, 255, 341]",non,non
168,20-79256,2020-06-21,2020-08-10,['75'],"L'accord-cadre a pour objet des prestations de services d'agences expertes en relations presse pour accompagner le MNHN, en particulier pour ses événements et ses actualités.",joue,directive24,appeloffre,initial,Museum National d'Histoire Naturelle,75005,PARIS,,"['Publicité, Communication']",[285],non,non
169,20-79292,2020-06-21,2020-07-23,['75'],Mandat de commissariat aux comptes pour la période des exercices comptables de 2020 à 2025 inclus pour la CAVEC.,joue,directive24,appeloffre,initial,CAVEC,75007,Paris,,['Prestations de services'],[274],non,non
170,20-79266,2020-06-21,2020-07-22,['75'],Location d'installation d'un système mobile de détection incendie de chantier pour le site Mailly Nesle de l'EPMOO,joue,directive24,appeloffre,initial,ETS PUB DU MUS D ORSAY MUS ORANGERIE,75007,Paris,,['Prestations de services'],[274],non,non
171,20-79297,2020-06-21,2020-07-22,['75'],Prestations d'Assistance à la Maitrise d'Ouvrage (Amo) pour la préparation de l'accord cadre nettoyage du musée de la Cité des Sciences et de l'industrie,joue,directive24,appeloffre,initial,EPPDCSI,75008,Paris,,"['Nettoyage de locaux', ""Assistance à maîtrise d'ouvrage""]","[239, 433]",non,non
172,20-79270,2020-06-21,2020-09-14,['75'],"MISE A DISPOSITION ET GESTION DE SERVICES D'INFRASTRUCTURE ET DE SERVICES DE PLATEFORME EN MODE "" CLOUD "" AU PROFIT DU SYSTEME D'INFORMATION DE FRANCE COMPETENCES ET PRESTATIONS ASSOCIEES",joue,directive24,appeloffre,initial,France compétences,75009,Paris,,"['Informatique (prestations de services)', 'Prestations de services']","[163, 274]",non,non
173,20-79301,2020-06-21,2020-12-01,['75'],Marché de travaux de construction d'une résidence sociale de 268 logements autonomes et la démolition de l'ancien foyer existant Mars Seguin à Paris (75018),joue,directive24,appeloffre,initial,Adoma,75013,Paris,,"['Bâtiment', 'Gros oeuvre']","[33, 144]",non,non
174,20-78895,2020-06-21,2020-07-21,['75'],Contrôle des plans de voirie,joue,directive24,appeloffre,initial,Ville de Paris,75013,Paris,,['Prestations de services'],[274],non,non
175,20-79255,2020-06-21,2020-12-01,['75'],Marché de maîtrise d'oeuvre relatif à la démolition du foyer existant et la construction d'une résidence sociale de 268 logements situé à Paris (75018),joue,directive24,appeloffre,initial,Adoma,75013,Paris,,"[""Maîtrise d'oeuvre"", 'Prestations de services']","[197, 274]",non,non
176,20-79128,2020-06-21,2020-07-20,['75'],"Actions de formation dans le cadre du dispositif "" Préparation Opérationnelle à l'Emploi Collective "" - Métiers de l'Ingénierie",joue,directive24,appeloffre,initial,OPCO ATLAS,75013,Paris,,"['Automate', 'Formation']","[402, 410]",non,non
177,20-78897,2020-06-21,2020-08-19,['75'],Prestations éducatives et paramédicales pour les enfants et les jeunes confiés au service de l'Aide Sociale à l'Enfance de Paris,joue,directive24,attribution,initial,Ville de Paris,75013,Paris,,['Prestations de services'],[274],non,non
178,20-78862,2020-06-21,2020-07-21,['75'],Accord-cadre concernant des actions de remobilisation et de formations certifiantes (Programme de la Ville de Paris d'accompagnement vers les emplois JOP Paris 2024),joue,directive24,appeloffre,initial,Ville de Paris,75013,Paris,,['Formation'],[410],non,non
179,20-78848,2020-06-21,2020-07-20,['75'],"Actions de formation dans le cadre du dispositif "" Préparation Opérationnelle à l'Emploi Collective "" - Métiers de la Data et Digital Business",joue,directive24,appeloffre,initial,OPCO ATLAS,75013,Paris,,"['Automate', 'Formation']","[402, 410]",non,non
180,20-79208,2020-06-21,2020-07-28,['75'],Accord-cadre pour la mise à disposition d'une solution de prérecrutement mobilisant des parcours de tests et des jeux pour les agents de la Ville de Paris,joue,directive24,appeloffre,initial,Ville de Paris,75013,Paris,,['Informatique (prestations de services)'],[163],non,non
181,20-78921,2020-06-21,2020-07-28,['75'],Enquête auprès des allocataires du RSA dans le cadre d'un dispositif d'accompagnement à la reprise d'activité professionnelle pour les chefs de famille monoparentale (Reliance).,joue,directive24,appeloffre,initial,CNAF,75014,Paris,,"['Sondage, enquête']",[471],non,non
182,20-78996,2020-06-21,2020-08-29,['75'],Le présent marché a pour objet des prestations d'assistance à maîtrise d'ouvrage relatives au pilotage du programme SI-Samu et à l'expertise métier. Le marché comprend deux lots.,joue,directive24,attribution,initial,ASIP Santé,75015,Paris,,"['Informatique (prestations de services)', ""Assistance à maîtrise d'ouvrage"", 'Informatique (assistance)']","[163, 433, 453]",non,non
183,20-79004,2020-06-21,2020-08-29,['75'],Prestations de service d'archivage,joue,directive24,attribution,initial,ASIP Santé,75015,Paris,"[('2020-05-04', 'Xelians', (115000, 'EUR'), ""Prestations de service d'archivage de support papier, de conservation de support de sauvegarde numérique et de numérisation.""), ('2020-05-04', 'Xélians Archivage', (193000, 'EUR'), ""Prestations de service d'archivage de support électronique"")]","['Informatique (prestations de services)', 'Prestations de services']","[163, 274]",non,non
184,20-79007,2020-06-21,2020-08-15,['75'],"Prestations de conception, intégration, hébergement, exploitation et maintenance des outils d'interopérabilité sémantique et syntaxique et expertises associées.",joue,directive24,attribution,initial,ASIP Santé,75015,Paris,,"['Informatique (prestations de services)', 'Maintenance', 'Informatique (maintenance serveurs et réseaux)']","[163, 196, 454]",non,non
185,20-78905,2020-06-21,2020-09-10,['75'],Acord-cadre pour l'achat de matériels informatiques,joue,directive24,appeloffre,initial,AKTO,75019,Paris,,['Informatique (matériel)'],[162],non,non
186,20-78894,2020-06-21,2020-08-01,['75'],Location d'un chapiteau,joue,directive24,appeloffre,initial,EPPGHV,75019,Paris,,['Tente'],[473],non,non
187,20-78288,2020-06-21,2020-08-10,['75'],"mise à disposition de machines à café, distributeurs de boissons chaudes et froides, distributeurs de plats sucrés et salés pour les locaux de la cnav",joue,directive24,appeloffre,initial,CNAVTS de Paris,75019,Paris,,['Prestations de services'],[274],non,non
188,20-79212,2020-06-21,2020-07-21,['75'],Location de salles d'examens et de concours au bénéfice du Centre d'Action Sociale de la Ville de Paris,joue,directive24,appeloffre,initial,CAS-VP,75589,Paris cedex 12,,['Bâtiment'],[33],non,non
189,20-79126,2020-06-21,2020-08-19,"['75', '94']",Contrôles réglementaires du groupe hospitalo-universitaire AP-HP.Sorbonne Université - Sites La Pitié Salpêtrière et Charles Foix,joue,directive24,attribution,initial,ASSISTANCE PUBLIQUE HOPITAUX DE PARIS,75651,Paris cedex 13,"[('2020-05-18', 'SOCOTEC équipements', (474102.82, 'EUR'), 'Contrôles règlementaires - Site Pitié Salpêtrière'), ('2020-05-18', 'SOCOTEC équipements', (144485.31, 'EUR'), 'Contrôles règlementaires - Site Charles Foix')]",['Contrôle technique'],[72],non,non
190,20-79037,2020-06-21,2020-07-24,['75'],Conseil et assistance opérationnelle pour la communication institutionnelle de l'Assurance Maladie.,joue,directive24,appeloffre,initial,Cnamts,75986,Paris cedex 20,,"['Publicité, Communication']",[285],non,non
191,20-79169,2020-06-21,2020-08-19,"['76', '27', '14', '80']",Fourniture de tôles,joue,directive24,attribution,initial,GRAND PORT MARITIME DE ROUEN,76022,Rouen cedex,"[('2020-04-28', 'Comptoir Général des Métaux', (280000, 'EUR'), 'Fourniture de tôlesTôles en acier S235'), ('2020-04-28', 'Comptoir Général des Métaux', (280000, 'EUR'), 'Fourniture de tôles Tôles en acier S355'), ('2020-04-28', 'Comptoir Général des Métaux', (280000, 'EUR'), 'Fourniture de tôles Tôles grade A pré-peintes'), ('2020-04-28', 'Comptoir Général des Métaux', (72000, 'EUR'), 'Fourniture de tôles Tôles en acier inoxydable'), ('2020-04-28', 'Comptoir Général des Métaux', (72000, 'EUR'), 'Fourniture de tôles Tôles en aluminium')]",['Zinguerie'],[372],non,non
192,20-79103,2020-06-21,2020-08-19,"['76', '27', '14', '80']",Travaux de consolidation de l'ex quai de FRANCE,joue,directive25,attribution,initial,GRAND PORT MARITIME DE ROUEN,76022,Rouen cedex,"[('2020-03-16', 'SOLENTANCHE BACHY France', (1739883, 'EUR'), ""Travaux de consolidation de l'ex quai de France"")]","['Amiante', ""Ouvrage d'infrastructure""]","[24, 253]",non,non
193,20-79144,2020-06-21,2020-07-21,['76'],Entretien des espaces verts sur divers groupes de la Seine Maritime,joue,directive24,appeloffre,initial,HABITAT 76,76040,Rouen,,['Espaces verts'],[116],non,non
194,20-79210,2020-06-21,2020-08-04,"['76', '14']","Prestations d'espaces verts, prairies et talus",joue,autre,rectificatif,rectificatif,CCIT SEINE ESTUAIRE,76067,Le havre cedex,,['Espaces verts'],[116],non,non
195,20-78871,2020-06-21,2020-07-31,['76'],Réalisation d'aménagements d'hydraulique douce - paysagers,joue,directive24,appeloffre,initial,LE HAVRE SEINE METROPOLE,76085,Le Havre,,['Espaces verts'],[116],non,non
196,20-78868,2020-06-21,2020-07-31,['76'],Réalisation d'aménagements hydraulique douce - terrassements,joue,directive24,appeloffre,initial,LE HAVRE SEINE METROPOLE,76085,Le Havre,,['Ouvrage hydraulique'],[255],non,non
197,20-78645,2020-06-21,2020-09-16,['76'],Fourniture de produits contraceptifs et produits divers,joue,directive24,attribution,initial,DEPARTEMENT DE LA SEINE MARITIME,76101,Rouen Cedex,,['Produits pharmaceutiques'],[280],non,non
198,20-78607,2020-06-21,2020-09-16,['76'],Marché d'exploitation de type Mci des installations de chauffage de 13 collèges et 1 lycée,joue,directive24,attribution,initial,DEPARTEMENT DE LA SEINE-MARITIME,76101,Rouen Cedex,"[('2020-06-17', 'Dalkia', (427844.83, 'EUR'), 'Lot no1 : Secteur rouennais'), ('2020-06-17', 'Veolia Energie France', (260754.16, 'EUR'), 'Lot no2 : Secteur havrais')]",['Prestations de services'],[274],non,non
199,20-78811,2020-06-21,2020-07-17,['77'],"Fourniture, acheminement de gaz naturel et services associés",joue,directive24,appeloffre,initial,SDESM,77000,La Rochette,,"['Electricité, gaz (fourniture)']",[443],non,non
200,20-78762,2020-06-21,2020-07-21,['77'],"Le présent marché concerne la fourniture, l'acheminement d'électricité et les services associés pour les membres du groupement de commandes coordonné par le SDESM",joue,directive24,appeloffre,initial,SDESM,77000,La Rochette,,"['Electricité, gaz (fourniture)']",[443],non,non
201,20-78903,2020-06-21,2020-07-19,['77'],Accord-cadre de mission de suivi de la tenue des chantiers des preneurs de lots sur les emprises des ZAC EpaMarne & EpaFrance,joue,directive24,attribution,initial,EPAMARNE,77448,Marne la vallee cedex 2,,"[""Mission d'ordonnancement, pilotage, coordination (OPC)"", 'Prestations de services']","[234, 274]",non,non
202,20-78925,2020-06-21,2020-09-30,"['78', '35', '29', '33', '69', '57', '83']","Conception, construction, aménagement entretien et maintenance de bâtiments d'hébergement relevant du ministère des Armées",joue,directive24,attribution,initial,DCSID,78000,Versailles,,"[""Ouvrage d'infrastructure""]",[253],non,oui
203,20-78597,2020-06-21,2020-07-17,"['78', '75']",PRESTATIONS DE SCENOGRAPHIE POUR UNE EXPOSITION TEMPORAIRE AU CHATEAU DE VERSAILLES,joue,directive24,appeloffre,initial,EPCMDN-Versailles,78008,Versailles cedex,,['Prestations de services'],[274],non,non
204,20-79275,2020-06-21,2020-07-31,['78'],Missions d'assistance à maîtrise d'Ouvrage dans le cadre de projets de sûretéélectronique destinées à la sécurisation de biens et de personnes,joue,directive24,appeloffre,initial,Conseil départemental des Yvelines,78012,Versailles,,['Etude'],[118],non,non
205,20-79150,2020-06-21,2020-07-23,['78'],Maintenance et rénovation des stations de comptage sur les routes départementales des Yvelines,joue,directive24,appeloffre,initial,Conseil départemental des Yvelines,78012,Versailles,,['Electricité (travaux)'],[105],non,oui
206,20-78621,2020-06-21,2020-07-29,['78'],Assurances de la Ville de Mantes-la-Jolie,joue,directive24,appeloffre,initial,Commune de Mantes la Jolie,78200,Mantes-la-Jolie,,['Assurance'],[20],non,non
207,20-78592,2020-06-21,2020-09-02,['78'],Concession de l'exploitation des parcs de stationnement et du stationnement payant sur voirie sur le territoire de la Ville de Mantes-la-Jolie,joue,autre,rectificatif,rectificatif,Commune de Mantes la Jolie,78201,Mantes la jolie cedex,,['Délégation de service public'],[406],non,non
208,20-78822,2020-06-21,2020-08-03,['92'],Fourniture de viandes et charcuteries,joue,directive24,appeloffre,initial,Ville de Clamart,78230,Clamart,,['Denrées alimentaires'],[88],non,non
209,20-78856,2020-06-21,2020-08-18,"['78', '91', '92', '93', '94', '95']","Transport en autocars d'élèves, d'enfants et d'adultes",joue,directive24,appeloffre,initial,Mairie des Clayes Sous Bois,78340,LES CLAYES SOUS BOIS,,['Transport'],[347],non,non
210,20-79050,2020-06-21,2020-08-18,"['78', '91', '92', '93', '94', '95']","Transport en autocars d'élèves, d'enfants et d'adultes",joue,directive24,appeloffre,initial,COMMUNE DE LES CLAYES SOUS BOIS,78340,Les Clayes Sous Bois,,['Transport'],[347],non,non
211,20-78749,2020-06-21,2020-07-30,['78'],Gestion et exploitation des salles de cinéma Louis Jouvet et Jean-Françaix au centre artistique Jacques Catinat,joue,directive23,appeloffre,initial,MAIRIE DE CHATOU,78400,Chatou,,['Prestations de services'],[274],non,non
212,20-79274,2020-06-21,2020-07-29,['78'],La présente consultation est relative aux prestations de services enassurances,joue,directive24,appeloffre,initial,ville de Sartrouville,78506,Sartrouville,,['Assurance'],[20],non,non
213,20-79115,2020-06-21,2020-07-22,['79'],"Prestations de location de bennes, chargement, transport et traitement des déchets issus des déchèteries pour le compte de la Communauté de Communes de Parthenay-Gâtine.",joue,directive24,appeloffre,initial,Communauté Communes Parthenay-Gâtine,79200,Parthenay,,['Déchets non ménagers (prestations)'],[404],non,oui
214,20-79209,2020-06-21,2020-08-31,['80'],"Location de matériels de travaux publics et d'espaces verts sans opérateur, fournitures et prestations connexes, pour les services du Département de la Somme.",joue,directive24,appeloffre,initial,Conseil Départemental de la Somme,80026,Amiens,,['Location (matériels)'],[185],non,non
215,20-78678,2020-06-21,2020-07-17,['80'],realisation de contrôles et essais sur reseaux d'assainissement et conduites d'eau potable,joue,directive25,attribution,initial,Amiens Métropole,80027,AMIENS,,"['Assainissement', 'Canalisations', 'Prestations de services']","[18, 48, 274]",non,non
216,20-78901,2020-06-21,2020-07-27,['80'],Fourniture et livraison de produits chimiques pour le service de l'eau et de l'assainissement,joue,directive25,appeloffre,initial,Amiens Métropole,80027,AMIENS,,['Produits chimiques'],[275],non,non
217,20-79038,2020-06-21,2020-09-17,['80'],Suivi-animation du PIG de la CC2SO,joue,directive24,appeloffre,initial,CC SOMME SUD OUEST,80290,Poix de picardie,,['Prestations de services'],[274],non,non
218,20-78726,2020-06-21,2020-07-21,['81'],Concours de maîtrise d'oeuvre pour l'extension d'un bâtiment sur le site du CFA de Cunac,joue,directive24,appeloffre,initial,THEMELIA,81011,Albi cedex 9,,['Ingénierie'],[455],non,non
219,20-79243,2020-06-21,2020-09-16,['82'],Assistance à maîtrise d'ouvrage pour le renouvellement du système d'information de gestion financière (Sigf),joue,directive24,attribution,initial,DEPARTEMENT DU TARN ET GARONNE,82000,Montauban,"[('2020-06-18', 'Ey Advisory', (207510, 'EUR'), None)]","[""Assistance à maîtrise d'ouvrage""]",[433],non,non
220,20-78666,2020-06-21,2020-07-20,['82'],"Collecte, transport et traitement des déchets diffus spécifiques hors périmètre ECODDS",joue,directive24,appeloffre,initial,Cté de Communes Terres des Confluences,82100,Castelsarrasin,,"['Prestations de services', 'Déchets non ménagers (prestations)']","[274, 404]",non,non
221,20-78674,2020-06-21,2020-08-26,['83'],Maintenance multi-technique du CH de Saint-Tropez,joue,directive24,appeloffre,initial,CHI Toulon La Seyne sur Mer,83056,Toulon cedex 9,,"['Chauffage (matériel)', 'Maintenance']","[60, 196]",non,non
222,20-78863,2020-06-21,2020-07-24,['83'],"Appel d'offres relatif aux Illuminations festives de la ville de Toulon, en 2 lots",joue,directive24,appeloffre,initial,COMMUNE DE TOULON,83056,Toulon,,['Illumination'],[170],non,non
223,20-79139,2020-06-21,2020-07-23,['83'],"Appel d'Offres Ouvert en vue de la fourniture de de produits d'entretien, d'articles d'hygiène et d'articles de droguerie en 5 lots",joue,directive24,appeloffre,initial,COMMUNE DE TOULON,83056,Toulon,,"['Articles à usage unique', 'Droguerie', 'Hygiène (articles)']","[15, 95, 153]",non,oui
224,20-79041,2020-06-21,2020-07-23,['83'],Accord-cadre à bons de commande en vue de remplacement et/ou pose de films sur vitrages,joue,directive24,appeloffre,initial,COMMUNE DE TOULON,83056,Toulon,,['Vitrerie'],[363],non,non
225,20-78955,2020-06-21,2020-07-22,['83'],"Création et mise en place de la scénographie du "" Village de Noël 2020 "", Place de la Liberté à Toulon",joue,directive24,appeloffre,initial,COMMUNE DE TOULON,83056,Toulon,,['Prestations de services'],[274],non,non
226,20-79042,2020-06-21,2020-08-11,['83'],"Achat De Velos Et Trottinettes A Assistances Electriques, Location Des Stations Et Gestion Du Service De Location De Velos Et Trottinettes En Libre Service Sur La Ville De Six Four",joue,directive24,appeloffre,initial,Commune de Six-Fours-les-Plages,83140,Six-Fours-Les-Plages,,"['Pièces détachées', 'Prestations de services', 'Véhicules (acquisition)']","[266, 274, 475]",non,non
227,20-78952,2020-06-21,2020-08-04,['83'],Travaux de remplacement et renforcement des réseaux électriques courant fort existant,joue,directive24,appeloffre,initial,REGIE PORT PLAISANCE MARINES COGOLIN,83310,Cogolin,,"['Matériel électrique', 'Matériel électronique']","[203, 204]",non,non
228,20-79030,2020-06-21,2020-08-31,['83'],Prestations de maintenance et contrôle des équipements de mesure au profit des unités rattachées aux Groupements de Soutien des bases de défense (GSBdD) relevant de la Plateforme Commissariat Sud (..,joue,directive81,appeloffre,initial,MINDEF / EMA / DC SCA / PFAF SE,83800,Toulon,,['Maintenance'],[196],non,oui
229,20-78617,2020-06-21,2020-08-19,['84'],Fourniture d'anticorps en immunohistochimie pour le laboratoire d'anatomocytopathologie du Centre Hospitalier d'Avignon,joue,directive24,attribution,initial,CENTRE HOSPITALIER D AVIGNON,84902,Avignon cedex 9,,['Réactifs'],[301],non,non
230,20-75024,2020-06-21,2020-07-24,['85'],Travaux de restauration de l'Eglise saint louis classée monument historique,joue,directive24,appeloffre,initial,VILLE DE LA ROCHE SUR YON,85000,La Roche-sur-Yon,,"['Charpente', 'Chauffage (travaux)', 'Couverture', 'Clocher', 'Electricité (travaux)', 'Ferronnerie', 'Maçonnerie', 'Menuiserie', 'Peinture (travaux)']","[57, 61, 74, 80, 105, 126, 195, 222, 264]",non,non
231,20-78888,2020-06-21,2020-07-19,['85'],Prestation de fournitures de suivi des Glaces dérivantes Vendée Globe 2020-2021,joue,directive24,appeloffre,initial,VENDEE,85000,La Roche sur Yon,,['Prestations de services'],[274],non,non
232,20-78979,2020-06-21,2020-07-16,['85'],Secteur Vallée du Marillet - Fourniture et pose de canalisations d'eau potable en fonte - Liaison adduction Moulin Papon - Route de Dompierre Sur Yon à La Roche Sur Yon.,joue,directive25,appeloffre,initial,VENDEE EAU,85036,La Roche sur Yon,,['Alimentation en eau potable'],[6],non,non
233,20-79286,2020-06-21,2020-09-16,['85'],"Achat de deux spectacles existants pour la saison estivale à l'abbaye de Maillezais : "" Rabelais l'Extraordinaire "" et "" Marin du Marais """,joue,directive24,attribution,initial,Département de la Vendée,85923,La Roche Sur Yon,"[('2020-06-17', 'Association Paul Production', (295152.24, 'EUR'), None)]",['Spectacle'],[472],non,non
234,20-79284,2020-06-21,2020-09-16,['85'],Achat d'un spectacle existant pour la saison estivale eu Logis de la Chabotterie,joue,directive24,attribution,initial,Département de la Vendée,85923,La Roche Sur Yon,"[('2020-06-18', 'Association Diapason', (272898.99, 'EUR'), None)]",['Spectacle'],[472],non,non
235,20-78950,2020-06-21,2020-07-08,['86'],Acheminement et fourniture d'électricité pour les comptages dont la puissance est inférieure ou égale à 36 kVA sur réseaux SRD et ENEDIS,joue,directive24,appeloffre,initial,SI Energies Vienne,86068,Poitiers Cedex 9,,"['Electricité, gaz (fourniture)']",[443],non,non
236,20-79267,2020-06-21,2020-07-24,['87'],Prestations d'infogérance du système d'information de Limoges Métropole - Lot no3 : Hébergement infogéré,joue,directive24,appeloffre,initial,COMMUNAUTE D AGL LIMOGES METROPOLE,87031,LIMOGES Cedex 1,,['Informatique (maintenance serveurs et réseaux)'],[454],non,non
237,20-78814,2020-06-21,2020-08-19,['87'],Prestation d'analyste fonctionnel et technique dans le cadre de la relation bénéficiaires et d'assistance en maitrise d'ouvrage sur le logiciel Kiamo,joue,directive24,attribution,initial,Agence de services et de paiement,87040,Limoges,"[('2020-06-11', 'CELIOS CONSEIL', (300000, 'EUR'), ""Prestation d'analyste fonctionnel et technique dans le cadre de la relation bénéficiaires assurée par l'ASP""), ('2020-06-11', 'SYD CRC', (172800, 'EUR'), ""Prestation d'assistance à maîtrise d'ouvrage dans le cadre de projets d'évolution de l'outil Kiamo de l'éditeur Conecteo."")]","['Informatique (prestations de services)', 'Prestations de services']","[163, 274]",non,non
238,20-79116,2020-06-21,2020-07-28,['90'],Exploitation et maintenance des installations thermiques des bâtiments communaux,joue,directive24,appeloffre,initial,COMMUNE DE DANJOUTIN,90400,DANJOUTIN,,"['Chauffage (exploitation, entretien)']",[59],non,non
239,20-79072,2020-06-21,2020-08-17,['91'],Conceptions graphiques diverses pour les besoins de la commune de Ris-Orangis (91130),joue,autre,rectificatif,rectificatif,COMMUNE DE RIS ORANGIS,91130,Ris Orangis,,"['Prestations de services', 'Publicité, Communication']","[274, 285]",non,non
240,20-72265,2020-06-21,2020-07-24,['92'],fourniture de papier blanc de reprographie et de papier couleur,joue,directive24,appeloffre,initial,Ville de Nanterre,92000,NANTERRE,,['Papeterie'],[262],non,oui
241,20-78755,2020-06-21,2020-09-04,['92'],CFI AO Agence de voyage,joue,directive24,appeloffre,initial,TRANSTELE CANAL FRANCE INTERNATIONAL,92130,Issy-les-moulineaux,,"['Prestations de services', 'Voyage']","[274, 367]",non,non
242,20-51698,2020-06-21,2020-08-17,"['91', '75']",Fabrication et fourniture du guide de neutrons pour le diffractomètre MAGiC de l'ESS (European Spallation Source),joue,directive24,appeloffre,initial,CNRS,92190,Meudon,,['Equipements spécialisés'],[115],non,oui
243,20-78730,2020-06-21,2020-07-27,['92'],"Fournitures scolaires, périscolaires et de petits matériels pédagogiques, fournitures de bureau et de tampons personnalisables - 3 lots",joue,directive24,appeloffre,initial,COMMUNE DE CHATENAY MALABRY,92290,Chatenay-malabry,,['Articles de bureau et articles scolaires'],[16],non,oui
244,20-78719,2020-06-21,2020-07-27,"['92', '87']","Transport aller/retour d'oeuvres d'art pour l'exposition temporaire intitulée "" A table ! Le repas tout un art "", et exécution des prestations associées",joue,directive24,appeloffre,initial,ETS PUB CITE CERAMIQUE SEVRES LIMOGES,92310,Sèvres,,['Transport'],[347],non,non
245,20-79214,2020-06-21,2020-07-20,"['73', '69', '75', '92', '78']",2020GGUE-SCOMP-EL-9B-8KGPS-CMA-C,joue,directive24,appeloffre,initial,ONERA - Direction des Achats,92322,Chatillon cedex,,"['Equipement industriel', 'Equipements spécialisés']","[112, 115]",non,non
246,20-79097,2020-06-21,2020-07-22,"['13', '92', '91']",Réalisation d'un système de projection,joue,directive24,appeloffre,initial,ONERA - Direction des Achats,92322,Chatillon cedex,,['Matériel photographique et cinématographique'],[214],non,non
247,20-79109,2020-06-21,2020-07-22,"['92', '91']","Fourniture, livraison, installation et mise en service d'une enceinte à vide thermique",joue,directive24,appeloffre,initial,ONERA - Direction des Achats,92322,Chatillon cedex,,"['Equipement industriel', 'Equipements spécialisés']","[112, 115]",non,non
248,20-79104,2020-06-21,2020-07-22,"['13', '91', '92']",Supply of active flight controls and tillers for research flight simulator,joue,directive24,appeloffre,initial,ONERA - Direction des Achats,92322,Chatillon cedex,,['Aéronautique'],[4],non,non
249,20-79119,2020-06-21,2020-07-23,['92'],"Fourniture de linges pour la Ville de Puteaux et ses centres de vacances Ploemeur (56), Ghisonaccia (20) et La Clusaz (74)",joue,directive24,appeloffre,initial,Ville de Puteaux,92800,Puteaux,,['Blanchissage'],[36],non,oui
250,20-79231,2020-06-21,2020-07-20,['93'],T Zen 3 - Conception des actions de communication,joue,directive24,appeloffre,initial,DEPARTEMENT DE LA SEINE SAINT DENIS,93000,Bobigny,,"['Publicité, Communication']",[285],non,non
251,20-78960,2020-06-21,2020-07-21,['93'],Nettoyage des surfaces vitrées des collèges de Ssd,joue,directive24,appeloffre,initial,DEPARTEMENT DE LA SEINE SAINT DENIS,93000,Bobigny,,['Nettoyage de locaux'],[239],non,oui
252,20-79129,2020-06-21,2020-08-17,"['93', '75', '92', '94']",Prestations de tierce recette applicative des applications informatiques de l'UCANSS.,joue,directive24,appeloffre,initial,UCANSS,93100,Montreuil,,['Informatique (prestations de services)'],[163],non,non
253,20-78718,2020-06-21,2020-07-14,"['93', '75', '94']",Maintien en condition opérationnelle de l'infrastructure informatique du système d'information de Pôle emploi,joue,autre,rectificatif,rectificatif,DSI de Pôle emploi,93100,MONTREUIL,,['Informatique (maintenance serveurs et réseaux)'],[454],oui,non
254,20-79190,2020-06-21,2020-07-31,['93'],RELANCE-Travaux de construction du Groupe Scolaire Lili Boulanger Petits Pianos à Saint-Denis,joue,directive24,appeloffre,initial,Ville de Saint-Denis,93205,Saint-denis cédex 01,,"['Bâtiment', 'Cuisine (équipement)', 'Plomberie (travaux)']","[33, 77, 270]",oui,non
255,20-79247,2020-06-21,2020-07-17,"['93', '75']",Refonte des applications du système d'information (SI Cristal) dédié au prélèvement et à la greffe d'organes et de tissus et tierce maintenance applicative (TMA) associée.,joue,directive24,appeloffre,initial,Agence de la biomédecine,93212,Saint denis la plaine cedex,,['Informatique (prestations de services)'],[163],non,non
256,20-78824,2020-06-21,2020-07-10,['93'],FORMATIONS EN LANGUES ETRANGERES POUR LES PERSONNELS DE L'AGENCE DE LA BIOMEDECINE ET DE L'AGENCE NATIONALE DE SECURITE DU MEDICAMENT ET DES PRODUITS DE SANTE,joue,directive24,attribution,initial,AGENCE DE LA BIOMEDECINE,93212,Saint-denis,"[('2020-05-18', 'LINGUAPHONE NT', (1066666.66, 'EUR'), 'Formation langues étrangères')]",['Formation'],[410],non,non
257,20-79254,2020-06-21,2020-08-25,"['93', '75', '91', '92', '94', '95', '77', '78']",Tierce maintenance applicative pour la gestion d'identités sur le Campus Condorcet.,joue,directive24,appeloffre,initial,Campus Condorcet,93322,Aubervilliers cedex,,['Informatique (maintenance serveurs et réseaux)'],[454],non,non
258,20-78663,2020-06-21,2020-09-01,"['93', '75', '77', '78', '94', '91', '92', '95']","Accord-cadre multi-attributaires à bons de commande de maîtrise d'oeuvre hors "" MOP "" portant sur des travaux TCE (6 lots géographiques)",joue,directive24,attribution,initial,Ile-de-France-Construction Durable.fr,93500,Pantin,,"[""Maîtrise d'oeuvre""]",[197],non,non
259,20-78900,2020-06-21,2020-08-18,['93'],"Conduite, maintenance et exploitation des installations de chauffage collectif",joue,directive24,attribution,initial,Pantin Habitat,93697,Pantin cedex,"[('2020-06-18', 'SEEM ENERGIE', (5815832, 'EUR'), 'Conduite, maintenance et exploitation des installations de chauffage collectif du patrimoine de Pantin Habitat. Marché de type PFI-MCI-MTI')]","['Chauffage (exploitation, entretien)']",[59],non,non
260,20-78810,2020-06-21,2020-08-18,['93'],"MISSION DE MAITRISE D'OeUVRE POUR L'EXECUTION DES TRAVAUX DE RENOVATION ET D'AMELIORATION THERMIQUE DES BATIMENTS DU GROUPE D'HABITATION DENOMME "" MOTOBECANE "" A PANTIN",joue,directive24,attribution,initial,Pantin Habitat,93697,Pantin cedex,,"[""Maîtrise d'oeuvre""]",[197],non,non
261,20-79025,2020-06-21,2020-07-22,['94'],TRAVAUX DE CONSTRUCTION ET DE RENOVATION DANS LES BATIMENTS COMMUNAUX ET DU CCAS (GROUPEMENT DE COMMANDE VILLE ET CCAS),joue,directive24,appeloffre,initial,ville de Créteil,94010,Créteil cedex,,"['Cloison, faux plafond', 'Couverture', 'Electricité (travaux)', 'Etanchéité', 'Maçonnerie', 'Matériaux de construction', 'Peinture (travaux)', 'Plomberie (travaux)', 'Serrurerie', ""Tous corps d'état"", 'Occultation', 'Amiante (désamiantage)']","[63, 74, 105, 117, 195, 198, 264, 270, 321, 345, 414, 479]",non,non
262,20-78874,2020-06-21,2020-07-22,['94'],Entretien des réseaux d'assainissement,joue,directive24,appeloffre,initial,MAIRIE ORLY,94310,Orly,,['Assainissement'],[18],non,non
263,20-79279,2020-06-21,2020-07-27,['95'],"20sf02-Mission D'Opc Et Mission D'Ordonnancement, Pilotage Et Coordination Urbaine (Opcu) Pour L'Amenagement Des Equipements Et Espaces Publics Du Pole D'Echanges Multimodal De Cer",joue,directive24,appeloffre,initial,CACP,95027,Cergy-Pontoise,,['Prestations de services'],[274],non,non
264,20-78635,2020-06-21,2020-09-06,['95'],Fourniture de denrées alimentaire pour les crèches municipales,joue,directive24,appeloffre,initial,Ville de Cormeilles en Parisis,95240,CORMEILLES EN PARISIS,,['Denrées alimentaires'],[88],non,oui
265,20-78655,2020-06-21,2020-07-09,"['95', '77', '59', '92', '60', '93']",Fourniture et livraison de repas en liaison froide et de goûters destinés au service de restauration scolaire municipale,joue,directive24,appeloffre,initial,COMMUNE DE MARGENCY,95580,MARGENCY,,['Restauration collective'],[66],non,non
266,20-79114,2020-06-21,2020-07-19,['971'],Location et maintenance d'un camion ampliroll de 19 à 26 tonnes.,joue,directive24,attribution,initial,CA Sud Basse-Terre,97100,BASSE-TERRE,"[('2020-05-20', 'SARL FEELIN GREEN', (96000, 'EUR'), ""Location et maintenance d'un camion ampliroll de 19 à 26 tonnes."")]",['Véhicules (location)'],[474],non,non
267,20-78574,2020-06-21,2020-07-20,['971'],Fauchage Des Grandes Zones D'Espaces Verts En Zone Reservee Et Zone Publique Y Compris Eclaircissement Des Clôtures De La Concession Aeroportuaire De La Sagpc,joue,directive25,appeloffre,initial,SOC AEROPORTUAIRE GUADELOUPE POLE CARA,97139,Les Abymes,,['Espaces verts'],[116],non,non
268,20-79307,2020-06-21,2020-07-19,['978'],Fourniture et livraison de prothèses et de dispositifs médicaux implantables,joue,directive24,attribution,initial,Centre Hospitalier de Saint martin,97150,Saint-Martin,,"['Consommables médicaux', 'Prothèses']","[69, 284]",non,non
269,20-79012,2020-06-21,2020-07-19,['973'],"Accord-cadre à bon de commande pour l'établissement des états des lieux d'entré et de sorti sur le parc locatif de la Semsamar, pour son agence de Guyane.",joue,autre,rectificatif,rectificatif,SEMSAMAR (973),97351,Matoury,,['Etude'],[118],non,non
270,20-77941,2020-06-21,2020-07-08,['974'],désignation d'un cabinet en charge de la mission d'assistance à l'audit interne,joue,directive24,intentionconclure,initial,Caisse Réunion Retraite Complémentaire,97400,SAINT DENIS,"[('2020-06-05', 'FIDAUDIT', (120000, 'EUR'), ""désignation d'un cabinet en charge de la mission d'assistance à l'audit interne"")]",['Audit'],[21],oui,oui
271,20-78844,2020-06-21,2020-08-15,['974'],Amélioration du système d'extinction incendie du centre de tri des déchets de Pierrefonds au profit de la SEMRRE,joue,autre,rectificatif,rectificatif,SEM Réunion Recyclage Environnement,97410,Saint Pierre,,['Sécurité incendie'],[332],non,non
272,20-79306,2020-06-21,2020-09-30,['974'],Marché de maîtrise d'oeuvre pour la conception et la réalisation du prolongement et réaménagement de l'axe mixte de Saint Paul.,joue,autre,rectificatif,rectificatif,Conseil Régional de la Réunion,97490,Sainte clotilde,,['Prestations de services'],[274],non,non
273,20-77383,2020-06-21,2020-08-28,['974'],marché public global de performance pour la liaison en transport par câble entre les quartiers de bellepierre et de la montagne (dénommée transport par câble hôpital - la vigie).,joue,directive25,attribution,initial,CINOR,97495,Sainte-Clotilde cedex (Réunion - France),,"['Télécabines, télésièges, téléskis']",[337],non,non
274,20-78604,2020-06-21,2020-07-27,['976'],Aménagement du village de LongoniMission de maîtrise d'oeuvre urbaine et sociale (Mous),joue,directive24,appeloffre,initial,ETS PUB FONCIER ET AMENAGEMENT MAYOTTE,97600,Mamoudzou,,"['Prestations de services', 'Sondage, enquête']","[274, 471]",non,non
275,20-78603,2020-06-21,2020-07-20,['976'],Mission de coordination en matière de sécurité et de protection de la santé (catégorie 1),joue,directive24,appeloffre,initial,ETS PUB FONCIER ET AMENAGEMENT MAYOTTE,97600,Mamoudzou,,['Prestations de services'],[274],non,non
276,20-56235,2020-06-21,2020-07-15,['53'],contrat de concession pour le service public du développement et de l'exploitation du réseau de distribution d'électricité et de la fourniture d'énergie électrique aux tarifs réglementés de vente.,joue,directive23,modification,modification,TERRITOIRE D'ENERGIE MAYENNE,,CHANGE,"[('2018-11-21', 'ENEDIS', (319000000, 'EUR'), None)]","['Electricité (travaux)', 'Electricité, gaz (fourniture)']","[105, 443]",non,non
277,20-65190,2020-06-21,2020-07-30,['13'],Fourniture de bennes de collecte de déchets d'une catégorie de 12 m3 pour la Métropole Aix Marseille Provence,joue,directive24,appeloffre,initial,METROPOLE D AIX MARSEILLE PROVENCE,,Marseille,,['Benne'],[34],non,non
278,20-69118,2020-06-21,2020-09-11,['91'],prestation d'entretien et de réparation de plomberie et du chauffage pour les unités de recherche ou de service services gérés par la délégation ile-de-france gif-sur-yvette du cnrs,joue,directive24,appeloffre,initial,CNRS,,Gif sur yvette,,"['Chauffage (exploitation, entretien)']",[59],non,oui
279,20-78072,2020-06-21,2020-07-25,"['6', '13', '83']",achat de vehicules utilitaires,joue,directive24,appeloffre,initial,Commune de Cuers,,cuers,,['Véhicules (acquisition)'],[475],non,non
280,20-78630,2020-06-21,2020-07-22,"['14', '50', '61']",développement pharmaceutique d'un composé à indication cns,joue,directive24,appeloffre,initial,Université de Caen Normandie,,CAEN,,['Prestations de services'],[274],non,non
281,20-78843,2020-06-21,2020-08-31,['77'],Acquisition de véhicules légers et d'utilitaires,joue,directive24,appeloffre,initial,Ville de Pontault-Combault,,Pontault-Combault,,['Véhicules (acquisition)'],[475],non,non
282,20-78865,2020-06-21,2020-07-21,['10'],"fourniture et reprise de contenants pour la collecte des flux d'ordures ménagères, d'emballages ménagers recyclables et de déchets verts",joue,directive24,appeloffre,initial,Troyes Champagne Métropole,,Troyes,,"['Conteneur, poubelles']",[71],non,non
283,20-78935,2020-06-21,2020-08-19,['62'],marchés subséquents liés à accord cadre relatif à l'acheminement et la fourniture de gaz naturel (2 lots),joue,directive24,attribution,initial,Conseil départemental du Pas-de-Calais,,ARRAS,"[('2020-05-28', 'SAS GAZ DE BORDEAUX', (2306975, 'EUR'), 'acheminement et fourniture de gaz naturel aux points de livraison ayant une Consommation Annuelle de Référence (CAR) inférieure à 300 MWh. Période de fourniture 2021-2022'), ('2020-05-28', 'SAS GAZ DE BORDEAUX', (12898114, 'EUR'), 'acheminement et fourniture de gaz naturel aux points de livraison ayant une')]","['Electricité, gaz (fourniture)']",[443],non,non
