,a00_cle_idweb,g04_01_date_publication,g04_03_date_fin_diffusion,g04_07_dep_publication,g04_09_resume_objet,g01_02_01_famille,g01_02_02_perimetre,g01_02_03_nature,g01_02_04_statut,d01_01_denomination,d01_07_cp,d01_08_ville,d08_09_decision_titulaireandRENSEIGNEMENT,g04_052_descripteurs_libelles,g04_051_descripteurs_codes,g04_061_criteres_sociaux,g04_062_criteres_environnementaux
0,20-69517,2020-05-30,2020-07-23,['4'],Acquisition De Matériels électriques D'éclairage Public,joue,directive24,appeloffre,initial,DURANCE LUBERON VERDON AGGLOMERATION,04100,Manosque,,['Matériel électrique'],[203],non,non
1,20-69366,2020-05-30,2020-08-25,['5'],Un accord-cadre multi attributaire pour la réalisation de travaux de réparation des Oa et de travaux géotechniques,joue,directive24,attribution,initial,DEPARTEMENT DES HAUTES-ALPES,05008,Gap,"[('2020-05-26', 'Charles Queyras Tp', (1293448, 'EUR'), 'Antennes Techniques de Briançon et Eygliers'), ('2020-05-26', 'Eiffage Genie Civil', (1702740, 'EUR'), 'Antennes Techniques de Briançon et Eygliers'), ('2020-05-26', 'Festa Sas', (1395087, 'EUR'), 'Antennes Techniques de Briançon et Eygliers'), ('2020-05-26', 'Charles Queyras Tp', (1422793, 'EUR'), 'Antennes Techniques de Gap et Saint Bonnet'), ('2020-05-26', 'Festa Sas', (1358417, 'EUR'), 'Antennes Techniques de Gap et Saint Bonnet'), ('2020-05-26', 'Stp Pistono Denis', (853321, 'EUR'), 'Antennes Techniques de Gap et Saint Bonnet'), ('2020-05-26', 'Festa Sas', (1386797, 'EUR'), 'Antennes Techniques de Laragne et Veynes'), ('2020-05-26', 'Stp Pistono Denis', (853321, 'EUR'), 'Antennes Techniques de Laragne et Veynes'), ('2020-05-26', 'Gtm Sud', (736955, 'EUR'), 'Antennes Techniques de Laragne et Veynes'), ('2020-05-26', 'Freyssinet', (988775, 'EUR'), 'Travaux géotechniques'), ('2020-05-26', 'Stabilisation Protection', (978985, 'EUR'), 'Travaux géotechniques'), ('2020-05-26', 'Gtm Sud', (592300, 'EUR'), 'Travaux géotechniques')]","[""Ouvrage d'art""]",[252],non,non
2,20-69325,2020-05-30,2020-08-25,['5'],Acquisition de licences logicielles et services associés,joue,directive24,attribution,initial,DEPARTEMENT DES HAUTES-ALPES,05008,Gap,"[('2020-05-26', 'Bechtle Comsoft', (256261, 'EUR'), None)]",['Logiciel'],[186],non,non
3,20-67678,2020-05-30,2020-07-28,['6'],etudes d'incidence des loisirs et des activités de pleine nature sur l'environnement,joue,directive24,attribution,initial,Département des Alpes-Maritimes,06201,Nice cedex 3,"[('2020-04-28', 'BIOTOPE', (600000, 'EUR'), ""Etudes d'incidence des loisirs et des activités de pleine nature sur l'environnement"")]",['Etude'],[118],non,non
4,20-69266,2020-05-30,2020-06-29,['12'],Routes Départementales - Assistance technique et Contrôle externe pour les études d'infrastructures routières,joue,directive24,appeloffre,initial,Conseil Départemental de l AVEYRON,12450,FLAVIN,,['Etude'],[118],non,non
5,20-69532,2020-05-30,2020-06-29,['12'],Fourniture et transport de béton prêt à l'emploi - 10 lots,joue,directive24,appeloffre,initial,Conseil Départemental de l AVEYRON,12450,Flavin,,['Matériaux routiers'],[199],non,non
6,20-69340,2020-05-30,2020-06-06,['13'],Accord-cadre de services de nettoyage des tunnels exploités par la Métropole Aix-Marseille-Provence,joue,autre,rectificatif,rectificatif,METROPOLE D AIX MARSEILLE PROVENCE,13007,Marseille,,['Prestations de services'],[274],non,non
7,20-69176,2020-05-30,2020-07-28,"['13', '6']",maîtrise d'oeuvre (hors loi mop) pour des travaux de grosses réparations dans la région paca,joue,directive24,attribution,initial,ETS PUB FONCIER P A C A,13207,Marseille,,"[""Maîtrise d'oeuvre"", 'Prestations de services']","[197, 274]",non,non
8,20-69639,2020-05-30,2020-06-29,['13'],"Expertises, Conseils, Etudes, Strategies Et Marketing",joue,directive24,appeloffre,initial,GRAND PORT MARITIME DE MARSEILLE,13226,Marseille,,['Etude'],[118],non,non
9,20-69653,2020-05-30,2020-08-25,['13'],Mission De Maîtrise D'oeuvre Pour Le Renforcement Du Reseau Electrique 20kv Destine Au Raccordement De Navires En Escales,joue,directive25,attribution,initial,GRAND PORT MARITIME DE MARSEILLE,13226,Marseille,"[('2020-04-30', 'Artelia Industrie', (304050, 'EUR'), None)]",['Ingénierie'],[455],non,non
10,20-69502,2020-05-30,2020-08-28,['13'],"Travaux dans le corps d'état : Réseaux sanitaires, vidanges, débouchages - 2 lots",joue,directive24,attribution,initial,Ville de Marseille,13233,Marseille cedex 20,"[('2020-05-28', 'ORTEC Environnement SAS', (2000000.0, 'EUR'), 'Travaux dans le corps d\'état ""Réseaux sanitaires, vidanges, débouchages"": 1er, 6e, 7e, 8e, 9e, 10e, 11e, 12e arrondissements et équipements rattachés'), ('2020-05-28', 'ORTEC Environnement SAS', (2000000.0, 'EUR'), 'Travaux dans le corps d\'état ""Réseaux sanitaires, vidanges, débouchages"": 2e, 3e, 4e, 5e, 13e, 14e, 15e, 16e arrondissements et équipements rattachés')]",['Sanitaire'],[319],oui,oui
11,20-69598,2020-05-30,2020-08-28,['13'],"Tierce Maintenance Applicative des applications spécifiques ou libres de la Ville de Marseille, développements et prestations associées",joue,directive24,attribution,initial,Ville de Marseille,13233,Marseille cedex 20,,['Informatique (prestations de services)'],[163],non,non
12,20-69507,2020-05-30,2020-07-04,"['13', '4', '5', '6', '83', '84']","Prestations de services d'insertion professionnelle de type "" AccélèR'emploi"" (ACL) à mettre en oeuvre auprès des demandeurs d'emploi de la région Provence-Alpes-Côte d'Azur",joue,directive24,appeloffre,initial,Pôle emploi PACA,13395,Marseille,,['Prestations de services'],[274],non,non
13,20-69390,2020-05-30,2020-06-30,['13'],Fourniture et livraison de gasoil non routier (Gnr),joue,directive24,appeloffre,initial,Ville d'Arles,13637,Arles,,"['Carburant, hydrocarbure']",[52],non,non
14,20-69529,2020-05-30,2020-06-29,['14'],2020ASP078 - Aménagement de la traverse de SAINT LOUP DE FRIBOIS sur la RD 101,joue,directive24,appeloffre,initial,DEPARTEMENT DU CALVADOS,14035,CAEN CEDEX,,['Voirie'],[365],non,non
15,20-68690,2020-05-30,2020-06-22,"['14', '49', '35', '86', '45']","le marché a pour objet la fourniture de prestations d'évolutions logicielles, maintenance et hébergement des applicatifs e-toile (rectificatif)",joue,autre,rectificatif,rectificatif,ASSOCIATION E-TOILE,14053,CAEN,,"['Informatique (prestations de services)', 'Logiciel', 'Informatique (assistance)', 'Informatique (maintenance serveurs et réseaux)']","[163, 186, 453, 454]",non,non
16,20-68085,2020-05-30,2020-07-08,['17'],Acquisition de fournitures et de matériels de bureaux,joue,directive24,appeloffre,initial,Cons. Départ. de la Charente-Maritime,17076,LA ROCHELLE,,"['Articles de bureau et articles scolaires', 'Consommables informatiques', 'Matériel de bureau']","[16, 68, 207]",non,oui
17,20-68081,2020-05-30,2020-07-06,['17'],travaux de démolitions et retrait de matériaux contenant de l'amiante dans les collèges et bâtiments départementaux,joue,directive24,appeloffre,initial,Cons. Départ. de la Charente-Maritime,17076,La Rochelle Cedex 9,,['Amiante (désamiantage)'],[479],non,non
18,20-63511,2020-05-30,2020-09-15,['17'],collecte et traitement des déchets industriels spéciaux et banals issus des activités maritimes et portuaires du conseil départemental de la charente-maritime,joue,directive24,appeloffre,initial,Cons. Départ. de la Charente-Maritime,17076,La Rochelle Cedex 9,,['Déchets non ménagers (prestations)'],[404],non,oui
19,20-69576,2020-05-30,2020-07-29,"['17', '16', '33', '79']",Fournitures Scolaires et Pédagogiques - Travaux manuels et livres,joue,directive24,attribution,initial,Communauté d'Agglomération de Saintes,17100,Saintes,"[('2020-02-21', 'Lacoste', (160000, 'EUR'), 'FOURNITURES SCOLAIRES'), ('2020-02-21', 'Pichon', (64000, 'EUR'), 'TRAVAUX MANUELS'), ('2020-02-21', 'Saliba', (48000, 'EUR'), ""MANUELS SCOLAIRES ET MATERIELS D'ACCOMPAGNEMENT"")]",['Papeterie'],[262],non,non
20,20-69301,2020-05-30,2021-10-01,['18'],Marché public global de performance pour la conception et l'exploitation d'un centre de tri interdépartemental,joue,directive24,appeloffre,initial,SPL TRI BERRY NIVERNAIS,18000,Bourges,,['Déchets non ménagers (prestations)'],[404],non,non
21,20-69490,2020-05-30,2020-06-29,['18'],TRANSPORTS DE PRELEVEMENTS POUR ANALYSES MEDICALES OU AUTRES TRANSPORTS DIVERSPOUR LES ETABLISSEMENTS DU GHT DU CHER,joue,directive24,appeloffre,initial,C.H. Jacques Coeur de Bourges,18020,BOURGES Cedex,,"['Analyses médicales, biologiques', 'Transport']","[8, 347]",oui,oui
22,20-69552,2020-05-30,2020-06-30,['18'],"MARCHE DEXPLOITATION DE CHAUFFAGE(P1 MTI, P2, P3, P3R)pour les besoins de la ville de MEHUN SUR YEVRE-",joue,directive24,appeloffre,initial,Ville de Mehun sur Yévre,18500,MEHUN SUR YEVRE,,"['Chauffage (exploitation, entretien)']",[59],non,non
23,20-69277,2020-05-30,2020-08-08,['19'],"Convoyage, entretien et contrôle technique règlementaire du parc poids lourds du SDIS 19",joue,directive24,appeloffre,initial,SDIS 19,19003,Tulle cedex,,['Véhicules'],[359],non,non
24,20-69476,2020-05-30,2020-07-20,"['21', '25']",consultation en vue des prélèvements et analyses du contrôle sanitaire des eaux de la région bourgogne franche-comté,joue,directive24,appeloffre,initial,Agence Régionale de Santé BFC,21035,Dijon Cedex,,['Prestations de services'],[274],oui,non
25,20-69320,2020-05-30,2020-06-12,['21'],Fourniture de repas en liaison froide,joue,autre,rectificatif,rectificatif,Ville de Longvic,21600,Longvic,,['Restauration collective'],[66],non,oui
26,20-69487,2020-05-30,2020-07-08,"['25', '70', '39', '90', '71', '38', '58', '21']",Systèmes d'impression petits et hauts volumes pour le GHT CFC AO 2020-23,joue,directive24,appeloffre,initial,CENTRE HOSPITALIER REGIONAL UNVT,25030,Besançon,,"['Abris', 'Impression']","[1, 160]",non,non
27,20-70317,2020-05-30,2020-07-03,['25'],Réalisation de deux forages de reconnaissance - Recherche de nouvelles ressources en eau,fns,cmp2006,appeloffre,initial,Pays de Montbéliard Agglomération,25208,MONTBELIARD,,['Forage'],[132],non,non
28,20-69492,2020-05-30,2020-06-30,['27'],"Levé de sites départementaux (Bâtiments, topographie, levé et détection de réseau, bornage)",joue,autre,rectificatif,rectificatif,Conseil Général de l'Eure,27021,Evreux cedex 01,,['Prestations de services'],[274],non,non
29,20-69268,2020-05-30,2020-07-28,['27'],Fourniture et livraison de denrées alimentaires en appprovisionnements directs de produits de l'agriculture pour la cuisine départementale du collège de Navarre d'Evreux,joue,directive24,attribution,initial,Conseil Général de l'Eure,27021,Evreux cedex 01,,['Denrées alimentaires'],[88],non,oui
30,20-70325,2020-05-30,2020-07-30,['27'],Travaux de démolition et construction d'un préau et d'un bloc sanitaire au collège Pierre Brossolette à Brionne,fns,cmp2006,attribution,initial,DEPARTEMENT DE L EURE,27021,Evreux cedex 01,"[('2020-04-30', 'TERRASSEMENT TP CREVEL', (25600.96, 'EUR'), None), ('2020-04-29', 'EIFFAGE CONSTRUCTION HAUTE NORMANDIE', (231807.19, 'EUR'), None), ('2020-04-29', 'R2C SAS', (157679.92, 'EUR'), None), ('2020-05-29', 'ENC-CGB', (137717.28, 'EUR'), None), ('2020-04-29', 'DELTAKLIMA', (50280.0, 'EUR'), None), ('2020-04-30', 'DUVAL ELECTRICITE', (39099.63, 'EUR'), None)]","[""Tous corps d'état""]",[345],oui,oui
31,20-69506,2020-05-30,2020-07-01,['28'],Maintenance des installations techniques de l'ensemble du patrimoine immobilierdu Conseil départemental d'Eure et Loir relance des lots 7-11-14-16,joue,directive24,appeloffre,initial,Conseil général d'Eure et Loir,28028,Chartres,,['Prestations de services'],[274],non,non
32,20-69437,2020-05-30,2020-06-28,['28'],Avis de résultat de concours de maîtrise d'oeuvre pour la réhabilitation du groupe scolaire des Bâtes,joue,directive24,attribution,initial,Commune de Dreux,28103,Dreux cedex,,"[""Maîtrise d'oeuvre""]",[197],non,non
33,20-69196,2020-05-30,2020-07-03,"['29', '56']",Fourniture et livraison de pièces détachées pour les véhicules et matériels de la Ville de Quimper,joue,directive24,appeloffre,initial,Ville de Quimper,29000,QUIMPER,,"['Equipement industriel', 'Equipements spécialisés', 'Matériel agricole, horticole', 'Mécanique']","[112, 115, 200, 221]",non,non
34,20-69337,2020-05-30,2020-07-07,['29'],Fourniture de Dispositifs Médicaux pour Abord Chirurgical - GHT de l'Union Hospitalière de Cornouaille,joue,directive24,appeloffre,initial,CH DE CORNOUAILLE,29107,Quimper cedex,,"['Consommables médicaux', 'Matériel médical']","[69, 212]",non,non
35,20-69299,2020-05-30,2020-06-29,"['29', '22', '35']","Contrôles annuels, vérification, maintenance et dépannage des moyens de lutte contre les risques incendie et de panique sur le patrimoine géré par la Ville de Morlaix",joue,directive24,attribution,initial,Ville de Morlaix,29671,Morlaix cedex,,['Détection incendie'],[90],non,non
36,20-69430,2020-05-30,2020-07-07,['31'],METEO-FRANCE2032F0052,joue,directive24,appeloffre,initial,METEO FRANCE,31057,TOULOUSE Cedex 01,,"['Informatique (prestations de services)', 'Prestations de services']","[163, 274]",non,non
37,20-69563,2020-05-30,2020-07-06,"['34', '31', '48', '66', '81', '82']",Organisation des salons Travail Avenir Formation (TAF),joue,directive24,appeloffre,initial,REGION OCCITANIE,31406,TOULOUSE,,['Evénementiel'],[445],non,non
38,20-69545,2020-05-30,2020-06-19,"['31', '34']",Evaluation environnementale stratégique du programme opérationnel régional FEDER-FSE Occitanie 2021-2027,joue,directive24,appeloffre,initial,REGION OCCITANIE,31406,TOULOUSE,,"['Audit', ""Assistance à maîtrise d'ouvrage""]","[21, 433]",non,non
39,20-69316,2020-05-30,2020-07-02,['31'],20mc0019aoo - Ac/Za - La Maintenance Des Moteurs Electriques - Annee 2020 A 2024,joue,directive24,appeloffre,initial,TOULOUSE METROPOLE,31505,Toulouse,,['Maintenance'],[196],non,non
40,20-69495,2020-05-30,2020-07-28,['33'],MAINTENANCE DES INSTALLATIONS ELECTRIQUES DU STADE CHABAN ET DES OUVRANTS MOTORISES HORS NORMES,joue,directive24,attribution,initial,Bordeaux Métropole,33045,BORDEAUX,"[('2020-02-28', 'EIFFAGE ENERGIE SYSTEMES - AQU', (2720000.0, 'EUR'), 'Maintenance des installations électriques du stade Chaban Delmas')]",['Maintenance'],[196],non,non
41,20-69212,2020-05-30,2020-06-19,['33'],formations professionnelles 3ème campagne - PRF 2020,joue,directive24,appeloffre,initial,Région Nouvelle Aquitaine,33077,Bordeaux,,['Formation'],[410],non,non
42,20-69330,2020-05-30,2020-06-30,['33'],FOURNITURE D'UN COMPACTEUR DE DECHETS POUR INSTALLATION DE STOCKAGE DES DECHETS NON DANGEREUX (CLASSE 2),joue,directive24,appeloffre,initial,SMICOTOM,33112,Saint Laurent Médoc,,"['Location (matériels)', 'Machines-outils']","[185, 194]",non,non
43,20-69315,2020-05-30,2020-06-30,['33'],Fourniture de 4 chargeuses pneumatiques pour le Pôle Environnement,joue,directive24,appeloffre,initial,COBAS,33260,La Teste De Buch,,['Location (matériels)'],[185],non,non
44,20-69509,2020-05-30,2020-06-29,['33'],Maintenance préventive et corrective des systèmes de sécurité incendie et du désenfumage et compartimentage pour le Groupement Hospitalier de Territoire Alliance Gironde - Relance,joue,directive24,appeloffre,initial,CHU DE BORDEAUX,33400,Talence,,['Maintenance'],[196],non,non
45,20-69664,2020-05-30,2020-06-29,['34'],"Acquisition de couples épareuses / accessoires, montage et formation pour l'ensemble des services du Conseil Départemental de l'Hérault",joue,directive24,appeloffre,initial,Conseil départemental de l'Hérault,34087,Montpellier,,"['Matériel agricole, horticole']",[200],non,non
46,20-64115,2020-05-30,2020-07-31,['34'],Travaux uniques sur les réseaux d'éclairage public et éclairage extérieur sur le territoire des communes adhérentes à hérault energies et ayant transféré la compétence investissement EP,joue,directive24,attribution,initial,Hérault Energies,34120,Pézenas,,['Eclairage public'],[102],non,non
47,20-69164,2020-05-30,2020-07-10,"['34', '12']",Fourniture de produits de 4eme et 5eme gamme et produits traiteurs pour le CHU de Montpellier etablissement support du GHT Est Herault et Sud Aveyron,joue,autre,rectificatif,rectificatif,CHU DE MONTPELLIER,34295,Monpellier,,['Denrées alimentaires'],[88],non,oui
48,20-69467,2020-05-30,2020-07-06,"['12', '34']",Entretien des espaces verts du CH et de l'EHPAD de Millau,joue,directive24,appeloffre,initial,CHU DE MONTPELLIER,34295,MONTPELLIER CEDEX 5,,['Espaces verts'],[116],non,oui
49,20-69435,2020-05-30,2020-07-01,['34'],Lycée Jean Mermoz à Montpellier,joue,directive24,appeloffre,initial,SEM ARAC OCCITANIE,34961,Montpellier cedex 2,,"['Bâtiment', 'Cloison, faux plafond', 'Couverture', 'Electricité (travaux)', 'Etanchéité', 'Gros oeuvre', 'Laboratoire (matériel)', 'Menuiserie', 'Peinture (travaux)', 'Ravalement', 'Revêtements de sols', 'Sanitaire', 'Serrurerie']","[33, 63, 74, 105, 117, 144, 188, 222, 264, 299, 308, 319, 321]",oui,non
50,20-68978,2020-05-30,2020-07-28,"['35', '22', '29', '56']",Accord-cadre pour la fourniture de peinture et d'outillage nécessaire au métier de peintre,joue,directive24,attribution,initial,Région Bretagne,35711,Rennes cedex 7,"[('2020-04-16', 'THEODORE MAISON DE PEINTURE', (600000, 'EUR'), 'Peinture spécifique et outillage nécessaire au métier de peintre'), ('2020-04-15', 'NUANCES UNIKALO', (400000, 'EUR'), 'peinture bio-sourcée')]",['Peinture (fourniture)'],[263],non,oui
51,20-69418,2020-05-30,2020-07-16,['56'],"COËTQUIDAN (56) - Location d'un bâtiment modulaire, y compris travaux d'installation et de repli",joue,directive24,appeloffre,initial,ESID de Rennes,35998,Rennes cedex 9,,['Bâtiment'],[33],non,non
52,20-64089,2020-05-30,2020-07-10,['38'],travaux et maintenance éclairage public 2021-2024,joue,directive24,appeloffre,initial,Territoire d'Energie Isère - TE38,38000,GRENOBLE,,['Eclairage public'],[102],non,non
53,20-69313,2020-05-30,2020-07-06,['38'],Fourniture de matériel horticole - relance des lots 1 et 2,joue,directive24,appeloffre,initial,COMMUNE DE GRENOBLE,38021,Grenoble,,"['Matériel agricole, horticole']",[200],non,non
54,20-69360,2020-05-30,2020-06-30,['38'],Achat de légumes et fruits de saison et de pomme de terre destiné à promouvoir une consommation citoyenne,joue,directive24,appeloffre,initial,DEPARTEMENT DE L ISERE,38022,Grenoble,,['Denrées alimentaires'],[88],non,oui
55,20-69359,2020-05-30,2020-06-30,['38'],Achat de produits issus de l'agriculture biologique et produits labellisés destiné à promouvoir une consommation citoyenne,joue,directive24,appeloffre,initial,DEPARTEMENT DE L ISERE,38022,Grenoble,,['Denrées alimentaires'],[88],non,oui
56,20-69652,2020-05-30,2020-08-25,['38'],Achat de bons cadeaux pour les sportifs de haut-niveau du Département de l'Isère,joue,directive24,attribution,initial,DEPARTEMENT DE L ISERE,38022,Grenoble,"[('2020-01-21', 'Titres Cadeaux', (65986.8, 'EUR'), None)]","['Prestations de services', 'Carte magnétique, carte à puce', 'Chèque cadeau']","[274, 403, 436]",non,non
57,20-69332,2020-05-30,2020-07-10,['38'],Marché d'assurances,joue,directive24,appeloffre,initial,Ville de St Quentin Fallavier,38070,Saint Quentin Fallavier,,['Assurance'],[20],non,non
58,20-69451,2020-05-30,2020-06-30,['43'],"Maintenance, entretien et dépannage des ascenseurs, monte-personnes, monte-charges, barrières, portes, portails, rideaux semi-automatiques et automatiques",joue,directive24,appeloffre,initial,COMMUNAUTE D AGL DU PUY EN VELAY,43003,Le Puy en Velay,,"['Ascenseur', 'Maintenance', 'Porte automatique, portail']","[17, 196, 412]",non,non
59,20-69656,2020-05-30,2020-08-25,['43'],Fourniture de consommables et de matériels dédiés à l'assistance technique du Département pour l'assainissement collectif et au suivi de la qualité des cours d'eau,joue,directive24,attribution,initial,DEPARTEMENT DE LA HAUTE LOIRE,43009,Le Puy En Velay Cedex,"[('2020-03-30', 'Cpil', (240000, 'EUR'), None)]","['Consommables médicaux', 'Laboratoire (matériel)']","[69, 188]",non,non
60,20-69655,2020-05-30,2020-08-25,['43'],Numéro de la consultation : 2019-Dsi-0022 Accompagnement pour la mise en oeuvre de la solution Georchestra et développements complémentaires de la solution Mviewer,joue,directive24,attribution,initial,DEPARTEMENT DE LA HAUTE LOIRE,43009,Le Puy En Velay Cedex,"[('2020-03-30', 'Camptocamp France', (130000, 'EUR'), None)]",['Informatique (prestations de services)'],[163],non,non
61,20-69521,2020-05-30,2020-08-25,['43'],Achat de services de télécommunications,joue,directive24,attribution,initial,DEPARTEMENT DE LA HAUTE LOIRE,43009,Le Puy En Velay Cedex,"[('2020-03-30', 'Orange', (750000, 'EUR'), None)]","['Abonnement', 'Fibre optique', 'Informatique (prestations de services)']","[2, 133, 163]",non,non
62,20-69593,2020-05-30,2020-06-29,['43'],Transports scolaires affectés aux élèves en situation de handicap,joue,directive24,appeloffre,initial,DEPARTEMENT DE LA HAUTE LOIRE,43009,Le Puy En Velay Cedex,,['Transport'],[347],non,non
63,20-69670,2020-05-30,2020-08-25,['43'],Balayage De Rejets D'Enduits Année 2020 (2021-2022-2023),joue,directive24,attribution,initial,DEPARTEMENT DE LA HAUTE LOIRE,43009,Le Puy En Velay Cedex,"[('2020-03-30', 'Auvergne Nettoiement Service', (218800, 'EUR'), None)]",['Voirie'],[365],non,non
64,20-69671,2020-05-30,2020-08-25,['43'],Mission de maîtrise d'oeuvre pour l'aménagement de la Maison Départementale de l'Autonomie et d'un data center dans un bâtiment existant,joue,directive24,attribution,initial,DEPARTEMENT DE LA HAUTE LOIRE,43009,Le Puy En Velay Cedex,"[('2020-03-23', 'Eurl Didier Allibert', (212450, 'EUR'), None)]","[""Maîtrise d'oeuvre""]",[197],non,non
65,20-69523,2020-05-30,2020-08-25,['43'],Fourniture De Pieces Detachees Vehicules Renault (Pl et Vl),joue,directive24,attribution,initial,DEPARTEMENT DE LA HAUTE LOIRE,43009,Le Puy En Velay Cedex,,['Pièces détachées'],[266],non,non
66,20-69542,2020-05-30,2020-09-14,['44'],Fourniture de produits lessiviels pour les blanchisseries du GHT44 (3 lots),joue,autre,rectificatif,rectificatif,CHU de Nantes,44093,Nantes cedex,,"[""Produits d'entretien""]",[278],non,non
67,20-69504,2020-05-30,2020-07-10,['44'],PRESTATION D'AFFRANCHISSEMENT PAR MASSIFICATION ET COLLECTE ET DISTRIBUTION DE COURRIERS NON AFFRANCHIS (2 LOTS),joue,directive24,appeloffre,initial,CHU de Nantes,44093,Nantes cedex,,['Boîtes aux lettres'],[41],non,non
68,20-69667,2020-05-30,2020-06-22,['45'],"Acquisition et mise en oeuvre d'une solution de gestion du transport scolaire, maintenance et prestations associées",joue,autre,rectificatif,rectificatif,REGION CENTRE VAL DE LOIRE,45041,Orleans,,"['Informatique (prestations de services)', 'Informatique (assistance)']","[163, 453]",non,non
69,20-69624,2020-05-30,2020-07-06,['47'],MARCHE DE FOURNITURE D'ENERGIE D'EXPLOITATION ET DE MAINTENANCE DES INSTALLATIONS DE CHAUFFAGE ET CLIMATISATION DES BATIMENTS DU DEPARTEMENT DE LOT ET GARONNE,joue,directive24,appeloffre,initial,Département de Lot-et-Garonne,47922,Agen cedex 9,,"['Chauffage (exploitation, entretien)', 'Prestations de services']","[59, 274]",non,oui
70,20-69239,2020-05-30,2020-06-27,['47'],MARCHE DE FOURNITURE D'ENERGIE D'EXPLOITATION ET DE MAINTENANCE DES INSTALLATIONS DE CHAUFFAGE ET CLIMATISATION DES BATIMENTS DU DEPARTEMENT DE LOT ET GARONNE,joue,directive24,attribution,initial,Département de Lot-et-Garonne,47922,Agen cedex 9,,"['Chauffage (exploitation, entretien)', 'Prestations de services']","[59, 274]",non,non
71,20-69252,2020-05-30,2020-06-29,['49'],Maintenance des courants faibles du patrimoine locatif de Maine-et-Loire Habitat,joue,directive24,appeloffre,initial,MAINE LOIRE HABITAT OFFICE PUB HABITAT,49001,Angers,,['Maintenance'],[196],non,non
72,20-69380,2020-05-30,2020-07-03,['49'],"Marché de Maîtrise d'Oeuvre pour la Construction de 95 logements collectifs en locatifs, en accession et de 2 locaux commerciaux, ilot C1 ZAC Mayenne à Avrillé (49)",joue,directive24,appeloffre,initial,SOCLOVA,49004,ANGERS CEDEX 01,,"[""Maîtrise d'oeuvre""]",[197],non,non
73,20-69564,2020-05-30,2020-07-28,['49'],acquisition de fournitures de bureau,joue,directive24,attribution,initial,Angers Loire Métropole,49020,Angers,"[('2020-02-20', 'LYRECO FRANCE', (161589.75, 'EUR'), None)]",['Articles de bureau et articles scolaires'],[16],non,oui
74,20-69603,2020-05-30,2020-08-25,['50'],Prestation de remplacement temporaire et renfort de personnel municipal (Relance suite à une première consultation déclarée sans suite),joue,directive24,attribution,initial,COMMUNE DE SAINT LO,50010,Saint-Lô,"[('2020-05-07', ""Initiatives Pour L'Emploi"", (375000, 'EUR'), None)]",['Mise à disposition de personnel'],[461],non,non
75,20-69245,2020-05-30,2020-06-30,['50'],Nettoyage et entretien des vitreries et des locaux des bâtiments de la Communauté d'Agglomération du Cotentin,joue,directive24,appeloffre,initial,Communauté d'Agglomération du Cotentin,50130,Cherbourg en Cotentin,,['Nettoyage de locaux'],[239],non,oui
76,20-69612,2020-05-30,2020-07-21,['50'],Fourniture de repas sans boisson alcoolisée et démarche qualité du service cuisine,joue,directive24,appeloffre,initial,cias du val de see,50370,Brecey,,['Denrées alimentaires'],[88],non,non
77,20-69485,2020-05-30,2020-06-29,['51'],Maintenance des installations et équipements techniques des serres municipales,joue,directive24,appeloffre,initial,VILLE DE REIMS,51722,Reims cedex,,['Maintenance'],[196],non,non
78,20-69580,2020-05-30,2020-06-30,['51'],AMO - Contrôle convention DSP exploitation centre valorisation énergétique déchets,joue,directive24,appeloffre,initial,Communauté urbaine du Grand Reims,51722,Reims cedex,,"['Prestations de services', ""Assistance à maîtrise d'ouvrage""]","[274, 433]",non,non
79,20-69312,2020-05-30,2020-06-30,['53'],Contournement de Cossé-le-Vivien - Travaux d'aménagements paysagers,joue,directive24,appeloffre,initial,DEPARTEMENT DE LA MAYENNE,53014,Laval,,['Espaces verts'],[116],non,non
80,20-69682,2020-05-30,2020-06-05,"['54', '88']",Mise à disposition de personnels intérimaires dans les domaines technique et logistique pour le GCS Blanchisserie Sud Lorraine,joue,autre,rectificatif,rectificatif,GCS Blanchisserie Sud Lorraine,54035,Nancy cedex,,['Mise à disposition de personnel'],[461],non,non
81,20-69275,2020-05-30,2020-06-29,['54'],Appui à la structuration de la ligne 2 du parcours coordonné de bilan et d'intervention précoce des enfants présentant un trouble du neuro-développement,joue,directive24,appeloffre,initial,AGENCE REGIONALE DE SANTE GRAND EST,54036,Nancy cedex,,['Etude'],[118],non,non
82,20-69377,2020-05-30,2020-06-10,"['54', '55', '88', '57']",Concours restreint de Maîtrise d'oeuvre sur APS pour le transfert de l'IRT (Institut Régional du Travail) sur le Campus Carnot Ravinelle à Nancy (54),joue,directive24,appeloffre,initial,Université de Lorraine,54052,Nancy,,['Etude'],[118],non,oui
83,20-70334,2020-05-30,2020-06-26,"['54', '55', '57', '88']",Rénovation de plusieurs toitures sur Vandoeuvre,fns,cmp2006,appeloffre,initial,Université de lorraine,54052,Nancy,,['Etanchéité'],[117],oui,non
84,20-69345,2020-05-30,2020-06-22,['57'],Logistique des oeuvres d'art dans le cadre de l'exposition 'Chagall. Le passeur de lumière',joue,directive24,appeloffre,initial,EPCC du Centre Pompidou-Metz,57000,Metz,,['Transport'],[347],non,non
85,20-31803,2020-05-30,2020-08-14,"['57', '88', '10', '51', '54', '55', '67', '68']","accord-cadre relatif aux travaux d'entretien courant, de maintenance, de mise en conformité et d'aménagements ponctuels à entreprendre sur le patrimoine immobilier régional - mdr metz",joue,directive24,attribution,initial,REGION GRAND EST,57036,METZ Cedex 1,"[('2019-10-23', 'EIFFAGE ROUTE NORD EST', (1, 'EUR'), 'Voirie - Réseaux divers - Clôture - Terrassement'), ('2019-10-23', 'ENTREPRISE JEAN LEFEBVRE LORRAINE', (1, 'EUR'), 'Voirie - Réseaux divers - Clôture - Terrassement'), ('2019-10-23', 'EUROVIA LORRAINE', (1, 'EUR'), 'Voirie - Réseaux divers - Clôture - Terrassement'), ('2019-10-23', 'TP COLLE', (1, 'EUR'), 'Voirie - Réseaux divers - Clôture - Terrassement'), ('2019-10-23', 'MULLER TP', (1, 'EUR'), 'Voirie - Réseaux divers - Clôture - Terrassement'), ('2019-10-23', 'COLAS NORD EST', (1, 'EUR'), 'Voirie \x96 Réseaux divers \x96 Clôture - Terrassement'), ('2019-10-23', 'SARIBAT', (1, 'EUR'), 'GROS OEUVRE \x96 MACONNERIE - DEMOLITION'), ('2019-10-23', 'SPIE BATIGNOLLES EST ', (1, 'EUR'), 'GROS OEUVRE \x96 MACONNERIE - DEMOLITION'), ('2019-10-23', 'MULTIBAT ', (1, 'EUR'), 'GROS OEUVRE \x96 MACONNERIE - DEMOLITION'), ('2019-10-23', 'PBS ', (1, 'EUR'), 'GROS OEUVRE \x96 MACONNERIE - DEMOLITION'), ('2019-10-23', 'REAL PROJETS ', (1, 'EUR'), 'GROS OEUVRE \x96 MACONNERIE - DEMOLITION'), ('2019-10-23', 'WIG FRANCE ENTREPRISE', (1, 'EUR'), 'GROS OEUVRE \x96 MACONNERIE - DEMOLITION'), ('2019-10-23', 'SA COANUS ', (1, 'EUR'), 'Charpente bois - Couverture '), ('2019-10-23', 'CHARPENTES GALLAND ', (1, 'EUR'), 'Charpente bois - Couverture '), ('2019-10-23', 'ENTREPRISE ANDRE OBRINGER ', (1, 'EUR'), 'Charpente bois - Couverture '), ('2019-10-23', 'MADDALON FRERES ', (1, 'EUR'), 'Charpente bois - Couverture '), ('2019-10-23', 'MENUISERIE JOFFROY ', (1, 'EUR'), 'Menuiseries extérieures et intérieures bois - Sol bois '), ('2019-10-23', 'SCHREIBER', (1, 'EUR'), 'Menuiseries extérieures et intérieures bois - Sol bois . '), ('2019-10-23', 'PFIRSCH ROBERT ET FILS ', (1, 'EUR'), 'Menuiseries extérieures et intérieures bois - Sol bois . '), ('2019-10-23', 'MENUISERIE FORTUNE', (1, 'EUR'), ' MENUISERIES EXTERIEURES ET INTERIEURES BOIS \x96 SOLS BOIS'), ('2019-10-23', 'MENUISERIE CAPDOUZE', (1, 'EUR'), 'MENUISERIES EXTERIEURES ET INTERIEURES BOIS \x96 SOLS BOIS'), ('2019-10-23', 'MENUISERIE WUCHER', (1, 'EUR'), 'Menuiserie extérieures et intérieures bois - Sol bois '), ('2019-10-23', 'BOVE BATIMENT', (1, 'EUR'), 'Bardage - ravalement '), ('2019-10-23', 'CHARPENTES GALLAND ', (1, 'EUR'), 'Bardage - ravalement '), ('2019-10-23', 'PRO FACADE ', (1, 'EUR'), 'Bardage - ravalement '), ('2019-10-23', 'PRO FACADE ', (1, 'EUR'), 'Peintures extérieures et intérieures - Papiers peints . '), ('2019-10-23', 'EMPX', (1, 'EUR'), 'Peintures extérieures et intérieures - Papiers peints . '), ('2019-10-23', 'LAGARDE ET MEREGNANI SAS ', (1, 'EUR'), 'Peintures extérieures et intérieures - Papiers peints . '), ('2019-10-23', 'PEINTURE EGPL ', (1, 'EUR'), 'Peintures extérieures et intérieures - Papiers peints '), ('2019-10-23', 'APIB', (1, 'EUR'), 'Peintures extérieures et intérieures - Papiers peints . '), ('2019-10-23', 'FAUST', (1, 'EUR'), 'Peintures extérieures et intérieures - Papiers peints '), ('2019-10-23', 'TECHNI-PLAFOND ', (1, 'EUR'), 'Cloisons - Plâtrerie - Faux-plafonds - Doublages'), ('2019-10-23', 'SEE LAUER', (1, 'EUR'), 'Plâtrerie - Faux-plafonds - Doublages. '), ('2019-10-23', 'REAL PROJETS ', (1, 'EUR'), 'Cloisons - Plâtrerie - Faux-plafonds - Doublages'), ('2019-10-23', 'EMPX', (1, 'EUR'), 'Revêtements de sols souples - Sols durs - Faïence '), ('2019-10-23', 'LAGARDE ET MEREGNANI SAS ', (1, 'EUR'), 'Revêtements de sols souples - Sols durs - Faïence '), ('2019-10-23', 'PEINTURE EGPL ', (1, 'EUR'), 'Revêtements de sols souples - Sols durs - Faïence . '), ('2019-10-23', 'APIB', (1, 'EUR'), 'Revêtements de sols souples - Sols durs - Faïence '), ('2019-10-23', 'IB CONSTRUCTION ', (1, 'EUR'), 'Revêtements de sols souples - Sols durs - Faïence . '), ('2019-10-23', 'REAL PROJETS ', (1, 'EUR'), 'Revêtements de sols souples - Sols durs - Faïence '), ('2019-10-23', 'ETABLISSEMENTS BOUCHEREZ ', (1, 'EUR'), 'Chauffage - Ventilation '), ('2019-10-23', 'SPIE INDUSTRIE ET TERTIAIRE ', (1, 'EUR'), 'Chauffage - Ventilation '), ('2019-10-23', 'HERVE THERMIQUE ', (1, 'EUR'), 'Chauffage - Ventilation '), ('2019-10-23', 'ETABLISSEMENT HOULLE ', (1, 'EUR'), 'Chauffage - Ventilation '), ('2019-10-23', 'LORRAINE ENERGIE METZ ', (1, 'EUR'), 'Chauffage - Ventilation '), ('2019-10-23', 'EST MAINTENANCE SERVICE ', (1, 'EUR'), 'Chauffage - Ventilation '), ('2019-10-23', 'ETABLISSEMENTS BOUCHEREZ', (1, 'EUR'), 'Plomberie - Sanitaires '), ('2019-10-23', 'SPIE INDUSTRIE ET TERTIAIRE ', (1, 'EUR'), 'Plomberie - Sanitaires '), ('2019-10-23', 'HERVE THERMIQUE', (1, 'EUR'), '57070 METZ'), ('2019-10-23', 'ETABLISSEMENT HOULLE ', (1, 'EUR'), 'Plomberie - Sanitaires '), ('2019-10-23', 'LORRAINE ENERGIE ', (1, 'EUR'), 'Plomberie - Sanitaires '), ('2019-10-23', 'EST MAINTENANCE SERVICE ', (1, 'EUR'), 'Plomberie - Sanitaires '), ('2019-10-23', 'E.T.A.', (1, 'EUR'), 'Electricité - Courants forts - Courants faibles - SSI '), ('2019-10-23', 'COME ELEC', (1, 'EUR'), 'Electricité - Courants forts - Courants faibles - SSI '), ('2019-10-23', 'ENERGIES TERTIAIRE LORRAINE ', (1, 'EUR'), 'Electricité - Courants forts - Courants faibles - SSI '), ('2019-10-23', 'EIFFAGE ENERGIE SYSTEMES LORRAINE MARNE ARDENNES ', (1, 'EUR'), 'Electricité - Courants forts - Courants faibles - SSI '), ('2019-10-23', 'INEO INDUSTRIE ET TERTIAIRE EST', (1, 'EUR'), 'Electricité - Courants forts - Courants faibles - SSI '), ('2019-10-23', 'SATELEC', (1, 'EUR'), 'Electricité - Courants forts - Courants faibles - SSI '), ('2019-10-24', 'SA COANUS ', (1, 'EUR'), 'Toiture terrasse - Etanchéité '), ('2019-10-24', 'BOVE', (1, 'EUR'), 'Toiture terrasse - Etanchéité . '), ('2019-10-24', 'SMAC', (1, 'EUR'), 'Toiture terrasse - Etanchéité '), ('2019-10-24', 'CHARPENTES GALLAND ', (1, 'EUR'), 'Toiture terrasse - Etanchéité '), ('2019-10-24', 'MAYEUR ET ROMANI ', (1, 'EUR'), 'Toiture terrasse - Etanchéité '), ('2019-10-24', 'SOPREMA ENTREPRISES ', (1, 'EUR'), 'Toiture terrasse - Etanchéité '), ('2019-10-24', 'THYSSENKRUPP ASCENSEURS ', (1, 'EUR'), 'Ascenseurs - Automatismes - Monte-charges '), ('2019-10-24', 'OTIS', (1, 'EUR'), 'Ascenseurs - Automatismes - Monte-charges '), ('2019-10-24', 'KONE', (1, 'EUR'), 'Ascenseurs - Automatismes - Monte-charges '), ('2019-10-24', 'A2A ASCENSEURS LORRAINE ', (1, 'EUR'), 'Ascenseurs - Automatismes - Monte-charges '), ('2019-10-24', 'WIG FRANCE ENTREPRISES ', (1, 'EUR'), 'Désamiantage '), ('2019-10-24', 'MN ENVIRONNEMENT ', (1, 'EUR'), 'Désamiantage'), ('2019-10-24', 'SARL BARUCH ENVIRONNEMENT ', (1, 'EUR'), 'Désamiantage'), ('2019-10-24', 'HANAU', (1, 'EUR'), 'Désamiantage '), ('2019-10-24', 'CODEPA ', (1, 'EUR'), 'DESAMIANTAGE'), ('2019-10-24', 'ADNE FRANCE SAS ', (1, 'EUR'), 'Désamiantage'), ('2020-01-13', 'BATIMENT SERVICES TRAVAUX  ', (1, 'EUR'), 'Charpente métallique '), ('2020-01-13', 'GLOBAL SERVICES AGENCEMENT SARL', (1, 'EUR'), None), ('2020-01-13', 'VIGNOT ET CIE ', (1, 'EUR'), 'Charpente métallique '), ('2020-01-13', 'OMNIUM AGENCEMENT ', (1, 'EUR'), 'Charpente métallique '), ('2020-01-13', 'SALVINO SARL ', (1, 'EUR'), ""Menuiseries métalliques et PVC - Vitrerie - Stores d'occultation - Volets""), ('2020-01-13', 'OMNIUM AGENCEMENT ', (1, 'EUR'), ""Menuiserie métalliques et PVC - Vitrerie - Stores d'uccultation - Volets""), ('2020-01-13', 'SOCIETE NOUVELLE SIRCO BAT ', (1, 'EUR'), ""Menuiseries métalliques et PVC - Vitrerie - Stores d'occultation - Volets""), ('2020-01-13', 'MENUISERIE JOFFROY ', (1, 'EUR'), ""Menuiseries métalliques et PVC - Vitrerie - Stores d'occultation - Volets""), ('2020-01-13', 'SERRURERIE SMF ', (1, 'EUR'), ""Menuiseries métalliques et PVC - Vitrerie - Stores d'occultation - Volets "")]","['Bâtiment', 'Maintenance']","[33, 196]",non,non
86,20-68719,2020-05-30,2020-06-30,"['57', '67', '51']",affaire 20s0014 acquisition et livraison d'équipements de protection individuelle destinés à équiper les agents de la région grand est,joue,directive24,attribution,initial,REGION GRAND EST,57036,METZ CEDEX 1,"[('2020-05-20', 'FRANCE SECURITE', (249431.34, 'EUR'), 'Acquisition et livraison d\x92équipements de protection individuelle destinés à équiper les agents de la Région Grand Est ')]","['Chaussures ou articles chaussants', 'Habillement', 'Textile']","[79, 150, 343]",oui,oui
87,20-68704,2020-05-30,2020-06-30,"['57', '51']",affaire 20s0016 assurance de construction dommage ouvrage pour urca de reims,joue,directive24,attribution,initial,REGION GRAND EST,57036,METZ,,['Assurance'],[20],non,non
88,20-69537,2020-05-30,2020-07-22,['57'],FOURNITURE DE PRODUITS ALIMENTAIRES,joue,directive24,appeloffre,initial,CDE DE MOSELLE,57063,METZ,,"['Boisson', 'Denrées alimentaires', 'Surgelés']","[39, 88, 330]",non,non
89,20-69177,2020-05-30,2020-07-01,['59'],"20S0065 - Maintenance et télésurveillance des installations et des systèmes de protection contre l'intrusion des bâtiments communaux de la Ville de Lille, Lomme et Hellemmes et leurs CCAS",joue,directive24,appeloffre,initial,Ville de Lille,59033,Lille cedex,,['Télésurveillance'],[415],non,non
90,20-69286,2020-05-30,2020-07-01,['59'],Accords-cadres à bons de commande relatif aux missions d'ingénierie pour les sondages et les études géotechniques pour le Département du Nord-3 lots,joue,directive24,appeloffre,initial,DEPARTEMENT DU NORD,59047,Lille,,"['Bâtiments modulaires', 'Ingénierie']","[27, 455]",non,non
91,20-69439,2020-05-30,2020-07-16,['59'],Etudes et Assistance à Maîtrise d'Ouvrage dans le cadre d'un projet de Marché Public de Performance Energétique (MPPE) pour 5 collèges du Cambrésis,joue,directive24,appeloffre,initial,DEPARTEMENT DU NORD,59047,Lille,,"['Prestations de services', ""Assistance à maîtrise d'ouvrage""]","[274, 433]",non,non
92,20-69548,2020-05-30,2020-07-06,"['59', '2', '60', '62', '80']","Acquisition, installation et mise en service d'équipements pédagogiques destinés à la filière 'Structures Métalliques' dans les EPLE de la Région Hauts de France",joue,directive24,appeloffre,initial,Région Hauts-de-France,59555,LILLE,,"['Machines-outils', 'Outillage', 'Produits travail des métaux']","[194, 251, 281]",non,non
93,20-69309,2020-05-30,2020-07-29,['59'],Délégation de service public relative à la gestion du service public d'eau potable de la commune de fourmies,joue,directive23,appeloffre,initial,Ville de Fourmies,59610,FOURMIES,,['Alimentation en eau potable'],[6],non,non
94,20-69689,2020-05-30,2020-06-29,['61'],Marché de service relatif à la prestation d'assurance des Risques statutaires pour les collectivités et établissements affiliés et non affiliés au Centre de Gestion et pour lui mêm,joue,directive24,appeloffre,initial,CDG DE L'ORNE,61250,Valframbert,,['Assurance'],[20],non,non
95,20-69431,2020-05-30,2020-06-29,['62'],"Acquisition de documents scolaires et non scolaires, de tous supports pour les services de la Ville de Calais",joue,directive24,appeloffre,initial,Ville de Calais,62107,Calais cédex,,['Livres'],[184],non,non
96,20-69585,2020-05-30,2020-07-06,['62'],MARCHE D'EXPLOITATION DES INSTALLATIONS THERMIQUES DES BATIMENTS COMMUNAUX,joue,directive24,appeloffre,initial,MAIRIE AUDRUICQ,62370,AUDRUICQ,,"['Chauffage (matériel)', 'Chauffage (travaux)', 'Equipement thermique']","[60, 61, 114]",non,non
97,20-69530,2020-05-30,2020-06-23,"['62', '75']",Superviseur AIS terrestre,joue,autre,rectificatif,rectificatif,Voies navigables de France,62408,Béthune cedex,,['Logiciel'],[186],non,non
98,20-69394,2020-05-30,2020-07-06,['63'],Fournitures et pose de dispositifs de retenue routiers,joue,directive24,appeloffre,initial,DEPARTEMENT DU PUY DE DOME,63033,Clermont-Ferrand,,['Glissières de sécurité'],[142],non,non
99,20-69371,2020-05-30,2020-07-31,['64'],Fourniture de dispositifs médicaux consommables stériles et non stériles - 21 lots,joue,directive24,attribution,initial,Centre hospitalier de la côte basque,64109,Bayonne cedex,"[('2020-05-25', 'CAIR LGL', (248000, 'EUR'), 'NECESSAIRES POUR PERFUSION CYTOTOXIQUES'), ('2020-05-25', 'JOHNSON & JOHNSON MEDICAL', (6000, 'EUR'), 'BROCHES KIRSCHNER'), ('2020-05-26', 'CONMED FRANCE', (101136.0, 'EUR'), 'Consommables pour moteur SHAEVER LINVATEC à usage unique stériles'), ('2020-05-25', 'KOMET FRANCE', (2663.36, 'EUR'), 'Consommables pour moteur LINVATEC à usage unique stériles'), ('2020-05-25', 'KOMET FRANCE', (52360.0, 'EUR'), 'Consommables pour moteur SYNTHES à usage unique stériles'), ('2020-05-25', 'KOMET FRANCE', (66054.4, 'EUR'), 'Consommables pour moteur STRYKER à usage unique stériles'), ('2020-05-26', 'RAFFIN MEDICAL', (105456.0, 'EUR'), 'SET DETERSION/BADIGEON'), ('2020-05-25', 'HEMODIA', (439680.0, 'EUR'), 'SET SOINS POUR CHAMBRE IMPLANTABLE'), ('2020-05-25', 'HEMODIA', (332640.0, 'EUR'), ""SETS SOINS d' HEMODIALYSE SUR FISTULE""), ('2020-05-25', 'HEMODIA', (202544.0, 'EUR'), ""SETS SOINS d' HEMODIALYSE SUR CATHETER""), ('2020-05-25', 'HEMODIA', (120960.0, 'EUR'), 'TROUSSE ANESTHESIE PERIDURALE'), ('2020-05-25', 'LABORATOIRES LOHMANN ET RAUSCHER', (106560.0, 'EUR'), 'TROUSSE CESARIENNE'), ('2020-05-25', 'LABORATOIRES LOHMANN ET RAUSCHER', (34144.0, 'EUR'), 'TROUSSE GENOU ARTHROSCOPIE'), ('2020-05-25', 'LABORATOIRES LOHMANN ET RAUSCHER', (18720.0, 'EUR'), 'TROUSSE GENOU LIGAMENTOPLASTIE'), ('2020-05-25', 'LABORATOIRES LOHMANN ET RAUSCHER', (53049.6, 'EUR'), 'TROUSSE GENOU ARTHROSCOPIE'), ('2020-05-25', 'LABORATOIRES LOHMANN ET RAUSCHER', (26000.0, 'EUR'), 'TROUSSE RACHIS CERVICAL voie anterieur'), ('2020-05-25', 'MEDLINE INTERNATIONAL FRANCE', (29500.0, 'EUR'), 'TROUSSE PACE MAKER POSE CHAMBRE IMPLANTABLE'), ('2020-05-27', 'MOLNLYCKE HEALTHCARE', (86944.0, 'EUR'), 'TROUSSE ORTHOPEDIE COMPOSITE POUR PTH ABORD STANDARD'), ('2020-05-27', 'MOLNLYCKE HEALTHCARE', (22712.0, 'EUR'), 'TROUSSE ORTHOPEDIE COMPOSITE POUR PTH ABORD MINI-INVASIF'), ('2020-05-27', 'MOLNLYCKE HEALTHCARE', (105696.0, 'EUR'), 'TROUSSE RACHIS'), ('2020-05-27', 'MOLNLYCKE HEALTHCARE', (43430.4, 'EUR'), 'TROUSSE CRANE')]",['Consommables médicaux'],[69],non,non
100,20-69513,2020-05-30,2020-06-30,['64'],Fourniture de mobiliers urbain - Barrières centre-ville et périphérique,joue,directive24,appeloffre,initial,MAIRIE DE BAYONNE,64109,Bayonne,,"['Mobilier urbain', 'Signalisation']","[231, 322]",non,non
101,20-69319,2020-05-30,2020-06-30,['66'],Accord cadre Groupement de commandes - fourniture et maintenance informatique,joue,directive24,appeloffre,initial,CC ALBERES COTE VERMEILLE ILLIBERIS,66704,Argelès sur Mer,,"['Informatique (matériel)', 'Informatique (assistance)', 'Informatique (maintenance serveurs et réseaux)']","[162, 453, 454]",non,non
102,20-69020,2020-05-30,2020-06-29,['67'],rénovation de l'enveloppe des bâtiments et mise en accessibilité du collège leclerc à schiltigheim - mission d'ordonnancement - pilotage - coordination (opc),joue,directive24,appeloffre,initial,S.E.R.S.,67000,Strasbourg,,"[""Mission d'ordonnancement, pilotage, coordination (OPC)""]",[234],non,non
103,20-69165,2020-05-30,2020-06-25,['67'],RENOVATION ENERGETIQUE ET RESTRUCTURATION DU PATIO LOTS 05 B - RELANCE : GROS OEUVRE BATIMENT NEUF,joue,autre,rectificatif,rectificatif,Université de Strasbourg,67081,Strasbourg,,['Gros oeuvre'],[144],non,non
104,20-58664,2020-05-30,2020-06-29,['67'],"mission de maîtrise d'oeuvre pour la restructuration du pôle d'administration sociale, rue du verdon à strasbourg",joue,directive24,appeloffre,initial,DEPARTEMENT DU BAS RHIN,67964,Strasbourg cedex,,"[""Maîtrise d'oeuvre""]",[197],non,non
105,20-69488,2020-05-30,2020-06-30,['68'],prestation de sûrete,joue,directive25,attribution,initial,Aéroport de Bâle-Mulhouse,68304,SAINT-LOUIS Cedex,,['Prestations de services'],[274],non,non
106,20-69200,2020-05-30,2020-06-05,['69'],Fourniture de sacs hydrosolubles,joue,autre,rectificatif,rectificatif,UniHA GCS,69003,Lyon,,['Sacs'],[318],non,non
107,20-69384,2020-05-30,2020-06-15,['69'],GCS UniHA - Marché public à bons de commande pour l'acquisition de capteurs plans et équipements radiologiques compatibles associés,joue,directive24,appeloffre,initial,UniHA GCS,69003,Lyon,,['Matériel médical'],[212],non,non
108,20-69272,2020-05-30,2020-06-05,['69'],Fourniture d'un profilomètre optique tridimensionnel pour la caractérisation morphologique multi-échelle de surfaces pour l'Ecole centrale de Lyon,joue,directive24,attribution,initial,Ecole Centrale de Lyon,69134,Ecully cedex,"[('2020-05-27', 'BRUKER FRANCE', (245568, 'EUR'), ""Fourniture d'un profilomètre optique tridimensionnel pour la caractérisation morphologique multi-échelle de surfaces pour l'Ecole centrale de Lyon"")]",['Topographie'],[344],non,non
109,20-69601,2020-05-30,2020-06-29,['69'],Contrôle réglementaire triennal des systèmes de sécurité incendie Ssi,joue,autre,rectificatif,rectificatif,Ville de Lyon,69205,Lyon cedex 01,,['Sécurité incendie'],[332],non,non
110,20-69586,2020-05-30,2020-06-30,['69'],Acquisition de pelles mécaniques à pneu et leurs accessoires,joue,directive24,appeloffre,initial,DEPARTEMENT DU RHONE,69483,Lyon,,['Véhicules (acquisition)'],[475],non,non
111,20-69636,2020-05-30,2020-06-29,['69'],Exploitation du réseau de suivi qualitatif et quantitatif des eaux souterraines du Sage de l'Est lyonnais,joue,directive24,appeloffre,initial,Conseil Départemental du Rhône,69483,Lyon,,['Réseaux divers'],[306],non,non
112,20-69137,2020-05-30,2020-06-29,['69'],Location de lamier avec chauffeur pour élagage Sur routes départementales,joue,directive24,appeloffre,initial,Conseil Départemental du Rhône,69483,Lyon,,['Véhicules (location)'],[474],non,non
113,20-69248,2020-05-30,2020-06-29,['69'],"Accord-cadre relatif aux prestations ayant pour objet l'édition, la fourniture et la livraison de titres restaurant pour les agents du Sytral",joue,directive24,appeloffre,initial,SYTRAL,69487,Lyon,,['Titres restaurant'],[416],non,oui
114,20-69443,2020-05-30,2020-07-03,['69'],Assistance à maîtrise d'ouvrage (Amo) pour la réalisation d'études préalables et de programmation de projets de construction ou réhabilitation lourde de bâtiments et équipements p,joue,directive24,appeloffre,initial,METROPOLE DE LYON,69505,Lyon,,"[""Assistance à maîtrise d'ouvrage""]",[433],non,non
115,20-69264,2020-05-30,2020-08-25,['69'],Fourniture de denrées alimentaires,joue,directive24,attribution,initial,Ville de Saint-Priest (69),69800,Saint-Priest,"[('2020-05-15', 'Bigard', (534111.84, 'EUR'), 'Fourniture de viande fraîche (boeuf, veau, agneau)'), ('2020-05-15', 'Passionfroid Rhone Alpes Auvergne', (156642.8, 'EUR'), 'Fourniture de charcuterie et de viande de porc fraîche'), ('2020-05-15', 'Societe De Distribution Avicole', (195291.08, 'EUR'), 'Fourniture de volaille fraîche'), ('2020-05-15', 'Passionfroid Rhone Alpes Auvergne', (785011.88, 'EUR'), 'Fourniture de produits laitiers et divers (hors Bio)'), ('2020-05-15', 'Sysco France', (591099.16, 'EUR'), 'Fourniture de surgelés divers'), ('2020-05-15', 'Sysco France', (598247.16, 'EUR'), 'Fourniture de produits de la mer surgelés'), ('2020-05-18', 'Alpes Frais Production', (223828.12, 'EUR'), 'Fourniture de produits ""pâtissiers"" frais salés'), ('2020-05-15', 'La Nature A Table', (531906, 'EUR'), ""Fourniture de produits d'épicerie""), ('2020-05-27', 'Cledor Primeurs Services', (141374.08, 'EUR'), 'Fourniture de fruits et légumes conventionnels 1ère, 4ème et 5ème gamme'), ('2020-05-15', 'Agrobiodrom', (91536, 'EUR'), 'Fourniture de fruits Bio'), ('2020-05-15', 'Sysco France', (130529.6, 'EUR'), 'Fourniture de poissons frais'), ('2020-05-15', 'Broc Service Frais', (108656, 'EUR'), 'Fourniture de produits laitiers Bio')]","['Denrées alimentaires', ""Produits de l'agriculture"", 'Surgelés']","[88, 276, 330]",non,oui
116,20-69257,2020-05-30,2020-06-30,['73'],Location de 5 chargeuses,joue,directive24,appeloffre,initial,COMMUNE DE COURCHEVEL,73120,Courchevel,,['Véhicules (location)'],[474],non,non
117,20-69630,2020-05-30,2020-07-01,"['73', '74', '38', '69', '1', '26', '42']",Travaux de couverture/étanchéité et bardages dans le cadre de la restructuration et l'extension du Centre Sportif de Val Thorens 73440 LES BELLEVILLE.,joue,directive24,appeloffre,initial,SOCIETE AMENAGEMENT DE LA SAVOIE,73200,Albertville,,"['Bardage', 'Bâtiment', 'Couverture']","[30, 33, 74]",non,non
118,20-69522,2020-05-30,2020-08-25,"['74', '73']",Entretien du Matériel de Téléalarme et Géolocalisation,joue,directive24,attribution,initial,Département de la Haute-Savoie,74041,Annecy,"[('2020-05-05', 'Adtp', (198958, 'EUR'), None)]",['Télésurveillance'],[415],non,non
119,20-69271,2020-05-30,2020-07-28,['75'],AGEPS-AO-19-034E,joue,directive24,attribution,initial,ASSISTANCE PUBLIQUE HOPITAUX DE PARIS,75005,Paris,,['Matériel médical'],[212],non,non
120,20-69250,2020-05-30,2020-06-29,['75'],"Production, rédaction des contenus marketing digitaux pour la plateforme Banque des Territoires, audit recommandation et process d'une gouvernance éditoriale",joue,directive24,appeloffre,initial,CAISSE DES DEPOTS,75007,Paris,,['Prestations de services'],[274],non,non
121,20-69661,2020-05-30,2020-06-27,['75'],Prestations notariales,joue,directive24,appeloffre,initial,ASSOCIATION FONCIERE DE LOGEMENT,75013,Paris,,['Prestations de services'],[274],non,non
122,20-69297,2020-05-30,2020-07-01,['75'],Missions d'assistance à maîtrise d'ouvrage en matière de communication et de concertation et en matière de maîtrise d'usages pour la Porte de Montreuil (lot 2),joue,directive24,appeloffre,initial,SEMAPA,75013,Paris,,['Evénementiel'],[445],non,non
123,20-69539,2020-05-30,2020-06-23,"['75', '92']",Prestations de nettoyage de locaux de divers établissements de la Petite Enfance de la Ville de Paris en 5 lots séparés,joue,autre,rectificatif,rectificatif,Ville de Paris,75013,Paris,,['Nettoyage de locaux'],[239],non,non
124,20-69367,2020-05-30,2020-07-29,['75'],Acquisition de vélos urbains et tricycles à assistance électrique,joue,directive24,appeloffre,initial,Centrale d'Achat du Transport Public,75014,Paris,,"['Véhicules', 'Véhicules (acquisition)']","[359, 475]",non,non
125,20-69419,2020-05-30,2020-07-12,['75'],Acquisition et déploiement d'une solution de vente de titres de mobilité par SMS,joue,directive25,appeloffre,initial,Centrale d'Achat du Transport Public,75014,Paris,,['Titres de transport'],[417],non,non
126,20-69199,2020-05-30,2020-06-07,['75'],N°2020-272,joue,directive24,appeloffre,initial,EPCC 104,75019,Paris,,"['Abris', 'Mise à disposition de personnel']","[1, 461]",oui,non
127,20-69353,2020-05-30,2020-08-25,['75'],Assistance à Maitrise d'Ouvrage pour la mise en oeuvre de la réforme DT DICT,joue,directive24,appeloffre,initial,SIPPEREC,75588,Paris,,['Prestations de services'],[274],non,non
128,20-69352,2020-05-30,2020-08-25,['75'],Assistance à maîtrise d'ouvrage en matière de Systèmes d'Information Géographique (SIG),joue,directive24,appeloffre,initial,SIPPEREC,75588,Paris,,['Prestations de services'],[274],non,non
129,20-69425,2020-05-30,2020-08-16,['75'],"Fourniture de matériaux, matériels et outillages pour les établissements du Centre d'Action Sociale de la Ville de Paris : 7 lots",joue,autre,rectificatif,rectificatif,CAS-VP,75589,Paris cedex 12,,['Machines-outils'],[194],non,non
130,20-69625,2020-05-30,2020-07-28,['75'],"Travaux de voirie et infra relatifs au prolongement du tramway T3 de la porte d'Asnières (Paris 17e) à la porte Dauphine (Paris 16e) - Tronçon "" Maillot (non compris) -Dauphine """,joue,directive24,appeloffre,initial,Ville de Paris,75639,Paris cedex 13,,"[""Ouvrage d'infrastructure""]",[253],non,non
131,20-69347,2020-05-30,2020-07-30,"['2', '55', '60', '67']",Entretien des espaces verts des nécropoles,joue,directive24,appeloffre,initial,Office National des Anciens Combattant,75700,Paris cedex 07,,['Espaces verts'],[116],oui,oui
132,20-69273,2020-05-30,2020-07-01,['75'],Mise en place d'une solution de fouille d'images pour les collections BnF Gallica,joue,directive24,appeloffre,initial,Bibliothèque nationale de France,75706,Paris Cedex 13,,['Informatique (prestations de services)'],[163],non,non
133,20-69235,2020-05-30,2020-07-29,['75'],Prestations de déménagement pour le compte de l'ARS Ile-de-France,joue,directive24,appeloffre,initial,Agence régionale santé d'Ile-de-France,75935,Paris cedex 19,,['Déménagement'],[86],non,oui
134,20-69240,2020-05-30,2020-09-28,['75'],Accord-cadre de formation professionnelle intra-entreprise à destination des agents de Pôle emploi,joue,directive24,attribution,initial,POLE EMPLOI,75987,Paris cedex 20,,"['Prestations de services', 'Formation']","[274, 410]",non,non
135,20-69329,2020-05-30,2020-08-25,['76'],Fourniture D'Extension De Garantie Pour Ordinateurs Portables Dans Le Cadre Du Teletravail (Coronavirus),joue,directive24,attribution,initial,METROPOLE ROUEN NORMANDIE,76176,Rouen,"[('2020-05-12', 'Arp France', (15624, 'EUR'), None)]",['Informatique (prestations de services)'],[163],non,non
136,20-69328,2020-05-30,2020-08-25,['76'],Fourniture D'Ordinateurs Portables Pour Le Teletravail (Coronavirus),joue,directive24,attribution,initial,METROPOLE ROUEN NORMANDIE,76176,Rouen,"[('2020-05-12', 'Arp France', (183012, 'EUR'), None)]",['Informatique (matériel)'],[162],non,non
137,20-69327,2020-05-30,2020-08-25,['76'],Achat de masques,joue,directive24,attribution,initial,METROPOLE ROUEN NORMANDIE,76176,Rouen,"[('2020-05-06', 'Himeddis', (162400, 'EUR'), 'Achat de masques pour le personnel - Masques jetables'), ('2020-05-26', 'Sisa Productions', (1100000, 'EUR'), 'Achat de masques en tissu pour les habitants de la Métropole')]",['Consommables médicaux'],[69],non,non
138,20-69566,2020-05-30,2020-06-30,['77'],"CONSTRUCTION D'UN GROUPE SCOLAIRE, D'UN RESTAURANT SCOLAIRE ET D'UNE CRECHE AU SEIN DE L'ECO-QUARTIER",joue,directive24,appeloffre,initial,COMMUNE MELUN,77011,Melun cedex,,"['Abris', 'Ascenseur', 'Bardage', 'Bâtiment', 'Carrelage', 'Chauffage (travaux)', 'Electricité (travaux)', 'Espaces verts', 'Menuiserie', 'Plâtrerie', 'Revêtements de sols', 'Serrurerie']","[1, 17, 30, 33, 53, 61, 105, 116, 222, 269, 308, 321]",oui,oui
139,20-69449,2020-05-30,2020-07-11,['77'],"Prestations de Maintenance (CVC) Chauffage, Ventilation et Climatisation du site CSTB de Champs sur Marne",joue,directive24,appeloffre,initial,C.S.T.B.,77421,Marne-la-Vallée Cedex 2,,"['Chauffage (exploitation, entretien)', 'Chauffage (matériel)', 'Climatisation', 'Maintenance', 'Ventilation']","[59, 60, 62, 196, 360]",non,oui
140,20-69658,2020-05-30,2020-06-12,['78'],"Missions d'incubation, de post-incubations et d'accélération d'entreprises au sein de SQY Cub",joue,autre,rectificatif,rectificatif,Saint-quentin-en-yvelines,78192,Trappes cedex,,['Prestations de services'],[274],non,non
141,20-69244,2020-05-30,2020-07-14,['78'],La consultation a pour objet la nomination d'un commissaire et de son suppléant,joue,directive24,appeloffre,initial,COMITE NATIONAL DES ACTIONS SOCIALES,78284,Guyancourt cedex,,"['Prestations de services', 'Expertise comptable']","[274, 446]",non,non
142,20-69677,2020-05-30,2020-06-30,['78'],Collecte des déchets ménagers et assimilés de la CU GPSEO sur le secteur 2,joue,directive24,appeloffre,initial,GRAND PARIS SEINE ET OISE,78410,Aubergenville,,"['Collecte sélective', 'Prestations de services']","[82, 274]",oui,oui
143,20-69633,2020-05-30,2020-06-30,['78'],Location De Motifs D'Illumination Pour La Ville De Sartrouville2020/2021 - 2021/2022 - 2022/2023 - 2023/2024,joue,directive24,appeloffre,initial,ville de Sartrouville,78506,Sartrouville,,['Illumination'],[170],non,non
144,20-69300,2020-05-30,2020-07-24,['80'],"FOURNITURE DE POMPES, AGITATEURS, REACTEURS ET PIECES DETACHEES ET SERVICES DE MAINTENANCE ET DE REPARATIONS (27 LOTS)",joue,directive25,appeloffre,initial,Amiens Métropole,80027,AMIENS,,['Pompes'],[272],non,non
145,20-69574,2020-05-30,2020-06-30,['80'],"Spectacles de fin d'année, fourniture de carte cadeaux, mise sous plis des places de spectacle et des cartes cadeaux destinées au personnel des établissements du GHT Somme Littoral Sud",joue,directive24,appeloffre,initial,CHU AMIENS PICARDIE,80054,Amiens cedex 1,,"['Prestations de services', 'Chèque cadeau', 'Spectacle']","[274, 436, 472]",non,non
146,20-69645,2020-05-30,2020-06-29,['81'],Travaux de technique à froid pour les services du Département du Tarn,joue,directive24,appeloffre,initial,Département du Tarn,81013,Albi,,"['Matériaux routiers', 'Travaux de viabilité', 'Voirie']","[199, 353, 365]",oui,non
147,20-69362,2020-05-30,2020-06-29,['82'],Fourniture de pièces d'origine constructeur,joue,directive24,appeloffre,initial,DEPARTEMENT DU TARN ET GARONNE,82000,Montauban,,['Pièces détachées'],[266],non,non
148,20-69578,2020-05-30,2020-07-03,['82'],Traitement des déchets ultimes issus des déchetteries intercommunales,joue,directive24,appeloffre,initial,Cté de Communes Terres des Confluences,82100,Castelsarrasin,,['Déchets non ménagers (prestations)'],[404],non,non
149,20-69634,2020-05-30,2020-06-30,['83'],Rd562 - Commune de MontaurouxPr 75+150 Aménagement du carrefour giratoire FonduraneTerrassements - Assainissement - Chaussée - Signalisation,joue,directive24,appeloffre,initial,Conseil Général du Var,83076,Toulon,,['Voirie'],[365],non,oui
150,20-69662,2020-05-30,2020-06-30,['83'],Rd12 - Pr 25+800 - Pierrefeu du Var - Aménagement du carrefour avec la Rd14,joue,directive24,appeloffre,initial,Conseil Général du Var,83076,Toulon,,['Voirie'],[365],oui,oui
151,20-69396,2020-05-30,2020-07-28,['83'],Mission de certification des comptes des exercices 2020 à 2025 de la caisse nationale militaire de sécurité sociale,joue,directive24,attribution,initial,CAISSE NATIONALE MILITAIRE DE SECU SOC,83090,Toulon,"[('2020-05-27', 'Mazars', (145200, 'EUR'), 'Mission de certification des comptes des exercices 2020 à 2025 de la Caisse nationale militaire de sécurité sociale.')]","['Prestations de services', 'Expertise comptable']","[274, 446]",non,non
152,20-69276,2020-05-30,2020-06-27,['84'],2020/05 Réalisation de Pertuis magazine et de Pertuis pratique,joue,directive24,appeloffre,initial,Ville de Pertuis,84120,Pertuis,,['Impression'],[160],non,non
153,20-69174,2020-05-30,2020-07-30,['85'],Fourniture et livraison de carburants pour le Centre Hospitalier Georges Mazurelle.,joue,directive24,attribution,initial,CHD VENDEE,85925,La roche sur yon cedex 9,"[('2020-02-17', ""Compagnie pétrolière de l'ouest"", (202664, 'EUR'), ""Fourniture et livraison d'essence sans plomb 98 pour le CH Georges Mazurelle""), ('2020-02-17', ""Compagnie pétrolière de l'ouest"", (234336, 'EUR'), 'Fourniture et livraison de gasoil pour le CH Georges Mazurelle'), ('2020-02-17', ""Compagnie pétrolière de l'ouest"", (14247, 'EUR'), 'Fourniture et livraison de gasoil non routier (GNR) pour le CH Georges Mazurelle'), ('2020-02-17', ""Compagnie pétrolière de l'ouest"", (175777.56, 'EUR'), 'Fourniture et livraison de fuel domestique pour le CH Georges Mazurelle')]","['Carburant, hydrocarbure']",[52],non,oui
154,20-69590,2020-05-30,2020-06-30,"['86', '16', '79', '17']",Le présent marché est un accord cadre à bons de commande mono-attributaire ayant pour objet la réalisation des diagnostics immobiliers sur les biens bâtis et sites de l'Epf Nouvell,joue,directive24,appeloffre,initial,EPF de Nouvelle Aquitaine,86011,Poitiers,,"['Prestations de services', 'Amiante (diagnostic)', 'Amiante (désamiantage)']","[274, 431, 479]",non,non
155,20-68716,2020-05-30,2020-07-24,['86'],maintenance des installations techniques de la médiathèque françois mitterrand,joue,directive24,appeloffre,initial,GRAND POITIERS COMMUNAUTE URBAINE,86021,Poitiers cedex,,['Maintenance'],[196],non,non
156,20-69310,2020-05-30,2020-07-10,"['86', '79']",Prestations de services d'assurance,joue,directive24,appeloffre,initial,UNiversité de Poitiers,86073,Poitiers cedex 9,,['Assurance'],[20],non,non
157,20-69412,2020-05-30,2020-06-28,"['86', '79']",fourniture d'aliments pour porcs biologiques,joue,directive24,attribution,initial,INRAE N-AQUITAINE-POITIERS,86600,Lusignan,"[('2020-04-22', 'DFP NUTRALIANCE', (131200, 'EUR'), ""Fourntiure d'aliments pour porcs en production biologique (divers âges)"")]",['Aliments pour animaux'],[7],non,non
158,20-69322,2020-05-30,2020-06-28,['86'],2019DG38,joue,directive24,attribution,initial,CTRE NATIONAL D ENST A DISTANCE,86963,Chasseneuil futuroscope cedex,,['Prestations de services'],[274],non,non
159,20-69335,2020-05-30,2020-06-28,['86'],2020DG06,joue,directive24,attribution,initial,CTRE NATIONAL D ENST A DISTANCE,86963,Chasseneuil futuroscope cedex,"[('2020-05-11', 'SAS PARKER & PARKER', (110500, 'EUR'), ""Tierce maintenance applicative sur les sites du Cned reposant sur le CMS Wordpress Appel d'offres ouvert en application des articles L 2124-2 et R 2161-2 à R 2161-5 du code de la commande publique"")]",['Prestations de services'],[274],non,non
160,20-69344,2020-05-30,2020-07-04,['91'],Restauration scolaire et personnel municipal,joue,directive24,appeloffre,initial,COMMUNE DE SAINT PIERRE DU PERRAY,91280,Saint pierre du perray,,"['Restauration collective', 'Prestations de services']","[66, 274]",non,non
161,20-69659,2020-05-30,2020-07-28,"['91', '75', '78', '77', '92', '93', '94', '95']","Achats de carburants, lubrifiants et services connexes (lavages, péages, parkings, etc.) au moyen de cartes accréditives pour les véhicules municipaux de la ville de Grigny et du CCAS",joue,directive24,appeloffre,initial,Commune de Grigny,91350,Grigny,,"['Carburant, hydrocarbure']",[52],non,non
162,20-69600,2020-05-30,2020-06-19,['91'],Propreté de la ville - balayage mécanique et manuel,joue,autre,rectificatif,rectificatif,VILLE D'EPINAY-SUR-ORGE,91360,Epinay-sur-Orge,,['Nettoyage urbain'],[240],non,non
163,20-69619,2020-05-30,2020-07-17,['91'],Pose et dépose de décors lumineux pour les fêtes de fin d'année,joue,directive24,appeloffre,initial,Ville d'Orsay,91401,Orsay cedex,,['Illumination'],[170],non,non
164,20-69471,2020-05-30,2020-08-03,['92'],Exploitation des installations thermiques et climatiques de la ville d'Antony et du Centre Communal d'Action Sociale de la ville,joue,directive24,appeloffre,initial,Ville d'Antony,92160,Antony,,"['Chauffage (exploitation, entretien)', 'Prestations de services']","[59, 274]",non,oui
165,20-69111,2020-05-30,2020-06-30,['92'],"Fourniture de végétaux, produits horticoles et services associés",joue,directive24,appeloffre,initial,GRAND PARIS SEINE OUEST,92197,Meudon,,"[""Produits de l'agriculture"", 'Végétaux']","[276, 358]",non,non
166,20-69365,2020-05-30,2020-08-25,['93'],Maintenance Preventive Et Corrective Des Equipements Des Aires Collectives De Jeux De L'Ophmontreuillois,joue,directive24,attribution,initial,OFFICE PUB DE L HABITAT MONTREUILLOIS,93100,Montreuil,"[('2020-05-13', 'Récré Action', (851968, 'EUR'), None)]",['Aire de jeux'],[400],non,oui
167,20-69607,2020-05-30,2020-08-29,['93'],Missions de coordination sécurité et protection de la santé (CSPS) pour les besoins de l'EPT Grand Paris Grand Est,joue,directive24,appeloffre,initial,GRAND PARIS GRAND EST,93160,Noisy le grand,,['Prestations de services'],[274],non,non
168,20-69278,2020-05-30,2020-09-22,"['93', '75', '91', '92', '94', '95', '77', '78']",Assistance à maîtrise d'ouvrage pour la Direction du développement durable de la SGP,joue,autre,rectificatif,rectificatif,Société du Grand Paris,93200,Saint-denis,,"[""Assistance à maîtrise d'ouvrage""]",[433],non,non
169,20-69558,2020-05-30,2020-08-25,['93'],"EVALUATION, RECUEIL DE DONNEES QUANTITATIVES ET QUALITATIVES ET TRAITEMENT STATISTIQUE DE LA MISE EN PLACE DE LA TELEASSISTANCE MEDICALE EN COLLECTE (TMC)",joue,directive24,attribution,initial,Etablissement Français du Sang,93218,La Plaine Saint-Denis,"[('2020-05-05', 'PLANETE PUBLIQUE', (300000, 'EUR'), ""EVALUATION, RECUEIL DE DONNEES QUANTITATIVES ET QUALITATIVES ET TRAITEMENT STATISTIQUE DE LA MISE EN PLACE DE LA TELEASSISTANCE MEDICALE EN COLLECTE (TMC) POUR L'ETABLISSEMENT FRANÇAIS DU SANG"")]",['Prestations de services'],[274],non,non
170,20-69642,2020-05-30,2020-08-03,['93'],Déménagement et stockage en garde-meubles de mobiliers et matériels lourds des EPLE du second degré du ressort de la Région Île-de-France.,joue,directive24,appeloffre,initial,REGION ILE DE FRANCE,93400,Saint-ouen-sur-Seine,,['Transport'],[347],non,oui
171,20-68966,2020-05-30,2020-06-30,"['75', '93']","delegation de service public pour la gestion et l'exploitation de l'espace 1789, (cinema et lieu de spectacles pluridisciplinaires) (rectificatif)",joue,autre,rectificatif,rectificatif,Ville de Saint-Ouen,93400,Saint-Ouen-sur-Seine,,"['Vidéo, cinéma', 'Spectacle']","[362, 472]",non,non
172,20-69389,2020-05-30,2020-06-30,['75'],Marché de fourniture et installation du 1er équipement en mobilier de bibliothèque,joue,directive24,appeloffre,initial,REGION ÎLE-DE-FRANCE,93500,Pantin,,"['Abris', 'Informatique (matériel)', 'Mobilier']","[1, 162, 230]",non,non
173,20-69583,2020-05-30,2020-06-08,['94'],Entretien des espaces extérieurs des établissements sanitaires et sociaux et autres bâtiments départementaux.,joue,directive24,appeloffre,initial,Département du Val de Marne,94054,Créteil cedex,,['Espaces verts'],[116],oui,oui
174,20-69631,2020-05-30,2020-08-31,['94'],Délégation de service public pour la gestion des marchés d'approvisionnement de la ville de Saint Maur des Fossés,joue,directive23,appeloffre,initial,ville de Saint-Maur-des-Fossés,94100,Saint-maur-des-fossés,,['Délégation de service public'],[406],non,non
175,20-53512,2020-05-30,2020-06-26,"['75', '45']",accord cadre relatif à la réalisation de travaux de dépollution pyrotechnique sur le site des groues à orléans (45),joue,directive24,appeloffre,initial,A.P.I.J.,94270,Le Kremlin-bicêtre,,"['Bâtiment', 'Démolition', 'Dépollution']","[33, 87, 442]",non,non
176,20-69296,2020-05-30,2020-07-07,['95'],Délégation de la gestion du service public d'eau potable,joue,directive23,appeloffre,initial,Commune de Bruyères-Sur-Oise,95820,Bruyeres sur oise,,['Alimentation en eau potable'],[6],non,non
177,20-69690,2020-05-30,2020-07-20,['971'],Marché de maîtrise d'oeuvre après concours restreint sur esquisse pour la réalisation d'un parking souterrain et d'une salle de spectacles,joue,directive24,appeloffre,initial,Collectivité de Saint-Barthélemy,97098,Saint-barthelemy,,"[""Maîtrise d'oeuvre""]",[197],non,non
178,20-70319,2020-05-30,2020-06-30,['971'],Sécurisation de l'alimentation en eau potable du secteur fonds cacao/routhiers à Capesterre-belle-eau.Construction de 3 réservoirs et de 3 stations de pompage,fns,cmp2006,appeloffre,initial,Région Guadeloupe,97100,Basse-Terre,,"['Alimentation en eau potable', 'Réservoir']","[6, 307]",oui,non
179,20-69617,2020-05-30,2020-07-06,['972'],Gardiennage et télésurveillance-Martinique,joue,directive24,appeloffre,initial,INSTITUT MARTINIQUAIS DE FORM PROF AD,97203,Fort de France Cedex,,"['Gardiennage', 'Surveillance']","[138, 331]",non,non
180,20-69589,2020-05-30,2020-06-29,['973'],Location de bâtiments modulaires par la Collectivité Territoriale de Guyane,joue,directive24,appeloffre,initial,COLLECTIVITE TERRITORIALE DE GUYANE,97307,Cayenne,,['Bâtiments modulaires'],[27],non,non
181,20-69519,2020-05-30,2020-06-30,['973'],Construction du Centre d'incendie et de secours de Matoury - Lot 2,joue,directive24,appeloffre,initial,COLLECTIVITE TERRITORIALE DE GUYANE,97307,Cayenne,,['Bâtiment'],[33],non,non
182,20-69482,2020-05-30,2020-06-30,['973'],Fourniture de matériels et logiciels informatiques,joue,directive24,appeloffre,initial,Commune de Saint-Laurent du Maroni,97320,SAINT-LAURENT DU MARONI,,['Informatique (matériel)'],[162],non,non
183,20-69459,2020-05-30,2020-08-25,['973'],Fourniture de carburant,joue,directive24,attribution,initial,SDIS973,97351,Matoury,,"['Carburant, hydrocarbure']",[52],non,non
184,20-69651,2020-05-30,2020-08-25,['976'],études de faisabilité sur l'aménagement de pôles agricoles à Mayotte,joue,directive24,attribution,initial,ETS PUB FONCIER ET AMENAGEMENT MAYOTTE,97600,Mamoudzou,"[('2020-01-29', 'Elan Oi', (168500, 'EUR'), None)]",['Etude'],[118],non,non
185,20-4026,2020-05-30,2020-07-09,['80'],"accord-cadre à bons de commande pour 2021 et 2022, reconductible en 2023 et 2024. travaux sur les réseaux.",joue,directive24,appeloffre,initial,FDE 80 FEDE DEP D ENERGIE DE LA SOMME,,Boves,,"['Eclairage public', 'Electricité (travaux)', 'Maintenance', 'Matériel électrique', ""Ouvrage d'infrastructure""]","[102, 105, 196, 203, 253]",non,non
186,20-61263,2020-05-30,2020-06-30,['6'],"acquisition de logiciels standards avec licences ou abonnements, maintenance et prestations associées (tout éditeur hors microsoft)",joue,directive24,appeloffre,initial,Département des Alpes-Maritimes,,Nice Cedex 3,,"['Informatique (prestations de services)', 'Logiciel']","[163, 186]",non,non
187,20-66949,2020-05-30,2020-06-30,['81'],prestations de transports scolaires sur le territoire de la communauté d'agglomération de l'albigeois,joue,directive24,appeloffre,initial,communauté agglo albigeois,,Saint-Juéry,,['Transport'],[347],non,oui
188,20-69187,2020-05-30,2020-06-05,['59'],impression offset de documents pour le compte de valenciennes métropole (rectificatif),joue,autre,rectificatif,rectificatif,Cté d'Agglo Valenciennes Métropole,,Valenciennes,,['Impression'],[160],non,non
189,20-69214,2020-05-30,2020-06-27,"['14', '76', '31', '56', '85', '69', '13', '83', '33']",fourniture d'actions de formations portant sur la gestion des ressources humaines à destination des cadres et gestionnaires des ressources humaines du ministère de la justice,joue,directive24,appeloffre,initial,ministère de la justice et des libérté,,75042 Paris Cedex 01,,['Formation'],[410],non,non
190,20-69251,2020-05-30,2020-06-15,"['57', '54']",réhabilitation de l'ancien bâtiment energie (rectificatif),joue,autre,rectificatif,rectificatif,Syndicat Mixte des Portes de l'Orne,,ROMBAS,,"['Ascenseur', 'Bardage', 'Bâtiment', 'Charpente', 'Chauffage (travaux)', 'Climatisation', 'Couverture', 'Electricité (travaux)', 'Etanchéité', 'Gros oeuvre', 'Menuiserie', 'Peinture (travaux)', 'Plâtrerie', 'Ravalement', 'Revêtements de sols', 'Revêtements muraux', 'Sanitaire', 'Serrurerie']","[17, 30, 33, 57, 61, 62, 74, 105, 117, 144, 222, 264, 269, 299, 308, 309, 319, 321]",non,non
