,a00_cle_idweb,g04_01_date_publication,g04_03_date_fin_diffusion,g04_07_dep_publication,g04_09_resume_objet,g01_02_01_famille,g01_02_02_perimetre,g01_02_03_nature,g01_02_04_statut,d01_01_denomination,d01_07_cp,d01_08_ville,d08_09_decision_titulaireandRENSEIGNEMENT,g04_052_descripteurs_libelles,g04_051_descripteurs_codes,g04_061_criteres_sociaux,g04_062_criteres_environnementaux
0,20-106885,2020-08-30,2020-10-01,['1'],"Prestations de nettoyage et bionettoyage du rez-de-chaussée, des communs et circulation des étages pour le Centre Hospitalier du Haut Bugey",joue,directive24,appeloffre,initial,CH DE BOUR EN BRESSE FLEYRIAT,01012,Bourg-en-bresse cedex,,"['Nettoyage de locaux', 'Prestations de services']","[239, 274]",non,non
1,20-106564,2020-08-30,2020-10-15,['4'],Mission De Maîtrise D'oeuvre Urbaine Et Sociale (Mous) Pour L'Accompagnement Au Relogement Dans Le Cadre Du Npnru De Manosque,joue,directive24,appeloffre,initial,DURANCE LUBERON VERDON AGGLOMERATION,04100,Manosque,,['Etude'],[118],non,non
2,20-106722,2020-08-30,2020-10-29,['4'],Préparation Et Fourniture De Repas En Liaison Froide,joue,directive24,attribution,initial,COMMUNE DE MANOSQUE,04100,Manosque,"[('2020-07-31', 'TERRES DE CUISINE', (2400000, 'EUR'), 'Restaurants scolaires et centres de loisirs'), ('2020-07-31', 'LES BOCAUX DE MAMIE', (240000, 'EUR'), 'Pôles multi-accueil')]",['Restauration collective'],[66],non,non
3,20-106628,2020-08-30,2020-11-25,['5'],Accord-cadre multi-attributaire à Marchés subséquents pour l'Acquisition de véhicules neufs et d'occasions,joue,directive24,attribution,initial,Ville de Gap,05007,Gap,"[('2020-08-27', 'Man Truck & Bus France', (370000, 'EUR'), ""Véhicules neufs et d'occasions inférieurs à 3.5 T - Citadines et utilitaires""), ('2020-08-27', 'Atis', (370000, 'EUR'), ""Véhicules neufs et d'occasions inférieurs à 3.5 T - Citadines et utilitaires""), ('2020-08-27', 'Azur Trucks Distribution', (370000, 'EUR'), ""Véhicules neufs et d'occasions inférieurs à 3.5 T - Citadines et utilitaires""), ('2020-08-27', 'Pb Environnement', (370000, 'EUR'), ""Véhicules neufs et d'occasions inférieurs à 3.5 T - Citadines et utilitaires""), ('2020-08-27', 'Negocyal', (370000, 'EUR'), ""Véhicules neufs et d'occasions inférieurs à 3.5 T - Citadines et utilitaires""), ('2020-08-27', 'Safa', (370000, 'EUR'), ""Véhicules neufs et d'occasions inférieurs à 3.5 T - Citadines et utilitaires""), ('2020-08-27', 'Gap Auto', (370000, 'EUR'), ""Véhicules neufs et d'occasions inférieurs à 3.5 T - Citadines et utilitaires""), ('2020-08-27', 'Scag', (370000, 'EUR'), ""Véhicules neufs et d'occasions inférieurs à 3.5 T - Citadines et utilitaires""), ('2020-08-27', 'Access Auto', (370000, 'EUR'), ""Véhicules neufs et d'occasions inférieurs à 3.5 T - Citadines et utilitaires""), ('2020-08-27', 'Man Truck & Bus France', (490000, 'EUR'), ""Véhicules neufs et d'occasions supérieurs à 3.5 T - Camions et utilitaires""), ('2020-08-27', 'Iveco Provence', (490000, 'EUR'), ""Véhicules neufs et d'occasions supérieurs à 3.5 T - Camions et utilitaires""), ('2020-08-27', 'Azur Trucks Distribution', (490000, 'EUR'), ""Véhicules neufs et d'occasions supérieurs à 3.5 T - Camions et utilitaires""), ('2020-08-27', 'Faun Environnement', (490000, 'EUR'), ""Véhicules neufs et d'occasions supérieurs à 3.5 T - Camions et utilitaires""), ('2020-08-27', 'Daga Mercedes Benz', (490000, 'EUR'), ""Véhicules neufs et d'occasions supérieurs à 3.5 T - Camions et utilitaires""), ('2020-08-27', 'Gap Auto', (490000, 'EUR'), ""Véhicules neufs et d'occasions supérieurs à 3.5 T - Camions et utilitaires""), ('2020-08-27', 'Scag', (490000, 'EUR'), ""Véhicules neufs et d'occasions supérieurs à 3.5 T - Camions et utilitaires"")]",['Véhicules (acquisition)'],[475],non,non
4,20-106607,2020-08-30,2020-10-28,['6'],19N0941-LOCATION D'OUTILS ET D'ENGINS DE VOIRIE SANS CHAUFFEUR,joue,directive24,attribution,initial,Métropole Nice Côte d'Azur,06000,Nice,,"['Machines-outils', 'Terrassement', 'Véhicules']","[194, 341, 359]",non,non
5,20-106552,2020-08-30,2020-09-28,['6'],"AOO 2020-042 : Entretien et maintenance du parc automobile des véhicules légers de moins de 3,5 tonnes de la Ville du Cannet (6 lots)",joue,directive24,appeloffre,initial,COMMUNE LE CANNET,06110,LE CANNET,,['Véhicules'],[359],non,non
6,20-106587,2020-08-30,2020-10-03,"['6', '13', '83']","Fourniture de poteaux d'arrêt de bus, pose et dépose, maintenance et signalisation horizontale pour le réseau de bus sillages (3 lots)",joue,directive24,appeloffre,initial,C.A. PAYS DE GRASSE,06130,GRASSE,,"['Abris', 'Mobilier urbain', 'Nettoyage urbain', 'Peinture (travaux)']","[1, 231, 240, 264]",non,non
7,20-86401,2020-08-30,2020-09-29,['6'],acquisition d'engins de déneigement type pousseur,joue,directive24,appeloffre,initial,Département des Alpes-Maritimes,06201,Nice Cedex 3,,['Déneigement'],[98],non,non
8,20-106627,2020-08-30,2020-11-25,['6'],"Embellissement des rues Foch, Vagliano et du 24 août- Phase 1 : Réfection de la rue du Maréchal Foch",joue,directive24,attribution,initial,COMMUNE DE CANNES,06406,Cannes,"[('2020-08-24', ""Eurovia Provence Alpes Cote D'Azur"", (478424.75, 'EUR'), 'Voirie réseaux divers espaces verts'), ('2020-08-25', ""Ineo Provence Et Cote D'Azur"", (37188.6, 'EUR'), 'Eclairage public')]","['Eclairage public', 'Espaces verts', 'Voirie']","[102, 116, 365]",non,oui
9,20-106591,2020-08-30,2020-10-05,"['8', '51']",prestation de bio nettoyage et de vitrerie pour le ch bélair,joue,directive24,appeloffre,initial,CENTRE HOSPITALIER BELAIR,08000,Charleville Mézières,,"['Nettoyage de locaux', 'Vitrerie']","[239, 363]",non,non
10,20-106604,2020-08-30,2020-09-28,['11'],Transports scolaires des élèves et étudiants en situation de handicap,joue,directive24,attribution,initial,Département de l'Aude,11855,CARCASSONNE Cedex 9,,['Transport'],[347],non,non
11,20-105003,2020-08-30,2020-11-28,['12'],"vérifications périodiques des installations électriques, gaz et alarmes incendie des bâtiments dans le cadre d'un groupement de commandes coordonné par le conseil départemental de l'aveyron.",joue,directive24,attribution,initial,Conseil Départemental de l AVEYRON,12450,Flavin,,"['Gaz divers', 'Maintenance', 'Matériel électrique', ""Matériel de secours et d'incendie""]","[139, 196, 203, 217]",non,non
12,20-106811,2020-08-30,2020-11-28,['12'],mission de maitrise d'oeuvre amiante pour la restructuration de la maison départementale de l'enfance et de la famille à onet le château (12 850).,joue,directive24,attribution,initial,Conseil Départemental de l AVEYRON,12450,Flavin,"[('2020-06-12', 'SAS ACCEO', (29250, 'EUR'), ""Mission de maitrise d'oeuvre amiante pour la Maison Départementale de l'Enfance et de la Famille à Onet le Château (12850) "")]","[""Maîtrise d'oeuvre"", 'Amiante (désamiantage)']","[197, 479]",non,non
13,20-106704,2020-08-30,2020-10-16,"['13', '75', '92', '93', '94', '69']",Mission de conduite d'opération - Réalisation d'une ligne de tramway entre Aubagne et la Bouilladisse,joue,directive25,appeloffre,initial,METROPOLE D AIX MARSEILLE PROVENCE,13007,Marseille,,['Prestations de services'],[274],non,non
14,20-106509,2020-08-30,2020-10-01,['13'],Conseil En Communication,joue,autre,rectificatif,rectificatif,GRAND PORT MARITIME DE MARSEILLE,13226,Marseille,,['Prestations de services'],[274],non,non
15,20-106504,2020-08-30,2020-10-07,['13'],"Fourniture, installation et maintenance des défibrillateurs pour le CD13",joue,directive24,appeloffre,initial,CONSEIL DEPARTEMENTAL 13,13256,Marseille,,['Matériel médical'],[212],non,oui
16,20-106917,2020-08-30,2020-10-01,['13'],Rénovation générale et construction d'un internat au lycée Jean Cocteau à Miramas,joue,directive24,appeloffre,initial,Conseil Rég Provence-Alpes-Côte d'Azur,13331,Marseille,,"[""Tous corps d'état""]",[345],oui,non
17,20-106720,2020-08-30,2020-10-05,"['13', '30', '34', '83', '84', '26']","FOURNITURE DE VETEMENTS DE TRAVAIL, EQUIPEMENTS DE PROTECTION INDIVIDUELLE ET VETEMENTS DE SPORTS",joue,directive24,appeloffre,initial,Ville de Salon de Provence,13663,Salon de provence cedex,,['Habillement'],[150],non,oui
18,20-106709,2020-08-30,2020-11-30,"['13', '83', '84', '30', '34', '26']",Acquisition de véhicules dans le cadre du programme de renouvellement 2020 - relance,joue,directive24,appeloffre,initial,Ville de Salon de Provence,13663,Salon de provence,,['Véhicules'],[359],non,non
19,20-106840,2020-08-30,2020-11-25,['13'],Prestations de Services pour la Propreté des Voies et des Espaces du Domaine Communal de la Ville de Marignane,joue,directive24,attribution,initial,COMMUNE DE MARIGNANE,13729,Marignane Cedex,"[('2020-07-23', 'Silim Environnement', (540704.16, 'EUR'), None)]",['Nettoyage urbain'],[240],non,oui
20,20-106499,2020-08-30,2020-09-13,['14'],2020ENV087 -Travaux Voie verte de la vie - Halte de Saint julien le Faucon,joue,directive24,appeloffre,initial,DEPARTEMENT DU CALVADOS,14035,CAEN CEDEX,,['Voirie'],[365],oui,non
21,20-106630,2020-08-30,2020-10-02,"['15', '12', '63']",Marché portant sur les prestations de nettoyage des locaux et de la vitrerie des sites de la CAF et de la CPAM du Cantal constituées en groupement de commande.,joue,directive24,appeloffre,initial,CNAF,15002,Aurillac cedex,,['Nettoyage de locaux'],[239],non,non
22,20-106676,2020-08-30,2020-09-28,['17'],Construction Du Centre Des Archives Et Des Reserves Museales Mutualisees,joue,autre,rectificatif,rectificatif,VILLE LA ROCHELLE,17086,La Rochelle,,['Bâtiment'],[33],non,oui
23,20-106664,2020-08-30,2020-09-30,"['29', '22', '35', '56', '44', '72']",Mission d'assistance foncière dans le cadre d'une procédure d'expropriation auprès du Conservatoire du littoral sur le site des dunes et étangs de Kerouiny - commune de TREGUNC (29),joue,directive24,appeloffre,initial,Conservatoire du littoral,17306,Rochefort cédex,,['Prestations de services'],[274],non,non
24,20-106594,2020-08-30,2020-10-04,['19'],fourniture de volaille et de charcuterie pour les restaurants scolaires de l'e.p.l.e.f.p.a. de haute-corrèze,joue,directive24,attribution,initial,E.P.L.E.F.P.A. de Haute-Corrèze,19160,Neuvic,"[('2020-07-27', 'SAS Moriceau', (79326.75, 'EUR'), 'Volaille'), ('2020-07-27', ""SAS Bernard - Groupe Jean Floc'h"", (34036.95, 'EUR'), 'Charcuterie')]",['Denrées alimentaires'],[88],non,non
25,20-106567,2020-08-30,2020-11-25,"['20B', '20A']",Travaux de réparation des ouvrages maritimes du Vieux-Port de Bastia et de la route du front de mer,joue,directive24,attribution,initial,COLLECTIVITE DE CORSE,20187,Ajaccio,"[('2020-08-27', 'Entreprise Natali', (23857725, 'EUR'), None)]","[""Travaux dans l'eau""]",[349],oui,non
26,20-106884,2020-08-30,2020-09-28,"['89', '77', '71', '21', '58', '45', '10']","Battage de palplanches métalliques sur la rivièere d'Yonne d'Auxerre à montereau, du PK 0.00 au PK 107.00",joue,directive24,attribution,initial,Voies navigables de France,21062,Dijon Cédex,"[('2020-06-12', 'SARL Roche Fluvial entreprise', (800000, 'EUR'), ""Battage de palplanches sur la rivière d'Yonne d'Auxerre à Montereau, du PK 0.000 au PK107.000"")]",['Palplanches'],[260],non,non
27,20-106537,2020-08-30,2020-10-28,['22'],Accord cadre à marchés subséquents sans minimum ni maximum multi-attributaires pour l'achat de tracteurs chargeurs d'occasion,joue,directive24,attribution,initial,Département des Côtes d'Armor,22023,Saint-brieuc,"[('2020-07-28', 'MS EQUIPEMENT', (400000, 'EUR'), None), ('2020-08-07', 'CLAAS', (400000, 'EUR'), None), ('2020-07-28', 'SM3 CLAAS', (400000, 'EUR'), None)]","['Matériel agricole, horticole']",[200],non,non
28,20-106673,2020-08-30,2020-09-30,['24'],"Remplacement, Location, Entretien Et Releve Des CompteurIndividuels D'Eau Froide Et D'Eau Chaude,Dans Differents Immeubles,Proprietes De Perigord Habitat.<br /",joue,directive24,appeloffre,initial,OPD de DORDOGNE,24660,Coulounieix Des Chamiers,,"['Télégestion', ""Compteur d'eau""]","[352, 440]",non,non
29,20-106624,2020-08-30,2020-11-25,['25'],Coordonnateur Sps relatif à la construction d'un collège innovant sur l'Agglomération de Montbéliard Nord - Bethoncourt,joue,directive24,attribution,initial,DEPARTEMENT DU DOUBS,25031,Besancon Cedex,"[('2020-07-22', 'Qualiconsult', (22129, 'EUR'), None)]",['Prestations de services'],[274],non,non
30,20-106581,2020-08-30,2020-11-25,['26'],Marche Public De Fourniture Et Acheminement D'Electricite Et Services Complementaires,joue,directive24,attribution,initial,Office Public de l'Habitat,26000,Valence,"[('2020-06-24', 'Edf', (439622.42, 'EUR'), 'Bt < 36kva'), ('2020-06-24', 'E.Pango', (21257.85, 'EUR'), 'Bt > 36kva')]","['Electricité, gaz (fourniture)']",[443],non,non
31,20-106784,2020-08-30,2020-11-25,['26'],"Fourniture de mobiliers, de matériels et d'accessoires pour les services du Département de "" la Drôme """,joue,directive24,attribution,initial,Département de la Drôme,26026,Valence,,['Mobilier'],[230],non,oui
32,20-106620,2020-08-30,2020-09-29,['26'],"Vérifications périodiques des installations techniques dans les bâtiments départementaux & Eple, Epic, Epcc",joue,directive24,appeloffre,initial,Département de la Drôme,26026,Valence,,['Contrôle technique'],[72],non,non
33,20-106619,2020-08-30,2020-09-29,['26'],"Maintenance préventive et corrective des fermetures manuelles et motorisées dans les bâtiments départementaux & Eple, Epic, Epcc",joue,directive24,appeloffre,initial,Département de la Drôme,26026,Valence,,['Maintenance'],[196],non,non
34,20-106903,2020-08-30,2020-09-17,['26'],Accord-cadre à bons de commande pour la fourniture et la livraison des repas et goûters en multi-accueils,joue,autre,rectificatif,rectificatif,COM DE COMMUNES PORT DE DROMARDECHE,26240,Saint Vallier cedex,,"['Repas, traiteur']",[304],non,non
35,20-106737,2020-08-30,2020-09-18,['27'],màd de systèmes automatisés de détection pour hémocultures et mycobactéries et consommables associés (rectificatif),joue,autre,rectificatif,rectificatif,GHT ESPO - CH Eure-Seine Etab. support,27015,Evreux,,"['Laboratoire (matériel)', 'Matériel médical', 'Automate']","[188, 212, 402]",non,non
36,20-106931,2020-08-30,2020-09-30,['27'],Entretien des espaces verts de la Ville,joue,directive24,appeloffre,initial,COMMUNE DE VAL DE REUIL,27100,Val-de-reuil,,"['Abris', 'Espaces verts']","[1, 116]",non,non
37,20-106137,2020-08-30,2020-10-02,"['29', '56']",Accords-cadres à bons de commande de mandats de maîtrise d'ouvrage pour la réalisation de travaux dans des collèges publics et dans divers bâtiments du conseil départemental du Finistère,joue,directive24,appeloffre,initial,Département du Finistère,29029,Quimper Cedex,,"[""Assistance à maîtrise d'ouvrage""]",[433],non,non
38,20-106748,2020-08-30,2020-10-09,"['29', '56']","Prestations d'entretien, d'aménagement des espaces verts et de nettoyage des espaces extérieurs de divers sites de la base de défense Brest-Lorient",joue,directive24,appeloffre,initial,MINDEF/SCA/PFAF OUEST,29240,Brest cedex 9,,['Espaces verts'],[116],non,non
39,20-106551,2020-08-30,2020-09-26,"['34', '30', '11', '66']",Travaux de fouilles archéologiques - Programme d'extension du Réseau Hydraulique Régional - Aqua Domitia - Maillons Nord Gardiole et Biterrois tranche 3 - Secteur E,joue,directive24,attribution,initial,BRL,30001,Nimes,"[('2020-08-24', 'INRAP - Direction Interrégionale Méditerrranée', (156582, 'EUR'), ""TRAVAUX DE FOUILLES ARCHEOLOGIQUES - PROGRAMME D'EXTENSION DU RESEAU HYDRAULIQUE REGIONAL - AQUA DOMITIA - MAILLON NORD GARDIOLE ET BITERROIS TRANCHE 3 - SECTEUR E"")]",['Fouille archéologique'],[450],non,non
40,20-106701,2020-08-30,2020-10-06,"['30', '31']",Aménagement de Voies vertes - Travaux préparatoires terrassement et assainissement des plateformes - Voie verte Quissac-Lézan et voie verte Cardet-Anduze.,joue,directive24,appeloffre,initial,Conseil Général du Gard,30044,Nîmes cedex 9,,['Terrassement'],[341],non,oui
41,20-106706,2020-08-30,2020-09-29,['30'],"RECONNAISSANCES GEOTECHNIQUES, GEOLOGIQUES ET GEOPHYSIQUES AVEC ANALYSES EN LABORATOIRES SUR LE DEPARTEMENT DU GARD",joue,directive24,appeloffre,initial,Conseil Général du Gard,30044,Nîmes cedex 9,,['Etude'],[118],non,non
42,20-106860,2020-08-30,2020-09-30,"['26', '30', '7', '84', '34']",Fourniture de denrées alimentaires pour le lycée des métiers d'art Charles Gide (30700 UZES),joue,directive24,appeloffre,initial,Vici sarl,30700,UZES,,['Denrées alimentaires'],[88],non,non
43,20-106849,2020-08-30,2020-10-30,['31'],Marché pour la réalisation des préprogrammes proposés par l'UPS dans le cadre du CPER 2021-2027 - Université Toulouse III,joue,directive24,attribution,initial,Université Paul Sabatier,31062,Toulouse,,"['Prestations de services', ""Assistance à maîtrise d'ouvrage""]","[274, 433]",non,non
44,20-106623,2020-08-30,2020-09-10,['31'],"Fourniture d'huiles, graisses et maintenance ferroviaire",joue,autre,rectificatif,rectificatif,TISSEO,31081,Toulouse,,['Produits chimiques'],[275],non,non
45,20-106513,2020-08-30,2020-11-25,"['66', '31']",FOURNITURE DE MATIERES D'OEUVRE POUR LE CENTRE DE FORMATION D'APPRENTIS DESPYRENEES ORIENTALES,joue,directive24,attribution,initial,CRMA Occitanie Pyrénées - Méditerranée,31240,Saint Jean,,"['Denrées alimentaires', 'Droguerie', 'Surgelés']","[88, 95, 330]",non,non
46,20-106571,2020-08-30,2020-11-25,['31'],20mc0024aoo Ac-Za Fourniture de sources lumineuses - Années 2020 à 2023,joue,directive24,attribution,initial,TOULOUSE METROPOLE,31505,Toulouse,"[('2020-07-16', 'Rexel France Sct', (67849.04, 'EUR'), None)]",['Matériel électrique'],[203],non,non
47,20-106606,2020-08-30,2020-09-07,['33'],fourniture de mobiliers urbains et d'équipements de voirie issus de la valorisation des matières plastique et des caoutchoucs pour bordeaux métropole (rectificatif),joue,autre,rectificatif,rectificatif,Bordeaux Métropole,33045,BORDEAUX,,['Mobilier urbain'],[231],non,non
48,20-106542,2020-08-30,2020-10-05,"['33', '17', '16', '47', '64', '86', '24', '19', '40']",Elaboration de comptes combinés,joue,directive24,appeloffre,initial,CCI Nouvelle-Aquitaine,33050,Bordeaux cedex,,['Prestations de services'],[274],non,non
49,20-106598,2020-08-30,2020-10-13,['33'],"Souscription d'un marché d'assurances risques automobiles pour le groupement de commandes : Ville de Gradignan, C.C.A.S. et E.P.A.J.G.",joue,directive24,appeloffre,initial,Ville de Gradignan,33173,Gradignan cedex,,['Assurance'],[20],non,non
50,20-106640,2020-08-30,2020-10-02,['33'],Nettoyage des locaux communaux,joue,directive24,appeloffre,initial,COMMUNE DE COUTRAS,33230,Coutras,,['Nettoyage de locaux'],[239],non,non
51,20-106875,2020-08-30,2020-11-03,['33'],Prestations de gardiennage et de sécurité pour les manifestations de la ville de Pessac,joue,directive24,attribution,initial,COMMUNE DE PESSAC,33604,PESSAC CEDEX,"[('2020-08-10', 'DRAKKAR PROTECTION SECURITE,', (200000.0, 'EUR'), None)]",['Gardiennage'],[138],non,non
52,20-106883,2020-08-30,2020-11-03,"['33', '40', '65']",ORGANISATION DES TRANSPORTS SCOLAIRES JEUNESSE - ASSOCIATIFS - ACTIVITES PEDAGOGIQUES,joue,directive24,attribution,initial,COMMUNE DE PESSAC,33604,PESSAC CEDEX,"[('2020-08-10', ""PULLMANS D'AQUITAINE"", (79267.0, 'EUR'), 'sorties scolaires et associatives'), ('2020-08-10', 'Transcom-Voyages', (43210.0, 'EUR'), 'Transports Saint Lary (65)'), ('2020-08-10', ""PULLMANS D'AQUITAINE"", (3678.49, 'EUR'), ""Transports camps et colonies de vacances à Sanguinet ou d'autres destinations équivalentes""), ('2020-08-10', 'Aquitaine Services Transports Gironde', (143408.97, 'EUR'), 'Sorties périscolaires (activités physiques et éducatives)')]",['Transport'],[347],non,non
53,20-106824,2020-08-30,2020-11-15,"['30', '34']",Construction de la résidence étudiante Saint Césaire à Nîmes,joue,directive24,attribution,initial,C.R.O.U.S. de Montpellier,34093,Montpellier,,"[""Tous corps d'état""]",[345],non,non
54,20-106926,2020-08-30,2020-09-29,['34'],Production De Plans Topographiques,joue,directive24,appeloffre,initial,VILLE DE SETE,34110,Frontignan,,"['Etude', 'Topographie']","[118, 344]",non,non
55,20-106502,2020-08-30,2020-10-05,"['35', '22', '29', '44', '49', '53', '56']",Travaux d'équipements dynamiques sur le réseau routier national de la DIR Ouest,joue,directive24,appeloffre,initial,DIR INTERDEPARTEMENTALE DES RTE OUEST,35031,Rennes cedex,,['Voirie'],[365],non,non
56,20-106505,2020-08-30,2020-10-05,['35'],Office et commandes d'ouvrages jeunesse et de Bandes Dessinées pour la Bibliothèque de Rennes Métropole.,joue,directive24,appeloffre,initial,Rennes Métropole,35039,RENNES CEDEX,,['Livres'],[184],non,non
57,20-106913,2020-08-30,2020-11-05,"['35', '76', '45', '44']","Fourniture, Installation et mise en service de systèmes de sûreté 2020",joue,directive24,attribution,initial,SGAMI OUEST,35207,Rennes cedex 2,,['Matériel de sécurité'],[209],oui,oui
58,20-106912,2020-08-30,2020-09-29,"['35', '14', '45', '44']","Fourniture en alimentation et accessoires UCL et GIC de la zone de défense et de sécurité Ouest (Bretagne, Normandie, Pays de la Loire et Centre val de Loire)",joue,autre,rectificatif,rectificatif,SGAMI OUEST,35207,Rennes cedex 2,,['Aliments pour animaux'],[7],non,non
59,20-106892,2020-08-30,2020-09-29,['37'],Fourniture Et Transport De Materiaux D'Origine Eruptive Pour La Realisation D'Enduits Superficiels Et Divers Travaux D'Amenagements De Voirie,joue,directive24,appeloffre,initial,Conseil Général d'Indre et Loire,37927,Tours,,['Matériaux routiers'],[199],non,non
60,20-106529,2020-08-30,2020-10-05,"['38', '69']",dsp restauration,joue,directive24,preinformation,initial,CHBR DE METIERS ET DE ARTISANAT ISERE,38000,GRENOBLE,,['Restauration collective'],[66],non,non
61,20-106927,2020-08-30,2020-09-21,['38'],Mission de maîtrise d'oeuvre pour le déploiement de la priorité dynamique des bus sur les carrefours du réseau de transport en commun du Smmag,joue,autre,rectificatif,rectificatif,SMMAG Mobilités de l'Aire Grenobloise,38031,Grenoble,,"[""Maîtrise d'oeuvre"", 'Signalisation', 'Ingénierie']","[197, 322, 455]",non,non
62,20-106695,2020-08-30,2020-09-27,['38'],déneigement voiries communales,joue,directive24,appeloffre,initial,Commune de Villard de Lans,38250,Villard de Lans,,['Déneigement'],[98],non,non
63,20-106768,2020-08-30,2020-09-11,['38'],Entretien des espaces verts,joue,directive24,appeloffre,initial,MAIRIE DE GIERES,38610,Gières,,"['Arrosage', 'Espaces verts', 'Végétaux']","[13, 116, 358]",oui,non
64,20-106521,2020-08-30,2020-11-25,['39'],Services de télécommunications pour le Département et les Collèges du Jura,joue,directive24,attribution,initial,DEPARTEMENT DU JURA,39039,Lons Le Saunier,,['Informatique (prestations de services)'],[163],non,non
65,20-106845,2020-08-30,2020-09-29,['42'],Tri De La Collecte Sélective Hors Verre,joue,directive24,appeloffre,initial,COMMUNAUTE DE COMMUNES DE FOREZ-EST,42110,Feurs,,['Collecte sélective'],[82],non,non
66,20-106783,2020-08-30,2020-11-25,['43'],Avis de concours de maîtrise d'oeuvre pour la construction d'une usine de champignons zone de Combe Aérodrome à Chaspuzac,joue,directive24,attribution,initial,COMMUNAUTE D AGL DU PUY EN VELAY,43003,Le Puy-en-Velay,"[('2020-07-07', 'Tricot Architecture', (713250, 'EUR'), None)]",['Prestations de services'],[274],non,non
67,20-106871,2020-08-30,2020-10-30,['44'],Matériaux Bitumineux Coulés à Froid (MBCF) sur routes départementales,joue,directive24,attribution,initial,Conseil départemental Loire-Atlantique,44041,NANTES,"[('2020-08-20', 'COLAS CENTRE OUEST AGENCE NANTES SUD', (155932.5, 'EUR'), 'Matériaux Bitumineux Coulés à Froid (MBCF) sur routes départementales')]",['Matériaux routiers'],[199],non,non
68,20-106610,2020-08-30,2020-10-07,['44'],Fourniture et livraison de produits de marquage routiers,joue,directive24,appeloffre,initial,Conseil départemental Loire-Atlantique,44041,NANTES,,['Matériaux routiers'],[199],non,non
69,20-106827,2020-08-30,2020-10-14,['44'],Travaux de réalisation d'un feeder de sécurisation de l'alimentation en eau potable du Sud-Ouest du département de Loire-Atlantique,joue,directive25,appeloffre,initial,Atlantic'eau,44105,NANTES Cedex 4,,"['Alimentation en eau potable', 'Canalisations']","[6, 48]",non,non
70,20-106512,2020-08-30,2020-09-18,['44'],Travaux marais,joue,directive24,attribution,initial,Syndicat du Bassin Versant du Brivet,44160,PONT-CHATEAU,"[('2020-07-23', 'EFFIVERT', (50000, 'EUR'), 'Travaux de restauration de la Ripisylve'), ('2020-07-23', 'SARL THOUZEAU', (950000, 'EUR'), 'Travaux de restauration des Marais')]","['Terrassement', ""Travaux dans l'eau"", 'Travaux forestiers']","[341, 349, 350]",non,non
71,20-106586,2020-08-30,2020-09-18,['44'],Travaux de restauration des cours d'eau du bassin versant Brière-Brivet,joue,directive24,attribution,initial,Syndicat du Bassin Versant du Brivet,44160,PONT-CHATEAU,"[('2020-07-23', 'COLAS CENTRE OUEST', (700000, 'EUR'), ""Masse d'eau de Ponchâteau""), ('2020-07-23', 'SARL THOUZEAU', (1000000, 'EUR'), ""Masse d'eau Brivet Amont""), ('2020-07-23', 'SARL MAHE TERRIEN', (420000, 'EUR'), ""Masse d'eau Grande DOUE""), ('2020-07-23', 'DERVENN TRAVAUX AMENAGEMENTS', (920000, 'EUR'), ""Masse d'eau du Moulin à Foulon"")]","['Terrassement', ""Travaux dans l'eau"", 'Travaux forestiers']","[341, 349, 350]",non,non
72,20-106540,2020-08-30,2020-10-02,['44'],Prestations de service en assurance,joue,directive24,appeloffre,initial,Mairie de Savenay,44260,Savenay,,"['Abris', 'Assurance', 'Prestations de services']","[1, 20, 274]",non,non
73,20-106834,2020-08-30,2020-09-08,['44'],"mission d'assistance à l'élaboration de l'ambition de nantes métropole sur les milieux aquatiques et la prévention des inondations, au regard notamment de la compétence gemapi (rectificatif)",joue,autre,rectificatif,rectificatif,Nantes Métropole,44923,Nantes cedex 9,,['Prestations de services'],[274],non,non
74,20-106839,2020-08-30,2020-11-25,['45'],Fourniture De Materiel D'Entretien Des Batiments Et De Leurs Espaces Verts,joue,directive24,attribution,initial,REGION CENTRE VAL DE LOIRE,45041,Orleans,"[('2020-07-31', 'Mat Hygiene', (112213, 'EUR'), 'Lave linge / sèche linge'), ('2020-07-31', 'Dv2i Rema Centre', (50142, 'EUR'), 'Chariot de ménage'), ('2020-07-30', 'Nilfisk', (71389, 'EUR'), 'Aspirateur'), ('2020-07-30', 'Nilfisk', (309448, 'EUR'), 'Auto-laveuse'), ('2020-07-30', 'Nilfisk', (70805, 'EUR'), 'Mono-brosse'), ('2020-08-03', 'Karcher', (29210, 'EUR'), 'Nettoyeur'), ('2020-08-03', 'Karcher', (41091, 'EUR'), 'Balayeuse'), ('2020-07-31', 'Cloue Equipement', (145580, 'EUR'), 'Espaces verts')]",['Machines-outils'],[194],non,oui
75,20-106557,2020-08-30,2020-11-30,"['47', '31', '33', '40']",location et nettoyage de linge pour l'énap,joue,directive24,appeloffre,initial,Enap,47916,agen,,"['Blanchissage', 'Prestation hotelière']","[36, 466]",non,oui
76,20-106698,2020-08-30,2020-09-28,['49'],"Transports par autocars des musiciens, des choristes et autres personnes pour le compte de l'ONPL",joue,directive24,attribution,initial,Orchestre National des Pays de la Loir,49052,Angers cedex 02,"[('2020-07-21', 'STAO PL', (112000, 'EUR'), ""Lot 1 : Transport par autocars des musiciens de l'Orchestre au départ de Nantes""), ('2020-07-21', 'STAO PL 49', (130000, 'EUR'), ""Lot 2 : Transport par autocars des musiciens de l'Orchestre au départ d'Angers""), ('2020-07-21', 'STAO PL', (30000, 'EUR'), ""Lot 3 : Transport par autocars du Choeur de l'Orchestre et d'autres personnes au départ de Nantes""), ('2020-07-16', 'Transports Voisin', (30000, 'EUR'), ""Lot 4 : Transport par autocars du Choeur de l'Orchestre et d'autres personnes au départ d'Angers"")]",['Transport'],[347],non,non
77,20-106679,2020-08-30,2020-11-25,['50'],Mission d'assistance à maîtrise d'ouvrage pour la mise en place d'un système numérique selon une approche servicielle,joue,directive24,attribution,initial,Communauté d'Agglomération du Cotentin,50130,Cherbourg en Cotentin,"[('2020-08-25', 'Mt3', (168050, 'EUR'), None)]","['Assistance technique', 'Prestations de services', ""Assistance à maîtrise d'ouvrage""]","[19, 274, 433]",non,non
78,20-106749,2020-08-30,2020-11-15,['51'],"N°21- Collecte, transport, traitement et valorisation des déchets",joue,directive24,appeloffre,initial,CHU REIMS,51092,"Reims cedex, Cellule des marchés publics",,['Déchets non ménagers (prestations)'],[404],non,non
79,20-106906,2020-08-30,2020-09-14,['51'],Réaménagement des basses Promenades de Reims - lot 3 : éclairage public - réseaux secs,joue,autre,rectificatif,rectificatif,Ville de Reims,51722,Reims cedex,,['Eclairage public'],[102],non,non
80,20-106807,2020-08-30,2020-10-02,['56'],Fourniture de mobilier intérieur et extérieur pour les établissements du GHT Sud Bretagne (5 lots),joue,directive24,appeloffre,initial,Groupe Hospitalier Bretagne Sud,56322,LORIENT,,['Mobilier'],[230],non,non
81,20-106862,2020-08-30,2020-09-30,"['57', '67', '21', '54', '25', '51', '8', '71', '70']",Fourniture de pièces détachées automobiles pour les ateliers de réparation du ressort du SGAMI Est,joue,directive24,appeloffre,initial,SGAMI Est DAGF BCP,57036,Metz cedex 1,,['Pièces détachées'],[266],non,non
82,20-106629,2020-08-30,2020-10-07,['57'],"le marché a pour objet de faire exécuter par le titulaire, pour le compte du maître d'ouvrage, l'exploitation sur 5 ans, des installations de génie climatique de la commune",joue,directive24,appeloffre,initial,Ville de Longeville-lès-st-Avold,57740,LONGEVILLE LES ST AVOLD,,"['Chauffage (exploitation, entretien)', 'Maintenance']","[59, 196]",non,non
83,20-106652,2020-08-30,2020-12-01,['59'],Conception et fourniture d'un Skatepark pour la Halle de Glisse de Lille Sud.,joue,directive24,appeloffre,initial,Ville de Lille,59033,Lille cedex,,['Equipement sportif'],[113],non,non
84,20-106711,2020-08-30,2020-10-02,"['59', '62']",Accords-cadres à bons de commande de Coordination en matière de Sécurité et de Protection de la Santé relatifs aux travaux sur le patrimoine bâti du Département du Nord,joue,directive24,appeloffre,initial,DEPARTEMENT DU NORD,59047,Lille,,['Prestations de services'],[274],non,non
85,20-106757,2020-08-30,2020-10-30,['59'],Marché public de service d'exploitation et d'entretien des installations de chauffage du centre aquatique NEPTUNIA à Haubourdin,joue,autre,rectificatif,rectificatif,Ville de Loos,59120,Loos,,"['Chauffage (exploitation, entretien)']",[59],non,non
86,20-106534,2020-08-30,2020-09-30,['59'],Collecte et traitement des dechets issus des dechetteries sur le territoire de valenciennes metropole,joue,directive24,appeloffre,initial,Cté d'Agglo Valenciennes Métropole,59300,VALENCIENNES,,"['Benne', 'Bois', 'Carton', 'Pneumatiques', 'Transport', 'Déchets non ménagers (prestations)', 'Déchetterie (exploitation)']","[34, 38, 54, 271, 347, 404, 405]",non,oui
87,20-106649,2020-08-30,2020-10-02,['59'],"Prestations d'entretien, de reparations et de maintenance des toitures et de petites maconneries diverses des bâtiments proprietes de valenciennes metropole",joue,directive24,appeloffre,initial,Cté d'Agglo Valenciennes Métropole,59300,VALENCIENNES,,"['Couverture', 'Maintenance']","[74, 196]",non,non
88,20-106215,2020-08-30,2020-09-28,['59'],aoo 2019-3279 à 3371 dispositifs médicaux stériles pour cardiologie interventionnelle,joue,directive24,attribution,initial,Centre hospitalier de Valenciennes,59322,Valenciennes,"[('2020-05-04', 'ABBOTT MEDICAL FRANCE', (2791826, 'EUR'), 'dispositifs médicaux stériles pour cardiologie interventionnelle'), ('2020-05-04', 'ASAHI INTECC CO', (2791826, 'EUR'), 'dispositifs médicaux stériles pour cardiologie interventionnelle'), ('2020-05-04', 'B BRAUN MEDICAL ', (2791826, 'EUR'), 'dispositifs médicaux stériles pour cardiologie interventionnelle'), ('2020-05-04', 'BIOTRONIK FRANCE', (2791826, 'EUR'), 'dispositifs médicaux stériles pour cardiologie interventionnelle'), ('2020-05-04', 'BIOVAS', (2791826, 'EUR'), 'dispositifs médicaux stériles pour cardiologie interventionnelle'), ('2020-05-04', 'BOSTON SCIENTIFIC SAS', (2791826, 'EUR'), 'dispositifs médicaux stériles pour cardiologie interventionnelle'), ('2020-05-04', 'CARDINAL HEALTH FRANCE', (2791826, 'EUR'), 'dispositifs médicaux stériles pour cardiologie interventionnelle'), ('2020-05-04', 'COOK FRANCE', (2791826, 'EUR'), 'dispositifs médicaux stériles pour cardiologie interventionnelle'), ('2020-05-04', 'HEXACATH FRANCE', (2791826, 'EUR'), 'dispositifs médicaux stériles pour cardiologie interventionnelle'), ('2020-05-04', 'MED IMPULSE', (2791826, 'EUR'), 'dispositifs médicaux stériles pour cardiologie interventionnelle'), ('2020-05-04', 'MEDTRONIC FRANCE', (2791826, 'EUR'), 'dispositifs médicaux stériles pour cardiologie interventionnelle'), ('2020-05-04', 'MERIT MEDICAL', (2791826, 'EUR'), 'dispositifs médicaux stériles pour cardiologie interventionnelle'), ('2020-05-04', 'MICROPORT CRM FRANCE SAS', (2791826, 'EUR'), 'dispositifs médicaux stériles pour cardiologie interventionnelle'), ('2020-05-04', 'TELEFLEX', (2791826, 'EUR'), 'dispositifs médicaux stériles pour cardiologie interventionnelle'), ('2020-05-04', 'TERUMO', (2791826, 'EUR'), 'dispositifs médicaux stériles pour cardiologie interventionnelle'), ('2020-05-04', 'VYGON', (2791826, 'EUR'), 'dispositifs médicaux stériles pour cardiologie interventionnelle')]",['Produits pharmaceutiques'],[280],non,non
89,20-106618,2020-08-30,2020-09-30,['59'],aoo 2020-2234 location d'une solution d'impression pour le pole d'imagerie médicale,joue,directive24,appeloffre,initial,Centre hospitalier de Valenciennes,59322,Valenciennes,,['Reprographie'],[305],non,non
90,20-106683,2020-08-30,2020-10-28,['59'],MAINTENANCE PRÉVENTIVE ET CURATIVE DES CENTRIFUGEUSES ET LAVES GLOBULES DE L'EFS HFNO,joue,directive24,attribution,initial,Etablissement Français du Sang,59373,Loos cedex,"[('2020-07-27', 'CSLM, Contrôle et Sécurité du Laboratoire Médical', (96000, 'EUR'), 'Maintenance des centrifugeuses de poches et des centrifugeuses de grande capacité'), ('2020-07-27', 'CSLM, Contrôle et Sécurité du Laboratoire Médical', (150000, 'EUR'), 'Maintenance des centrifugeuses de tubes et des centrifugeuses de plaques'), ('2020-07-27', 'CSLM, Contrôle et Sécurité du Laboratoire Médical', (21000, 'EUR'), 'Maintenance des centrifugeuses de cartes gel DIAMED / BIORAD')]",['Maintenance'],[196],non,non
91,20-106803,2020-08-30,2020-10-02,['59'],"PRESTATIONS DE SURVEILLANCE PHYSIQUE, DE TELESURVEILLANCE POUR TRAVAILLEUR ISOLÉ ET DE LEVÉE DE DOUTE",joue,directive24,appeloffre,initial,Etablissement Français du Sang,59373,Loos cedex,,['Surveillance'],[331],non,non
92,20-106670,2020-08-30,2020-10-02,['60'],"Prestations d'entretien des installations de traitement des eaux usées, eaux vannes, eaux pluviales et hydrocarbures des sites du patrimoine de l'Opac de l'Oise",joue,directive24,appeloffre,initial,OPAC de l'Oise,60016,Beauvais,,['Prestations de services'],[274],non,non
93,20-106677,2020-08-30,2020-11-25,['60'],Prestations de nettoyage des parties communes et de logements du patrimoine immobilier ainsi que des bureaux et des vitres des antennes de l'Opac de l'Oise,joue,directive24,attribution,initial,OPAC de l'Oise,60016,Beauvais,"[('2020-04-29', 'Beauvais Service Plus', (214831.5, 'EUR'), 'Beauvais'), ('2020-04-29', 'Nacre Services', (16196.25, 'EUR'), 'Méru Oise'), ('2020-04-29', 'Nacre Services', (24348, 'EUR'), ""Méru Val d'Oise""), ('2020-04-29', 'Beauvais Service Plus', (166669.5, 'EUR'), 'Nogent - Senlis - Pont Sainte Maxence'), ('2020-04-29', 'Aquanet Services', (50646.3, 'EUR'), 'Clermont'), ('2020-04-29', 'Asept', (123210, 'EUR'), 'Compiègne'), ('2020-04-29', 'Aquanet Services', (22162.89, 'EUR'), 'Crépy-En-Valois'), ('2020-04-29', 'Asept', (67896, 'EUR'), 'Noyon')]",['Nettoyage de locaux'],[239],non,non
94,20-106518,2020-08-30,2020-11-25,['60'],"Diagnostic De Performance Energetique, Audit Energetique Th-C-E- Ex, Bilan Patrimoine Habitat Sur Les Groupes Immobiliers De L'Opac De L'Oise",joue,directive24,attribution,initial,OPAC de l'Oise,60016,Beauvais,"[('2020-07-16', 'Diagnostics France Be', (148068, 'EUR'), 'secteur Ouest : mise à jour des Dpe à 10 ans'), ('2020-07-17', 'Bureau Veritas Solutions', (173140, 'EUR'), 'secteur Est : mise à jour des Dpe à 10 ans'), ('2020-07-16', 'Expert Home', (54720, 'EUR'), 'Dpe après travaux réhabilitation ou construction'), ('2020-07-17', 'Bureau Veritas Solutions', (195000, 'EUR'), 'secteur Ouest : audit énergétique Th-C-E ex'), ('2020-07-16', 'Diagnostics France Be', (112000, 'EUR'), 'secteur Est : audit énergétique Th-C-E ex'), ('2020-07-17', 'Qcsservices', (90880, 'EUR'), 'secteur Ouest : bilan patrimoine habitat'), ('2020-07-16', 'Socotec France', (100600, 'EUR'), 'secteur est : bilan patrimoine habitat')]",['Assistance technique'],[19],non,non
95,20-106880,2020-08-30,2020-09-28,['62'],19s0591-aoo-ddae-aménagement foncier agricole forestier et environnemental - programme 2020 (3 lots) (rectificatif),joue,autre,rectificatif,rectificatif,Conseil départemental du Pas-de-Calais,62018,ARRAS,,"['Etude', 'Remembrement (travaux connexes)', 'Topographie']","[118, 303, 344]",non,non
96,20-106751,2020-08-30,2020-10-28,['62'],"AOO LVIS 19S0522 - enquêtes et comptages routiers, études de trafic et floating car data (fcd) - 3 lots",joue,directive24,attribution,initial,Conseil départemental du Pas-de-Calais,62018,Arras cedex 9,"[('2020-08-20', 'SARL CPEV - Comptages Projets Etudes Voirie', (94000, 'EUR'), 'Enquêtes et comptages routiers, études de trafic et Floating Car Data (FCD)'), ('2020-08-20', 'SARL CPEV \x96 Comptages Projets Etudes Voirie', (41400, 'EUR'), 'Etudes de trafic et études de mobilité'), ('2020-08-20', 'Alyce', (63200, 'EUR'), 'Floating Car Data (FCD)')]","['Etude', 'Voirie', 'Sondage, enquête']","[118, 365, 471]",non,non
97,20-106929,2020-08-30,2020-11-27,"['62', '2', '59', '60', '80']",PN-GCS-DICOMIR,joue,directive24,appeloffre,initial,Centre Hospitalier de Calais,62107,Calais Cedex,,['Informatique (prestations de services)'],[163],non,non
98,20-106595,2020-08-30,2020-10-28,['62'],Fourniture et pose de colonnes enterrées,joue,directive24,attribution,initial,CA DES DEUX BAIES EN MONTREUILLOIS,62170,MONTREUIL-SUR-MER,"[('2020-08-19', 'SULO', (900000, 'EUR'), 'fourniture et pose de conteneurs enterrés')]","['Conteneur, poubelles', 'Terrassement', 'Déchets non ménagers (prestations)']","[71, 341, 404]",non,non
99,20-106686,2020-08-30,2020-10-15,['64'],Diffusion hertzienne en TNT en Pays Basque de France du multiplex du groupe EITB,joue,directive24,appeloffre,initial,Office public de la langue basque,64100,Bayonne,,['Prestations de services'],[274],non,non
100,20-106615,2020-08-30,2020-10-15,['64'],Diffusion satellitaire d'ETB1 et ETB3,joue,directive24,appeloffre,initial,Office public de la langue basque,64100,Bayonne,,['Prestations de services'],[274],non,non
101,20-106573,2020-08-30,2020-11-25,['65'],Acquisition De Denrées Alimentaires Pour Le Groupement De Commandes Entre La Ville De Tarbes Et Le Ccas De La Ville De Tarbes,joue,directive24,attribution,initial,VILLE DE TARBES,65000,Tarbes,"[('2020-07-31', 'Pro à Pro distribution Sud', (10000, 'EUR'), 'Conserves cuisinées'), ('2020-07-31', 'Pro à Pro distribution Sud', (240000, 'EUR'), 'Patisseries et produits sucrés'), ('2020-07-31', 'Scic Mangeons Hapy', (28000, 'EUR'), 'Compotes artisanales')]",['Denrées alimentaires'],[88],non,non
102,20-106569,2020-08-30,2020-11-25,['65'],Acquisition De Corbeilles De Propreté Et D'Accessoires Pour La Ville De Tarbes,joue,directive24,attribution,initial,VILLE DE TARBES,65000,Tarbes,"[('2020-07-30', 'Sineu-Graff', (320000, 'EUR'), 'Corbeilles, Cendriers Et Accessoires Sineu Graff Gamme Contemporaine'), ('2020-07-29', 'Sulo France', (200000, 'EUR'), 'Corbeilles Et Accessoires Sulo Prima Linea'), ('2020-07-31', 'Sineu-Graff', (120000, 'EUR'), 'Seaux Pour Corbeilles De Proprete')]","['Conteneur, poubelles', 'Mobilier urbain']","[71, 231]",non,non
103,20-106572,2020-08-30,2020-11-25,['65'],"Acquisition, Installation Et Maintenance De Défibrillateurs Semi Automatiques Pour Le Groupement De Commandes Entre La Ville De Tarbes Et Le Ccas De La Ville De Tarbes",joue,directive24,attribution,initial,VILLE DE TARBES,65000,Tarbes,"[('2020-08-21', 'Dajac sarl', (68000, 'EUR'), 'Maintenance du Parc existant')]","['Maintenance', ""Matériel de secours et d'incendie""]","[196, 217]",non,non
104,20-106894,2020-08-30,2020-10-01,['66'],Fourniture De Pièces Détachées D'Origine Ou Spécifiques Et Accessoires Pour Les Véhicules Et Engins De La Ville De Canet-En-Roussillon,joue,directive24,appeloffre,initial,Mairie de Canet en Roussillon,66145,Canet-en-Roussillon,,['Mécanique'],[221],non,non
105,20-106690,2020-08-30,2020-10-02,['66'],Fourniture De Carburants Tous Types Pour La Communaute De Communes Alberes Cote Vermeille Illiberis,joue,directive24,appeloffre,initial,CC ALBERES COTE VERMEILLE ILLIBERIS,66704,Argelès sur Mer,,"['Carburant, hydrocarbure']",[52],non,non
106,20-106828,2020-08-30,2020-12-31,"['51', '10']",2020-SAM-GDE-13,joue,directive24,appeloffre,initial,Pôle emploi - Direction régionale,67030,Strasbourg cedex,,"['Abris', 'Peinture (travaux)', ""Tous corps d'état""]","[1, 264, 345]",oui,oui
107,20-106818,2020-08-30,2020-12-31,"['51', '10']",2020-SAM-GDE-12,joue,directive24,appeloffre,initial,Pôle emploi - Direction régionale,67030,Strasbourg cedex,,"['Abris', 'Peinture (travaux)', ""Tous corps d'état""]","[1, 264, 345]",oui,oui
108,20-105728,2020-08-30,2020-09-28,"['67', '68', '88', '54', '57', '52', '55', '51', '10']",assistance à maîtrise d'ouvrage pour l'exploitation des installations thermiques d'établissements publics à compétence régionale équipés d'une chaufferie biomasse,joue,directive24,attribution,initial,REGION GRAND EST,67070,Strasbourg cedex,"[('2020-07-29', 'BENOIT SAMUEL CONSEIL EN ENERGIE SARL', (213350.95, 'EUR'), ""ASSISTANCE A MAITRISE D\x92OUVRAGE Pour l\x92exploitation des installations thermiques d'établissements publics  de compétence régionale, équipés d'une chaufferie biomasse"")]","[""Assistance à maîtrise d'ouvrage""]",[433],non,non
109,20-105381,2020-08-30,2020-09-28,"['67', '54', '57', '52', '68', '55', '51', '10']",exploitation des installations thermiques d'établissements publics de compétence régionale équipés d'une chaufferie biomasse pour la région grand est,joue,directive24,attribution,initial,REGION GRAND EST,67070,Strasbourg cedex,"[('2020-07-29', 'ENGIE SOLUTIONS Agence Alsace', (6202126, 'EUR'), ""Exploitation des installations thermiques d'établissements publics de compétence régionale équipés d'une chaufferie biomasse pour la Région Grand Est"")]",['Equipement thermique'],[114],non,non
110,20-106635,2020-08-30,2020-09-08,['67'],Traitement de charpente bois dans une partie du bâtiment de la Manufacture des Tabacs,joue,autre,rectificatif,rectificatif,Ville de Strasbourg,67076,STRASBOURG CEDEX,,"['Bois', 'Charpente']","[38, 57]",non,non
111,20-106642,2020-08-30,2020-09-28,['67'],"Fourniture pour le CH de Haguenau de dispositifs médicaux stériles ou de techniques interventionnelles pour orthopédie, ostéosynthèse et cardiologie et radiologie interventionnelles",joue,directive24,attribution,initial,HOPITAUX UNIVERSITAIRES DE STRASBOURG,67091,Strasbourg cedex,"[('2020-07-24', 'NOVASTEP', (44993.75, 'EUR'), 'ORTHOPEDIE ET OSTEOSYNTHESE - Lots 1, 2 et 3'), ('2020-08-07', 'STRYKER France SAS', (31680, 'EUR'), 'ORTHOPEDIE ET OSTEOSYNTHESE - Lot 4'), ('2020-07-24', 'NEWCLIP TECHNICS', (60000, 'EUR'), 'ORTHOPEDIE ET OSTEOSYNTHESE - Lot 5'), ('2020-07-24', 'SYMBIOS', (51315, 'EUR'), 'ORTHOPEDIE ET OSTEOSYNTHESE - Lot 6'), ('2020-07-24', 'AMPLITUDE', (24648.37, 'EUR'), 'ORTHOPEDIE ET OSTEOSYNTHESE - Lot 7'), ('2020-07-24', 'SERF', (90000, 'EUR'), 'ORTHOPEDIE ET OSTEOSYNTHESE - Lot 8'), ('2020-07-24', 'FX SOLUTIONS', (40284.6, 'EUR'), 'ORTHOPEDIE ET OSTEOSYNTHESE - Lot 9'), ('2020-07-24', 'CARDINAL HEALTH France 506', (39000, 'EUR'), 'CARDIOLOGIE ET RADIOLOGIE INTERVENTIONNELLES - Lot 10'), ('2020-08-07', 'ORBUS INTERNATIONAL B.V', (88000, 'EUR'), 'CARDIOLOGIE ET RADIOLOGIE INTERVENTIONNELLES - Lot 11'), ('2020-08-07', 'ABBOTT MEDICAL France division ABBOTT VASCULAR', (99999, 'EUR'), 'CARDIOLOGIE ET RADIOLOGIE INTERVENTIONNELLES - Lot 12')]","['Matériel médical', 'Prothèses']","[212, 284]",non,oui
112,20-106501,2020-08-30,2020-10-29,['67'],Nettoyage des bureaux et des parties communes du CTI Strasbourg,joue,directive24,attribution,initial,CTI Grand Est,67405,Illkirch fraffenstaden cedex,"[('2020-08-27', 'ONET Services Strasbourg', (201350.72, 'EUR'), 'Nettoyage des locaux et des parties communes du CTI Strasbourg')]","['Nettoyage de locaux', 'Prestations de services']","[239, 274]",non,non
113,20-106732,2020-08-30,2020-09-15,['69'],"GCS UniHA - Fourniture d'équipements et solutions de mammographie, d'ostéodensitométrie et de radiologie dentaire externe",joue,directive24,appeloffre,initial,UniHA GCS,69003,Lyon,,['Matériel médical'],[212],non,non
114,20-106550,2020-08-30,2020-09-18,['69'],Prestations de nettoyage des locaux du lycée du Confluent Lyon 7eme et de l'internat du lycée du Parc Lyon 6eme (69),joue,directive24,attribution,initial,REGION AUVERGNE RHONE ALPES,69269,Lyon 2,"[('2020-08-14', 'ONET SERVICES', (184243.33, 'EUR'), 'Prestations de nettoyage des locaux du lycée du Parc Lyon 6eme (69)')]",['Nettoyage de locaux'],[239],non,non
115,20-106836,2020-08-30,2020-09-30,['69'],Gestion d'un quai de transfert et transport des déchets ménagers,joue,directive24,appeloffre,initial,SYTRAIVAL,69400,villefranche sur saone,,['Ordures ménagères (prestations)'],[249],non,non
116,20-106712,2020-08-30,2020-09-30,['69'],Gestion d'un quai de transfert et transport des déchets ménagers et des emballages légers,joue,directive24,appeloffre,initial,SYTRAIVAL,69400,villefranche sur saone,,['Ordures ménagères (prestations)'],[249],non,non
117,20-106492,2020-08-30,2020-09-30,"['69', '971', '35', '76', '14', '29', '63', '38', '1']","2020-19 Accompagnement à la fusion des réseaux santé, MAIA, PTA, CTA de PAERPA pour la création des DAC unifiés",joue,directive24,attribution,initial,Agence Régionale de Santé (ARS),69418,Lyon cedex 3,,"['Etude', 'Prestations de services']","[118, 274]",non,non
118,20-106666,2020-08-30,2020-10-12,['69'],Accord Cadre De Prestations De Photographies Et Videos Relatives Aux Actions De Communication Du Sytral,joue,directive25,appeloffre,initial,SYTRAL,69487,Lyon,,"['Audiovisuel', 'Matériel photographique et cinématographique', 'Vidéo, cinéma']","[22, 214, 362]",non,non
119,20-106482,2020-08-30,2020-10-05,['69'],missions d'assistance à maitrise d'ouvrage pour la réalisation d'études de sûreté et de sécurité publique (essp) en matière d'aménagements urbains. (rectificatif),joue,autre,rectificatif,rectificatif,Métropole de Lyon,69505,lyon,,['Etude'],[118],non,non
120,20-95481,2020-08-30,2020-10-13,"['69', '63']","prestations de maintenance multitechnique et d'entretien des laboratoires de l'inserm (lyon, bron, clermont-ferrand) et de la délégation régionale auvergne, rhône-alpes",joue,directive24,appeloffre,initial,INSERM Rhône-Alpes Auvergne,69675,Bron,,"['Contrôle technique', 'Maintenance', 'Prestations de services']","[72, 196, 274]",non,oui
121,20-106786,2020-08-30,2020-11-25,['69'],Fourniture et livraison de denrées alimentaires,joue,directive24,attribution,initial,Ville de Chassieu,69680,Chassieu,,['Denrées alimentaires'],[88],non,non
122,20-106511,2020-08-30,2020-09-28,['71'],Concours de maitrise d'oeuvre pour la restructuration et l'extension de l'EHPAD du Centre hospitalier de Marcigny,joue,directive24,attribution,initial,CENTRE HOSPITALIER DE MACON,71018,Macon cedex,,"[""Maîtrise d'oeuvre""]",[197],non,non
123,20-106852,2020-08-30,2020-09-07,['71'],Assurances des risques statutaires des agents CNRACL,joue,directive24,attribution,initial,EHPAD INTERCOMMUNAL ST GERMAIN PLAIN V,71370,Saint-germain du plain,"[('2019-12-20', 'YVELINS', (31964.46, 'EUR'), 'Assurance des risques statutaires des agents CNRACL')]","['Assurance', 'Prestations de services']","[20, 274]",non,non
124,20-106577,2020-08-30,2020-11-25,['73'],Parois clouées sur les routes départementales de la Savoie,joue,directive24,attribution,initial,DEPARTEMENT DE LA SAVOIE,73018,Chambery,"[('2020-08-10', 'Construction Notari', (962898.07, 'EUR'), None)]",['Mur de soutènement'],[233],non,non
125,20-106522,2020-08-30,2020-11-25,['73'],"Traitement, impression et livraison de titre restaurant",joue,directive24,attribution,initial,Commune de La Plagne Tarentaise,73216,Aime La Plagne,"[('2020-07-27', 'Natixis Intertitres', (1, 'EUR'), None)]",['Edition'],[104],non,non
126,20-106519,2020-08-30,2020-11-25,['74'],Mission d'assistance à maîtrise d'ouvrage relative à la maquette numérique,joue,directive24,attribution,initial,Département de la Haute-Savoie,74041,Annecy,"[('2020-07-07', 'Bim In Motion', (298000, 'EUR'), None)]",['Ingénierie'],[455],non,non
127,20-106902,2020-08-30,2020-09-28,['74'],"Accord-cadre à bons de commande relatif aux missions de maîtrise d'oeuvre de projets de voirie, de réseaux divers, de Point d'Apport Volontaire (Pav) et de bâtiments",joue,directive24,appeloffre,initial,Cté de Cnes de Faucigny-Glières,74130,Bonneville,,"[""Maîtrise d'oeuvre"", 'Ingénierie']","[197, 455]",non,non
128,20-106547,2020-08-30,2020-10-21,"['74', '1']",concessions de service public pour la gestion et l'exploitation des lignes de transport public routier de voyageurs entre le département de la haute savoie et le canton de genève (rectificatif),joue,autre,rectificatif,rectificatif,GLCTtransports publics transfrontalier,74160,Archamps,,"['Prestations de services', 'Transport']","[274, 347]",non,non
129,20-106782,2020-08-30,2020-09-11,['75'],Prestations de remplacement de deux blocs portes coupe-feu et pose de trois rideaux métalliques coupe-feu,joue,autre,rectificatif,rectificatif,EPPDCSI,75008,Paris,,['Serrurerie'],[321],non,non
130,20-106804,2020-08-30,2020-10-07,['75'],Recherche de solutions techniques innovantes pour limiter la pollution de l'air (5 lots) - PHASE CANDIDATURE,joue,autre,rectificatif,rectificatif,SOC DE LIVRAISON OUVRAGES OLYMPIQUES,75009,Paris,,['Antipollution (équipement)'],[432],non,non
131,20-106792,2020-08-30,2020-10-07,['75'],Recherche de solutions techniques innovantes pour la lutte contre les effets d'ilots de chaleur urbains (5 lots) - PHASE CANDIDATURE,joue,autre,rectificatif,rectificatif,SOC DE LIVRAISON OUVRAGES OLYMPIQUES,75009,Paris,,['Antipollution (équipement)'],[432],non,non
132,20-106801,2020-08-30,2020-10-07,['75'],Recherche de mobiliers urbains innovants et inclusifs (3 lots) - PHASE CANDIDATURE,joue,autre,rectificatif,rectificatif,SOC DE LIVRAISON OUVRAGES OLYMPIQUES,75009,Paris,,['Signalisation'],[322],non,non
133,20-106918,2020-08-30,2020-10-09,['75'],"MISE A DISPOSITION ET GESTION DE SERVICES D'INFRASTRUCTURE ET DE SERVICES DE PLATEFORME EN MODE "" CLOUD "" AU PROFIT DU SYSTEME D'INFORMATION DE FRANCE COMPETENCES ET PRESTATIONS ASSOCIEES",joue,autre,rectificatif,rectificatif,France compétences,75009,Paris,,['Informatique (prestations de services)'],[163],non,non
134,20-106769,2020-08-30,2020-10-07,['75'],Recherche de solutions techniques innovantes portant sur des mâts d'éclairage intelligents - PHASE CANDIDATURE,joue,autre,rectificatif,rectificatif,SOC DE LIVRAISON OUVRAGES OLYMPIQUES,75009,Paris,,['Signalisation'],[322],non,non
135,20-106583,2020-08-30,2020-10-12,['75'],Réalisation de prestations de traiteur au sein de la Maison du Sport Français,joue,directive24,appeloffre,initial,CNOSF,75013,PARIS,,"['Restauration collective', 'Repas, traiteur']","[66, 304]",non,non
136,20-106826,2020-08-30,2020-12-01,"['75', '6', '13', '31', '33', '44', '59', '67', '69']",Marchés de fourniture et livraison de sources lumineuses et piles pour les besoins des résidences Adoma,joue,directive24,appeloffre,initial,Adoma,75013,Paris,,['Matériel électrique'],[203],non,non
137,20-106830,2020-08-30,2020-09-28,"['75', '77', '78', '91', '92', '93', '94', '95']",Prestations de veille média et panoramas de presse,joue,directive24,appeloffre,initial,CCI Paris Ile-de-France,75017,Paris,,['Prestations de services'],[274],non,non
138,20-106881,2020-08-30,2020-09-18,"['75', '92']",Construction d'une résidence de 102 logements à Rueil-Malmaison - RELANCE LOT 3 - menuiseries extérieures - occultations - serrurerie - porte de garage,joue,directive24,appeloffre,initial,ERIGERE,75017,Paris,,"['Menuiserie', 'Serrurerie', 'Occultation']","[222, 321, 414]",non,non
139,20-104882,2020-08-30,2020-09-04,['75'],fourniture d'une solution de diffusion multi canal,joue,directive24,attribution,initial,Ministère de la justice,75042,Paris,"[('2020-07-06', 'Société Française du Radiotéléphone (SFR) ', (95000, 'EUR'), None)]",['Télécommunications'],[338],non,non
140,20-106888,2020-08-30,2020-11-25,"['75', '13', '69', '31', '6', '44', '34', '67', '33']",Réalisation par le BNAE d'activités liées à la normalisation au profit du ministère des Armées pour la période 2020-2022,joue,directive24,attribution,initial,MINDEF/SGA/SPAC/S-Direction des achats,75509,Paris Cedex 15,"[('2020-08-24', 'Bureau de Normalisation de l\'Aéronautique et de l\'Espace "" BNAE ""', (715814, 'EUR'), ""Réalisation par le BNAE d'activités liées à la normalisation au profit du ministère des Armées pour la période 2020-2022"")]",['Informatique (prestations de services)'],[163],non,oui
141,20-106841,2020-08-30,2020-11-01,"['75', '77', '78', '91', '92', '93', '94', '95']","Actions de formation "" Architecture, bâtiment et logistique "" - IDF",joue,directive24,appeloffre,initial,CNFPT,75578,Paris cedex 12,,['Formation'],[410],non,non
142,20-106848,2020-08-30,2020-10-28,['75'],"Location et maintenance d'une presse numérique, de copieurs de production haut volume, et acquisition et maintenance d'une assembleuse",joue,directive24,attribution,initial,Ministère de l'éducation nationale,75732,Paris,,"['Informatique (matériel)', ""Matériel d'imprimerie""]","[162, 211]",oui,non
143,20-106907,2020-08-30,2020-10-28,['75'],Fourniture et livraison de journaux au numéro,joue,directive24,attribution,initial,Ministère de l'éducation nationale,75732,Paris,"[('2020-07-23', 'Erwan Créations', (659312.16, 'EUR'), ""Fourniture et livraison, au numéro, de journaux quotidiens et hebdomadaires, français et étrangers, pour les services de l'administration centrale du MENJS et MESRI."")]",['Imprimés'],[161],oui,non
144,20-106742,2020-08-30,2020-10-30,['75'],Vérification du parc d'éthylomètres en dotation dans les services de la gendarmerie nationale et de la police nationale,joue,directive24,attribution,initial,SAELSI,75800,Paris cedex8,"[('2020-08-07', ""LABORATOIRE NATIONAL DE MÉTROLOGIE ET D'ESSAIS"", (6365260, 'EUR'), ""Vérification du parc d'éthylomètres en dotation dans les services de la gendarmerie nationale et de la police nationale"")]",['Laboratoire (matériel)'],[188],oui,non
145,20-106791,2020-08-30,2020-09-28,"['76', '14', '50', '27', '61']",Prestations de services d'insertion professionnelle de type 'Accélèr'emploi' (ACL) à mettre en oeuvre auprès des demandeurs d'emploi de la région Normandie,joue,directive24,attribution,initial,Pôle emploi Normandie,76040,ROUEN,,"['Prestations de services', 'Formation']","[274, 410]",oui,non
146,20-106484,2020-08-30,2020-12-09,['76'],fourniture de bacs roulants et de pièces détachées pour la collecte sélective,joue,directive24,appeloffre,initial,Communauté d'Agglomération Caux vallée,76170,Lillebonne,,"['Collecte sélective', 'Ordures ménagères (prestations)']","[82, 249]",non,non
147,20-106574,2020-08-30,2020-10-01,"['76', '80', '27']",marché public de fournitures courantes et services - prestations de services pour l'exploitation du service d'assainissement collectif,joue,directive24,attribution,initial,Siaepa de Blangy-Bouttencourt,76340,Blangy sur bresle,"[('2020-08-04', 'LHOTELLIER EAU', (96542.86, 'EUR'), None)]","['Assainissement', 'Prestations de services']","[18, 274]",non,non
148,20-106772,2020-08-30,2020-10-05,['77'],Services De Telecommunications,joue,directive24,appeloffre,initial,MAIRIE DE MONTEVRAIN,77144,Montevrain,,['Télécommunications'],[338],non,non
149,20-106933,2020-08-30,2020-10-10,"['78', '92']",Transports de corps à visage découvert dans le cadre des autopsies prescrites par les autorités judiciaires du ressort de la cour d'appel de Versailles,joue,directive24,appeloffre,initial,cour d'appel de Versailles,78011,Versailles cedex,,['Transport'],[347],oui,oui
150,20-106486,2020-08-30,2020-09-30,"['78', '75', '60', '91', '93', '94', '95', '77', '80']",Marche Relatif A La Souscription Des Contrats D'AssurancesPour Les Besoins De La Commune Du Vesinet,joue,directive24,appeloffre,initial,COMMUNE DU VESINET,78116,Le Vésinet,,['Assurance'],[20],non,non
151,20-103802,2020-08-30,2020-09-30,"['78', '75']",Hébergement et infogérance du dossier patient informatisé pour le GHT 78 Sud,joue,directive24,attribution,initial,CENTRE HOSPITALIER DE VERSAILLES,78150,Le chesnay,,"['Informatique (prestations de services)', 'Informatique (assistance)']","[163, 453]",non,non
152,20-106646,2020-08-30,2020-09-30,['79'],Accord-cadre Fourniture et livraison d'articles de papeterie scolaire et de travaux manuels,joue,directive24,appeloffre,initial,Mairie de Niort,79027,Niort cedex,,['Papeterie'],[262],non,non
153,20-106767,2020-08-30,2020-10-02,['83'],20four09 Accord Cadre A Bons De Commande De Fourniture De Signalisation Horizontale De La Voirie Metropolitaine,joue,directive24,appeloffre,initial,Métropole Toulon Provence Méditerranée,83041,Toulon,,['Signalisation'],[322],non,non
154,20-106837,2020-08-30,2020-11-25,['83'],"Fourniture Et Livraison De Repas Destines A La Restauration Des Ecoles Maternelles Et Elementaires, Des Centres De Loisirs Et Multi Accueil De La Ville De Six Fours Les Plages",joue,directive24,attribution,initial,Commune de Six-Fours-les-Plages,83140,Six-Fours-Les-Plages,"[('2020-08-10', 'Elres', (6800000, 'EUR'), None)]",['Restauration collective'],[66],non,non
155,20-106544,2020-08-30,2020-09-30,['83'],PRESTATION DE FABRICATION ET LIVRAISON DE REPAS EN LIAISON FROIDE DANS LES RESTAURANTS SCOLAIRES ET DE LOISIRS,joue,directive24,appeloffre,initial,COMMUNE LE LUC,83340,Le Luc en Provence,,['Restauration collective'],[66],non,oui
156,20-106483,2020-08-30,2020-09-25,"['83', '6']",Prestations d'entretien des espaces verts au profit des entités soutenues par le GSBdD de Draguignan.,joue,directive24,attribution,initial,MINDEF / EMA / DC SCA / PFAF SE,83800,Toulon cedex 09,"[('2020-08-13', 'SAS CLM ENVIRONNEMENT', (948412.92, 'EUR'), 'Entretien des espaces extérieurs au profit des Ecoles Militaires de Draguignan, Détachement du 47me RMAT de Draguignan et camp militaire de Canjuers.'), ('2020-08-13', 'SAS CLM ENVIRONNEMENT', (1347998.56, 'EUR'), 'Entretien des espaces extérieurs des sites du 21ème RIMA de Fréjus, de la Base École 2ème RHC au Cannet des Maures et de la gendarmerie maritime de Fréjus, des sémaphore du Dramont et Cap CAMARAT'), ('2020-08-13', 'SAS CLM ENVIRONNEMENT', (417803.84, 'EUR'), ""Entretien des espaces extérieurs de l'EAR 943 Nice Mont Agel, des sémaphores du Cap Ferrât et de la Garoupe"")]",['Espaces verts'],[116],non,oui
157,20-91355,2020-08-30,2020-10-31,"['84', '4', '83', '13', '26', '30']",Fourniture de récipients pour la collecte des déchets,joue,directive24,attribution,initial,C.A. Ventoux Comtat Venaissin (CoVe),84200,Carpentras,"[('2020-02-18', 'Société SSI SCHAEFER SAS', (1, 'EUR'), 'Fourniture de récipients pour la collecte des déchets')]","['Conteneur, poubelles']",[71],oui,oui
158,20-106602,2020-08-30,2020-11-01,['84'],Exploitation d'un réseau de transport urbain,joue,directive24,attribution,initial,LUBERON MONTS DE VAUCLUSE,84300,Cavaillon,,['Transport'],[347],non,oui
159,20-106718,2020-08-30,2020-11-25,['85'],Prestations de services de gardiennage et de surveillance des locaux de l'Historial et du Mémorial de la Vendée,joue,directive24,attribution,initial,Département de la Vendée,85923,La Roche Sur Yon,"[('2020-07-09', 'Octopus Securite', (515235, 'EUR'), None)]","['Gardiennage', 'Surveillance']","[138, 331]",non,non
160,20-106558,2020-08-30,2020-09-29,['86'],"Fourniture et livraison de carburant (gazole et GNR) pour les services du SIMER 86, de la Communauté de communes des Vallées du Clain et de la Communauté de communes Vienne et Gartempe",joue,directive24,appeloffre,initial,SIMER de Montmorillon,86501,Montmorillon,,"['Carburant, hydrocarbure']",[52],non,non
161,20-106853,2020-08-30,2020-09-30,['87'],Services d'Assurance,joue,directive24,appeloffre,initial,Sdis 87,87052,Limoges,,['Assurance'],[20],non,non
162,20-106730,2020-08-30,2020-10-01,['88'],Souscription de contrats d'assurances-.,joue,directive24,appeloffre,initial,Commune de Gérardmer,88400,GÉRARDMER,,['Assurance'],[20],non,non
163,20-106617,2020-08-30,2020-09-29,['91'],"Acquisition de fournitures de plomberie-sanitaire, chauffage et petit outillage pour les services départementaux.",joue,directive24,appeloffre,initial,Conseil général de l'Essonne,91012,Evry cedex,,['Matériel robinetterie'],[311],non,non
164,20-106914,2020-08-30,2020-12-29,['91'],"Accord cadre relatif à la réception, le traitement, et la valorisation des déchets issus du réseau d'écocentres du SIREDOM.",joue,directive24,appeloffre,initial,Siredom,91029,EVRY Cedex,,"['Végétaux', 'Déchetterie (exploitation)']","[358, 405]",non,non
165,20-106854,2020-08-30,2020-11-01,"['77', '91']","Fourniture et pose de mobilier de signalisation routière, de signalétique et de mobilier urbain",joue,directive24,attribution,initial,CAGrand Paris Sud Seine Essonne Sénart,91054,Evry-courcouronnes cedex,,['Signalisation'],[322],non,non
166,20-106687,2020-08-30,2020-10-28,['91'],"Achat de produit et matériel d'entretien, d'hygiène et de matériel",joue,directive24,appeloffre,initial,COMMUNE DE BRETIGNY SUR ORGE,91220,Brétigny-sur-orge,,"[""Produits d'entretien""]",[278],non,non
167,20-106599,2020-08-30,2020-09-29,['91'],Fourniture de denrées alimentaires pour les services de restauration scolaire et périscolaire.,joue,directive24,appeloffre,initial,GRAND ORLY SEINE BIEVRE,91265,Juvisy-sur-orge,,"['Restauration collective', 'Denrées alimentaires']","[66, 88]",non,oui
168,20-106697,2020-08-30,2020-10-01,['91'],Travaux de (re)construction partielle et d'exploitation-maintenance des installations d'éclairage public,joue,directive24,appeloffre,initial,CA COEUR D ESSONNE AGGLOMERATION,91700,Sainte geneviève des bois,,['Eclairage public'],[102],non,non
169,20-106788,2020-08-30,2020-09-30,['92'],Entretien des espaces verts,joue,directive24,attribution,initial,FONCIA IPM,92097,Paris la défense cedex,"[('2020-08-11', 'Brienne Jardin', (136000, 'EUR'), 'ENTRETIEN DES ESPACES VERTS'), ('2020-08-11', 'Brienne Jardin', (228500, 'EUR'), 'ENTRETIEN DES ESPACES VERTS')]","['Abris', 'Espaces verts']","[1, 116]",non,non
170,20-106727,2020-08-30,2020-09-30,['92'],"Elaboration de repas pour les enfants de 3 mois à 4 ans, fourniture des denrées brutes nécessaires à leur fabrication et livraison de produits d'épicerie",joue,directive24,appeloffre,initial,COMMUNE DE BOULOGNE BILLANCOURT,92104,Boulogne-billancourt,,"['Denrées alimentaires', ""Produits de l'agriculture""]","[88, 276]",non,non
171,20-106674,2020-08-30,2020-09-30,"['92', '91']",Accord-cadre d'acquisition de matériels de protection sanitaire pour l'établissement Vallée sud-Grand Paris,joue,directive24,appeloffre,initial,Vallée Sud - Grand Paris,92260,Fontenay-aux-Roses,,"['Analyses médicales, biologiques', 'Consommables médicaux', 'Matériel médical']","[8, 69, 212]",non,non
172,20-106797,2020-08-30,2020-10-12,['92'],Urban Week Paris La Défense - 2021-2023,joue,directive24,appeloffre,initial,PARIS LA DEFENSE,92931,Paris la defense,,['Evénementiel'],[445],non,non
173,20-106559,2020-08-30,2020-11-20,['93'],Maîtrise d'oeuvre des travaux de mise en accessibilité et travaux d'adaptation des bâtiments et espaces extérieurs de la ville de Bobigny,joue,autre,rectificatif,rectificatif,COMMUNE DE BOBIGNY,93000,Bobigny,,['Bâtiment'],[33],non,non
174,20-106761,2020-08-30,2020-09-28,['93'],"Choix d'un agent de voyages pour assurer l'émission et la réservation de titres de transports aériens et/ou ferroviaires, pour l'acheminement vers les séjours de vacances pour enfants",joue,directive24,attribution,initial,Association EPAF,93108,Montreuil cedex,"[('2020-08-17', 'SAS CARRE VOYAGES', (554200, 'EUR'), 'Réservation et émission de titres de transports aériens et/ou ferroviaires')]","['Voyage', 'Titres de transport']","[367, 417]",non,non
175,20-106814,2020-08-30,2020-10-30,['93'],20.AO.CT.029,joue,autre,rectificatif,rectificatif,EST ENSEMBLE,93230,Romainville,,['Instruments de musique'],[166],non,non
176,20-106806,2020-08-30,2020-10-05,['93'],Prestations de panorama de presse et veille médiatique pour le compte de l'ANSM,joue,directive24,appeloffre,initial,AGCE NAL DE SECU MEDICAMENT PROD SANTE,93285,Saint denis,,"['Publicité, Communication']",[285],non,non
177,20-106882,2020-08-30,2020-09-28,"['75', '77', '78', '91', '92', '93', '94', '95']",TMA ELIEN / EXTRANET,joue,directive24,attribution,initial,REGION ILE DE FRANCE,93400,Saint-ouen-sur-seine,,"['Prestations de services', 'Informatique (maintenance serveurs et réseaux)']","[274, 454]",oui,non
178,20-106721,2020-08-30,2020-09-30,['94'],Mission de contrôle technique dans le cadre de la construction du Rectorat de Créteil,joue,directive24,attribution,initial,Rectorat de l'académie de Créteil,94010,Créteil,"[('2020-07-30', 'BTP CONSULTANTS', (70490, 'EUR'), 'ProjetX24controletechnique')]",['Contrôle technique'],[72],non,non
179,20-106536,2020-08-30,2020-09-10,['94'],Accord-cadre à marchés subséquents pour le coulage de glissières en béton adhérent,joue,directive24,attribution,initial,MEEDDM,94046,Créteil cedex,"[('2020-08-13', 'AER', (1988299, 'EUR'), ""Accord-cadre à marchés subséquents pour le coulage de glissières en béton adhérent dans le cadre d'opérations de grande envergure sur le RRN non concédé géré par la DiRIF""), ('2020-08-13', 'SAS AGILIS', (1524894, 'EUR'), ""Accord-cadre à marchés subséquents pour le coulage de glissières en béton adhérent dans le cadre d'opérations de grande envergure sur le RRN non concédé géré par la DiRIF""), ('2020-08-17', 'SIGNATURE SAS agence grands travaux', (1750700, 'EUR'), ""Accord-cadre à marchés subséquents pour le coulage de glissières en béton adhérent dans le cadre d'opérations de grande envergure sur le RRN non concédé géré par la DiRIF""), ('2020-08-17', 'PASS', (1549440, 'EUR'), ""Accord-cadre à marchés subséquents pour le coulage de glissières en béton adhérent dans le cadre d'opérations de grande envergure sur le RRN non concédé géré par la DiRIF""), ('2020-08-13', 'AXIMUM', (1491350, 'EUR'), ""Accord-cadre à marchés subséquents pour le coulage de glissières en béton adhérent dans le cadre d'opérations de grande envergure sur le RRN non concédé géré par la DiRIF"")]",['Glissières de sécurité'],[142],non,non
180,20-106895,2020-08-30,2020-09-29,['94'],Achat de lait 1/2 écrémé Uht,joue,directive24,appeloffre,initial,FFBA - Fédération Banques Alimentaires,94250,Gentilly,,['Denrées alimentaires'],[88],non,non
181,20-106867,2020-08-30,2020-11-02,['94'],Fourniture de caisses cartonnées spécifiques pour l'AGEPS et de caisses standards et fournitures associées pour les divers établissements de l'APHP.,joue,autre,rectificatif,rectificatif,ASSISTANCE PUBLIQUE HOPITAUX DE PARIS,94270,Le Kremlin-Bicêtre,,['Carton'],[54],non,oui
182,20-106531,2020-08-30,2020-10-06,['94'],"Exploitation, maintenance et gros entretien de la production de chauffage et d'eau chaude sanitaire des bâtiments communaux et du CCAS",joue,directive24,appeloffre,initial,Commune de Joinville-le-Pont,94340,Joinville-le-pont,,"['Chauffage (exploitation, entretien)']",[59],non,oui
183,20-106671,2020-08-30,2020-10-01,['94'],Exploitation et maintenance des installations thermiques du Centre Communal d'Action Sociale,joue,directive24,appeloffre,initial,COMMUNE DE CHAMPIGNY SUR MARNE,94507,Champigny-sur-Marne,,"['Chauffage (exploitation, entretien)']",[59],non,non
184,20-106692,2020-08-30,2020-12-30,['95'],Prestations de gestion externalisée des archives de la CPAM du VAL d'OISE,joue,directive24,appeloffre,initial,CPAM Cergy Pontoise,95017,Cergy-pontoise Cedex,,['Papeterie'],[262],non,non
185,20-106911,2020-08-30,2020-10-28,['95'],Accord cadre à bons de commande pour les travaux d'électricité dans l'ensemble du patrimoine départemental . 4 lots,joue,directive24,attribution,initial,Conseil général du Val d'Oise,95032,Cergy pontoise cedex,"[('2020-08-27', 'Groupe Emilie Dufour', (40943.52, 'EUR'), ""Travaux d'électricté en accord cadre à bons de commande sur l'ensemble des bâtiments Départementaux - Zone 1 (Sud du Département)""), ('2020-07-31', 'Société SGEA', (56824.68, 'EUR'), ""Travaux d'électricité en accord cadre à bons de commande sur l'ensemble des bâtiments Départementaux - Zone 2 (Ouest du Département)""), ('2020-07-31', 'Société CLEMELEC', (54129.4, 'EUR'), ""Travaux d'électricité en accord cadre à bons de commande sur l'ensemble des bâtiments Départementaux - Zone 3 (Nord et Centre du Département)""), ('2020-07-30', 'Société IREM', (43118.84, 'EUR'), ""Travaux d'électricité en accord cadre à bons de commande sur l'ensemble des bâtiments Départementaux - Zone 4 (Est du Département)"")]",['Electricité (travaux)'],[105],non,oui
186,20-106774,2020-08-30,2020-09-28,['95'],Marchés d'exploitation des installations thermiques de la Ville de Saint-Leu-la-Forêt,joue,directive24,appeloffre,initial,Ville de Saint-Leu-la-Forêt,95320,Saint Leu la Forêt,,"['Chauffage (exploitation, entretien)']",[59],non,non
187,20-106846,2020-08-30,2020-10-13,['971'],SMTPCSM_2020_MFS_3,joue,directive24,appeloffre,initial,Syndicat Mixte des Transports du PCSM,97122,Baie mahault,,['Location (matériels)'],[185],non,non
188,20-106816,2020-08-30,2020-10-13,['971'],SMTPCSM_2020_MFS_2,joue,directive24,appeloffre,initial,Syndicat Mixte des Transports du PCSM,97122,Baie mahault,,"['Prestations de services', 'Voyage']","[274, 367]",non,non
189,20-106919,2020-08-30,2020-09-29,['972'],accord-cadre à bons de commande pour la réalisation du schéma directeur d'alimentation et du schéma de distribution de l'eau potable sur le territoire de la communauté d'agglomération de l'espace sud,joue,directive25,appeloffre,initial,Communauté d'Agglomération Espace Sud,97228,SAINTE-LUCE,,['Alimentation en eau potable'],[6],non,non
190,20-106893,2020-08-30,2020-10-01,['973'],Protection par des Agents de Sécurité de la Surveillance et de la sécurisation des Bâtiments Administratifs et Techniques de la Ville de Cayenne'lot no6 Sécurisation et surveillan,joue,directive24,appeloffre,initial,COMMUNE DE CAYENNE,97300,Cayenne,,['Surveillance'],[331],non,non
191,20-106941,2020-08-30,2020-10-31,['973'],Reconnaissances géotechniques et géophysiques effectuées dans le cadre des études pour la construction du nouveau pont du Larivot sur la rivière de Cayenne en Guyane,fns,cmp2006,appeloffre,rectificatif,DEAL de Guyane,97306,Cayenne,,['Etude'],[118],non,oui
192,20-106928,2020-08-30,2020-11-25,['973'],Formations liées au Covid-19 dans le cadre de la mobilisation du Fse,joue,directive24,attribution,initial,COLLECTIVITE TERRITORIALE DE GUYANE,97307,Cayenne,"[('2020-08-28', 'Jpm Maintenance Incendie 973', (203900, 'EUR'), 'Formations aux gestes barrières')]",['Formation'],[410],non,non
193,20-106689,2020-08-30,2020-10-08,['974'],"Le présent marché porte sur les prestations d'achat de mobiliers administratifs (bureaux, armoires, sièges, tables, etc) pour les services départementaux",joue,directive24,appeloffre,initial,Département de la Réunion,97400,Saint-Denis,,['Mobilier'],[230],non,non
194,20-106776,2020-08-30,2020-09-28,['974'],Mise A Disposition De Personnel En Parcours De Qualification Professionnelle,joue,directive24,appeloffre,initial,SPL OPE,97400,Saint Denis,,['Mise à disposition de personnel'],[461],non,non
195,20-106716,2020-08-30,2020-09-29,['974'],Accord-cadre relatif à la communication sur l'action et l'image du Conseil Départemental de La Réunion (2 lots),joue,autre,rectificatif,rectificatif,Département de la Réunion,97400,Saint-Denis,,"['Prestations de services', 'Reprographie']","[274, 305]",non,non
196,20-106579,2020-08-30,2020-10-15,['974'],Prestations de gardiennage et de surveillance de l'ensemble des structures gérées par la Société Publique Locale Réunion des Musées Régionaux,joue,directive24,appeloffre,initial,SPL Réunion des Musées Régionaux,97424,Piton Saint Leu,,"['Gardiennage', 'Prestations de services', 'Surveillance']","[138, 274, 331]",non,non
197,20-106163,2020-08-30,2020-10-07,['974'],entretien des zones d'intérêt communautaire du territoire de la cinor,joue,directive24,appeloffre,initial,CINOR,97495,Sainte Clotilde CEDEX (Réunion  France),,"['Espaces verts', 'Prestations de services']","[116, 274]",oui,oui
198,20-106480,2020-08-30,2020-09-27,['976'],Acquisition et livraison d'un bibliobus pour les besoins de la bibliothèque départementale des Prêts,joue,autre,rectificatif,rectificatif,Département de Mayotte,97600,Mamoudzou,,['Véhicules (acquisition)'],[475],non,non
199,20-106901,2020-08-30,2020-10-05,['976'],Transformation digitale de la formation professionnelle par le déploiement d'un plan de numérisation de l'ingénierie pédagogique et de l'ingénierie de formation des organismes de format,joue,directive24,appeloffre,initial,GIP CARIF OREF,97600,Mamoudzou,,['Numérisation'],[463],non,non
200,20-102927,2020-08-30,2020-09-30,['78'],fourniture de produits radiopharmaceutiques destinés au service de médecine nucléaire,joue,directive24,attribution,initial,CENTRE HOSPITALIER DE VERSAILLES,,Chesnay-Rocquencourt,,['Produits pharmaceutiques'],[280],non,non
201,20-103148,2020-08-30,2020-09-28,"['69', '63']","Fourniture, pose et maintenance d'abris de voyageurs pour la région Auvergne Rhône Alpes : abris de type chalet à ossature bois",joue,directive24,attribution,initial,Région Auvergne-Rhône-Alpes,,LYON,"[('2020-07-27', 'GAILLARD RONDINO', (1629288.5, 'EUR'), 'Fourniture, pose et maintenance d\x92abris de voyageurs pour la Région Auvergne Rhône Alpes : Abris de type chalet à ossature bois')]",['Mobilier'],[230],non,non
202,20-104535,2020-08-30,2020-10-02,"['83', '13', '92']",fourniture de carburants pris à la pompe et de prestations annexes au moyen de cartes accréditives et de bons d'achat de carburants,joue,directive24,appeloffre,initial,Commune de Roquebrune sur Argens,,Roquebrune-sur-Argens,,"['Carburant, hydrocarbure']",[52],non,non
203,20-105841,2020-08-30,2020-12-31,['81'],"transport et valorisation agricole des boues des stations d'épuration d'albi-madeleine, terssac-albipole et marssac sur tarn",joue,directive24,attribution,initial,communauté agglo albigeois,,Saint-Juéry,"[('2020-08-26', 'SEDE ENVIRONNEMENT', (269305, 'EUR'), ""Transport et valorisation agricole des boues des stations d'épuration d'Albi-madeleine, Terssac-albipole et Marssac sur Tarn"")]","['Transport', 'Déchets non ménagers (prestations)']","[347, 404]",non,non
204,20-106487,2020-08-30,2020-09-30,"['57', '67', '51', '21', '25']",fourniture de pièces détachées automobiles pour les ateliers de réparation du ressort du sgami est,joue,directive24,attribution,initial,SGAMI Est DAGF BCP,,57036 METZ CEDEX 01,,['Pièces détachées'],[266],non,oui
205,20-106503,2020-08-30,2020-10-01,"['73', '74']",prestation de bionettoyage des locaux de l'epsm et de ses sites annexes,joue,directive24,appeloffre,initial,Centre Hospitalier Alpes Léman,,Contamine sur Arve,,['Nettoyage de locaux'],[239],non,non
206,20-106570,2020-08-30,2020-12-31,['81'],prestations de transports scolaires sur le territoire de la communauté d'agglomération de l'albigeois,joue,directive24,attribution,initial,communauté agglo albigeois,,Saint-Juéry,"[('2020-08-26', 'SAS COULOM AUTOCARS', (119361.2, 'EUR'), 'Castelnau de Lévis - collège Jean Jaurès (Albi) '), ('2020-08-26', 'SAS COULOM AUTOCARS', (91154.56, 'EUR'), 'Castelnau de Levis \x96 Andrieu (Albi) '), ('2020-08-26', 'SAS COULOM AUTOCARS', (100725.24, 'EUR'), 'Arthès / Lescure \x96 collège de Saut de Sabo (Saint-Juéry) '), ('2020-08-26', 'SAS COULOM AUTOCARS', (108850, 'EUR'), 'Les Avalats \x96 Cunac - collège Saut de Sabo (Saint-Juéry) \x96 Andrieu (Albi)'), ('2020-08-26', 'SAS COULOM AUTOCARS', (95212.32, 'EUR'), 'Cambon Nord - collège Saut de Sabo (Saint-Juéry)'), ('2020-08-26', 'SAS COULOM AUTOCARS', (114722.44, 'EUR'), 'Cambon Sud \x96 collège Saut de Sabo (Saint-Juéry)'), ('2020-08-26', 'SAS COULOM AUTOCARS', (118456.52, 'EUR'), 'Cambon \x96 Andrieu (Albi)'), ('2020-08-26', 'SAS COULOM AUTOCARS', (111966.54, 'EUR'), 'Fréjairolles \x96 Andrieu (Albi)'), ('2020-08-26', 'ALCIS TRANSPORTS', (157500, 'EUR'), 'Dénat \x96 Labastide Dénat \x96 Puygouzon \x96 Bellevue (Albi)'), ('2020-08-26', 'SAS COULOM AUTOCARS', (127076.6, 'EUR'), 'Puygouzon Montsalvy \x96 Bellevue (Albi)'), ('2020-08-26', 'SAS COULOM AUTOCARS', (146330.1, 'EUR'), 'Saliès \x96 Bellevue (Albi)'), ('2020-08-26', 'SAS COULOM AUTOCARS', (131673.92, 'EUR'), 'Rouffiac \x96 Place Jean-Jaurès - Teyssier (Albi)'), ('2020-08-26', 'SAS COULOM AUTOCARS', (57713.6, 'EUR'), 'Canavières (Albi) \x96 rabattement ligne M (Albi)')]",['Transport'],[347],non,oui
207,20-106760,2020-08-30,2020-09-28,['36'],"exploitation des installations de chauffage, vapeur, ventilation, climatisation et production d'eau chaude sanitaire pour les etablissements du groupement de commande ep'age36.",joue,directive24,attribution,initial,CH de Châteauroux,,chateauroux,"[('2020-08-24', 'IDEX ENERGIES', (816753.25, 'EUR'), None)]","['Chauffage (exploitation, entretien)']",[59],non,non
208,20-106805,2020-08-30,2020-09-10,['29'],daptation et démonstration d'un prototype de traitement innovant par nanofiltration des bildge et sludge pour la station de traitement des effluents hydrocarburés du port de brest,joue,directive24,appeloffre,initial,CCI METROPOLITAINE BRETAGNE OUEST,,Brest,,['Equipements spécialisés'],[115],non,non
209,20-106821,2020-08-30,2020-10-28,"['6', '4', '83']",Entretien de la végétation des cours d'eau et des ouvrages du territoire du SMIAGE,joue,directive24,attribution,initial,SYND MIXTE INONDATIONS AMENAGEMENT GES,,Nice,,"['Berge', 'Ouvrage hydraulique', 'Rivières/ruisseaux']","[35, 255, 310]",non,oui
210,20-106866,2020-08-30,2020-10-28,"['6', '4', '83']",Elaboration de programmes pluriannuels de restauration et d'entretien des cours d'eau sur le territoire du SMIIAGE,joue,directive24,attribution,initial,SYND MIXTE INONDATIONS AMENAGEMENT GES,,Nice,"[('2020-06-22', 'SETEC HYDRATEC', (140125, 'EUR'), None), ('2020-06-22', 'SETEC HYDRATEC', (114650, 'EUR'), None), ('2020-06-22', 'SETEC HYDRATEC', (118300, 'EUR'), None), ('2020-06-22', 'SETEC HYDRATEC', (133500, 'EUR'), None)]","['Etude', 'Rivières/ruisseaux']","[118, 310]",non,oui
211,20-106870,2020-08-30,2020-09-30,['973'],marché si de gestion de la paie et des ressources humaines grand port maritime de la guyane,joue,directive24,appeloffre,initial,Grand Port Maritime de la Guyane,,remire-montjoly,,"['Informatique (prestations de services)', 'Logiciel']","[163, 186]",non,non
212,20-99338,2020-08-30,2020-10-01,['34'],marché de prestations de conseil juridique et de représentation juridique,joue,directive24,appeloffre,initial,Ville de Montpellier,,Montpellier,,['Assistance juridique'],[434],non,non
