a00_cle_idweb,g04_01_date_publication,g04_03_date_fin_diffusion,g04_07_dep_publication,g04_09_resume_objet,g01_02_01_famille,g01_02_02_perimetre,g01_02_03_nature,g01_02_04_statut,d01_01_denomination,d01_07_cp,d01_08_ville,d08_09_decision_titulaireandRENSEIGNEMENT,g04_052_descripteurs_libelles,g04_051_descripteurs_codes,g04_061_criteres_sociaux,g04_062_criteres_environnementaux
20-116886,2020-09-27,2020-10-27,['1'],"marché de service relatif à la collecte des dépôts irréguliers de déchets aux abords des conteneurs enterrés, semi-enterrés et aériens ainsi que la collecte du carton des commerces.",joue,directive24,appeloffre,initial,Cté d'Agglomération du Pays de Gex,01170,Gex,,"['Collecte sélective', 'Déchets non ménagers (prestations)']","[82, 404]",non,non
20-111528,2020-09-27,2020-11-27,['2'],Marché de suivi-animation d'une OPAH-RU.,joue,directive24,attribution,initial,Ville de Laon,02000,Laon,"[('2020-09-01', 'SOLIHA AISNE', (305700.0, 'EUR'), ""suivi animation d'une OPAH RU"")]","['Etude', 'Prestations de services']","[118, 274]",non,non
20-117422,2020-09-27,2020-10-27,['2'],Mise à disposition de bennes en centres de transfert et transport de déchets ménagers et assimilés-.,joue,directive24,appeloffre,initial,Valor'Aisne,02000,LAON,,['Assainissement'],[18],oui,oui
20-117562,2020-09-27,2020-10-27,['2'],Traitement des ordures ménagères résiduelles du nord-est du département de l'Aisne-.,joue,directive24,appeloffre,initial,Valor'Aisne,02000,LAON,,['Assainissement'],[18],non,oui
20-117230,2020-09-27,2020-12-31,"['2', '60', '80', '59', '62']","Evolution de l'architecture de téléphonie fixe, mobile et internet de la Ville de Tergnier, du CCAS de Tergnier et de l'EPL Conservatoire municipal de musique de Tergnier",joue,directive24,attribution,initial,COMMUNE DE TERGNIER,02700,TERGNIER,"[('2020-09-24', 'LINKT', (832000, 'EUR'), 'Téléphonie fixe, internet'), ('2020-09-24', 'ORANGE SA', (128000, 'EUR'), 'Téléphonie mobile')]",['Télécommunications'],[338],non,oui
20-117292,2020-09-27,2020-10-23,['3'],Souscription des contrats d'assurances pour le Sivom Sologne Bourbonnaise,joue,directive24,appeloffre,initial,SIVOM SOLOGNE BOURBONNAISE,03290,Dompierre-Sur-Besbre,,"['Assurance', 'Prestations de services']","[20, 274]",non,non
20-117583,2020-09-27,2020-11-02,['5'],"Création d'un puits, installation d'un pompage et création d'un réseau d'irrigation dans une propriété en commune de Valernes.",joue,directive24,appeloffre,initial,ASA DU CANAL DE VENTAVON SAINT TROPEZ,05000,GAP,,"['Arrosage', 'Forage', 'Irrigation', 'Ouvrage hydraulique', 'Pompes']","[13, 132, 168, 255, 272]",non,non
20-117270,2020-09-27,2020-10-26,['6'],accord-cadre pour la fourniture d'électricité et services associés - sites de la ville et du ccas de mougins de profil c5 (puissance souscrite &#8804; 36 kva) - groupement de commande,joue,directive24,appeloffre,initial,Mairie de Mougins,06251,Mougins,,"['Electricité, gaz (fourniture)']",[443],non,non
20-117579,2020-09-27,2020-11-06,['8'],CREATION DU SYSTEME D'ASSAINISSEMENT SUR LES COMMUNES DE COUCY ET LUCQUY-.,joue,directive24,appeloffre,initial,Com Com des Crêtes Préardennaises,08430,POIX-TERRON,,"[""Tous corps d'état""]",[345],non,non
20-116243,2020-09-27,2020-11-25,['10'],Entretien des espaces verts de divers résidences du patrimoine de Troyes Habitat (10),joue,directive24,attribution,initial,OPH Troyes Habitat,10000,Troyes,,['Espaces verts'],[116],non,non
20-117262,2020-09-27,2020-11-25,['10'],"Entretien de la robinetterie eau et gaz, chauffe-bains, chaudières à gaz, radiateurs gaz, panneaux solaires, pompes à chaleur, vmc, vrn 2021-2024",joue,directive24,attribution,initial,OPH Troyes Habitat,10000,Troyes,"[('2020-09-18', 'PROXISERVE', (3616794, 'EUR'), None)]",['Prestations de services'],[274],non,non
20-117219,2020-09-27,2020-11-03,['11'],marché assurances iard et sante,joue,directive24,appeloffre,initial,CIAS Castelnaudary Lauragais Audois,11491,Castelnaudary Cedex,,['Assurance'],[20],non,non
20-117555,2020-09-27,2020-10-25,['11'],Fourniture et livraison de gasoil et gasoil non routier,joue,directive24,attribution,initial,Département de l'Aude,11855,CARCASSONNE Cedex 9,"[('2020-09-25', 'DYNEFF SAS', (3200000, 'EUR'), 'Fourniture et livraison de gasoil'), ('2020-09-25', 'SAS BOURREL Nadine', (1600000, 'EUR'), 'Fourniture et livraison de Gasoil Non Routier')]","['Carburant, hydrocarbure']",[52],non,non
20-117330,2020-09-27,2020-11-03,['11'],Reconstruction du collège Alain à Carcassonne,joue,directive24,appeloffre,initial,Département de l'Aude,11855,CARCASSONNE Cedex 9,,['Bâtiment'],[33],oui,oui
20-117381,2020-09-27,2020-10-12,['11'],Prestations De Services D'Assurance Construction,joue,autre,rectificatif,rectificatif,OFFICE PUBLIC DE L HABITAT DE L AUDE,11890,Carcassonne,,['Assurance'],[20],non,non
20-93824,2020-09-27,2020-10-30,['13'],marché de prestations de services d'assurance pour les besoins de l'epf paca,joue,directive24,appeloffre,initial,ETS PUB FONCIER P A C A,13001,Marseille,,['Assurance'],[20],non,non
20-117744,2020-09-27,2020-10-25,"['75', '13']",Marché de conception-réalisation pour la démolition-reconstruction d'une résidence sociale en vue de la reconstruction sur le même site d'une résidence sociale/pension de famille à La Ciotat,joue,directive24,attribution,initial,Adoma,13001,Marseille,,"['Bâtiment', 'Gros oeuvre']","[33, 144]",non,non
20-117793,2020-09-27,2020-11-06,"['13', '84', '83']",Fournitures d'équipements et consommables de soudure,joue,directive24,appeloffre,initial,METROPOLE D AIX MARSEILLE PROVENCE,13007,Marseille,,['Quincaillerie (articles)'],[291],non,non
20-117450,2020-09-27,2020-11-06,['13'],Prestations de réparation et d'entretien des balayeuses de marque JOHNSTON,joue,directive24,appeloffre,initial,METROPOLE D AIX MARSEILLE PROVENCE,13007,Marseille,,['Maintenance'],[196],non,non
20-117492,2020-09-27,2020-10-30,['13'],SOLUTION EDITIQUE POUR UN TRAITEMENT AUTOMATISE DES PLIS SIMPLES ET RECOMMANDES AVEC ARCHIVAGE A VALEUR PROBANTE ET SOLUTION D'ENVOI DE COURRIERS ELECTRONIQUES POUR LA CPCAM DES BOUCHES-DU-RHONE,joue,directive24,appeloffre,initial,CAISSE PRIMAIRE CENTRALE ASSUR MALADIE,13009,Marseille,,['Prestations de services'],[274],non,non
20-117809,2020-09-27,2020-10-30,['13'],Reprise De Concessons Funeraires Temporaires,joue,directive24,appeloffre,initial,COMMUNE D AIX EN PROVENCE,13100,Aix-en-Provence,,['Cimetière'],[437],non,non
20-117759,2020-09-27,2020-10-26,['13'],"Prestations D'Analyses Bacteriologiques Et D'Audits Restauration, Pour L Aphm",joue,directive24,appeloffre,initial,APHM,13292,Marseille,,"['Analyses médicales, biologiques', 'Audit', 'Prestations de services']","[8, 21, 274]",non,non
20-117391,2020-09-27,2020-12-23,['13'],"Prestations D'Analyses Bacteriologiques Et D'Audits Restauration, Pour L Aphm",joue,directive24,attribution,initial,APHM,13292,Marseille,,"['Analyses médicales, biologiques', 'Audit', 'Prestations de services']","[8, 21, 274]",non,non
20-115660,2020-09-27,2020-10-26,['13'],Prestations d'accueil des personnels et extérieurs sur le site campus joseph Aiguier situé à Marseille,joue,directive24,attribution,initial,CNRS Marseille,13402,Marseille,"[('2020-09-07', 'ONET ACCUEIL', (165865.82, 'EUR'), None)]",['Prestations de services'],[274],non,non
20-117803,2020-09-27,2020-10-27,['13'],Diagnostic et relevé des réseaux du lycée Esclangon à Manosque,joue,directive24,appeloffre,initial,Région Provence Alpes Côte d'Azur,13481,Marseille,,"['Assistance technique', ""Assistance à maîtrise d'ouvrage""]","[19, 433]",non,non
20-117606,2020-09-27,2020-10-26,['13'],Lot 7 : Entretien Et Maintenance De Mobiliers D'Arrets D'Autocars Sur Le Departement De Vaucluse (84),joue,directive24,appeloffre,initial,Région Provence Alpes Côte d'Azur,13481,Marseille,,['Prestations de services'],[274],non,non
20-117501,2020-09-27,2020-10-31,['13'],Mise en place d'un service destiné à faciliter l'accès des jeunes à la culture et au sport : l'e-Pass Jeunes,joue,directive24,appeloffre,initial,Région Provence Alpes Côte d'Azur,13481,Marseille,,"['Informatique (prestations de services)', 'Site internet']","[163, 171]",non,non
20-117770,2020-09-27,2020-11-03,['13'],Production de supports de communication visuels et objets promotionnels pour La Méditerranée à vélo - Eurovelo 8,joue,directive24,appeloffre,initial,Région Provence Alpes Côte d'Azur,13481,Marseille,,"['Publicité, Communication']",[285],non,non
20-117470,2020-09-27,2020-12-23,['13'],"Maintenance du système de videoprotection, des systèmes de contrôle d'accès et des interphones et installation et fourniture de pièces détachées",joue,directive24,attribution,initial,AP-HM pour le compte du CHPA-CHIAP,13616,Aix en Provence,,"[""Contrôle d'accès"", 'Maintenance']","[81, 196]",non,non
20-117507,2020-09-27,2020-12-23,['13'],"La Prestation De Sterilisation De Dispositifs Medicaux Reutilisables, De Materiels Et Produits Necessaires Aux Besoins Du Centre Hospitalier De Martigues",joue,directive24,attribution,initial,APHM pour le compte du CH Martigues,13698,Martigues,"[('2020-09-22', 'Apperton', (427731.21, 'EUR'), None)]",['Prestations de services'],[274],non,oui
20-117402,2020-09-27,2020-11-16,['13'],ENTRETIEN DU PATRIMOINE BATI DE LA VILLE DE VITROLLES,joue,directive24,appeloffre,initial,COMMUNE DE VITROLLES,13743,Vitrolles cedex,,['Bâtiment'],[33],oui,non
20-117508,2020-09-27,2020-10-24,['14'],Marché de conception rélaisation pour la construction de la maison départementale des sports,joue,directive24,appeloffre,initial,DEPARTEMENT DU CALVADOS,14000,Caen,,"['Bâtiment', 'Etude', ""Maîtrise d'oeuvre"", ""Tous corps d'état""]","[33, 118, 197, 345]",non,oui
20-117276,2020-09-27,2020-10-26,"['14', '27', '50', '61', '76']",Accompagnement de la ville de Caen à la mise en oeuvre et au recouvrement de la taxe locale sur la publicité extérieure (TLPE),joue,directive24,appeloffre,initial,Ville de Caen,14027,CAEN,,"['Publicité, Communication', 'Assistance juridique']","[285, 434]",non,non
20-117520,2020-09-27,2020-10-26,"['14', '61']",Fourniture de dispositifs d'oxygénothérapie pour le GHT Normandie Centre,joue,directive24,appeloffre,initial,CENTRE HOSPITALIER UNIVERSITAIRE,14033,Caen cedex 9,,['Matériel médical'],[212],non,non
20-115303,2020-09-27,2020-11-25,['14'],Fourniture de kits loopxplore et de mix réactionnels loopxplab,joue,directive24,attribution,initial,CENTRE HOSPITALIER UNIVERSITAIRE,14033,Caen,"[('2020-09-21', 'LOOP DEE SCIENCE', (1952100, 'EUR'), 'Fourniture de kits LoopXPlore et de mix réactionnels LoopXPLab')]",['Réactifs'],[301],non,non
20-117367,2020-09-27,2020-12-14,"['50', '14']","Services de transports publics à la demande, par véhicules aménagés, en substitution des lignes Nomad, dans le département de la Manche.",joue,directive24,attribution,initial,Région Normandie,14035,CAEN,"[('2020-09-01', 'AMBULANCES TAXIS MONTMARTIN SUR MER', (15000, 'EUR'), 'Communauté de Communes Coutances Mer et Bocage (L3 et L5)'), ('2020-08-31', 'TRANSPORTS BARD - SARL FADEL', (15000, 'EUR'), 'Communauté de Communes Granville Terre et Mer (L5, L7 et L8)'), ('2020-09-01', 'AMBULANCES TAXIS MONTMARTIN SUR MER', (15000, 'EUR'), 'Communauté de Communes Côte Ouest Centre Manche (L3)'), ('2020-08-31', 'TRANSPORTS BARD - SARL FADEL', (15000, 'EUR'), 'Communauté de Communes Villedieu Intercom (L)'), ('2020-08-31', 'TRANSPORTS BARD - SARL FADEL', (15000, 'EUR'), ""Communauté d'Agglomération Saint-Lô Agglo (L2,L4, L5 et L6)""), ('2020-08-31', 'TRANSPORTS BARD - SARL FADEL', (15000, 'EUR'), ""Communauté d'Agglomération Mont Saint-Michel (L6, L7, L8 et L9)"")]",['Transport'],[347],non,non
20-117787,2020-09-27,2020-11-06,['14'],Fourniture de denrées alimentaires pour la cuisine centrale du Syndicat,joue,directive24,appeloffre,initial,SI DU CEG DE VILLERS BOCAGE,14310,VILLERS-BOCAGE,,['Denrées alimentaires'],[88],non,non
20-117698,2020-09-27,2020-11-02,['16'],Nettoyage de la vitrerie de bâtiments occupés par les services du Département de la Charente,joue,directive24,appeloffre,initial,Département de la Charente,16917,Angouleme,,"['Nettoyage de locaux', 'Vitrerie']","[239, 363]",non,oui
20-117612,2020-09-27,2020-11-02,['16'],"Fourniture de pièces détachées et prestations pour le parc de véhicules légers, poids lourds et engins du garage départemental de la Charente",joue,directive24,appeloffre,initial,Conseil gal 16 - GARAGE DEPARTEMENTAL,16917,Angouleme,,"['Pièces détachées', 'Prestations de services']","[266, 274]",non,non
20-117816,2020-09-27,2020-11-04,['17'],"concession de service relative à la mise à disposition, l'installation, la maintenance, l'entretien et l'exploitation de mobiliers urbains et de supports de communication",joue,directive23,appeloffre,initial,COMMUNE DE ROYAN,17200,Royan,,['Mobilier urbain'],[231],non,non
20-117781,2020-09-27,2020-10-25,['17'],Concours restreint de maîtrise d'oeuvre sur Esquisse pour la réalisation de logements dans le quartier de la gare sur la commune de Gémozac (17260),joue,directive24,appeloffre,initial,CC du Canton de Gémozac,17260,Gémozac,,"[""Maîtrise d'oeuvre""]",[197],non,non
20-117627,2020-09-27,2020-12-31,['17'],maîtrise d'oeuvre pour la restauration du pont suspendu et des deux pavillons d'octroi implanté sur tonnay charente - ouvrage classé au patrimoine des monuments historiques,joue,directive24,attribution,initial,Commune de Tonnay Charente,17430,Tonnay Charente,,"[""Maîtrise d'oeuvre"", ""Mission d'ordonnancement, pilotage, coordination (OPC)"", 'Monuments historiques', ""Ouvrage d'art"", ""Ouvrage d'infrastructure"", 'Ouvrage métallique']","[197, 234, 236, 252, 253, 254]",non,non
20-117693,2020-09-27,2020-11-16,['17'],Fourniture De Conteneurs Destinés A La Collecte Des Déchets Ménagers,joue,directive24,appeloffre,initial,SYNDICAT MIXTE CYCLAD,17700,Surgeres,,"['Conteneur, poubelles']",[71],non,oui
20-117523,2020-09-27,2020-10-28,['18'],Transports périscolaires et parascolaires - Années 2021-2024,joue,directive24,appeloffre,initial,Ville de Bourges,18000,BOURGES,,['Transport'],[347],non,non
20-117700,2020-09-27,2020-10-31,['18'],"Exploitation des hauts de quai de trois déchetteries (Vierzon, Neuvy sur Barangeon et Vignoux sur Barangeon)",joue,directive24,appeloffre,initial,Communauté de Communes Vierzon,18100,Vierzon,,['Prestations de services'],[274],non,non
20-117722,2020-09-27,2020-11-09,['18'],Marché de prestations de service relatif à la gestion de l'aire d'accueil des gens du voyage de la communauté de communes FerCher-Pays Florentais,joue,directive24,appeloffre,initial,Cté de Cnes FerCher - Pays Florentais,18400,SAINT-FLORENT-SUR-CHER,,['Prestations de services'],[274],oui,non
20-117252,2020-09-27,2020-10-12,"['20B', '20A']",Exploitation de services de transports scolaires - Haute Corse -Ligne Pc 576 - Casta - Collège Et Ecole Primaire De Saint Florent,joue,directive24,appeloffre,initial,COLLECTIVITE DE CORSE,20187,Ajaccio,,['Transport'],[347],non,non
20-117315,2020-09-27,2020-12-23,"['20A', '20B']",Achat de pièces détachées nécessaires à l'entretien et à la réparation des matériels roulants (6 lots),joue,directive24,attribution,initial,COLLECTIVITE DE CORSE,20187,Ajaccio,"[('2020-09-11', 'Autodistribution Peretti', (200000, 'EUR'), ""Achat de pièces détachées nécessaires à l'entretien et à la réparation des matériels roulants - secteur Ajaccio""), ('2020-09-11', 'Autodistribution Peretti', (100000, 'EUR'), ""Achat de pièces détachées nécessaires à l'entretien et à la réparation des matériels roulants - secteur Sartene""), ('2020-09-11', 'Autodistribution Peretti', (100000, 'EUR'), ""Achat de pièces détachées nécessaires à l'entretien et à la réparation des matériels roulants - secteur Porto-Vecchio""), ('2020-09-11', 'Sps Distribution', (300000, 'EUR'), ""Achat de pièces détachées nécessaires à l'entretien et à la réparation des matériels roulants - secteur Bastia""), ('2020-09-11', 'Sps Distribution', (100000, 'EUR'), ""Achat de pièces détachées nécessaires à l'entretien et à la réparation des matériels roulants - secteur Corte""), ('2020-09-11', 'Sps Distribution', (100000, 'EUR'), ""Achat de pièces détachées nécessaires à l'entretien et à la réparation des matériels roulants - secteur Moriani"")]",['Pièces détachées'],[266],non,non
20-117703,2020-09-27,2020-10-15,['20A'],"Prestations d'élagage, d'abattage et de dessouchage",joue,autre,rectificatif,rectificatif,COMMUNE D AJACCIO,20304,Ajaccio,,['Espaces verts'],[116],non,non
20-117209,2020-09-27,2020-12-25,"['21', '25', '39', '58', '70', '90', '89', '71']",Prestations de service d'insertion professionnelle de type 'Evaluation par simulation préalable au recrutement' auprès des demandeurs d'emploi de la région Bourgogne-Franche-Comté,joue,directive24,appeloffre,initial,POLE EMPLOI BOURGOGNE-FRANCHE-COMTE,21000,Dijon,,['Prestations de services'],[274],non,non
20-117617,2020-09-27,2020-10-16,['21'],Prestations Periscolaires Et Extrascolaires Pour La Ville De Dijon,joue,directive24,appeloffre,initial,COMMUNE DE DIJON,21033,Dijon,,['Prestations de services'],[274],oui,non
20-117346,2020-09-27,2020-10-26,"['21', '25']","consultation en vue de la réalisation de classement, de tri et d'inventaire des archives, ainsi que de l'élaboration d'une charte d'archivage",joue,directive24,appeloffre,initial,Agence Régionale de Santé BFC,21035,Dijon Cedex,,['Prestations de services'],[274],non,non
20-117435,2020-09-27,2020-10-30,"['89', '77', '10', '21', '58', '45', '18', '52', '71']",Mission de maîtrise d'oeuvre relative à la reconstruction du radier du sas de l'écluse de Saint-Martin (89),joue,directive24,appeloffre,initial,Voies navigables de France,21062,Dijon Cédex,,"[""Maîtrise d'oeuvre"", 'Prestations de services']","[197, 274]",non,non
20-117847,2020-09-27,2020-10-23,['21'],collecte et transport du verre au centre de traitement du repreneur désigné de la communauté de communes,fns,cmp2006,appeloffre,initial,Communauté de Communes Rives de Saône,21250,Seurre,,"['Collecte sélective', 'Déchets non ménagers (prestations)']","[82, 404]",non,non
20-117822,2020-09-27,2020-10-22,['22'],"Fourniture, installation, paramétrage d'un logiciel de la gestion de la qualité et de l'ensemble des risques y compris professionnels pour le Ght d'Armor",joue,directive24,appeloffre,initial,CENTRE HOSPITALIER SAINT BRIEUC,22027,Saint-Brieuc,,['Logiciel'],[186],non,non
20-117631,2020-09-27,2020-10-26,['22'],Fourniture des équipements pour la valorisation numérique du sanctuaire du Haut Bécherel à Corseul (22),joue,directive24,appeloffre,initial,DINAN AGGLOMERATION,22106,Dinan,,"['Audiovisuel', 'Informatique (matériel)']","[22, 162]",non,non
20-116168,2020-09-27,2020-11-15,['22'],convention de participation pour la mise en place d'une protection sociale complémentaire du personnel territorial de lannion-tregor communauté en vertu d'application du décret no211-1474 du 8/11/2011,joue,directive24,appeloffre,initial,Lannion-Trégor Communauté,22300,LANNION,,['Assurance'],[20],non,non
20-117188,2020-09-27,2020-10-31,['24'],traitement des supports déposés sur le territoire de la dordogne 2021 - 2024,joue,directive24,appeloffre,initial,SDE 24,24019,Perigueux,,"['Bois', 'Collecte sélective', 'Matériaux de construction', 'Manutention', 'Transport']","[38, 82, 198, 237, 347]",non,oui
20-117575,2020-09-27,2020-10-31,['70'],DREALBFC-20-RN19-PSS-CTLEXT2,joue,directive24,attribution,initial,DREAL BFC/SG/DAJCP,25005,Besançon cedex,"[('2020-07-20', 'SAS NEXTROAD ENGINEERING', (200000, 'EUR'), 'Déviation de Port-sur-Saône par la RN19 - Marché de contrôles extérieurs des travaux')]","[""Ouvrage d'infrastructure""]",[253],non,non
20-117639,2020-09-27,2020-10-31,"['90', '70']",RN19 - Hericourt Sevenans - Mission de maîtrise d'oeuvre privée portant sur les ouvrages d'infrastructure,joue,directive24,attribution,initial,DREAL BFC/SG/DAJCP,25005,Besançon cedex,"[('2020-07-28', 'SAS SCE', (153990, 'EUR'), ""RN19 - Hericourt - Sevenans - Mission de maîtrise d'oeuvre privée portant sur les ouvrages d'infrastructure"")]","[""Maîtrise d'oeuvre""]",[197],non,non
20-117265,2020-09-27,2020-10-31,"['25', '70', '39', '90', '21', '89', '58']",AO 2020-37 pour la fourniture de prothèses dentaires et matériels similaires,joue,directive24,appeloffre,initial,CENTRE HOSPITALIER REGIONAL UNVT,25030,Besançon,,['Prothèses'],[284],non,non
20-117317,2020-09-27,2020-12-23,['25'],"Batiments Historiques Du Departement - Travaux D'Entretien, De Renovation Et De Restauration Pour Le Patrimoine Classe Ou Inscrit Du Departement",joue,directive24,attribution,initial,DEPARTEMENT DU DOUBS,25031,Besancon Cedex,"[('2020-09-14', 'Adeco', (600000, 'EUR'), ""Menuiseries Bois Et Ouvrages De Defense Et D'Occultation Divers"")]",['Menuiserie'],[222],non,non
20-117632,2020-09-27,2020-12-23,"['26', '84']",Assurances Dommages-Ouvrages et Tous risques chantier pour divers bâtiments de la Ville de Saint-Paul-Trois-Châteaux,joue,directive24,attribution,initial,COMMUNE DE SAINT PAUL TROIS CHATEAUX,26130,Saint-Paul-Trois-Châteaux,,"['Assurance', 'Prestations de services']","[20, 274]",non,non
20-117373,2020-09-27,2020-10-27,['26'],Controle Exterieur Et Qsse Pour La Demolition Et La Reconstruction D'Une Passerelle De Franchissement De L'Autoroute A7,joue,directive24,appeloffre,initial,COMMUNE DE BOURG LES VALENCE,26502,Bourg Les Valence Cedex,,['Contrôle technique'],[72],non,non
20-117761,2020-09-27,2020-10-26,['26'],Reconditionnement De Véhicules Du Sdis De La Drôme En Deux Lots - Affaire no 2020023aoo,joue,directive24,appeloffre,initial,SDIS 26,26905,Valence,,"['Equipements spécialisés', ""Matériel de secours et d'incendie"", 'Véhicules']","[115, 217, 359]",non,non
20-117465,2020-09-27,2020-10-29,['26'],Marche De TravauxPour La Restructuration Du Dépôt De Bus De Valence Et La Construction Du Siège De Valence Romans Deplacements,joue,autre,rectificatif,rectificatif,VALENCE-ROMANS DEPLACEMENTS,26958,Valence,,"['Bâtiment', ""Ouvrage d'infrastructure""]","[33, 253]",non,non
20-117664,2020-09-27,2020-10-30,['28'],Sécurisation Chartres Sud : pose de canalisations d'eau potable entre St Georges-sur-Eure etFontenay-sur-Eure,joue,directive25,appeloffre,initial,Chartres Métropole,28019,Chartres cedex,,['Canalisations'],[48],non,non
20-117363,2020-09-27,2020-10-30,['22'],MARCHÉ DE NETTOYAGE DES PARTIES COMMUNES ET DE REPURGATION,joue,directive24,appeloffre,initial,SA D HLM D ARMORIQUE,29149,LANDERNEAU CEDEX,,['Nettoyage de locaux'],[239],non,non
20-117215,2020-09-27,2020-11-25,['29'],Approvisionnement d'accessoires de levage et de manutention de marques diverses ou équivalents au profit des bâtiments de la marine nationale.,joue,directive81,attribution,initial,MARINE/DCSSF/ DSSFBrest,29240,Brest cedex 9,"[('2020-09-24', 'BERRA MS', (106534.53, 'EUR'), None)]",['Matériel de manutention'],[208],non,non
20-117213,2020-09-27,2020-10-29,['29'],Consultation no 4701 - Fourniture et livraison d'un lot de charges d'essais pour moyens de levage,joue,autre,rectificatif,rectificatif,ESID de Brest,29240,Brest cédex 9,,['Equipements spécialisés'],[115],non,oui
20-117235,2020-09-27,2020-12-29,['29'],Groupement de commandes - Fourniture de masques et de produits d'hygiène et virucides dans le cadre de l'épidémie de la covid-19,joue,directive24,attribution,initial,Cté de Cnes du pays de Landerneau,29800,Landerneau,,"['Matériel de sécurité', ""Produits d'entretien""]","[209, 278]",non,oui
20-117390,2020-09-27,2020-10-30,['30'],"Cet accord-cadre a pour objet l'acquisition de sacs, bacs, conteneurs, l'organisation de la distribution desbacs et la maintenance des bacs et des colonnes pour la collecte d",joue,directive24,appeloffre,initial,COMMUNAUTE D'AGGLO DU GARD RHODANIEN,30200,Bagnols sur Cèze,,"['Conteneur, poubelles']",[71],non,non
20-117320,2020-09-27,2020-10-30,['30'],Mission d'enquête pour l'élaboration du fichier des redevables et de distribution des bacs,joue,directive24,appeloffre,initial,COMMUNAUTE D'AGGLO DU GARD RHODANIEN,30200,Bagnols sur Cèze,,"['Logiciel', 'Prestations de services']","[186, 274]",non,non
20-117300,2020-09-27,2020-10-26,['30'],travaux de creation des ouvrages de collecte et de transfert vers le bassin des antiquailles - ouvrages amont,joue,directive24,appeloffre,initial,CA Nîmes Métropole,30947,Nîmes Cedex 9,,"['Canalisations', 'Génie civil', 'Ouvrage hydraulique', 'Terrassement']","[48, 141, 255, 341]",non,non
20-117362,2020-09-27,2020-11-26,['30'],fournitures pour les établissements d'accueil d'enfants,joue,directive24,attribution,initial,Ville de Nîmes,30947,Nîmes,,"['Articles de bureau et articles scolaires', 'Jeux, jouets', 'Peinture (fourniture)']","[16, 175, 263]",non,non
20-116683,2020-09-27,2020-12-31,['30'],Création d'un espace ludique intégrant une forêt de sapins pour les fêtes de fin d'année de la ville de nîmes,joue,directive24,appeloffre,initial,Ville de Nîmes,30947,Nimes,,['Spectacle'],[472],non,non
20-112460,2020-09-27,2020-10-27,['30'],fourniture et livraison de denrees alimentaires pour les multi-accueils municipaux. Accord-cadre à 4 lots,joue,directive24,appeloffre,initial,Ville de Nîmes,30947,Nîmes cedex 9,,['Denrées alimentaires'],[88],non,non
20-117684,2020-09-27,2020-11-10,['31'],Mission de Coordination Sécurité et Protection de la Santé relative à des opérations d'infrastructure de catégorie 1 en phase de conception et réalisation pour la Connexion Ligne B,joue,directive25,appeloffre,initial,SOC DE LA MOBILITE DE AGGL TOULOUSAINE,31004,Toulouse,,['Prestations de services'],[274],non,non
20-117448,2020-09-27,2020-10-26,['31'],"La présente consultation a pour objet : Fourniture et livraison de pains frais, viennoiseries et patisseries fraiches pour le GHT de la Haute-Garonne et du Tarn Ouest.",joue,directive24,appeloffre,initial,CHU DE TOULOUSE,31059,Toulouse cedex 9,,['Denrées alimentaires'],[88],non,non
20-117758,2020-09-27,2020-10-22,['31'],Fourniture de disques de freins et ses accessoires pour la maintenance des rames de métro Val 206,joue,directive25,appeloffre,initial,TISSEO,31081,Toulouse,,['Produits des industries diverses'],[279],non,non
20-117754,2020-09-27,2020-10-13,['31'],Accord cadre relatif à la fourniture de carburants. La présente procédure est destinée à un groupement de commande (région Sud-Ouest),joue,directive25,appeloffre,initial,TISSEO,31081,Toulouse,,"['Carburant, hydrocarbure']",[52],non,oui
20-117699,2020-09-27,2020-10-30,['31'],"Maintenance des espaces verts, d'élagage, d'abattage d'arbres pour les résidences du patrimoine de l'Oph31",joue,directive24,appeloffre,initial,OFFICE PUB DE L HABITAT DE HTE GARONNE,31131,Balma,,['Espaces verts'],[116],non,non
20-117550,2020-09-27,2020-10-28,['31'],Souscription des contrats d'assurances pour la Communauté de Communes/relance suite à consultation initiale infructueuse sur 3 lots,joue,directive24,appeloffre,initial,CC DU BASSIN AUTERIVAIN HAUT GARONNAIS,31190,Auterive,,['Assurance'],[20],non,non
20-117804,2020-09-27,2020-10-27,['31'],20m0369aoo-Support A L'Animation Et La Gestion Des Pépinieres Et Hotels D'Entreprises De Toulouse Métropole 2021- 2023 - Ac-Fp,joue,directive24,appeloffre,initial,TOULOUSE METROPOLE,31505,Toulouse,,['Prestations de services'],[274],oui,non
20-117615,2020-09-27,2020-10-26,['31'],Numéro de la consultation : 20v0153aoo Travaux de remplacement des éclairages des écoles de la Ville de Toulouse - 2020-2023 Ms-Lm,joue,directive24,appeloffre,initial,COMMUNE DE TOULOUSE,31505,Toulouse,,['Electricité (travaux)'],[105],non,non
20-117556,2020-09-27,2020-10-30,['31'],Accord cadre à bons de commande relatif à la fourniture de conteneurs d'apport volontaire aériens et enterrés pour le territoire du Muretain Agglo,joue,directive24,appeloffre,initial,LE MURETAIN AGGLO,31601,Muret Cédex,,"['Conteneur, poubelles']",[71],non,non
20-117581,2020-09-27,2020-10-26,"['31', '12', '34', '30', '9', '11', '66', '82', '48']",20OCC10G : Location et entretien de machines à affranchir et mise à disposition d'une solution d'affranchissement dématérialisé pour les CCI d'Occitanie,joue,directive24,appeloffre,initial,CCI Occitanie,31701,Blagnac cedex,,"['Location (matériels)', 'Logiciel']","[185, 186]",non,non
20-117534,2020-09-27,2020-10-29,['32'],Passation de marchés d'assurances pour les besoins du Sdis du Gers,joue,directive24,appeloffre,initial,SDIS DU GERS,32021,Auch,,['Assurance'],[20],non,non
20-117438,2020-09-27,2020-10-25,['33'],Prestations de conseils et de mise en oeuvre autour des technologies Microsoft,joue,directive24,attribution,initial,Région Nouvelle Aquitaine,33000,Bordeaux,,['Informatique (prestations de services)'],[163],non,non
20-117665,2020-09-27,2020-10-16,['33'],DESSERTE AEROPORTUAIRE CFO AERO : ENERGIE ELECTRIQUE DE TRACTION ET BASSE TENSION,joue,directive25,appeloffre,initial,Bordeaux Métropole,33045,BORDEAUX,,"['Câblage', 'Electricité (travaux)']","[47, 105]",non,non
20-117608,2020-09-27,2020-11-25,['33'],Maîtrise d'oeuvre pour les travaux de réalisation du champ captant des Landes du Médoc,joue,directive24,attribution,initial,Bordeaux Métropole,33045,Bordeaux cedex,,"['Canalisations', 'Forage', ""Maîtrise d'oeuvre"", 'Station de pompage']","[48, 132, 197, 326]",non,non
20-117580,2020-09-27,2020-11-25,['33'],maîtrise d'oeuvre pour les travaux de réalisation du champ captant des landes du médoc -lot 1,joue,directive24,attribution,initial,Bordeaux Métropole,33045,Bordeaux cedex,,"[""Maîtrise d'oeuvre""]",[197],non,non
20-45115,2020-09-27,2020-10-26,['33'],Maîtrise d'oeuvre pour la construction du groupe scolaire des Miquelots à La Teste de Buch et d'un équipement sportif attenant,joue,directive24,appeloffre,initial,COBAS représentée par la SODEREC,33049,Bordeaux CEDEX,,"[""Maîtrise d'oeuvre""]",[197],non,non
20-117499,2020-09-27,2020-11-04,['33'],Développements d'applications et de sites Web,joue,directive24,appeloffre,initial,DEPARTEMENT DE LA GIRONDE,33074,Bordeaux,,['Informatique (prestations de services)'],[163],non,non
20-117667,2020-09-27,2020-10-30,"['64', '33']","Maîtrise d'oeuvre restreinte pour la restructuration du bâtiment J - Résidence étudiante, du Lycée Agricole de Montardon (64)",joue,directive24,appeloffre,initial,Région Nouvelle Aquitaine,33077,Bordeaux cedex,,['Prestations de services'],[274],non,oui
20-117446,2020-09-27,2020-10-25,['33'],Acheminement et fourniture d'électricité pour les besoins propres de chaque membre pour leurs points de livraison relevant du segment tarifaire de distribution C5.,joue,directive24,attribution,initial,S.D.E.E.G.,33300,BORDEAUX,"[('2020-09-10', 'SAS PLÜM ENERGIE', (1, 'EUR'), None), ('2020-09-10', 'EDF COMMERCE SUD-OUEST', (1, 'EUR'), None)]","['Electricité, gaz (fourniture)']",[443],non,non
20-117480,2020-09-27,2020-10-25,['33'],Le présent marché a pour objet l'acheminement et la fourniture de gaz naturel pour les besoins propres de chaque membre sur le périmètre du Gestionnaire de Réseaux de Distribution (GRD) GRDF.,joue,directive24,attribution,initial,S.D.E.E.G.,33300,BORDEAUX,,"['Electricité, gaz (fourniture)']",[443],non,non
20-117834,2020-09-27,2020-10-30,['33'],Construction d'un centre aquatique,joue,directive24,attribution,initial,CC MEDOC COEUR DE PRESQU ILE,33340,Lesparre médoc,,"['Bardage', 'Bâtiment', 'Carrelage', 'Charpente', 'Cloison, faux plafond', ""Contrôle d'accès"", 'Electricité (travaux)', 'Equipements spécialisés', 'Etanchéité', 'Equipement de piscine', 'Menuiserie', 'Nettoyage de locaux', 'Peinture (travaux)', 'Piscine', 'Plomberie (travaux)', 'Serrurerie', 'Terrassement']","[30, 33, 53, 57, 63, 81, 105, 115, 117, 120, 222, 239, 264, 265, 270, 321, 341]",non,non
20-117416,2020-09-27,2020-10-24,['33'],"Mise à disposition, installation, maintenance et entretien de mobilier urbain à usage publicitaire et d information municipale",joue,directive23,appeloffre,initial,Commune de Talence,33401,Talence cedex,,"['Mobilier urbain', 'Prestations de services']","[231, 274]",non,non
20-117200,2020-09-27,2020-10-27,['34'],Réseau Transp'Or De La Communauté D'Agglomération Du Pays De L'Or Services Spécifiques De Transport Bus à La Demande Et Transport Adapté (Pmr),joue,directive24,appeloffre,initial,COMM D AGGLOMERATION DU PAYS DE L OR,34137,Mauguio,,['Transport'],[347],non,non
20-117513,2020-09-27,2020-11-05,['34'],"marché d'assurances : dommages aux biens, responsabilité civile, flotte automobile, cyber risques.",joue,directive24,appeloffre,initial,Université Paul-Valéry,34199,Montpellier cedex 5,,['Assurance'],[20],non,non
20-117274,2020-09-27,2020-10-27,['34'],marché de fourniture de masques de protection et de matériel de désinfection lié à l'épidémie covid 19 pour l'université paul-valéry montpellier,joue,directive24,appeloffre,initial,Université Paul-Valéry,34199,Montpellier cedex 5,,"['Consommables médicaux', 'Matériel médical']","[69, 212]",oui,oui
20-117625,2020-09-27,2020-10-15,"['34', '11', '30']",Fourniture livraison et gestion de titres restaurant format papier,joue,autre,rectificatif,rectificatif,COMMUNE DE PALAVAS LES FLOTS,34250,Palavas Les Flots,,['Titres restaurant'],[416],non,non
20-115679,2020-09-27,2020-10-29,"['34', '30']",Missions de programmiste dans le cadre d'un projet de construction d'un groupe scolaire de huit à dix classes,joue,directive24,appeloffre,initial,Ville de Baillargues,34670,Baillargues,,"['Assistance technique', 'Etude', ""Assistance à maîtrise d'ouvrage"", 'Ingénierie']","[19, 118, 433, 455]",non,non
20-117765,2020-09-27,2020-10-30,['34'],Traitement des inertes du Syndicat Centre Hérault,joue,directive24,appeloffre,initial,Syndicat Centre Hérault,34800,Aspiran,,"['Prestations de services', 'Déchets non ménagers (prestations)']","[274, 404]",non,non
20-117297,2020-09-27,2020-10-19,"['35', '22', '29', '44', '49', '53', '56']",Travaux d'équipements dynamiques sur le réseau routier national de la DIR Ouest,joue,autre,rectificatif,rectificatif,DIR INTERDEPARTEMENTALE DES RTE OUEST,35031,Rennes cedex,,['Voirie'],[365],non,non
20-117716,2020-09-27,2020-11-03,"['35', '22', '29', '56']","Convention de délégation de service public relative à la mise à disposition, l'installation, la maintenance et l'exploitation de lave-linges et de sèche- linges automatiques",joue,directive23,appeloffre,initial,CENTRE REGIONAL OEUVRES UNIV SCOLAIRES,35064,RENNES,,"['Blanchisserie (matériel)', 'Prestations de services']","[37, 274]",non,non
20-117268,2020-09-27,2020-11-01,['35'],Marché de service relatif à la prestation d'assurance 'risques statutaires' pour les besoins de Liffré-Cormier communauté,joue,directive24,attribution,initial,CC LIFFRE CORMIER COMMUNAUTE,35340,Liffré,,['Prestations de services'],[274],non,non
20-116863,2020-09-27,2020-10-26,['35'],prestations de nettoyage des locaux,joue,directive24,appeloffre,initial,Vitré Communauté,35500,VITRE,,['Nettoyage de locaux'],[239],oui,oui
20-117670,2020-09-27,2020-10-28,['35'],FOURNITURE DE DENREES ALIMENTAIRES POUR LA VILLE ET L'EHPAD LES CHARMILLES DE REDON,joue,directive24,appeloffre,initial,Ville de Redon,35601,Redon cedex,,"['Animaux', 'Denrées alimentaires', ""Produits de l'agriculture""]","[9, 88, 276]",non,oui
20-117747,2020-09-27,2020-11-04,['37'],"Réalisation de prestations coordination SPS, de contrôle technique et d'AMO QE dans le cadre de la construction d'une extension pour le regroupement de l'EPU de l'Université de Tou",joue,directive24,appeloffre,initial,Université François Rabelais de Tours,37020,Tours cedex 1,,"['Contrôle technique', 'Prestations de services']","[72, 274]",non,non
20-117672,2020-09-27,2020-10-27,['37'],Diagnostic et schéma directeur d'assainissement collectif,joue,directive24,appeloffre,initial,CCTOVAL,37340,CLERE LES PINS,,['Prestations de services'],[274],non,non
20-117738,2020-09-27,2021-03-31,['38'],REAGENCEMENT DES ESPACES INTERIEURS DU CAMPUS GRENOBLOIS DE GRENOBLE ECOLE DE MANAGEMENT,joue,directive24,appeloffre,initial,ETS ENST SUP CONSULAIRE GRENOBLE EC MA,38000,GRENOBLE,,['Bâtiment'],[33],non,non
20-117802,2020-09-27,2020-11-09,['38'],Prestation de services d'assurances dommages aux biens de la Ville de Grenoble,joue,directive24,appeloffre,initial,COMMUNE DE GRENOBLE,38021,Grenoble,,['Assurance'],[20],non,non
20-117384,2020-09-27,2020-12-23,['38'],Traitement des itinéraires principaux des routes départementales de l'Isère,joue,directive24,attribution,initial,DEPARTEMENT DE L ISERE,38022,Grenoble,,['Déneigement'],[98],non,non
20-117383,2020-09-27,2020-12-23,['38'],Entretien des mobiliers matérialisant les points d'arrêt du réseau de transport Transisère,joue,directive24,attribution,initial,DEPARTEMENT DE L ISERE,38022,Grenoble,"[('2020-07-31', 'atelier siis', (80000, 'EUR'), 'Abris voyageurs montagne'), ('2020-07-31', 'atelier siis', (40000, 'EUR'), 'Balises')]",['Mobilier urbain'],[231],non,non
20-117829,2020-09-27,2020-10-27,['38'],Missions de Csps liées aux travaux d'infrastructures sur les ouvrages d'art et relatifs à la gestion des risques naturels,joue,directive24,appeloffre,initial,GRENOBLE-ALPES METROPOLE,38031,Grenoble,,"['Voirie', 'Ingénierie']","[365, 455]",non,non
20-117828,2020-09-27,2020-10-27,['38'],Mission de coordination sécurité et protection de la santé (Sps) liée aux travaux d'infrastructures sur l'espace public,joue,directive24,appeloffre,initial,GRENOBLE-ALPES METROPOLE,38031,Grenoble,,"['Voirie', 'Ingénierie']","[365, 455]",non,non
20-117607,2020-09-27,2020-10-30,['38'],Accord cadre à bons de commande de maîtrise d'oeuvre pour les travaux d'eau et d'assainissement sur le territoire de la Capi suite à une déclaration sans suite,joue,directive24,appeloffre,initial,COMMUNAUTE D AGL PORTE DE L ISERE,38081,L'Isle D'Abeau,,"['Etude', ""Maîtrise d'oeuvre""]","[118, 197]",non,non
20-117228,2020-09-27,2020-11-05,['38'],Prestations De Services D'Assurances,joue,directive24,appeloffre,initial,COMMUNE DE VIENNE,38200,Vienne,,['Assurance'],[20],non,non
20-117801,2020-09-27,2020-11-16,['38'],Fourniture de spécialités pharmaceutiques (médicaments)(4 lots),joue,directive24,appeloffre,initial,CENTRE HOSPITALIER GAL LUCIEN HUSSEL,38209,Vienne Cedex,,['Produits pharmaceutiques'],[280],non,non
20-117376,2020-09-27,2020-10-29,"['38', '69']",Fourniture de carburants pour les véhicules et matériels de la commune et du Ccas de Bourgoin Jallieu,joue,directive24,appeloffre,initial,COMMUNE DE BOURGOIN JALLIEU,38307,Bourgoin-Jallieu cedex,,"['Carburant, hydrocarbure']",[52],non,non
20-117623,2020-09-27,2020-10-12,['38'],Soclage d'objets pour le musée archéologique du Pays Voironnais,joue,autre,rectificatif,rectificatif,Communauté du Pays Voironnais,38516,Voiron Cedex,,['Equipement muséographique'],[409],non,non
20-80548,2020-09-27,2020-10-26,['40'],"aménagement, fourniture, livraison et installation du mobilier de la médiathèque",joue,directive24,appeloffre,initial,Ville de Saint-Paul-les-Dax,40992,Saint-Paul-les-Dax cedex,,['Mobilier'],[230],non,oui
20-117778,2020-09-27,2020-10-26,['42'],Fourniture de matériels médicaux pour les résidences pour personnes âgées gérées par le Ccas de la Ville de Saint-Etienne et les services municipaux de la Ville de Saint-Etienne,joue,directive24,appeloffre,initial,CCAS de Saint Etienne,42000,Saint Etienne,,"['Consommables médicaux', 'Produits pharmaceutiques']","[69, 280]",non,non
20-117358,2020-09-27,2020-11-26,['42'],marché public composite d'abonnement et d'acquisition de licence informatique pour habitat et métropole,joue,directive24,attribution,initial,Gier Pilat Habitat,42400,Saint-Chamond,"[('2020-09-24', 'UPPER LINK', (34490.3, 'EUR'), 'Abonnement mensuel de licences office 365 en mode CSP'), ('2020-09-24', 'NEYRIAL INFORMATIQUE', (77712, 'EUR'), 'Acquisition de licences office 2019 standard OPEN GOUV'), ('2020-09-24', 'BECHTLE COMSOFT', (9496.62, 'EUR'), 'Acquisition de licences SQL serveur'), ('2020-09-24', 'BECHTLE COMSOFT', (29251.23, 'EUR'), 'Acquisition de licence CITRIX')]",['Logiciel'],[186],non,non
20-117713,2020-09-27,2020-10-26,['42'],Prestations de service pour l'évacuation des boues générées par les stations d'épuration collectives présentes sur le territoire de Loire Forez agglomération,joue,directive24,appeloffre,initial,Communauté d'Agglomération Loire Forez,42605,Montbrison Cedex,,"[""Station d'épuration (travaux)""]",[328],non,non
20-117779,2020-09-27,2020-11-12,['42'],Fourniture De Services De Communications Electroniques,joue,directive24,appeloffre,initial,Ville de Firminy,42702,Firminy,,['Télécommunications'],[338],non,non
20-117677,2020-09-27,2020-10-26,['44'],"Matériels informatiques, serveurs, logiciels et services associés, pour les collèges, les services départementaux et les structures associées du Département de Loire-Atlantique (centrale dachat)",joue,directive24,appeloffre,initial,Conseil départemental Loire-Atlantique,44041,NANTES,,['Informatique (matériel)'],[162],non,non
20-117217,2020-09-27,2020-10-29,['44'],Concours de maîtrise d'oeuvre de création d'un parking relais en ouvrage sur le site de la Babinière à la Chapelle-sur-Erdre,joue,directive25,appeloffre,initial,SEMITAN mandataire de Nantes Métropole,44046,Nantes Cedex 1,,"['Bâtiment', ""Maîtrise d'oeuvre""]","[33, 197]",non,non
20-117720,2020-09-27,2020-10-06,['44'],"restructuration et extension du groupe scolaire les plantes - lots 1, 2, 4, 5, 6, 8, 9, 10, 11, 12, 13, 15, 16, 17, 18, 19 et 20 (rectificatif)",joue,autre,rectificatif,rectificatif,COMMUNE DE NANTES,44094,Nantes cedex 1,,"['Bâtiments modulaires', 'Bardage', 'Charpente', 'Chauffage (travaux)', 'Cloison, faux plafond', 'Couverture', 'Cuisine (équipement)', 'Démolition', 'Electricité (travaux)', 'Espaces verts', 'Etanchéité', 'Isolation', 'Menuiserie', 'Peinture (travaux)', 'Plâtrerie', 'Revêtements de sols', 'Sécurité incendie', 'Ventilation', 'Voirie et réseaux divers', 'Amiante (désamiantage)']","[27, 30, 57, 61, 63, 74, 77, 87, 105, 116, 117, 169, 222, 264, 269, 308, 332, 360, 366, 479]",oui,oui
20-117749,2020-09-27,2020-10-30,['44'],Fourniture et livraison de repas cuisinés en liaison froide et Fournitures de Produits Alimentaires,joue,directive24,appeloffre,initial,ESAT Foyers,44160,PONT-CHATEAU,,"['Restauration collective', 'Denrées alimentaires']","[66, 88]",non,non
20-117728,2020-09-27,2020-10-28,['44'],"Fioul domestique, gazole non routier et carburants",joue,directive24,appeloffre,initial,Ville DE SAINT BREVIN,44250,Saint brevin les pins,,"['Abris', 'Carburant, hydrocarbure']","[1, 52]",non,non
20-117281,2020-09-27,2020-11-26,"['18', '28', '37', '41', '45']",Marchés de services ayant pour objet la réalisation de prestations d'entretien des espaces verts sur les sites de Pôle emploi Centre-Val de Loire,joue,directive24,appeloffre,initial,Pôle emploi Centre Val de Loire,45035,Orléans cedex 1,,['Espaces verts'],[116],oui,oui
20-117253,2020-09-27,2020-10-26,['45'],"Accompagnement Des Entreprises Dans Leur Repositionnement Ou Developpement De Nouveaux Produits/Services, L'Identification D'Opportunites De Marche Et La Securisation De Leurs Appr",joue,directive24,appeloffre,initial,REGION CENTRE VAL DE LOIRE,45041,Orleans,,['Prestations de services'],[274],non,non
20-117715,2020-09-27,2020-10-29,['12'],HASUD200917,joue,directive24,appeloffre,initial,B R G M,45060,Orléans,,['Espaces verts'],[116],non,oui
20-117591,2020-09-27,2020-10-20,['45'],Fourniture de consommables de radiothérapie pour le Centre Hospitalier Régional d'Orléans AO 2020-70,joue,directive24,appeloffre,initial,CENTRE HOSPITALIER REGIONAL D ORLEANS,45067,Orleans cedex 2,,['Consommables médicaux'],[69],non,non
20-117466,2020-09-27,2020-12-23,['45'],Travaux D'Aménagement De La Decheterie De Loury,joue,directive24,attribution,initial,SITOMAP,45300,Pithiviers,"[('2020-07-06', 'Eurovia Centre Loire', (158914.8, 'EUR'), None)]","['Déchetterie (travaux)', 'Génie civil', 'Terrassement']","[96, 141, 341]",non,non
20-117451,2020-09-27,2020-11-02,['45'],"Fourniture, maintenance et prestations associées d'infrastructure technique",joue,directive24,appeloffre,initial,Département du Loiret,45945,Orléans,,"['Informatique (matériel)', 'Logiciel']","[162, 186]",non,non
20-117751,2020-09-27,2020-10-26,['51'],Suivi - Animation des opérations programmées d'amélioration de l'habitat,joue,directive24,appeloffre,initial,CA DE CHALONS EN CHAMPAGNE,51000,Châlons-En-Champagne,,['Etude'],[118],non,non
20-117288,2020-09-27,2020-12-23,['51'],"Fourniture d'Equipements de Protection Individuelle (Protection de la tête, respiratoire, des pieds, des mains)",joue,directive24,attribution,initial,CHU REIMS,51092,"Reims cedex, cellule des marchés publics",,['Equipements spécialisés'],[115],non,non
20-117588,2020-09-27,2020-12-23,['51'],N° 010-3 - Fourniture de réactifs et consommables de laboratoires avec mise à disposition d'automates à titre gratuit,joue,directive24,attribution,initial,CHU REIMS,51092,Reims cedex - cellule des marchés publics,"[('2020-03-06', 'EUROIMMUN FRANCE', (536288, 'EUR'), ""REACTIFS ET CONSOMMABLES : RECHERCHE AUTO-ANTICORPS NON SPECIFIQUES ET SPECIFIQUES D'ORGANE EN IFI AVEC MAD DES AUTOMATES DE PREPARATION DES LAMES ET LECTURE AUTOMATISEE A TITRE GRATUIT""), ('2020-03-06', 'EUROIMMUN FRANCE', (226016, 'EUR'), ""REACTIFS ET CONSOMMABLES POUR LA REALISATION D'IMMUNODOTS DANS LE CADRE DU DIAGNOSTIC DES MALADIES AUTO-IMMUNES AVEC MISE A DISPOSITION DE L'AUTOMATE A TITRE GRATUIT""), ('2020-03-06', 'LEICA MICROSYSTEMES', (829824, 'EUR'), ""REACTIFS ET CONSOMMABLES POUR UN AUTOMATE QUI REALISE LES FISH ET LE MARQUAGE EN IMMUNOFLUORESCENCE SUR LAMES DE COUPES HISTOLOGIQUES AVEC MISE A DISPOSITION DE L'AUTOMATE A TITRE GRATUIT."")]",['Réactifs'],[301],non,non
20-117314,2020-09-27,2020-10-26,['51'],Marché de fourniture et acheminement d'énergie électrique pour les besoins de Reims habitat ( 51),joue,autre,rectificatif,rectificatif,REIMS HABITAT CHAMPAGNE ARDENNE OFFICE,51100,Reims,,"['Electricité, gaz (fourniture)']",[443],non,non
20-117669,2020-09-27,2020-11-02,"['54', '21', '25', '39', '52', '57', '67', '70', '90']",Marché de VRD pour les équipements dynamiques,joue,directive24,appeloffre,initial,direst,54021,Nancy cedex,,['Voirie et réseaux divers'],[366],oui,oui
20-117194,2020-09-27,2020-12-23,"['57', '54']",Mission de contrôle extérieur des études d'arrêt des mouvements d'eau aux écluses de la Moselle canalisée,joue,directive24,attribution,initial,Voies navigables de France,54036,NANCY,,"['Contrôle technique', 'Prestations de services']","[72, 274]",non,non
20-117587,2020-09-27,2020-11-03,['54'],"Collecte sélective, tri et traitement des déchets ménagers et assimilés",joue,directive24,appeloffre,initial,ORNE LORRAINE CONFLUENCES,54580,AUBOUE,,['Ordures ménagères (prestations)'],[249],non,oui
20-117273,2020-09-27,2020-10-24,['56'],PR15E2KD - OP 18LR9W Concours d'architecture et d'ingénierie sur Esquisse portant sur Extension-restructuration du pôle restauration et sécurisation des entrées du Lycée Victor Hugo à Henneb,joue,directive24,attribution,initial,SEMBREIZH,56103,LORIENT,,['Prestations de services'],[274],non,non
20-117545,2020-09-27,2020-10-26,['57'],20s0074 - Prestation d'Accompagnement Social à Visée Professionnelle (Asvp) des bénéficiaires du Revenu de Solidarité Active (Rsa),joue,directive24,appeloffre,initial,DEPARTEMENT DE LA MOSELLE,57036,Metz,,['Prestations de services'],[274],oui,non
20-117323,2020-09-27,2020-12-23,"['57', '54', '88']","Fourniture de matériels de plomberie, sanitaire, chauffage",joue,directive24,attribution,initial,MOSELIS OPH MOSELLE,57071,Metz,"[('2020-08-19', 'Distribution Sanitaire Chauffage', (27581, 'EUR'), 'Agence de Metz'), ('2020-08-19', 'Distribution Sanitaire Chauffage', (22426, 'EUR'), 'Agence de Thionville'), ('2020-08-19', 'Distribution Sanitaire Chauffage', (16129, 'EUR'), 'Agence de Rombas'), ('2020-08-19', 'Distribution Sanitaire Chauffage', (57778, 'EUR'), 'Agence de Forbach'), ('2020-08-19', 'Distribution Sanitaire Chauffage', (39925, 'EUR'), 'Agence de Creutzwald'), ('2020-08-19', 'Distribution Sanitaire Chauffage', (4943, 'EUR'), 'Agence de Chateau Salins')]",['Plomberie (travaux)'],[270],non,non
20-117696,2020-09-27,2020-10-26,"['57', '54', '67']",Accord Cadre - Fourniture énergie Electrique,joue,directive24,appeloffre,initial,MOSELIS OPH MOSELLE,57071,Metz,,"['Electricité, gaz (fourniture)']",[443],non,non
20-114753,2020-09-27,2020-11-30,['59'],"fourniture et livraison de titres restaurants pour le personnel intercommunal sur support dematerialise, personnalise et securise",joue,directive24,attribution,initial,Cté de Communes de Flandre Intérieure,59190,Hazebrouck,"[('2020-09-16', 'EDENRED France SAS', (795600, 'EUR'), 'Fourniture et livraison de titres restaurants pour le personnel intercommunal sur support dématérialisé, personnalisé et sécurisé ')]",['Titres restaurant'],[416],non,non
20-116009,2020-09-27,2020-10-26,"['59', '62']",fourniture de médicaments de gcs pharma hauts-de-france,joue,directive24,attribution,initial,Centre hospitalier de Valenciennes,59322,Valenciennes,"[('2020-08-04', 'AGUETTANT', (115000, 'EUR'), 'fourniture de médicaments'), ('2020-08-04', 'ARROW GENERIQUES SAS', (1540, 'EUR'), 'Fourniture de médicaments'), ('2020-08-04', 'CARELIDE SAS ', (254415, 'EUR'), 'fourniture de médicaments'), ('2020-08-04', 'centre specialites pharmaceutiques B', (75000, 'EUR'), 'fourniture de médicaments'), ('2020-08-04', 'CEVIDRA', (68, 'EUR'), 'fourniture de médicaments'), ('2020-08-04', 'CLINIGEN HEALTHCARE LTD', (470, 'EUR'), '3056 3060 3061 3080 3081 3084 '), ('2020-08-04', 'EG LABO CSP', (940, 'EUR'), 'fourniture de médicaments'), ('2020-08-04', 'FRESENIUS KABI FRANCE', (8625, 'EUR'), 'fourniture de médicaments'), ('2020-08-04', 'INRESA', (54, 'EUR'), 'fourniture de médicaments'), ('2020-08-04', 'INTSEL CHIMOS', (1134, 'EUR'), '3068 3070 3071 3085'), ('2020-08-04', 'LEADIANT/CSP', (1610, 'EUR'), 'Fourniture de médicaments'), ('2020-08-04', 'Lilly france', (4606, 'EUR'), 'fourniture de médicaments'), ('2020-08-04', 'MEDAC SAS ', (25125, 'EUR'), 'fourniture de médicaments '), ('2020-08-04', 'MEDIPHA SANTE', (4400, 'EUR'), 'fourniture de médicaments '), ('2020-08-04', 'MYLAN S.A.S', (40578, 'EUR'), 'fourniture de médicaments'), ('2020-08-04', 'PANPHARMA', (160, 'EUR'), 'fourniture de médicaments'), ('2020-08-04', 'PFIZER', (3, 'EUR'), 'fourniture de médicaments'), ('2020-08-04', 'RECORDATI RARE DISEASES', (4207, 'EUR'), '3086'), ('2020-08-04', 'RENAUDIN', (2340, 'EUR'), '718'), ('2020-08-04', 'ROVI', (7560, 'EUR'), 'fourniture de médicaments'), ('2020-08-04', 'SANOFI AVENTIS FRANCE', (3763, 'EUR'), 'fourniture de médicaments'), ('2020-08-04', 'TEVA SANTE SAS', (31500, 'EUR'), 'fourniture de médicaments'), ('2020-08-04', 'THEA PHARMA CSP', (217, 'EUR'), 'fourniture de médicaments'), ('2020-08-04', 'INFRUCTUEUX', (994404, 'EUR'), 'INFRUCTUEUX')]",['Consommables médicaux'],[69],non,non
20-117724,2020-09-27,2020-11-30,['59'],Entretien et amélioration du réseau en fibre optique,joue,directive24,appeloffre,initial,Communauté Urbaine de Dunkerque,59386,Dunkerque cedex 1,,"['Prestations de services', 'Télécommunications']","[274, 338]",non,non
20-117702,2020-09-27,2020-12-02,['59'],"Fourniture d'électricité segment C5, d'une puissance inférieure ou égale à 36 KVA et de prestations associées aux membres du groupement coordonné par la communauté urbaine de Dunkerque",joue,directive24,appeloffre,initial,Communauté Urbaine de Dunkerque,59386,Dunkerque cedex 1,,"['Electricité, gaz (fourniture)']",[443],non,oui
20-117369,2020-09-27,2020-12-04,['59'],"Matériel de régulation, prestations de programmation de contrôleurs à feux, matériel de visualisation",joue,directive24,appeloffre,initial,Communauté Urbaine de Dunkerque,59386,Dunkerque cedex 1,,"['Produits travail des métaux', 'Signalisation']","[281, 322]",non,non
20-117338,2020-09-27,2020-11-30,['59'],"Travaux neufs, amélioration, entretien et fourniture de la signalisation lumineuse",joue,directive24,appeloffre,initial,Communauté Urbaine de Dunkerque,59386,Dunkerque cedex 1,,"['Génie civil', 'Signalisation']","[141, 322]",oui,oui
20-117645,2020-09-27,2020-10-25,['59'],Commune de DOUCHY LES MINES (Département du Nord) Rénovation du réseau d'eau potable de la rue de la République et renforcement de la liaison avec Denain,joue,directive25,attribution,initial,Noréade,59443,Wasquehal cedex,,['Alimentation en eau potable'],[6],non,non
20-117595,2020-09-27,2020-10-25,['59'],"Travaux de réfection, création et modifications en menuiseries métalliques, structure métallique, bardage et couverture",joue,directive25,attribution,initial,Noréade,59443,Wasquehal cedex,,['Bâtiment'],[33],non,non
20-117414,2020-09-27,2020-10-16,"['59', '80', '60', '62', '2']",programme régional de formation - formation professionnelle (rectificatif),joue,autre,rectificatif,rectificatif,Région Hauts-de-France,59555,Lille,,['Formation'],[410],non,non
20-117472,2020-09-27,2020-10-26,['59'],Transports scolaires et accueils de loisirs (réguliers et occasionnels),joue,directive24,appeloffre,initial,COMMUNE DE COMINES,59559,COMINES Cedex,,"['Abris', 'Transport']","[1, 347]",non,non
20-117488,2020-09-27,2021-09-25,"['59', '2', '60', '62', '80']","Prestations de service d'insertion professionnelle de type "" Evaluation par simulation préalable au recrutement "" auprès des demandeurs d'emploi de la région Hauts-de-France",joue,directive24,appeloffre,initial,Pôle emploi NPDC PICARDIE,59650,Villeneuve d&#039;ascq,,['Prestations de services'],[274],non,non
20-117643,2020-09-27,2020-11-03,['59'],Prestation de restauration (approvisionnement en denrées alimentaires avec assistance technique à l'élaboration des menus),joue,directive24,appeloffre,initial,Ehpad La Fleur de l'Age,59960,neuville-en-ferrain,,"['Restauration collective', 'Repas, traiteur']","[66, 304]",non,non
20-117218,2020-09-27,2020-10-30,['60'],Prestations d'Assurances pour l'Aéroport Paris Beauvais et sa filiale TPB,joue,directive24,appeloffre,initial,SAGEB,60000,Tillé,,['Assurance'],[20],non,non
20-117311,2020-09-27,2020-11-25,['62'],aoo lbs 20s0220 - maquettes numériques et missions topographiques (hors voirie départementale) - 14 lots,joue,directive24,attribution,initial,Conseil départemental du Pas-de-Calais,62000,Arras cedex 9,,['Topographie'],[344],non,non
20-115206,2020-09-27,2020-10-27,['62'],fournitures et services du secteur postal - relance après déclaration sans suite des lots 1 et 2 de l'affaire 20s0143aoodatm,joue,directive24,appeloffre,initial,Conseil départemental du Pas-de-Calais,62018,Arras Cedex 9,,['Prestations de services'],[274],oui,oui
20-117307,2020-09-27,2020-11-25,['62'],"AOO LBS 20S0183 - conduite, exploitation et maintenance chauffage, ventilation, climatisation, désenfumage pour 5 collèges et 3 bâtiments du département du pas-de-calais - 8 lots.",joue,directive24,attribution,initial,Conseil départemental du Pas-de-Calais,62018,Arras Cedex 9,"[('2020-09-09', 'DELANNOY-DEWAILLY MAINTENANCE', (24787.8, 'EUR'), 'Collège Anatole France à NOEUX LES MINES'), ('2020-09-09', 'DELANNOY-DEWAILLY MAINTENANCE', (20433.42, 'EUR'), 'Collège Romain Rolland à HERSIN COUPIGNY'), ('2020-09-09', 'DELANNOY-DEWAILLY MAINTENANCE', (8147.04, 'EUR'), 'Maison du Département Solidarité à LILLERS'), ('2020-09-09', 'DELANNOY-DEWAILLY MAINTENANCE', (29867.49, 'EUR'), 'Collège François Mitterrand à THEROUANNE'), ('2020-09-15', 'AXIMA CONCEPT SA sous la marque commerciale ENGIE SOLUTIONS', (26047.0, 'EUR'), 'Maison du Département Solidarité à OUTREAU'), ('2020-09-09', 'DELANNOY-DEWAILLY MAINTENANCE', (3133.38, 'EUR'), 'Collège Jean de St Aubert à LIBERCOURT'), ('2020-09-09', 'DELANNOY-DEWAILLY MAINTENANCE', (11224.59, 'EUR'), ""Centre d'entretien routier à CAMPIGNEULLES LES PETITES""), ('2020-09-09', 'DELANNOY-DEWAILLY MAINTENANCE', (29231.43, 'EUR'), 'Collège Maxence Van Der Meersch au TOUQUET PARIS PLAGE')]","['Chauffage (exploitation, entretien)', 'Climatisation', 'Maintenance', 'Prestations de services', 'Ventilation']","[59, 62, 196, 274, 360]",non,non
20-117626,2020-09-27,2020-10-26,['62'],Fourniture et installation de portes et portails et prestations de maintenance des portes sectionnelles et portails sur l'ensemble des sites du SDIS du Pas-de-Calais,joue,directive24,appeloffre,initial,SDIS 62,62052,SAINT LAURENT BLANGY CEDEX,,"['Porte automatique, portail']",[412],non,oui
20-117374,2020-09-27,2020-10-28,"['62', '59']",2020-115 - Ght - Fourniture de produits de toilette et d'hygiène corporelle,joue,directive24,appeloffre,initial,Centre Hospitalier de Lens,62307,Lens,,['Hygiène (articles)'],[153],non,non
20-117458,2020-09-27,2020-11-02,"['62', '59']","Fourniture De Repas Prepares En Liaison Froide Pour La Cantine Scolaire, Les Centres De Loisirs Municipaux Et La Petite Enfance",joue,directive24,appeloffre,initial,COMMUNE DE COURCELLES LES LENS,62970,Courcelles-Les-Lens,,"['Repas, traiteur']",[304],non,non
20-117655,2020-09-27,2020-11-02,"['48', '7', '12', '15', '43', '63']",Maintenance Niveau 1 des équipements radio d'exploitation,joue,directive24,appeloffre,initial,DIR INTERDEP ROUTES MASSIF CENTRAL,63012,Clermont-ferrand,,['Prestations de services'],[274],non,oui
20-115967,2020-09-27,2020-10-28,['64'],maintenance des installations techniques des bâtiments communautaires et nettoyage de vitres,joue,directive24,appeloffre,initial,Communauté de communes de Lacq-Orthez,64150,Mourenx,,"['Appareil élévateur', 'Ascenseur', 'Bâtiment', 'Chauffage (exploitation, entretien)', 'Contrôle technique', 'Couverture', 'Etanchéité', 'Extincteur', 'Maintenance', 'Nettoyage de locaux', 'Ventilation']","[11, 17, 33, 59, 72, 74, 117, 119, 196, 239, 360]",non,non
20-117519,2020-09-27,2020-11-25,['64'],Fourniture et livraison de matériels et véhicules routiers pour la communauté de communes de Lacq Orthez - véhicule type Benne à Ordures Ménagères de 3.5 T maximum et d'une capacité moyenne de 5 m3,joue,directive24,attribution,initial,Communauté de communes de Lacq-Orthez,64150,Mourenx,"[('2020-09-25', 'FB ENVIRONNEMENT', (640000.0, 'EUR'), ""Fourniture et livraison  d'un véhicule type Benne à Ordures Ménagères de 3.5 T maximum  et d'une capacité moyenne de 5 m3 pour le service collecte"")]","['Benne', 'Véhicules (acquisition)']","[34, 475]",non,non
20-117531,2020-09-27,2020-10-29,['66'],Ac De Transport Dedie A La Continuite Pedagogique Des Eleves Du Departement Et Au Transport Exceptionnel Des Personnes Dans Le Cadre Des Manifestations Institutionnelles Ou Soutenu,joue,directive24,appeloffre,initial,DEPARTEMENT DES PYRENEES-ORIENTALES,66906,Perpignan,,"['Prestations de services', 'Transport']","[274, 347]",non,non
20-117662,2020-09-27,2020-11-25,"['67', '68']",Prestations topographiques et bathymétriques,joue,directive24,attribution,initial,Voies navigables de France,67010,Strasbourg,,['Topographie'],[344],non,non
20-117224,2020-09-27,2020-11-03,['67'],Accord-cadre d'investigations complémentaires de repérage de réseaux souterrains avec ou sans fouille et géoréférencement pour le compte de la Ville et de l'Eurométropole de Strasbourg,joue,directive24,appeloffre,initial,Eurométropole de Strasbourg,67076,STRASBOURG CEDEX,,['Topographie'],[344],non,non
20-117207,2020-09-27,2020-11-03,['67'],Travaux de réseaux d'alimentation en eau potable sur le territoire de l'Eurométropole de Strasbourg,joue,directive24,appeloffre,initial,Eurométropole de Strasbourg,67076,STRASBOURG CEDEX,,['Alimentation en eau potable'],[6],non,non
20-117278,2020-09-27,2020-11-03,['67'],Mission de maîtrise d'oeuvre relative à la rénovation du Centre Socio-Culturel l'Aquarium à Strasbourg,joue,directive24,appeloffre,initial,Ville de Strasbourg,67076,STRASBOURG CEDEX,,"[""Maîtrise d'oeuvre""]",[197],non,non
20-117474,2020-09-27,2020-12-20,"['67', '57', '88']",Bischwiller-19IT005-NBPAH-AOO,joue,directive24,attribution,initial,HOPITAUX UNIVERSITAIRES DE STRASBOURG,67091,Strasbourg cedex,,"['Bâtiment', 'Carrelage', 'Etanchéité', 'Gros oeuvre', 'Plomberie (travaux)', ""Tous corps d'état""]","[33, 53, 117, 144, 270, 345]",non,non
20-117475,2020-09-27,2020-10-25,['67'],ENTRETIEN - LOCATION - LAVAGE LINGE PLAT - DES TENUES PROFESSIONNELLES - LINGE DU RESIDENT DES EHPAD RESIDENCE DU PARC - AU FIL DE L'EAU - SANS SOUCI,joue,directive24,attribution,initial,EHPAD Résidence du Parc 67,67380,Lingolsheim,"[('2020-09-21', 'KALHYGE 2', (200000, 'EUR'), 'Location lavage du linge plat hôteliers des résidences'), ('2020-09-21', 'KALHYGE 2', (105000, 'EUR'), ""La location et l'entretien des tenues professionnelles pour: L'EHPAD Résidence du parc à Lingolsheim 67380L'EHPAD Au fil de l'eau à Wolfisheim 67202 M. de R. Sans souci à Geispolsheim 67118""), ('2020-09-21', 'Bulle de linge Normandie', (320000, 'EUR'), ""Le traitement du linge des résidents pour: L'EHPAD Résidence du parc à Lingolsheim 67380L'EHPAD Au fil de l'eau à Wolfisheim 67202 La maison de retraite Sans souci à Geispolsheim 67118"")]","['Blanchissage', 'Location (matériels)', 'Textile']","[36, 185, 343]",non,non
20-115533,2020-09-27,2020-10-27,['68'],prestations d'entretien ou de location entretien d'articles textiles pour le ght haute alsace,joue,directive24,appeloffre,initial,GHR Mulhouse Sud Alsace,68051,Mulhouse,,['Textile'],[343],non,non
20-117567,2020-09-27,2020-11-26,['68'],Exploitation des stations d'épuration et des ouvrages équipant le réseau d'assainissement,joue,directive24,attribution,initial,Communauté de Communes SUNDGAU,68130,ALTKIRCH,"[('2020-09-23', 'SUEZ', (1198849, 'EUR'), ""exploitation des stations d'épuration et des ouvrages équipant le réseau d'assainissement"")]","[""Station d'épuration (exploitation)""]",[335],non,non
20-117791,2020-09-27,2020-11-02,['68'],MARCHÉ DE GESTION DES DÉCHETS MÉNAGERS ET ASSIMILÉS - SECTEUR SUD,joue,directive24,appeloffre,initial,Communauté de Communes SUNDGAU,68131,Altkirch Cedex,,['Collecte sélective'],[82],non,non
20-117290,2020-09-27,2020-10-25,['68'],Le marché de fourniture d'énergie électrique pour les PDL de 3 à 36 KW et supérieurs à 36 KW pour un lot unique.,joue,directive24,appeloffre,initial,Ville de Ribeauvillé,68150,Ribeauvillé,,"['Electricité, gaz (fourniture)']",[443],non,non
20-117553,2020-09-27,2020-11-10,"['68', '67']",gros oeuvre dans les bâtiments périscolaire et petite enfance,joue,directive24,appeloffre,initial,Mulhouse Alsace Agglomération,68948,Mulhouse,,['Gros oeuvre'],[144],non,non
20-117377,2020-09-27,2020-11-10,['69'],Maintenance et exploitation de l'ensemble des infrastructures du système de radiocommunication à la norme Tétra de la Ville de Lyon et achat de matériels,joue,directive24,appeloffre,initial,Ville de Lyon,69205,Lyon cedex 01,,"['Informatique (prestations de services)', 'Informatique (maintenance serveurs et réseaux)']","[163, 454]",non,non
20-117592,2020-09-27,2020-11-20,['69'],"élaboration du plan local d'urbanisme intercommunal, valant programme local de l'habitat, (plui-h) de la ccsb",joue,directive24,appeloffre,initial,Cté de Cnes Saône Beaujolais,69220,Belleville-en-beaujolais,,"['Etude', 'Prestations de services', 'Ingénierie']","[118, 274, 455]",non,non
20-117269,2020-09-27,2021-09-26,"['69', '1']",Délégation de service public pour l'exploitation de lignes régulières interurbaines de transport public de voyageurs de l'Ain,joue,directive24,preinformation,initial,REGION AUVERGNE RHONE ALPES,69269,LYON CEDEX 02,,['Transport'],[347],non,non
20-117719,2020-09-27,2020-10-26,['69'],Nettoyage des locaux du Campus Région du Numérique de Charbonnières,joue,autre,rectificatif,rectificatif,REGION AUVERGNE RHONE ALPES,69269,Lyon cedex 2,,['Nettoyage de locaux'],[239],non,non
20-117294,2020-09-27,2021-09-26,"['69', '1']",contrat de service public pour l'exploitation de lignes régulières interurbaines de transport public de voyageurs de l'ain-,joue,directive24,preinformation,initial,REGION AUVERGNE RHONE ALPES,69269,LYON CEDEX 02,,['Transport'],[347],non,non
20-117527,2020-09-27,2020-11-03,"['69', '74']",Assistance à l'exploitation des aménagements de transport routiers régionaux en Haute-Savoie,joue,directive24,appeloffre,initial,REGION AUVERGNE RHONE ALPES,69269,Lyon Cedex 02,,['Prestations de services'],[274],non,non
20-117812,2020-09-27,2020-10-27,['69'],Fourniture et livraison de titres restaurant pour les agents de la commune et du Ccas,joue,directive24,appeloffre,initial,COMMUNE DE PIERRE BENITE,69491,Pierre-Bénite,,['Titres restaurant'],[416],non,non
20-117772,2020-09-27,2020-12-23,['69'],"Maintenance, réparations et contrôles des installations de ventilations, chaufferies, climatisations des stations d'épuration et de relèvement de la Métropole de Lyon",joue,directive25,attribution,initial,Métropole de Lyon,69505,Lyon,"[('2020-09-22', 'Missenard quint', (600000, 'EUR'), None)]","['Chauffage (exploitation, entretien)', 'Climatisation', 'Maintenance']","[59, 62, 196]",non,non
20-117303,2020-09-27,2020-10-26,['69'],Marche De Services Relatif A La Prestation D'Assurance Pour Les Besoins De La Ville De Villefranche/Saone,joue,directive24,appeloffre,initial,Ville de Villefranche-sur-saône,69653,Villefranche-sur-Saône,,['Assurance'],[20],non,non
20-117582,2020-09-27,2020-12-28,['69'],MAINTIEN EN CONDITIONS OPERATIONNELLES DE XENAPP 6.5 ET EVOLUTION DE L'ENVIRONNEMENT,joue,directive24,appeloffre,initial,C.H. de Villefranche-sur-Saône,69655,Villefranche sur saone,,"['Informatique (prestations de services)', 'Prestations de services']","[163, 274]",non,non
20-117688,2020-09-27,2020-11-03,['69'],Fourniture et livraison de denrées alimentaires,joue,directive24,appeloffre,initial,Ville de Chassieu,69680,Chassieu,,['Denrées alimentaires'],[88],non,non
20-117226,2020-09-27,2020-11-02,['71'],20041dsf - location d'un camion avec benne et grue pour la collecte du verre sur le territoire de la cucm,joue,directive24,appeloffre,initial,Communauté urbaine Le Creusot Montceau,71206,Le Creusot,,"['Benne', 'Véhicules (location)']","[34, 474]",non,non
20-117462,2020-09-27,2020-11-02,['74'],Acquisition d'une dameuse neuve pour les services techniques d'Avoriaz commune de Morzine Avoriaz,joue,directive24,appeloffre,initial,Mairie de MORZINE,74110,Morzine,,"['Matériel de travaux publics', 'Véhicules (acquisition)']","[220, 475]",non,non
20-117774,2020-09-27,2020-10-26,['74'],Accord-cadre à bons de commande relatif à la signalisation routière verticale et horizontale,joue,directive24,appeloffre,initial,Cté de Cnes de Faucigny-Glières,74130,Bonneville,,"['Matériaux routiers', 'Peinture (fourniture)', 'Signalisation']","[199, 263, 322]",non,non
20-117785,2020-09-27,2020-11-05,"['75', '77', '78', '91', '92', '93', '94', '95']",Refonte technique et fonctionnelle du site pro.visitparisregion.com à destination des professionnels du tourisme,joue,directive24,appeloffre,initial,COMITE REGIONAL TOURISME ILE DE FRANCE,75000,Paris,,"['Abris', 'Site internet']","[1, 171]",non,non
20-117746,2020-09-27,2020-11-03,['75'],"Prestations de réservation et fourniture de titres de transport, d'hébergement et services annexes (compatibilité SAP CONCUR)",joue,directive24,appeloffre,initial,PARIS MUSEES,75010,Paris,,"['Prestations de services', 'Voyage']","[274, 367]",non,non
20-117406,2020-09-27,2020-10-17,['75'],"Fourniture, installation, mise en service et maintenance d'équipement et de console pour assistance par oxygénation et prestations associées",joue,autre,rectificatif,rectificatif,GIP RESAH,75011,Paris,,['Matériel électronique médical'],[205],non,non
20-117563,2020-09-27,2020-10-26,"['75', '92', '78']",Maintenance et mise aux normes des équipements de restaurants administratifs,joue,directive24,appeloffre,initial,SIAAP,75012,Paris,,"['Maintenance', 'Rayonnage']","[196, 300]",non,non
20-117436,2020-09-27,2020-11-25,"['75', '92']",Travaux de curage de la L.A.S (Liaison Auteuil St-Cloud),joue,directive24,attribution,initial,SIAAP,75012,Paris,,"['Assainissement', 'Curage']","[18, 78]",non,non
20-117444,2020-09-27,2020-10-06,['75'],"Fourniture et pose, exploitation de consignes à vélos fermées sécurisées et d'abris ouverts en libre accès Parking Vélos Ile-de-France Mobilités (Véligo) - rectificatif",joue,autre,rectificatif,rectificatif,RATP REAL ESTATE,75012,Paris,,['Mobilier urbain'],[231],non,non
20-117796,2020-09-27,2020-10-27,['75'],Appui au repérage de bonnes pratiques managériales et organisationnelles en psychiatrie périnatale,joue,directive24,appeloffre,initial,GIP Anap,75013,Paris,,"[""Assistance à maîtrise d'ouvrage""]",[433],non,non
20-117473,2020-09-27,2020-10-25,['75'],ASSURANCE MULTIRISQUES DU PATRIMOINE (PNO et LNA),joue,directive24,appeloffre,initial,ASSOCIATION FONCIERE DE LOGEMENT,75013,PARIS,,['Assurance'],[20],non,non
20-117227,2020-09-27,2020-11-05,"['75', '13', '6', '92', '93', '94', '974']","Gestion locative et technique de 266 ensembles immobiliers appartenant aux sci de foncière logement, totalisant 6.279 logements répartis sur 61 départements",joue,directive24,appeloffre,initial,Association Foncière Logement,75013,Paris,,['Prestations de services'],[274],non,non
20-117345,2020-09-27,2020-11-27,['75'],"Maintenance de vélos urbains, vélos cargos et autres engins de déplacement personnel",joue,directive24,appeloffre,initial,Centrale d'Achat du Transport Public,75014,Paris,,['Maintenance'],[196],non,non
20-117674,2020-09-27,2020-11-01,"['75', '91', '92', '93', '94', '95']","MISSION D'ASSISTANCE A MAITRISE D'OUVRAGE LOGISTIQUE - PROJET "" CAMPUS HOSPITALO-UNIVERSITAIRE DU GRAND PARIS NORD "" (CHUGPN)",joue,directive24,appeloffre,initial,ASSISTANCE PUBLIQUE HOPITAUX DE PARIS,75018,Paris,,"[""Assistance à maîtrise d'ouvrage""]",[433],non,non
20-117296,2020-09-27,2020-10-02,"['37', '75']",travaux pour l'opération tours 3 - bardage et menuiseries extérieures (rectificatif),joue,autre,rectificatif,rectificatif,CNAVTS de Paris,75019,Paris,,"['Bardage', 'Menuiserie']","[30, 222]",oui,oui
20-117407,2020-09-27,2020-11-30,['75'],Maîtrise d'oeuvre relative à l'opération de réaménagement des salles romaines du musée du Louvre,joue,directive24,attribution,initial,Musée du Louvre,75058,Paris cedex 01,"[('2020-06-26', 'Michel GOUTAL, Architecte en Chef des Monuments Historiques (Agence GOUTAL)', (1868524, 'EUR'), ""Maîtrise d'oeuvre relative à l'opération de réaménagement des salles romaines du musée du Louvre - Parcours Romain Région Denon."")]","[""Maîtrise d'oeuvre""]",[197],non,non
20-117348,2020-09-27,2020-11-04,"['75', '77', '78', '91', '92', '93', '94', '95']","Fourniture de pièces détachées, maintenance ponctuelles et mise aux normes pour les matériels de la marque LAVATEC ou équivalent",joue,directive24,appeloffre,initial,PIC SCA SCB SMS APHP,75624,Paris cedex 13,,['Pièces détachées'],[266],non,non
20-117820,2020-09-27,2020-11-15,['75'],"Reprise et compléments de la plateforme "" Business Intelligence "" du C.G.O.S",joue,directive24,appeloffre,initial,C.G.O.S,75654,Paris cedex 13,,['Informatique (prestations de services)'],[163],non,non
20-117340,2020-09-27,2020-11-15,"['57', '88', '68', '51', '55', '83', '67', '60', '80']",Fournitures et livraison de petits matériels horticoles,joue,directive24,appeloffre,initial,Office National des Anciens Combattant,75700,Paris cedex 07,,"['Matériel agricole, horticole']",[200],non,non
20-103146,2020-09-27,2020-11-10,['75'],Traitement des documents des enquêtes sur l'activité et les conditions d'emploi de la main d'oeuvre (acemo) de la dares,joue,directive24,appeloffre,initial,DIR ANIMATION RECHERCHE ETUDES STATIST,75902,Paris Cedex 15,,"['Routage', 'Numérisation']","[312, 463]",non,non
20-117571,2020-09-27,2020-10-25,['75'],"Fourniture, livraison et installation de mobilier de bureau pour équiper le siège de l'ARS IDF dans l'immeuble CURVE situé à SAINT DENIS (département 93)",joue,directive24,attribution,initial,Agence régionale santé d'Ile-de-France,75935,Paris cedex 19,"[('2020-09-23', 'BeneGmbH', (347934, 'EUR'), 'Postes de travail'), ('2020-09-23', 'BeneGmbH', (444064, 'EUR'), 'Sièges'), ('2020-09-23', 'EOL', (385711.82, 'EUR'), 'Rangements'), ('2020-09-23', 'BeneGmbH', (49686, 'EUR'), 'Espace de réunion'), ('2020-09-25', 'AHREND FURNITURE', (39288.68, 'EUR'), 'Espace cafétaria / work café'), ('2020-09-23', 'BeneGmbH', (511324, 'EUR'), 'Positions alternatives'), ('2020-09-23', 'BeneGmbH', (76320, 'EUR'), 'Bras support écran'), ('2020-09-23', 'BeneGmbH', (14187, 'EUR'), 'Accessoires'), ('2020-09-23', 'MOORE IMPORT', (54825, 'EUR'), 'Végétation'), ('2020-09-23', 'EOL', (22989.09, 'EUR'), 'Luminaires décoratifs'), ('2020-08-06', 'Bruynzeel Rangements', (230029.94, 'EUR'), 'Locaux classement')]","['Articles de bureau et articles scolaires', 'Mobilier']","[16, 230]",non,oui
20-117190,2020-09-27,2020-10-26,['75'],Masques UNS 1,joue,directive24,appeloffre,initial,POLE EMPLOI,75987,Paris cedex 20,,['Habillement'],[150],non,oui
20-117313,2020-09-27,2020-10-26,['76'],Maintenance curative et nettoyage technique des matériels de cuisine et de restauration collective,joue,autre,rectificatif,rectificatif,S I REST COLLECTIVE ROUEN BOIS GUILLAU,76000,Rouen,,"['Restauration collective', 'Cuisine (équipement)', 'Maintenance']","[66, 77, 196]",non,non
20-117628,2020-09-27,2020-12-23,['76'],"Entretien et maintenance des portes, portails automatiques et des barrières levantes sur divers sites de la Seine-Maritime",joue,directive24,attribution,initial,HABITAT 76,76040,Rouen,"[('2020-07-01', 'Ferm-Matic', (626496, 'EUR'), None)]","['Porte automatique, portail']",[412],non,non
20-117762,2020-09-27,2020-11-20,['76'],"Groupement de commandes Ville du Havre / Communauté Urbaine Le Havre Seine Métropole - Fourniture, pose et maintenance de défibrillateurs",joue,directive24,appeloffre,initial,Ville du Havre,76084,Le Havre,,['Matériel de sécurité'],[209],non,non
20-117544,2020-09-27,2020-10-26,['76'],Réalisation d'études de réhabilitation d'ouvrages d'art,joue,directive24,appeloffre,initial,Département de Seine Maritime,76101,Rouen Cedex,,['Etude'],[118],non,non
20-117624,2020-09-27,2020-10-26,['76'],"Travaux de suppression de la lagune d'Epinay sur Duclair, extension du réseau Eaux usées et renforcement du réseau d'eau potable sur les communes d'Epinay sur Duclair et Sainte Mar",joue,autre,rectificatif,rectificatif,METROPOLE ROUEN NORMANDIE,76176,Rouen,,['Alimentation en eau potable'],[6],oui,oui
20-117756,2020-09-27,2020-11-09,['76'],Fourniture et livraison d'équipements de protection individuelle et de vêtement de travail,joue,directive24,appeloffre,initial,METROPOLE ROUEN NORMANDIE,76176,Rouen,,['Habillement'],[150],non,non
20-117768,2020-09-27,2020-11-05,['76'],Travaux de construction du Centre d'Incendie et de Secours du Havre Sud,joue,directive24,appeloffre,initial,SCE DEPARTEMENTAL INCENDIE ET SECOURS,76192,Yvetot,,"['Bâtiment', ""Tous corps d'état""]","[33, 345]",non,non
20-117729,2020-09-27,2020-11-25,['76'],Maîtrise d'Oeuvre pour la rénovation énergétique du bâtiment 11 sur le campus de Mont Saint Aignan.,joue,directive24,appeloffre,initial,Université de Rouen,76821,Mont Saint Aignan cedex,,['Prestations de services'],[274],non,non
20-117726,2020-09-27,2020-11-25,['76'],Maîtrise d'Oeuvre pour la rénovation énergétique du bâtiment 32B sur le campus de Mont Saint Aignan.,joue,directive24,appeloffre,initial,Université de Rouen,76821,Mont Saint Aignan cedex,,['Prestations de services'],[274],non,non
20-117723,2020-09-27,2020-11-25,['76'],Maîtrise d'Oeuvre pour la rénovation énergétique du bâtiment 17 sur le campus de Mont Saint Aignan.,joue,directive24,appeloffre,initial,Université de Rouen,76821,Mont saint aignan cedex,,['Prestations de services'],[274],non,non
20-116776,2020-09-27,2020-10-27,['77'],gestion des structures petite enfance,joue,directive24,appeloffre,initial,Commune d'Avon,77210,Avon,,"['Matériel didactique', 'Prestations de services']","[202, 274]",non,non
20-116563,2020-09-27,2020-10-23,['77'],divers travaux de voirie,mapa,cmp2006,appeloffre,initial,Commune de Fresnes sur Marne,77410,Fresnes sur Marne,,['Voirie'],[365],non,non
20-117409,2020-09-27,2020-11-02,['78'],Prestations de reprographie (lot no 1) ; prestations d'imprimerie (lot no 2),joue,directive24,appeloffre,initial,CTRE INTERDEPARTEMENTAL GEST GDE COURO,78008,Versailles,,"['Impression', 'Reprographie']","[160, 305]",non,non
20-117222,2020-09-27,2020-10-19,"['78', '75']",FORMATION DE LANGUES ETRANGERES,joue,directive24,appeloffre,initial,EPCMDN-Versailles,78008,Versailles cedex,,['Formation'],[410],non,non
20-117734,2020-09-27,2020-10-30,['78'],Travaux de restauration et d'aménagement écologique de 3 sites de compensation dans le département des Yvelines,joue,directive24,appeloffre,initial,GIP BIODIF COMPENSATIONS ENVIRONNEMENT,78012,Versailles cedex,,['Travaux forestiers'],[350],non,oui
20-117597,2020-09-27,2020-10-29,['78'],"FOURNITURE DE VETEMENTS PROFESSIONNELS, DE SECURITE ET D'EPI POUR LES DIVERS SERVICES DE LA VILLE DES MUREAUX",joue,directive24,appeloffre,initial,MAIRIE DES MUREAUX,78135,LES MUREAUX CEDEX,,"['Abris', 'Chaussures ou articles chaussants', 'Equipements spécialisés', 'Habillement']","[1, 79, 115, 150]",non,non
20-117710,2020-09-27,2020-11-25,['78'],Achat et livraison de vêtements de travail et d'équipements de protection individuelle pour les agents de la Ville et du CCAS (6 lots),joue,directive24,attribution,initial,Ville de Poissy,78303,Poissy Cedex,,['Habillement'],[150],non,non
20-117471,2020-09-27,2020-10-23,"['78', '75', '92', '95']",Prestations d'assurances pour la commune de Chanteloup-Les-Vignes,joue,directive24,attribution,initial,COMMUNE DE CHANTELOUP LES VIGNES,78570,Chanteloup les vignes,,['Assurance'],[20],non,non
20-117766,2020-09-27,2020-10-30,['80'],Prestations d'assurances,joue,directive24,appeloffre,initial,Amiens Métropole,80027,AMIENS,,['Assurance'],[20],non,non
20-117322,2020-09-27,2021-09-25,['83'],mise en accessibilité du site de l'ecoferme de la barre à toulon,joue,directive24,modification,modification,Conseil Général du Var,83000,Toulon,"[('2019-09-09', 'SOGBAT', (25166.0, 'EUR'), ""Réalisation d'un sanitaire Pmr"")]","['Mur de soutènement', 'Sanitaire']","[233, 319]",non,non
20-117259,2020-09-27,2021-09-25,['83'],mise en accessibilité du site de l'ecoferme de la barre à toulon,joue,directive24,modification,modification,Conseil Général du Var,83000,Toulon,"[('2019-09-09', 'Idverde', (34100.0, 'EUR'), 'Reconstitution des restanques en pierre')]","['Mur de soutènement', 'Sanitaire']","[233, 319]",non,non
20-117239,2020-09-27,2021-09-25,['83'],mise en accessibilité du site de l'ecoferme de la barre à toulon,joue,directive24,modification,modification,Conseil Général du Var,83000,Toulon,"[('2019-09-09', 'Idverde', (405499.52, 'EUR'), 'aménagements extérieurs')]","['Espaces verts', 'Mur de soutènement', 'Sanitaire']","[116, 233, 319]",non,non
20-117691,2020-09-27,2020-10-28,['83'],Prestation de service d'impression d'affiches,joue,directive24,appeloffre,initial,Conseil Général du Var,83076,Toulon,,['Imprimés'],[161],non,non
20-117452,2020-09-27,2020-10-28,['83'],"Drh - Emission, impression et diffusion de titres restaurant",joue,directive24,appeloffre,initial,Commune d'Hyères-les-Palmiers,83412,Hyères,,['Prestations de services'],[274],non,oui
20-117301,2020-09-27,2020-10-28,['83'],"Sante, Prevention Et Risques - Désinfection par nébulisation / pulvérisation d'un virucide dans les espaces locaux et bâtiments communaux suite à la pandémie Covid 19 - Accord-cadr",joue,directive24,appeloffre,initial,Commune d'Hyères-les-Palmiers,83412,Hyères,,['Nettoyage de locaux'],[239],non,oui
20-117425,2020-09-27,2020-11-02,['83'],Entretien des espaces verts et des jardinières de la ville ainsi que création d'aménagements paysagers,joue,directive24,appeloffre,initial,ville de saint tropez,83990,Saint-tropez,,['Espaces verts'],[116],non,oui
20-116801,2020-09-27,2020-10-24,['6'],"exécution des prestations nécessaires au nettoyage, à l'entretien et à l'hygiène des locaux pour le centre inrae paca - site de sophia antipolis (département 06)",joue,directive24,attribution,initial,INRAE - Centre PACA,84914,AVIGNON cedex 9,"[('2020-09-08', 'EA EMS', (322006.56, 'EUR'), ""Exécution des prestations nécessaires au nettoyage, à l'entretien et à l'hygiène des locaux pour le Centre INRAE PACA - Site de Sophia Antipolis (département 06)"")]",['Nettoyage de locaux'],[239],non,non
20-117233,2020-09-27,2020-11-26,['85'],"Fourniture, pose et entretien des pneumatiques des véhicules poids lourds et des engins de chantier",joue,directive24,attribution,initial,CDC du Pays de Saint Gilles Cx de Vie,85806,Saint Gilles Croix de Vie,"[('2020-09-22', 'CHOUTEAU PNEUS', (120000, 'EUR'), 'Fourniture, pose et entretien des pneumatiques des véhicules poids lourds et des engins de chantier de la Communauté de Communes')]",['Pneumatiques'],[271],non,non
20-117461,2020-09-27,2020-10-05,['85'],Conception graphique et mise en page des panneaux de signalétique sur les espaces naturels sensibles du Département de la Vendée,joue,autre,rectificatif,rectificatif,Département de la Vendée,85923,La Roche Sur Yon,,"['Informatique (prestations de services)', 'Prestations de services']","[163, 274]",non,non
20-117349,2020-09-27,2021-01-05,"['86', '16', '17', '79']",Fourniture de textiles,joue,directive24,appeloffre,initial,CENTRE REGIONAL OEUVRES UNIV SCOLAIRES,86022,Poitiers,,"['Abris', 'Textile']","[1, 343]",non,oui
20-117463,2020-09-27,2020-10-26,['86'],Marché multiservices et robinetterie sur le patrimoine de la Sem Habitat Pays Châtelleraudais,joue,directive24,appeloffre,initial,SEM HABITAT Pays Châtelleraudais,86100,Chatellerault,,"[""Tous corps d'état""]",[345],non,non
20-117736,2020-09-27,2020-10-25,['86'],Impression et façonnage de documents divers,joue,directive24,attribution,initial,CTRE NATIONAL D ENST A DISTANCE,86963,Chasseneuil futuroscope cedex,"[('2020-09-18', 'MESSAGES', (6357687.45, 'EUR'), 'Impression, façonnage et empaquetage de brochures pédagogiques, de documents associés (ex:catalogues, flyers, dépliants) Attributaire no1'), ('2020-09-15', 'JOUVE PRINT', (6357687.45, 'EUR'), 'Impression, façonnage et empaquetage de brochures pédagogoqies et de documents associés (Ex : catalogues, flyers, dépliants)Attributaire no2'), ('2020-09-15', 'MESSAGES', (25888.84, 'EUR'), ""Impression, façonnage et empaquetage d'affiches, dossiers de fabrication et de calendriers"")]",['Impression'],[160],non,oui
20-117833,2020-09-27,2020-11-02,['91'],Travaux d'entretien des bâtiments et des équipements communaux,joue,directive24,appeloffre,initial,ville de Corbeil-Essonnes,91108,Corbeil essonnes,,"['Clôture', 'Couverture', 'Démolition', 'Etanchéité', 'Maintenance', 'Matériel électrique', 'Menuiserie', 'Peinture (travaux)', 'Plomberie (travaux)', 'Prestations de services']","[64, 74, 87, 117, 196, 203, 222, 264, 270, 274]",non,non
20-117708,2020-09-27,2020-10-30,"['91', '75', '78', '77', '92', '93', '94', '95', '27']",Services de télécommunications fixes et mobiles et fournitures associées,joue,directive24,appeloffre,initial,Ville de Palaiseau,91125,Palaiseau cedex,,['Télécommunications'],[338],non,non
20-117375,2020-09-27,2020-10-23,['91'],TRAVAUX DE CONSTRUCTION DU BÂTIMENT DE POLE DE MECANIQUE SUR LE SITE DE L'ECOLE POLYTECHNIQUE,joue,directive24,attribution,initial,École Polytechnique,91128,Palaiseau cedex,,"['Bâtiment', 'Chauffage (travaux)', 'Couverture', 'Décoration (travaux)', 'Matériaux de construction', 'Menuiserie', 'Plastique', 'Revêtements de sols', 'Serrurerie', 'Terrassement', 'Electricité, gaz (fourniture)']","[33, 61, 74, 85, 198, 222, 268, 308, 321, 341, 443]",oui,oui
20-117497,2020-09-27,2020-10-26,"['91', '77', '94']","Réalisation d'inspections télévisées de diagnostic, pour des réseaux de collecte et de transport eaux usées et eaux pluviales du Syage",joue,directive24,appeloffre,initial,SYAGE,91230,Montgeron,,['Assainissement'],[18],non,non
20-117721,2020-09-27,2020-10-24,"['92', '75']",Espaces verts,joue,directive24,attribution,initial,MEDDTL,92055,La défense cedex,,['Espaces verts'],[116],non,oui
20-117554,2020-09-27,2020-10-25,['92'],Fourniture et suivi des abonnements de la Ville d'Antony.,joue,directive24,appeloffre,initial,Ville d'Antony,92160,Antony,,['Abonnement'],[2],non,oui
20-117449,2020-09-27,2020-11-06,['92'],"Travaux de construction d'un groupe scolaire, de deux centres de loisirs et d'une cuisine centrale dans la Z.A.C. LaVallée",joue,directive24,appeloffre,initial,COMMUNE DE CHATENAY MALABRY,92290,Chatenay-malabry,,"['Ascenseur', 'Bâtiment', 'Cloison, faux plafond', 'Cuisine (équipement)', 'Electricité (travaux)', 'Gros oeuvre', 'Logiciel', 'Menuiserie', 'Peinture (travaux)', 'Plomberie (travaux)', 'Revêtements de sols', 'Serrurerie', 'Terrassement']","[17, 33, 63, 77, 105, 144, 186, 222, 264, 270, 308, 321, 341]",non,non
20-117493,2020-09-27,2020-10-30,['92'],"Marché relatif aux travaux de réaménagement global du secteur François Peatrik, au Plessis Robinson",joue,autre,rectificatif,rectificatif,Ville du Plessis-Robinson,92350,Le plessis robinson,,"[""Tous corps d'état""]",[345],non,non
20-117741,2020-09-27,2020-11-04,"['976', '974']",La consultation a pour objet la réalisation de prestations de services bancaires pour le compte de la caisse de sécurité sociale de Mayotte,joue,directive24,appeloffre,initial,ACOSS,93100,Montreuil,,['Prestations de services'],[274],non,non
20-117577,2020-09-27,2020-12-07,"['93', '75', '92', '94']",Acquisition-maintenance et/ou location-maintenance de solutions d'impression et exécution des prestations associées pour le compte des organismes de Sécurité sociale.,joue,directive24,appeloffre,initial,UCANSS,93100,Montreuil,,['Impression'],[160],non,non
20-117782,2020-09-27,2020-10-26,['93'],Services d'assurances dommages aux biens et risques annexes,joue,directive24,appeloffre,initial,Commune de Tremblay-en-France,93290,Tremblay en france,,['Assurance'],[20],non,non
20-117275,2020-09-27,2020-12-15,"['93', '75', '91', '78']",Personnes placées sous main de justice 2020,joue,autre,rectificatif,rectificatif,Région Ile-de-France,93400,Saint-ouen-sur-seine,,['Formation'],[410],non,non
20-117755,2020-09-27,2020-12-24,"['93', '75', '78', '91', '77', '92', '94', '95']",Programme régional des formations E-Learning,joue,directive24,attribution,initial,Région Ile-de-France,93400,Saint-ouen-sur-seine,,"['Prestations de services', 'Formation']","[274, 410]",non,non
20-117565,2020-09-27,2020-10-28,"['94', '77', '93']","Maintenance et petits travaux des Systèmes de Sécurité Incendie, des moyens des secours et des dispositifs concourant au compartimentage et au désenfumage",joue,directive24,appeloffre,initial,Université Paris-Est Créteil,94010,Créteil cedex,,"['Abris', 'Matériel électrique']","[1, 203]",non,non
20-117732,2020-09-27,2020-10-27,['94'],Prestations de services en assurances,joue,directive24,appeloffre,initial,Département du Val de Marne,94054,Créteil cedex,,['Assurance'],[20],non,non
20-117343,2020-09-27,2021-09-25,['94'],Sécurisation des bâtiments communaux et des personnes de la ville d?Ivry-sur-Seine,joue,directive24,attribution,initial,COMMUNE D IVRY SUR SEINE,94200,Ivry-sur-seine cedex,"[('2020-09-24', 'IMMOVEILLE', (1280000, 'EUR'), ""Lot no1 : sécurisation des accueils du public et des salles municipales de la ville d'Ivry-sur-Seine""), ('2020-09-24', 'IMMOVEILLE', (999999999, 'EUR'), 'Lot no2 : protection rapprochée des agents et/ou des élus'), ('2020-09-24', 'LUTECE PROTECTION PRIVEE', (1600000, 'EUR'), 'Lot no3 : surveillance et gardiennage des équipements relevant directement ou indirectement de la gestion municipale'), ('2020-09-24', 'UNION ACCESS SECURITY', (128000, 'EUR'), 'Lot no4 : sécurité de l\'évènementiel organisé par le service "" le Hangar""')]","['Prestations de services', 'Surveillance']","[274, 331]",oui,oui
20-117355,2020-09-27,2020-10-08,['94'],Prestation de nettoyage des crèches municipales,joue,autre,rectificatif,rectificatif,Ville de Vincennes,94300,VINCENNES,,['Nettoyage de locaux'],[239],oui,non
20-117651,2020-09-27,2020-11-09,['94'],"Marché d'exploitation et de maintenance des installations de chauffage, ECS, ventilation et climatisation",joue,directive24,appeloffre,initial,Ville de Saint-Maurice,94415,Saint-maurice cedex,,"['Chauffage (exploitation, entretien)', 'Prestations de services']","[59, 274]",non,non
20-117701,2020-09-27,2020-10-30,['95'],20tf01 - Accord cadre pour travaux d'entretien et de réhabilitation des voiries de la Cacp (3 lots),joue,directive24,appeloffre,initial,CACP,95027,Cergy-Pontoise,,['Voirie'],[365],non,non
20-117837,2020-09-27,2020-10-25,['971'],Marché de Services - Assurance Dommages aux Biens (DAB) de la SEMSAMAR,joue,directive24,attribution,initial,Semsamar (971),97122,Baie-Mahault,"[('2020-08-06', 'Groupement SMA SA / GRAS SAVOYE (Bureau Regional de Guadeloupe)', (1, 'EUR'), ""Assurance ' Dommages aux biens' (DAB) (Patrimoine Immobilier locatif Guadeloupe)""), ('2020-08-06', 'Groupement SMA SA / GRAS SAVOYE (Bureau Regional de Guadeloupe)', (1, 'EUR'), ""Assurance 'Dommages aux biens' (DAB) (Patrimoine immobilier locatif Martinique)""), ('2020-08-06', 'Groupement SMA SA / GRAS SAVOYE (Bureau Regional de Guadeloupe)', (1, 'EUR'), ""Assurance 'Dommages aux biens' (DAB) (Patrimoine immobilier locatif Guyane)"")]",['Assurance'],[20],non,non
20-117657,2020-09-27,2020-10-28,['971'],Entretien et remise en état des espaces verts du Grand Port Maritime de la Guadeloupe,joue,directive24,appeloffre,initial,Grand Port Maritime de la Guadeloupe,97165,Pointe-à-Pitre Cedex,,['Espaces verts'],[116],oui,oui
20-117564,2020-09-27,2020-10-26,['971'],fauchage et élagage des espaces verts,joue,directive24,appeloffre,initial,Mairie de sainte-anne,97180,Sainte-Anne,,['Espaces verts'],[116],non,non
20-117737,2020-09-27,2020-10-09,['972'],"reperage d'amiante avant travaux ou avant demolition sur l'ensemble des batiments de la collectivite territoriale - lots 1, 3 à 9 (rectificatif)",joue,autre,rectificatif,rectificatif,COLLECTIVITE TERRITORIALE MARTINIQUE,97200,FORT-DE-FRANCE,,['Amiante (diagnostic)'],[431],non,non
20-109805,2020-09-27,2020-10-25,['972'],travaux de construction du pôle universitaire de santé,joue,directive24,attribution,initial,COLLECTIVITE TERRITORIALE MARTINIQUE,97201,Fort-de-France,,"['Bâtiment', 'Carrelage', 'Charpente', 'Cloison, faux plafond', 'Couverture', 'Espaces verts', 'Menuiserie', 'Peinture (travaux)', 'Revêtements de sols', 'Serrurerie', 'Photovoltaïque']","[33, 53, 57, 63, 74, 116, 222, 264, 308, 321, 476]",non,non
20-100973,2020-09-27,2021-09-24,['972'],"La fourniture, l'installation et la maintenance de rayonnages d'archives fixes et mobiles et de chariots de transfert de dossiers médicaux au Centre Hospitalier Universitaire de Martinique.",joue,directive24,attribution,initial,CHU de Martinique,97261,Fort-de-France,"[('2020-08-03', 'MEDICOPACK', (134247.18, 'EUR'), ""Rayonnages pour salle d'archives au Centre Hospitalier de Mangot Vulcin""), ('2020-08-03', 'MEDICOPACK', (15452.37, 'EUR'), ""RAYONNAGES D'ARCHIVE POUR LE CHU DE MARTINIQUE"")]",['Rayonnage'],[300],non,non
20-117548,2020-09-27,2020-12-23,['973'],Formations liées au Covid-19 dans le cadre de la mobilisation du Fse,joue,directive24,attribution,initial,COLLECTIVITE TERRITORIALE DE GUYANE,97307,Cayenne,"[('2020-09-14', 'Mgts Conseils', (56250, 'EUR'), 'Accompagnement au télétravail'), ('2020-09-14', 'Mgts Conseils', (28750, 'EUR'), ""Formation d'accompagnement lié à la reprise d'activité"")]",['Formation'],[410],non,non
20-117832,2020-09-27,2020-11-13,"['973', '971', '972']",Nettoyage des locaux des services de l'Etat en Guyane,joue,directive24,appeloffre,initial,Prefecture de la région Guyane,97307,Cayenne,,['Nettoyage de locaux'],[239],oui,oui
20-117483,2020-09-27,2020-10-26,['974'],"MARCHE GLOBAL DE PERFORMANCES POUR LA GESTION ENERGETIQUE, L'EXPLOITATION, MAINTENANCE CURATIVE ET LA (RE)CONSTRUCTION DES INSTALLATIONS D'ECLAIRAGE PUBLIC",joue,directive24,appeloffre,initial,Ville de Saint André (974),97440,Saint-André,,['Eclairage public'],[102],non,non
20-117193,2020-09-27,2020-10-21,['974'],Fourniture de titres restaurant,joue,directive25,appeloffre,initial,SEMTO,97460,Saint-Paul,,['Titres restaurant'],[416],non,non
20-116371,2020-09-27,2020-10-31,['974'],fourniture et pose de systemes de climatisation pour la commune de saint-joseph - annee 2020,joue,directive24,attribution,initial,Commune de Saint-Joseph,97480,SAINT-JOSEPH (La Réunion),"[('2020-07-23', 'SARL CLIMATIS OI', (360000, 'EUR'), None)]",['Climatisation'],[62],non,non
20-115764,2020-09-27,2020-10-31,['974'],location d'engins mecaniques et de camions pour les services techniques municipaux - annee 2020,joue,directive24,attribution,initial,Commune de Saint-Joseph,97480,SAINT-JOSEPH (La Réunion),"[('2020-07-23', 'SARL SATP', (240000, 'EUR'), '""Camion de 19 Tonnes (avec chauffeur et carburant) \x96 Secteur Ouest""'), ('2020-07-23', 'SARL SATP ', (240000, 'EUR'), '""Camion de 19 Tonnes (avec chauffeur et carburant) \x96 Secteur Centre""'), ('2020-07-23', 'SARL SATP', (320000, 'EUR'), '""Camion de 19 Tonnes (avec chauffeur et carburant) \x96 Secteur Est""'), ('2020-07-23', 'SARL SATP', (80000, 'EUR'), '""Porte Char (avec chauffeur et carburant)""\xa0')]",['Location (matériels)'],[185],non,non
20-110251,2020-09-27,2020-11-02,"['83', '6', '13', '79']","assurance ""dommages aux biens et risques annexes"" pour le groupement de commande Ville de roquebrune-sur-Argens - autres entités (CCAS, Office de tourisme.... voir détail au DCE)",joue,directive24,appeloffre,initial,Commune de Roquebrune sur Argens,,Roquebrune-sur-Argens,,['Assurance'],[20],non,non
20-110440,2020-09-27,2020-11-05,"['75', '77', '78', '91', '92', '93', '94', '95']",prestations multi-services et multi-techniques pour le siège de la direction régionale de la police judiciaire,joue,directive24,appeloffre,initial,Préfecture de Police de Paris,,PARIS,,"['Ascenseur', 'Chauffage (exploitation, entretien)', 'Maintenance', 'Nettoyage de locaux', 'Sécurité incendie']","[17, 59, 196, 239, 332]",non,non
20-114476,2020-09-27,2020-10-12,['34'],Maintenance des portes-portails-barrières automatiques ainsi que système de contrôle d'accès et de gestion des flux de passagers,joue,directive25,appeloffre,initial,SA Aéroport Montpellier Méditerranée,,Mauguio,,"[""Contrôle d'accès"", 'Maintenance', 'Porte automatique, portail']","[81, 196, 412]",non,non
20-115527,2020-09-27,2020-10-25,['38'],"Accord-cadre relatif à la réalisation pour le compte de l'Assurance Maladie de l'Isère, d'examens périodiques en santé pour ses assurés",joue,directive24,attribution,initial,CAISSE PRIMAIRE D ASSUR MALADIE ISERE,,GRENOBLE,"[('2020-07-02', 'ISBA SANTE PREVENTION', (1768210, 'EUR'), ""Réalisation pour le compte de l'Assurance Maladie de l'Isère d'examens périodiques en santé pour ses assurés"")]",['Sanitaire'],[319],non,non
20-117097,2020-09-27,2020-10-26,['81'],Fourniture de carburants,joue,directive24,appeloffre,initial,CCLPA,,SERVIES,,"['Carburant, hydrocarbure']",[52],non,non
20-117206,2020-09-27,2020-10-16,"['1', '69']",assurances de la commune et du c.c.a.s. de meximieux (rectificatif),joue,autre,rectificatif,rectificatif,Mairie de Meximieux,,MEXIMIMIEUX,,['Assurance'],[20],non,non
20-117328,2020-09-27,2020-10-30,"['49', '44', '53', '72', '85']",Marché de mise sous pli de documents de propagande pour les électeurs et de colisage de bulletins de vote à destination des mairies pour le service des élections de la préfecture de Maine et Loire,joue,directive24,appeloffre,initial,Préfecture de Maine-et-Loire,,ANGERS,,['Prestations de services'],[274],oui,oui
20-117515,2020-09-27,2020-10-27,"['92', '75', '91']",amo de réalisation d'études techniques dans le cadre de requalification ou de modernisation de l'espace public de la ville de bagneux,joue,directive24,appeloffre,initial,Ville de Bagneux,,Bagneux,,"['Assistance technique', 'Etude', 'Prestations de services', ""Assistance à maîtrise d'ouvrage""]","[19, 118, 274, 433]",non,non
