a00_cle_idweb,g04_01_date_publication,g04_03_date_fin_diffusion,g04_07_dep_publication,g04_09_resume_objet,g01_02_01_famille,g01_02_02_perimetre,g01_02_03_nature,g01_02_04_statut,d01_01_denomination,d01_07_cp,d01_08_ville,d08_09_decision_titulaireandRENSEIGNEMENT,g04_052_descripteurs_libelles,g04_051_descripteurs_codes,g04_061_criteres_sociaux,g04_062_criteres_environnementaux
20-32332,2020-03-03,2020-04-06,['1'],Réaménagement de l'entrée de l'hôtel du Département de l'Ain,fns,cmp2006,appeloffre,initial,DEPARTEMENT DE L AIN,01003,BOURG EN BRESSE CEDEX,,['Bâtiment'],[33],non,non
20-32325,2020-03-03,2020-05-31,['3'],RD6 Aménagement de l'itinéraire St Pourçain-Vichy : Evaluation environnementale - dossiers réglementaires,fns,cmp2006,attribution,initial,DEPARTEMENT DE L ALLIER,03016,MOULINS,"[('2020-03-02', 'gpt Cabinet Merlin- Atelier de paysage Claude Chazelle-CREXECO-SAS LEE Conseil', (65000, 'EUR'), None)]",['Etude'],[118],non,non
20-32244,2020-03-03,2020-05-31,['3'],"Travaux d 'enduits superficiels d 'usure pour les années 2020-2021 et 2022, pour le compte du Département de l'Allier ( secteur UTT de Lapalisse et de Saint Pourçain)",fns,cmp2006,attribution,initial,DEPARTEMENT DE L ALLIER,03016,MOULINS,"[('2020-03-02', 'EUROVIA DALA', (649850, 'EUR'), None)]",['Voirie'],[365],non,non
20-32358,2020-03-03,2020-03-26,['6'],LOCATION DE MATERIEL ET OUTILLAGE,fns,cmp2006,appeloffre,initial,Régie Ligne d'Azur,06100,Nice,,"['Location (matériels)', 'Outillage']","[185, 251]",non,non
20-32174,2020-03-03,2020-05-31,['6'],Numéro de la consultation : 18ADAP TVX-01 BIS Travaux de mise en accessibilité aux Personnes à Mobilité Réduite,fns,cmp2006,attribution,initial,UNIVERSITE DE NICE SOPHIA ANTIPOLIS,06103,Nice,[],"['Electricité (travaux)', 'Peinture (travaux)', 'Plomberie (travaux)']","[105, 264, 270]",non,non
20-32382,2020-03-03,2020-03-24,['6'],"Modification des réseaux de VMC, des canalisations d'eau froide et des évacuations des eaux usées, des bâtiments R&T, INFOCOM et QLIO",mapa,cmp2006,appeloffre,initial,UNIVERSITE DE NICE SOPHIA ANTIPOLIS,06103,Nice,,"['Plomberie (travaux)', 'Ventilation']","[270, 360]",non,non
20-32229,2020-03-03,2020-04-03,['6'],Restructuration des bureaux de l'UCP Nice Centre,fns,cmp2006,appeloffre,initial,CROUS NICE-TOULON,06300,Nice,,"['Climatisation', 'Cloison, faux plafond', 'Electricité (travaux)', 'Menuiserie', 'Ventilation']","[62, 63, 105, 222, 360]",non,non
20-32087,2020-03-03,2020-05-31,['6'],Numéro de la consultation : 2019-0773 Formation à l'apprentissage de l'anglais,fns,cmp2006,attribution,initial,COMMUNE DE CANNES,06406,CANNES,"[('2020-02-22', ""GRETA Côte d'Azur"", (8000, 'EUR'), None), ('2020-02-19', 'LANGUAZUR', (100400, 'EUR'), None), ('2020-02-27', 'Onlineformapro', (40800, 'EUR'), None), ('2020-02-04', 'ADECCO TRAINING', (88000, 'EUR'), None)]",['Formation'],[410],non,non
20-32252,2020-03-03,2020-03-20,['8'],ETUDES ENVIRONNEMENTALES 'BIODIVERSITE' REALISEES DANS LE CADRE DES AMENAGEMENTS DE GESTION DES ECOULEMENTS A CONTREXEVILLE-.,mapa,cmp2006,appeloffre,initial,ETS PUB AMENAGEMEN MEUSE ET AFFLUENTS,08000,Charleville-Mézières,,['Etude'],[118],non,non
20-32288,2020-03-03,2020-03-15,"['11', '31']",Construction d'un espace associatif mutualisé suite à appel d'offres infructueux,mapa,cmp2006,appeloffre,initial,COMMUNE DE LABASTIDE D ANJOU,11320,LABASTIDE-D'ANJOU,,['Bâtiment'],[33],non,non
20-32114,2020-03-03,2020-04-07,['11'],Construction d'une chaufferie bois au collège Antoine Courrière à Cuxac Cabardès,fns,cmp2006,appeloffre,initial,Département de l'Aude,11855,CARCASSONNE Cedex 9,,"['Chauffage (travaux)', 'Electricité (travaux)', 'Gros oeuvre', 'Menuiserie', 'Serrurerie', 'Voirie et réseaux divers']","[61, 105, 144, 222, 321, 366]",oui,non
20-32021,2020-03-03,2020-03-31,['12'],travaux eau potable / deci lieu-dit fontneuve et st joseph,fns,cmp2006,appeloffre,initial,Cté d'Agglomération du Grand Rodez,12000,Rodez,,"[""Travaux dans l'eau""]",[349],non,non
20-32374,2020-03-03,2020-04-02,['13'],Travaux de remplacement de menuiseries extérieures sur 3 bâtiments - Commune de Miramas,fns,cmp2006,appeloffre,initial,Commune de Miramas,13140,Miramas,,"['Menuiserie', 'Vitrerie']","[222, 363]",non,non
20-32376,2020-03-03,2020-03-27,['13'],Aménagement de la crèche collective 'La Péronne' - Commune de Miramas,fns,cmp2006,appeloffre,initial,Centre Communal d'Action Sociale,13140,Miramas,,['Décoration (travaux)'],[85],non,non
20-32178,2020-03-03,2020-03-27,['13'],CÂBLAGE VOIX DONNÉES IMAGES DANS LES BÂTIMENTS MUNICIPAUX,fns,cmp2006,appeloffre,initial,ville de Chateauneuf les Martigues,13168,CHATEAUNEUF LES MARTIGUES CEDEX,,['Câblage'],[47],non,non
20-32566,2020-03-03,2020-03-30,['13'],Repas de midi et goûters du centre municipal Seniors La Bastide du Ginestet : participation à la conception des menus puis fourniture des denrées nécessaires à l'élaboration des plats par les cui,fns,cmp2006,appeloffre,initial,Ville de Marseille,13233,Marseille cedex 20,,['Denrées alimentaires'],[88],non,oui
20-32431,2020-03-03,2020-04-10,['13'],Remplacement de 191 chaudières individuelles gaz dans 5 résidences de Sacogiva,fns,cmp2006,appeloffre,initial,SA CO GI VA,13626,Aix en provence cedex 1,,"['Chauffage (matériel)', 'Chauffage (travaux)']","[60, 61]",non,non
20-32138,2020-03-03,2020-04-07,['13'],Le présent accord-cadre s'inscrit dans une démarche de valorisation des CEE. Les principales prestations sont les suivantes :-Isolation d'un réseau hydraulique de chauffage et ECS-Isolatio,fns,cmp2006,appeloffre,initial,SA CO GI VA,13626,Aix en provence,,['Isolation'],[169],non,non
20-31737,2020-03-03,2020-03-30,['13'],Rénovation de la couverture de la toiture et du réseau de climatisation de la tour decontrôle - plate-forme aéroportuaire de marseille provence,fns,cmp2006,appeloffre,initial,DIR SERVICES DE NAVIGATION AERIENNE,13727,Marignane cedex,,"['Couverture', 'Electricité (travaux)', 'Plomberie (travaux)']","[74, 105, 270]",non,oui
20-32192,2020-03-03,2020-04-06,['14'],Aménagement à 2x2 voies de la RN 13 entre Evreux et Chaufour les Bonnières - Etude et analyse de trafic,fns,cmp2006,attribution,initial,Région Normandie,14035,CAEN,"[('2020-01-03', 'INGEROP CONSEIL ET INGENIERIE', (89540, 'EUR'), None)]",['Prestations de services'],[274],non,non
20-32467,2020-03-03,2020-04-06,"['14', '27', '50', '61', '76']",Travaux de couverture et d'étanchéité - Réfection de toiture et étanchéité du bâtiment 54 Quartier Koenig à Bretteville sur Odon,fns,cmp2006,appeloffre,initial,Communauté Urbaine Caen la mer,14050,CAEN,,['Couverture'],[74],non,non
20-32224,2020-03-03,2020-04-06,"['75', '14', '50', '61', '76', '27']","Conception création maintenance dévlpt d'un outil d'édition de scénarios pédago et application smartphone en RA, fourniture, livraison matériels associés",mapa,cmp2006,appeloffre,initial,CMAI Calvados-Orne,14077,CAEN Cedex 5,,['Logiciel'],[186],non,non
20-31918,2020-03-03,2020-03-18,['14'],"le présent marché concerne la production et mise en oeuvre de la scénographie de l'exposition inaugurale des franciscaines, le nouvel établissement culturel de la ville de deauville.",mapa,cmp2006,appeloffre,initial,Les Franciscaines,14800,Deauville,,"['Décoration (travaux)', 'Electricité (travaux)', 'Menuiserie', 'Peinture (travaux)', 'Publicité, Communication', 'Revêtements de sols', 'Equipement muséographique']","[85, 105, 222, 264, 285, 308, 409]",non,non
20-32081,2020-03-03,2020-03-30,['16'],"RD699 - Restauration de 4 ouvrages d'art - Communes de Criteuil La Magdeleine, La Chaise et Saint Palais du Né (16)",fns,cmp2006,appeloffre,initial,Département de la Charente,16917,ANGOULEME,,"[""Ouvrage d'art""]",[252],non,non
20-31048,2020-03-03,2020-05-03,['17'],supervision des équipes sociales et socio-éducatives au sein des délégations territoriales du département de la charente-maritime,mapa,cmp2006,attribution,initial,Cons. Départ. de la Charente-Maritime,17076,La Rochelle Cedex 9,,['Formation'],[410],non,non
20-31143,2020-03-03,2020-03-30,['17'],acquisition de petits matériels informatiques,fns,cmp2006,appeloffre,initial,Cons. Départ. de la Charente-Maritime,17076,La Rochelle cedex 9,,['Informatique (matériel)'],[162],non,oui
20-31104,2020-03-03,2020-05-02,['17'],etude de définition et de faisabilité d'un réseau d'offre locale de mobilité en véhicules propres dans l'île d'oléron en charente-maritime,fns,cmp2006,attribution,initial,Cons. Départ. de la Charente-Maritime,17076,La Rochelle Cedex 9,,['Etude'],[118],non,non
20-31063,2020-03-03,2020-03-26,['17'],prestation d'expertise novell et microsoft,fns,cmp2006,appeloffre,initial,Cons. Départ. de la Charente-Maritime,17076,La Rochelle cedex 9,,['Informatique (prestations de services)'],[163],non,non
20-32091,2020-03-03,2020-03-13,"['17', '16', '86', '79']",Réfection de la toiture et du 2ème étage de la médiathèque de Saintes,fns,cmp2006,appeloffre,rectificatif,Commune de Saintes,17100,Saintes,,['Gros oeuvre'],[144],non,non
20-32484,2020-03-03,2020-04-10,['17'],"achats 2020 - fourgon, laveuse de voirie, balayeuse compacte aspriatrice",fns,cmp2006,appeloffre,initial,Ville de Saint Jean d'Angely,17415,Saint Jean d'Angély,,['Véhicules (acquisition)'],[475],non,non
20-32327,2020-03-03,2020-03-30,['18'],Mission d'Assistance à Maîtrise d'Ouvrage (AMO) - Diagnostic sanitaire et structurel des maçonneries et planchers de l'ENSA de Bourges,mapa,cmp2006,appeloffre,initial,COMMUNAUTE AGGLOMERATION BOURGES PLUS,18000,BOURGES,,"[""Assistance à maîtrise d'ouvrage""]",[433],non,non
20-32304,2020-03-03,2020-03-17,['18'],Numéro de la consultation : 2019-TX-SGR-1282 Marchés spécifiques 2020,fns,cmp2006,appeloffre,rectificatif,Conseil départemental du Cher,18023,BOURGES,,['Voirie'],[365],non,non
20-32199,2020-03-03,2020-04-02,['19'],brive 19 caserne laporte 126°ri- scorpion étape 1- construction d une dalle béton,mapa,cmp2006,appeloffre,initial,MINDEF/SGA/DCSID/ESID Bordeaux,19100,brive,,['Gros oeuvre'],[144],non,non
20-32432,2020-03-03,2020-05-30,['19'],travaux de maintenance des résidences de Brive Habitat,fns,cmp2006,attribution,initial,BRIVE HABITAT,19100,BRIVE LA GAILLARDE,,['Maintenance'],[196],non,non
20-32473,2020-03-03,2020-04-02,['20A'],Remise en état du réseau hydraulique - Route départementale no83 PR 9+800 au PR 14+000 - Commune de Zevacu,fns,cmp2006,appeloffre,initial,COLLECTIVITE DE CORSE,20187,AJACCIO,,['Ouvrage hydraulique'],[255],non,non
20-32530,2020-03-03,2020-04-09,['21'],Aménagement de 3 salles d'expositions au rez-de-chaussé et de bureaux au 2° étage,fns,cmp2006,appeloffre,initial,MINISTERE DE LA CULTURE,21000,Dijon,,['Bâtiment'],[33],non,non
20-32409,2020-03-03,2020-05-31,['24'],Fourniture et livraison d'un fourgon de type gros volume 20m3 avec hayon pour le Parc départemental de la Dordogne,mapa,cmp2006,attribution,initial,Conseil Général de la Dordogne,24019,PERIGUEUX,,['Véhicules (acquisition)'],[475],non,non
20-32408,2020-03-03,2020-05-31,['24'],Démolition d'un silo à grains à Ribérac,fns,cmp2006,attribution,initial,Conseil Général de la Dordogne,24019,PERIGUEUX,"[('2020-02-21', 'AVENIR DECONSTRUCTION', (198400, 'EUR'), None)]","['Démolition', 'Amiante (désamiantage)']","[87, 479]",non,non
20-32083,2020-03-03,2020-04-03,['24'],Marché de transports scolaires pour une partie des élèves du Grand Périgueux,fns,cmp2006,appeloffre,initial,Le Grand Périgueux,24019,Périgueux,,"['Prestations de services', 'Transport']","[274, 347]",non,non
20-32577,2020-03-03,2020-05-31,['25'],MAITRISE D'OEUVRE RELATIVE A LA CREATION D'UNE PISTE D'ATHLETISME AU COLLEGE 'JEAN-CLAUDE BOUQUET' A MORTEAU,mapa,cmp2006,attribution,initial,DEPARTEMENT DU DOUBS,25031,BESANCON Cedex,,"[""Maîtrise d'oeuvre""]",[197],non,non
20-32604,2020-03-03,2020-03-30,['25'],Numéro de la consultation : 2020DEPT0003 Accompagnement des équipes au changement dans le cadre de la modernisation du processus d'attribution de l'APA à domicile,fns,cmp2006,appeloffre,initial,DEPARTEMENT DU DOUBS,25031,BESANCON Cedex,,"[""Assistance à maîtrise d'ouvrage""]",[433],non,non
20-32329,2020-03-03,2020-03-31,['25'],Rénovation de la toiture de l'église,fns,cmp2006,appeloffre,initial,Commune de Remoray-Boujeons,25160,Remoray Boujeons,,['Bâtiment'],[33],non,non
20-32228,2020-03-03,2020-04-03,['26'],Équipement de cuisine dans le cadre de l'aménagement d'une crèche avec cuisine centrale Maison Pignal à Livron sur Drôme (26),fns,cmp2006,appeloffre,initial,COMMUNAUTE DE COMMUNES DU VAL DE DROME,26400,EURRE,,['Cuisine (équipement)'],[77],non,non
20-32210,2020-03-03,2020-05-03,['27'],Souscription d'un contrat d'assurance couvrant le risque de chômage lié à une perte d'emploi du directeur général,fns,cmp2006,attribution,initial,SOC ECONOMIE MIXTE LOGEMENT DE EURE,27005,Evreux cedex,,['Assurance'],[20],non,non
20-32299,2020-03-03,2020-04-13,['27'],Élaboration d'un guide méthodologique pour définir des programmes pluriannuels pour la réalisation de travaux de restauration des milieux humides et aquatiques,mapa,cmp2006,appeloffre,initial,Conseil Général de l'Eure,27021,Evreux cedex 01,,['Etude'],[118],non,non
20-28594,2020-03-03,2020-04-03,"['27', '76']",affûtage d'outils coupants pour dga techniques hydrodynamiques à val de reuil (27).,mapa,cmp2006,appeloffre,initial,MINARM/DGA/DO/S2A,27105,Val de reuil,,['Maintenance'],[196],non,non
20-32435,2020-03-03,2020-04-03,['27'],"Marché 2020/009 "" Travaux au lycée Dumézil à Vernon """,fns,cmp2006,appeloffre,initial,Ville de Vernon,27200,Vernon,,"['Assainissement', 'Clôture', 'Eclairage public', 'Espaces verts', 'Voirie']","[18, 64, 102, 116, 365]",non,non
20-28201,2020-03-03,2020-05-26,['27'],mission de maîtrise d'oeuvre pour la restructuration du groupe scolaire jules verne,fns,cmp2006,appeloffre,initial,COMMUNE DE PONT AUDEMER,27500,Pont-Audemer cedex,,"[""Maîtrise d'oeuvre""]",[197],non,non
20-32340,2020-03-03,2020-04-17,['28'],travaux de restauration extérieure du choeur de l'église st georges de souance au perche,fns,cmp2006,appeloffre,initial,Mairie de Souancé-au-Perche,28400,Souance au perche,,"['Charpente', 'Couverture', 'Echafaudage', 'Maçonnerie', 'Menuiserie']","[57, 74, 101, 195, 222]",non,non
20-32389,2020-03-03,2020-04-17,['28'],travaux de restauration extérieure du choeur de l'église st georges de souance au perche - lot 5 vitraux,fns,cmp2006,appeloffre,initial,Mairie de Souancé-au-Perche,28400,Souance au perche,,['Vitraux'],[418],non,non
20-32590,2020-03-03,2020-03-26,['29'],Le présent marché porte sur les conditions de mise en place de la restauration de Brest 2020.,fns,cmp2006,appeloffre,initial,Brest événements nautiques,29200,Brest,,['Restauration collective'],[66],non,non
20-32455,2020-03-03,2020-04-02,['30'],Analyses microbiologiques et contrôles divers dans le domaine de la sécurité alimentaire de la Commune de Beaucaire et du CCAS,fns,cmp2006,appeloffre,initial,Ville de Beaucaire,30300,Beaucaire,,"['Analyses médicales, biologiques', 'Denrées alimentaires', 'Prestations de services', 'Sanitaire']","[8, 88, 274, 319]",non,non
20-32098,2020-03-03,2020-05-31,['31'],Assistance à maîtrise d'ouvrage pour l'élaboration d'un plan de référence globale du lac des prairies - Le Vernet (31),mapa,cmp2006,attribution,initial,CC DU BASSIN AUTERIVAIN HAUT GARONNAIS,31190,AUTERIVE,,"[""Assistance à maîtrise d'ouvrage""]",[433],non,non
20-32226,2020-03-03,2020-03-30,['31'],"MAINTENANCE DES POSTES HTA,DES GROUPES ÉLECTROGÈNES ET PANNEAUX PHOTOVOLTAÏQUES DE LA VILLE DE COLOMIERS",fns,cmp2006,appeloffre,initial,ville de Colomiers,31776,COLOMIERS CEDEX,,['Maintenance'],[196],non,non
20-32379,2020-03-03,2020-03-25,['33'],"EXTENSION DU PRÉAU, RÉAMÉNAGEMENTS INTÉRIEURS ET MISE EN PLACE D'ACCÈS PMR SUR LES ENTRÉES DU COLLÈGE PAUL ESQUINANCE À LA REOLE",fns,cmp2006,appeloffre,initial,DEPARTEMENT DE LA GIRONDE,33074,Bordeaux,,"['Gros oeuvre', 'Amiante (désamiantage)']","[144, 479]",non,non
20-32113,2020-03-03,2020-03-24,['33'],Travaux de construction d'un préau à l'école maternelle de La Garenne,fns,cmp2006,appeloffre,initial,MAIRIE DE SAINT-MEDARD-EN-JALLES,33160,Saint médard en jalles,,"[""Tous corps d'état""]",[345],non,non
20-31415,2020-03-03,2020-04-03,"['33', '47']",service de transport des usagers du cms de lapeyre,joue,directive24,appeloffre,initial,UGECAM d'Aquitaine,33523,BRUGES,,"['Prestations de services', 'Transport']","[274, 347]",non,non
20-32142,2020-03-03,2020-04-03,['33'],CINEMA JEAN EUSTACHE : Rénovation de la salle Fellini,fns,cmp2006,appeloffre,initial,COMMUNE DE PESSAC,33604,PESSAC CEDEX,,"['Electricité (travaux)', 'Revêtements de sols', 'Serrurerie', 'Vidéo, cinéma']","[105, 308, 321, 362]",non,non
20-32567,2020-03-03,2020-04-04,['34'],"services d'animation dans les clubs de l'age d'or : activites physiqueslot 1 yoga, lot 2 sophrologie, lot3 qi qong, lot 4 tir à l'arc",fns,cmp2006,attribution,initial,CCAS de Montpellier,34060,Montpellier cedex 2,,['Prestations de services'],[274],non,non
20-32559,2020-03-03,2020-04-03,['34'],services d'animation dans les clubs de l'age d'or : activites artistiques / théâtre,mapa,cmp2006,attribution,initial,CCAS de Montpellier,34060,Montpellier cedex 2,[],['Prestations de services'],[274],non,non
20-32185,2020-03-03,2020-04-03,['30'],Entretien des espaces verts et des secteurs aménagés du Parc d'Activités Economiques Marcel BOITEUX,fns,cmp2006,attribution,initial,SM Marcel BOITEUX,34064,Montpellier,"[('2020-02-24', 'ML Environnement', (37499, 'EUR'), None)]",['Espaces verts'],[116],non,non
20-32231,2020-03-03,2020-03-26,['34'],Numéro de la consultation : 20ABIT02 Aire de covoiturage RD909/RD18 - PR39+162 - Commune de Magalas,fns,cmp2006,appeloffre,initial,Conseil départemental de l'Hérault,34087,MONTPELLIER,,"['Curage', 'Maçonnerie', 'Travaux de viabilité', 'Voirie']","[78, 195, 353, 365]",non,non
20-32161,2020-03-03,2020-05-31,['34'],Numéro de la consultation : 2019-FOU-26 FOURNITURE ET LIVRAISON DE PANNEAUX ET DE BÂCHES SIGNALÉTIQUES,fns,cmp2006,attribution,initial,SICTOM Pezenas-Agde,34120,Nézignan l'évêque,"[('2019-11-06', 'ENSEIGNES DESIGN', (180000, 'EUR'), None)]","['Panneaux', 'Signalétique', 'Bâche']","[261, 333, 435]",non,non
20-32147,2020-03-03,2020-03-26,['34'],Maintenance et entretien des réseaux électriques et Candélabres de la Communauté de Communes du Pays de Lunel,mapa,cmp2006,appeloffre,initial,Communauté de Communes Pays de Lunel,34400,Lunel,,['Candélabre'],[49],non,oui
20-32047,2020-03-03,2020-03-19,['34'],"Le marché a pour objet l'aménagement d'un espace de cuisine sur place dans le restaurant administratif du centre des finances publiques (CFP) de Montpellier "" La Paillade"", 40 rue de Louvois",fns,cmp2006,appeloffre,initial,DDFiP de l'Herault,34954,Montpellier,,['Bâtiment'],[33],non,non
20-32060,2020-03-03,2020-03-19,['34'],Le marché a pour objet le réaménagement rafraîchissement du restaurant administratif du centre des finances publiques (CFP) de Béziers 9 avenue Pierre Verdier 34 500 BéziersLes travaux seront réal..,fns,cmp2006,appeloffre,initial,DDFiP de l'Herault,34954,Montpellier,,['Bâtiment'],[33],non,non
20-32601,2020-03-03,2020-04-25,['35'],Fourniture et pose de signalétiques bâtimentaires et fourniture de signalétiques temporaires pour le compte de l'EFS Bretagne,fns,cmp2006,appeloffre,initial,Etablissement Français du Sang,35016,Rennes cedex,,['Signalétique'],[333],non,non
20-32077,2020-03-03,2020-03-24,"['35', '44', '49', '22', '53']",service de transport de colis de documents pour les besoins du réseau des 13 bibliothèques,mapa,cmp2006,appeloffre,initial,Communauté de communes Roche aux fées,35240,Retiers,,"['Colis', 'Transport']","[65, 347]",non,non
20-31984,2020-03-03,2020-03-31,['35'],Lycée Joliot-Curie à Rennes (35) - Installation d'un système de sonorisation et de diffusion sonore de messages liés aux Plans Particuliers de Mise en Sûreté (PPMS).Visite obligatoire,fns,cmp2006,appeloffre,initial,Région Bretagne,35711,Rennes cedex 7,,['Alarme'],[5],non,non
20-32588,2020-03-03,2020-03-31,"['35', '22', '29', '56']",Prestations d'accompagnement de la Direction de la communication ainsi que de la Direction des ressources humaines en matière de production éditoriale et multimédia pour les supports d'infor,fns,cmp2006,appeloffre,initial,Région Bretagne,35711,Rennes cedex 7,,"['Publicité, Communication']",[285],non,non
20-11028,2020-03-03,2020-04-23,['35'],acquisition d'équipements et accessoires gnss et prestations associées.,fns,cmp2006DEFENSE,appeloffre,initial,MINARM/DGA/DO/S2A,35998,Rennes Cedex 9,,['Equipements spécialisés'],[115],non,non
20-32502,2020-03-03,2020-03-19,['37'],Etablissement de documents liés à la réalisation de projets urbains 2020-2021,mapa,cmp2006,appeloffre,initial,Ville de Saint-Cyr-Sur-Loire,37541,Saint-cyr-sur-loire,,['Prestations de services'],[274],non,non
20-32230,2020-03-03,2020-03-24,"['38', '69', '73', '1']",Fourniture de lait maternisé au Centre Hospitalier Pierre Oudot à Bourgoin-Jallieu,mapa,cmp2006,appeloffre,initial,CENTRE HOSPITALIER PIERRE OUDOT,38302,BOURGOIN-JALLIEU,,['Denrées alimentaires'],[88],non,non
20-32591,2020-03-03,2020-03-26,['39'],"Étude et cartographie des milieux forestiers SITES NATURA 2000 ' Vallées et côtes de la Bienne, du Tacon et du Flumen ' et ' Forêt du Massacre '",mapa,cmp2006,appeloffre,initial,Parc naturel régional du Haut-jura,39310,Lajoux,,['Etude'],[118],non,oui
20-32055,2020-03-03,2020-04-30,['40'],Réhabilitation des réservoirs programme 2020,fns,cmp2006,appeloffre,initial,MONT DE MARSAN AGGLOMERATION,40001,Mont-de-Marsan Cedex,,['Réservoir'],[307],non,oui
20-32045,2020-03-03,2020-05-03,['40'],pose de compteurs d'eau communicants - année 2020,fns,cmp2006,attribution,initial,MONT DE MARSAN AGGLOMERATION,40001,Mont-de-Marsan Cedex,,"[""Compteur d'eau""]",[440],non,non
20-32116,2020-03-03,2020-03-23,['40'],Location maintenance de deux machines à affranchir et achat de consommables adaptés,mapa,cmp2006,appeloffre,initial,Conseil Général des Landes,40025,Mont-de-marsan Cedex,,['Location (matériels)'],[185],non,non
20-32216,2020-03-03,2020-04-05,['40'],Construction d'un hangar communal et d'un local chasse,fns,cmp2006,appeloffre,initial,commune de Lucbardez et Bargues,40090,Lucbardez et bargues,,['Bâtiment'],[33],non,non
20-32218,2020-03-03,2020-04-30,['41'],Rénovation du plateau sportif du collège Louis Pasteur de Morée,fns,cmp2006,attribution,initial,CG Loir et Cher,41020,Blois Cedex,"[('2020-03-03', 'SOTRAP', (93773.8, 'EUR'), None)]",['Terrain de sport'],[342],non,non
20-32006,2020-03-03,2020-04-03,"['41', '37']",etude préalable à la restauration de la continuité écologique,mapa,cmp2006,appeloffre,initial,syndicat mixte du bassin de la cisse,41190,herbault,,"['Etude', 'Ouvrage hydraulique']","[118, 255]",non,non
20-32058,2020-03-03,2020-03-19,['42'],marché de vrd terrassement - canalisation - déneigement,fns,cmp2006,appeloffre,annulation,COMMUNE D ANDREZIEUX BOUTHEON,42160,Andrézieux-Bouthéon,,"['Canalisations', 'Déneigement', 'Terrassement']","[48, 98, 341]",non,non
20-32088,2020-03-03,2020-03-16,['42'],marché de vrd terrassement-canalisation-déneigement,fns,cmp2006,appeloffre,initial,COMMUNE D ANDREZIEUX BOUTHEON,42160,Andrézieux-Bouthéon,,"['Canalisations', 'Déneigement', 'Terrassement']","[48, 98, 341]",non,non
20-32177,2020-03-03,2020-05-31,['42'],Fourniture d'une aire de jeux d'eau au Centre Nautique Roger Couderc,mapa,cmp2006,attribution,initial,Ville de Saint-Chamond,42400,Saint-Chamond,,['Aire de jeux'],[400],non,non
20-32004,2020-03-03,2020-04-03,['44'],espaces ressources d'échange de pratiques et de mise en interaction des partenaires agissant dans le cadre de carte blanche.,mapa,cmp2006,appeloffre,initial,Ville de Nantes,44000,Nantes,,['Prestations de services'],[274],non,non
20-30196,2020-03-03,2020-04-06,['44'],fourniture et maintenance des rails et moteurs de lève-personnes fixes et mobiles dans les ehpad du ccas de nantes,fns,cmp2006,appeloffre,initial,Ville de Nantes,44036,Nantes Cedex,,['Matériel médical'],[212],non,non
20-32563,2020-03-03,2020-03-15,['44'],EXTENSION DE LA SALLE PAUL BOUINRELANCELOT N° 4 : TRAITEMENT DE FACADELOT N° 6 : MENUISERIES EXTERIEURES,fns,cmp2006,attribution,initial,Commune de Basse-Goulaine,44115,Basse-Goulaine,,"['Menuiserie', 'Peinture (fourniture)', 'Peinture (travaux)']","[222, 263, 264]",non,non
19-175954,2020-03-03,2020-03-15,['44'],extension de la salle paul bouin à basse-goulaine,fns,cmp2006,attribution,initial,Commune de Basse-Goulaine,44115,Basse-Goulaine,,"['Appareil élévateur', 'Audiovisuel', 'Bâtiment', 'Bois', 'Charpente', 'Chauffage (travaux)', 'Cloison, faux plafond', 'Electricité (travaux)', 'Etanchéité', 'Gros oeuvre', 'Matériel scénique', 'Menuiserie', 'Mobilier', 'Peinture (travaux)', 'Plomberie (travaux)', 'Revêtements de sols', 'Serrurerie', 'Ventilation', 'Voirie et réseaux divers']","[11, 22, 33, 38, 57, 61, 63, 105, 117, 144, 216, 222, 230, 264, 270, 308, 321, 360, 366]",non,non
20-31484,2020-03-03,2020-06-01,"['44', '49', '53', '72', '85']",MARCHE PUBLIC DE TRAVAUX DE SECOND OEUVRE DE POLE EMPLOI PAYS DE LA LOIRE,joue,directive24,appeloffre,initial,Pôle emploi Pays de la Loire,44179,Nantes cedex 4,,"['Cloison, faux plafond', 'Electricité (travaux)']","[63, 105]",oui,oui
20-32074,2020-03-03,2020-04-06,['44'],TRAVAUX COURANTS de VOIRIE sur la Commune,fns,cmp2006,appeloffre,initial,Ville de LE POULIGUEN,44510,LE POULIGUEN,,['Voirie'],[365],non,non
20-32306,2020-03-03,2020-05-31,['44'],"19S0007 Conception, construction, exploitation et maintenance d'une chaufferie au bois et son réseau de chaleur pour la CARENE",fns,cmp2006,attribution,initial,COM D AGGLO REG NAZAIRIENNE ESTUAIRE,44605,Saint-Nazaire,"[('2020-02-24', 'ENGIE ENERGIE SERVICES', (1817448.29, 'EUR'), None)]","['Chauffage (exploitation, entretien)', 'Chauffage (travaux)']","[59, 61]",non,non
20-32481,2020-03-03,2020-04-01,['44'],Prospection et accompagnement pour le développement du parc locatif à loyers maîtrisés,fns,cmp2006,appeloffre,initial,COM D AGGLO REG NAZAIRIENNE ESTUAIRE,44605,Saint-Nazaire,,['Prestations de services'],[274],non,non
20-32442,2020-03-03,2020-04-06,['44'],Acquisition d'équipements pédagogiques pour le nouveau lycée à Nort-sur-Erdre (44) Lots 2 Equipements de sport et 4 Equipements de logistique,mapa,cmp2006,appeloffre,initial,Conseil régional des Pays de la Loire,44966,Nantes cedex 9,,['Equipements spécialisés'],[115],non,non
20-32533,2020-03-03,2020-04-03,"['85', '44']",MISSION D'ASSISTANCE TECHNIQUE RELATIVE A LA RÉNOVATION DES TOITURES AU LYCÉE ÉDOUARD BRANLY DE LA ROCHE-SUR-YON (85),fns,cmp2006,appeloffre,initial,Conseil régional des Pays de la Loire,44966,Nantes cedex 9,,"['Assistance technique', 'Bâtiment']","[19, 33]",non,non
20-32424,2020-03-03,2020-03-16,['18'],Hébergement pour des participants à des actions de formation organisées par l'Antenne Territoriale du Berry (18) et pour des agents permanents du CNFPT en mission à Bourges,fns,cmp2006,appeloffre,initial,CNFPT Délégation Centre,45015,Orléans cedex 1,,['Prestation hotelière'],[466],non,non
20-32011,2020-03-03,2020-03-23,['45'],Surveillance et gardiennage du Parc de Loire,fns,cmp2006,appeloffre,rectificatif,Orléans Métropole,45058,Orléans,,['Gardiennage'],[138],non,non
20-32158,2020-03-03,2020-03-23,['45'],"Accord-cadre pour les travaux de diagnostic, d'entretien, de réparation et de rénovation des rails du train du Parc Floral de la Source",fns,cmp2006,appeloffre,rectificatif,Orléans Métropole,45058,Orléans,,['Voies ferrées'],[364],non,non
20-32398,2020-03-03,2020-05-31,['45'],MISSION DE COORDINATION SECURITE ET PROTECTION DE LA SANTE (SPS) NIVEAU I POUR LES TRAVAUX DE MISE EN PLACE D'UN TRAITEMENT CATALYTIQUE DES OXYDES D'AZOTE,fns,cmp2006,attribution,initial,BEAUCE GÂTINAIS VALORISATION (BGV),45300,Pithiviers,"[('2020-02-25', 'PROJECTIO SAS', (8360, 'EUR'), None)]","['Contrôle technique', 'Prestations de services']","[72, 274]",non,non
20-32396,2020-03-03,2020-05-31,['45'],MISSION DE CONTROLE TECHNIQUE POUR LES TRAVAUX DE MISE EN PLACE D'UN TRAITEMENT CATALYTIQUE DES OXYDES D'AZOTE,mapa,cmp2006,attribution,initial,BEAUCE GÂTINAIS VALORISATION (BGV),45300,Pithiviers,,"['Contrôle technique', 'Prestations de services']","[72, 274]",non,non
20-32330,2020-03-03,2020-03-30,"['47', '33', '31']",fourniture et livraison de repas en liaison froide destinés au service du portage de repas à domicile du c.c.a.s. de tonneins,fns,cmp2006,appeloffre,initial,CENTRE COMMUNAL D'ACTION SOCIALE,47400,Tonneins,,"['Repas, traiteur']",[304],non,non
20-27386,2020-03-03,2020-03-31,['49'],"travaux de réalisation d'un éclairage led 250 lux (niveau e4- fff), stade de salpinte à angers",fns,cmp2006,appeloffre,initial,Ville d'Angers,49020,Angers Cedex 02,,['Electricité (travaux)'],[105],non,non
20-32426,2020-03-03,2020-04-10,['49'],FOURNITURE DE BARQUETTES ET DE FILMS DE CONDITIONNEMENT A USAGE ALIMENTAIRE POUR LE SERVICE RESTAURATION DU CCAS D'ANGERS,fns,cmp2006,appeloffre,initial,CENTRE COMMUNAL D ACTION SOCIALE,49020,ANGERS,,"['Barquettes alimentaires', 'Conditionnement']","[32, 67]",non,non
20-32362,2020-03-03,2020-03-30,"['49', '44', '53', '72']",Réfection des façades de l'école maternelle Parcheminerie - Relance du lot 03 Menuiseries Fermetures Finitions,fns,cmp2006,appeloffre,initial,Ville d'Angers,49020,ANGERS,,['Menuiserie'],[222],non,non
20-32030,2020-03-03,2020-05-15,['49'],Travaux de déconstruction de préfabriqués,mapa,cmp2006,appeloffre,initial,Université d'Angers,49035,Angers cedex 01,,['Démolition'],[87],non,non
20-32023,2020-03-03,2020-05-31,['49'],Numéro de la consultation : CC19080 Etudes pour la création et l'aménagement d'une voie verte le long de la Sarthe,fns,cmp2006,attribution,initial,ComCom des Vallées du Haut-Anjou,49220,Le Lion d'Angers,"[('2020-02-24', 'DCI ENVIRONNEMENT', (139750, 'EUR'), None)]",['Etude'],[118],non,non
20-32336,2020-03-03,2020-04-08,['49'],"Mission de Suivi-animation d'une Opération Programmée d'Amélioration de l'Habitat (OPAH-RU) multi-sites sur les communes de Montreuil-Bellay, Vivy et Fontevraud l'Abbaye 2019-2024",fns,cmp2006,appeloffre,initial,CA SAUMUR VAL DE LOIRE,49408,Saumur Cedex,,"['Prestations de services', 'Ingénierie']","[274, 455]",non,non
20-32071,2020-03-03,2020-03-27,"['49', '37', '44', '53', '72', '79', '85']",Travaux de mise en accessibilité de 11 collèges publics de Maine-et-Loire,fns,cmp2006,appeloffre,initial,Département de Maine-et-Loire,49941,Angers cedex 9,,"['Ascenseur', 'Bâtiment', 'Equipements spécialisés', 'Voirie et réseaux divers']","[17, 33, 115, 366]",oui,oui
20-32400,2020-03-03,2020-04-30,['50'],ccit ouest normandie - services gérés - fourniture d'une autolaveuse autoportée pour le port de pêche de cherbourg - pse contrat de maintenance,mapa,cmp2006,attribution,initial,CCI de Cherbourg-Cotentin,50108,Cherbourg-en-cotentin cedex,,['Equipements spécialisés'],[115],non,non
20-32410,2020-03-03,2020-06-30,['50'],ccit ouest normandie - services gérés - organisation du 18ème festival des coquillages et crustacés à granville en septembre 2020,fns,cmp2006,attribution,initial,CCI de Cherbourg-Cotentin,50108,Cherbourg-en-cotentin,"[('2020-02-18', 'SOCIETE CARPE DIEM', (89505, 'EUR'), None)]",['Evénementiel'],[445],non,non
20-32521,2020-03-03,2020-04-03,['51'],"Entretien et travaux de maintenance des embranchements ferrés des sites de Reims, Recy / Saint Martin sur le Pré / Chalons en Champagne et La Veuve propriété de la CCIT de la Marne",fns,cmp2006,appeloffre,initial,CCI TERRITORIALE DE LA MARNE,51010,Chalons en champagne,,"['Espaces verts', 'Voies ferrées']","[116, 364]",non,non
20-30167,2020-03-03,2020-03-20,['51'],Pacte régional d'investissement dans les compétences (PRIC 2020) et nouvelles actions du programme régional de formation 2020 (PRF 2020) en faveur des demandeurs d'emploi - relance.,joue,directive24,appeloffre,initial,REGION GRAND EST,51037,Châlons en Champagne,,['Formation'],[410],non,non
20-32291,2020-03-03,2020-04-03,['52'],mise en place de douches dans divers logement du patrimoine de l'office de saint dizier,fns,cmp2006,attribution,initial,OPH de Saint-Dizier,52100,saint dizier,,['Plomberie (travaux)'],[270],non,non
20-32603,2020-03-03,2020-03-31,['53'],Assistance à maîtrise d'ouvrage pour la réalisation de dispositifs numériques innovants dans le cadre du renouvellement de la muséographie permanente du musée archéologique de Jublains,mapa,cmp2006,appeloffre,initial,DEPARTEMENT DE LA MAYENNE,53014,LAVAL,,"[""Assistance à maîtrise d'ouvrage""]",[433],non,non
20-32140,2020-03-03,2020-03-27,['8'],Mission de contrôle technique pour le remplacement du pont-levis des Dames de Meuse - Commune de Revin (08),mapa,cmp2006,appeloffre,initial,Voies navigables de France,54000,Nancy,,['Contrôle technique'],[72],non,non
20-21475,2020-03-03,2020-05-11,['54'],modernisation et mise en conformité du dépôt pétrolier sur la base aéronavale de lann bihoue,mapa,cmp2006,attribution,initial,DELPIA,54035,Nancy,,"['Canalisations', 'Génie civil', 'Réservoir', 'Travaux de viabilité']","[48, 141, 307, 353]",non,non
20-32069,2020-03-03,2020-03-25,['54'],"Etude d'impact à l'opération d'aménagement foncier agricole, forestier et environnemental de la commune d'Arnaville",mapa,cmp2006,appeloffre,initial,Département de Meurthe-et-Moselle,54035,NANCY CEDEX,,['Etude'],[118],non,non
20-32586,2020-03-03,2020-03-31,['54'],Prestations d'hôtellerie dans le cadre de manifestations organisées par la Ville de Nancy-.,fns,cmp2006,appeloffre,initial,Ville de Nancy,54035,NANCY,,"['Repas, traiteur']",[304],non,non
20-31387,2020-03-03,2020-04-04,"['54', '57']",Acquisition d'un magnétomètre SQUID-VSM et des prestations associées,joue,directive24,appeloffre,initial,Université de Lorraine,54505,Vandoeuvre-les-nancy,,['Laboratoire (matériel)'],[188],non,non
20-32123,2020-03-03,2020-04-10,"['55', '88', '54']","Assurances de la Responsabilité Civile (RC), Assurance de la Protection Juridique (PJ), Assurance RC et PJ des agents, Assurance de la Flotte automobile et Assurance des Dommages aux Biens",fns,cmp2006,appeloffre,initial,Ville de vaucouleurs,55140,Vaucouleurs,,['Assurance'],[20],non,non
20-32189,2020-03-03,2020-04-03,['55'],Mise aux normes des captages d'eau potable de la commune de Lacroix sur Meuse (55)-.,fns,cmp2006,appeloffre,initial,COMMUNE DE LACROIX SUR MEUSE,55300,Lacroix-sur-Meuse,,"[""Ouvrage d'infrastructure""]",[253],non,non
20-32032,2020-03-03,2020-04-02,['56'],"Extension, renouvellement et renforcement du réseau d'eau potable - Programme 2020 - Périmètre CC BLAVET BELLEVUE OCEAN",fns,cmp2006,appeloffre,initial,Eau du Morbihan,56001,VANNES,,['Alimentation en eau potable'],[6],non,non
20-31420,2020-03-03,2020-04-10,['56'],acquisition d'une benne à ordures ménagères petit gabarit,joue,directive24,appeloffre,initial,Cté d'Agglomération du Pays de Vannes,56006,Vannes,,"['Appareil élévateur', 'Benne']","[11, 34]",non,non
20-32179,2020-03-03,2020-04-02,['56'],Maintenance des ascenseurs des bâtiments de la Ville de Vannes,fns,cmp2006,appeloffre,initial,Ville de Vannes,56019,VANNES,,"['Ascenseur', 'Maintenance']","[17, 196]",non,non
20-32181,2020-03-03,2020-04-30,['57'],"CAM 02/2020 - Conception réalisation de deux unités de production d'appoint / secours gaz de 19,9 MW raccordées au réseau de chauffage urbain dont une optionnelle.",fns,cmp2006,attribution,initial,UEM,57014,Metz cedex 01,"[('2020-02-17', 'Groupement ENGIE COFELY / LCI / MARIOTTI / GTM', (2544506.32, 'EUR'), None)]",['Gaz divers'],[139],non,non
20-32107,2020-03-03,2020-04-30,['57'],CAM 02/2020 - Mise à jour des dossiers techniques amiante des bâtiments du Groupe UEM,fns,cmp2006,attribution,initial,UEM,57014,Metz cedex 01,"[('2020-02-17', 'QUALICONSULT IMMOBILIER', (45148.0, 'EUR'), None)]",['Amiante (désamiantage)'],[479],non,non
20-31433,2020-03-03,2020-05-06,"['57', '13', '71', '78', '72', '36']",Fourniture de sandales de douche au profit des élèves des lycées militaires,joue,directive24,appeloffre,initial,Plate Forme Achats Finances Nord Est,57044,Metz cedex 1,,['Chaussures ou articles chaussants'],[79],non,oui
20-32438,2020-03-03,2020-04-03,['57'],TRAVAUX DE DESTRUCTION D'UN PONT ET AMENAGEMENT D'UN NOUVEL OUVRAGE VIEILLE ROUTE DE FORBACH A PETITE-ROSSELLE,fns,cmp2006,appeloffre,initial,Mairie de Petite-rosselle,57540,PETITE-ROSSELLE,,"['Démolition', ""Ouvrage d'art""]","[87, 252]",non,non
20-32141,2020-03-03,2020-04-09,['57'],Marché no2020-03-09-005 - Accord-cadre multi-attributaire pour la réalisation de travaux d'entretien et de branchements sur réseaux en eau potable et en assainissement pour le SEAFF - année 2020-2024,fns,cmp2006,appeloffre,initial,S.I.E.A. de Fontoy-Vallée de la Fensch,57650,Fontoy,,"['Alimentation en eau potable', 'Assainissement']","[6, 18]",non,non
20-32448,2020-03-03,2020-03-26,['57'],Fourniture de produits d'entretien,fns,cmp2006,appeloffre,initial,Mairie d'Hayange,57701,Hayange,,"['Conteneur, poubelles', 'Hygiène (articles)', ""Produits d'entretien"", 'Sacs']","[71, 153, 278, 318]",non,non
20-32082,2020-03-03,2020-03-23,['57'],Ravalement de façade du choeur de l'église Notre Dame de l'Assomption à Manom,mapa,cmp2006,appeloffre,initial,COMMUNAUTE AGGLO PORTES DE FRANCE,57972,Yutz,,"['Bâtiment', 'Démolition']","[33, 87]",non,non
20-28284,2020-03-03,2020-03-27,['58'],mission assistance à maîtrise d'ouvrage pour la mise en place d'une délégation de service public des parcs de stationnement de la ville de nevers,mapa,cmp2006,appeloffre,initial,Ville de Nevers,58000,Nevers,,['Etude'],[118],non,non
20-32010,2020-03-03,2020-03-23,['58'],renouvellement conduites aep et assainissement euavenue du 14 juillet,fns,cmp2006,appeloffre,initial,Ville de Decize,58300,Decize,,['Réseaux divers'],[306],non,non
20-32070,2020-03-03,2020-03-30,['58'],renouvellement conduite aep et enfouissement réseaux secsrue de jumilhac et impasse de germancy,fns,cmp2006,appeloffre,initial,Ville de Decize,58300,Decize,,['Réseaux divers'],[306],non,non
20-32209,2020-03-03,2020-03-30,"['59', '62']",marché de prestations de nettoyage de locaux,mapa,cmp2006,appeloffre,rectificatif,Institut régional d'Administration,59040,Lille Cedex,,['Nettoyage de locaux'],[239],non,non
20-32597,2020-03-03,2020-03-27,['59'],"Réseau professionnel, avis et conseils d'experts",mapa,cmp2006,appeloffre,initial,SIED (59),59140,Dunkerque,,"['Abonnement', 'Assistance juridique']","[2, 434]",non,non
20-32328,2020-03-03,2020-04-03,['59'],élaboration d'un plan d'action de performance entre l'hotel départemental de felleries-liessies et l'agence régionale de santé hauts de france.,fns,cmp2006,attribution,initial,Centre hospitalier de Valenciennes,59322,Valenciennes,,"['Audit', 'Prestations de services']","[21, 274]",non,non
20-32578,2020-03-03,2020-05-31,['59'],Travaux d'aménagement d'un square rue Victor Hugo sur la commune,fns,cmp2006,attribution,initial,Commune d'Hautmont,59330,Hautmont,,"['Assainissement', 'Eclairage public', 'Espaces verts', 'Aire de jeux']","[18, 102, 116, 400]",non,non
20-32033,2020-03-03,2020-04-29,['59'],Prestation de nettoyage et désinfection de GRV/Bacs déchets de 660 à 770 litres du centre hospitalier de Dunkerque - 19/037 ECO,fns,cmp2006,appeloffre,initial,Centre Hospitalier de Dunkerque,59385,Dunkerque,,['Déchets non ménagers (prestations)'],[404],non,non
20-32118,2020-03-03,2020-05-04,['59'],Entretien des auvents du centre ville de Dunkerque,fns,cmp2006,attribution,initial,Ville de Dunkerque,59386,Dunkerque,,['Nettoyage urbain'],[240],non,non
20-32399,2020-03-03,2020-04-06,['59'],Accord-cadre pour la gestion des déchets municipaux,fns,cmp2006,appeloffre,initial,Commune de Maubeuge,59607,Maubeuge cedex,,"['Amiante', 'Benne', 'Collecte sélective', 'Déchets non ménagers (prestations)']","[24, 34, 82, 404]",non,non
20-31496,2020-03-03,2020-04-02,['60'],Gardiennage et surveillance des sites de l'université de technologie de Compiègne,joue,directive24,appeloffre,initial,Université de Technologie de Compiègne,60203,Compiegne,,['Gardiennage'],[138],non,non
20-32112,2020-03-03,2020-03-27,['62'],MPA-LBMT-19S0837 - Traitement des façades et remplacement de menuiseries bois au collège République de CALAIS - lot unique,fns,cmp2006,appeloffre,initial,Conseil départemental du Pas-de-Calais,62018,ARRAS CEDEX 9,,['Menuiserie'],[222],non,non
20-32549,2020-03-03,2020-03-27,['62'],Dépollution pyrotechnique aux territoires des communes de PUISIEUX / ACHIET LE PETIT,fns,cmp2006,appeloffre,initial,Conseil départemental du Pas-de-Calais,62018,ARRAS CEDEX 9,,['Dépollution'],[442],non,non
20-32232,2020-03-03,2020-03-27,['62'],Fourniture et pose de bornes de recharge pour véhicules électriques,mapa,cmp2006,appeloffre,initial,SEPD,62100,Calais,,['Equipements spécialisés'],[115],non,non
20-32526,2020-03-03,2020-04-27,['62'],complexe sportif du cosec2 ecuires- création d'une aire de stationnement,fns,cmp2006,attribution,initial,CA DES DEUX BAIES EN MONTREUILLOIS,62170,MONTREUIL SUR MER,"[('2020-02-21', 'SARL DUFFROY', (116964.4, 'EUR'), None), ('2020-02-21', 'FLANDRES ARTOIS PAYSAGES', (17613.9, 'EUR'), None)]","['Espaces verts', 'Voirie et réseaux divers']","[116, 366]",non,non
20-32117,2020-03-03,2020-03-28,"['62', '59']",Travaux de confortement d'urgence des perrés de la CCT2C.,fns,cmp2006,appeloffre,initial,COM DE COMMUNES DE LA TERRE DES 2 CAPS,62250,Marquise,,"['Digue', 'Ouvrage hydraulique']","[91, 255]",non,oui
20-32602,2020-03-03,2020-03-24,['62'],Mise aux normes du Complexe Léo Lagrange,fns,cmp2006,appeloffre,initial,Ville de Bruay-la-Buissière,62701,Bruay-la-Buissière Cedex,,"['Electricité (travaux)', 'Gros oeuvre', 'Menuiserie', 'Revêtements de sols']","[105, 144, 222, 308]",non,non
20-32420,2020-03-03,2020-04-06,['63'],OP 997 - Travaux pour l'aménagement du PC sécurité du Campus des Cézeaux,fns,cmp2006,appeloffre,annulation,UNIVERSITE CLERMONT AUVERGNE,63000,Clermont-ferrand,,['Bâtiment'],[33],non,non
20-32027,2020-03-03,2020-04-06,['63'],OP 997 - Travaux pour l'aménagement du PC sécurité du Campus des Cézeaux,fns,cmp2006,appeloffre,initial,UNIVERSITE CLERMONT AUVERGNE,63000,Clermont-ferrand,,['Bâtiment'],[33],non,non
20-32440,2020-03-03,2020-03-12,"['43', '63', '69']",RN102 - Liaison A75-Brioude - Mission de contrôles topographiques des ouvrages de franchissement et de rétablissement liés à la construction de la 2x2 voies,fns,cmp2006,appeloffre,initial,DIR REG ENVIR AMENAGEMENT LOGT AUVERGN,63033,Clermont-ferrand cedex 01,,['Contrôle technique'],[72],non,non
20-32028,2020-03-03,2020-04-30,['64'],Marché de fourniture d'une machine de placement de fibre robotisé,fns,cmp2006,appeloffre,initial,CCI de Bayonne Pays Basque,64100,Bayonne,,['Matériel de précision'],[215],non,non
20-32381,2020-03-03,2020-03-23,['64'],"Mise en oeuvre et animation des documents d'objectifs des sites Natura 2000 du "" Massif de la Rhune - Choldocogagna "" et du "" Col de Lizarrieta """,mapa,cmp2006,appeloffre,initial,CA DU PAYS BASQUE,64185,BAYONNE CEDEX,,['Etude'],[118],non,non
20-28585,2020-03-03,2020-03-25,['64'],"accord-cadre à bons de commande pour la fourniture de matériels électriques, câbles et accessoires",fns,cmp2006,appeloffre,initial,Ville de Biarritz,64202,Biarritz cedex,,['Matériel électrique'],[203],non,non
20-32064,2020-03-03,2020-04-30,['64'],Coordination et suivi administratif du projet INTERREG EKATE,fns,cmp2006,appeloffre,initial,CCI de Bayonne Pays Basque,64210,Bidart,,['Assistance technique'],[19],non,non
20-32464,2020-03-03,2020-03-28,['64'],"Travaux de mise en accessibilité des bâtiments communaux : - bureau de poste- place de la mairie- église- le Ménat, complexe sportif et culturel- l'école- l'épicerie- les vestiaires d",fns,cmp2006,appeloffre,initial,Mairie de Maslacq,64300,Maslacq,,['Bâtiment'],[33],non,non
20-32007,2020-03-03,2020-03-24,"['65', '31', '48', '46', '66', '81', '82']",dématérialisation des bulletins de salaire,fns,cmp2006,appeloffre,initial,CPAM Hautes Pyrénnées,65000,Tarbes,,"['Dématérialisation', 'Impression', 'Informatique (prestations de services)', 'Prestations de services']","[97, 160, 163, 274]",non,oui
20-32616,2020-03-03,2020-03-31,['65'],TRAVAUX DE VOIRIE GRANDE RUE A ARREAU,fns,cmp2006,appeloffre,initial,COMMUNE ARREAU,65240,ARREAU,,['Travaux de viabilité'],[353],non,non
20-32380,2020-03-03,2020-04-02,['66'],RSX-PE - RENOUVELLEMENT DES RÉSEAUX HUMIDES DE L'AVENUE ALBERT CAMUS SUR LA COMMUNE DE PERPIGNAN,fns,cmp2006,appeloffre,initial,Perpignan Méditerranée Communauté,66006,Perpignan,,['Réseaux divers'],[306],non,non
20-32204,2020-03-03,2020-04-06,['66'],Fourniture de matériel pour l'arrosage automatique,mapa,cmp2006,appeloffre,initial,Mairie Saint-Cyprien,66750,Saint-Cyprien,,['Arrosage'],[13],non,non
20-32198,2020-03-03,2020-04-07,['66'],Entretien d'espaces verts au parc de la Prade 66750 Saint-Cyprien,fns,cmp2006,appeloffre,initial,Mairie Saint-Cyprien,66750,Saint-Cyprien,,['Espaces verts'],[116],non,non
20-32405,2020-03-03,2020-05-31,['66'],Renforcement du talus du parking de la rue Gaudi,fns,cmp2006,attribution,initial,COMMUNE DE PERPIGNAN,66931,PERPIGNAN CEDEX,"[('2020-02-27', 'TRAVAUX PUBLICS 66', (62076.1, 'EUR'), None), ('2020-02-27', 'CMEVE', (13314, 'EUR'), None)]",['Enrochements'],[110],non,non
20-32049,2020-03-03,2020-03-25,['67'],Construction du nouveau centre de gestion du bas-rhin à illkirch - graffenstaden - lots 03 - 05 et 06,fns,cmp2006,appeloffre,initial,S.E.R.S.,67000,Strasbourg,,"['Bardage', 'Charpente', 'Couverture', 'Menuiserie', 'Ouvrage métallique']","[30, 57, 74, 222, 254]",non,oui
20-32182,2020-03-03,2020-05-03,['67'],Installation d'une turbine en amont du réservoir de Villé sur le banc communal de Breitenau pour la production d'hydroélectricité.,fns,cmp2006,attribution,initial,SDEA ALSACE MOSELLE,67013,Strasbourg cedex,[],"['Ouvrage hydraulique', 'Ingénierie']","[255, 455]",non,non
20-32349,2020-03-03,2020-03-28,['67'],FOURNITURE DE PETIT MATERIEL ET DE PRODUITS D'ENTRETIEN POUR LES SERVICES DE LA VILLE DE BISCHWILLER (2020 - 2022),fns,cmp2006,appeloffre,initial,Ville de Bischwiller,67241,Bischwiller cedex,,"[""Produits d'entretien""]",[278],non,oui
20-32036,2020-03-03,2020-04-03,"['67', '68', '57', '54', '81']",Le marché porte sur la mise en place de 6 abris ainsi que sur la conception de 5 équipements de valorisation du paysage 3. Lieu d'exécution : communes du Parc naturel régional des Vosges du Nord.,mapa,cmp2006,appeloffre,initial,SYCOPARC,67290,La petite pierre,,"['Abris', 'Etude', ""Maîtrise d'oeuvre""]","[1, 118, 197]",non,non
20-32367,2020-03-03,2020-03-30,['67'],"Restructuration et mise en accessibilité de la crèche parentale "" l'Ill aux enfants "" à Illkirch-Graffenstaden - 13 lots",fns,cmp2006,appeloffre,initial,Illkirch-Graffenstaden,67401,Illkirch cedex,,"[""Tous corps d'état""]",[345],non,non
20-30588,2020-03-03,2020-04-03,['67'],mission de diagnostic et repérage d'amiante et de plomb avant travaux et contrôles/mesures libératoires dans le cadre de l'opération de restructuration du collège la pierre polie à vendenheim.,mapa,cmp2006,attribution,initial,DEPARTEMENT DU BAS RHIN,67964,Strasbourg cedex 9,,['Amiante (diagnostic)'],[431],non,non
20-32281,2020-03-03,2020-04-04,['67'],RD52 entre Niederroedern et Schaffhouse-près-Seltz (ARO062)Travaux de voirie - Bas-Rhin,fns,cmp2006,attribution,initial,DEPARTEMENT DU BAS RHIN,67964,Strasbourg,"[('2020-02-28', 'COLAS EST', (822199.0, 'EUR'), None)]",['Voirie'],[365],oui,oui
20-30219,2020-03-03,2020-04-03,['67'],mission de contrôle technique pour l'opération de restructuration du collège simone veil à herrlisheim,mapa,cmp2006,appeloffre,initial,DEPARTEMENT DU BAS RHIN,67964,STRASBOURG Cedex 9,,['Ingénierie'],[455],non,non
20-32540,2020-03-03,2020-05-23,['68'],Le présent accord-cadre mono-attributaire à bons de commande concerne la réalisation de travaux de marquage au sol pour l'année 2020 sur le territoire de Saint-Louis,fns,cmp2006,appeloffre,initial,Ville de Saint-Louis,68303,Saint-louis cedex,,['Peinture (travaux)'],[264],non,non
20-32624,2020-03-03,2020-04-07,['69'],Mission de maîtrise d'oeuvre pour la démolition et la reconstruction en bâtiments modulaires de l'école maternelle Charpieu,fns,cmp2006,appeloffre,initial,Commune de DECINES-CHARPIEU,69151,DECINES-CHARPIEU,,"[""Maîtrise d'oeuvre""]",[197],non,non
20-32476,2020-03-03,2020-04-03,"['69', '42']","La consultation porte sur le maintien en condition opérationnelle des équipements réseaux, structurant le réseau d'interconnexion des villes adhérentes du SITIV",fns,cmp2006,appeloffre,initial,SYND INTERCOMMUNAL TECHNO INFORMATION,69200,Vénissieux,,"['Informatique (matériel)', 'Informatique (maintenance serveurs et réseaux)']","[162, 454]",non,non
20-32557,2020-03-03,2020-05-07,"['69', '42']",La consultation porte sur l'acquisition d'une solution complète et intégrée de gestion des cimetières et prestations de maintenance associées,fns,cmp2006,appeloffre,initial,SYND INTERCOMMUNAL TECHNO INFORMATION,69200,Vénissieux,,"['Informatique (prestations de services)', 'Logiciel']","[163, 186]",non,non
20-32479,2020-03-03,2020-04-03,"['69', '42']",La consultation porte sur la sécurisation des flux de messagerie entrant et sortant de la solution collaborative ZIMBRA exploitée par le SITIV et pour le compte de ses communes adhérentes,fns,cmp2006,appeloffre,initial,SYND INTERCOMMUNAL TECHNO INFORMATION,69200,Vénissieux,,"['Informatique (prestations de services)', 'Informatique (maintenance serveurs et réseaux)']","[163, 454]",non,non
20-32260,2020-03-03,2020-04-08,"['69', '83']",REMPLACEMENT COMPLET D'ASCENSEURSHOPITAL EDOUARD HERRIOT - HOPITAL DE LA CROIX-ROUSSE - HOPITAL DES CHARPENNES -HOPITAL RENEE SABRANOPERATION DE TRAVAUX N° 910509EQUIPEMENTS MECANIQUES (ASC,fns,cmp2006,appeloffre,initial,CHU Lyon,69373,Lyon cedex 08,,['Appareil élévateur'],[11],non,non
20-31397,2020-03-03,2020-04-03,"['38', '69', '73']",Marché d'exploitation et de maintenance multitechnique du Commissariat de Police de Bourgoin-Jallieu (38),joue,directive24,appeloffre,initial,S.G.A.P. SUD-EST,69421,Lyon cedex 03,,"['Maintenance', 'Prestations de services']","[196, 274]",non,non
20-32086,2020-03-03,2020-05-31,['69'],Réalisation de fouilles archéologiques préalables aux travaux de création des bassins de rétention et d'infiltration des eaux pluviales sur le secteur de Villardier à Meyzieu,fns,cmp2006,attribution,initial,Métropole de Lyon,69505,LYON,"[('2020-01-30', 'EVEHA', (311953.85, 'EUR'), None)]","['Terrassement', 'Fouille archéologique']","[341, 450]",non,oui
20-25223,2020-03-03,2020-05-04,['69'],"acquisition, mise en oeuvre, formations et maintenance d'une solution de gestion des actes et des instances pour la métropole de lyon",fns,cmp2006,appeloffre,initial,Métropole de Lyon,69505,Lyon cedex 03,,"['Informatique (prestations de services)', 'Progiciel', 'Informatique (assistance)']","[163, 283, 453]",non,non
20-32482,2020-03-03,2020-03-19,['69'],Aménagement d'une liaison piétonne parking Bointon/ rue de Belleville et aménagement du square André Demeure,fns,cmp2006,appeloffre,rectificatif,Ville de Villefranche-sur-saône,69653,Villefranche-sur-Saône,,"['Espaces verts', 'Mobilier urbain', 'Signalisation', 'Terrassement']","[116, 231, 322, 341]",non,oui
20-31991,2020-03-03,2020-03-23,"['69', '1', '42', '38']",Fourniture de chocolats pour les personnes âgées de la ville de Meyzieu,fns,cmp2006,appeloffre,rectificatif,COMMUNE DE MEYZIEU,69883,MEYZIEU,,['Denrées alimentaires'],[88],non,non
20-28738,2020-03-03,2020-04-10,['71'],20003ded - communauté urbaine le creusot montceau les mines - aménagement de l'eurovélo 6 et de liaisons cyclables avec les sites miniers - mission de maitrise d'oeuvre,joue,directive24,appeloffre,initial,Communauté urbaine Le Creusot Montceau,71206,Le Creusot,,"[""Maîtrise d'oeuvre""]",[197],non,non
20-32303,2020-03-03,2020-03-31,"['72', '75']",Formation à la langue anglaise destinée au personnel de l'ART (Autorité de Régulation des Transports),fns,cmp2006,appeloffre,initial,ARAFER,72019,LE MANS,,['Formation'],[410],non,non
20-32506,2020-03-03,2020-05-31,['73'],Numéro de la consultation : 19MG038 MAITRISE D'OEUVRE POUR L'AGRANDISSEMENT DU RESTAURANT SCOLAIRE DU COLLEGE JOVET A AIME,fns,cmp2006,attribution,initial,DEPARTEMENT DE LA SAVOIE,73018,CHAMBERY,,"[""Maîtrise d'oeuvre""]",[197],non,non
20-32429,2020-03-03,2020-03-27,['74'],Prestations de gardiennage et de sécurité,fns,cmp2006,appeloffre,initial,CITIA,74000,Annecy,,"[""Contrôle d'accès"", 'Gardiennage']","[81, 138]",non,non
20-32522,2020-03-03,2020-03-27,['75'],"Travaux d'aménagement des expositions "" Léon Spilliaert "" et "" Aubrey Beardsley "", prévues au musée d?Orsay du 15 juin au 13 septembre 2020",fns,cmp2006,appeloffre,initial,ETS PUB DU MUS D ORSAY MUS ORANGERIE,75007,Paris,,['Bâtiment'],[33],non,oui
20-32480,2020-03-03,2020-04-15,"['75', '92', '94', '93']",Création d'une usine de surpression ENP sur le site du réservoir de Passy - 75016 PARIS,fns,cmp2006,appeloffre,initial,EAU DE PARIS,75013,PARIS,,"['Electricité (travaux)', 'Equipement hydraulique', 'Equipement industriel', 'Fontainerie', 'Génie civil']","[105, 111, 112, 131, 141]",non,non
20-32625,2020-03-03,2020-03-23,"['75', '91', '93', '94']",Ravalement des murs d'enceinte - Couvent des Récollets (5282),mapa,cmp2006,appeloffre,initial,HENEO,75013,PARIS,,"['Démolition', 'Maçonnerie', 'Monuments historiques', 'Ravalement']","[87, 195, 236, 299]",non,oui
20-32457,2020-03-03,2020-03-26,"['75', '92']","Maintenance préventive, curative et évolutive des distributeurs automatiques de vêtements pliés et cintrés installés dans les hôpitaux de Sainte Périne-Rossini et Ambroise Paré du GHU APHP Universi..",fns,cmp2006,appeloffre,initial,Groupe Hospitalier HUPIFO,75016,Paris,,['Maintenance'],[196],non,non
20-32241,2020-03-03,2020-03-25,"['75', '76']",Sélection d'un prestataire répondant à la commande des agences d'emploi de conception et d'animation d'une formation au métier de Nettoyeur Industriel au Havre,fns,cmp2006,appeloffre,initial,AKTO,75019,Paris,,['Formation'],[410],non,non
20-32176,2020-03-03,2020-04-03,['75'],Formations relatives à des dispositifs de remise à niveau sur les savoirs fondamentaux et sur le français langue étrangère pour les personnels de l'Etablissement Public du Musée du Louvre,fns,cmp2006,attribution,initial,Musée du Louvre,75058,Paris cedex 01,,['Formation'],[410],non,non
20-32510,2020-03-03,2020-03-11,['75'],"Réalisation de campagnes d'appels téléphoniques sortants à destination des docteurs n'ayant pas répondu à l'enquête nationale sur l'insertion professionnelle des docteurs (IPDoc),",fns,cmp2006,appeloffre,rectificatif,Ministère de l'éducation nationale,75231,Paris cedex 05,,"['Sondage, enquête']",[471],non,non
20-32259,2020-03-03,2020-04-02,['75'],"Réalisation du rapport d'activité 2019 de la CRE (création, exécution, impression, façonnage, conditionnement, livraison et routage). Le rapport d'activité se déclinera sur 2 supports : un d",fns,cmp2006,attribution,initial,Commission de régulation de l'énergie,75379,Paris cedex 08,"[('2020-02-11', 'BASTILLE', (32490, 'EUR'), None)]","['Impression', 'Prestations de services']","[160, 274]",non,non
20-32156,2020-03-03,2020-04-17,['75'],Construction neuve d'un bâtiment de 3 logements et 1 local commercial au 57 rue Ménilmontant Paris 20 ème,fns,cmp2006,appeloffre,initial,ELOGIE SIEMP,75924,Paris cedex 19,,['Gros oeuvre'],[144],non,non
20-32599,2020-03-03,2020-03-17,"['14', '76']",Aéroport de Deauville Normandie - Fourniture de matériels de piste,fns,cmp2006,appeloffre,initial,CCIT SEINE ESTUAIRE,76067,Le havre cedex,,"['Outillage', 'Véhicules']","[251, 359]",non,non
20-32152,2020-03-03,2020-03-20,['76'],Abattage d'arbres à l'Espace Naturel Sensible du,mapa,cmp2006,appeloffre,initial,Département de Seine-Maritime,76101,ROUEN CEDEX,,"['Espaces verts', 'Travaux forestiers']","[116, 350]",non,oui
20-32153,2020-03-03,2020-04-06,['76'],Dépôt et ateliers réseau Astuce - Faisabilité de centrale photovoltaïque,mapa,cmp2006,appeloffre,initial,METROPOLE ROUEN NORMANDIE,76176,ROUEN,,['Etude'],[118],non,non
20-32500,2020-03-03,2020-05-31,['76'],"Travaux de peinture, revêtements muraux et sols pour les bâtiments du CCAS d'Elbeuf sur Seine",fns,cmp2006,attribution,initial,CCAS d'Elbeuf sur Seine,76500,ELBEUF SUR SEINE,,"['Cloison, faux plafond', 'Peinture (travaux)', 'Plâtrerie', 'Revêtements de sols', 'Revêtements muraux']","[63, 264, 269, 308, 309]",non,non
20-32552,2020-03-03,2020-03-31,['76'],PRESTATIONS D'ENTRETIEN DES ESPACES VERTS DE LA VILLE DE MALAUNAY,fns,cmp2006,appeloffre,initial,COMMUNE DE MALAUNAY,76770,MALAUNAY,,['Espaces verts'],[116],oui,non
20-32284,2020-03-03,2020-05-04,['76'],Mise à jour des Diagnostics Techniques Amiante et réalisation des états de conservation pour les bâtiments de l'Université de Rouen - Normandie.,mapa,cmp2006,attribution,initial,Université de Rouen,76821,Mont saint aignan,[],['Amiante (diagnostic)'],[431],non,non
20-32034,2020-03-03,2020-05-03,['76'],Création de sas PMR - Bâtiment 38 - Campus de Mont Saint Aignan,fns,cmp2006,attribution,initial,Université de Rouen,76821,Mont saint aignan,"[('2020-02-21', 'AVA Aluminium Verre Acier', (198742.25, 'EUR'), None)]",['Menuiserie'],[222],non,non
20-32538,2020-03-03,2020-03-24,['77'],REAMENAGEMENT DES BANQUES D'ACCUEIL A L'ASTROLABE,mapa,cmp2006,appeloffre,initial,COMMUNE MELUN,77011,Melun cedex,,"['Electricité (travaux)', 'Gros oeuvre', 'Maçonnerie']","[105, 144, 195]",non,non
20-32547,2020-03-03,2020-05-26,['77'],Travaux pour le réaménagement de la grande aire de jeux dans le parc de Noisiel,fns,cmp2006,appeloffre,initial,PARIS VALLEE DE LA MARNE,77207,Marne la vallee cedex 1,,"['Espaces verts', 'Mobilier urbain', 'Terrassement', 'Aire de jeux']","[116, 231, 341, 400]",non,oui
20-32298,2020-03-03,2020-03-20,['77'],REFECTION DES ENROBES SUR DIVERS SITES,fns,cmp2006,appeloffre,initial,Ville de La Ferté-sous-Jouarre,77260,La Ferté-sous-Jouarre,,['Voirie'],[365],non,non
20-32220,2020-03-03,2020-03-17,['77'],mise en place et exploitation d'une déchetterie mobile incluant le transport et le traitement des déchets,fns,cmp2006,attribution,initial,SIETREM,77400,Saint-Thibault-des-Vignes,"[('2020-03-02', 'AUBINE', (32098.65, 'EUR'), None)]","['Location (matériels)', 'Mise à disposition de personnel']","[185, 461]",non,non
20-32257,2020-03-03,2020-03-17,['77'],Mise en place et l'exploitation d'une déchetterie mobile incluant le transport et le traitement des déchets sur le territoire du SIETREM,fns,cmp2006,attribution,initial,SIETREM,77400,Saint-thibault-des-vignes,"[('2020-03-02', 'AUBINE', (32098.65, 'EUR'), None)]",['Déchetterie (exploitation)'],[405],non,non
20-32253,2020-03-03,2020-04-02,['77'],Prestations d'assistance judiciaire et juridique.,fns,cmp2006,appeloffre,initial,C.S.T.B.,77420,champs sur marne,,['Assistance juridique'],[434],non,non
20-32125,2020-03-03,2020-05-12,['77'],Rénovation TCE Ecole Elémentaire Jacques Prévert,fns,cmp2006,attribution,initial,Ville de Trilport,77470,Trilport,,['Bâtiment'],[33],non,non
20-32134,2020-03-03,2020-05-12,['77'],Restructuration de l'école élémentaire Jacques Prévert,fns,cmp2006,attribution,initial,Ville de Trilport,77470,Trilport,,['Plomberie (travaux)'],[270],non,non
20-32377,2020-03-03,2020-03-30,['78'],"Tierce Maintenance Applicative, formations et prestations d'assistance pour Microsoft SharePoint",fns,cmp2006,appeloffre,initial,Ville de Versailles,78000,Versailles,,['Maintenance'],[196],non,non
20-32579,2020-03-03,2020-04-01,['78'],"Fourniture d'un coffre-fort électronique avec prestations associées (hébergement, paramétrage, formation, assistance et maintenance, déploiement d'outils statistiques, ...)",fns,cmp2006,appeloffre,initial,CTRE INTERDEPARTEMENTAL GEST GDE COURO,78008,Versailles,,['Informatique (prestations de services)'],[163],non,non
20-32554,2020-03-03,2020-03-26,['78'],Prestations de prévisions météorologiques pour l'EPI Yvelines/ Hauts-de-Seine,fns,cmp2006,appeloffre,initial,Conseil départemental des Yvelines,78012,VERSAILLES,,['Prestations de services'],[274],non,non
20-31434,2020-03-03,2020-04-16,['78'],Nettoyage des locaux des organismes rattachés au GS de Montlhéry,joue,directive24,appeloffre,initial,MINDEF/EMA/SCA/PFAF-IDF,78102,Saint-Germain-en-Laye Cedex,,"['Nettoyage de locaux', 'Prestations de services']","[239, 274]",oui,oui
20-32282,2020-03-03,2020-05-31,['78'],"Acquisition d'équipement technique, son et lumière pour la ville de Mantes la jolie",fns,cmp2006,attribution,initial,Commune de Mantes la Jolie,78200,Mantes la jolie,"[('2019-12-12', 'S2SOUND', (46310.5, 'EUR'), None), ('2019-12-12', 'S2SOUND', (44412.4, 'EUR'), None)]",['Matériel scénique'],[216],non,non
20-32035,2020-03-03,2020-03-26,['78'],TRAVAUX DE CONSTRUCTION D'UNE SALLE POLYVALENTE - le marché comporte 9 lots,fns,cmp2006,appeloffre,rectificatif,Ville de Perray-en-Yvelines,78610,LE PERRAY EN YVELINES,,['Bâtiment'],[33],non,non
20-32249,2020-03-03,2020-05-31,['78'],Mission d'Ordonnancement - Pilotage - Coordination (OPC)Relative à la réalisation d'une maison de santé pluridisciplinaire,mapa,cmp2006,attribution,initial,commune de Mantes la Ville,78711,MANTES LA VILLE,,"['Prestations de services', 'Ingénierie']","[274, 455]",non,non
20-32587,2020-03-03,2020-04-30,"['79', '16', '17', '44', '86']",La présente consultation a pour objet la passation d'un marché concernant la réalisation d'une étude relative aux systèmes d'assainissement collectifs des eaux usées de Pelle-Chat et de,fns,cmp2006,appeloffre,initial,Communauté d'agglomération du Niortais,79027,Niort cedex,,['Assainissement'],[18],non,non
20-32273,2020-03-03,2020-04-04,['80'],Acquisition d'une machine de marquage routier neuve par le Département de la Somme.,fns,cmp2006,attribution,initial,Conseil Départemental de la Somme,80026,Amiens,"[('2020-02-14', 'EUROLINERS', (199370.0, 'EUR'), None)]",['Matériel de travaux publics'],[220],non,non
20-32146,2020-03-03,2020-03-24,"['80', '2', '59', '60', '62']",Réfection des peintures de cages d'escaliers dans divers groupes à Abbeville,fns,cmp2006,appeloffre,initial,Baie de Somme Habitat,80102,Abbeville cedex,,['Peinture (travaux)'],[264],non,non
20-30254,2020-03-03,2020-04-03,"['80', '76']",Maitrise d'oeuvre relative à la restauration de l'église communale,mapa,cmp2006,appeloffre,initial,COMMUNE,80350,Mers les bains,,"[""Maîtrise d'oeuvre""]",[197],non,non
20-32297,2020-03-03,2020-04-03,"['80', '2', '60', '59', '62']",Mise en oeuvre d'une solution technique pour les CEGIDD des hauts de france,mapa,cmp2006,appeloffre,initial,GIP SANT&NUMERIQUE HAUTS DE FRANCE,80450,Camon,,"['Logiciel', 'Prestations de services', 'Informatique (assistance)']","[186, 274, 453]",non,non
20-32247,2020-03-03,2020-05-31,['82'],Traitement des déchets réceptionnés en déchetterie : bois catégorie A et B (bois traités et bois non traités),fns,cmp2006,attribution,initial,Grand Sud Tarn-et-Garonne,82370,LABASTIDE SAINT PIERRE,,['Déchetterie (exploitation)'],[405],non,non
20-32575,2020-03-03,2020-03-25,['83'],Fourniture de matériels informatiques,fns,cmp2006,appeloffre,initial,Toulon Var Technologies (TVT),83000,Toulon,,['Informatique (matériel)'],[162],non,non
20-31462,2020-03-03,2020-05-30,['83'],"Numéro de la consultation : 19039 Accord cadre de travaux sur pistes, plages, fossés et écoulements pluviaux",joue,directive24,attribution,initial,COMMUNE DE LA LONDE LES MAURES,83250,La Londe Les Maures,"[('2020-02-21', 'Spada Tp', (1839335, 'EUR'), None)]",['Terrassement'],[341],non,non
20-32541,2020-03-03,2020-04-02,['83'],Construction local toilettes Ecole Publique,mapa,cmp2006,appeloffre,initial,ville de Seillans,83440,Seillans,,"['Bâtiment', 'Carrelage', 'Electricité (travaux)', 'Menuiserie', 'Plomberie (travaux)']","[33, 53, 105, 222, 270]",non,non
20-32145,2020-03-03,2020-03-15,['84'],approvisionnement en denrées alimentaires et assistance technique,mapa,cmp2006,attribution,initial,EHPAD JEHAN RIPPERT,84490,Saint Saturnin les Apt,,"['Assistance technique', 'Boisson', 'Restauration collective', 'Denrées alimentaires']","[19, 39, 66, 88]",non,non
20-32542,2020-03-03,2020-04-07,"['84', '30']",RELEVES TOPOGRAPHIQUES POUR LE P+R AGROPARC,fns,cmp2006,appeloffre,initial,TECELYS,84918,Avignon Cedex 9,,['Topographie'],[344],non,non
20-32461,2020-03-03,2020-04-07,"['84', '30']",CAMPAGNE DE RECONNAISSANCE GEOTECHNIQUE POUR LE P+R AGROPARC,fns,cmp2006,appeloffre,initial,TECELYS,84918,Avignon Cedex 9,,['Sondage'],[323],non,non
20-32105,2020-03-03,2020-04-02,['85'],opération la malboire : mission de conseils juridiques,mapa,cmp2006,appeloffre,initial,LA ROCHE-SUR-YON AGGLOMERATION,85000,La Roche-sur-Yon,,['Assistance juridique'],[434],non,non
20-32365,2020-03-03,2020-03-25,['85'],"Le GIE des EPL de Vendée, la SAEML Vendée Expansion et le Conseil d'Architecture, d'Urbanisme et de l'Environnement (CAUE) de la Vendée ont constitué un groupement de commande en vue d&",fns,cmp2006,appeloffre,initial,GIE des EPL de Vendée,85005,La roche sur yon cedex,,['Informatique (matériel)'],[162],non,non
20-32076,2020-03-03,2020-03-24,['85'],Vérifications périodiques et maintenances de différents matériels pour le Laboratoire de l'Environnement et de l'Alimentation de la Vendée,fns,cmp2006,appeloffre,initial,DEPARTEMENT DE VENDEE,85021,La Roche sur Yon,,['Maintenance'],[196],non,non
20-32527,2020-03-03,2020-03-24,['86'],Fourniture et livraison de sacs de pré-collecte du verre et d'emballages et papiers en mélange,mapa,cmp2006,appeloffre,initial,SIMER de Montmorillon,86501,Montmorillon,,['Sacs'],[318],non,non
20-32280,2020-03-03,2020-03-27,['87'],Collège de Nantiat - Travaux de réfection de la plonge,fns,cmp2006,appeloffre,initial,Conseil Départemental Haute-Vienne,87031,LIMOGES,,"['Carrelage', 'Cuisine (équipement)', 'Démolition', 'Electricité (travaux)', 'Gros oeuvre', 'Peinture (travaux)', 'Plâtrerie', 'Plomberie (travaux)', 'Revêtements de sols', ""Tous corps d'état""]","[53, 77, 87, 105, 144, 264, 269, 270, 308, 345]",non,non
20-32596,2020-03-03,2020-05-03,['88'],délégation du service public de l'assainissement collectif,dsp,dsp,attribution,initial,CA D EPINAL,88190,Golbey,"[('2020-03-03', 'VEOLIA Eau-Compagnie Générale des Eaux ', (1155203, 'EUR'), None)]","['Assainissement', 'Délégation de service public']","[18, 406]",non,non
20-32531,2020-03-03,2020-04-04,['89'],Travaux de désamiantage des dalles de sols et remplacement des revêtements de sol à l'école Aristide Briand de Sens,fns,cmp2006,appeloffre,initial,Ville de Sens,89100,Sens,,['Amiante (désamiantage)'],[479],non,non
20-32143,2020-03-03,2020-03-31,['90'],Maîtrise d'oeuvre pour la restauration et l'entretien des remparts de la Citadelle,mapa,cmp2006,appeloffre,initial,Ville de Belfort,90020,BELFORT,,"[""Maîtrise d'oeuvre""]",[197],non,non
20-32343,2020-03-03,2020-03-27,['90'],Relevés de bâtiments municipaux à Belfort,fns,cmp2006,appeloffre,initial,Ville de Belfort,90020,BELFORT CEDEX,,['Bâtiment'],[33],non,non
20-32201,2020-03-03,2020-04-01,['91'],TRAVAUX DE REMPLACEMENT DES INSTALLATIONS THERMIQUES DANS 9 COLLEGES DU DEPARTEMENT DE L'ESSONNE - 2 LOTS,fns,cmp2006,appeloffre,initial,Conseil général de l'Essonne,91012,Evry courcouronnes cedex,,['Chauffage (travaux)'],[61],oui,non
20-32446,2020-03-03,2020-03-24,['91'],TRAVAUX DE REMPLACEMENT DES RÉSEAUX DE DISTRIBUTION SUR LES INSTALLATIONS THERMIQUES DES COLLÈGES ET AUTRES BÂTIMENTS,fns,cmp2006,appeloffre,initial,Conseil général de l'Essonne,91012,Evry courcouronnes cedex,,['Chauffage (travaux)'],[61],non,non
20-32313,2020-03-03,2020-05-31,['91'],Maintenance préventive et corrective des portes et portails électriques,fns,cmp2006,attribution,initial,COMMUNE DE MASSY,91300,Massy,"[('2020-02-13', 'IMPAIROUSSOT', (152003.72, 'EUR'), None)]","['Porte automatique, portail']",[412],non,non
20-32314,2020-03-03,2020-05-31,['91'],"Maintenance "" full service "" des balayeuses de la ville de Massy",fns,cmp2006,attribution,initial,COMMUNE DE MASSY,91300,Massy,"[('2020-02-12', 'SAS LEMONNIER', (218400, 'EUR'), None)]",['Maintenance'],[196],non,non
20-32497,2020-03-03,2020-03-26,['91'],Collecte des dépôts sauvages,fns,cmp2006,appeloffre,initial,Ville d'Orsay,91401,Orsay cedex,,['Déchets non ménagers (prestations)'],[404],oui,oui
20-32169,2020-03-03,2020-05-31,['91'],Numéro de la consultation : 2019-35 tude de programmation pour la réalisation d'un Centre Culturel Communautaire à Vigneux sur Seine,fns,cmp2006,attribution,initial,CA VAL D'YERRES VAL DE SEINE,91805,BRUNOY,"[('2020-02-26', 'Culture partagée', (32196.62, 'EUR'), None)]",['Etude'],[118],non,non
20-32172,2020-03-03,2020-05-31,['91'],Numéro de la consultation : 2019-39 Travaux d'aménagement pour l'installation d'une bibliothèque à Boussy Saint Antoine,fns,cmp2006,attribution,initial,CA VAL D YERRES VAL DE SEINE,91805,BRUNOY,"[('2020-01-21', 'Megal', (122489.8, 'EUR'), None)]","['Bâtiment', ""Tous corps d'état""]","[33, 345]",non,non
20-32109,2020-03-03,2020-03-31,['91'],Nettoyage de linges divers pour la ville des Ulis,fns,cmp2006,appeloffre,initial,Ville des Ulis,91940,Les ulis,,['Blanchissage'],[36],non,oui
20-32580,2020-03-03,2020-05-03,['91'],"Fourniture, livraison en remplacement et pose d'armoires pour Déchets Ménagers Spéciaux sur les Centres Techniques Municipaux du SIOM de la Vallée de Chevreuse",fns,cmp2006,attribution,initial,SIOM de la Vallée de Chevreuse,91978,Courtaboeuf cedex,"[('2020-01-30', 'AGEC', (125000, 'EUR'), None)]","['Conteneur, poubelles']",[71],non,non
20-32213,2020-03-03,2020-05-25,['92'],La présente consultation a pour objet l'acquisition de livres pour les établissements scolaires du premier degré.,fns,cmp2006,appeloffre,initial,COMMUNE DE SURESNES,92151,Suresnes,,"['Articles de bureau et articles scolaires', 'Cd, DVD', 'Livres', 'Matériel didactique', 'Papeterie']","[16, 45, 184, 202, 262]",non,non
20-32122,2020-03-03,2020-05-05,['92'],AMO Concession cinéma,mapa,cmp2006,attribution,initial,Ville de La Garenne-Colombes,92250,La garenne-colombes,,"[""Assistance à maîtrise d'ouvrage""]",[433],non,non
20-32157,2020-03-03,2020-04-02,['92'],ACCORD-CADRE RELATIF A LA REALISATION DE PRESTATIONS DE MANDAT DE COMMISSAIRES AUX COMPTES POUR LES EXERCICES COMPTABLES 2020-2025 POUR LA LEVAPARC,fns,cmp2006,appeloffre,initial,LEVAPARC,92300,LEVALLOIS PERRET,,['Prestations de services'],[274],non,non
20-32551,2020-03-03,2020-05-05,['92'],prestation de services d'assistance à maîtrise d'ouvrage pour le développement d'une application de gestion du processus de recrutement et suivi des assistants de français et internationaux.,mapa,cmp2006,attribution,initial,Ctre International Etudes Pédagogiques,92310,Sèvres,,"['Informatique (prestations de services)', ""Assistance à maîtrise d'ouvrage""]","[163, 433]",non,non
20-32544,2020-03-03,2020-05-05,['92'],veille et de gestion documentaire au centre de ressources et d'ingénierie documentaires (crid) du CIEP à Sèvres,mapa,cmp2006,attribution,initial,Ctre International Etudes Pédagogiques,92318,Sèvres cedex,,['Prestations de services'],[274],non,non
20-32008,2020-03-03,2020-05-23,['92'],"Réalisation de travaux d'isolation des façades, d'isolation et d'étanchéité des toitures, et des travaux de changement des systèmes VMC dans le cadre de la rénovation notamment énergéti",fns,cmp2006,appeloffre,rectificatif,OFFICE PUB DE L HABITAT MAIRIE PUTEAUX,92800,Puteaux,,['Etanchéité'],[117],oui,oui
20-24964,2020-03-03,2020-04-06,['93'],Evolution capacitaire de la salle HD recouvrement du site de Feyzin,fns,cmp2006,appeloffre,initial,ACOSS,93100,Montreuil,,"['Climatisation', 'Electricité (travaux)']","[62, 105]",non,non
20-32433,2020-03-03,2020-04-05,['93'],"Prestations d'assistance, de consultation juridique et de représentation devant la Cour de cassation et le Conseil d'Etat pour le compte des organismes de la Sécurité sociale.",fns,cmp2006,attribution,initial,UCANSS,93100,Montreuil,,['Assistance juridique'],[434],non,non
20-32553,2020-03-03,2020-03-20,['93'],Accord-cadre pour l'acquisition de bornes de paiement en carte bancaire,fns,cmp2006,attribution,initial,OPH Plaine Commune Habitat,93200,Saint-Denis,,['Matériel électronique'],[204],non,non
20-25248,2020-03-03,2020-05-02,['93'],assistance à maîtrise d'ouvrage : aide à l'installation d'un projet de pépinière de plantes sauvages locales,mapa,cmp2006,attribution,initial,Commune de Sevran,93270,Sevran,,"[""Assistance à maîtrise d'ouvrage""]",[433],non,non
20-25251,2020-03-03,2020-05-02,['93'],"fourniture et livraison de changes complets (couches), et de culottes pour la ville de sevran",mapa,cmp2006,attribution,initial,Commune de Sevran,93270,Sevran,,['Couches'],[73],non,non
20-32589,2020-03-03,2020-04-02,"['93', '75']",Mission de Programmation dans le cadre de la restructuration du bâtiment Romain Rolland situé à Saint Denis de l'EPS Ville EvrardLa présente consultation consiste en la définition des besoins de,fns,cmp2006,appeloffre,initial,ETS PUBLIC DE SANTE DE VILLE EVRARD,93332,Neuilly-sur-marne cedex,,"[""Assistance à maîtrise d'ouvrage""]",[433],non,non
20-32053,2020-03-03,2020-04-03,"['93', '77']",Marché de prestations de services relatives la maintenance préventive et corrective des équipements et installations de l'EPS DE VILLE-EVRARD- INTRA ET EXTRA MUROS. La présente consultation est,fns,cmp2006,appeloffre,initial,ETS PUBLIC DE SANTE DE VILLE EVRARD,93332,Neuilly-sur-marne cedex,,['Maintenance'],[196],non,non
20-32372,2020-03-03,2020-03-31,['93'],Travaux de création d'un parking à l'angle des rues Notre Dame des Anges et Général De Gaulle,fns,cmp2006,appeloffre,initial,COMMUNE DE MONTFERMEIL,93370,Montfermeil,,['Voirie et réseaux divers'],[366],non,non
20-32582,2020-03-03,2020-05-02,['94'],"Fourniture de prestations de maintenances préventive et corrective, de prestations de contrôle et d'analyses de potabilité des fontaines réfrigérantes, incluant les pièces détachées, destinés aux",fns,cmp2006,appeloffre,initial,ASSISTANCE PUBLIQUE HOPITAUX DE PARIS,94010,Créteil cedex,,['Fontaine'],[449],non,non
20-32255,2020-03-03,2020-04-15,"['78', '94', '91', '77', '95']",Le présent marché a pour objet la réalisation de travaux électriques pour le déploiement de nouveaux équipements dans l'ensemble des cellules du Centre Pénitentiaire de Bois d'Arcy dans le c,fns,cmp2006,appeloffre,initial,DIR INTERREGIONALE SCES PENITENTIAIRES,94267,Fresnes cedex,,['Matériel de téléphonie'],[339],non,non
20-32428,2020-03-03,2020-04-24,['94'],Rénovation des espaces verts et de l'arrosage automatique du terre plein central de l'avenue du Général Leclerc - Phase 2,fns,cmp2006,appeloffre,initial,COMMUNE DE MAISONS ALFORT,94700,Maisons-alfort,,['Espaces verts'],[116],oui,oui
20-32057,2020-03-03,2020-04-06,['95'],"Maintenance de la maison à feux (MAF) et maintenance des caissons d'observation, d'entrainement et de lutte contre les phénomènes thermiques (COELPT) du service départemental d'incendie",fns,cmp2006,appeloffre,rectificatif,SCE DEPARTEMENTAL INCENDIE ET SECOURS,95000,Neuville sur oise,,['Maintenance'],[196],non,non
20-32636,2020-03-03,2020-03-20,['95'],Accord-cadre mono-attributaire relatif à des prestations d'études géotechniques pour le plan pluriannuel de renouvellement de canalisation d'eau potable du SIECCAO,fns,cmp2006,appeloffre,initial,SIECCAO,95270,Asnières-sur-Oise,,['Etude'],[118],non,non
20-32513,2020-03-03,2020-03-23,['95'],Travaux d'installation de systèmes d'arrosage automatique sur la Commune,fns,cmp2006,appeloffre,initial,COMMUNE DE MONTIGNY LES CORMEILLES,95370,Montigny-lès-cormeilles,,"['Espaces verts', 'Irrigation']","[116, 168]",non,non
20-32585,2020-03-03,2020-04-14,['95'],Maîtrise d'oeuvre de travaux sur les réseaux d'assainissement et de réhabilitation de la station d'épuration à Banthelu,mapa,cmp2006,appeloffre,initial,MAIRIE DE BANTHELU,95420,BANTHELU,,"['Assainissement', ""Maîtrise d'oeuvre""]","[18, 197]",non,non
20-32574,2020-03-03,2020-05-31,['95'],ETUDE TRAFIC dans le cadre du projet de Zone d'Activité sur le secteur 1AUX2 du PLU à COMPANS,mapa,cmp2006,attribution,initial,COMMUNAUTE D AGL ROISSY PAYS DE FRANCE,95700,ROISSY EN FRANCE,,['Etude'],[118],non,non
20-32647,2020-03-03,2020-04-03,['978'],Travaux de plomberie sanitaire et d'installation d'un réseau de gaz au Lycée Polyvalent des Iles du Nord.,fns,cmp2006,appeloffre,initial,Collectivité de Saint Martin,97054,Saint-Martin Cedex,,"['Canalisations', 'Curage', 'Gaz divers', 'Plomberie (travaux)']","[48, 78, 139, 270]",non,oui
20-32637,2020-03-03,2020-04-02,['971'],PRESTATIONS D'HEBERGEMENT EXTERNALISE DE SERVEURS DEDIES DESTINES AUX SITES INTERNER-EXTRANET ET AU STOCKAGE SECURISE DE DONNEES,fns,cmp2006,attribution,initial,Conseil Départemental de la Guadeloupe,97100,BASSE TERRE,,['Site internet'],[171],non,non
20-32274,2020-03-03,2020-03-29,['971'],Transport routier des déchets ménagers en provenance des communes de Terre de Bas et de Terre de Haut vers les centres de traitement en Guadeloupe continentale.,fns,cmp2006,attribution,initial,CA Sud Basse-Terre,97100,Basse-Terre,"[('2020-02-27', 'GUADELOUPE PROPRETE SARL', (200000, 'EUR'), None)]",['Ordures ménagères (prestations)'],[249],non,non
20-32283,2020-03-03,2020-03-10,['972'],etude préliminaire pour l'évaluation environnementale des aménagements programmes dans le cadre de l'espace d'aménagements touristique pointe marin (étude au cas par cas globale) (rectificatif),fns,cmp2006,appeloffre,rectificatif,COLLECTIVITE TERRITORIALE MARTINIQUE,97200,fort de france,,['Etude'],[118],non,non
20-32437,2020-03-03,2020-03-16,['972'],Elaboration dossier règlementaire (code de l'environnement) pour travaux réhabilitation et mise en conformité parasismique UPEP capot Basse pointe lorrain (rectificatif),fns,cmp2006,appeloffre,rectificatif,COLLECTIVITE TERRITORIALE MARTINIQUE,97200,fort de france,,['Etude'],[118],non,non
20-32387,2020-03-03,2020-03-13,"['973', '971', '972']",MISSION OPC RELATIVE A LA CONSTRUCTION DU GROUPE SCOLAIRE SABA,fns,cmp2006,appeloffre,rectificatif,COMMUNE DE KOUROU,97310,Kourou,,"[""Mission d'ordonnancement, pilotage, coordination (OPC)""]",[234],non,non
20-31989,2020-03-03,2020-04-02,['974'],Le titulaire aura à reprendre le site internet déjà existant du NPRU Centre-ville. L'objectif sera de réaliser un site internet dynamique sur le NPRU au service de la population mais aussi pour l,fns,cmp2006,appeloffre,initial,Ville de Saint André (974),97440,Saint André,,['Logiciel'],[186],non,non
20-4460,2020-03-03,2020-04-23,['974'],"acquisition de vehicules, de motos, de poids lourds et d'engins (2ème procédure) / lots no10, 11, 13 et 17",joue,directive24,appeloffre,initial,Commune de Saint-Pierre,97448,SAINT-PIERRE CEDEX,,['Véhicules (acquisition)'],[475],non,non
20-31374,2020-03-03,2020-03-28,['976'],"ACHAT ET LIVRAISON DES PRODUITS LUBRIFIANTS, PETROLIERS ET LIQUIDE REFRIGERANTS POUR LES BESOINS DES SERVICES DU DEPARTEMENT DE MAYOTTE, STM ET PARC DE LA DEAL.",joue,directive24,attribution,initial,Département de Mayotte,97600,Mamoudzou,"[('2019-12-18', 'Total Mayotte', (165922, 'EUR'), 'Ravitaillement véhicules du Conseil Départemental.'), ('2019-12-18', 'TOTAL MAYOTTE', (34000, 'EUR'), 'ravitaillements véhicules travaux de la DEAL'), ('2019-12-18', 'TOTAL MAYOTTE', (11320922, 'EUR'), 'Ravitaillement STM')]","['Carburant, hydrocarbure', 'Lubrifiants']","[52, 187]",non,non
20-32090,2020-03-03,2020-04-02,['976'],TRAVAUX DE RENFORCEMENT ET DE RÉHABILITATION DES RÉSEAUX D'EAUX PLUVIALES DE LA COMMUNE DE SADA,fns,cmp2006,attribution,initial,COMMUNE DE SADA,97640,sada,[],"[""Travaux dans l'eau""]",[349],non,non
20-31376,2020-03-03,2020-03-22,['976'],"FOURNITURE ET LIVRAISON DE PRODUITS D'ENTRETIENS POUR LE GROUPEMENT DE COMMANDE DE SADA (VILLE, CCAS, CDE)",joue,directive24,attribution,initial,COMMUNE DE SADA,97640,SADA,,"[""Produits d'entretien""]",[278],non,non
20-31375,2020-03-03,2020-09-02,['974'],"services de télécommunications fixes, mobiles, réseaux vpn et accès internet pour la communauté d'agglomération du sud",joue,directive24,attribution,initial,Communauté d'Agglomération du Sud,97838,Le Tampon Cedex,"[('2019-12-26', 'IDOM TECHNOLOGIES SAS', (200000, 'EUR'), 'Intitulé : Service Fixe : Abonnements, services et communications tous sites confondus'), ('2019-12-26', 'ORANGE AGENCE ENTREPRISES REUNION MAYOTTE', (160000, 'EUR'), 'Service Mobile: Abonnements, matériels, services et communications'), ('2019-12-26', 'ZEOP SAS', (280000, 'EUR'), 'Intitulé : Service VPN / Internet Principal: Abonnements et services')]",['Télécommunications'],[338],non,non
20-27961,2020-03-03,2020-05-02,['34'],"achat de multifonctions, imprimantes réseau avec contrats de maintenance",joue,directive24,attribution,initial,Ville de Montpellier,,Montpellier cedex 2,"[('2020-02-18', 'FAC SIMILE GRAND SUD', (1240517, 'EUR'), 'MULTIFONCTIONS'), ('2020-02-18', 'KONICA MINOLTA', (178320, 'EUR'), 'IMPRIMANTES RESEAU')]","['Consommables informatiques', 'Informatique (matériel)']","[68, 162]",non,non
20-31474,2020-03-03,2020-04-02,['44'],étude géotechnique sur l'ancienne décharge de la prairie de mauves - nantes (44),joue,directive24,appeloffre,initial,Nantes Métropole,,Nantes cedex 9,,['Etude'],[118],non,non
