a00_cle_idweb,g04_01_date_publication,g04_03_date_fin_diffusion,g04_07_dep_publication,g04_09_resume_objet,g01_02_01_famille,g01_02_02_perimetre,g01_02_03_nature,g01_02_04_statut,d01_01_denomination,d01_07_cp,d01_08_ville,d08_09_decision_titulaireandRENSEIGNEMENT,g04_052_descripteurs_libelles,g04_051_descripteurs_codes,g04_061_criteres_sociaux,g04_062_criteres_environnementaux
20-113627,2020-09-20,2020-11-20,"['1', '69']",mission de maîtrise d'oeuvre relative aux travaux de réaménagement du secteur du pont de lyon,joue,directive24,attribution,initial,Ville de Bourg-en-Bresse,01000,Bourg-en-Bresse,,"[""Maîtrise d'oeuvre""]",[197],non,non
20-112356,2020-09-20,2020-11-08,"['1', '69']","exploitation et maintenance des installations de chauffage, ventilation et climatisation des bâtiments communaux",joue,directive24,appeloffre,initial,Ville de Bourg-en-Bresse,01000,Bourg-en-Bresse,,"['Chauffage (exploitation, entretien)', 'Climatisation', 'Ventilation']","[59, 62, 360]",non,oui
20-114319,2020-09-20,2020-11-17,['1'],Fourniture de carburants pour les besoins de la Communauté d'Agglomération du Bassin de Bourg-en-Bresse,joue,directive24,attribution,initial,CA du Bassin de Bourg en Bresse,01000,BOURG EN BRESSE,"[('2020-09-16', 'TOTAL MARKETING FRANCE', (1240000.0, 'EUR'), ""Fourniture de carburants en station-service par cartes accréditives multi-enseignes pour l'approvisionnement des véhicules, poids-lourds et matériels divers de la collectivité""), ('2020-09-16', 'LA COMPAGNIE DES CARTES CARBURANTS', (48000.0, 'EUR'), ""Fourniture de carburants en station-service pour l'approvisionnement des véhicules et poids-lourds de l'antenne de Saint-Trivier-de-Courtes (01560)""), ('2020-09-16', 'DYNEFF SAS', (172000.0, 'EUR'), 'Fourniture et livraison de carburants sur le site de la base de loisirs de la Plaine Tonique à Malafretaz (01340)')]","['Carburant, hydrocarbure']",[52],non,non
20-114555,2020-09-20,2020-10-20,"['1', '38', '69', '42', '73']",Fourniture et acheminement d'électricité et services associés,joue,directive24,appeloffre,initial,CTE DE COMMUNES DE LA PLAINE DE L AIN,01150,Chazey sur ain,,"['Electricité, gaz (fourniture)']",[443],non,non
19-181441,2020-09-20,2020-10-04,['1'],maîtrise d'oeuvre pour l'amélioration de la qualité d'accueil du camping de la base de loisirs (entrée de la base et restaurant),mapa,cmp2006,attribution,initial,CC DE LA VEYLE,01290,Pont-de-veyle,,"[""Maîtrise d'oeuvre"", ""Mission d'ordonnancement, pilotage, coordination (OPC)""]","[197, 234]",non,non
20-114773,2020-09-20,2020-10-19,['5'],Mise A Disposition De Deux Engins De Damage Standard Pour Les Stations De Ski Alpin Du Queyras,joue,directive24,appeloffre,initial,Syndicat mixte des stations Queyras,05008,Gap,,['Véhicules (location)'],[474],non,non
20-114541,2020-09-20,2020-11-13,['5'],Placement et gestion d'un programme d'assurance pour les besoins de la Commune de Réallon,joue,directive24,appeloffre,initial,COMMUNE DE REALLON,05160,Reallon,,['Assurance'],[20],non,non
20-114719,2020-09-20,2020-10-09,['6'],PRESTATIONS DE MISE A JOUR ET CREATION DE PLANS DU RESEAU LIGNES D'AZUR,joue,directive25,appeloffre,initial,Régie Ligne d'Azur,06100,NICE,,['Prestations de services'],[274],non,non
20-112909,2020-09-20,2020-10-18,['6'],Location-entretien et fourniture de vêtements de travail et EPI pour les services municipaux et le CCAS,joue,directive24,attribution,initial,COMMUNE DE ROQUEBRUNE CAP MARTIN,06190,Roquebrune cap martin,"[('2020-09-14', 'MAJ ELIS', (280000, 'EUR'), 'Location-entretien de vêtements standards et EPI pour les services techniques, le service Restauration et le Foyer restaurant'), ('2020-09-14', 'SEISE', (40000, 'EUR'), 'Vêtements de travail standards et chaussures pour les services techniques et le service des sports'), ('2020-09-14', 'SEISE', (28000, 'EUR'), 'Vêtements de travail standards et chaussures pour les services Petite Enfance, scolaire, entretien, restauration et foyer restaurant'), ('2020-09-14', 'SEISE', (28000, 'EUR'), 'Equipements de protection individuelle'), ('2020-09-14', 'RIVOLIER', (60000, 'EUR'), 'Vêtements de travail et chaussures pour la polie municipale et les ASVP')]",['Habillement'],[150],non,non
20-114337,2020-09-20,2020-10-17,['6'],Fourniture de matériels d'entretien pour Côte d'Azur Habitat,joue,directive24,attribution,initial,Côte d'Azur Habitat,06200,Nice,"[('2020-09-15', 'REMA MEDITERRANEE', (320000, 'EUR'), ""Fourniture de matériels d'entretien pour le siège, les agences et régies de Côte d'Azur Habitat"")]",['Nettoyage de locaux'],[239],non,non
20-114480,2020-09-20,2020-10-18,['6'],Travaux de remplacement de portes palières sur le patrimoine de Côte d'Azur Habitat,joue,directive24,attribution,initial,Côte d'Azur Habitat,06200,Nice,"[('2020-09-17', ""L'Art Nouveau"", (440000, 'EUR'), ""Travaux de remplacement de portes palières pour les logements et/ou locaux des résidences de Côte d'Azur Habitat - Lot 1 Agences 1 à 4""), ('2020-09-17', ""L'Art Nouveau"", (440000, 'EUR'), ""Travaux de remplacement de portes palières pour les logements et/ou locaux des résidences de Côte d'Azur Habitat - Lot 2 Agences 6 à 9"")]",['Menuiserie'],[222],non,non
20-111281,2020-09-20,2020-10-21,['6'],fourniture de masques alternatifs en tissus tailles enfants,joue,directive24,appeloffre,initial,Département des Alpes-Maritimes,06201,Nice cedex 3,,['Consommables médicaux'],[69],non,non
20-114328,2020-09-20,2020-12-16,['6'],Prestations de dépollution du plan d'eau des ports communaux et fournitures de matériels anti-pollution associées,joue,directive24,attribution,initial,COMMUNE DE CANNES,06406,Cannes,"[('2020-09-14', 'Marinov', (80000, 'EUR'), ""Interventions en cas de pollution des plans d'eau""), ('2020-09-14', 'Sarl Ecotank', (240000, 'EUR'), 'Fourniture de matériel anti-pollution')]","['Plastique', 'Antipollution (équipement)', 'Dépollution']","[268, 432, 442]",non,non
20-114401,2020-09-20,2020-10-23,['10'],Prestations d'assurances 'Dommages aux biens et risques annexes'-.,joue,directive24,appeloffre,initial,DEPARTEMENT DE L AUBE,10000,TROYES,,['Assurance'],[20],non,non
20-112701,2020-09-20,2020-10-26,"['11', '31', '34', '66', '75']",Marché de services de maîtrise d'oeuvre pour la construction du centre d'entraînement de la FFR XIII,joue,directive24,appeloffre,initial,Fédération Française de Rugby à XIII,11000,CARCASSONNE,,"[""Maîtrise d'oeuvre""]",[197],non,non
20-114343,2020-09-20,2020-10-16,"['11', '34', '31']","Etudes pour la révision des PPRi sur les bassins versants du Lauquet, de l'Orbieu, du Fresquel et de l'Orbiel/Clamoux",joue,directive24,attribution,initial,DDTM11,11838,Carcassonne cedex 9,"[('2020-09-17', 'Egis eau - sas', (198522.0, 'EUR'), 'Lot1 : Etudes relatives à la révision: des PPRi du bassin versant du Lauquet, des PPRi de la commune de Cazilhac, et du PPRi de la commune de Plaja'), ('2020-03-17', 'Egis - eau - sas', (333949.0, 'EUR'), ""Lot no2 : Études pour la révision des PPRi du bassin versant de l'Orbieu""), ('2020-09-17', 'Artelia', (284740.15, 'EUR'), 'Lot 3 : Etudes pour la révision des PPRi du bassin versant du Fresquel'), ('2020-09-17', 'Sce', (319502, 'EUR'), ""Lot no4 : Etudes relatives à la révision des PPRi du bassin versant de l'Orbiel et de la Clamoux"")]",['Ingénierie'],[455],non,non
20-108481,2020-09-20,2020-11-18,['12'],"accord-cadre à bons de commande - transport, déshydratation mobile et hygiénisation de boues résiduaires de stations d'épuration",joue,directive24,attribution,initial,"Cté de communes Comtal, Lot et Truyère",12500,Espalion,"[('2020-08-18', 'SAS alliance environnement exploitation', (228270.0, 'EUR'), ""Transport, déshydratation mobile et stabilisation de boues résiduaires de stations d'épuration"")]","['Assainissement', ""Station d'épuration (exploitation)""]","[18, 335]",non,non
20-112880,2020-09-20,2020-10-23,['12'],transport des déchets non dangereux depuis les stations de transit vers les centres de traitement ou de valorisation,joue,directive24,appeloffre,initial,SYDOM,12510,Olemps,,"['Ordures ménagères (prestations)', 'Transport']","[249, 347]",non,non
20-114570,2020-09-20,2020-10-23,['13'],Prestation D'Architecte Conseil Pour La Ville D'Aix En Provence,joue,directive24,appeloffre,initial,COMMUNE D AIX EN PROVENCE,13100,Aix-en-Provence,,['Etude'],[118],non,non
20-114615,2020-09-20,2020-09-26,['13'],Prestations d'homogéneisation de la supervision des usines et des réseaux d'eau potable et d'assainissement,joue,autre,rectificatif,rectificatif,REGIE DES EAUX DU PAYS D AIX,13100,Aix en provence,,['Télégestion'],[352],non,non
20-114690,2020-09-20,2020-10-23,['13'],Accord-Cadre De Prestations D'Assistance A Maitrise D'Ouvrage Et De Maitrise D'oeuvre Relatives Aux Ouvrages D'Art Et De Génie Civil De La Commune D'Aix En Provence,joue,autre,rectificatif,rectificatif,COMMUNE D AIX EN PROVENCE,13100,Aix-en-Provence,,"[""Maîtrise d'oeuvre"", ""Assistance à maîtrise d'ouvrage""]","[197, 433]",non,non
20-113958,2020-09-20,2020-10-26,['13'],mission de maitrise d'OEuvre pour les travaux de mise en accessibilité lié à l'adap du site de saint jérôme - aix marseille université,joue,directive24,appeloffre,initial,Université d'Aix-Marseille,13284,Marseille cedex 7,,"['Contrôle technique', ""Maîtrise d'oeuvre"", ""Mission d'ordonnancement, pilotage, coordination (OPC)"", 'Prestations de services']","[72, 197, 234, 274]",non,non
20-114394,2020-09-20,2020-12-16,['13'],Mission d'Assistance à Maîtrise d'Ouvrage pour la mise en oeuvre du volet immobilier du projet de Modernisation de l'Assistance Publique Hôpitaux de Marseille,joue,directive24,attribution,initial,APHM,13292,Marseille,"[('2020-08-05', 'Mupy Conseil', (2500000, 'EUR'), None)]","[""Assistance à maîtrise d'ouvrage""]",[433],non,non
20-114469,2020-09-20,2020-12-16,"['13', '69']",Mission de Programmation et d'Assistance Technique à Maîtrise d'Ouvrage (Atmo),joue,directive24,attribution,initial,APHM,13292,Marseille,"[('2020-08-25', 'Icade Promotion', (775956, 'EUR'), None)]","['Assistance technique', ""Assistance à maîtrise d'ouvrage""]","[19, 433]",non,non
20-114418,2020-09-20,2020-10-19,['13'],Fourniture et acheminement d'énergie électrique d'une puissance inférieure à 36 kVA,joue,directive24,appeloffre,initial,SA CO GI VA,13626,Aix en provence cedex 1,,"['Electricité, gaz (fourniture)']",[443],non,non
20-114378,2020-09-20,2020-10-29,['13'],Entretien des espaces verts de la Ville d'Arles,joue,directive24,appeloffre,initial,Ville d'Arles,13637,Arles,,['Espaces verts'],[116],non,non
20-114601,2020-09-20,2020-10-27,['13'],REALISATION DE TRAVAUX FORESTIERS SUR LES ESPACES PUBLICS DE LA VILLE DE VITROLLES,joue,directive24,appeloffre,initial,COMMUNE DE VITROLLES,13743,Vitrolles cedex,,['Travaux agricoles'],[348],non,oui
20-114431,2020-09-20,2020-10-29,"['13', '83', '84']",Fourniture et livraison de denrées alimentaires de restauration collective.3 lots.,joue,directive24,appeloffre,initial,Ville de Fos-sur-Mer,13771,Fos sur mer cedex,,['Denrées alimentaires'],[88],non,non
20-114691,2020-09-20,2020-11-18,"['14', '61']",contrat de maîtrise d'oeuvre pour la réhabilitation du collège molière à l'aigle,joue,directive24,attribution,initial,SHEMA,14018,CAEN,,"[""Maîtrise d'oeuvre""]",[197],non,non
20-114720,2020-09-20,2020-10-20,"['14', '27', '35', '50', '61', '76']",Travaux de pierre de taille et de maçonnerie sur les monuments historiques du patrimoine communal,joue,directive24,appeloffre,initial,Ville de Caen,14027,CAEN,,['Maçonnerie'],[195],non,non
20-114310,2020-09-20,2020-10-19,['14'],"Formations des agents dans les domaines de la sécurité, entretien des locaux, informatique et outils bureautiques, et langues étrangères",joue,directive24,attribution,initial,Communauté Urbaine Caen la mer,14050,CAEN,,['Formation'],[410],non,non
20-114358,2020-09-20,2020-10-23,['16'],"Maintenance préventive et curative des portes sectionnelles, rideaux métalliques roulants, portails coulissants, barrières levantes, portes piétonnes, automatiques ou manuels, des bâtiments",joue,directive24,appeloffre,initial,Commune d'Angoulême,16022,Angoulême cedex,,"['Maintenance', 'Prestations de services']","[196, 274]",non,non
20-114503,2020-09-20,2020-10-20,['16'],"Construction et réhabilitation des canalisations et ouvrages annexes eaux usées, eaux puviales et eau potable",joue,directive24,appeloffre,initial,GrandAngoulême agglomération,16023,Angoulême cedex,,['Assainissement'],[18],non,oui
20-114386,2020-09-20,2020-11-04,['16'],Contrat D'Assurances 'Flotte Automobile Et Risques Annexes',joue,directive24,appeloffre,initial,CALITOM,16600,Mornac,,['Assurance'],[20],non,non
20-113843,2020-09-20,2021-01-17,"['18', '36']",avis de modification pour la délégation de service public pour l'exploitation et la commercialisation d'un réseau de communications électroniques très haut débit phase 1 attribuée le 24/10/2016,joue,directive23,attribution,initial,BERRY NUMERIQUE,18023,BOURGES,,['Fibre optique'],[133],non,non
20-114515,2020-09-20,2020-10-28,"['17', '19', '35']",tissu mélangé en 5 lots à livrer aux ateliers sep-riep,joue,directive24,appeloffre,initial,SEP-RIEP,19000,Tulle,,['Textile'],[343],non,oui
20-114657,2020-09-20,2020-10-29,['19'],"Maîtrise d'oeuvre - Sécurisation, sauvegarde et mise en valeur du Viaduc des Rochers Noirs",joue,directive24,appeloffre,initial,DEPARTEMENT DE LA CORREZE,19005,Tulle cedex,,['Etude'],[118],non,non
20-114506,2020-09-20,2020-11-02,"['19', '15', '24', '33', '46']",MARCHES ALIMENTAIRES 2021,joue,directive24,appeloffre,initial,EHPAD Public Les Gabariers,19120,Beaulieu sur Dordogne,,['Denrées alimentaires'],[88],non,non
20-114258,2020-09-20,2020-11-16,['20A'],"VETEMENTS DE TRAVAIL, EQUIPEMENT DE PROTECTION INDIVIDUELLE ET LINGE DE LIT",joue,directive24,attribution,initial,centre hospitalier ajaccio,20303,AJACCIO,"[('2020-09-16', 'BASTIE', (98604, 'EUR'), None), ('2020-09-16', 'BASTIE', (27720, 'EUR'), None), ('2020-09-16', 'BASTIE', (6608, 'EUR'), None), ('2020-09-16', 'BASTIE', (9344, 'EUR'), None), ('2020-09-16', 'BASTIE', (15267, 'EUR'), None), ('2020-09-16', 'BASTIE', (11928, 'EUR'), None), ('2020-09-16', 'BASTIE', (11928, 'EUR'), None), ('2020-09-16', 'BASTIE', (4580, 'EUR'), None), ('2020-09-16', 'GRANJARD', (30505, 'EUR'), None), ('2020-09-16', 'ARTMAUX', (80300, 'EUR'), None), ('2020-09-16', 'ARTMAUX', (25480, 'EUR'), None), ('2020-09-16', 'ARTMAUX', (180080, 'EUR'), None), ('2020-09-16', 'ARTMAUX', (43956, 'EUR'), None), ('2020-09-16', 'ARTMAUX', (29680, 'EUR'), None), ('2020-09-16', 'ARTMAUX', (9152, 'EUR'), None)]","['Habillement', 'Textile']","[150, 343]",non,oui
20-114763,2020-09-20,2020-10-20,['20B'],Prestations de relevés géométriques du patrimoine bâti de la Ville de Bastia,joue,directive24,appeloffre,initial,COMMUNE DE BASTIA,20410,Bastia,,['Topographie'],[344],non,non
20-114678,2020-09-20,2020-10-22,['21'],"Centrale d'achat de Dijon Métropole - Maintenance des ascenseurs, monte-charges, élévateurs pour personnes à mobilité réduite et des plateformes élévatrices",joue,directive24,appeloffre,initial,Dijon Métropole,21075,Dijon,,['Prestations de services'],[274],non,oui
20-114716,2020-09-20,2020-10-30,['22'],"Fourniture de médicaments de cancérologie - Azacitidine Du 1er décembre 2020 au 31 mai 2021, reconductible jusqu'au 31 mai 2024",joue,directive24,appeloffre,initial,CHG de Saint-Brieuc,22027,Saint Brieuc Cedex 1,,['Produits pharmaceutiques'],[280],non,non
20-114569,2020-09-20,2020-10-19,['24'],"Entretien P2 Et P3Des Equipements Individuels De Production De ChauffageEt/Ou D'Ecs, Et De VentilationDes Logements Proprietes De Perigord Habitat",joue,directive24,appeloffre,initial,OPD de DORDOGNE,24660,Coulounieix Des Chamiers,,"['Chauffage (exploitation, entretien)']",[59],non,non
20-114461,2020-09-20,2020-10-22,['25'],"Prestations De Demenagements, Garde-Meubles Et De Transfert De Mobiliers Et Materiels Pour Les Colleges Publics Du Doubs Et Batiments Departementaux",joue,directive24,appeloffre,initial,DEPARTEMENT DU DOUBS,25031,Besancon Cedex,,['Déménagement'],[86],non,non
20-114294,2020-09-20,2020-10-19,"['25', '90']",mission de mandat de maîtrise d'ouvrage publique pour la construction du bâtiment energie à belfort (90) dans le cadre du projet eco-campus nord franche-comté - relance suite à déclaration sans suite,joue,directive24,appeloffre,initial,région Bourgogne-Franche-Comté,25031,Besançon,,"[""Assistance à maîtrise d'ouvrage""]",[433],non,non
20-114877,2020-09-20,2020-10-23,['25'],Commande de prestations topographiques et foncières 2021-2025,joue,directive24,appeloffre,initial,Pays de Montbéliard Agglomération,25208,Montbeliard Cedex,,"['Topographie', 'Ingénierie']","[344, 455]",non,non
20-114377,2020-09-20,2020-10-21,['25'],Marche De Service Relatif A La Prestation D'Assurance 'Dommages Aux Biens Et Risques Annexes' Pour Les Besoins Du Groupement De Commandes Ville De Pontarlier Et Ccgp,joue,directive24,appeloffre,initial,Cté de Cnes du Grand Pontarlier,25301,Pontarlier Cedex,,['Assurance'],[20],non,non
20-114828,2020-09-20,2020-10-21,['26'],202066 - Marche Public D'Assurances - Aoo -,joue,directive24,appeloffre,initial,VALENCE ROMANS SUD RHONE-ALPES,26000,Valence,,['Assurance'],[20],non,non
20-114610,2020-09-20,2020-10-19,['26'],Acquisition de fournitures de produits alimentaires pour la Maison Départementale de l'Enfance,joue,directive24,appeloffre,initial,Département de la Drôme,26026,Valence,,['Denrées alimentaires'],[88],non,oui
20-114613,2020-09-20,2020-10-26,['26'],Prestations De Services D'Assurance,joue,directive24,appeloffre,initial,Drôme Aménagement Habitat,26958,Valence,,['Assurance'],[20],non,non
20-114752,2020-09-20,2020-10-19,['27'],"Fabrication, fourniture, transport et mise en oeuvre de matériaux enrobés chauds et tièdes sur les routes départementales de l'Eure",joue,directive24,appeloffre,initial,Département de l'Eure,27000,ÉVREUX,,"['Abris', 'Voirie']","[1, 365]",oui,oui
20-114724,2020-09-20,2020-09-30,"['27', '61']",location de longue duree et maintenance de vehicules,joue,directive24,attribution,initial,GHT ESPO - CH Eure-Seine Etab. support,27015,Evreux,,['Véhicules (location)'],[474],non,non
20-114778,2020-09-20,2020-09-30,"['27', '61']",Achat de véhicules neufs ou d'occasion a faible kilométrage et reprise anciens véhicules,joue,directive24,attribution,initial,GHT ESPO - CH Eure-Seine Etab. support,27015,Evreux,,['Véhicules (acquisition)'],[475],non,non
20-114353,2020-09-20,2020-10-18,['28'],"Affaire no20A033 : Missions de géomètre et de topographe pour Chartres métropole, la Ville de Chartres, le CCAS et le CIAS",joue,autre,rectificatif,rectificatif,Chartres Métropole,28019,Chartres cédex,,"['Prestations de services', 'Topographie']","[274, 344]",non,non
20-112291,2020-09-20,2020-10-21,['28'],eau et assainissement etude patrimoniale et schema directeur,joue,directive24,appeloffre,initial,CC DU GRAND CHATEAUDUN,28200,CHATEAUDUN,,"['Alimentation en eau potable', 'Assainissement']","[6, 18]",non,non
20-114585,2020-09-20,2020-10-22,['29'],Acquisition de matériel pour le projet CPER VITAAL 2020,joue,directive24,appeloffre,initial,Université de Bretagne Occidentale,29238,Brest cedex 3,,['Equipements spécialisés'],[115],non,non
20-114504,2020-09-20,2020-10-08,['29'],Consultation no 4701 - Fourniture et livraison d'un lot de charges d'essais pour moyens de levage,joue,directive24,appeloffre,initial,ESID de Brest,29240,Brest cédex 9,,['Equipements spécialisés'],[115],non,oui
20-114440,2020-09-20,2020-10-20,"['83', '29']","Affrètement d'aéronefs avec pilote et avec/sans équipage destinés à assurer la formation, l'entrainement, l'évaluation de systèmes et le soutien des exercices et opérations des unités d",joue,directive24,appeloffre,initial,MINDEF/SCA/PFAF OUEST,29240,Brest cedex 9,,['Aéronautique'],[4],non,non
20-114036,2020-09-20,2020-11-18,['29'],approvisionnement de matériels d'artillerie navale de marques diverses ou équivalents au profit des unités de la marine nationale,joue,directive81,attribution,initial,MARINE/DCSSF/ DSSFBrest,29240,BREST cedex 9,"[('2020-09-10', 'FPM', (239.0, 'EUR'), None)]",['Armement'],[12],non,non
20-114471,2020-09-20,2020-10-16,['30'],Avis d'Appel Public à la Candidature relatif à un marché public de Maîtrise d'oeuvre pour la réalisation de nouvelles stations d'épuration intercommunales,joue,directive25,appeloffre,initial,Communauté d'Alès Agglomération,30105,Ales,,"[""Station d'épuration (travaux)""]",[328],non,non
20-114474,2020-09-20,2020-10-19,['30'],Assurances diverses ville de nîmes,joue,directive24,appeloffre,initial,Ville de Nîmes,30947,Nîmes,,['Assurance'],[20],non,non
20-110191,2020-09-20,2020-12-31,['30'],"Collecte des ordures menageres residuelles et des emballages recyclables sur les communes de bernis, caissargues, marguerittes et milhaud",joue,directive24,appeloffre,initial,CA Nîmes Métropole,30947,Nimes,,"['Collecte sélective', 'Déchets non ménagers (prestations)']","[82, 404]",non,non
20-114781,2020-09-20,2020-10-19,['30'],assurances diverses nîmes métropole,joue,directive24,appeloffre,initial,CA Nîmes Métropole,30947,Nîmes,,['Assurance'],[20],non,non
20-105138,2020-09-20,2020-10-19,['31'],fourniture de carburants en station et péage autoroutier par carte accréditive,joue,directive24,appeloffre,initial,Conseil Départemental Haute-Garonne,31009,Toulouse,,"['Carburant, hydrocarbure']",[52],non,non
20-114427,2020-09-20,2020-12-01,"['47', '31', '82']","Entretien des dépendances vertes du canal des deux mers et ses annexes en Haute-Garonne, Tarn et Garonne et Aquitaine",joue,directive24,attribution,initial,Voies navigables de France,31073,Toulouse cedex 7,"[('2020-08-21', 'SUD ESPACES VERTS S.E.V.', (800000, 'EUR'), 'Elagages-abattages sécuritaires en subdivisions Haute-Garonne et Tarn-et-GaronneGaronne'), ('2020-08-21', 'SARL S.A.T.F.', (600000, 'EUR'), 'Elagages et abattages sécuritaires en subdivision Aquitaine')]",['Espaces verts'],[116],non,non
20-114880,2020-09-20,2020-10-05,['31'],Maintenance des installations de protection incendie du Patrimoine Tisseo,joue,directive25,appeloffre,initial,TISSEO,31081,Toulouse,,['Sécurité incendie'],[332],non,non
20-114517,2020-09-20,2020-10-23,['31'],"décontamination, dépoussiérage, reconditionnement et déménagement d'archives pour les archives départementales de la haute-garonne",joue,directive24,appeloffre,initial,Conseil Départemental Haute-Garonne,31090,Toulouse,,['Déménagement'],[86],non,non
20-114537,2020-09-20,2020-10-26,['31'],20mc0214aoo - Pr/Jm - Traitement/ agrandissement et achats/location relatif au domaine photographique,joue,autre,rectificatif,rectificatif,TOULOUSE METROPOLE,31505,Toulouse,,['Matériel photographique et cinématographique'],[214],non,non
20-114540,2020-09-20,2020-12-16,['31'],20m0149aoo - Travaux De Confection De Revetements En Asphalte Sur Le Territoire De Toulouse Metropole - Annees 2020 à 2024 - Dt/La,joue,directive24,attribution,initial,TOULOUSE METROPOLE,31505,Toulouse,"[('2020-09-18', 'Eiffage Route Grand Sud Midi Pyrénées', (225857.5, 'EUR'), 'Pole Territorial Centre'), ('2020-09-18', 'Eiffage Route Grand Sud Midi Pyrénées', (254737.5, 'EUR'), 'Poles Territoriaux Nord, Est, Ouest, Sud')]",['Voirie'],[365],non,non
20-114621,2020-09-20,2020-10-22,['31'],"Fourniture, livraison, installation et mise en service d'équipements de cuisines pour les sites du SDIS de la Haute-Garonne",joue,directive24,appeloffre,initial,SDIS de la Haute-Garonne,31772,Colomiers,,['Cuisine (équipement)'],[77],non,non
20-114470,2020-09-20,2020-10-20,['32'],Travaux Courants De Voirie Et Eaux Pluviales,joue,directive24,appeloffre,initial,Ville d'Auch,32007,Auch Cedex,,"['Réseaux divers', 'Voirie']","[306, 365]",non,non
20-114451,2020-09-20,2020-10-26,"['33', '17', '16', '47', '24', '64', '86', '87', '19']",Fourniture de titres restaurant sur support papier et dématérialisés pour la CCI Nouvelle-Aquitaine,joue,directive24,appeloffre,initial,CCI Nouvelle-Aquitaine,33050,Bordeaux cedex,,['Prestations de services'],[274],non,non
20-110345,2020-09-20,2020-10-18,"['33', '40', '64', '47', '24']","Accord-cadre pour les travaux de réhabilitation, restructuration et entretien courant des bâtiments et sites de l'université de bordeaux",joue,directive24,attribution,initial,Université de Bordeaux,33405,Talence,,"['Chauffage (travaux)', 'Climatisation', 'Cloison, faux plafond', 'Démolition', 'Electricité (travaux)', 'Maçonnerie', 'Peinture (travaux)', 'Plâtrerie', 'Plomberie (travaux)', 'Revêtements muraux', ""Tous corps d'état"", 'Ventilation', 'Amiante (désamiantage)']","[61, 62, 63, 87, 105, 195, 264, 269, 270, 309, 345, 360, 479]",non,non
20-114801,2020-09-20,2020-11-18,['34'],61018-Lycée Charles de Gaulle à Sète,joue,directive24,attribution,initial,LANGUEDOC ROUSSILLON AGCE DVLPT LRAD,34000,Montpellier,,"[""Maîtrise d'oeuvre"", 'Prestations de services']","[197, 274]",non,non
20-114689,2020-09-20,2020-11-20,['34'],Fourniture et livraison d'équipements spécifiques divers pour les lycées de la Région Occitanie (8 lots),joue,directive24,attribution,initial,REGION OCCITANIE,34064,MONTPELLIER,,"['Audiovisuel', 'Equipements spécialisés', 'Matériel électrique', 'Matériel électronique', 'Mobilier']","[22, 115, 203, 204, 230]",non,non
20-114839,2020-09-20,2020-10-23,['34'],Prestations topographiques - foncières et Bim sur le patrimoine du Département de l'Hérault,joue,directive24,appeloffre,initial,Conseil départemental de l'Hérault,34087,Montpellier,,['Ingénierie'],[455],non,non
20-114886,2020-09-20,2020-10-20,['34'],Maintenance des points d'eau pour la défense incendie,joue,directive24,appeloffre,initial,COMMUNAUTE D AGGL HERAULT MEDITERRANEE,34630,Saint Thibery,,"[""Poteaux d'incendie""]",[273],non,non
20-114771,2020-09-20,2020-10-23,['34'],Fourniture Et Livraison De Bennes Amovibles Ouvertes Avec Filet De Protection,joue,directive24,appeloffre,initial,Syndicat Centre Hérault,34800,Aspiran,,"['Benne', 'Déchetterie (exploitation)']","[34, 405]",non,non
20-114245,2020-09-20,2020-10-05,['35'],acquisition de systèmes de positionnement pour la caractérisation et le prototypage hyperfréquences pour l'institut d'electronique et de télécommunications de rennes (ietr) (rectificatif),joue,autre,rectificatif,rectificatif,université de Rennes 1,35065,Rennes,,"['Antenne', 'Laboratoire (matériel)', 'Matériel électronique', 'Matériel de précision', 'Radar']","[10, 188, 204, 215, 297]",non,non
20-114417,2020-09-20,2020-10-21,['35'],"fourniture de matériel réseau, leur garantie et la maintenance des matériels existants",joue,directive24,appeloffre,initial,Institut National Sciences Appliquées,35708,Rennes,,"['Informatique (matériel)', 'Informatique (maintenance serveurs et réseaux)']","[162, 454]",non,oui
20-114844,2020-09-20,2020-10-02,['38'],Location et acquisition de batiments modulaires pour le Département de l'Isère,joue,autre,rectificatif,rectificatif,DEPARTEMENT DE L ISERE,38022,Grenoble,,['Bâtiments modulaires'],[27],non,non
20-114805,2020-09-20,2020-09-29,['38'],Prestations de nettoyage des bâtiments de l'UGA (2 lots),joue,autre,rectificatif,rectificatif,UNIVERSITE GRENOBLE ALPES,38058,Grenoble cedex 9,,['Nettoyage de locaux'],[239],non,non
20-114792,2020-09-20,2020-10-18,['38'],concours de maitrise d'oeuvre,joue,directive24,attribution,initial,COMMUNE DE SAINT JEAN DE MOIRANS,38430,ST JEAN DE MOIRANS,"[('2020-08-10', 'NAMA ARCHITECTURE', (535325, 'EUR'), None)]","[""Maîtrise d'oeuvre""]",[197],non,non
20-114832,2020-09-20,2020-10-22,['38'],"Marché d'assurances : Dommages aux biens, Responsabilité civile, Flotte automobile, Cyber Risques",joue,directive24,appeloffre,initial,BIEVRE ISERE COMMUNAUTE,38590,St-Etienne De St-Geoirs,,['Assurance'],[20],non,non
20-114664,2020-09-20,2020-10-26,['39'],Marché de services d'assurances pour la Commune de Saint-Claude et son CCAS,joue,directive24,appeloffre,initial,Ville de Saint-Claude,39200,Saint Claude,,['Assurance'],[20],non,non
20-114498,2020-09-20,2020-11-02,['40'],marché de services d'assurances pour xl habitat 2021-2024,joue,directive24,appeloffre,initial,O.P.D.H.L.M. des Landes,40011,Mont De Marsan Cedex,,['Assurance'],[20],non,non
20-112443,2020-09-20,2020-11-18,"['40', '64']",Restructuration et extension du collège val adour à grenade sur l'adour,joue,directive24,attribution,initial,Conseil Général des Landes,40025,MONT DE MARSAN,,"['Appareil élévateur', 'Bâtiments modulaires', 'Bâtiment', 'Charpente', 'Chauffage (travaux)', 'Cloison, faux plafond', 'Couverture', 'Démolition', 'Electricité (travaux)', 'Espaces verts', 'Etanchéité', 'Gros oeuvre', 'Menuiserie', 'Peinture (travaux)', 'Plâtrerie', 'Plomberie (travaux)', 'Revêtements de sols', 'Serrurerie', 'Signalétique', 'Terrassement', 'Amiante (désamiantage)']","[11, 27, 33, 57, 61, 63, 74, 87, 105, 116, 117, 144, 222, 264, 269, 270, 308, 321, 333, 341, 479]",oui,non
20-114329,2020-09-20,2020-11-17,['40'],AMENAGEMENT PLACE DE LA FONTAINE,joue,directive24,attribution,initial,commune de Gabarret,40310,GABARRET,,"['Bardage', 'Charpente', 'Démolition', 'Electricité (travaux)', 'Espaces verts', 'Etanchéité', 'Gros oeuvre', 'Plomberie (travaux)', 'Voirie', 'Voirie et réseaux divers']","[30, 57, 87, 105, 116, 117, 144, 270, 365, 366]",non,non
20-114403,2020-09-20,2020-10-31,"['40', '33']",souscription des contrats d'assurances pour la commune de sanguinet,joue,directive24,appeloffre,initial,Ville de Sanguinet,40460,Sanguinet,,['Assurance'],[20],non,non
20-114385,2020-09-20,2020-10-19,['40'],services d'assurances pour le c.i.a.s. d'aire sur l'adour (rectificatif),joue,autre,rectificatif,rectificatif,CIAS,40800,Aire sur l'adour,,['Assurance'],[20],non,non
20-114667,2020-09-20,2020-11-18,['42'],Fourniture de matériel informatique pour les besoins de l'EN3S,joue,directive24,attribution,initial,EN3S,42031,SAINT ETIENNE cédex 2,"[('2020-09-01', 'BETCHLE DIRECT', (104025, 'EUR'), None)]",['Informatique (matériel)'],[162],non,non
20-114817,2020-09-20,2020-11-18,['42'],"Prestations de création graphique et conception de supports de communication, destinés à être diffusés supports physiques (affiches, banières, ..) et dématérialisées (Template ...)",joue,directive24,attribution,initial,EN3S,42031,SAINT ETIENNE Cédex 2,"[('2020-09-03', 'CHROMATIQUES', (56200, 'EUR'), None)]","['Publicité, Communication']",[285],non,non
20-114491,2020-09-20,2020-11-02,['42'],Marché de fourniture et d'acheminement de l'électricité,joue,directive24,appeloffre,initial,Commune de Pélussin,42410,Pelussin,,"['Electricité, gaz (fourniture)']",[443],non,non
20-114714,2020-09-20,2020-10-19,['44'],Assistance à l'adaptation du logiciel de gestion des ressources humaines HR ACCESS,joue,directive24,appeloffre,initial,Conseil départemental Loire-Atlantique,44041,NANTES,,['Informatique (prestations de services)'],[163],non,non
20-114804,2020-09-20,2020-10-19,['44'],"Fourniture de machine d'application résine thermoplastique, pièces détachées et prestations associées",joue,directive24,appeloffre,initial,Conseil départemental Loire-Atlantique,44041,NANTES,,['Machines-outils'],[194],non,non
20-114807,2020-09-20,2020-10-26,['44'],Fourniture de réactifs avec mise à disposition d'équipement (MAD) et consommables de laboratoire,joue,directive24,appeloffre,initial,CHU de Nantes,44093,Nantes cedex,,['Laboratoire (fourniture)'],[181],non,non
20-114866,2020-09-20,2020-11-12,['35'],Marché d'exploitation des installations énergétiques et de maintenance multiservices avec garantie totale des installations et plan de progrès,joue,directive24,appeloffre,initial,Institut Mines-Télécom Atlantique,44307,Nantes cedex 3,,['Maintenance'],[196],oui,oui
20-114523,2020-09-20,2020-10-22,"['44', '49', '53', '72', '85']","CREATION FABRICATION POSE ET DEPOSE DE PANNEAUX ET SUPPORTS DE COMMUNICATION (Kakémonos, panneaux...)",joue,directive24,appeloffre,initial,Conseil régional des Pays de la Loire,44966,Nantes Cedex 9,,"['Prestations de services', 'Publicité, Communication']","[274, 285]",non,oui
20-114889,2020-09-20,2020-12-16,['45'],"Fourniture, Installation Et Mise En Service D'Equipements Lies A La Mise A Niveau De La Filiere Chaudronnerie",joue,directive24,attribution,initial,REGION CENTRE VAL DE LOIRE,45041,Orleans,"[('2020-08-21', 'Paris Machines Outils', (1982400, 'EUR'), 'Machines de chaudronnerie'), ('2020-08-21', 'Sodec', (198720, 'EUR'), 'Simulateur de soudage'), ('2020-09-02', 'Castolin', (112512, 'EUR'), 'Matériels de soudage')]",['Machines-outils'],[194],non,non
20-114777,2020-09-20,2020-12-16,['45'],"Marché public global de performance énergétique du patrimoine immobilier (lycées, Creps et Frac) de la Région Centre-Val de Loire",joue,directive24,attribution,initial,REGION CENTRE VAL DE LOIRE,45041,Orleans,"[('2020-09-18', 'Engie Solutions', (88687207, 'EUR'), ""Marché public global de performance énergétique de bâtiments de la Région Centre-Val de Loire situés dans le Cher, l'Eure-et-Loir et le Loiret""), ('2020-09-18', 'Engie Solutions', (77036198, 'EUR'), ""Marché public global de performance énergétique de bâtiments de la Région Centre-Val de Loire situés dans l'Indre, l'Indre-et-Loire et le Loir-et-Cher"")]","['Chauffage (exploitation, entretien)', 'Chauffage (travaux)']","[59, 61]",non,non
20-114607,2020-09-20,2020-10-30,['45'],Acquisition de fournitures et matériels techniques (quincaillerie et plomberie) - 2 lots,joue,directive24,appeloffre,initial,Orléans Métropole,45058,Orléans,,"['Chauffage (matériel)', 'Quincaillerie (articles)']","[60, 291]",non,oui
20-114584,2020-09-20,2020-11-18,['45'],Fourniture de fruits et légumes frais pour le Groupement Hospitalier du Territoire du Loiret AO2020-10,joue,directive24,attribution,initial,CENTRE HOSPITALIER REGIONAL D ORLEANS,45067,Orleans cedex 2,,"[""Produits de l'agriculture""]",[276],non,non
20-114531,2020-09-20,2020-10-19,['45'],Fourniture et acheminement d'électricité pour les sites d'une puissance inférieure ou égale à 36 kva et prestations de services associés,joue,directive24,appeloffre,initial,CC DU PITHIVERAIS,45300,Pithiviers-Le-Vieil,,"['Electricité, gaz (fourniture)']",[443],non,non
20-114849,2020-09-20,2020-12-16,['45'],Fournitures de denrées alimentaires pour la cuisine municipale de Pithiviers,joue,directive24,attribution,initial,Ville de Pithiviers,45307,Pithiviers,"[('2020-09-01', 'Centre Viande Beauvallet', (28000, 'EUR'), 'viandes faîches'), ('2020-09-01', 'Société de Distribution Avicole Sas', (32000, 'EUR'), 'viandes de volailles'), ('2020-09-01', 'Espri_restauration', (24000, 'EUR'), 'viandes cuites sous vide'), ('2020-09-01', 'Pro A Pro Nord', (68000, 'EUR'), 'beurre oeuf fromage'), ('2020-09-01', 'surgeles disval', (8000, 'EUR'), 'charcuterie'), ('2020-09-01', 'Pro A Pro Nord', (96000, 'EUR'), 'épicerie'), ('2020-09-01', 'Schoen Distribution 37', (24000, 'EUR'), 'boissons'), ('2020-09-01', 'Terre Azur', (80000, 'EUR'), 'fruits et légumes'), ('2020-09-01', 'surgeles disval', (232000, 'EUR'), 'surgelés'), ('2020-09-01', 'Eurl Khelil', (40000, 'EUR'), 'boulangerie')]",['Denrées alimentaires'],[88],non,non
20-114863,2020-09-20,2020-10-21,"['47', '33', '32', '31', '24']",Le présent marché a pour objet la souscription des contrats d'assurance du groupement de commandes de la Ville du Passage d'Agen et du CCAS du Passage d'Agen.,joue,directive24,appeloffre,initial,Ville du Passage d'Agen,47901,AGEN CEDEX 9,,['Assurance'],[20],non,non
20-114838,2020-09-20,2020-10-19,['47'],Assistance Environnementale Zac Technopole Agen Garonne,joue,directive24,appeloffre,initial,AGGLOMERATION D AGEN,47916,Agen,,['Etude'],[118],non,non
20-114507,2020-09-20,2020-10-19,['47'],FOURNITURE DE DENREES ALIMENTAIRES,joue,directive24,appeloffre,initial,Département de Lot-et-Garonne,47922,Agen cedex 9,,['Denrées alimentaires'],[88],non,non
20-114852,2020-09-20,2020-12-16,['48'],Portage De Repas Fabriques Par Les Etablissements Du Ght Lozere Vers D'Autres Satelittes Et Particuliers,joue,directive24,attribution,initial,CENTRE HOSPITALIER DE MENDE,48000,Mende,"[('2020-09-18', 'La Poste Dve Montpellier', (48342, 'EUR'), ""Portage de repas de l'Hôpital de Langogne vers des établissements satellites""), ('2020-09-18', 'La Poste Dve Montpellier', (76650, 'EUR'), ""Portage de repas de l'Hôpital de Langogne vers des particuliers""), ('2020-09-18', 'La Poste Dve Montpellier', (32850, 'EUR'), ""Portage de repas de l'Hôpital de St Chély d'Apcher vers des particuliers""), ('2020-09-18', 'La Poste Dve Montpellier', (21900, 'EUR'), ""Portage de repas de l'Hôpital de Florac vers des particuliers""), ('2020-09-18', 'La Poste Dve Montpellier', (9855, 'EUR'), ""Portage de repas de l'Ehpad du Bleymard vers des particuliers""), ('2020-09-18', 'La Poste Dve Montpellier', (5475, 'EUR'), ""Portage de repas de l'Ehpad de Villefort vers des particuliers"")]",['Transport'],[347],non,non
20-114468,2020-09-20,2020-12-16,['48'],"Fourniture d'articles de bureau, d'agendas et de papier pour les services du Département de la Lozère",joue,directive24,attribution,initial,DEPARTEMENT DE LA LOZERE,48001,Mende,"[('2020-07-20', 'Office Depot France', (4599.57, 'EUR'), ""Lot 1 - fourniture d'articles de bureau et d'agendas""), ('2020-07-20', 'O Buro', (18415.75, 'EUR'), 'Lot 2 : fourniture de papier')]",['Articles de bureau et articles scolaires'],[16],non,non
20-114692,2020-09-20,2020-11-18,['49'],acquisition de mobilier urbain,joue,directive24,attribution,initial,Angers Loire Métropole,49020,Angers Cedex 02,,['Mobilier urbain'],[231],non,non
20-100753,2020-09-20,2020-10-28,['49'],"travaux de construction d'un nouveau groupe scolaire à corné, commune de loire-authion",joue,directive24,appeloffre,initial,Angers Loire Métropole,49020,Angers Cedex 02,,"['Ascenseur', 'Bâtiment', 'Carrelage', 'Charpente', 'Cloison, faux plafond', 'Couverture', 'Cuisine (équipement)', 'Electricité (travaux)', 'Espaces verts', 'Etanchéité', 'Gros oeuvre', 'Menuiserie', 'Peinture (travaux)', 'Plâtrerie', 'Plomberie (travaux)', 'Revêtements de sols', 'Serrurerie', 'Terrassement']","[17, 33, 53, 57, 63, 74, 77, 105, 116, 117, 144, 222, 264, 269, 270, 308, 321, 341]",non,non
20-114458,2020-09-20,2020-10-20,['50'],Fourniture et livraison de bennes métalliques amovibles de type 'ampliroll' et 'multibenne' nécessaires au fonctionnement des services communautaires,joue,directive24,appeloffre,initial,Communauté d'Agglomération du Cotentin,50130,Cherbourg en Cotentin,,"['Conteneur, poubelles']",[71],non,non
20-114612,2020-09-20,2020-12-16,['50'],Suivi et animation de l'opération programmée d'amélioration de l'habitat de la Communauté de Communes de la Baie du Cotentin et de renouvellement urbain de la commune de Carentan-l,joue,directive24,attribution,initial,Baie du Cotentin,50500,Carentan les Marais,"[('2020-08-31', 'Cdhat', (479620, 'EUR'), None)]",['Etude'],[118],non,non
20-114650,2020-09-20,2020-10-18,['54'],Fourniture et installation de chambres froides pour le Crous Lorraine,joue,directive24,attribution,initial,C.R.O.U.S. de Nancy - Metz,54042,Nancy cedex,"[('2020-07-10', 'SETIA', (65839.0, 'EUR'), 'Restaurant universitaire de Brabois à Vandoeuvre-les-Nancy'), ('2020-07-10', 'AXIMA REFRIGERATION', (14933.0, 'EUR'), 'Ateliers de fabrication de Saurupt à Nancy'), ('2020-07-10', 'SETIA', (18105.12, 'EUR'), 'Ateliers de fabrication de Vandoeuvre-les-Nancy'), ('2020-07-10', 'SETIA', (14154.15, 'EUR'), ""Restaurant universitaire Metz'In à Metz"")]",['Chambre froide'],[56],oui,oui
20-114749,2020-09-20,2020-11-21,"['54', '57']",Prestations de nettoyage de locaux,joue,directive24,attribution,initial,Université de Lorraine,54052,Nancy cedex,"[('2020-08-24', 'Entreprise Adaptée APPS', (149736.2, 'EUR'), 'Prestations de nettoyage de locaux'), ('2020-09-03', 'SAMSIC Propreté', (414965.36, 'EUR'), 'Prestations de nettoyage de locaux'), ('2020-08-17', 'S.A.S.U MEGA NET', (638150.4, 'EUR'), 'Prestations de nettoyage de locaux'), ('2020-09-03', 'ARCADE (Est)', (309786.36, 'EUR'), 'Prestations de nettoyage de locaux')]",['Nettoyage de locaux'],[239],non,non
20-114430,2020-09-20,2020-10-15,['54'],Appel d'Offre Ouvert de Fournitures et ServicesService de Transports Scolaires,joue,directive24,attribution,initial,Commune de Val de Briey,54150,VAL DE BRIEY,"[('2020-09-04', 'TRANSDEV GRAND EST', (186197, 'EUR'), 'Service deTransports Scolaires VAL DE BRIEY')]","['Prestations de services', 'Transport']","[274, 347]",non,non
20-114375,2020-09-20,2020-10-19,['54'],Assurance,joue,directive24,appeloffre,initial,VILLEDE LUNEVILLE,54300,LUNEVILLE,,['Assurance'],[20],non,non
20-114347,2020-09-20,2020-10-23,['56'],Fourniture de réactifs PCT pour le laboratoire du Centre hospitalier Bretagne Atlantique,joue,directive24,appeloffre,initial,CENTRE HOSPITALIER BRETAGNE ATLANTIQUE,56017,Vannes cedex,,['Laboratoire (fourniture)'],[181],non,non
20-114011,2020-09-20,2020-09-25,['56'],maintenance et conduite des installations de génie climatique de la ville de vannes (rectificatif),joue,autre,rectificatif,rectificatif,Ville de Vannes,56019,VANNES,,"['Chauffage (exploitation, entretien)', 'Maintenance']","[59, 196]",non,non
20-114783,2020-09-20,2020-12-16,['57'],20s0031 - Drm - Fourniture et pose de matériels de signalisation verticale,joue,directive24,attribution,initial,DEPARTEMENT DE LA MOSELLE,57036,Metz,"[('2020-09-07', 'Signature', (169004.62, 'EUR'), 'Signalisation permanente de police et signalisation temporaire'), ('2020-09-07', 'Signature', (171681.07, 'EUR'), 'Signalisation permanente directionnelle'), ('2020-09-07', 'Lacroix signalisation', (106702.8, 'EUR'), ""Signalisation d'animation touristique et culturelle, et d'information institutionnelle"")]",['Signalisation'],[322],non,oui
20-114782,2020-09-20,2020-12-16,['57'],20s0019 - Prestations de maintenance des installations techniques du bâtiment 7-9 Rue Sainte Barbe à Metz,joue,directive24,attribution,initial,DEPARTEMENT DE LA MOSELLE,57036,Metz,"[('2020-09-03', 'Axima Concept', (36000, 'EUR'), None)]",['Maintenance'],[196],non,oui
20-114514,2020-09-20,2020-10-30,"['57', '25']","Plonge, nettoyage et entretien des locaux de plonge et de poubelles, au profit des Cercles de la Base de Défense de Besançon",joue,directive24,attribution,initial,Plate Forme Achats Finances Nord Est,57044,METZ CEDEX 1,"[('2020-09-07', 'ACM NETTOYAGE FRANCHE COMTE', (427738.66, 'EUR'), 'Plonge, nettoyage et entretien des locaux de plonge et de poubelles, au profit des Cercles de la Base de Défense de Besançon, Quartiers Joffre et Hugo.'), ('2020-09-07', 'ACM NETTOYAGE FRANCHE COMTE', (125333.33, 'EUR'), 'Plonge, nettoyage et entretien des locaux de plonge et de poubelles, au profit des Cercles de la Base de Défense de Besançon, Quartier Marey-Monge à Auxonne.')]",['Nettoyage de locaux'],[239],oui,oui
20-109478,2020-09-20,2020-11-20,"['21', '25']",Nettoyage et entretien des locaux et plonge au profit des formations militaires de la base de défense de Besançon - Lot 1 - 511 RT Auxonne,joue,directive24,modification,modification,Plate Forme Achats Finances Nord Est,57044,Metz cedex 1,"[('2019-03-18', 'ELIOR SERVICE PROPRETE ET SANTE', (336993.0, 'EUR'), 'Nettoyage, entretien des locaux et plonge au profit des formations militaires de GS Besançon - Lot 1 - 511 RT Auxonne')]",['Nettoyage de locaux'],[239],non,non
20-114361,2020-09-20,2020-10-19,['57'],Fourniture et acheminement d'énergie électrique active et de gaz naturel,joue,directive24,appeloffre,initial,CRMA Grand Est,57078,Metz cedex 3,,"['Electricité, gaz (fourniture)']",[443],non,non
20-114397,2020-09-20,2020-10-23,['57'],Prestations de services liées à la collectes des OM et des recyclables,joue,directive24,appeloffre,initial,COM COMMUNES DU PAYS ORNE MOSELLE,57120,ROMBAS,,"['Benne', 'Collecte sélective', 'Ordures ménagères (prestations)', 'Déchets non ménagers (prestations)']","[34, 82, 249, 404]",non,non
20-114467,2020-09-20,2020-12-16,['57'],Mise en oeuvre de conteneurs enterrés et semi-enterrés sur le territoire de la Communauté d'Agglomération Portes de France - Thionville,joue,directive24,attribution,initial,COMMUNAUTE AGGLO PORTES DE FRANCE,57972,Yutz,"[('2020-09-16', 'Bihr Environnement', (750000, 'EUR'), 'Fourniture et pose de conteneurs enterrés et semi-enterrés'), ('2020-09-16', 'Muller Tp', (750000, 'EUR'), 'Travaux de génie civil accompagnant la mise en oeuvre de conteneurs enterrés et semi-enterrés')]","['Conteneur, poubelles', 'Génie civil']","[71, 141]",non,oui
20-114550,2020-09-20,2020-10-23,"['59', '62']",Rénovation des ascenseurs,joue,directive24,appeloffre,initial,CPAM des Flandres - Dunkerque - Arment,59140,Dunkerque,,"['Ascenseur', 'Bâtiment']","[17, 33]",non,non
20-114892,2020-09-20,2020-12-31,"['59', '62']",Nettoyage des locaux et de la vitrerie des bâtiments de la CPAM de Roubaix - Tourcoing,joue,directive24,appeloffre,initial,CPAM de Roubaix - Tourcoing,59208,Tourcoing cedex,,"['Nettoyage de locaux', 'Prestations de services']","[239, 274]",oui,oui
20-114800,2020-09-20,2020-09-26,['59'],Souscription des contrats d'assurance du Comité deS AGES,joue,directive24,appeloffre,initial,centre intercommunal de gerontologie,59300,AULNOY LEZ VALENCIENNES,,['Assurance'],[20],non,non
20-114496,2020-09-20,2020-10-18,"['59', '62']",CONCESSION 2019-2406 - concession de services pour l'exploitation de cafétérias boutique presse Conciergerie et distributeurs automatiques au centre hospitalier de valenciennes,joue,directive23,attribution,initial,Centre hospitalier de Valenciennes,59322,Valenciennes,"[('2020-07-23', 'Services et Santé', (22965000, 'EUR'), None)]",['Prestations de services'],[274],non,non
20-114558,2020-09-20,2020-10-26,['59'],aoo 2020-3129 à 3192 drapage opératoire-protections a usage unique-sets de soin,joue,directive24,appeloffre,initial,Centre hospitalier de Valenciennes,59322,Valenciennes,,['Consommables médicaux'],[69],non,non
20-114445,2020-09-20,2020-10-12,['59'],"AOO 2020-2225 à 2226 Contrats d'assurance "" dommages ouvrage et garanties diverses "" applicables à l'opération de construction d'un ehpad de 287 lits (rectificatif)",joue,autre,rectificatif,rectificatif,Centre hospitalier de Valenciennes,59322,Valenciennes,,['Assurance'],[20],non,non
20-114679,2020-09-20,2020-10-20,['59'],"Fourniture de carburants au moyen de cartes accréditives pour les centres hospitaliers de Dunkerque, de la Région de Saint-Omer et l'Hôpital Maritime de Zuydcoote",joue,directive24,appeloffre,initial,Centre Hospitalier de Dunkerque,59385,Dunkerque,,"['Carburant, hydrocarbure']",[52],non,non
20-114867,2020-09-20,2020-10-19,"['59', '2', '60', '62', '80']",Missions de maîtrise d'oeuvre pour les 4 ports intérieurs du canal seine nord europe,joue,directive24,appeloffre,initial,Région Hauts-de-France,59555,Lille,,"[""Maîtrise d'oeuvre""]",[197],oui,non
20-114429,2020-09-20,2020-10-19,"['59', '2', '60', '62', '80']",Mission d'OPC pour la construction de l'Ecole Européenne Lille Métropole à Marcq en Baroeul,joue,directive24,appeloffre,initial,Région Hauts-de-France,59555,LILLE,,"[""Mission d'ordonnancement, pilotage, coordination (OPC)""]",[234],non,non
20-114449,2020-09-20,2020-12-31,"['59', '62']",FOURNITURES DE FRUITS ET LEGUMES SUR 4 LOTS,joue,directive24,attribution,initial,lycée Camille Claudel,59613,Fourmies,"[('2019-11-06', 'SARL CING 5E', (358751.58, 'EUR'), 'POMMES DE TERRE FRAICHES CRUS 4EME GAMME'), ('2019-11-06', 'CHARLET SAS', (19918.88, 'EUR'), 'LEGUMES FRAIS DE SAISON 4EME GAMME'), ('2019-11-06', 'SAS ROSELLO ET FILS', (212957.94, 'EUR'), 'fruits et legumes de garde 1ere gamme'), ('2019-11-06', 'SAS ROSELLO ET FILS', (720859.97, 'EUR'), 'AUTRES FRUITS ET LEGUMES FRAIS 1ERE GAMME, FRUITS 4EME GAMME, LEGUMES ET PDT')]",['Denrées alimentaires'],[88],non,non
20-114437,2020-09-20,2020-10-31,['59'],Fourniture d'électricité et services associés,joue,directive24,attribution,initial,LILLE GRAND PALAIS,59777,Lille Euralille,"[('2020-08-31', 'ELECTRICITE DE FRANCE', (900000, 'EUR'), ""Fourniture d'électricité et services associés"")]","['Electricité, gaz (fourniture)']",[443],non,oui
20-114821,2020-09-20,2020-10-20,['60'],Organisation et exploitation d'un service de transport public,joue,directive24,appeloffre,initial,COMMUNAUTE DE COMMUNES DES SABLONS,60175,Villeneuve Les Sablons,,['Transport'],[347],non,non
20-113884,2020-09-20,2020-11-10,['62'],restauration de l'hôtel de ville le touquet-paris-plage (bâtiment classé) - relance de 7 lots infructueux sur 17 lots,joue,directive24,appeloffre,initial,ville du Touquet-Paris-Plage,62520,Le Touquet Paris Plage,,"['Ascenseur', 'Bois', 'Etanchéité', 'Maçonnerie', 'Menuiserie', 'Peinture (fourniture)', 'Peinture (travaux)', 'Plâtrerie', 'Revêtements de sols']","[17, 38, 117, 195, 222, 263, 264, 269, 308]",non,non
20-114643,2020-09-20,2020-09-27,['62'],"Marchés de services portant sur l'exploitation des installations de chauffage, de ventilation, de climatisation, de production d'eau chaude sanitaire et de traitement d'eau des bâtiment",joue,directive24,appeloffre,initial,Ville de Beuvry,62660,BEUVRY,,"['Chauffage (exploitation, entretien)']",[59],non,non
20-114810,2020-09-20,2020-10-18,['62'],prestations de stérilisation de dispositifs médicaux réutilisables nécessaires aux besoins des polycliniques du groupe AHNAC,joue,directive24,appeloffre,initial,AHNAC,62800,Liévin,,['Prestations de services'],[274],non,non
20-114694,2020-09-20,2020-11-09,['63'],"Fourniture Et Livraison De Pain Issu De L'Agriculture Biologique Pour Les Unités De Production Culinaire, Les Crèches, Les Eaje Et D'Un Centre De Vacances De La Ville De Clermont-F",joue,autre,rectificatif,rectificatif,Ville de Clermont-Ferrand,63007,Clermont-Ferrand,,['Denrées alimentaires'],[88],oui,oui
20-114345,2020-09-20,2020-10-18,['63'],"réalisation d'un état des lieux et la réalisation d'études d'ergonomie au travail sites de bordeaux, clermont ferrand, cuers pierrefeu, bretagne et ambérieu en bugey",joue,directive81,attribution,initial,MINDEF/AIR/SIAé,63028,CLERMONT-FERRAND CEDEX 2,"[('2020-08-03', 'SERES TECHNOLOGIES', (306080.0, 'EUR'), None), ('2020-08-03', 'INITIATIVES PREVENTION', (457430.0, 'EUR'), None), ('2020-08-03', 'ERGONOVA CONSEIL', (272040.0, 'EUR'), None), ('2020-08-03', 'INITIATIVES PREVENTION', (160580.0, 'EUR'), None)]","['Etude', 'Prestations de services']","[118, 274]",non,non
20-114824,2020-09-20,2020-10-29,['15'],"RN 122 - Déviation de Sansac de Marmiesse et Raccordement au contournement sud d' Aurillac-Section Pas du Laurent - Poudrière - Terrassements généraux, Ouvrages d'art, Assainissement, Couche",joue,directive24,appeloffre,initial,DIR REG ENVIR AMENAGEMENT LOGT AUVERGN,63033,Clermont-ferrand cedex 01,,['Terrassement'],[341],oui,oui
20-114687,2020-09-20,2020-10-05,['65'],Travaux De Reconstruction De L'Ecole Jean Mace,joue,autre,rectificatif,rectificatif,VILLE DE TARBES,65000,Tarbes,,"['Charpente', 'Electricité (travaux)', 'Gros oeuvre', 'Menuiserie', 'Plomberie (travaux)']","[57, 105, 144, 222, 270]",non,non
20-114856,2020-09-20,2020-10-21,['65'],Services de télécommunications,joue,directive24,appeloffre,initial,COM D AGGL TARBES LOURDES PYRENEES,65013,Tarbes cedex 9,,['Télécommunications'],[338],non,non
20-114696,2020-09-20,2020-12-16,['65'],"Fourniture de produits d'entretien, d'hygiène et divers articles ménagers pour le Ght 65",joue,directive24,attribution,initial,CENTRE HOSPITALIER DE BIGORRE,65013,Tarbes,,"['Hygiène (articles)', ""Produits d'entretien""]","[153, 278]",non,oui
20-114542,2020-09-20,2020-12-16,['65'],Mise en oeuvre de la communication touristique de la station de Saint-Lary 2020-2023,joue,directive24,attribution,initial,Office de Tourisme de Saint-Lary,65171,Saint-Lary Cédex,"[('2020-07-08', 'Le Cire Jaune', (541464.85, 'EUR'), None)]","['Publicité, Communication', 'Objet publicitaire']","[285, 464]",non,non
20-114788,2020-09-20,2020-10-30,"['67', '68', '54', '57']",Prestations d'accueil physique et téléphonique pour la Délégation Alsace du CNRS sur les campus de Cronenbourg et Esplanade à Strasbourg,joue,directive24,appeloffre,initial,CNRS - Délégation Alsace,67037,Strasbourg,,['Prestations de services'],[274],non,non
20-114634,2020-09-20,2020-11-20,['67'],AC_ELECTRICITE_2021-2024_3-36KVA,joue,directive24,attribution,initial,Communauté de Communes Région MOLSHEIM,67125,MOLSHEIM CEDEX,"[('2020-09-08', 'IBERDROLA', (740000, 'EUR'), 'Fourniture et Acheminement Electricité / Sites 3-36 KVA / Lot 1'), ('2020-09-08', 'EPANGO', (740000, 'EUR'), 'Fourniture Acheminement Electricité / Sites 3-36 KVA /Lot 1'), ('2020-09-08', 'ES', (740000, 'EUR'), 'Fourniture Acheminement Electricité / Sites 3-36 KVA /Lot 1'), ('2020-09-08', 'E-PANGO', (1292000, 'EUR'), 'Fourniture et Acheminement Electricité / Sites 3-36 KVA / Lot 2 Eclairage Public'), ('2020-09-08', 'ES', (1292000, 'EUR'), 'Fourniture et Acheminement Electricité / Sites 3-36 KVA / Lot 2 Eclairage Public'), ('2020-09-08', 'IBERDROLA', (1292000, 'EUR'), 'Fourniture et Acheminement Electricité / Sites 3-36 KVA / Lot 2 Eclairage Public')]","['Electricité, gaz (fourniture)']",[443],non,non
20-114356,2020-09-20,2020-10-20,['67'],Concours de maîtrise d'oeuvre pour la construction d'une salle multi-activités à Wasselonne,joue,directive24,appeloffre,initial,Mairie de WASSELONNE,67318,Wasselonne cedex,,['Prestations de services'],[274],non,non
20-114731,2020-09-20,2020-10-22,['67'],Délégation du service public de transport de personnes,joue,directive23,appeloffre,initial,CA DE HAGUENAU,67504,Haguenau,,"['Prestations de services', 'Transport']","[274, 347]",non,non
20-114890,2020-09-20,2020-12-16,['68'],"Anticorps monoclonaux, marqueurs d'anatomopathologie et contrôles d'hématologie",joue,directive24,attribution,initial,Hopitaux Civils de Colmar,68024,Colmar,"[('2020-08-04', 'Becton Dickinson Bd France S.A.S', (5334.4, 'EUR'), 'Lot 101'), ('2020-08-04', 'Becton Dickinson Bd France S.A.S', (42661.65, 'EUR'), 'Lot 102'), ('2020-08-04', 'Becton Dickinson Bd France S.A.S', (2398.5, 'EUR'), 'Lot 103'), ('2020-08-04', 'Becton Dickinson Bd France S.A.S', (234, 'EUR'), 'Lot 104'), ('2020-08-04', 'Miltenyi Biotec', (278.25, 'EUR'), 'Lot 105'), ('2020-08-04', 'Beckman Coulter France', (1911.36, 'EUR'), 'Lot 106'), ('2020-08-04', 'Becton Dickinson Bd France S.A.S', (15040, 'EUR'), 'Lot 107 Variantes autorisées'), ('2020-08-04', 'Bio-Techne s.a.s', (442.7, 'EUR'), 'Lot 109'), ('2020-08-04', 'Beckman Coulter France', (1540.33, 'EUR'), 'Lot 110'), ('2020-08-04', 'Becton Dickinson Bd France S.A.S', (19600, 'EUR'), 'Lot 111 - Variantes autorisées'), ('2020-08-04', 'Becton Dickinson Bd France S.A.S', (495.95, 'EUR'), 'Lot 112'), ('2020-08-04', 'Eurocell Diagnostics', (2458.08, 'EUR'), 'Contrôle de qualité interne pour numération des sous-populations lymphocytaires'), ('2020-08-04', 'Eurocell Diagnostics', (3369.6, 'EUR'), 'Contrôles de qualité interne externalisables pour la vitesse de sédimentation')]",['Consommables médicaux'],[69],non,non
20-114483,2020-09-20,2020-12-18,"['67', '68']",marché exploitation maintenance palais de justice de strasbourg,joue,directive24,attribution,initial,Ministère de la Justice,68700,Colmar,"[('2020-09-05', 'DB MAINTENANCE', (668000, 'EUR'), None)]","['Assistance technique', 'Maintenance', 'Prestations de services']","[19, 196, 274]",non,non
20-114674,2020-09-20,2020-12-31,"['38', '69', '71', '73', '74', '1', '3', '7', '26']",Fourniture de repas cuisinés et préparés à l'avance pour le quartier de semi-liberté de Grenoble et du centre de semi-liberté de Lyon.,joue,directive24,appeloffre,initial,DIR INTERREGIONALE SCES PENITENTIAIRES,69007,Lyon,,"['Restauration collective', 'Repas, traiteur']","[66, 304]",non,non
20-114351,2020-09-20,2020-11-18,"['69', '1', '7', '38', '26', '42', '73', '74', '63']",M19.0045 Acquisition d'une machine de fabrication additive,joue,directive24,attribution,initial,INST NAL DES SCIENCES APPLIQUEES LYON,69100,Villeurbanne,"[('2020-07-08', '3DZ (Nom commercial) VISION 3D -France (Dénomination sociale)', (189740.24, 'EUR'), ""Lot unique : acquisition d'une machine de fabrication additive"")]",['Machines-outils'],[194],non,oui
20-114693,2020-09-20,2020-10-09,['69'],Fourniture de vêtements de travail pour les services de la ville de Vénissieux,joue,autre,rectificatif,rectificatif,COMMUNE DE VENISSIEUX,69200,Vénissieux,,"['Chaussures ou articles chaussants', 'Habillement', 'Textile']","[79, 150, 343]",non,non
20-114695,2020-09-20,2020-12-16,['69'],Fourniture de matériel d'éclairage spécifique nécessaire aux opérations d'aménagement de la Ville de Lyon,joue,directive24,attribution,initial,Ville de Lyon,69205,Lyon cedex 01,"[('2020-06-26', 'Valmont', (1000000, 'EUR'), ""Fourniture de crosses et d'appliques spécifiques à rotule""), ('2020-06-26', 'Zg Lighting France', (1000000, 'EUR'), 'Fourniture de luminaires spécifiques à rotule'), ('2020-06-29', 'Abak', (1000000, 'EUR'), 'Fourniture de projecteurs et pièces détachées adaptables à la marque Meyer'), ('2020-06-29', 'Selux', (1000000, 'EUR'), ""Fourniture de lanternes d'ambiance lumineuse et pièces détachées adaptables à la marque Selux""), ('2020-06-29', 'Lec Lyon', (1000000, 'EUR'), 'Fourniture de projecteurs à Leds et pièces détachées adaptables à la marque Lec')]",['Eclairage public'],[102],non,oui
20-114779,2020-09-20,2020-12-16,['69'],Fourniture de câbles et fils électriques,joue,directive24,attribution,initial,Ville de Lyon,69205,Lyon cedex 01,"[('2020-04-14', 'Socabel', (350000, 'EUR'), 'Câbles et fils normalisés Nf et Ce'), ('2020-04-22', 'Socabel', (105000, 'EUR'), 'Câbles et fils spécifiques')]",['Eclairage public'],[102],non,oui
20-114780,2020-09-20,2020-12-16,['69'],Formations linguistiques,joue,directive24,attribution,initial,Ville de Lyon,69205,Lyon cedex 01,"[('2020-05-07', 'Linguaphone Nt', (240000, 'EUR'), None)]",['Formation'],[410],non,non
20-114737,2020-09-20,2020-10-14,['69'],ASSURANCES DOMMAGE OUVRAGE ET TOUS RISQUES CHANTIERS POUR LE CHG DU MONT D'OR - ALBIGNY SUR SAONE,joue,directive24,appeloffre,initial,CHU Lyon,69373,Lyon cedex 08,,['Assurance'],[20],non,non
20-114789,2020-09-20,2020-10-19,['69'],T20_4101_SP,joue,directive24,appeloffre,initial,CHU Lyon,69373,Lyon cedex 08,,['Amiante'],[24],non,non
20-114794,2020-09-20,2020-09-30,['69'],Sourcing en vue d'un futur marché de partenariat portant sur la réalisation de 15 000 mètres carrés de bureaux pour les besoins de l'État sur le site actuel de la cité administrative de l'État à L,joue,directive24,preinformation,initial,DDT du Rhône,69401,Lyon cexe 03,,['Bâtiment'],[33],non,non
20-114736,2020-09-20,2020-11-06,"['69', '1', '38', '42']","Gaz Médicaux, outil informatique de traçabilité et formation",joue,directive24,appeloffre,initial,SCE DEP METROPOLITAIN INCENDIE SECOURS,69421,LYON Cedex 03,,"['Gaz médicaux', 'Formation', 'Informatique (assistance)']","[140, 410, 453]",non,non
20-114320,2020-09-20,2020-10-30,"['74', '69', '73', '1']",Marché d'exploitation et de maintenance multi-technique de l'Hôtel de Police à Annemasse (74)- Marché 2020-008,joue,directive24,attribution,initial,S.G.A.P. SUD-EST,69421,Lyon cedex 03,"[('2020-07-29', 'BOUYGUES E&S FM France', (20485.24, 'EUR'), ""Exploitation et Maintenance de l'Hôtel de Police à Annemasse (74)"")]",['Prestations de services'],[274],non,non
20-114423,2020-09-20,2020-10-30,['69'],"Dossier loi sur l'eau, études hydrauliques, hydrologiques et envorinnementales pour les ouvrages d'art de la DIR CE",joue,directive24,appeloffre,initial,DIR Centre-Est,69446,Lyon cedex 03,,"['Prestations de services', 'Ingénierie']","[274, 455]",non,non
20-114603,2020-09-20,2020-10-21,['69'],Mission de diagnostics et repérages des matériaux et produits contenant de l'amiante et du plomb sur le patrimoine Sytral.Contrôles extérieurs des travaux de désamiantage,joue,directive25,appeloffre,initial,SYTRAL,69487,Lyon,,"['Assistance technique', 'Prestations de services', 'Amiante (diagnostic)']","[19, 274, 431]",non,non
20-114534,2020-09-20,2020-10-19,['69'],Maintenance des toitures et terrasses des biens de la Métropole,joue,autre,rectificatif,rectificatif,METROPOLE DE LYON,69505,Lyon,,['Maintenance'],[196],oui,non
20-114539,2020-09-20,2020-10-16,['69'],Maintenance des ascenseurs de l'hôtel de Métropole,joue,autre,rectificatif,rectificatif,METROPOLE DE LYON,69505,Lyon,,['Maintenance'],[196],non,non
20-114326,2020-09-20,2020-10-13,['69'],"Accès à une base de données de contenus de presse, droits de diffusion inclus",joue,autre,rectificatif,rectificatif,METROPOLE DE LYON,69505,Lyon,,"['Livres', 'Numérisation']","[184, 463]",non,non
20-114327,2020-09-20,2020-12-16,['69'],"Assistance technique, juridique et financière pour l'accompagnement à la mise en place du prochain mode d'organisation et de gestion du service public de production et de distribut",joue,directive24,attribution,initial,METROPOLE DE LYON,69505,Lyon,,"['Assistance technique', 'Prestations de services', 'Assistance juridique']","[19, 274, 434]",non,non
20-114639,2020-09-20,2020-09-25,['69'],élaboration d'une stratégie marketing et d'outils de communication associés sur 3 lots : sujets émergents ; industrie ; université recherche (rectificatif),joue,autre,rectificatif,rectificatif,Métropole de Lyon,69505,Lyon Cedex 03,,['Prestations de services'],[274],non,non
20-114530,2020-09-20,2020-10-21,['69'],"Maintenance Des Ascenseurs, Monte-Charges, Monte-Livres Et Plates-Formes élévatrices De Personnes à Mobilité Réduite Pour La Ville De Villeurbanne",joue,directive24,appeloffre,initial,Ville de Villeurbanne,69601,Villeurbanne,,['Maintenance'],[196],non,non
20-114512,2020-09-20,2020-10-19,"['69', '1', '38', '42']",Acquisition de minibus 9 places d'occasion à livrer courant septembre 2020,joue,directive24,attribution,initial,REGION AUVERGNE RHONE ALPES,69629,Lyon Cedex 02,,['Véhicules'],[359],non,non
20-114489,2020-09-20,2020-10-21,"['22', '69']",Fourniture d'une sondeuse géotechnique polyvalente automotrice,joue,directive24,appeloffre,initial,Cerema,69674,Bron,,"['Equipements spécialisés', 'Sondage']","[115, 323]",non,non
20-114566,2020-09-20,2020-10-26,['72'],"Fourniture et livraison de pièces détachées, de lubrifiants pour les véhicules, poids lourds, engins de travaux publics et agricoles pour les besoins du Parc départemental de la S",joue,directive24,appeloffre,initial,DEPARTEMENT DE LA SARTHE,72072,Le Mans,,['Pièces détachées'],[266],non,non
20-114391,2020-09-20,2020-10-20,"['73', '38', '74']",Fourniture Et Livraison En Vrac De Carburant Pour La Station Service Du Corbier Et Le Centre Technique Municipal,joue,directive24,appeloffre,initial,Ville de Villarembert,73300,Villarembert,,"['Carburant, hydrocarbure']",[52],non,non
20-114529,2020-09-20,2020-10-20,['74'],Fourniture De Titres Restaurant Dematerialises Pour Le Personnel D Annemasse Agglomeration,joue,directive24,appeloffre,initial,Annemasse Les Voirons Agglomération,74100,Annemasse,,['Titres restaurant'],[416],non,non
20-114368,2020-09-20,2020-10-20,['75'],"PRESTATIONS DE CONSEIL, D'ASSISTANCE JURIDIQUE ET DE REPRESENTATION EN JUSTICE POUR L'UNIVERSITE SORBONNE NOUVELLE",joue,directive24,appeloffre,initial,UNIVERSITE PARIS III SORBONNE NOUVELLE,75005,Paris,,['Assistance juridique'],[434],non,non
20-114518,2020-09-20,2020-10-05,"['75', '91', '92', '93', '94', '95']",assistance générale à maîtrise d'ouvrage et conduite d'opération - cable a (rectificatif),joue,autre,rectificatif,rectificatif,Ile de France Mobilités,75009,paris,,"['Transport', ""Assistance à maîtrise d'ouvrage""]","[347, 433]",non,non
20-114490,2020-09-20,2020-10-25,['75'],Assurance tous risques expositions,joue,directive24,appeloffre,initial,PARIS MUSEES,75010,Paris,,['Assurance'],[20],non,non
20-114592,2020-09-20,2020-09-26,['75'],Fourniture et mise en oeuvre de solutions logicielles pour le pilotage médico-économique,joue,autre,rectificatif,rectificatif,GIP RESAH,75011,Paris,,['Logiciel'],[186],non,non
20-114811,2020-09-20,2020-11-21,['75'],ACHAT REVENTE DE PRESTATIONS RELATIVES A LA CREATION ET GESTION DE PARC D'ECHOGRAPHIE,joue,directive24,attribution,initial,GIP RESAH,75011,Paris,,['Matériel médical'],[212],non,oui
20-114551,2020-09-20,2020-10-31,['10'],Fournitures d'habillements et d'équipements de protection individuelle,joue,directive24,appeloffre,initial,EPTB Seine Grands Lacs,75012,Paris,,['Habillement'],[150],non,non
20-114755,2020-09-20,2020-10-26,"['75', '92', '93', '94', '78']","Gardiennage des sites dépendant des directions de Seine Amont, Seine Centre, Seine Grésillons et Seine Aval",joue,directive24,appeloffre,initial,SIAAP,75012,Paris,,"['Gardiennage', 'Sécurité incendie']","[138, 332]",non,non
20-114740,2020-09-20,2020-10-20,['75'],Accord cadre relatif au nettoyage des sanitaires dans les espaces verts et les cimetières de la ville de Paris,joue,directive24,appeloffre,initial,Ville de Paris,75013,Paris,,['Nettoyage urbain'],[240],non,non
20-114635,2020-09-20,2020-10-27,['75'],"Accords-cadres à bons de commande relatifs au stockage, manutention et transports de divers matériels, mobiliers et équipements de protection pour les services de la Ville de Paris en 3 lots séparés",joue,directive24,appeloffre,initial,Ville de Paris,75013,Paris,,['Manutention'],[237],non,oui
20-114587,2020-09-20,2020-11-02,['75'],Le présent marché a pour objet l'achat et la livraison de denrées alimentaires dans les cuisines scolaires gérées par la Caisse des Ecoles afin d'assurer le service public de restauration sc,joue,directive24,appeloffre,initial,Caisse des Ecoles du 13ème Arrondi.,75013,Paris,,['Denrées alimentaires'],[88],non,non
20-114136,2020-09-20,2020-09-29,['75'],l'achat de séjours en centre de vacances hiver 2021 marche complementaire,joue,directive24,appeloffre,initial,AGOSPAP,75019,PARIS,,['Voyage'],[367],non,non
20-114758,2020-09-20,2020-11-30,['75'],Fourniture d'instruments de musique pour le compte de la Garde Républicaine,joue,directive24,appeloffre,initial,Préfecture de police DFCPP BCP,75195,Paris,,"['Abris', 'Instruments de musique']","[1, 166]",non,non
20-114598,2020-09-20,2020-12-21,['75'],Accord cadre de prestations d'accueil d'hôte(sses) pour l'Ecole normale supérieure à Paris 5ème,joue,directive24,appeloffre,initial,ECOLE NORMALE SUPERIEURE,75230,Paris,,['Prestations de services'],[274],non,non
20-114754,2020-09-20,2020-10-21,"['24', '16', '17', '19', '33', '40', '46', '47', '32']",Densification et rénovation énergétique de la Cité Administrative de Périgueux,joue,directive24,appeloffre,initial,SEC GAL MINISTERES ECONOMIQUES FINANCI,75572,Paris cedex 12,,"[""Maîtrise d'oeuvre""]",[197],non,oui
20-114822,2020-09-20,2020-10-20,['75'],Travaux de câblage informatique et téléphonique pour le CASVP,joue,directive24,appeloffre,initial,CAS-VP,75589,Paris cedex 12,,['Electricité (travaux)'],[105],oui,oui
20-114671,2020-09-20,2020-10-28,['75'],Procédure concurrentielle avec négociation pour la conception et réalisation d'un nouveau système de vidéoprotection pour le site hospitalier Saint Antoine,joue,directive24,appeloffre,initial,ASSISTANCE PUBLIQUE HOPITAUX DE PARIS,75651,Paris cedex 13,,['Télésurveillance'],[415],non,non
20-114373,2020-09-20,2020-10-12,['75'],Achat et livraison d'équipements de protection contre les épidémies de type Covid 19,joue,autre,rectificatif,rectificatif,INST NAL RECHERCHES ARCHEOLOGIQUES PRE,75685,Paris cedex 14,,['Matériel médical'],[212],non,non
20-114893,2020-09-20,2020-10-21,"['75', '11', '30', '66', '34', '6', '13', '83', '20A']",Location d'équipements robotisés d'exploration et d'excavation sous-marins (ROV) avec bateau support de travail et location de moyens nautiques support-surface professionnels,joue,directive24,appeloffre,initial,INST NAL RECHERCHES ARCHEOLOGIQUES PRE,75685,Paris Cedex 14,,['Location (matériels)'],[185],non,non
20-114559,2020-09-20,2020-10-18,['57'],ENTRETIEN DES MATERIELS DE CUISINE CHAUD ET FROID DES ETABLISSEMENTS SITUES EN MOSELLE DE LA DIRECTION REGIONALE EST DE FILIERIS,joue,directive24,attribution,initial,CANSSM,75714,Paris cedex 15,"[('2020-09-14', 'Horis services', (275000, 'EUR'), 'Entretien des matériels de cuisine chaud et froid des Etablissements situés en Moselle de la Direction Régionale Est de FILIERIS')]",['Prestations de services'],[274],non,non
20-114902,2020-09-20,2021-02-19,['75'],MEAE_20027_RH4,joue,directive24,appeloffre,initial,Ministère des Affaires étrangères,75732,Paris Cedex 15,,"['Prestations de services', 'Formation']","[274, 410]",oui,non
20-108259,2020-09-20,2020-10-19,['75'],"maintenance et reparation des appareils de levage, de transports electromecaniques destines aux personnes a mobilite reduite et des elevateurs a usage particulier sur le campus gerard megie du cnrs",joue,directive24,appeloffre,initial,C.N.R.S.,75794,PARIS Cedex 16,,"['Appareil élévateur', 'Ascenseur', 'Prestations de services']","[11, 17, 274]",non,non
20-114767,2020-09-20,2020-10-23,['75'],"Fourniture et acheminement d'électricité, ainsi que les services associés",joue,directive24,appeloffre,initial,Conseil National Ordre des Médecins,75855,Paris,,"['Electricité, gaz (fourniture)']",[443],non,oui
20-114645,2020-09-20,2020-10-31,"['76', '14', '27', '50', '61']","Maintenance préventive et corrective des ascenseurs, monte-charges et autres systèmes élévateurs de personnes",joue,directive24,attribution,initial,GPT DE COOPERATION SANITAIRE HACOM,76170,LILLEBONNE,"[('2020-09-10', 'THYSSENKRUPP', (78568, 'EUR'), 'Maintenance préventive et corrective des établissements des départements 27 et 61 (14 et 50 le cas échéant)'), ('2020-09-10', 'THYSSENKRUPP', (182468, 'EUR'), 'Maintenance préventive et corrective des établissements du département 76')]",['Ascenseur'],[17],non,non
20-114765,2020-09-20,2020-10-19,['76'],Moe - Renouvellement de l'étanchéité du quai de la Bourse à Rouen entre les rues Jeanne d'Arc et Grand Pont,joue,directive24,appeloffre,initial,METROPOLE ROUEN NORMANDIE,76176,Rouen,,['Prestations de services'],[274],non,non
20-114677,2020-09-20,2020-10-30,['76'],Réhabilitation de 5 réservoirs de stockage d'eau potable - Programme 2020,joue,directive25,appeloffre,initial,METROPOLE ROUEN NORMANDIE,76176,Rouen,,['Réservoir'],[307],non,non
20-111038,2020-09-20,2020-12-31,['76'],restaurationà domicile en liaison froide pour les personnes âgées et les personne handicapées,joue,directive24,appeloffre,initial,CCAS de Port-Jérôme-sur-Seine,76330,Port-Jérôme-sur-Seine,,"['Repas, traiteur']",[304],non,oui
20-114444,2020-09-20,2020-11-02,"['77', '75', '60', '91', '95']",Fourniture de matériels de réseau pour la Direction de l Eau et de l Assainissement.,joue,directive24,appeloffre,initial,CA DU PAYS DE MEAUX,77107,Meaux cedex,,['Assainissement'],[18],non,non
20-114321,2020-09-20,2020-10-30,['77'],2020SERV007MLV,joue,directive24,appeloffre,initial,Université Paris Est Marne-la-Vallée,77454,Marne-la-vallée cedex 2,,['Nettoyage de locaux'],[239],non,non
20-114894,2020-09-20,2020-10-20,['77'],Souscription Des Contrats D'Assurance Pour La Ville Et Le Centre Communal D'Action Sociale (Ccas) De Roissy-En-Brie,joue,directive24,appeloffre,initial,COMMUNE DE ROISSY EN BRIE,77680,Roissy En Brie,,['Assurance'],[20],non,non
20-114295,2020-09-20,2020-10-19,['78'],Prestation d'assurances flotte véhicules pour les besoins du Service Départemental d'Incendie et de Secours des Yvelines (Sdis 78),joue,directive24,appeloffre,initial,SDIS des Yvelines,78007,Versailles,,['Assurance'],[20],non,non
20-114535,2020-09-20,2020-09-28,['78'],"Exploitation des installations de chauffage, de ventilation, de climatisation et de traitement d'air de deux bâtiments Départementaux hors chaufferie gaz et chauffage urbain",joue,autre,rectificatif,rectificatif,Conseil départemental des Yvelines,78012,Versailles,,"['Chauffage (exploitation, entretien)']",[59],non,non
20-114369,2020-09-20,2020-11-18,"['78', '27', '75', '92']","Maintenance des installations de chauffage, de climatisation et de ventilation des sites de la CPAM des Yvelines.",joue,directive24,attribution,initial,CAISSE PRIMAIRE ASSURANCE MALADIE,78085,Yveline cedex 09,"[('2020-09-15', 'LOUVEL CHAUFFAGE', (140150, 'EUR'), 'Maintenance des installations de chauffage, de climatisation et de ventilation des sites de la CPAM des Yvelines')]",['Maintenance'],[196],non,non
20-114549,2020-09-20,2020-12-31,"['78', '75', '91', '92', '93', '94', '95', '77']",Prestations de télécommunications pour la commune de Montesson,joue,directive24,appeloffre,initial,MAIRIE DE MONTESSON,78360,Montesson,,['Télécommunications'],[338],non,non
20-114816,2020-09-20,2020-10-24,['78'],Etude pré-opérationnelle complémentaire et suivi-animation d'une opération programmée sur la commune Les Mureaux,joue,directive24,appeloffre,initial,GRAND PARIS SEINE ET OISE,78410,Aubergenville,,['Ingénierie'],[455],non,non
20-114726,2020-09-20,2020-11-04,['78'],DAF_2020_001233,joue,directive24,appeloffre,initial,ARM/SCA/PFAF-RBT,78513,Rambouillet cedex,,['Textile'],[343],non,oui
20-114864,2020-09-20,2020-10-26,"['79', '17', '16', '86', '85', '44']",Fourniture et livraison de bacs roulants et de colonnes enterrées destinés à la collecte des déchets,joue,directive24,appeloffre,initial,Communauté d'agglomération du Niortais,79027,Niort cedex,,['Ordures ménagères (prestations)'],[249],non,non
20-114729,2020-09-20,2020-10-15,['79'],Mission partielles de maîtrise d'oeuvre pour l'aménagement sur la RD 948 d'un créneau de dépassement entre Maisonnay et Bois Roger,joue,directive24,appeloffre,initial,Conseil départemental des Deux-Sèvres,79028,Niort Cedex,,"[""Maîtrise d'oeuvre""]",[197],non,non
20-114791,2020-09-20,2020-10-20,['80'],"Fourniture de produits pharmaceutiques, alcool, formol, nettoyants et désinfectants",joue,directive24,appeloffre,initial,CHU AMIENS PICARDIE,80054,Amiens cedex 1,,"['Produits chimiques', 'Produits pharmaceutiques']","[275, 280]",non,non
20-114513,2020-09-20,2020-10-19,['80'],"AOT - mise en place de distributeurs automatiques par un prestataire extérieur, à destination des patients, du personnel et des personnes externes en visite pour le CH de Doullens",joue,directive24,appeloffre,initial,CHU AMIENS PICARDIE,80054,Amiens cedex 1,,"['Boisson', 'Equipements spécialisés']","[39, 115]",non,non
20-114796,2020-09-20,2020-10-21,['80'],MARCHE DE SERVICE RELATIF A LA PRESTATION 'RISQUES STATUTAIRES DU PERSONNEL' POUR LES BESOINS DU CENTRE DEPARTEMENTAL DE L'ENFANCE ET DE LA FAMILLE,joue,directive24,appeloffre,initial,CTRE DEPART DE L ENFANCE ET FAMILLE,80084,Amiens cedex 2,,"['Assurance', 'Prestations de services']","[20, 274]",non,non
20-114524,2020-09-20,2020-10-18,['80'],"fourniture et livraison de denrées alimentaires et de boissons, issues de l'agriculture conventionnelle, biologique ou raisonnée pour la communauté d'agglomération de la baie de somme",joue,autre,rectificatif,rectificatif,CA Baie de Somme,80100,Abbeville,,['Denrées alimentaires'],[88],non,non
20-114680,2020-09-20,2020-10-19,['82'],Acquisition de documents sonores et audiovisuels à des fins de prêt et de consultation,joue,directive24,appeloffre,initial,DEPARTEMENT DU TARN ET GARONNE,82000,Montauban,,"['Cd, DVD']",[45],non,non
20-114841,2020-09-20,2020-10-22,['82'],Entretien Et Maintenance Des Batiments Du Groupement Hospitalier De Territoire du Tarn-Et-Garonne (Ght82),joue,directive24,appeloffre,initial,Centre Hospitalier de Montauban,82013,Montauban,,"['Chauffage (travaux)', 'Electricité (travaux)', 'Maintenance']","[61, 105, 196]",non,non
20-114605,2020-09-20,2020-10-20,['83'],"Accord-Cadre Multi Attributaire - Maîtrise D'oeuvre En Matière De Mise En Conformité Du Patrimoine Bâti Du Département (Accessibilité, Rénovation Thermique, Gros Entretien, Rénovati",joue,directive24,appeloffre,initial,Conseil Général du Var,83000,Toulon,,"[""Maîtrise d'oeuvre""]",[197],non,non
20-114834,2020-09-20,2020-10-19,['83'],"Prestations: analyses d'eaux de différentes origines et matrices environnementales diverses, analyses d'air - Laboratoire Départemental d'Analyses et d'Ingénierie du Var, sites Dra",joue,directive24,appeloffre,initial,Conseil Général du Var,83076,Toulon,,['Prestations de services'],[274],non,non
20-114898,2020-09-20,2020-10-20,['83'],Prestations de nettoyage des bâtiments communaux,joue,directive24,appeloffre,initial,Ville de Bandol,83150,Bandol,,['Nettoyage de locaux'],[239],non,non
20-114675,2020-09-20,2020-10-30,['83'],Assistance et conseil juridique pour le compte de la commune du Castellet,joue,directive24,appeloffre,initial,Mairie du Castellet,83330,Le Castellet,,['Assistance juridique'],[434],non,non
20-114912,2020-09-20,2020-11-02,['83'],FOURNITURE DE MOBILIERS ET AUTRES ARTICLES POUR COLLECTIVITES,fns,cmp2006,appeloffre,initial,COMMUNE LE LUC,83340,Le Luc en Provence,,['Mobilier'],[230],non,oui
20-114424,2020-09-20,2020-10-22,['84'],fourniture et acheminement d'électricité et services complémentaires,joue,directive24,appeloffre,initial,Cté des Cnes du Pays réuni d'Orange,84100,Orange,,"['Eclairage public', 'Electricité, gaz (fourniture)']","[102, 443]",non,non
20-114851,2020-09-20,2020-12-31,['84'],Acquisition de consommables et de produits d'entretien pour LMV Agglomération et les membres du groupement de commandes.,joue,directive24,appeloffre,initial,LUBERON MONTS DE VAUCLUSE,84300,Cavaillon,,"[""Produits d'entretien""]",[278],non,oui
20-114631,2020-09-20,2020-11-19,['84'],Enlèvement et traitement des déchets produits par l'activité des services routiers et issus de l'entretien des routes départementales de Vaucluse.,joue,directive24,appeloffre,initial,Département de Vaucluse,84909,Avignon cedex 9,,['Déchets non ménagers (prestations)'],[404],non,non
20-114416,2020-09-20,2020-12-07,['84'],Assistance à la maitrise d'ouvrage en informatique pour le Conseil départemental de Vaucluse,joue,directive24,attribution,initial,Département de Vaucluse,84909,Avignon Cedex 9,,['Informatique (prestations de services)'],[163],non,non
20-114332,2020-09-20,2020-10-26,['87'],Location d'un atelier de reprofilage localisé,joue,directive24,appeloffre,initial,Conseil Départemental Haute-Vienne,87000,LIMOGES,,['Voirie'],[365],non,non
20-114588,2020-09-20,2020-10-02,['87'],Assistance à Maîtrise d?Ouvrage - Etablissement du programme Pluriannuel Immobilier de la DIR Centre-Ouest,joue,directive24,attribution,initial,DIR Centre-Ouest,87000,Limoges,"[('2020-09-02', 'Artelia', (73654.8, 'EUR'), ""Assistance à Maîtrise d'Ouvrage - Etablissement du programme Pluriannuel Immobilier de la DIR Centre-Ouest"")]","['Prestations de services', 'Ingénierie']","[274, 455]",non,non
20-114406,2020-09-20,2020-10-21,['88'],Accord cadre pour la fourniture d'énergie électrique pour plusieurs points de livraison allotis de la Communauté d'Agglomération de SAINT-DIÉ-DES-VOSGES.,joue,directive24,appeloffre,initial,CA DE SAINT DIE DES VOSGES,88100,SAINT-DIE-DES-VOSGES,,"['Electricité, gaz (fourniture)']",[443],non,non
20-114485,2020-09-20,2020-10-30,['89'],Fourniture de vêtements de travail et d'équipements de protection individuelle (EPI),joue,directive24,appeloffre,initial,Ville d'Auxerre,89000,Auxerre,,['Matériel de sécurité'],[209],non,oui
20-114447,2020-09-20,2020-10-20,['90'],Fourniture de réactifs pour les U.D.E.P de Grand Belfort Communauté d'Agglomération,joue,directive25,appeloffre,initial,Cté de l'Agglomération Belfortaine,90020,BELFORT CEDEX,,['Produits chimiques'],[275],non,non
20-114591,2020-09-20,2020-11-07,['91'],"Achat de produit et matériel d'entretien, d'hygiène et de matériel",joue,autre,rectificatif,rectificatif,COMMUNE DE BRETIGNY SUR ORGE,91220,Brétigny-sur-orge,,"[""Produits d'entretien""]",[278],non,non
20-114823,2020-09-20,2020-10-09,['92'],location longue durée d'autocars sans chauffeur (rectificatif),joue,autre,rectificatif,rectificatif,Mairie de Nanterre,92000,Nanterre,,['Véhicules (location)'],[474],non,non
20-114521,2020-09-20,2020-11-17,['92'],Conseil juridique et financier à la DGEC pour les projets éoliens en mer,joue,directive24,attribution,initial,MEDDTL - DGEC - SD7,92055,Paris La Défense Cedex,,['Prestations de services'],[274],non,non
20-114793,2020-09-20,2020-10-15,['92'],FOURNITURE ET LIVRAISON DE MASQUES -20052,joue,autre,rectificatif,rectificatif,COMMUNE DE BOULOGNE BILLANCOURT,92100,Boulogne-Billancourt,,['Matériel médical'],[212],non,non
20-114452,2020-09-20,2020-11-17,['92'],20031 Maintenance et évolution de la boucle locale optique entre les bâtiments communaux,joue,directive24,attribution,initial,COMMUNE DE BOULOGNE BILLANCOURT,92100,Boulogne-Billancourt,"[('2020-09-17', 'EIFFAGE ENERGIES SYSTEMES', (150000, 'EUR'), 'Maintenance et évolution de la boucle local optique entre les bâtiments communaux')]",['Fibre optique'],[133],non,non
20-114389,2020-09-20,2020-12-23,"['92', '75']","abattage, dessouchage, elagage d'arbres, entretien forestier et defrichage par l'ecopaturage sur divers sites appartenant a la commune de bagenux",joue,directive24,appeloffre,initial,Ville de Bagneux,92220,Bagneux,,['Espaces verts'],[116],non,oui
20-114420,2020-09-20,2020-11-18,['92'],FOURNITURE ET MAINTENANCE DES EXTINCTEURS ET DES EQUIPEMENTS DE LUTTE CONTRE L'INCENDIE,joue,directive24,attribution,initial,EPIDE,92247,Malakoff cedex,,"['Abris', 'Bâtiment']","[1, 33]",non,non
20-114899,2020-09-20,2020-10-26,['92'],"Marché relatif aux travaux de réaménagement global du secteur François Peatrik, au Plessis Robinson",joue,directive24,appeloffre,initial,Ville du Plessis-Robinson,92350,Le plessis robinson,,"['Bâtiment', ""Tous corps d'état""]","[33, 345]",non,non
20-114641,2020-09-20,2020-10-23,['92'],Maîtrise d'oeuvre pour l'opération d'aménagment Grande Arche Jonction Ouest,joue,directive24,appeloffre,initial,PARIS LA DEFENSE,92932,Paris la défense cedex,,['Prestations de services'],[274],non,non
20-114686,2020-09-20,2020-10-02,['93'],Fourniture de mobilier,joue,autre,rectificatif,rectificatif,DEPARTEMENT DE LA SEINE SAINT DENIS,93000,Bobigny,,['Mobilier'],[230],non,non
20-114854,2020-09-20,2020-10-30,['93'],Accord-cadre à bons de commande de prestations de repérages d'amiante et de plomb avant démolition sur l'ensemble des opérations de la société,joue,directive24,appeloffre,initial,SEQUANO Aménagement,93022,Bobigny cedex,,['Prestations de services'],[274],non,non
20-114743,2020-09-20,2020-10-17,"['93', '75']","La fourniture, livraison de masques et de produits désinfectants au bénéfice des agents de la Ville de Montreuil, du Centre Communal d?Action Sociale et de la Caisse des Écoles.",joue,autre,rectificatif,rectificatif,VILLE DE MONTREUIL,93100,Montreuil,,['Equipements spécialisés'],[115],non,non
20-114338,2020-09-20,2020-10-09,['75'],Accord-cadre relatif à la fourniture et l'acheminement de gaz naturel et prestations de service associées pour les organismes de Sécurité sociale,joue,directive24,attribution,initial,Ucanss,93100,Montreuil,"[('2020-07-16', 'TOTAL DIRECT ENERGIE', (46779047, 'EUR'), 'Fourniture et acheminement de gaz naturel pour les points de livraison distribués par GrDF.'), ('2020-07-16', ""ENGIE Entreprises & Collectivités Cellule Appels d'Offres Publics Agence Ouest et Sud-Est ENGIE - EuroAtrium - Clients Publics"", (46779047, 'EUR'), 'Fourniture et acheminement de gaz naturel pour les points de livraison distribués par GrDF'), ('2020-07-16', 'PLUM ENERGIES', (46779047, 'EUR'), 'Fourniture et acheminement de gaz naturel pour les points de livraison distribués par GrDF'), ('2020-07-16', 'GAZ DE BORDEAUX', (46779047, 'EUR'), 'Fourniture et acheminement de gaz naturel pour les points de livraison distribués par GrDF'), ('2020-07-16', 'SAVE ENERGIES VERTES', (46779047, 'EUR'), 'Fourniture et acheminement de gaz naturel pour les points de livraison distribués par GrDF'), ('2020-07-16', 'GAZ DE BORDEAUX', (2568262, 'EUR'), 'Fourniture et acheminement de gaz naturel pour les points de livraison distribués par un GRD autre que GrDF (ELD)'), ('2020-07-16', 'SAVE ENERGIES VERTES', (2568262, 'EUR'), 'Fourniture et acheminement de gaz naturel pour les points de livraison distribués par un GRD autre que GrDF (ELD)')]","['Electricité, gaz (fourniture)']",[443],non,non
20-114655,2020-09-20,2020-11-11,['93'],Entretien ménager de l'hôtel de ville de Noisy-le-Grand,joue,directive24,appeloffre,initial,Ville de Noisy-le-Grand,93160,Noisy-le-grand,,['Nettoyage de locaux'],[239],oui,oui
20-114614,2020-09-20,2020-11-16,['93'],Fourniture de matériels scéniques,joue,directive24,appeloffre,initial,Ville de Noisy-le-Grand,93160,Noisy-le-grand,,"['Matériel électrique', 'Matériel scénique']","[203, 216]",non,oui
20-114593,2020-09-20,2020-11-10,"['93', '75', '77', '78']",Marché second regard sur les études d'exécution du viaduc dans le cadre de la réalisation des travaux du lot 02 de génie civil de la ligne 18 du Grand Paris Express,joue,autre,rectificatif,rectificatif,Société du Grand Paris,93212,La plaine saint denis cedex,,['Contrôle technique'],[72],non,non
20-114556,2020-09-20,2020-11-18,"['93', '75', '92', '91', '94', '77', '78', '95']",Services topographiques - ligne 15 Ouest du Grand Paris Express,joue,directive25,attribution,initial,Société du Grand Paris,93212,LA PLAINE SAINT-DENIS,,['Topographie'],[344],non,non
20-114552,2020-09-20,2020-11-30,['93'],Fourniture des carburants pour véhicules a progression lente stationnés sur les villes d'Aubervilliers et la Courneuve,joue,directive24,appeloffre,initial,EPT Plaine Commune,93218,Saint-denis cedex,,"['Carburant, hydrocarbure']",[52],non,oui
20-114855,2020-09-20,2020-10-19,['93'],"Assistance technique relatif à la gestion et à l'entretien de la cuisine centrale et des office et à la fourniture, la production et la livraison et service des repas",joue,directive25,attribution,initial,SIVU CMRD,93370,Montfermeil,"[('2020-07-31', 'SODEXO', (5116059.22, 'EUR'), ""Assistance technique relatif à la gestion et à l'entretien de la cuisine centrale et des offices et à la fourniture, la production et la livraison et service des repas"")]",['Restauration collective'],[66],non,non
20-114499,2020-09-20,2020-10-22,"['93', '92', '75', '77', '95', '94']","RÉALISATION DE PRESTATIONS TOPOGRAPHIQUES, FONCIÈRES ET DESSINS",joue,directive24,appeloffre,initial,Mairie Villepinte,93420,Villepinte,,['Topographie'],[344],non,oui
20-114747,2020-09-20,2020-12-30,"['93', '75', '77', '78', '91', '92', '94', '95']",Marché de travaux dans le cadre de la construction des logements de fonction du lycée Joseph Cugnot à Neuilly Sur Marne (93).,joue,directive24,appeloffre,initial,"SAERP, MANDATAIRE DE LA RIF",93500,Pantin,,"['Bâtiment', 'Electricité (travaux)', 'Plomberie (travaux)']","[33, 105, 270]",oui,non
20-114415,2020-09-20,2020-10-20,['93'],DECHETS MENAGERS ET ASSIMILES - PARIS TERRES D'ENVOL (93) FOURNITURE DE CONTENEURS ENTERRES,joue,directive24,appeloffre,initial,PARIS TERRES D'ENVOL,93601,Aulnay sous bois cedex,,"['Conteneur, poubelles', 'Equipements spécialisés']","[71, 115]",non,non
20-114501,2020-09-20,2020-10-19,['93'],Entretien du réseau d'éclairage public et de signalisation lumineuse de la ville de Drancy,joue,directive24,appeloffre,initial,Ville de Drancy,93701,Drancy,,['Candélabre'],[49],non,non
20-114625,2020-09-20,2020-12-20,['94'],Le présent marché a pour objet l'exécution de missions de contrôle technique sur des travaux de construction ou de réhabilitation de petite ou grande envergure sur le patrimoine bâti.,joue,directive24,appeloffre,initial,Ville de l'Hay-les-Roses,94240,L'Häy-Les-Roses,,"['Contrôle technique', 'Prestations de services']","[72, 274]",non,non
20-114660,2020-09-20,2020-11-18,"['94', '75', '77', '78', '91', '92', '93', '95']",Fourniture et livraison de bacs de pré-désinfection,joue,directive24,attribution,initial,ASSISTANCE PUBLIQUE HOPITAUX DE PARIS,94270,Le Kremlin Bicêtre,"[('2020-09-11', 'S.I.C.A.H SOCIETE INGENIERIE CONCEPTION ET AMENAGEMENT HOSPITALIER.', (302991.75, 'EUR'), 'Fourniture de bacs de pré-désinfection')]",['Hygiène (articles)'],[153],non,non
20-114505,2020-09-20,2020-11-18,['94'],"Maintenance et suite de déploiement des courbes de croissance pédiatriques, acquisition de licences et réalisation de prestations associées",joue,directive24,attribution,initial,ASSISTANCE PUBLIQUE HOPITAUX DE PARIS,94270,Le kremlin-bicêtre,"[('2020-09-15', 'PC PAL', (480043.8, 'EUR'), 'Maintenance du logiciel Kalilab du système de management de la Qualité des laboratoires, acquisition de licences complémentaires et réalisation de prestations associées')]","['Informatique (prestations de services)', 'Logiciel']","[163, 186]",non,non
20-114497,2020-09-20,2020-11-18,['94'],Maintenance du logiciel Kalilab,joue,directive24,attribution,initial,ASSISTANCE PUBLIQUE HOPITAUX DE PARIS,94270,Le kremlin-bicêtre,"[('2020-08-21', 'DEDALUS BIOLOGIE', (616254.16, 'EUR'), 'Maintenance du logiciel Kalilab du système de management de la Qualité des laboratoires, acquisition de licences complémentaires et réalisation de prestations associées')]","['Informatique (prestations de services)', 'Logiciel']","[163, 186]",non,non
20-114349,2020-09-20,2020-11-20,['94'],Marché de services d assurance,joue,directive24,appeloffre,initial,OFFICE FRANCAIS DE LA BIODIVERSITE,94300,Vincennes,,['Assurance'],[20],non,non
20-114560,2020-09-20,2020-10-18,"['94', '62', '80']",Cartographie des habitats benthiques meubles intertidaux 1130 et 1140 et analyse de leur contamination chimique dans le PNMEPMO,joue,directive24,attribution,initial,Agence française pour la biodiversité,94300,Vincennes,,"['Analyses médicales, biologiques', 'Prestations de services']","[8, 274]",non,oui
20-114861,2020-09-20,2020-11-17,['94'],"ACHAT D'UNIFORMES, D'ACCESSOIRES ET D'EQUIPEMENTS DE PROTECTION POUR LES AGENTS DE LA POLICE MUNICIPALE ET LES ASVP",joue,directive24,appeloffre,initial,COMMUNE DE VITRY SUR SEINE,94470,Vitry sur seine,,"['Equipements spécialisés', 'Textile']","[115, 343]",non,oui
20-114435,2020-09-20,2020-11-02,['94'],Le présent appel d'offres a pour objet la fourniture de matériel et matériaux destinés à l'activité des ateliers municipaux et aux espaces verts.,joue,directive24,appeloffre,initial,Ville de Choisy le Roi,94607,Choisy le roi,,"['Abris', 'Outillage']","[1, 251]",non,non
20-114703,2020-09-20,2020-10-21,['95'],"Visites préventives et maintenance des portes sectionnelles, des portails, des barrières levantes et des portes automatiques du Service Départemental d'Incendie et de Secours du Val d'Oise (",joue,directive24,appeloffre,initial,SCE DEPARTEMENTAL INCENDIE ET SECOURS,95000,Neuville sur oise,,"['Prestations de services', 'Porte automatique, portail']","[274, 412]",non,non
20-114847,2020-09-20,2020-10-16,['95'],"20sf07-Exploitation des équipements et des données de télésurveillance, autosurveillance et de diagnostic permanent des réseaux de transport des eaux usées et de collecte des eaux",joue,autre,rectificatif,rectificatif,CACP,95027,Cergy-Pontoise,,['Assainissement'],[18],non,non
20-114911,2020-09-20,2020-10-27,['95'],Réhabilitation de la Déchèterie du Plessis Bouchard (95) et du Bâtiment administratif pour le compte du Syndicat EMERAUDE,fns,cmp2006,appeloffre,initial,Syndicat Emeraude,95130,Le plessis-bouchard,,"['Déchetterie (travaux)', 'Génie civil', 'Terrassement', ""Tous corps d'état""]","[96, 141, 341, 345]",non,non
20-114757,2020-09-20,2020-11-17,['95'],Fourniture de services Internet,joue,directive24,attribution,initial,AGENCE NATIONALE CHEQUES VACANCES,95200,SARCELLES,"[('2020-09-14', 'ORANGE', (459975.75, 'EUR'), 'Fourniture de services Internet')]","['Abris', 'Télécommunications']","[1, 338]",non,non
20-114710,2020-09-20,2020-10-30,['95'],Fourniture et acheminement d'électricité aux équipements de la communauté d'agglomération Plaine Vallée,joue,directive24,appeloffre,initial,CA Plaine Vallée,95230,Soisy-sous-montmorency,,"['Electricité, gaz (fourniture)']",[443],non,non
20-114636,2020-09-20,2020-10-15,['971'],"FOURNITURE, LIVRAISON ET INSTALLATION DE MATERIEL DE RESTAURATION DANS LES COLLEGES DEPARTEMENTAUX DE LA GUADELOUPE ET DES ILES SUD.",joue,directive24,attribution,initial,Conseil Départemental de la Guadeloupe,97100,BASSE-TERRE,"[('2020-09-16', 'SAS FAIC', (19222998, 'EUR'), 'FOURNITURE,LIVRAISON ET INSTALLATION DE MATERIEL DE RESTAURATION DANS LES COLLEGES DÉPARTEMENTAUX DE LA GUADELOUPE ET DES ILES DU SUD.')]",['Equipements spécialisés'],[115],non,non
20-114732,2020-09-20,2020-10-18,['971'],"Fourniture de masques, de produits hydro-alcooliques et désinfectants pour répondre aux besoins de tous les services de la Commune de Sainte-Rose suite à la crise sanitaire due à la COVID 19.",joue,directive24,appeloffre,initial,Ville de Sainte-Rose,97115,Sainte-Rose,,['Produits pharmaceutiques'],[280],non,non
20-87392,2020-09-20,2020-09-30,['971'],"acquisition de produits d'entretiens, d'hygiène, de restauration et de petits matériels de ménage pour le sdis de la guadeloupe",joue,directive24,attribution,initial,SDIS de la Guadeloupe,97139,Les Abymes,,"['Hygiène (articles)', ""Produits d'entretien""]","[153, 278]",non,oui
20-111960,2020-09-20,2020-10-30,['972'],approvisionnement en fournitures et accessoires de bureau,joue,directive24,appeloffre,initial,Ville du Lamentin,97232,Le Lamentin Martinique,,"['Imprimés', 'Informatique (matériel)', 'Matériel de bureau', 'Papeterie']","[161, 162, 207, 262]",non,non
20-114872,2020-09-20,2021-10-30,['972'],acquisition de véhicules neufs et prestations associées pour le chu de martinique (rectificatif),joue,autre,rectificatif,rectificatif,CHU de Martinique,97261,FORT DE FRANCE,,['Véhicules (acquisition)'],[475],non,non
20-114405,2020-09-20,2020-12-31,['973'],Accord cadre de maîtrise d'oeuvre pour l'aménagement du réseau routier national en Guyane,joue,autre,rectificatif,rectificatif,DEAL de Guyane,97306,Cayenne,,['Etude'],[118],oui,oui
20-114900,2020-09-20,2020-10-30,['973'],Fourniture et livraison d'effets de literie en Guyane,joue,directive24,appeloffre,initial,DICOM GUYANE,97306,Cayenne cedex,,['Textile'],[343],oui,oui
20-114557,2020-09-20,2020-10-31,['974'],ANALYSES D'EAUX CONTINENTALES ET DE SÉDIMENTS,joue,directive24,appeloffre,initial,Office de l'eau Réunion,97400,Saint-Denis,,['Rivières/ruisseaux'],[310],non,non
20-111782,2020-09-20,2020-11-30,['974'],Mise à disposition de personnel pour l'assistance à l'instruction des mesures déléguées du programme de développement rural de la Réunion 2014/2020,joue,directive24,appeloffre,initial,DIR DE ALIMENTATION AGRIC FOR REUNION,97400,Saint Denis,,['Mise à disposition de personnel'],[461],non,non
20-114574,2020-09-20,2020-10-19,['974'],Prestations d'éditique visant l'envoi de comptes rendus hospitaliers par voie postale,joue,directive24,appeloffre,initial,GCS Tesis,97420,Le port,,"['Edition', 'Prestations de services']","[104, 274]",non,oui
20-114364,2020-09-20,2020-10-26,['976'],"prestations de collecte, d'enlèvement, de transport et de traitement des déchets produits le centre hospitalier de mayotte",joue,directive24,appeloffre,initial,CENTRE HOSPITALIER DE MAYOTTE,97600,Mamoudzou,,"['Collecte sélective', 'Ordures ménagères (prestations)', 'Déchets non ménagers (prestations)']","[82, 249, 404]",non,non
20-114359,2020-09-20,2020-10-18,['976'],"Mission d'AMO au CARIF OREF pour le développement des secteurs sanitaire, médico-social et social",joue,directive24,appeloffre,initial,GIP CARIF OREF,97600,Mamoudzou,,"['Sanitaire', 'Formation', ""Assistance à maîtrise d'ouvrage""]","[319, 410, 433]",non,non
20-114617,2020-09-20,2020-11-30,['974'],NRL / MT6.2 : BBTM SUR VIADUC 5400,joue,directive24,appeloffre,initial,Conseil Régional de la Réunion,97801,Saint denis cedex 9,,['Matériaux routiers'],[199],non,non
20-112361,2020-09-20,2020-11-30,['35'],marché des produits d'entretien 2021 2022 2023,joue,directive24,appeloffre,initial,GCEPE de Rennes et de la région,,Rennes cedex 2,,"['Hygiène (articles)', 'Produits chimiques', ""Produits d'entretien""]","[153, 275, 278]",non,oui
20-114096,2020-09-20,2020-09-30,"['95', '59', '60', '77', '92']",Fourniture et livraison de repas en liaison froide et de goûters destinés au service de restauration scolaire municipale,joue,directive24,attribution,initial,MAIRIE,,MARGENCY,"[('2020-08-07', 'ARMOR CUISINE', (105090, 'EUR'), 'Fourniture et livraison et repas en liaison froide et de goûters destinés au service de restauration scolaire municipale')]",['Restauration collective'],[66],non,non
20-114302,2020-09-20,2020-10-28,"['75', '93']",nettoyage des locaux et de vitrerie du théâtre national de chaillot,joue,directive24,appeloffre,initial,Théâtre National de Chaillot,,Paris,,['Nettoyage de locaux'],[239],non,oui
20-114315,2020-09-20,2020-10-29,['91'],marché de service relatif à la prestation d'assurance pour les besoins du groupement de commandes ville et ccas de vigneux sur seine,joue,directive24,appeloffre,initial,COMMUNE DE VIGNEUX SUR SEINE,,vigneux sur seine,,['Assurance'],[20],non,non
20-114383,2020-09-20,2020-11-04,"['71', '21']",acheminement et fourniture electricite,joue,directive24,appeloffre,initial,VILLE DE CHAGNY,,71150 chagny,,"['Electricité, gaz (fourniture)']",[443],non,non
20-114395,2020-09-20,2020-10-20,['92'],fourniture d'une prestation d'audioconférence sur technologie téléphonique (non web) (rectificatif),joue,autre,rectificatif,rectificatif,COMSOPGN,,LE BLANC,,['Matériel de transmission'],[210],non,non
20-114428,2020-09-20,2020-12-20,['78'],Fourniture et livraison de cartes-cadeaux multi-enseignes pour les agents du Crous de versailles et de e-cartes d'achat à destination des étudiants relevant du Crous de versailles,joue,directive24,appeloffre,initial,CROUS de Versailles,,Versailles,,"['Carte magnétique, carte à puce']",[403],non,non
20-114516,2020-09-20,2020-10-15,"['3', '63']",construction du pôle sportif de pleine nature de lavoine-montoncel (rectificatif),joue,autre,rectificatif,rectificatif,Vichy Communauté,,Vichy,,"['Equipement sportif', 'Prestations de services']","[113, 274]",non,non
20-114544,2020-09-20,2020-10-30,['82'],Entretien des espaces verts sur différents sites communautaires,joue,directive24,appeloffre,initial,Communauté de Communes des Deux Rives,,Valence d'agen,,['Espaces verts'],[116],non,non
20-114597,2020-09-20,2020-10-30,['21'],trois équipements radioafréquence (rf),joue,directive24,appeloffre,initial,Université de bourgogne,,Dijon,,['Laboratoire (matériel)'],[188],non,oui
20-114721,2020-09-20,2020-11-13,['77'],"phase 2 - marché "" réseau "" lots no1, 2 et 3 : travaux d'interconnexion pour l'amélioration de la qualité de l'eau potable des 58 communes du territoire du transpreauvinois",joue,directive24,appeloffre,initial,SYNDICAT DE L'EAU DE L'EST SEINE ET MA,,Rebais,,['Alimentation en eau potable'],[6],non,non
20-114787,2020-09-20,2020-10-01,['76'],fourniture et acheminement d'électricité pour les sites de la ville d'eu et prestations de services associés (rectificatif),joue,autre,rectificatif,rectificatif,COMMUNE D EU,,EU,,"['Electricité, gaz (fourniture)']",[443],non,non
20-94780,2020-09-20,2020-10-20,['93'],"Fourniture de pièces détachées pour les véhicules légers, utilitaires, poids lourds et transports en commun pour les années 2021 à 2023.",joue,directive24,appeloffre,initial,Ville d'Aubervilliers,,"Aubervilliers, France",,['Pièces détachées'],[266],non,oui
