a00_cle_idweb,g04_01_date_publication,g04_03_date_fin_diffusion,g04_07_dep_publication,g04_09_resume_objet,g01_02_01_famille,g01_02_02_perimetre,g01_02_03_nature,g01_02_04_statut,d01_01_denomination,d01_07_cp,d01_08_ville,d08_09_decision_titulaireandRENSEIGNEMENT,g04_052_descripteurs_libelles,g04_051_descripteurs_codes,g04_061_criteres_sociaux,g04_062_criteres_environnementaux
20-91163,2020-07-16,2020-07-28,['1'],"Les prestations du présent accord-cadre concernent l'impression, le façonnage et la livraison des supports de communication papier de la ville de Saint-Genis-Pouilly (journal municipal, plaquette",fns,cmp2006,appeloffre,rectificatif,MAIRIE,01630,Saint-genis-pouilly,,['Impression'],[160],non,non
20-90879,2020-07-16,2020-08-16,['2'],Travaux d'aménagement du secteur LE POINT DU JOUR de la ZAC de l'Ecoquartier à Guignicourt (02) - Phase 2,fns,cmp2006,attribution,initial,SEDA,02007,Laon cedex,"[('2020-06-23', 'GOREZ Frères', (959816.5, 'EUR'), None)]","['Terrassement', 'Travaux de viabilité']","[341, 353]",non,non
20-91093,2020-07-16,2020-08-25,['3'],Aménagement du carrefour avec le SICTOM Nord Allier- RD779- Commune de Chezy (03-ALLIER),fns,cmp2006,appeloffre,initial,DEPARTEMENT DE L ALLIER,03016,MOULINS,,['Voirie'],[365],non,non
20-90923,2020-07-16,2020-08-28,['3'],Travaux de restauration du pont de BRANSAT (03),fns,cmp2006,appeloffre,initial,DEPARTEMENT DE L ALLIER,03016,MOULINS,,"['Etanchéité', 'Maçonnerie', ""Ouvrage d'art"", 'Voirie']","[117, 195, 252, 365]",non,non
20-91142,2020-07-16,2020-08-31,['3'],Installation et exploitation de centrales photovoltaïques sur le patrimoine bâti départemental de l'Allier(03),fns,cmp2006,appeloffre,initial,DEPARTEMENT DE L ALLIER,03016,MOULINS,,['Photovoltaïque'],[476],non,non
20-90940,2020-07-16,2020-08-16,['3'],marché de maîtrise d'oeuvre - programme 2020 renouvellement de canalisations et travaux d'amélioration du réseau de distribution,mapa,cmp2006,attribution,initial,Vichy Communauté,03209,Vichy,,"['Alimentation en eau potable', ""Maîtrise d'oeuvre""]","[6, 197]",non,non
20-90576,2020-07-16,2020-10-13,['3'],"Marché de travaux sur les déchèteries de COULANDON, LURCY LEVIS ET NEUILLY LE REALFourniture et pose de conteneurs et auvents pour les déchèteries de COULANDON, LURCY LEVIS ET NEUILLY LE REAL",fns,cmp2006,attribution,initial,SYND MIXTE COLLECTE TRAITEMENT ORDURES,03230,Chézy,"[('2020-06-19', 'SGR MAINTENANCE', (75070, 'EUR'), None), ('2020-06-19', 'AGEC', (33150, 'EUR'), None)]","['Abris', 'Bâtiments modulaires', 'Bâtiment']","[1, 27, 33]",non,non
20-89752,2020-07-16,2020-09-18,['6'],travaux de réhabilitation du chalet du val de blore a valdeblore (06450).,fns,cmp2006,appeloffre,initial,CAF des Alpes-Maritimes,06100,nice,,"['Appareil élévateur', 'Charpente', 'Chauffage (travaux)', 'Cloison, faux plafond', 'Démolition', 'Electricité (travaux)', 'Gouttières', 'Menuiserie', 'Peinture (travaux)', 'Serrurerie']","[11, 57, 61, 63, 87, 105, 145, 222, 264, 321]",non,oui
20-91002,2020-07-16,2020-08-31,['6'],"GESTION D'ABONNEMENTS À DES JOURNAUX, REVUES, PÉRIODIQUES PAPIERS ET PÉRIODIQUES ÉLECTRONIQUES",fns,cmp2006,appeloffre,initial,COMMUNE DE GRASSE,06130,Grasse,,['Abonnement'],[2],non,non
20-427,2020-07-16,2020-08-28,['6'],rd 9 du pr 3+000 à 3+850 - requalification de chaussée entre le giratoire de l'abadie et le pont d'avril - section green domaine à pont d'avril - commune de cannes,fns,cmp2006,appeloffre,initial,Département des Alpes-Maritimes,06201,Nice cedex 3,,['Voirie'],[365],non,oui
20-90580,2020-07-16,2020-07-31,['6'],"Travaux d'équipements, d'électricité, et de canalisations pour deux forages sur le champ captant des Prairies, commune de Nice",fns,cmp2006,appeloffre,rectificatif,REGIE EAU D'AZUR,06203,Nice Cedex 3,,"['Canalisations', 'Electricité (travaux)', 'Electromécanique', 'Génie civil', 'Ouvrage hydraulique', 'Station de pompage', 'Terrassement']","[48, 105, 107, 141, 255, 326, 341]",non,non
20-90002,2020-07-16,2020-08-17,['7'],LOCATION LONGUE DURÉE DE VÉHICULES DE SEGMENT B POUR LE DEPARTEMENT DE L'ARDECHE,joue,directive24,appeloffre,initial,Département de l'Ardèche,07007,Privas,,['Véhicules (location)'],[474],non,non
20-90909,2020-07-16,2020-08-28,['9'],Remplacement du réseau d'adduction acier sur la commune de Lescure,fns,cmp2006,appeloffre,initial,cté de communes Couserans-Pyrénées,09190,Saint Lizier,,"['Alimentation en eau potable', 'Réseaux divers']","[6, 306]",oui,oui
20-88151,2020-07-16,2020-08-31,['10'],organisation d'un séjour en centre de vacances - hiver 2021,mapa,cmp2006,appeloffre,initial,Ville de Nogent-sur-Seine,10400,Nogent-sur-Seine,,"['Prestations de services', 'Transport', 'Voyage']","[274, 347, 367]",non,non
20-90999,2020-07-16,2020-09-10,['11'],PRESTATION DE SERVICES D'ASSURANCES FRAIS DE SANTE,mapa,cmp2006,appeloffre,initial,REGIE DES TRANSPORTS CARCASSONNE AGGLO,11000,CARCASSONNE,,['Assurance'],[20],non,non
20-90607,2020-07-16,2020-07-23,['11'],Audit des contrats départementaux de concessions hydrauliques et assistance juridique et contractuelle du Département de l'Aude (rectificatif),fns,cmp2006,appeloffre,rectificatif,Département de l'Aude,11855,CARCASSONNE Cedex 9,,['Etude'],[118],non,non
20-90795,2020-07-16,2020-07-24,['13'],"Fourniture et livraison par portage de périodiques de presse (hors abonnements), à l'attention des services municipaux et assimilés (notamment les services chargés de la communication) et des org",fns,cmp2006,appeloffre,rectificatif,Ville de Marseille,13233,Marseille cedex 20,,"['Impression', 'Imprimés', 'Prestations de services']","[160, 161, 274]",non,non
20-90691,2020-07-16,2020-07-27,['13'],"Le présent marché, passé en procédure adaptée, concerne l'acquisition d'objets promotionnels pour la Mairie des 9ème et 10éme arrondissements.",fns,cmp2006,appeloffre,rectificatif,Ville de Marseille,13275,Marseille cedex 09,,['Objet publicitaire'],[464],non,non
20-91149,2020-07-16,2020-08-31,['13'],Travaux de restructuration du système de protection contre les inondations de la commune de Mallemort - Tranche 3,fns,cmp2006,appeloffre,initial,SMAVD,13370,Mallemort,,"['Canalisations', 'Terrassement']","[48, 341]",non,non
20-91129,2020-07-16,2020-07-27,"['13', '83']",réhabilitation du centre d'exploration fonctionnelle et de formation - ce2f prim,fns,cmp2006,appeloffre,rectificatif,CNRS Marseille,13402,Marseille cedex 09,,"['Chauffage (travaux)', 'Climatisation', 'Cloison, faux plafond', 'Couverture', 'Démolition', 'Electricité (travaux)', 'Equipements spécialisés', 'Etanchéité', 'Laboratoire (matériel)', 'Maçonnerie', 'Menuiserie', 'Métallerie', 'Nettoyage de locaux', 'Peinture (travaux)', 'Plomberie (travaux)', 'Revêtements de sols', 'Sanitaire', 'Serrurerie', 'Ventilation']","[61, 62, 63, 74, 87, 105, 115, 117, 188, 195, 222, 223, 239, 264, 270, 308, 319, 321, 360]",non,non
20-90045,2020-07-16,2020-10-12,['13'],Essais et contrôle des soudures de la Ligne des Chemins de fer de Provence,joue,directive24,attribution,initial,Région Provence Alpes Côte d'Azur,13481,Marseille,"[('2020-06-23', 'Pandrol', (44620, 'EUR'), None)]",['Contrôle technique'],[72],non,non
20-90647,2020-07-16,2020-09-08,['13'],Numéro de la consultation : 2020/FCS/0032 Service d'impression de publications et de documents divers de la Ville des Pennes Mirabeau,fns,cmp2006,appeloffre,initial,COMMUNE LES PENNES MIRABEAU,13758,LES PENNES MIRABEAU,,['Impression'],[160],non,non
20-90029,2020-07-16,2020-08-08,['14'],Location de locaux provisoires dans les collèges et les bâtiments du département du Calvados,joue,directive24,appeloffre,initial,DEPARTEMENT DU CALVADOS,14000,Caen,,"['Bâtiments modulaires', 'Location (matériels)']","[27, 185]",non,non
20-90548,2020-07-16,2020-08-11,['14'],Enseignement de l'anglais aux étudiants de l'IFSI et formation du personnel médical à l'américain parlé au CHU Caen Normandie,fns,cmp2006,appeloffre,initial,CENTRE HOSPITALIER UNIVERSITAIRE,14033,Caen,,['Formation'],[410],non,non
20-90778,2020-07-16,2020-09-18,['14'],Procédure de sélection préalable à une autorisation d'occupation du domaine public pour l'implantation d'un parc photovoltaïques sur des délaissés aéroportuaires,divers,autre,appeloffre,initial,Syndicat Mixte Aeroport Deauville Ndie,14130,Saint-Gatien des Bois,,"['Aéronautique', 'Photovoltaïque']","[4, 476]",non,oui
20-90758,2020-07-16,2020-08-31,"['14', '50']",Mise à jour et renouvellement du système de télé-conduite et de supervision des ouvrages de Caen-Ouistreham et de Cherbourg,fns,cmp2006,appeloffre,initial,Ports Normands Associés,14280,Saint-contest,,['Installation portuaire'],[165],non,non
20-90776,2020-07-16,2020-08-10,['14'],achat de véhicules électriques et thermiques pour les besoins de la ville de bayeux,mapa,cmp2006,appeloffre,initial,COMMUNE DE BAYEUX,14400,Bayeux,,['Véhicules (acquisition)'],[475],non,non
20-90030,2020-07-16,2020-08-17,['16'],Entretien et aménagement des bâtiments de la ville d'Angoulême et du CCAS (17 lots),joue,autre,rectificatif,rectificatif,Commune d'Angoulême,16023,Angoulême cedex,,['Bâtiment'],[33],non,non
20-91138,2020-07-16,2020-08-17,['16'],"La présente consultation concerne l'aménagement de rampes de mises à l'eau au droit du fleuve Charente dans le département de la Charente :- Site d'Ambérac, en amont et au pied du pont",mapa,cmp2006,appeloffre,initial,Federation de Pêche de Charente,16160,Gond-Pontouvre,,"['Berge', 'Ouvrage hydraulique', ""Travaux dans l'eau""]","[35, 255, 349]",non,oui
20-90649,2020-07-16,2020-07-30,['16'],TRAVAUX D'AMENAGEMENT DU LOCAL AGENT DE LA DECHETERIE DE CHÂTEAUBERNARD,mapa,cmp2006,appeloffre,rectificatif,CALITOM,16600,Mornac,,['Bâtiment'],[33],non,non
20-90304,2020-07-16,2020-09-15,['17'],prestations d'étude sur la mutualisation de l'archéologie entre les services d'archéologie départementale de la charente-maritime et de la charente,mapa,cmp2006,attribution,initial,Cons. Départ. de la Charente-Maritime,17076,La Rochelle Cedex 9,[],['Etude'],[118],non,non
20-90217,2020-07-16,2020-09-15,['17'],travaux d'entretien et de maintenance de voies ferrées,fns,cmp2006,attribution,initial,Cons. Départ. de la Charente-Maritime,17076,La Rochelle Cedex 9,,['Voies ferrées'],[364],non,non
20-91077,2020-07-16,2020-09-17,['17'],"Acquisition, livraison, mise en service et maintenance de systèmes d'impression multifonction noir et blanc et couleurs",fns,cmp2006,attribution,initial,Communauté d'Agglomération de Saintes,17100,Saintes,,['Informatique (matériel)'],[162],non,non
20-90741,2020-07-16,2020-09-02,['17'],Contrôles et entretien des installations d'assainissement non collectif,mapa,cmp2006,appeloffre,initial,Commune de Jonzac,17501,Jonzac,,['Assainissement'],[18],non,non
20-91091,2020-07-16,2020-08-11,['18'],"Interventions en dépannage, entretien et rénovation dans le cadre des travaux de menuiseries intérieures bois et plâtrerie - Relance lot 1 'Menuiseries intérieures bois - plâtrerie'",fns,cmp2006,appeloffre,initial,Conseil départemental du Cher,18023,BOURGES,,"['Menuiserie', 'Plâtrerie']","[222, 269]",non,non
20-90812,2020-07-16,2020-07-26,['18'],RNOB - Création de point d'eau pour bovins,fns,cmp2006,appeloffre,rectificatif,Conseil départemental du Cher,18023,BOURGES,,['Forage'],[132],non,non
20-90792,2020-07-16,2020-09-04,"['18', '3', '45', '58', '36']",Préparation et service de repas aux restaurants scolaires et préparation de repas aux ayants droit du portage à domicile de la Ville de Saint Martin d'Auxigny,fns,cmp2006,appeloffre,initial,commune de saint martin d'auxigny,18110,Saint martin d'auxigny,,['Restauration collective'],[66],non,non
20-90709,2020-07-16,2020-08-17,['20A'],Fourniture de repas destinés à la cantine scolaire de Cargese,fns,cmp2006,appeloffre,initial,COMMUNE DE CARGESE,20130,Cargèse,,"['Repas, traiteur']",[304],non,non
20-91098,2020-07-16,2020-08-31,['21'],Restauration de 2 sculptures médiévales,mapa,cmp2006,appeloffre,initial,COMMUNE DE DIJON,21033,Dijon,,"[""Oeuvre d'art""]",[247],non,non
20-91020,2020-07-16,2020-09-15,['21'],Maintenance des dispositifs anti-intrusion et de contrôle d'accès de la Ville de Quetigny,mapa,cmp2006,appeloffre,initial,COMMUNE DE QUETIGNY,21800,Quétigny,,"['Alarme', 'Maintenance']","[5, 196]",non,non
20-91137,2020-07-16,2020-09-14,['23'],Réhabilitation et restructuration d'un immeuble de bureaux en pépinière textile,fns,cmp2006,appeloffre,initial,CCI CREUSE,23000,GUERET,,"['Electricité (travaux)', 'Gros oeuvre', 'Menuiserie', 'Peinture (travaux)', 'Sanitaire']","[105, 144, 222, 264, 319]",non,non
20-91134,2020-07-16,2020-08-17,['23'],Rehausse de la digue de col et création d'un chemin communal limitrophe -Réserve Naturelle Nationale de l'Etang des Landes - Commune de Lussat,fns,cmp2006,appeloffre,initial,Conseil départemental de la Creuse,23011,GUERET,,"['Bassin, étang', 'Barrage', 'Digue', 'Terrassement']","[28, 31, 91, 341]",non,oui
20-90768,2020-07-16,2020-09-07,['23'],Restauration du clocheton de la croisée du transept et du bas-côté sud,fns,cmp2006,appeloffre,initial,Ville d'Evaux Les Bains,23110,EVAUX LES BAINS,,"['Charpente', 'Couverture', 'Echafaudage', 'Maçonnerie']","[57, 74, 101, 195]",non,non
20-90964,2020-07-16,2020-08-31,['23'],Aménagement d'une Aire de camping Cars,mapa,cmp2006,appeloffre,initial,Ville de Bénévent L'Abbaye,23210,BENEVENT-l'ABBAYE,,"['Canalisations', 'Terrassement']","[48, 341]",non,non
20-91053,2020-07-16,2020-08-03,"['21', '25', '39', '58', '70', '71', '89', '90']",Conseil juridique pour la mise en place et le suivi du programme EMTN,mapa,cmp2006,appeloffre,initial,Région Bourgogne - Franche-Comté,25031,Besancon cedex,,['Assistance juridique'],[434],non,non
20-90566,2020-07-16,2020-08-07,['25'],Travaux de grosses réparations 2020 dans les bâtiments administratifs de la CTPM à Voujeaucourt - Etanchéité et zinguerie,fns,cmp2006,appeloffre,initial,Pays de Montbéliard Agglomération,25208,MONTBELIARD Cedex,,"['Etanchéité', 'Zinguerie']","[117, 372]",non,non
20-90896,2020-07-16,2020-08-10,['25'],GENDARMERIE Sécurisation du site - Remplacement des clôtures - Tranche 1,mapa,cmp2006,appeloffre,initial,Commune de Valdahon,25800,VALDAHON,,['Clôture'],[64],non,non
20-89960,2020-07-16,2020-08-17,['26'],Prestations d'animation du bureau de l'habitat et de l'opération façade sur le territoire de montélimar-agglomération,fns,cmp2006,appeloffre,initial,C. A. Montélimar Agglomération,26200,Montélimar,,['Prestations de services'],[274],non,non
20-90984,2020-07-16,2020-08-17,['26'],"la création d'espaces de rafraichissement ludiques extérieurs sous forme de jeu, colonne ou rampe de brumisation à installer dans les écoles et la crèche. .",fns,cmp2006,appeloffre,initial,Ville de Pierrelatte,26700,Pierrelatte,,"['Climatisation', 'Equipement hydraulique', 'Equipement thermique', 'Fontainerie', 'Aire de jeux']","[62, 111, 114, 131, 400]",non,non
20-90779,2020-07-16,2020-09-14,['27'],Numérisation et indexation de documents d'archives - Relance lot 2,mapa,cmp2006,appeloffre,initial,Département de l'Eure,27000,ÉVREUX,,['Numérisation'],[463],non,non
20-90766,2020-07-16,2020-10-12,"['27', '76']",Location et collecte de bennes,mapa,cmp2006,appeloffre,initial,SYND DESTRUCTION ORDURES MENAGERES OUE,27300,Bernay,,"['Collecte sélective', 'Location (matériels)']","[82, 185]",non,non
20-90641,2020-07-16,2020-08-18,"['27', '76']",Accord-cadre à bons de commande de travaux de restructuration du système d'assainissement du SAEU de Bosroumois Saint Ouen du Tilleul,fns,cmp2006,appeloffre,initial,SAEU Bosc Roger St Ouen du Tilleul,27670,SAINT OUEN DU TILLEUL,,['Assainissement'],[18],non,non
20-90809,2020-07-16,2020-08-14,['28'],Prestation de photographie au sein de la matérnité du Centre Hospitalier de Chartres,dsp,dsp,appeloffre,initial,CENTRE HOSPITALIER GENERAL DE CHARTRES,28018,Chartres,,['Prestations de services'],[274],non,non
20-91058,2020-07-16,2020-10-01,['28'],Réhabilitation de l'école Jules Vallain : Relance des lots infructueux,fns,cmp2006,appeloffre,initial,Commune de Leves (28),28300,Lèves,,"['Ascenseur', 'Cloison, faux plafond', 'Démolition', 'Maçonnerie', 'Menuiserie']","[17, 63, 87, 195, 222]",non,non
20-84972,2020-07-16,2020-09-11,['29'],"acquisition de matériels de conditionnement pour les archives départementales et les services du département, 2020-2024",mapa,cmp2006,appeloffre,initial,Département du Finistère,29196,Quimper Cedex,,['Conditionnement'],[67],non,non
20-90693,2020-07-16,2020-08-16,['29'],Fourniture d'un mannequin simulateur de patient,fns,cmp2006,attribution,initial,Université de Bretagne Occidentale,29238,Brest cedex 3,[],['Equipements spécialisés'],[115],non,non
20-90852,2020-07-16,2020-07-24,"['29', '56']",Construction d'un navire de servitude des ports de la commune de Trégunc,mapa,cmp2006,appeloffre,rectificatif,Ville de Trégunc,29910,Trégunc,,['Construction navale'],[70],non,non
20-90775,2020-07-16,2020-08-07,['30'],Terrassement du stade du mas de mingue,fns,cmp2006,appeloffre,initial,Ville de Nîmes,30000,Nimes,,['Terrassement'],[341],non,non
20-91054,2020-07-16,2020-08-04,['30'],RD 366 - Aménagement d'une Chaussée à voie centrale banalisée + remise à niveau RD 366 (PR 0+0000 à PR 3+0229) et RD 281(PR 1+0030 à PR 1+0763) Communes d'Anduze et de Boisset-et-Gaujac,fns,cmp2006,appeloffre,initial,Conseil Général du Gard,30044,Nîmes cedex 9,,"['Voirie', 'Voirie et réseaux divers']","[365, 366]",non,non
20-90969,2020-07-16,2020-08-07,['30'],Réalisation du schéma Modes Actifs du Bassin d'Alès,fns,cmp2006,appeloffre,initial,S.M.T.P. du Bassin d'Alès,30100,Ales,,['Etude'],[118],non,non
20-90805,2020-07-16,2020-09-08,['30'],Assurances sociales pour les besoins de l'EPCC PONT DU GARD,fns,cmp2006,appeloffre,initial,EPCC Pont du Gard,30210,VERS PONT DU GARD,,['Assurance'],[20],non,non
20-90354,2020-07-16,2020-08-10,['30'],acquisition de vtt urbains pour le renouvellement du parc à vélos de la ville de nîmes,fns,cmp2006,appeloffre,initial,Ville de Nîmes,30947,Nîmes,,['Véhicules (acquisition)'],[475],non,non
20-82122,2020-07-16,2020-09-04,['30'],création de caveaux pré-bâtis pour le cimetière pont-de-justice,fns,cmp2006,appeloffre,initial,Ville de Nîmes,30947,Nîmes,,['Cimetière'],[437],non,non
20-91042,2020-07-16,2020-09-16,['30'],achat d'un véhicule hybride et de quatre véhicules électriques,fns,cmp2006,attribution,initial,Ville de Nîmes,30947,Nîmes,"[('2020-07-15', 'Société des Grands Garages du Gard', (28627.76, 'EUR'), None), ('2020-07-15', 'Société des Grands Garages du Gard', (72731.26, 'EUR'), None), ('2020-07-15', 'Société des Grands Garages du Gard', (30220.76, 'EUR'), None)]",['Véhicules (acquisition)'],[475],non,non
20-90560,2020-07-16,2020-09-16,['30'],"location, transport, pose et dépose de bungalows, de sanisettes et d'urinoirs sur le parvis des arènes",fns,cmp2006,attribution,initial,Ville de Nîmes,30947,Nîmes,[],['Location (matériels)'],[185],non,non
20-90636,2020-07-16,2020-08-07,['31'],Souscription des marchés d'assurances construction pour les travaux de remplacement des escaliers mécaniques de la ligne B du métro de ToulouseLot no1 - Tous Risques Chantier,fns,cmp2006,appeloffre,initial,SYND MIXTE TRPT COMMUN AGGL TOULOUSAIN,31011,Toulouse,,['Assurance'],[20],non,non
20-90707,2020-07-16,2020-10-01,['31'],La consultation porte sur les prestations suivantes :Le présent marché a pour objet des prestations d'assistance et de maintenance préventive et corrective et évolutive des installations audiov,fns,cmp2006,appeloffre,initial,ENAC,31055,Toulouse cedex,,"['Audiovisuel', 'Equipements spécialisés', 'Maintenance']","[22, 115, 196]",non,non
20-90133,2020-07-16,2020-09-25,['31'],"consultation pour la cession d'un terrain appartenant au chu de toulouse, situé sur le site de purpan, rue jaufre rudel à toulouse.",divers,autre,appeloffre,initial,CHU DE TOULOUSE,31059,Toulouse,,"[""Tous corps d'état""]",[345],non,non
20-90858,2020-07-16,2020-09-07,['33'],Enlèvement d'embâcles sur la Dordogne et l'Isle par voie fluviale,mapa,cmp2006,appeloffre,initial,Voies navigables de France,31073,Toulouse cedex 7,,"[""Travaux dans l'eau""]",[349],non,non
20-77780,2020-07-16,2020-09-21,"['48', '31', '63', '34']",marché à bons de commande - contrôle des études d'exécution du toarc de la rom et de l'échangeur nord de l'a75 à saint chély d'apcher,fns,cmp2006,appeloffre,initial,RPA DREAL Languedoc-R - Midi-Pyrenées,31074,TOULOUSE CEDEX 9,,['Contrôle technique'],[72],non,non
20-74654,2020-07-16,2020-09-04,"['31', '12', '81']","rn88 - rocade de rodez - dénivellation des giratoires de st-félix, les moutiers et st-marcassistance dessin dao sur dossier d'exploitation sous chantier",fns,cmp2006,appeloffre,initial,RPA DREAL Languedoc-R - Midi-Pyrenées,31074,Toulouse Cedex 9,,"['Assistance technique', 'Prestations de services', 'Ingénierie']","[19, 274, 455]",non,non
20-91076,2020-07-16,2020-08-10,['31'],Entretien des espaces verts de la CPAM de Haute-Garonne,mapa,cmp2006,appeloffre,initial,CPAM 31,31093,Toulouse cedex 9,,['Espaces verts'],[116],oui,oui
20-90770,2020-07-16,2020-08-20,['31'],"Réfection toits terrasses, planches de rives et sanitaires du groupe scolaire et centre de loisirs du Château pour la ville de Tournefeuille",fns,cmp2006,appeloffre,initial,Commune de Tournefeuille,31170,Tournefeuille,,"[""Tous corps d'état""]",[345],non,non
20-90737,2020-07-16,2020-10-13,['31'],19M297PA - TRAVAUX D'AMENAGEMENT D'INFRASTRUCTURES POUR LA LIGNE DE BUS STRUCTURANTE 'CEINTURE SUD'-SA/LM,fns,cmp2006,attribution,initial,TOULOUSE METROPOLE,31505,Toulouse,,['Voirie'],[365],non,non
20-90938,2020-07-16,2020-10-13,['32'],Concession par affermage du service public de distribution d'eau potable du Siaep du Lectourois,dsp,autre,attribution,initial,SIAEP du Lectourois,32700,Lectoure,"[('2020-06-16', 'Saur', (5247293, 'EUR'), None)]",['Alimentation en eau potable'],[6],non,non
20-90895,2020-07-16,2020-09-17,"['33', '24', '16', '40']","Marché d'assurance TRC, DO et CNR dans le cadre des travaux pour la démolition et reconstruction des bâtiment A et B au lycée Gustave Eiffel à Bordeaux - Opération no9204B006 - Marché N°2020B000S",fns,cmp2006,appeloffre,initial,Région Nouvelle Aquitaine,33001,Bordeaux cedex,,['Assurance'],[20],non,non
20-90723,2020-07-16,2020-08-19,['33'],Travaux d'aménagement de locaux pour le personnel au R+2 du parking Victor Hugo à Bordeaux,fns,cmp2006,appeloffre,initial,PARCUB,33007,Bordeaux,,"['Démolition', 'Electricité (travaux)', 'Peinture (travaux)', 'Plomberie (travaux)', 'Amiante (désamiantage)']","[87, 105, 264, 270, 479]",non,non
20-90842,2020-07-16,2020-09-16,['33'],Restructuration et Extension de l'école élémentaire Alphonse Dupeux à Bordeaux,fns,cmp2006,attribution,initial,COMMUNE DE BORDEAUX,33045,BORDEAUX,"[('2020-07-07', ""DIRIK'S CONSTRUCTION"", (698713.39, 'EUR'), None), ('2020-07-07', 'EURO DEMOLITION SYSTEMS', (29275.0, 'EUR'), None), ('2020-07-07', 'SOPREMA ENTREPRISES', (102514.25, 'EUR'), None), ('2020-07-07', 'SOC TROISEL', (56822.7, 'EUR'), None), ('2020-07-07', 'Entreprise RICHARD', (138346.0, 'EUR'), None), ('2020-07-07', 'ARTBOIS24', (131100.0, 'EUR'), None), ('2020-07-07', 'PLATRERIE SEGONZAC', (141066.0, 'EUR'), None), ('2020-07-07', 'SOLS PRESTIGE 33.', (66150.74, 'EUR'), None), ('2020-07-07', 'EPRM', (49595.0, 'EUR'), None), ('2020-07-07', 'A2 ENERGIES', (157879.23, 'EUR'), None), ('2020-07-07', 'K2 ENERGIES', (140929.29, 'EUR'), None), ('2020-07-07', 'DP2A/IUMANA', (19500.0, 'EUR'), None)]","['Bâtiment', ""Tous corps d'état""]","[33, 345]",non,non
20-91003,2020-07-16,2020-09-11,['33'],expertise fonctionnelle et accompagnement à la construction du programme mage,fns,cmp2006,appeloffre,initial,Bordeaux Métropole,33045,Bordeaux Cedex,,['Informatique (prestations de services)'],[163],non,non
20-90822,2020-07-16,2020-09-09,['33'],Liaison Bourran-Vallon. Construction des stations de pompage PR Bourran et PR Vallon et mise en service du transfert d'effluents.,fns,cmp2006,appeloffre,initial,Bordeaux Métropole,33045,BORDEAUX,,['Station de pompage'],[326],non,non
20-90026,2020-07-16,2020-09-04,['33'],"Fourniture de consommables hydrauliques et pneumatiques (Embouts, tuyaux, jonctions, raccords, coudes...) ainsi que des flexibles et raccords hydrauliques (HP et BP), d'après fiche technique et/o",fns,cmp2006DEFENSE,appeloffre,rectificatif,MINDEF/Armée de l'Air/SAGF/SSAM 33 504,33068,Bordeaux,,"['Aéronautique', 'Equipement hydraulique']","[4, 111]",non,non
20-90573,2020-07-16,2020-10-13,['33'],RD 115 commune de Saint-Savin - Reconstruction du Pont du pas de l'âne Réf : 1909,fns,cmp2006,attribution,initial,DEPARTEMENT DE LA GIRONDE,33074,Bordeaux,"[('2020-02-28', 'GTM SUD-OUEST TP GC - Agence Aquitaine', (346557.23, 'EUR'), None)]",['Voirie'],[365],non,non
20-90690,2020-07-16,2020-08-24,['33'],Transport en autocars des élèves et personnels de Bordeaux Sciences Agro lors de sorties pédagogiques,fns,cmp2006,appeloffre,initial,Bordeaux Sciences Agro,33175,Gradignan,,['Transport'],[347],non,oui
20-91061,2020-07-16,2020-09-04,"['33', '47']",Démolition-Désamiantage et Rénovation de la Toiture du Cinéma Le Rio,fns,cmp2006,appeloffre,initial,Mairie de Langon,33210,Langon,,"['Charpente', 'Démolition', 'Amiante (désamiantage)']","[57, 87, 479]",non,oui
20-90959,2020-07-16,2020-09-14,['33'],Enfouissement des réseaux éclairage public et télécommunications dans le bourg de la commune de Nérigean,fns,cmp2006,appeloffre,initial,mairie de nérigean,33750,Nerigean,,"['Eclairage public', 'Télécommunications']","[102, 338]",non,non
20-91070,2020-07-16,2020-08-30,['34'],Construction de la station d'épuration de la commune de Saint Pargoire - 4 500 EH,fns,cmp2006,appeloffre,initial,Cté de communes Vallée de l'Hérault,34150,Gignac,,"[""Station d'épuration (travaux)""]",[328],non,non
20-91051,2020-07-16,2020-08-31,['34'],Marché d'hydrocurage des réseaux et ouvrages d'assainissement - Inspections télévisuelles des réseaux d'eaux usées. Tests de conformités des canalisations d'eaux usées neuves,fns,cmp2006,appeloffre,initial,Cté de communes Vallée de l'Hérault,34150,Gignac,,['Assainissement'],[18],non,non
20-90997,2020-07-16,2020-09-16,['34'],"Travaux de construction et d'aménagement du Pôle Chimie Balard Recherche à Montpellier.Cette consultation correspond au lot no10 "" Menuiseries intérieures, mobiliers divers "" pour lequel la pro",fns,cmp2006,appeloffre,initial,CNRS Délégation Languedoc Roussillon,34293,Montpellier cedex 5,,['Menuiserie'],[222],non,oui
20-90986,2020-07-16,2020-08-07,['34'],Maintenance des systèmes d'alarmes intrusion programmation et remplacement des systèmes obsolètes,fns,cmp2006,appeloffre,initial,Ville de Béziers,34508,Béziers cedex,,['Alarme'],[5],non,non
20-91146,2020-07-16,2020-10-13,['34'],Renouvellement du Système Informatique Documentaire de la Médiathèque André Malraux,fns,cmp2006,attribution,initial,COMMUNAUTE D AGGL BEZIERS MEDITERRANEE,34536,Béziers,"[('2020-07-13', 'BibLibre', (25030, 'EUR'), None), ('2020-07-13', 'BibLibre', (27420, 'EUR'), None), ('2020-07-15', 'Aesis Conseil', (29077.75, 'EUR'), None)]",['Logiciel'],[186],non,non
20-90685,2020-07-16,2020-09-07,['34'],Sensibilisation au risque inondation auprès des scolaires sur le bassin versant du Lez,fns,cmp2006,appeloffre,initial,Syndicat du Bassin du Lez (SYBLE),34730,Prades Le Lez,,['Prestations de services'],[274],non,non
20-90985,2020-07-16,2020-08-24,"['35', '50']",Marché de prestations géotechniques et géophysiques (G5) complémentaires pour le diagnostic approfondi d'ouvrages digues,mapa,cmp2006,appeloffre,initial,SM PREFIF. LITTORAL BAIE MONT ST MICHE,35120,Dol de Bretagne,,['Digue'],[91],non,non
20-90660,2020-07-16,2020-08-05,"['56', '22', '29', '35']",Cette consultation concerne l'ensemble des travaux de mise en sécurité incendie et de réaménagement partiel du site République de la Préfecture de Vannes (56).,fns,cmp2006,appeloffre,rectificatif,SEC GAL POUR L ADM MIN INTERIEUR OUEST,35207,Rennes cedex 2,,"['Electricité (travaux)', 'Gros oeuvre', 'Menuiserie', 'Peinture (travaux)', 'Plomberie (travaux)']","[105, 144, 222, 264, 270]",non,non
20-91113,2020-07-16,2020-09-19,"['35', '44', '56']",Entretien des toitures du patrimoine bâti de REDON Agglomération,fns,cmp2006,appeloffre,initial,COMMUNAUTE COMMUNES PAYS DE REDON,35600,Redon,,['Prestations de services'],[274],non,non
20-90978,2020-07-16,2020-09-18,['35'],Bruz (35) DGA/MI T601 Tour Tissot Création d'un local sécurisé 452160,fns,cmp2006,appeloffre,initial,ESID de Rennes,35998,Rennes cedex 9,,"[""Tous corps d'état""]",[345],non,non
20-90617,2020-07-16,2020-09-20,['36'],"Études d'évaluation et de programmation pour la rénovation du musée Bertrand deChâteauroux - 2 rue Descente des Cordeliers, 36000 Châteauroux.",mapa,cmp2006,attribution,initial,VILLE DE CHATEAUROUX,36012,Châteauroux cedex,,"['Bâtiment', 'Etude', 'Prestations de services', 'Ingénierie']","[33, 118, 274, 455]",non,non
20-90942,2020-07-16,2020-09-04,['37'],Aménagement d'un terrain d'entrainement,fns,cmp2006,appeloffre,initial,MAIRIE,37190,AZAY-LE-RIDEAU,,['Terrain de sport'],[342],non,non
20-90644,2020-07-16,2020-09-14,['38'],Campagne d'audits des installations réalisées dans le cadre du dispositif 'Prime Air Bois',fns,cmp2006,appeloffre,initial,GRENOBLE-ALPES METROPOLE,38031,GRENOBLE,,['Audit'],[21],non,non
20-90672,2020-07-16,2020-09-16,['38'],Le marché a pour objet le remaniement de la Ligne Aérienne de Contact.Le titulaire aura en charge de : - La fourniture du matérielle hors fils de la ligne aérienne de contact- La fourniture de l..,fns,cmp2006,attribution,initial,SOC ECONOMIE MIXTE TRPT PUB AGLOMERATI,38044,Grenoble,"[('2020-07-09', 'EPSIG', (150031, 'EUR'), None)]",['Matériel ferroviaire'],[206],non,non
20-90841,2020-07-16,2020-09-09,['38'],travaux de réhabilitation de la résidence autonomie pierre sémard,fns,cmp2006,appeloffre,initial,Commune de Saint-Martin-d'Hères,38400,Saint-Martin-d'Hères,,"['Bardage', 'Bâtiment', 'Carrelage', 'Chauffage (travaux)', 'Climatisation', 'Cloison, faux plafond', 'Cuisine (équipement)', 'Electricité (travaux)', 'Etanchéité', 'Gros oeuvre', 'Menuiserie', 'Peinture (travaux)', 'Revêtements de sols', 'Revêtements muraux', 'Serrurerie', ""Tous corps d'état"", 'Ventilation', 'Voirie et réseaux divers', 'Amiante (désamiantage)']","[30, 33, 53, 61, 62, 63, 77, 105, 117, 144, 222, 264, 308, 309, 321, 345, 360, 366, 479]",oui,non
20-90883,2020-07-16,2020-08-16,['38'],FOURNITURE ET LIVRAISON DE CONTENEURS AERIENS POUR LA COLLECTE DES CARTONS EN APPORT VOLONTAIRE,mapa,cmp2006,attribution,initial,SIBRECSA,38530,Pontcharra,,['Collecte sélective'],[82],non,non
20-90917,2020-07-16,2020-08-25,['38'],Rénovation énergétique et réaménagement du pôle restauration du groupe scolaire Ardillais-Chartreuse sur la commune de crolles,fns,cmp2006,appeloffre,initial,Ville de Crolles,38921,Crolles,,['Bâtiment'],[33],oui,non
20-89949,2020-07-16,2020-09-19,"['40', '64']",marché public de denrées alimentaires,joue,directive24,appeloffre,initial,LYCEE CHARLES DESPIAU,40000,MONT DE MARSAN,,['Denrées alimentaires'],[88],non,oui
20-90904,2020-07-16,2020-08-24,['40'],Formation des agents au CACES PEMP (nacelles),mapa,cmp2006,appeloffre,initial,Conseil Général des Landes,40025,Mont-de-Marsan Cedex,,['Formation'],[410],non,non
20-90570,2020-07-16,2020-08-07,"['40', '64', '33']","Numéro de la consultation : GHTPA 20015 Installation d'un Système de Vidéo protection site Vincent de Paul, Lanot, Thermal, Albizzias",fns,cmp2006,appeloffre,initial,GHT 40,40170,DAX Cedex,,['Télésurveillance'],[415],non,non
20-89957,2020-07-16,2020-08-28,['40'],travaux de réalisation du forage f8 - commune d'orist,fns,cmp2006,appeloffre,initial,SYNDICAT MIXTE EMMA,40230,saint vincent de tyrosse,,"['Alimentation en eau potable', 'Forage']","[6, 132]",non,non
20-90600,2020-07-16,2020-08-06,"['40', '64']",Fourniture et pose d'équipements de sécurisation des quais de déchetteries du SIETOM de Chalosse,fns,cmp2006,appeloffre,initial,SIETOM de Chalosse,40250,Caupenne,,"['Déchetterie (travaux)', 'Matériel de sécurité']","[96, 209]",non,non
20-89758,2020-07-16,2020-08-14,['41'],création d'une chaufferie biomasse,fns,cmp2006,appeloffre,initial,Centre Hospitalier de Blois,41016,Blois,,"['Chauffage (matériel)', 'Chauffage (travaux)', 'Etanchéité', 'Gros oeuvre', 'Maçonnerie', 'Métallerie', 'Plomberie (travaux)', 'Serrurerie', 'Voirie et réseaux divers']","[60, 61, 117, 144, 195, 223, 270, 321, 366]",non,non
20-90553,2020-07-16,2020-09-16,['41'],conception et impression des supports d'information et de communication pour les établissements du ght santé 41 :,mapa,cmp2006,attribution,initial,Centre Hospitalier de Blois,41016,Blois,,"['Publicité, Communication']",[285],non,non
20-91035,2020-07-16,2020-09-04,['42'],Désignation d'un bureau d'études technique pour la réalisation d'un diagnostic et d'un schéma directeur Assainissement à l'échelle de la commune de Saint Martin la Sauveté,mapa,cmp2006,appeloffre,initial,Ville de Saint-Martin-la-Sauveté,42260,ST MARTIN LA SAUVETE,,"['Assainissement', 'Réseaux divers', 'Station de pompage', 'Station de relevage', ""Station d'épuration (travaux)""]","[18, 306, 326, 327, 328]",non,non
20-90954,2020-07-16,2020-08-06,['42'],Prestation d'activité notariale relative au transfert de propriété de biens immobiliers et de formalités de publicité foncière,fns,cmp2006,appeloffre,initial,Roannais Agglomération,42311,ROANNE,,"['Etude', 'Prestations de services', 'Assistance juridique']","[118, 274, 434]",non,non
20-91116,2020-07-16,2020-09-03,['44'],"Fourniture, mise en oeuvre et assistance d'un logiciel de médecine du travail en mode Saas et services associés",fns,cmp2006,appeloffre,initial,Conseil départemental Loire-Atlantique,44041,NANTES,,"['Logiciel', 'Maintenance', 'Informatique (assistance)']","[186, 196, 453]",non,non
20-90595,2020-07-16,2020-09-04,['44'],Travaux de rénovation des menuiseries extérieures comprenant la dépose des menuiseries bois existantes et leur remplacement par des menuiseries PVC au CHS de Blain,fns,cmp2006,appeloffre,initial,CHU de Nantes,44093,Nantes cedex,,"[""Tous corps d'état""]",[345],non,non
20-90601,2020-07-16,2020-09-15,['44'],fourniture de lait infantile et petit pot pour les multi-accueils petite enfance (rectificatif),fns,cmp2006,appeloffre,rectificatif,Ville de Nantes,44094,Nantes Cedex 1,,['Denrées alimentaires'],[88],non,non
20-90625,2020-07-16,2020-09-09,['29'],La présente consultation a pour objet des travaux de mise en conformité accessibilité PMR (Personnes à mobilité réduites) des menuiseries intérieures 2 vantaux au campus de Brest IMT Atlantique sui..,fns,cmp2006,appeloffre,initial,Institut Mines-Télécom Atlantique,44307,Nantes cedex 3,,['Menuiserie'],[222],non,oui
20-91097,2020-07-16,2020-10-02,['44'],Numéro de la consultation : 2020 - FCS - 0003 Fournitures scolaires,fns,cmp2006,appeloffre,initial,COMMUNE DE MONTOIR DE BRETAGNE,44550,MONTOIR DE BRETAGNE,,"['Livres', 'Papeterie']","[184, 262]",non,non
20-90612,2020-07-16,2020-08-28,['44'],Mission de maîtrise d'oeuvre - extension réhabilitation du réseau d'eaux usées sur les communes de la CCSE,fns,cmp2006,appeloffre,initial,Communauté de Communes du Sud-Estuaire,44560,Paimboeuf,,"[""Maîtrise d'oeuvre""]",[197],non,non
20-90847,2020-07-16,2020-09-03,['44'],Réalisation de l'évaluation et du bilan-diagnostic final du Programme Local de l'Habitat 2016-2021 de la CARENE,mapa,cmp2006,appeloffre,initial,COM D AGGLO REG NAZAIRIENNE ESTUAIRE,44605,Saint-Nazaire,,['Etude'],[118],non,non
20-90890,2020-07-16,2020-09-14,"['49', '44']",Le présent marché a pour objet une mission d'assistance technique relative à la rénovation du système de chauffage au Lycée Duplessis Mornay à Saumur (49). Chaufferies :La consultation a pour,fns,cmp2006,appeloffre,rectificatif,Conseil régional des Pays de la Loire,44966,Nantes cedex 9,,"['Chauffage (exploitation, entretien)']",[59],non,non
20-87668,2020-07-16,2020-08-07,"['45', '18', '28', '41', '58', '77', '89', '91']",travaux d'aménagement d'un plateau en zone de bureau du site lpc2e du cnrs d'orléans. Les plans sont à demander via la plateforme PLACE.,fns,cmp2006,appeloffre,initial,CNRS,45071,Orléans,,"['Chauffage (travaux)', 'Climatisation', 'Cloison, faux plafond', 'Curage', 'Electricité (travaux)', 'Menuiserie', 'Peinture (travaux)', 'Revêtements de sols', 'Revêtements muraux', 'Ventilation']","[61, 62, 63, 78, 105, 222, 264, 308, 309, 360]",non,non
20-91086,2020-07-16,2020-07-24,['45'],Travaux de construction de 10 garages et un sanitaire public,fns,cmp2006,appeloffre,rectificatif,COMMUNE FERRIERES EN GATINAIS,45210,Ferrieres en gatinias,,"['Bâtiment', 'Gros oeuvre']","[33, 144]",non,non
20-91071,2020-07-16,2020-07-29,['45'],MARCHE DE TRAVAUX RELATIF A LA REHABILITATION EXTERIEURE DU BATIMENT SITUE 1 PLACE SAINT MACE,fns,cmp2006,appeloffre,rectificatif,COMMUNE FERRIERES EN GATINAIS,45210,Ferrieres en gatinias,,"['Gros oeuvre', 'Isolation', 'Menuiserie', 'Peinture (travaux)']","[144, 169, 222, 264]",non,non
20-88855,2020-07-16,2020-07-30,['45'],fourniture de produits liés à la crise covid et notamment des masques chirurgicaux type iir,joue,directive81,attribution,initial,EMA/DCSSA/DAPS-SSA,45404,Fleury les aubrais cedex,"[('2020-06-17', 'DRIVING AMBITION', (2340000, 'EUR'), None)]",['Consommables médicaux'],[69],non,non
20-90810,2020-07-16,2020-09-18,['45'],CREATION D'UN ESPACE DE CONVIVIALITE EN EXTENSION DU GYMNASE RUE CREUSE,fns,cmp2006,appeloffre,rectificatif,Mairie Saint Jean le Blanc,45650,Saint Jean le Blanc,,['Bâtiment'],[33],non,non
20-90811,2020-07-16,2020-09-18,['45'],CREATION D'UN ESPACE DE STOCKAGE EN EXTENSION DU DOJO,fns,cmp2006,appeloffre,rectificatif,Mairie Saint Jean le Blanc,45650,Saint Jean le Blanc,,['Bâtiment'],[33],non,non
20-90941,2020-07-16,2020-08-28,['45'],MARCHE DE TRAVAUX DE REHABILITATION DE LA GARE EN MAISON DE LA RUCHE ET DES ABEILLES,fns,cmp2006,appeloffre,rectificatif,Mairie de Pannes,45700,PANNES,,"[""Tous corps d'état""]",[345],non,non
20-90943,2020-07-16,2020-08-26,['45'],TRAVAUX D'AMENAGEMENT DE LA VOIRIE DU CENTRE BOURG DE PANNES,fns,cmp2006,appeloffre,rectificatif,Mairie de Pannes,45700,PANNES,,"['Espaces verts', 'Voirie']","[116, 365]",non,non
20-91032,2020-07-16,2020-10-13,['45'],Balayage des routes du département du Loiret,fns,cmp2006,attribution,initial,Département du Loiret,45945,Orléans,"[('2020-07-10', 'SGA MEYER', (100000, 'EUR'), None), ('2020-07-10', 'SGA MEYER', (110000, 'EUR'), None)]",['Voirie'],[365],non,non
20-91148,2020-07-16,2020-10-13,['46'],RENOUVELLEMENT ET EXTENSION DU RESEAU DE CHALEUR DE GRAMAT- Mission de maîtrise d'oeuvre,fns,cmp2006,attribution,initial,CC CAUSSES VAL DORDOGNE CERE DORDOGNE,46200,SOUILLAC,"[('2020-07-07', 'BREHAULT INGENIERIE', (73749.6, 'EUR'), None)]","[""Maîtrise d'oeuvre"", 'Ingénierie']","[197, 455]",non,non
20-90992,2020-07-16,2020-08-28,['47'],MISE EN SECURITE DE 6 OUVRAGES D?ART,fns,cmp2006,appeloffre,initial,Albret Communauté,47600,Nerac,,['Gros oeuvre'],[144],non,oui
20-91104,2020-07-16,2020-07-24,['47'],Numéro de la consultation : 2020TVE02 ACCORD CADRE A BONS DE COMMANDE : PETITS TRAVAUX DE VOIRIE Consultation lancée par un groupement de commandes composé des membres suivants : - AGGLOMERATION D&apo,fns,cmp2006,appeloffre,rectificatif,COMMUNE D AGEN,47916,AGEN,,['Voirie'],[365],non,non
20-89451,2020-07-16,2020-08-14,['49'],location et entretien de 3 véhicules frigorifiques pour les besoins du service de soutien à domicile du centre communal d'action sociale d'angers,fns,cmp2006,appeloffre,initial,CENTRE COMMUNAL D ACTION SOCIALE,49000,Angers,,['Véhicules (location)'],[474],non,non
20-90763,2020-07-16,2020-07-31,['49'],Equipement pour la mesure des paramètres d'électrophysiologie de la rétine et du nerf optique adapté à la souris,mapa,cmp2006,attribution,initial,Université d'Angers,49035,Angers cedex 01,,"['Equipements spécialisés', 'Laboratoire (matériel)', 'Matériel électronique médical', 'Matériel de précision']","[115, 188, 205, 215]",non,non
20-90958,2020-07-16,2020-09-16,"['49', '72', '53', '44', '85']",Travaux de restructuration de l'Aile B (Échantillonnage et service clients) et de l'Aile E (Germination),fns,cmp2006,appeloffre,initial,GEVES,49071,Beaucouzé cedex,,"['Chambre froide', 'Chauffage (travaux)', 'Cloison, faux plafond', 'Electricité (travaux)', 'Etanchéité', 'Gros oeuvre', 'Isolation', 'Menuiserie', 'Peinture (travaux)', 'Plomberie (travaux)', 'Revêtements de sols', 'Ventilation']","[56, 61, 63, 105, 117, 144, 169, 222, 264, 270, 308, 360]",non,non
20-90546,2020-07-16,2020-08-21,['85'],Location de structures évènementielles (chapiteaux) pour l'organisation de salons dans le département de la Vendée (85),fns,cmp2006,appeloffre,initial,Chambre Agriculture Pays de la Loire,49105,ANGERS,,"['Location (matériels)', 'Evénementiel']","[185, 445]",non,non
20-90830,2020-07-16,2020-08-16,['49'],"Mission de Suivi-animation d'une Opération Programmée d'Amélioration de l'Habitat (OPAH-RU) multi-sites sur les communes de Montreuil-Bellay, Vivy et Fontevraud l'Abbaye 2019-2024",fns,cmp2006,attribution,initial,CA SAUMUR VAL DE LOIRE,49408,Saumur Cedex,,"['Prestations de services', 'Ingénierie']","[274, 455]",non,non
20-91063,2020-07-16,2020-08-07,['49'],Acquisition de véhicules utilitaires,fns,cmp2006,appeloffre,initial,Comm Comm de Doué la Fontaine,49700,Doué-en-anjou,,['Véhicules (acquisition)'],[475],non,non
20-88837,2020-07-16,2020-08-26,['49'],kits découverte métiers : mise en place de parcours de découverte des métiers pour les bénéficiaires du rsa et les jeunes relevant du fonds d'aide aux jeunes - lots 3 et 4,fns,cmp2006,appeloffre,initial,Département de Maine-et-Loire,49941,Angers,,['Formation'],[410],non,non
20-91143,2020-07-16,2020-07-31,['50'],Acquisition de masques chirurgicaux,mapa,cmp2006,appeloffre,initial,CA SAINT LO AGGLO,50008,SAINT-LO,,['Matériel médical'],[212],non,non
20-91024,2020-07-16,2020-08-06,['50'],"RD 974 - Aménagement d'une voie verte - Lieu-dit "" La Blanche ""Commune déléguée de LES VEYS - Commune de CARENTAN-LES-MARAIS",fns,cmp2006,appeloffre,initial,DEPARTEMENT DE LA MANCHE,50050,Saint-Lo,,['Voirie'],[365],non,non
20-87112,2020-07-16,2020-09-01,['51'],Travaux d'amélioration et de maintenance sur le patrimoine du département de la Marne - 2020-2024,joue,directive24,appeloffre,initial,Département de la Marne,51038,Châlons en Champagne cedex,,"['Chauffage (travaux)', 'Electricité (travaux)', 'Menuiserie', 'Peinture (travaux)', 'Plomberie (travaux)', 'Revêtements de sols', 'Revêtements muraux']","[61, 105, 222, 264, 270, 308, 309]",non,non
20-90987,2020-07-16,2020-10-13,"['51', '2', '8', '10', '52']",Réhabilitation de l'Agence de Vitry-le-François,fns,cmp2006,appeloffre,initial,CPAM REIMS,51086,Reims,,"['Chauffage (travaux)', 'Démolition', 'Electricité (travaux)', 'Menuiserie', 'Revêtements de sols']","[61, 87, 105, 222, 308]",non,non
20-90996,2020-07-16,2020-08-26,"['51', '52', '2', '10']","FOURNITURE DE MATERIEL POUR LES SERVICES TECHNIQUES DE L'UIOSS, CAF, CPAM, URSSAF, DE LA MARNE",fns,cmp2006,appeloffre,initial,UNION IMMOB ORGANISMES S S,51089,Reims,,"['Matériel électrique', 'Menuiserie', 'Plomberie (travaux)']","[203, 222, 270]",non,non
20-90705,2020-07-16,2020-09-24,['52'],Prestation d'expert-comptable pour le compte d'une société publique (SPL) dédiée à la gestion d'un réseau numérique,fns,cmp2006,attribution,initial,Conseil général de la Haute-Marne,52000,CHAUMONT,"[('2020-07-16', 'ROCARD FIDUCIAIRE COMPTABLE BOURGUIGNONNE-FICOMPTA', (30000.0, 'EUR'), None)]",['Prestations de services'],[274],non,non
20-90704,2020-07-16,2020-09-18,['52'],Convention de participation couvrant le risque 'prévoyance'-.,mapa,cmp2006,appeloffre,initial,Commune d'Eclaron-Braucourt-Ste-Livièr,52290,ECLARON-BRAUCOURT-St-LIVIERE,,['Assurance'],[20],non,non
20-90781,2020-07-16,2020-08-11,"['57', '54', '88']",Etude pour l'aménagement d'installations sportives en extérieure CAMPUS BRIDOUX Avenue du General Delestraint 57 000 METZ,mapa,cmp2006,appeloffre,rectificatif,Université de Lorraine,54000,Nancy cedex,,['Etude'],[118],non,non
20-90831,2020-07-16,2020-09-07,['55'],"maintenance, contrôle, mise à disposition et achat d'extincteur",fns,cmp2006,appeloffre,initial,SDIS de la Meuse,55012,Bar le duc cedex,,['Extincteur'],[119],non,non
20-90592,2020-07-16,2020-08-21,['55'],travaux récurrents dans les bâtiments communaux et intercommunaux.,fns,cmp2006,appeloffre,initial,COMMUNAUTE D AGGL DU GRAND VERDUN,55100,Verdun,,"['Bâtiment', 'Couverture', 'Electricité (travaux)', 'Maçonnerie', 'Peinture (travaux)', 'Plomberie (travaux)', 'Revêtements de sols', 'Serrurerie', 'Zinguerie']","[33, 74, 105, 195, 264, 270, 308, 321, 372]",non,non
20-90789,2020-07-16,2020-08-17,['56'],Travaux de réhabilitation des poutres de la plateforme de manoeuvre du pont levant et de la porte à flot du bassin à flot du port de Lorient centre,fns,cmp2006,appeloffre,initial,Lorient Agglomération,56314,Lorient cedex,,['Maçonnerie'],[195],non,non
20-89021,2020-07-16,2020-09-10,['56'],travaux de réhabilitation des réseaux d'eaux usées et d'eau potable sur les communes de carnac et d'etel - route du purgatoire et rue de l'amiral ronarc'h,fns,cmp2006,appeloffre,initial,Auray Quiberon Terre Atlantique,56404,Auray Cedex,,"['Alimentation en eau potable', 'Assainissement']","[6, 18]",non,non
20-88676,2020-07-16,2020-09-08,['56'],Réhabilitation de la déchèterie de Quiberon.,fns,cmp2006,appeloffre,initial,Auray Quiberon Terre Atlantique,56404,Auray Cedex,,"['Charpente', 'Chauffage (travaux)', 'Cloison, faux plafond', 'Couverture', 'Démolition', 'Déchetterie (travaux)', 'Electricité (travaux)', 'Equipements spécialisés', 'Espaces verts', 'Gros oeuvre', 'Menuiserie', 'Métallerie', 'Mur de soutènement', 'Peinture (travaux)', 'Serrurerie', 'Terrassement', 'Voirie et réseaux divers']","[57, 61, 63, 74, 87, 96, 105, 115, 116, 144, 222, 223, 233, 264, 321, 341, 366]",non,non
20-80231,2020-07-16,2020-09-04,['56'],Fourniture de services de télécommunication (téléphonie fixe et mobile),mapa,cmp2006,appeloffre,initial,Commune de Saint-Avé,56890,Saint-Avé,,['Télécommunications'],[338],non,non
20-90046,2020-07-16,2020-10-12,['57'],"Fourniture, Mise En oeuvre Et Services D'Accompagnement De Liaisons Internet Asymétriques Pour Les Bâtiments De Metz Métropole Et De La Ville De Metz",joue,directive24,attribution,initial,METZ METROPOLE,57071,Metz,"[('2020-07-07', 'Aege', (200000, 'EUR'), None), ('2020-07-07', 'Sfr', (200000, 'EUR'), None), ('2020-07-07', 'Avelia', (200000, 'EUR'), None)]",['Site internet'],[171],non,non
20-91110,2020-07-16,2020-10-13,['57'],Isolation thermique par l'extérieur - École Jacques Prévert et travaux de maçonnerie sur préau École Beauregard,fns,cmp2006,attribution,initial,COMMUNAUTE AGGLO PORTES DE FRANCE,57125,THIONVILLE,"[('2020-07-03', 'BIH BAT', (38894.8, 'EUR'), None), ('2020-07-03', 'SN BRUNORI', (22580, 'EUR'), None)]","['Isolation', 'Maçonnerie']","[169, 195]",non,non
20-90893,2020-07-16,2020-08-07,"['57', '54', '55', '88', '67', '68']",Stratégie de communication Plan Rhin vivant,mapa,cmp2006,appeloffre,initial,Agence de l'eau Rhin-Meuse,57160,Moulins-lès-metz,,['Prestations de services'],[274],non,non
20-90662,2020-07-16,2020-08-22,['57'],Repas et colis pour les personnes âgées,fns,cmp2006,appeloffre,initial,Mairie d'Hayange,57701,Hayange,,"['Colis', 'Repas, traiteur']","[65, 304]",non,non
20-90686,2020-07-16,2020-07-30,['58'],ght de la nièvre mise en oeuvre de garde corps sur le centre de cure de pignelin,mapa,cmp2006,attribution,initial,Centre Hospitalier de Nevers,58033,Nevers Cedex,,['Glissières de sécurité'],[142],non,non
20-90688,2020-07-16,2020-09-14,['59'],"Le marché public concerne les études géotechniques à mener sur certains sites dans le cadre de petits travaux, de pré-études ou d'analyses géotechniques spécifiques, hors opérations spécifiques.",fns,cmp2006,appeloffre,initial,SDIS 59,59028,Lille cedex,,['Contrôle technique'],[72],non,non
20-90840,2020-07-16,2020-07-24,['59'],CHU de LILLE,mapa,cmp2006,appeloffre,initial,CHU DE LILLE,59037,Lille cedex,,['Prestations de services'],[274],non,non
20-91075,2020-07-16,2020-08-31,['59'],TRAVAUX DE RESTAURATION ET DE MISE EN VALEUR D'UNE ÉCHAUGUETTE DE L'ABBAYE DE VAUCELLES 3 LOTS.,fns,cmp2006,appeloffre,initial,DEPARTEMENT DU NORD,59047,Lille,,"['Maçonnerie', 'Serrurerie', 'Voirie']","[195, 321, 365]",non,non
20-91085,2020-07-16,2020-08-17,['59'],"Travaux de réfection et de mise aux normes des pistes cyclables le long de la RD951 sur le territoire des communes de Avesnelles, Sémeries et Sains-du-Nord du PR 31+0905 au PR 36+0401",fns,cmp2006,appeloffre,initial,DEPARTEMENT DU NORD,59047,Lille,,['Voirie'],[365],non,non
20-65250,2020-07-16,2020-09-30,['59'],Marché de collecte des cartons des déchèteries du SMICTOM des Flandres,mapa,cmp2006,attribution,initial,SMICTOM des Flandres,59190,Hazebrouck,,"['Carton', 'Déchetterie (exploitation)']","[54, 405]",non,non
20-90765,2020-07-16,2020-08-03,['59'],travaux de voiries,mapa,cmp2006,appeloffre,initial,COMMUNE D'ETROEUNGT,59219,Etroeungt,,['Voirie'],[365],non,non
20-90577,2020-07-16,2020-09-10,['59'],"Maintenance technique des installations de climatisation, de ventilation et de divers équipements CVC de divers bâtiments communautaires à Dunkerque",mapa,cmp2006,appeloffre,initial,Communauté Urbaine de Dunkerque,59386,Dunkerque,,"['Chauffage (exploitation, entretien)', 'Climatisation', 'Maintenance', 'Ventilation']","[59, 62, 196, 360]",oui,non
20-90454,2020-07-16,2020-08-17,['59'],parc de la templerie : aménagement d'une plaine de jeux.,fns,cmp2006,appeloffre,initial,Commune de Douai,59508,Douai cedex,,"['Clôture', 'Espaces verts', 'Terrassement']","[64, 116, 341]",oui,non
20-90885,2020-07-16,2020-09-15,"['59', '2', '60', '62', '80']",MARCHE DE PRESTATIONS INTELLECTUELLES ET DE SERVICES SUR LA PLATEFORME TALEND,fns,cmp2006,appeloffre,initial,Région Hauts-de-France,59555,LILLE,,['Informatique (prestations de services)'],[163],non,non
20-90621,2020-07-16,2020-09-07,['59'],La fourniture et la mise en place d'un plan de continuité d'activité (PCA) pour l'environnement serveur de la ville de Marcq-en-Baroeul.,fns,cmp2006,appeloffre,initial,Ville de Marcq-en-Baroeul,59704,Marcq en baroeul cedex,,['Informatique (prestations de services)'],[163],non,non
20-90233,2020-07-16,2020-09-18,['60'],prise en charge d'analyses physico-chimiques pour les besoins du département de l'oise,fns,cmp2006,attribution,initial,Conseil Départemental de l'Oise,60000,Beauvais,"[('2020-07-15', ""Laboratoire départemental d'analyses de recherche du conseil départemental de l'Aisne"", (120000, 'EUR'), None)]",['Prestations de services'],[274],non,non
20-91039,2020-07-16,2020-10-11,"['60', '59', '75', '80', '95']",Travaux d'amélioration de l'éclairage des terrains de quatre structures sportives à Lamorlay (remplacement de l'éclairage actuel par des ampoules LED de nouvelle technologie),mapa,cmp2006,appeloffre,initial,COMMUNE DE LAMORLAYE,60260,Lamorlaye,,"['Eclairage public', 'Equipement sportif', 'Terrain de sport']","[102, 113, 342]",non,non
20-90716,2020-07-16,2020-08-07,['61'],Travaux d'électricité à la cuisine centrale de la Communauté Urbaine d'Alençon,fns,cmp2006,appeloffre,initial,Communauté urbaine d'Alençon,61014,Alençon,,['Electricité (travaux)'],[105],non,non
20-91014,2020-07-16,2020-09-04,['61'],Optimisation de la Station d'Epuration du Fléchet à Lonrai,mapa,cmp2006,appeloffre,initial,Communauté urbaine d'Alençon,61014,Alençon,,"[""Station d'épuration (travaux)""]",[328],non,non
20-90695,2020-07-16,2020-08-17,['62'],"Travaux de câblages VDI (Voix, données, Images)",fns,cmp2006,appeloffre,initial,COMMUNE D ARRAS,62022,Arras,,['Réseaux divers'],[306],non,non
20-91025,2020-07-16,2020-07-29,['62'],Réalisation d'un process de lavage et de stockage de coffres à poissons pour le Port de Boulogne sur Mer - LOT AIR COMPRIME,mapa,cmp2006,appeloffre,initial,SEPD,62100,Calais,,['Outillage'],[251],non,non
20-91019,2020-07-16,2020-08-12,['62'],Nettoyage du bardage de la Halle de Criée au port de Boulogne sur Mer,mapa,cmp2006,appeloffre,initial,SEPD,62100,Calais,,['Nettoyage urbain'],[240],non,non
20-91037,2020-07-16,2020-09-18,"['62', '59', '80']",TRAVAUX RELATIF AU REMPLACEMENT DES DIFFUSEURS FINES BULLES A LA STATION JACQUES MONOD (FILE B),fns,cmp2006,appeloffre,initial,GRAND CALAIS TERRES & MERS,62101,Calais cedex,,['Assainissement'],[18],non,non
20-90932,2020-07-16,2020-08-06,['62'],Réaménagement de la laverie au Centre Hospitalier du Ternois,mapa,cmp2006,appeloffre,initial,CENTRE HOSPITALIER DU TERNOIS,62130,GAUCHIN-VERLOINGT,,"['Electricité (travaux)', 'Electroménager', 'Gros oeuvre', 'Menuiserie', 'Plomberie (travaux)']","[105, 108, 144, 222, 270]",non,non
20-90633,2020-07-16,2020-08-17,['62'],Aménagement du carrefour RD166-167,fns,cmp2006,appeloffre,initial,Commune de CUINCHY,62149,cuinchy,,['Voirie'],[365],non,non
20-91012,2020-07-16,2020-09-22,['62'],20PA28 ACCORD-CADRE MONO ATTRIBUTAIRE AVEC EMISSION A BONS DE COMMANDE POUR L'ENTRETIEN ET LA MAINTENANCE DE LA SIGNALETIQUE EXTERIEURE DES ESPACES COMMUNAUTAIRES,fns,cmp2006,appeloffre,initial,COMMUNAUTE D AGL D HENIN CARVIN,62253,HENIN BEAUMONT CEDEX,,['Signalétique'],[333],non,non
20-90681,2020-07-16,2020-09-16,['62'],sains en gohelle-travaux d'assainissement et d'eau potable rue françois mitterrand (19s157),fns,cmp2006,attribution,initial,CommunAupole de Lens-Liévin,62300,Lens,"[('2020-07-09', 'Groupement EHTP/REHACANA', (1524763.0, 'EUR'), None)]","['Alimentation en eau potable', 'Assainissement']","[6, 18]",non,oui
20-91016,2020-07-16,2020-09-16,['62'],prestations d'un mandataire de gestion pour les besoins des services de la communauté d'agglomération de lens liévin (call) et des conseillers communautaires.,fns,cmp2006,attribution,initial,CommunAupole de Lens-Liévin,62302,Lens cedex,[],"['Prestations de services', 'Transport', 'Titres de transport', 'Prestation hotelière', 'Véhicules (location)']","[274, 347, 417, 466, 474]",non,non
20-90908,2020-07-16,2020-09-18,['62'],"Maintenance et entretien des fermetures mécanique, niveleurs de quai et de serrurerie du patrimoine de la CAB",fns,cmp2006,appeloffre,initial,Cté d'agglomération du Boulonnais,62321,Boulogne sur Mer Cedex,,"['Maintenance', 'Serrurerie', 'Porte automatique, portail']","[196, 321, 412]",non,non
20-90645,2020-07-16,2020-08-07,"['62', '59']",Confection de colis de fin d'année pour les personnes âgées et livraison sur les sites de distribution,fns,cmp2006,appeloffre,initial,COMMUNE DE BOULOGNE SUR MER,62321,BOULOGNE SUR MER,,['Colis'],[65],non,non
20-91000,2020-07-16,2020-08-28,"['62', '59']",Fourniture de services de télécommunications pour les sites du SIVOM de la Communauté du Béthunois.,fns,cmp2006,appeloffre,initial,SIVOM COMMUNAUTE DU BETHUNOIS,62400,Bethune,,['Télécommunications'],[338],non,non
20-90747,2020-07-16,2020-08-06,"['62', '59', '80']",La Communauté de Communes du Sud-Artois a décidé d'engager des travaux de confortement de renforcement de certaines voiries communautaires.,fns,cmp2006,appeloffre,initial,Communauté de Communes du Sud-Artois,62452,Bapaume cedex,,['Voirie'],[365],oui,non
20-79367,2020-07-16,2020-08-24,['62'],marché de fourniture d'électricité rendu sur site et de prestations de services associées pour l'alimentation des points de livraison des bâtiments de l'aréna stade couvert,joue,directive24,appeloffre,initial,SYNDICAT MIXTE ARENA STADE COUVERT,62800,Liévin,,"['Electricité, gaz (fourniture)']",[443],non,non
20-90567,2020-07-16,2020-09-15,['63'],Marché de contrôle technique et coordination SPS concernant la réhabilitation du centre aquatique les Hautes Roches à Chamalières,fns,cmp2006,appeloffre,initial,Clermont Auvergne Métropole,63007,CLERMONT-FERRAND,,['Contrôle technique'],[72],non,non
20-90571,2020-07-16,2020-08-11,['63'],Fourniture de matériel de plomberie pour les services de la ville de Cournon-d'Auvergne,mapa,cmp2006,appeloffre,initial,Ville de Cournon d'Auvergne,63804,Cournon,,"['Chauffage (matériel)', 'Matériel robinetterie', 'Sanitaire']","[60, 311, 319]",non,non
20-91021,2020-07-16,2020-08-27,['65'],"AMENAGEMENT DU PARKING NORD DE LA MAIRIE, RUE G. CLEMENCEAU",fns,cmp2006,appeloffre,initial,VILLE DE TARBES,65000,TARBES,,['Voirie'],[365],non,non
20-90947,2020-07-16,2020-10-13,['65'],MARCHE DE SERVICES POUR LA REALISATION DES PRESTATIONS D'ENTRETIEN ET DE NETTOYAGE DES PARTIES COMMUNES DES IMMEUBLES DIFFUS DE L'OPH65,fns,cmp2006,attribution,initial,OFFICE PUB DE L HABITAT HTES PYRENEES,65000,TARBES,"[('2020-06-30', 'ABENET', (10288.08, 'EUR'), None), ('2020-06-30', 'Vidimus', (10054.26, 'EUR'), None), ('2020-06-30', 'ABENET', (10288.08, 'EUR'), None), ('2020-06-30', 'ABENET', (5692.74, 'EUR'), None), ('2020-06-30', 'ABENET', (3429.36, 'EUR'), None), ('2020-06-30', 'ABENET', (13786.02, 'EUR'), None), ('2020-06-30', 'ABENET', (3429.36, 'EUR'), None), ('2020-06-30', 'ABENET', (1584, 'EUR'), None), ('2020-06-30', 'ABENET', (792, 'EUR'), None), ('2020-07-15', 'ABENET', (1584, 'EUR'), None)]",['Prestations de services'],[274],non,non
20-90721,2020-07-16,2020-08-12,['66'],FOURNITURE DE MATÉRIELS ET DE PRODUITS DE PROTECTION CONTRE LA COVID 19,fns,cmp2006,appeloffre,initial,Mairie de Canet en Roussillon,66145,Canet-en-Roussillon,,['Equipements spécialisés'],[115],non,non
20-90862,2020-07-16,2020-09-04,['66'],Prestations de maintenance de l'architecture de téléphonie sur IP de la ville de Saint-Cyprien,fns,cmp2006,appeloffre,initial,Mairie Saint-Cyprien,66750,Saint-cyprien,,['Télécommunications'],[338],non,non
20-90715,2020-07-16,2020-09-04,['66'],Services de communications électroniques pour la ville de Saint-Cyprien.,fns,cmp2006,appeloffre,initial,Mairie Saint-Cyprien,66750,saint-cyprien,,['Télécommunications'],[338],non,non
20-90851,2020-07-16,2020-10-13,['66'],RD117 - Contournement d'ESTAGEL - Travaux de désamiantage des sols,fns,cmp2006,attribution,initial,DEPARTEMENT DES PYRENEES-ORIENTALES,66906,PERPIGNAN,"[('2020-06-29', 'Entreprise SEMPERE et FILS', (424925, 'EUR'), None)]",['Amiante (désamiantage)'],[479],non,non
20-90950,2020-07-16,2020-10-13,['66'],PRESTATIONS D'ETUDE ET DE REDACTION DU PLAN DE CONTINUITE D'ACTIVITE INONDATION POUR LE CONSEIL DEPARTEMENTAL DES PYRENEES ORIENTALES,fns,cmp2006,attribution,initial,DEPARTEMENT DES PYRENEES-ORIENTALES,66906,PERPIGNAN,"[('2020-07-15', 'Cabinet conseil LEXIS', (89425, 'EUR'), None)]","['Bassin, étang', 'Etude']","[28, 118]",non,non
20-90948,2020-07-16,2020-10-13,['66'],Mise en continuité Cyclable Bld Michelet-Pont sur la Têt (RD 900),fns,cmp2006,attribution,initial,DEPARTEMENT DES PYRENEES-ORIENTALES,66906,PERPIGNAN,"[('2020-06-23', 'COLAS MIDI MEDITERRANEE', (264463.5, 'EUR'), None)]",['Voirie'],[365],non,oui
20-90032,2020-07-16,2020-09-15,['67'],2020F0211EMNOC,joue,directive25,appeloffre,initial,SDEA ALSACE MOSELLE,67013,Strasbourg Cedex,,"['Canalisations', 'Matériel robinetterie']","[48, 311]",non,oui
20-90584,2020-07-16,2020-07-27,['67'],Désignation d'une équipe de Maitrise d'oeuvre pour la restructuration des anciens parloirs (Bâtiment N) du Centre de Détention d'Oermingen en Greffe et agrandissement de la PEP,fns,cmp2006,appeloffre,initial,DIR INTERREGIONALE SCES PENITENTIAIRES,67070,Strasbourg cedex,,"[""Assistance à maîtrise d'ouvrage""]",[433],non,non
20-90973,2020-07-16,2020-09-10,['67'],Le marché public concerne des travaux à réaliser pour la mise en oeuvre d'un dispositif d'alerte individuel portatif géolocalisable pour le personnel des urgences du Nouvel Hôpital Civil ain,fns,cmp2006,attribution,initial,HOPITAUX UNIVERSITAIRES DE STRASBOURG,67091,Strasbourg cedex,"[('2020-07-10', 'SOVEC ENTREPRISES', (150000, 'EUR'), None)]",['Electricité (travaux)'],[105],non,non
20-90784,2020-07-16,2020-09-10,['67'],mission de contrôle technique pour l'opération de reconstruction de la bibliothèque départementale du bas-rhin de sarre-union,mapa,cmp2006,appeloffre,initial,DEPARTEMENT DU BAS RHIN,67964,Strasbourg cédex 9,,['Contrôle technique'],[72],non,non
20-90589,2020-07-16,2020-09-10,['67'],"mission d'ordonnancement, pilotage et coordination pour l'opération de reconstruction de la bibliothèque départementale du bas-rhin de sarre-union",mapa,cmp2006,appeloffre,initial,DEPARTEMENT DU BAS RHIN,67964,Strasbourg cédex 9,,"[""Mission d'ordonnancement, pilotage, coordination (OPC)""]",[234],non,non
20-90926,2020-07-16,2020-08-20,['69'],Réaménagement de l'esplanade du Parc des Berges nord 69007 Lyon,fns,cmp2006,appeloffre,initial,Ville de Lyon,69205,Lyon cedex 01,,"['Voirie et réseaux divers', 'Aire de jeux']","[366, 400]",non,oui
20-90863,2020-07-16,2020-08-07,['3'],Le présent marché a pour objet des travaux de visant à rétablir les conditions d'étanchéités du bâtiment principal au droit du linéaire du chéneau encaissé du Centre National du Costume de Scène,fns,cmp2006,appeloffre,rectificatif,MINISTERE DE LA CULTURE,69283,Lyon cedex 01,,['Couverture'],[74],non,non
20-91066,2020-07-16,2020-09-11,['69'],"Le marché a pour objet le transport et la manutention de la cheminée en pierre dite du Bosquet (16e siècle, remaniée au 20e siècle) Le présent marché public est constitué de trois volets principau..",fns,cmp2006,appeloffre,initial,MINISTERE DE LA CULTURE,69283,Lyon cedex 01,,['Transport'],[347],non,oui
20-90663,2020-07-16,2020-09-14,['69'],FOURNITURE DE PRODUITS D HYGIENE DU CORPS,fns,cmp2006,appeloffre,initial,CHU Lyon,69373,Lyon cedex 08,,['Hygiène (articles)'],[153],non,non
20-90804,2020-07-16,2020-09-25,['69'],"Construction d'un parc relais "" P+R "" à Saint-Genis-Laval Hôpitaux Sud - Lot 05 - CVC (Chauffage - Ventilation - Climatisation)Plomberie",fns,cmp2006,appeloffre,initial,SYTRAL,69487,Lyon,,"['Chauffage (matériel)', 'Climatisation', 'Plomberie (travaux)', 'Ventilation']","[60, 62, 270, 360]",non,non
20-90648,2020-07-16,2020-08-27,['69'],"Travaux de construction d'une station de pompage des eaux usées, d'un dessableur, d'un collecteur cadre, d'un refoulement, des réseaux d'assainissement, et réhabilitation d&ap",fns,cmp2006,appeloffre,rectificatif,Métropole de Lyon,69505,LYON,,['Station de pompage'],[326],non,non
20-91136,2020-07-16,2020-08-13,['69'],"L'accord-cadre concerne l'acquisition et les prestations d'installation, de paramétrage, d'assistance au démarrage, de formation et de maintenance d'une solution par RFID pour",fns,cmp2006,appeloffre,initial,COMMUNE DE VAULX EN VELIN,69518,Vaulx en Velin cedex,,['Automate'],[402],non,non
20-90711,2020-07-16,2020-08-14,['69'],"Exploitation des installations de chauffage, eau chaude sanitaire, traitement d'eau, climatisation et ventilation",fns,cmp2006,appeloffre,initial,COMMUNE DE GRIGNY,69520,Grigny,,"['Chauffage (exploitation, entretien)', 'Climatisation']","[59, 62]",non,non
20-88391,2020-07-16,2020-09-11,['69'],"travaux de rénovation de chaufferie, de réseau de chauffage et fourniture et pose d'une centrale d'air dans des écoles",fns,cmp2006,appeloffre,initial,Commune de Saint-Genis-Laval,69565,Saint-genis-laval,,['Chauffage (travaux)'],[61],non,oui
20-91031,2020-07-16,2020-10-13,['69'],STADE ARMAND CHOUFFET - REALISATION ESPACE RECEPTIF,fns,cmp2006,attribution,initial,Ville de Villefranche-sur-saône,69653,Villefranche-sur-Saône,,"['Bâtiment', 'Charpente', 'Cloison, faux plafond', 'Electricité (travaux)', 'Plomberie (travaux)']","[33, 57, 63, 105, 270]",non,non
20-90827,2020-07-16,2020-09-21,['44'],service de dépannage et maintenance pour l'entretien des bâtiments de l'université gustave eiffel campus de nantes,mapa,cmp2006,appeloffre,initial,UNIVERSITE GUSTAVE EIFFEL,69675,Bron,,['Prestations de services'],[274],non,non
20-91128,2020-07-16,2020-08-15,['69'],Achat de fournitures scolaires pour les écoles et accueils de loisirs périscolaires et extrascolaires de la commune de Genas,fns,cmp2006,appeloffre,initial,Mairie de Genas,69740,GENAS,,['Articles de bureau et articles scolaires'],[16],non,non
20-90530,2020-07-16,2020-09-11,['70'],Déconnexion du réseau d'assainissement de la rue des vosges,fns,cmp2006,appeloffre,initial,Communauté de Communes du Pays de Lure,70200,Lure,,['Assainissement'],[18],non,non
20-90752,2020-07-16,2020-08-14,['71'],Transport de courrier interne pour la Cpam de Saône-et-Loire,mapa,cmp2006,appeloffre,initial,CPAM MACON,71022,Macon,,['Transport'],[347],non,non
20-90832,2020-07-16,2020-08-18,['71'],Transport de colis pour le compte de la Cpam de Saône-et-Loire,mapa,cmp2006,appeloffre,initial,CPAM MACON,71022,Macon,,['Transport'],[347],non,non
20-91140,2020-07-16,2020-09-04,['72'],Maintenance préventive et corrective des portes et portails du Département de la Sarthe,fns,cmp2006,appeloffre,initial,DEPARTEMENT DE LA SARTHE,72072,Le Mans,,['Maintenance'],[196],non,non
20-90855,2020-07-16,2020-10-13,['72'],RD 20BIS - Ouvrage sur la rivière 'la Vive Parence' Travaux de remise en peinture des palplanches et de protection des bétons des appuis - Commune d'Yvré-l'Evêque.,fns,cmp2006,attribution,initial,DEPARTEMENT DE LA SARTHE,72072,Le Mans,"[('2020-07-15', 'GTM TRAVAUX SPECIAUX', (147831, 'EUR'), None)]","['Palplanches', 'Peinture (travaux)']","[260, 264]",non,non
20-90936,2020-07-16,2020-10-13,['74'],contrat d'assurance dommages ouvrage - construction de la mairie de Demi-Quartier,mapa,cmp2006,attribution,initial,Commune de Demi-Quartier,74120,MEGEVE,,['Assurance'],[20],non,non
20-90953,2020-07-16,2020-10-13,['74'],Fourniture et installation de deux toilettes à entretien automatique,mapa,cmp2006,attribution,initial,Ville de Saint Julien en Genevois,74164,SAINT-JULIEN-EN-GENEVOIS,,['Sanitaire'],[319],non,non
20-90951,2020-07-16,2020-10-13,['74'],Contrôle des installations sanitaires des habitations situées sur le territoire de la C.C.G. raccordées à l'assainissement collectif et en assainissement non collectif,fns,cmp2006,attribution,initial,Communauté de Communes du Genevois,74166,ST JULIEN EN GENEVOIS Cedex,"[('2020-07-16', 'NICOT CONTROLE', (146400, 'EUR'), None)]",['Sanitaire'],[319],non,non
20-90854,2020-07-16,2020-10-13,['74'],"FOURNITURE, MISE EN OEUVRE, FORMATIONS, MAINTENANCE ET HEBERGEMENT D'UNE SOLUTION INFORMATISEE DE SUIVI DES OPERATIONS DE TRAVAUX DU SYANE",fns,cmp2006,attribution,initial,SYANE,74330,POISY,"[('2020-07-09', 'AM Créations', (214000, 'EUR'), None)]","['Informatique (prestations de services)', 'Logiciel', 'Progiciel']","[163, 186, 283]",non,non
20-90899,2020-07-16,2020-09-30,['75'],Marché de travaux pour le projet de bureaux et sanitaires dans la 'bulle' du MAD,fns,cmp2006,appeloffre,rectificatif,LES ARTS DECORATIFS,75001,Paris,,['Bâtiment'],[33],non,non
20-90606,2020-07-16,2020-09-30,['92'],Marché de travaux d'assainissement et de voirie pour le bâtiment de La Contemporaine sur le campus de l'université de Nanterre (92),fns,cmp2006,appeloffre,rectificatif,Etablt Public du Campus de Jussieu,75002,Paris,,"['Assainissement', 'Voirie']","[18, 365]",non,non
20-90619,2020-07-16,2020-08-21,['75'],Marché de maîtrise d'oeuvre pour les travaux d'accessibilité des façades aux services de secours du bâtiment de la Sorbonne à Paris 5ème,fns,cmp2006,appeloffre,initial,SPL PARISEINE,75004,Paris,,['Bâtiment'],[33],non,non
20-91114,2020-07-16,2020-09-02,['75'],"Accord-cadre relatif à la conception de la revue d'anthropologie et d'histoire des arts "" Gradhiva "" du musée du quai Branly-Jacques Chirac",fns,cmp2006,appeloffre,initial,Musée du quai Branly-Jacques Chirac,75007,Paris,,['Prestations de services'],[274],non,non
20-90887,2020-07-16,2020-08-30,['75'],La présente consultation a pour objet une mission d'assistance à maîtrise d'ouvrage juridique pour la passation de marchés publics en procédures de dialogues compétitifs sur le fondement de,fns,cmp2006,appeloffre,initial,SOC DE LIVRAISON OUVRAGES OLYMPIQUES,75009,Paris,,['Assistance juridique'],[434],non,non
20-90702,2020-07-16,2020-08-20,"['78', '92', '75', '94']",Travaux de Modernisation de 6 ascenseurs,fns,cmp2006,appeloffre,initial,CDC HABITAT,75013,Paris,,['Ascenseur'],[17],non,non
20-90561,2020-07-16,2020-08-28,['27'],Le présent marché est un marché de maîtrise d'oeuvre en vue de la maintenance décennale de l'écluse 141 x 12 m d'Amfreville - sous -les -Monts.,fns,cmp2006,appeloffre,initial,Voies navigables de France,75013,Paris,,"['Ecluse', ""Maîtrise d'oeuvre""]","[103, 197]",non,non
20-91112,2020-07-16,2020-08-14,['75'],La présente consultation a pour objet la création et l'exécution graphique des publications de l'Autorité Nationale des jeux (ANJ).,fns,cmp2006,appeloffre,initial,AUTORITE NATIONALE DES JEUX,75015,Paris,,"['Publicité, Communication']",[285],non,non
20-91096,2020-07-16,2020-09-17,['75'],Travaux et services utiles à la mise en place de l'exposition temporaire 'Putain d'expo !' consacrée à Renaud et présentée à la Cité de la musique - Philharmonie de Paris du 16 oct,fns,cmp2006,attribution,initial,Cité de la Musique-Philharmonie Paris,75019,Paris,"[('2020-07-13', 'Stand Expo Déco', (47771, 'EUR'), None), ('2020-07-13', 'Stand Expo Déco', (40476, 'EUR'), None), ('2020-07-13', 'Medicis', (7586.55, 'EUR'), None), ('2020-07-13', '50 Lux Production', (7670, 'EUR'), None)]","['Câblage', 'Décoration (travaux)', 'Menuiserie', 'Signalisation', 'Equipement muséographique']","[47, 85, 222, 322, 409]",non,non
20-91130,2020-07-16,2020-08-17,['75'],relance lot no19 restauration de papier peint - reproduction et pose de papier peint dans le cadre de l'opération de restauration de l'hôtel de la marine (paris).,fns,cmp2006,appeloffre,initial,Centre des monuments nationaux,75186,Paris,,"['Monuments historiques', 'Revêtements muraux']","[236, 309]",non,non
20-90603,2020-07-16,2020-07-31,"['75', '77', '78', '91', '92', '93', '94', '95']",Travaux de réaménagement de l'accueil avec création d'une mezzanine au commissariat de police de choisy le roi (rectificatif),fns,cmp2006,appeloffre,rectificatif,Préfecture de Police de Paris,75195,PARIS cedex 04,,['Métallerie'],[223],non,non
20-91111,2020-07-16,2020-09-16,"['75', '91', '92', '93', '94', '77', '95', '78']",L'objet du marché est la réalisation d'une étude prospective sur l'eau et l'agriculture dans le contexte du changement climatique en France,fns,cmp2006,appeloffre,initial,Ministère de l'agriculture,75349,Paris,,['Etude'],[118],non,oui
20-90971,2020-07-16,2020-10-10,['33'],Marchés de travaux pour le remplacement des ascenseurs de la cité administrative de Bordeaux.,fns,cmp2006,attribution,initial,Antenne immo safi gim,75572,Paris cedex 12,"[('2020-07-10', 'THYSSENKRUPP ASCENSEURS', (3302264.6, 'EUR'), None), ('2020-07-10', 'EIFFAGE ENERGIE SYSTEMES - AQUITAINE', (70723.42, 'EUR'), None)]",['Ascenseur'],[17],non,oui
20-90991,2020-07-16,2020-09-08,['75'],Remplacement du Système de Sécurité Incendie - Bâtiment Bottard - Site - Pitié Salpêtrière du Groupe Hospitalo-Universitaire AP;HP.Sorbonne Université,fns,cmp2006,appeloffre,initial,ASSISTANCE PUBLIQUE HOPITAUX DE PARIS,75651,Paris cedex 13,,"[""Matériel de secours et d'incendie""]",[217],non,non
20-91006,2020-07-16,2020-07-24,['75'],"Lot 4 "" Menuiseries intérieures / Mobilier / Revêtement bois / Parquet / Signalétique "" des travaux de construction du centre social de la ZAC Porte Pouchet à Paris 17ème",fns,cmp2006,attribution,initial,SPL Paris et Métropole aménagement,75927,Paris cedex 19,,"[""Tous corps d'état""]",[345],non,non
20-91046,2020-07-16,2020-07-24,['75'],"Lot 2 "" Reprise de gros-oeuvre / Chape / Sols durs / Faïence / Sols souples / Peinture "" des travaux de construction du centre social de la ZAC Porte Pouchet à Paris 17ème.",fns,cmp2006,attribution,initial,SPL Paris et Métropole aménagement,75927,Paris cedex 19,,"[""Tous corps d'état""]",[345],non,non
20-90967,2020-07-16,2020-07-24,['75'],Marché d'assurance dommages aux biens de six bâtiments du site Saint-Vincent-de-Paul à Paris 14ème,mapa,cmp2006,attribution,initial,SPL Paris et Métropole aménagement,75927,Paris cedex 19,[],['Assurance'],[20],non,non
20-91052,2020-07-16,2020-07-24,['75'],"Lot 3 "" Cloisons / Doublages / Faux Plafonds "" des travaux de construction du centre social de la ZAC Porte Pouchet à Paris 17ème",fns,cmp2006,attribution,initial,SPL Paris et Métropole aménagement,75927,Paris cedex 19,,"[""Tous corps d'état""]",[345],non,non
20-90979,2020-07-16,2020-07-24,['75'],Marché portant sur les travaux d'aménagement du trottoir devant le lot E2 du secteur Paul Meurice à Paris 20ème,fns,cmp2006,attribution,initial,SPL Paris et Métropole aménagement,75927,Paris cedex 19,,['Voirie et réseaux divers'],[366],non,non
20-90640,2020-07-16,2020-08-27,['76'],GROUPEMENT DE COMMANDES - Assistance à la définition des référentiels du patrimoine de la Ville du Havre et de la communauté urbaine Le Havre Seine Métropole,fns,cmp2006,appeloffre,initial,Ville du Havre,76084,LE HAVRE,,['Informatique (prestations de services)'],[163],non,non
20-90975,2020-07-16,2020-08-25,['76'],Conception et maintenance d'un outil numérique d'information métiers et de mise en relation des publics avec le monde économique normand,fns,cmp2006,appeloffre,initial,Ag. Rég. de l'Orientation et Métiers N,76100,ROUEN,,"['Informatique (prestations de services)', 'Logiciel', 'Publicité, Communication']","[163, 186, 285]",non,non
20-90965,2020-07-16,2020-09-02,"['76', '27']",opération de remplacement des aéroéjecteurs,fns,cmp2006,appeloffre,initial,Siaepa du Crevon,76116,martainville epreville,,['Assainissement'],[18],non,non
20-90658,2020-07-16,2020-10-13,['76'],Fournitures informatiques pour les services municipaux de la ville de Grand Quevilly (76120),fns,cmp2006,attribution,initial,Ville de Grand Quevilly,76120,Grand Quevilly,,['Informatique (matériel)'],[162],non,non
20-90853,2020-07-16,2020-10-13,['76'],Fourniture de consommables informatiques pour les services municipaux de la ville de Grand Quevilly (76120),fns,cmp2006,attribution,initial,COMMUNE DE LE GRAND QUEVILLY,76120,Grand Quevilly,,['Consommables informatiques'],[68],non,non
20-90623,2020-07-16,2020-09-16,['76'],package de 3 systèmes d'imagerie cellulaire,mapa,cmp2006,attribution,initial,Université de Rouen,76130,mont saint aignan,,['Matériel de précision'],[215],non,non
20-91108,2020-07-16,2020-10-13,['76'],"Numéro de la consultation : SPS TRAVAUX GROUPEMENT DE COMMANDE VILLE DE PETIT-QUEVILLY ET PETIT-COURONNE Mission de coordination en matière de sécurité et de protection de la santé (catégorie 1, 2 et",fns,cmp2006,attribution,initial,COMMUNE DU PETIT QUEVILLY,76140,PETIT-QUEVILLY,"[('2020-06-30', 'BATIMEXPERT', (35000, 'EUR'), None)]",['Sécurité incendie'],[332],non,non
20-90726,2020-07-16,2020-08-31,['76'],Numéro de la consultation : 2020-12-13-14 Couverture et VRD de 2 terrains de tennis,fns,cmp2006,appeloffre,initial,Commune d'Yvetot,76190,YVETOT,,['Couverture'],[74],non,non
20-90725,2020-07-16,2020-09-14,"['76', '27']",Etude diagnostic du réseau d'eau potable du territoire de l'Ex SIAEPA de Longueville Ouest,mapa,cmp2006,appeloffre,initial,CDC TERROIR DE CAUX,76730,BACQUEVILLE EN CAUX,,"['Alimentation en eau potable', 'Etude']","[6, 118]",non,non
20-90669,2020-07-16,2020-09-16,['76'],Aménagements des locaux pour le centre de langues pour le campus de l'Université à Mont-Saint-Aignan,fns,cmp2006,attribution,initial,Université de Rouen,76821,Mont saint aignan cedex,"[('2020-07-15', 'COCELIA', (7212.98, 'EUR'), None), ('2020-07-15', 'MENUISERIE DEVILLOISE', (29500, 'EUR'), None), ('2020-07-15', 'SARL AEI', (21519.87, 'EUR'), None), ('2020-07-15', 'EIFFAGE ENERGIE SYSTEMES - CLEVIA', (10331.48, 'EUR'), None), ('2020-07-15', 'SAS TECHNERGIE', (33300, 'EUR'), None)]","[""Tous corps d'état""]",[345],non,non
20-90767,2020-07-16,2020-08-26,['77'],Mission de maîtrise d'oeuvre pour la construction d'une station d'épuration sur la commune de Saint-sauveur-sur-école.,fns,cmp2006,appeloffre,initial,C.C Fontainebleau-Avon,77300,Fontainebleau,,"[""Maîtrise d'oeuvre""]",[197],non,non
20-91150,2020-07-16,2020-08-30,['77'],Aménagement de la zone brute du gymnase Laura Flessel à Bussy Saint-Georges,fns,cmp2006,appeloffre,rectificatif,COMMUNE DE BUSSY ST GEORGES,77600,Bussy st georges,,['Equipement sportif'],[113],non,non
20-91095,2020-07-16,2020-08-24,['77'],"TRAVAUX DE MISE EN CONFORMITE DES RESEAUX D'ASSAINISSEMENT DES RUES DES PIERRES, DES CHÊNES, BEAUSEJOUR, DE L'AVENUE CLAIRE ET DE L'IMPASSE BLONDEL A POMPONNE",fns,cmp2006,appeloffre,initial,COMMUNAUTE D AGGLO MARNE ET GONDOIRE,77603,MARNE LA VALLEE,,['Assainissement'],[18],non,non
20-90071,2020-07-16,2020-09-15,['78'],Extension et maintenance de la vidéo protection et du réseau multiservice,joue,directive24,attribution,initial,Ville de Poissy,78303,Poissy cedex,"[('2020-07-03', 'NTI', (800000, 'EUR'), 'Extension et maintenance de la vidéo protection et du réseau multiservice')]",['Informatique (prestations de services)'],[163],non,non
20-91135,2020-07-16,2020-08-14,['78'],Marché public de travaux de réhabilitation d'un bâtiment en centre intergénérationnel pour la Commune d'Auteuil-Le-Roi(78),fns,cmp2006,appeloffre,initial,Commune d'Auteuil-le-Roi,78770,AUTEUIL-LE-ROI,,"['Démolition', 'Electricité (travaux)', 'Menuiserie', 'Plomberie (travaux)', ""Tous corps d'état""]","[87, 105, 222, 270, 345]",non,non
20-90575,2020-07-16,2020-09-23,['79'],Diagnostic de l'état des voiries pour la définition de la stratégie de maintenance au regard des enjeux 2030,fns,cmp2006,appeloffre,initial,Mairie de Niort,79027,Niort cedex,,['Voirie'],[365],non,non
20-91023,2020-07-16,2020-09-07,['80'],Numéro de la consultation : 2020-147 20147 Acquisition d'un macroscope à fluorescence permettant la prise de vue en coupe optique,fns,cmp2006,appeloffre,initial,UNIVERSITE AMIENS PICARDIE JULES VERNE,80025,AMIENS,,['Laboratoire (fourniture)'],[181],non,non
20-90727,2020-07-16,2020-08-24,['80'],"travaux de remplacement ou d'installation d'abris 2 roues dans les collèges pierre et marie curie à albert, jacques prévert à nouvion et gaston vasseur à feuquières en vimeu",fns,cmp2006,appeloffre,initial,Conseil Départemental de la Somme,80026,Amiens,,['Abris'],[1],non,oui
20-90027,2020-07-16,2020-09-14,['83'],LUBRIFIANTS ET PRODUITS SPECIFIQUES,joue,directive24,attribution,initial,SDIS du Var,83007,Draguignan - Cedex,,"['Lubrifiants', 'Produits chimiques']","[187, 275]",non,non
20-90866,2020-07-16,2020-08-28,['83'],marché de maîtrise d'oeuvre portant sur travaux à la cité des douanes de la seyne sur mer (83500) & à la cité des douanes de fréjus (83600).,mapa,cmp2006,appeloffre,initial,Var Aménagement Développement,83056,Toulon Cedex,,"[""Maîtrise d'oeuvre""]",[197],non,non
20-90868,2020-07-16,2020-09-20,['83'],Mission de maîtrise d'oeuvre et de coordination pour des travaux de remplacement complet du système de sécurité incendie de la CNMSS sur le site de Toulon,mapa,cmp2006,appeloffre,initial,CAISSE NATIONALE MILITAIRE DE SECU SOC,83090,Toulon cedex 9,,"[""Maîtrise d'oeuvre""]",[197],non,non
20-90643,2020-07-16,2020-09-14,['83'],acquisition d'une unité d'électrolyse sélective pour la réalisation de rechargements au nickel sulfamate,fns,cmp2006,appeloffre,initial,MINDEF/AIR/SIAé/AIA de Cuers Pierrefeu,83390,Cuers,,['Aéronautique'],[4],non,non
20-90703,2020-07-16,2020-09-15,"['84', '13', '30']",Travaux de clôtures dans les bâtiments communaux et les écoles de la Ville d'Avignon - 2020-2024,fns,cmp2006,appeloffre,initial,Ville d'Avignon,84045,Avignon cedex 9,,['Clôture'],[64],non,oui
20-90631,2020-07-16,2020-08-14,['84'],Restructuration et réhabilitation de l'Espace Départemental des Solidarités d'Orange (EDeS). Assistance à maîtrise d'ouvrage : Etude de faisabilité et de programmation.,mapa,cmp2006,appeloffre,initial,Département de Vaucluse,84909,Avignon Cedex 9,,"['Etude', ""Assistance à maîtrise d'ouvrage""]","[118, 433]",non,non
20-90836,2020-07-16,2020-08-21,['85'],Service de mandat de maîtrise d'ouvrage pour l'agrandissement et le réaménagement du centre d'incendie et de secours de Luçon pour le SDIS de la Vendée,mapa,cmp2006,appeloffre,initial,SDIS 85,85017,LA ROCHE SUR YON Cedex,,['Prestations de services'],[274],non,non
20-90910,2020-07-16,2020-08-21,['85'],ACQUISITION D'UN VÉHICULE FRIGORIFIQUE AVEC HAYON ELECTRIQUE DESTINE A LA RESTAURATION MUNICIPALE AVEC REPRISE DE L'ANCIEN EQUIPEMENT,fns,cmp2006,appeloffre,initial,COMMUNE DE FONTENAY LE COMTE,85201,Fontenay le Comte,,['Véhicules (acquisition)'],[475],non,non
20-90692,2020-07-16,2020-09-28,['86'],assurance des risques statutaires,fns,cmp2006,appeloffre,initial,Mairie de beaumont,86490,Beaumont saint-cyr,,['Assurance'],[20],non,non
20-90028,2020-07-16,2020-07-31,"['87', '19', '23']","ASSISTANCE EN INGENIERIE ADMINISTRATIVE, METHODOLOGIQUE ET OPERATIONNELLE DES ETABLISSEMENTS DU GHT DU LIMOUSIN POUR LES OPERATIONS DE TRAVAUX",joue,directive24,attribution,initial,CHU DUPUYTREN,87042,Limoges cedex,,['Prestations de services'],[274],non,non
20-91041,2020-07-16,2020-08-28,['87'],Installation station d'alerte - bâche d'eaux brutes de 500 m3,fns,cmp2006,appeloffre,rectificatif,SIAEP Vienne Briance Gorre,87700,AIXE SUR VIENNE,,"[""Ouvrage d'art""]",[252],non,non
20-90739,2020-07-16,2020-09-28,['89'],Fournitures de denrées alimentaires,fns,cmp2006,appeloffre,initial,GCS CUISINE INTERHOSPITALIERE AUXERRE,89000,Auxerre,,['Denrées alimentaires'],[88],non,non
20-90620,2020-07-16,2020-08-10,['90'],Acquisition d'un camion neuf équipé d'une grue,fns,cmp2006,appeloffre,initial,DEPARTEMENT DU TERRITOIRE DE BELFORT,90020,Belfort cedex,,"['Matériel de travaux publics', 'Véhicules (acquisition)']","[220, 475]",non,non
20-90673,2020-07-16,2020-08-10,['90'],Acquisition d'un camion d'occasion de 19 tonnes de PTC,fns,cmp2006,appeloffre,initial,DEPARTEMENT DU TERRITOIRE DE BELFORT,90020,Belfort cedex,,"['Matériel de travaux publics', 'Véhicules (acquisition)']","[220, 475]",non,non
20-90687,2020-07-16,2020-07-28,"['91', '77']","Achat, l'installation et la maintenance du parc de défibrillateurs de la C.A Grand Paris Sud Seine Essonne Sénart (CAGPS)",fns,cmp2006,appeloffre,rectificatif,CAGrand Paris Sud Seine Essonne Sénart,91054,Evry courcouronnes cedex,,['Equipements spécialisés'],[115],non,non
20-90764,2020-07-16,2020-09-18,['91'],Prestation de support helpdesk pour le service informatique du Centre hospitalier sud francilien.,fns,cmp2006,appeloffre,initial,Centre Hospitalier Sud Francilien,91106,Corbeil-essonnes,,['Informatique (prestations de services)'],[163],non,non
20-90743,2020-07-16,2020-08-16,['91'],Réaménagement du 3ème du bâtiment igh du site de Longjumeau - 200010,fns,cmp2006,attribution,initial,GROUPE HOSPITALIER NORD ESSONNE,91406,Orsay cedex,,"['Cloison, faux plafond', 'Electricité (travaux)', 'Plomberie (travaux)']","[63, 105, 270]",non,non
20-37098,2020-07-16,2020-09-09,['91'],le présent projet d'accord-cadre a pour objet la fourniture d'animaux de laboratoire au profit de la direction générale de l'armement et du service de santé des armées.,fns,cmp2006DEFENSE,appeloffre,initial,MINARM/DGA/DO/S2A,91710,Vert-le-Petit,,['Animaux'],[9],non,non
20-90587,2020-07-16,2020-10-03,['92'],La présente consultation a pour objet la fourniture de végétaux pour les services de la Ville de Suresnes.,fns,cmp2006,appeloffre,initial,COMMUNE DE SURESNES,92151,Suresnes,,['Végétaux'],[358],non,oui
20-90798,2020-07-16,2020-09-16,['92'],Gestion et fourniture des abonnements de la Commune de La Garenne-Colombes 2 lots,fns,cmp2006,attribution,initial,Ville de La Garenne-Colombes,92250,La garenne-colombes,,['Abonnement'],[2],non,non
20-83901,2020-07-16,2020-08-31,['93'],Evolution capacitaire de la salle HD recouvrement du site de Feyzin,fns,cmp2006,attribution,initial,ACOSS,93100,Montreuil,"[('2020-07-02', 'Axima concept agissant sous la marque commerciale Engie Solutions', (186146.35, 'EUR'), None)]","['Climatisation', 'Electricité (travaux)']","[62, 105]",non,non
20-90565,2020-07-16,2020-09-29,"['93', '75']",TRAVAUX POUR LE DEVELOPPEMENT DU RESEAU DE CHALEUR SUR LA VILLE D'AUBERVILLIERS - PHASE 2,fns,cmp2006,appeloffre,initial,Syndicat Mixte des Réseaux d'Energie C,93126,La courneuve cedex,,['Chauffage (travaux)'],[61],non,non
20-91069,2020-07-16,2020-09-22,['93'],Création et fourniture de 13 700 livres-jeux à usage non commercial pour des enfants de 10 ans,mapa,cmp2006,appeloffre,initial,Institut National Etudes Démographique,93322,Aubervilliers,,['Livres'],[184],non,oui
20-91059,2020-07-16,2020-10-13,['31'],Le marché public a pour objet des prestations d'assistance en gestion de projet.,fns,cmp2006,appeloffre,initial,METEO FRANCE,94165,Saint-mande cedex,,['Assistance technique'],[19],non,non
20-90878,2020-07-16,2020-08-25,['94'],"La mise à disposition de l'ECPAD de l'hébergement des sites internet de l'établissement, sur une architecture dédiée",mapa,cmp2006,appeloffre,initial,E.C.P.A.D,94205,Ivry sur seine cédex,,['Informatique (prestations de services)'],[163],non,non
20-90837,2020-07-16,2020-09-19,"['83', '13', '26', '30', '34', '66', '20A', '20B', '6']","Accord cadre relatif à la réalisation de travaux de génie civil pour la construction, l'extension, l'entretien des réseaux de télécommunications situés dans le périmètre que couvre la DIRISI",fns,cmp2006,appeloffre,initial,DIRISI,94270,Le kremlin bicêtre,,"['Génie civil', 'Télécommunications']","[141, 338]",non,oui
20-90774,2020-07-16,2020-09-16,['94'],"Le présent marché a pour objet la maintenance, l'entretien et le dépannage des 17 ascenseurs, monte-charges et appareils élévateurs répartis sur 14 bâtiments communaux de la ville de Villiers-sur",fns,cmp2006,attribution,initial,Ville de Villiers-sur-Marne,94350,Villiers sur marne,"[('2020-07-15', '5M SERVICES', (7400.0, 'EUR'), None)]",['Ascenseur'],[17],non,non
20-91120,2020-07-16,2020-09-15,['94'],Reconstruction du restaurant scolaire Jacques Brel sur le site de l'école Jules Ferry à Villiers-sur-Marne,fns,cmp2006,appeloffre,initial,Ville de Villiers-sur-Marne,94355,Villiers-sur-marne cedex,,['Bâtiment'],[33],non,non
20-91079,2020-07-16,2020-08-25,['94'],Achat de produits d'hygiène pour la petite enfance,fns,cmp2006,appeloffre,initial,Ville de Boissy-saint-Léger,94470,Boissy saint léger,,['Couches'],[73],non,non
20-90956,2020-07-16,2020-09-17,['95'],L'impression de divers supports de communication de la Ville de Taverny.,fns,cmp2006,appeloffre,initial,COMMUNE DE TAVERNY,95150,Taverny,,['Impression'],[160],non,non
20-90871,2020-07-16,2020-09-16,['95'],Le présent marché a pour objet des travaux de rénovation des toitures de la maternelle René Goscinny de la Ville de Taverny.,fns,cmp2006,appeloffre,initial,COMMUNE DE TAVERNY,95150,Taverny,,['Couverture'],[74],non,non
20-90742,2020-07-16,2020-10-10,['95'],La présente consultation est relative à la construction d'un accueil de loisirs sans hébergement au groupe scolaire Les Lévriers.Localisation précise du projet : 30 rue du Muret - 95360 MONTMAGN,fns,cmp2006,appeloffre,initial,COMMUNE DE MONTMAGNY,95360,Montmagny,,['Bâtiment'],[33],non,non
20-90066,2020-07-16,2020-09-01,"['95', '75']",20.039 à 20.043,joue,directive24,appeloffre,initial,COMMUNE DE MONTIGNY LES CORMEILLES,95370,Montigny-lès-cormeilles,,['Impression'],[160],non,oui
20-90732,2020-07-16,2020-10-13,['95'],Mission d'organisation du concours Les Challenges du Numérique #5,mapa,cmp2006,attribution,initial,COMMUNAUTE D AGL ROISSY PAYS DE FRANCE,95400,VILLIERS-LE-BEL,,['Evénementiel'],[445],non,non
20-90054,2020-07-16,2020-08-25,['95'],ACCORD-CADRE Fourniture d'énergie électricité / gaz naturel,joue,directive24,appeloffre,initial,Blanchisserie Interhosp du Val d'Oise,95500,Gonesse,,"['Electricité, gaz (fourniture)']",[443],non,non
20-90906,2020-07-16,2020-08-25,['95'],Travaux d'étanchéité et de couverture des écoles de la ville de Méry-sur-Oise.,fns,cmp2006,appeloffre,initial,MERY-SUR-OISE,95540,Méry-sur-oise,,"['Couverture', 'Etanchéité']","[74, 117]",non,non
20-91132,2020-07-16,2020-07-28,['971'],"Location, maintenance des équipements téléphoniques et consommations téléphoniques.",fns,cmp2006,appeloffre,rectificatif,CA Sud Basse-Terre,97100,Basse-Terre,,"['Télécommunications', 'Matériel de téléphonie']","[338, 339]",non,non
20-90542,2020-07-16,2020-10-01,['971'],COLLECTE DES ENCOMBRANTS SUR LE TERRITOIRE DE LA CANBT: COMMUNES DE PETIT-BOURG ET DE GOYAVE,fns,cmp2006,appeloffre,initial,COMMUNAUTE D AGL DU NORD BASSE TERRE,97115,Sainte rose,,['Collecte sélective'],[82],non,oui
20-89990,2020-07-16,2020-08-12,['971'],PRESTATION DE TRANSPORT SANITAIRE TERRESTRE POUR LES BESOINS DE L'EPSM,joue,directive24,attribution,initial,EPSM de Guadeloupe,97120,Saint-Claude,,['Transport'],[347],non,non
20-90552,2020-07-16,2020-08-14,['978'],"ACCORD CADRE A BONS DE COMMANDE POUR DES MISSIONS DE CONTROLE EXTERIEUR GENERAL DE TRANCHEES (qualité et identification matériaux, compactage, portance, essais et qualification béton)",fns,cmp2006,appeloffre,initial,EEAS de Saint Martin (978),97150,Saint Martin,,['Contrôle technique'],[72],non,non
20-91144,2020-07-16,2020-08-24,['971'],"Mise en place d'un Système de Sécurité Incendie (SSI) des bâtiments A, B et C à l'Institut National Supérieur du Professorat et de l'Education (INSPE)",fns,cmp2006,appeloffre,initial,UNIVERSITE DES ANTILLES,97157,POINTE A PITRE,,['Sécurité incendie'],[332],non,non
20-91049,2020-07-16,2020-09-01,['971'],"Maintenance des installations de climatisation et de ventilation des sites J. THORIN, A. FENGAROL et GOPAL",fns,cmp2006,appeloffre,initial,CGSS de la Guadeloupe,97181,Les abymes cédex,,['Maintenance'],[196],non,oui
20-91155,2020-07-16,2020-07-30,['972'],Accord cadre à bons de commande travaux de menuiserie aluminium sur l'ensemble du parc immobilier municipal,fns,cmp2006,appeloffre,initial,Ville de Fort de France,97200,Fort de france,,['Menuiserie'],[222],non,non
20-90817,2020-07-16,2020-10-13,['973'],Travaux d'installation de bâtiments modulaires,fns,cmp2006,attribution,initial,SDIS973,97351,Matoury,,['Bâtiments modulaires'],[27],non,non
20-90983,2020-07-16,2020-08-21,['973'],"Fourniture, montage et pose de mobiliers scolaires et équipements divers pour un groupe scolaire de 16 Classes - ZAC de SAINT MAURICE ZONE 7 à Saint-Laurent du Maroni.",fns,cmp2006,appeloffre,initial,SEMSAMAR (973),97351,Matoury,,['Mobilier'],[230],oui,non
20-81108,2020-07-16,2020-08-10,['33'],"la conduite, l'exploitation des installations de cvc et maintenance petite plomberie (lot 1) et des installations friogrifiques (lot 2) au profit de l'hia robert picque",joue,directive24,attribution,initial,EMA/DCSSA/DAPS-SSA,,Fleury les aubrais,,"['Chambre froide', 'Chauffage (exploitation, entretien)', 'Maintenance', 'Matériel robinetterie']","[56, 59, 196, 311]",non,oui
20-87618,2020-07-16,2020-08-17,['36'],fourniture et entretien de vêtements de travail pour les agents du département de l'indre,joue,directive24,appeloffre,initial,Conseil Départemental de l'Indre,,CHATEAUROUX Cedex,,"['Blanchissage', 'Habillement']","[36, 150]",non,non
