a00_cle_idweb,g04_01_date_publication,g04_03_date_fin_diffusion,g04_07_dep_publication,g04_09_resume_objet,g01_02_01_famille,g01_02_02_perimetre,g01_02_03_nature,g01_02_04_statut,d01_01_denomination,d01_07_cp,d01_08_ville,d08_09_decision_titulaireandRENSEIGNEMENT,g04_052_descripteurs_libelles,g04_051_descripteurs_codes,g04_061_criteres_sociaux,g04_062_criteres_environnementaux
20-100724,2020-08-10,2020-08-20,['1'],Réfection de la toiture du bâtiment 'Centre Européen de Séjours et de Stages Sportifs' (CESSS) du Plateau d'Hauteville,fns,cmp2006,attribution,initial,Haut-Bugey Agglomération,01117,Oyonnax cedex,"[('2020-08-05', 'SMAC', (357831.89, 'EUR'), None)]","['Acier', 'Etanchéité']","[3, 117]",non,non
20-100777,2020-08-10,2020-09-11,['4'],Démolition de l'ancienne auberge de jeunesse de La Foux d'Allos,fns,cmp2006,appeloffre,initial,Commune d'Allos,04260,Allos,,['Démolition'],[87],non,non
20-100841,2020-08-10,2020-08-18,['5'],Mission de maitrise d'oeuvre pour la réalisation de la Grande Inspection des télésièges débrayable 6 places à Ceillac (05) et à Abries (05),mapa,cmp2006,appeloffre,initial,Syndicat mixte des stations Queyras,05008,GAP,,"['Télécabines, télésièges, téléskis']",[337],non,non
20-100741,2020-08-10,2020-11-07,['5'],Mission de maitrise d'oeuvre pour la réalisation de la Grande Inspection des télésièges débrayable 6 places à Ceillac (05) et à Abries (05),mapa,cmp2006,attribution,initial,Syndicat mixte des stations Queyras,05008,GAP,[],"['Télécabines, télésièges, téléskis']",[337],non,non
20-100821,2020-08-10,2020-09-21,['6'],MISSION DE MAITRISE D'OEUVRE POUR LES TRAVAUX DE MISE EN SECURITE DES VOIRIES SUR LE COLLINAIRE SUITE AUX INTEMPÉRIES DU 01 DÉCEMBRE 2019,fns,cmp2006,appeloffre,rectificatif,Ville de Mandelieu La Napoule,06212,Mandelieu-La Napoule,,"[""Maîtrise d'oeuvre"", 'Ingénierie']","[197, 455]",non,non
20-98764,2020-08-10,2020-09-11,['10'],accord-cadre mono-attributaire à bons de commande relatif à la fourniture de signalisation lumineuse,fns,cmp2006,appeloffre,initial,MAIRIE DE TROYES,10026,Troyes Cedex,,"['Radar', 'Signalisation']","[297, 322]",non,non
20-100912,2020-08-10,2020-09-03,['11'],ETUDE ARCHEOLOGIQUE DU BATI DU PALAIS DES ARCHEVEQUES (rectificatif),fns,cmp2006,appeloffre,rectificatif,COMMUNE DE NARBONNE,11108,NARBONNE CEDEX,,"['Etude', 'Monuments historiques', 'Fouille archéologique']","[118, 236, 450]",non,non
20-100538,2020-08-10,2020-09-10,['12'],route départementale no 511opération de sécurité sur la rd511 - nouvelle voie - tranche 1canton tarn et caussescommune de severac d'aveyron,fns,cmp2006,appeloffre,initial,Conseil Départemental de l AVEYRON,12450,Flavin,,['Voirie'],[365],non,non
20-100819,2020-08-10,2020-09-24,['13'],Travaux de remplacement du parquet sportif - Halle des sports de Parsemain à Fos sur Mer,fns,cmp2006,appeloffre,initial,METROPOLE D AIX MARSEILLE PROVENCE,13007,Marseille,,['Revêtements de sols'],[308],non,non
20-100680,2020-08-10,2020-08-18,['13'],"Le présent marché a pour objet le prélèvement, le conditionnement, la recherche et l'identification d'amiante et d'hydrocarbures aromatiques polycycliques (HAP) dans les voiries et rése",fns,cmp2006,appeloffre,initial,REGIE DES EAUX DU PAYS D AIX,13100,Aix en provence,,['Amiante (désamiantage)'],[479],non,non
20-100783,2020-08-10,2020-09-18,['13'],REFECTION DE LA VOIRIE CHEMIN DU PONT CARLIN,fns,cmp2006,appeloffre,initial,CCVBA,13210,St-Rémy-de-Provence,,"['Maçonnerie', 'Réseaux divers', 'Revêtements de sols', 'Signalisation', 'Terrassement', 'Voirie']","[195, 306, 308, 322, 341, 365]",non,non
20-100778,2020-08-10,2020-09-14,['83'],Remplacement complet du SSI categorie A et création d'un SSS sur l'ensemble du lycée RAYNOUARD à BRIGNOLES (83),fns,cmp2006,appeloffre,initial,Conseil Rég Provence-Alpes-Côte d'Azur,13331,Marseille,,['Sécurité incendie'],[332],non,non
20-100714,2020-08-10,2020-10-18,['13'],Réalisation de prestations curatives et services associés pour le parc de véhicules de la SPL Façonéo,fns,cmp2006,appeloffre,rectificatif,FACONEO,13400,Aubagne,,"['Contrôle technique', 'Prestations de services']","[72, 274]",non,non
20-100706,2020-08-10,2020-10-10,['13'],"Impression, façonnage livraison du mensuel d'informations municipales et de l'agenda",fns,cmp2006,attribution,initial,Ville de Fos-sur-Mer,13771,Fos sur mer cedex,,['Impression'],[160],non,non
20-100839,2020-08-10,2020-09-11,['13'],20M148 MAINTENANCE PRÉVENTIVE ET CORRECTIVE DES BORNES ESCAMOTABLES Y COMPRIS TOTEMS/PORTAILS/PORTES/ARRÊTS MINUTES DE LA VILLE D'ISTRES,fns,cmp2006,appeloffre,initial,COMMUNE D ISTRES,13808,ISTRES,,['Maintenance'],[196],non,non
20-100273,2020-08-10,2020-10-10,['17'],travaux d'arrachage manuel et d'évacuation d'herbiers de jussie sur les voies d'eau départementales,fns,cmp2006,attribution,initial,Cons. Départ. de la Charente-Maritime,17076,La Rochelle Cedex 9,"[('2020-08-06', 'GIE GREEN POITOU CHARENTE', (70000, 'EUR'), None)]",['Prestations de services'],[274],non,non
20-100349,2020-08-10,2020-10-07,['17'],"fourniture, livraison et montage d'une scie à panneaux verticale et d'un groupe de filtration",mapa,cmp2006,attribution,initial,Cons. Départ. de la Charente-Maritime,17076,La Rochelle Cedex 9,,['Machines-outils'],[194],non,non
20-100837,2020-08-10,2020-09-14,['17'],Location et installation d'une patinoire démontable,fns,cmp2006,appeloffre,initial,COMMUNE DE ROCHEFORT,17301,ROCHEFORT,,['Equipement sportif'],[113],non,non
20-100773,2020-08-10,2020-09-07,['19'],Prestations d'enlèvement et destruction de véhicules mis en fourrière,mapa,cmp2006,appeloffre,initial,Mairie de BRIVE LA GAILLARDE,19312,Brive,,['Fourrière'],[451],non,non
20-100769,2020-08-10,2020-10-31,['21'],refection des sanitaires - bâtiment 22- ifsi - chu dijon bourgogne,fns,cmp2006,attribution,initial,Centre Hospitalier Universitaire Dijon,21079,dijon cedex,"[('2020-07-30', 'Valgo Sa', (8450.0, 'EUR'), None), ('2020-07-30', 'Malec Entreprise', (5180.82, 'EUR'), None), ('2020-07-31', 'Sia Revêtements', (6651.11, 'EUR'), None), ('2020-07-31', 'PM Industrie', (1250.0, 'EUR'), None), ('2020-07-31', 'Munier Sas', (9006.69, 'EUR'), None), ('2020-08-10', 'Spie Industrie & Tertiaire', (2579.56, 'EUR'), None)]","['Cloison, faux plafond', 'Démolition', 'Electricité (travaux)', 'Menuiserie', 'Peinture (travaux)', 'Plâtrerie', 'Plomberie (travaux)', 'Revêtements de sols', 'Revêtements muraux', 'Sanitaire', 'Ventilation', 'Amiante (désamiantage)']","[63, 87, 105, 222, 264, 269, 270, 308, 309, 319, 360, 479]",non,non
20-100975,2020-08-10,2020-09-17,['21'],Prestations de services d'assurances à Auxonne,mapa,cmp2006,appeloffre,initial,Mairie Auxonne,21130,Auxonne,,['Assurance'],[20],non,non
20-100729,2020-08-10,2020-09-10,['24'],assistance à maîtrise d'ouvrage pour une mission de diagnostic et de faisabilité relative aux futurs marchés d'exploitation de chauffages,fns,cmp2006,attribution,initial,Centre hospitalier Périgueux,24019,Périgueux,"[('2020-08-10', 'GEO ENERGIE ET SERVICES', (17875, 'EUR'), None)]","['Etude', 'Prestations de services', ""Assistance à maîtrise d'ouvrage""]","[118, 274, 433]",non,non
20-101035,2020-08-10,2020-09-07,['24'],Travaux de voirie dans le cadre d'un accord cadre à bons de commande,fns,cmp2006,appeloffre,initial,COMMUNE DE MARSAC SUR L ISLE,24430,MARSAC SUR L'ISLE,,['Voirie'],[365],non,non
20-100656,2020-08-10,2020-08-31,"['28', '27', '78']","SERVICE DE RESTAURATIONPOUR LES REPAS DES ECOLES PRIMAIRES DES A.L.S.H. (ACCUEILS LOISIRS SANS HEBERGEMENT), DES MULTI ACCUEILS ET DES PERSONNES AGEES DE LA VILLE DE DREUX COMPRENANT L'APPROVISIO",fns,cmp2006,appeloffre,annulation,Commune de Dreux,28103,Dreux cedex,,['Restauration collective'],[66],non,non
20-100774,2020-08-10,2020-08-28,['28'],ACCORD-CADRE A BONS DE COMMANDE :TRAVAUX DIVERS DE VOIRIE,fns,cmp2006,appeloffre,initial,Ville de Châteaudun,28200,Châteaudun,,['Voirie'],[365],non,non
20-99956,2020-08-10,2020-09-23,['29'],maîtrise d'oeuvre pour la restauration du buffet d'eau et du bassin de la chasse - domaine de trévarez,mapa,cmp2006,appeloffre,initial,Département du Finistère,29196,Quimper Cedex,,"[""Maîtrise d'oeuvre""]",[197],non,non
20-100808,2020-08-10,2020-09-10,['29'],Aménagement des abords et accès du stade du crann,fns,cmp2006,appeloffre,initial,Commune de Gouesnou,29850,Gouesnou,,['Voirie'],[365],non,non
20-100715,2020-08-10,2020-09-21,"['30', '34']","Les prestations concernent la mise en oeuvre d'une stratégie de communication et de présentation ""pédagogique"" du projet de sécurisation des barrages de Sainte-Cécile d'Andorge et des Cambou",fns,cmp2006,appeloffre,initial,Conseil Général du Gard,30044,Nîmes cedex 9,,"['Publicité, Communication']",[285],non,non
20-100832,2020-08-10,2020-09-21,"['30', '34']",Fabrication et pose de repères de crue sur le bassin versant du Vidourle,mapa,cmp2006,appeloffre,initial,EPTB Vidourle,30250,SOMMIERES,,['Panneaux'],[261],non,non
20-95127,2020-08-10,2020-09-04,['31'],"ordonnancement, pilotage, coordination de chantier (opc) pour l'aménagement des réserves foncières du lycée nelson mandela à pibrac (opération no50075)",fns,cmp2006,appeloffre,initial,S.P.L Midi-Pyrénées Construction,31086,cédex 9,,"[""Mission d'ordonnancement, pilotage, coordination (OPC)""]",[234],non,non
20-100961,2020-08-10,2020-09-28,['31'],Aménagement centre-bourg,fns,cmp2006,appeloffre,initial,Commune de Cazères,31220,CAZERES,,['Matériaux routiers'],[199],non,non
20-100734,2020-08-10,2020-08-31,['31'],AFFAIRE N°20M0261PA - LINEO 11 - TRAVAUX D'AMENAGEMENT DE VOIRIE ET MISE EN ACCESSIBILITE DES ARRETS DE BUS - DT/LA,fns,cmp2006,appeloffre,rectificatif,TOULOUSE METROPOLE,31505,Toulouse,,['Voirie'],[365],non,non
20-100851,2020-08-10,2020-09-21,['31'],achat d'un véhicule gnv type pl 30t environ à essieux 8x4 équipé d'un bras de levage hydraulique articulé (relance),fns,cmp2006,appeloffre,initial,Communauté d'Agglomération du Sicoval,31670,Labège,,['Véhicules (acquisition)'],[475],non,non
20-100900,2020-08-10,2020-09-08,['32'],FOURNITURE ET POSE D'UNE LAVEUSE ESSOREUSE ASEPTIQUE POUR LE SERVICE BLANCHISSERIE DU CH DU GERS,mapa,cmp2006,appeloffre,initial,CENTRE HOSPITALIER D AUCH,32000,AUCH,,['Blanchisserie (matériel)'],[37],non,non
20-100765,2020-08-10,2020-09-03,['86'],MONTMORILLON (86) - RICM - Champs de tir TC02 Purge profonde de la butte de tir,fns,cmp2006,appeloffre,initial,MINDEF/SGA/DCSID/ESID Bordeaux,33068,Bordeaux cedex,,['Terrassement'],[341],non,non
20-100794,2020-08-10,2020-09-03,['86'],Montmorillon (86) - RICM - Champ de tir TC02 Purge profonde de la butte de tir,mapa,cmp2006,appeloffre,annulation,MINDEF/SGA/DCSID/ESID Bordeaux,33068,Bordeaux cedex,,['Terrassement'],[341],non,non
20-100914,2020-08-10,2020-09-21,"['47', '33']",Réalisation de levés topographiques dans le cadre du projet de réaménagement et de sécurisation de la RN21 au niveau des communes de Monbalen et de Croix-Blanche en Lot et Garonne (47).,mapa,cmp2006,appeloffre,initial,DREAL NOUVELLE-AQUITAINE,33090,Bordeaux cedex,,"['Topographie', 'Voirie']","[344, 365]",non,oui
20-100968,2020-08-10,2020-09-17,['33'],PRESTATIONS D'ASSISTANCE ET DE CONSEIL A LA MAITRISE D'OUVRAGE POUR LA GESTION DU SECTEUR DE LA RESTAURATION COLLECTIVE,mapa,cmp2006,appeloffre,initial,COMMUNE DE PESSAC,33604,PESSAC CEDEX,,['Etude'],[118],non,non
20-101015,2020-08-10,2020-09-25,['34'],"Accord cadre à bons de commande pour :fourniture, pose et travaux réparation de clôture sur l'ensemble du domaine du Port de Sète",fns,cmp2006,appeloffre,initial,Port Sud de France,34201,SETE,,['Travaux de viabilité'],[353],non,non
20-100984,2020-08-10,2020-09-07,['31'],La présente consultation concerne les travaux préparatoires aux travaux de construction d'un bâtiment de 20 000 mètres carrés de surface de plancher dédié principalement aux activités tertiaires sur la comm,fns,cmp2006,appeloffre,rectificatif,LANGUEDOC ROUSSILLON AMENAGEMENT,34961,Montpellier,,['Terrassement'],[341],non,non
20-100763,2020-08-10,2020-09-11,['38'],"Pour cette consultation, l'ARAC Occitanie intervient en qualité d'assistant du Maitre d'Ouvrage :POMPES FUNEBRES INTERCOMMUNALES DE LA REGION GRENOBLOISE, Avenue du Grand Sablon, CS 60",fns,cmp2006,appeloffre,initial,LANGUEDOC ROUSSILLON AMENAGEMENT,34961,Montpellier,,['Gros oeuvre'],[144],non,non
20-100760,2020-08-10,2020-09-25,['35'],"Construction d'un Foyer de Vie pour personnes handicapées de 46 places et 4 places d'accueil de jour, rue du Tertre à REDON (35)",mapa,cmp2006,appeloffre,initial,SA HLM LES FOYERS,35000,Rennes,,['Bâtiment'],[33],non,non
20-100877,2020-08-10,2020-09-18,['35'],REORGANISATION ET REAMENAGEMENT DU SITE INRAE DE RENNES,fns,cmp2006,appeloffre,initial,INRA,35653,Le rheu,,"[""Tous corps d'état""]",[345],non,non
20-100799,2020-08-10,2020-10-12,['18'],Avord(18)-Base Aérienne 702-PRODEF-Agrandissement du chenil-phase 2-452515,fns,cmp2006,appeloffre,initial,ESID de Rennes,35998,Rennes cedex 9,,"[""Tous corps d'état""]",[345],non,non
20-100933,2020-08-10,2020-08-28,['37'],Entretien des locaux du Centre Hospitalier de Loches - Site des Rives de l'Indre,fns,cmp2006,appeloffre,initial,CENTRE HOSPITALIER REG UNVT DE TOURS,37044,Tours cedex 9,,['Nettoyage de locaux'],[239],non,non
20-100650,2020-08-10,2020-09-11,['38'],ENTRETIEN ET MAINTENANCE DES CHAUDIERES INDIVIDUELLES GAZ ET FOD DES LOGEMENTS DE FONCTION DE LA VILLE DE GRENOBLE,mapa,cmp2006,appeloffre,initial,COMMUNE DE GRENOBLE,38021,GRENOBLE,,"['Chauffage (exploitation, entretien)']",[59],non,non
20-100906,2020-08-10,2020-09-04,['38'],Numéro de la consultation : 2020-FCS-REG-0215 Mise à niveau de téléphonie à l'usine de traitement des eaux usées Aquapole,fns,cmp2006,appeloffre,rectificatif,GRENOBLE-ALPES METROPOLE,38031,GRENOBLE,,['Télécommunications'],[338],non,non
20-100967,2020-08-10,2020-09-21,['39'],TRAVAUX DE RESTAURATION DE L'ESPACE DE BON FONCTIONNEMENT DE LA BIENNE AU DROIT DES ANCIENNES GRAVIERES DE JEURRE (39),fns,cmp2006,appeloffre,initial,Parc naturel régional du Haut-jura,39310,Lajoux,,['Rivières/ruisseaux'],[310],non,non
20-100844,2020-08-10,2020-09-22,"['40', '33', '64', '32']",Opération d'extension et Restructuration du Service des Urgences et des Plateaux Techniques Réanimation / usc / Radiothérapie / Hélistation,fns,cmp2006,appeloffre,initial,GHT 40,40024,Mont de Marsan,,"['Bâtiment', 'Chauffage (travaux)', 'Etanchéité', 'Gros oeuvre', 'Métallerie']","[33, 61, 117, 144, 223]",non,non
20-100746,2020-08-10,2020-08-31,['40'],réalisation d'une passerelle sur l'estrigon et réhabilitation de vannes,fns,cmp2006,appeloffre,rectificatif,Mairie de Brocas,40420,Brocas,,"['Ouvrage hydraulique', 'Passerelle']","[255, 286]",non,non
20-100755,2020-08-10,2020-09-07,['42'],N° DTE/EM 2020/30 FOURNITURE et MISE EN SERVICE de CONGELATEURS -80°C,fns,cmp2006,appeloffre,initial,CHU SAINT ETIENNE,42055,Saint etienne cedex 02,,"['Electroménager', 'Matériel médical']","[108, 212]",non,oui
20-100869,2020-08-10,2020-09-03,['44'],Mission de maîtrise d'oeuvre pour la construction d'une salle des raquettes en extension de la salle existante à ROUANS (44640),mapa,cmp2006,appeloffre,initial,Ville de Rouans,44640,ROUANS,,"[""Maîtrise d'oeuvre""]",[197],non,non
20-100614,2020-08-10,2020-10-06,"['44', '49']",marché de service relatif à la prestation d'assurance pour les besoins du sydela.,joue,directive24,appeloffre,initial,SYDELA,44700,ORVAULT,,['Assurance'],[20],non,non
20-100785,2020-08-10,2020-09-05,"['89', '77']",RESTAURATION DE LA CONTINUITE ECOLOGIQUE DE L'ORVAL SUR LES COMMUNES DE BLENNES (77) ET VILLETHIERRY (89),mapa,cmp2006,appeloffre,initial,EPAGE DU BASSIN DU LOING,45200,Montargis,,['Rivières/ruisseaux'],[310],non,non
20-100857,2020-08-10,2020-08-18,['49'],FOURNITURE D'UNE CHARGEUSE SUR PNEUS,fns,cmp2006,attribution,initial,SEMA-E,49401,SAUMUR Cedex,"[('2020-07-27', 'CNH INDUSTRIAL', (176775, 'EUR'), None)]",['Véhicules (acquisition)'],[475],non,non
20-101018,2020-08-10,2020-08-24,['51'],Livraison en liaison froide de repas de midi pour une restauration scolaire-.,mapa,cmp2006,appeloffre,initial,ville d'Aÿ,51160,AY-CHAMPAGNE,,"['Repas, traiteur']",[304],non,non
20-100818,2020-08-10,2020-09-25,['51'],2020-41EP CONSTRUCTION D'UN ACCUEIL DE JOURS,fns,cmp2006,appeloffre,initial,COMMUNE DE EPERNAY,51200,Epernay,,"['Bois', 'Carrelage', 'Chauffage (travaux)', 'Couverture', 'Electricité (travaux)', 'Gros oeuvre', 'Isolation', 'Menuiserie', 'Peinture (travaux)', 'Plomberie (travaux)', 'Serrurerie', 'Ventilation', 'Voirie']","[38, 53, 61, 74, 105, 144, 169, 222, 264, 270, 321, 360, 365]",non,non
20-100986,2020-08-10,2020-10-28,['51'],Reconstruction de la station d'épuration de Dormans-.,fns,cmp2006,appeloffre,initial,CC DES PAYSAGES DE LA CHAMPAGNE,51700,DORMANS,,"[""Ouvrage d'infrastructure""]",[253],non,non
20-100871,2020-08-10,2020-09-08,['52'],CREATION D'UN RESEAU D'EAUX PLUVIALES RUE DE VAUCOURT A CORLEEPose d'un collecteur principal y compris boites de branchement,fns,cmp2006,appeloffre,initial,Ville de Langres,52200,Langres,,"['Assainissement', 'Réseaux divers', 'Voirie et réseaux divers']","[18, 306, 366]",non,non
20-100780,2020-08-10,2020-08-28,['53'],Mission d'assistance à maîtrise d'ouvrage pour le renouvellement du contrat d'exploitation du réseau de transport,fns,cmp2006,appeloffre,rectificatif,Laval Agglomération,53008,Laval cedex,,"[""Assistance à maîtrise d'ouvrage""]",[433],non,non
20-100688,2020-08-10,2020-09-17,['54'],Diagnostic de la chapelle du château de Lunéville suite à l'apparition de nombreuses fissures sur les éléments en plâtre,mapa,cmp2006,appeloffre,rectificatif,Département de Meurthe-et-Moselle,54302,LUNEVILLE CEDEX,,['Etude'],[118],non,non
20-100858,2020-08-10,2020-10-06,['54'],Souscription de contrats d'assurance-.,fns,cmp2006,appeloffre,initial,CC Coeur du Pays-Haut,54560,AUDUN LE ROMAN,,['Assurance'],[20],non,non
20-100865,2020-08-10,2020-10-27,['55'],"Fourniture de dispositifs médicaux de perfusion, de prélèvement, d'abord urogénital, digestif, nerveux et respiratoire au profit du GAPLCA - relance lots sans suite",fns,cmp2006,attribution,initial,CH Verdun Saint-Mihiel,55107,VERDUN Cedex,"[('2020-07-30', 'ALBYN MEDICAL', (68472, 'EUR'), None), ('2020-07-30', 'INTERSURGICAL', (692, 'EUR'), None), ('2020-07-30', 'MEDIPLUS', (2300, 'EUR'), None), ('2020-07-31', 'TELEFLEX', (607, 'EUR'), None), ('2020-07-31', 'VYGON', (398, 'EUR'), None)]",['Matériel médical'],[212],non,non
20-100197,2020-08-10,2020-09-18,['56'],Réhabilitation de la déchèterie de Quiberon. (rectificatif),fns,cmp2006,appeloffre,rectificatif,Auray Quiberon Terre Atlantique,56404,Auray Cedex,,"['Charpente', 'Chauffage (travaux)', 'Cloison, faux plafond', 'Couverture', 'Démolition', 'Déchetterie (travaux)', 'Electricité (travaux)', 'Equipements spécialisés', 'Espaces verts', 'Gros oeuvre', 'Menuiserie', 'Métallerie', 'Mur de soutènement', 'Peinture (travaux)', 'Serrurerie', 'Terrassement', 'Voirie et réseaux divers']","[57, 61, 63, 74, 87, 96, 105, 115, 116, 144, 222, 223, 233, 264, 321, 341, 366]",non,non
20-100662,2020-08-10,2020-08-31,['58'],Travaux d'assainissement sur les routes départementales,fns,cmp2006,attribution,initial,Conseil général de la Nièvre,58000,Nevers,"[('2020-08-06', 'Sas Morini', (260000, 'EUR'), None), ('2020-08-06', 'Rabereau fils sarl', (260000, 'EUR'), None), ('2020-08-06', 'Chaussard sarl', (260000, 'EUR'), None), ('2020-08-06', 'Sarl SNTPAM', (260000, 'EUR'), None)]",['Assainissement'],[18],non,non
20-100139,2020-08-10,2020-08-17,['58'],mission d'assistance a maitrise d'ouvrageétudes pré-opérationnellespour la création d'un nouvel équipement en remplacement de la piscine des bords de loire de la ville de nevers,fns,cmp2006,attribution,initial,Ville de Nevers,58000,Nevers,"[('2020-08-07', 'ESPELIA SAS mandataire du groupement constitué avec le cabinet PASSAGE GIE', (62510.0, 'EUR'), None)]",['Etude'],[118],non,non
20-91550,2020-08-10,2020-09-14,['58'],travaux d'entretien et petites réparations des ouvrages d'art,fns,cmp2006,appeloffre,initial,Ville de Nevers,58000,Nevers,,"[""Ouvrage d'art""]",[252],non,non
20-100721,2020-08-10,2020-09-10,['59'],Transports collectifs,fns,cmp2006,appeloffre,initial,Ville de Vieux Condé,59690,Vieux-condé,,['Transport'],[347],non,oui
20-100708,2020-08-10,2020-10-01,['59'],Travaux d'impression et façonnage pour les services municipaux de la Ville de Marcq-en-Baroeul,fns,cmp2006,appeloffre,initial,Ville de Marcq-en-Baroeul,59704,Marcq en baroeul cedex,,['Imprimés'],[161],non,non
20-100749,2020-08-10,2020-09-28,['59'],"maubeuge - opération "" abords de la rn49 "" - mission de maîtrise d'oeuvre relative aux travaux de désamiantage, démolition et nivellement.",mapa,cmp2006,appeloffre,initial,ETS PUBLIC FONCIER NORD PAS DE CALAIS,59777,Euralille,,"[""Maîtrise d'oeuvre""]",[197],non,non
20-100952,2020-08-10,2020-09-21,['60'],mission coordination securite protection de la santé pour travaux d'extension renforcement densification et effacement du réseau d'initiative publique à très haut débit de l'oise,mapa,cmp2006,appeloffre,initial,SMOTHD,60024,Beauvais,,['Prestations de services'],[274],non,non
20-100726,2020-08-10,2020-10-15,"['60', '80']",maintenance préventive et curative des installations froid industriel et froid confort,fns,cmp2006,appeloffre,initial,CHI de Clermont,60600,Clermont,,"['Chambre froide', 'Climatisation', 'Maintenance']","[56, 62, 196]",non,non
20-100681,2020-08-10,2020-09-04,['62'],MPA-LVIT-20S0253 - RD228 / RD231E3 - Sécurisation de traversée de communes - Eclairage Public - lot unique,mapa,cmp2006,appeloffre,initial,Conseil départemental du Pas-de-Calais,62018,ARRAS CEDEX 9,,['Eclairage public'],[102],non,non
20-100745,2020-08-10,2020-10-09,['62'],construction d'un espace multi-accueil,mapa,cmp2006,appeloffre,initial,Mairie de Sains-en-Gohelle,62114,SAINS EN GOHELLE,,"['Chauffage (matériel)', 'Chauffage (travaux)', 'Démolition', 'Electricité (travaux)', 'Gros oeuvre', 'Plomberie (travaux)', 'Ventilation']","[60, 61, 87, 105, 144, 270, 360]",non,non
20-100672,2020-08-10,2020-10-12,['62'],"collecte, remise, affranchissement et acheminement des courriers et colis pour la communauté d'agglomération de lens-liévin",fns,cmp2006,attribution,initial,CommunAupole de Lens-Liévin,62302,Lens cedex,,"['Boîtes aux lettres', 'Colis', 'Prestations de services']","[41, 65, 274]",non,oui
20-100976,2020-08-10,2020-08-27,['62'],Organisation classes de neige 2021,fns,cmp2006,appeloffre,initial,Ville de Bruay-la-Buissière,62701,Bruay-la-Buissière Cedex,,['Voyage'],[367],non,non
20-100979,2020-08-10,2020-09-13,['62'],Travaux d'aménagement divers - ZAC Ecoquartier de l'horlogerie à Béthune - 00.1765,fns,cmp2006,appeloffre,initial,Territoires Soixante-Deux,62800,Lievin,,"['Eclairage public', 'Terrassement', 'Voirie et réseaux divers']","[102, 341, 366]",non,non
20-100911,2020-08-10,2020-11-07,['63'],Acquisition de véhicules pour les services de la Régie T2C,mapa,cmp2006,attribution,initial,REGIE T2C,63063,CLERMONT-FERRAND,,['Véhicules (acquisition)'],[475],non,non
20-100982,2020-08-10,2020-09-11,['63'],Voirie communale 2020-2021,fns,cmp2006,appeloffre,initial,Commune de Saint-Etienne-Des-Champs,63380,Saint-Etienne-Des-Champs,,['Voirie'],[365],non,non
20-101002,2020-08-10,2020-09-21,['65'],RESTAURATION DES FAÇADES EXTÉRIEURES DE L'ÉGLISE SAINTE THÉRÈSE,fns,cmp2006,appeloffre,initial,VILLE DE TARBES,65000,TARBES,,"['Couverture', 'Maçonnerie', 'Menuiserie', 'Vitraux']","[74, 195, 222, 418]",non,non
20-100864,2020-08-10,2020-09-15,"['67', '57', '54', '68', '88']",Marché de maîtrise d'?uvre pour la modernisation de l'écluse 30-31 du Canal de la Marne à Saverne,fns,cmp2006,appeloffre,initial,Voies navigables de France,67000,Strasbourg,,"[""Maîtrise d'oeuvre"", 'Ingénierie']","[197, 455]",non,non
20-100770,2020-08-10,2020-08-31,['90'],Rénovation de la toiture amiantée d'un bâtiment industriel à Bourogne,fns,cmp2006,appeloffre,initial,Voies navigables de France,67100,Strasbourg,,['Amiante (désamiantage)'],[479],non,non
20-100887,2020-08-10,2020-09-25,['67'],OBERHOFFEN SUR MODER : RENFORCEMENT DES RESEAUX D'ASSAINISSEMENT - RUE PRINCIPALE ET RUE DE L'HIVER,fns,cmp2006,appeloffre,initial,CA DE HAGUENAU,67240,Bischwiller cedex,,['Assainissement'],[18],non,non
20-100696,2020-08-10,2020-09-02,['67'],Hôtel de Ville - mise aux normes électriques : mission de maîtrise d'oeuvre - phase exécution.,mapa,cmp2006,appeloffre,initial,Ville de Haguenau,67504,Haguenau cedex,,"['Electricité, gaz (fourniture)']",[443],non,non
20-100652,2020-08-10,2020-09-14,['67'],prestations de gardiennage et de sécurité,fns,cmp2006,appeloffre,initial,Groupe Hospitalier Sélestat-Obernai,67606,SELESTAT Cedex,,"['Gardiennage', 'Surveillance']","[138, 331]",non,non
20-93227,2020-08-10,2020-09-10,['67'],travaux de menuiserie intérieure bois dans le hall d'accueil de l'hôtel du département au conseil départemental du bas-rhin,fns,cmp2006,appeloffre,initial,DEPARTEMENT DU BAS RHIN,67964,Strasbourg Cedex,,['Menuiserie'],[222],non,non
20-100107,2020-08-10,2020-09-10,['67'],mission d'études géotechniques pour la restructuration du collège la pierre polie à vendenheim - reconsultation,mapa,cmp2006,appeloffre,initial,DEPARTEMENT DU BAS RHIN,67964,Strasbourg cedex,,"['Etude', 'Ingénierie']","[118, 455]",non,non
20-99144,2020-08-10,2020-09-10,['68'],"missions de diagnostic amiante avant travaux en vue de la rénovation énergétique de 821 logements quartier ancien drouot, à mulhouse.",fns,cmp2006,appeloffre,initial,m2A HABITAT,68071,Mulhouse,,"['Amiante (diagnostic)', 'Amiante (désamiantage)']","[431, 479]",non,non
20-100942,2020-08-10,2020-09-14,"['70', '69']",Maîtrise d'?uvre relative à la régénération du pont de la porte de garde d'Auxonne.,fns,cmp2006,appeloffre,initial,Voies navigables de France,69005,Lyon,,['Ingénierie'],[455],non,non
20-100898,2020-08-10,2020-09-08,['69'],FOURNITURES ADMINISTRATIVES POUR LA VILLE ET LE CCAS DE TARARELot 1 Fournitures de papier et d'enveloppesLot 2 Impression et livraison enveloppes et entêtes de lettre,mapa,cmp2006,appeloffre,initial,COMMUNE DE TARARE,69173,Tarare,,"['Impression', 'Papeterie']","[160, 262]",non,non
20-100870,2020-08-10,2020-09-15,['69'],Travaux de réhabilitation de la crèche des Grenouilles bleues (7 lots),fns,cmp2006,appeloffre,initial,Commune de Saint-Fons,69195,Saint-Fons Cedex,,"['Bois', 'Carrelage', 'Cloison, faux plafond', 'Démolition', 'Electricité (travaux)', 'Maçonnerie', 'Menuiserie', 'Peinture (travaux)', 'Plâtrerie', 'Plomberie (travaux)', 'Revêtements de sols', 'Sanitaire']","[38, 53, 63, 87, 105, 195, 222, 264, 269, 270, 308, 319]",non,non
20-100737,2020-08-10,2020-11-07,['69'],"Fourniture de pain, pâtisseries, viennoiseriessurgelés pour les besoins de la Régie Autonome derestauration scolaire et sociale",fns,cmp2006,attribution,initial,COMMUNE DE VENISSIEUX,69200,Vénissieux,,['Surgelés'],[330],non,non
20-100728,2020-08-10,2020-09-15,"['69', '1', '42', '39']","Travaux d'installation et de maintenance de menuiseries, volets roulants, stores et films pour la ville de Meyzieu",fns,cmp2006,appeloffre,initial,COMMUNE DE MEYZIEU,69883,MEYZIEU,,['Informatique (prestations de services)'],[163],non,non
20-100771,2020-08-10,2020-08-25,['73'],Acquisition engin de damage,fns,cmp2006,appeloffre,initial,SOCIETE GESTION DE LA NORMA,73500,La Norma,,['Véhicules (acquisition)'],[475],non,non
20-100926,2020-08-10,2020-09-10,['73'],"Exploitation saisonnière d'une ligne de transport public entre les communes de Bourg St Maurice, Séez et Montvalezan la Rosière",fns,cmp2006,appeloffre,initial,Commune de Montvalezan,73700,Montvalezan,,['Transport'],[347],non,non
20-100689,2020-08-10,2020-11-07,['74'],"Fourniture, installation et maintenance de serveurs pour les écoles",fns,cmp2006,attribution,initial,Ville d'Annecy,74011,Annecy,"[('2020-08-07', 'tilt informatique', (170000, 'EUR'), None)]",['Informatique (matériel)'],[162],non,non
20-100687,2020-08-10,2020-11-07,['74'],"Mise en service, location et maintenance de fibres optiques noires",fns,cmp2006,attribution,initial,Ville d'Annecy,74011,Annecy,"[('2020-08-06', ""C'PRO NETWORKS"", (66270, 'EUR'), None)]",['Fibre optique'],[133],non,non
20-100733,2020-08-10,2020-09-03,['74'],Numéro de la consultation : 20M09T RENOVATION DU CHALET DU CAF,fns,cmp2006,appeloffre,initial,COMMUNE DE CHAMONIX MONT BLANC,74402,CHAMONIX MONT-BLANC,,['Bâtiment'],[33],non,non
20-100817,2020-08-10,2020-09-10,['74'],Relations-presse pour les expositions organisées au palais lumière 2021-2023,mapa,cmp2006,appeloffre,initial,Ville d'Evian-les-Bains,74502,Evian-les-Bains,,['Prestations de services'],[274],non,non
20-100702,2020-08-10,2020-10-18,['75'],Le présent marché a pour objet la location et la maintenance d'un véhicule utilitaire dédié à la manutention et au transport de charges lourdes pour le Parc zoologique de Paris.,mapa,cmp2006,appeloffre,rectificatif,Museum National d'Histoire Naturelle,75005,PARIS,,['Véhicules'],[359],non,non
20-100782,2020-08-10,2020-09-19,['75'],"Rénovation de 3 immeubles sis 33, 35, 45 rue Jacob, Paris 6ème.",fns,cmp2006,appeloffre,initial,Chancellerie des Universités de Paris,75005,Paris,,['Ravalement'],[299],non,non
20-100615,2020-08-10,2020-09-11,['75'],Production de contenus e-learning,joue,directive24,appeloffre,initial,GIP Anap,75013,Paris,,['Formation'],[410],non,non
20-101019,2020-08-10,2020-09-24,"['94', '75']",Fourniture de slips absorbants anatomiques pour incontinence urinaire moyenne pour le compte de l'hôpital Sainte-Périne et l'hôpital Paul Brousse - GHU APHP Université Paris Saclay2 lots,fns,cmp2006,appeloffre,initial,Groupe Hospitalier HUPIFO,75016,Paris,,"['Articles à usage unique', 'Hygiène (articles)']","[15, 153]",non,oui
20-100628,2020-08-10,2020-09-12,"['64', '75']",Travaux d'amélioration de la sécurité et de la gestion des flux de circulation et création d'une deuxième salle d'audience au tribunal administratif de Pau.,fns,cmp2006,appeloffre,initial,Conseil d'Etat,75100,Paris cedex 01,,"[""Tous corps d'état""]",[345],non,non
20-101031,2020-08-10,2020-09-10,['75'],Prestation de médiation sociale à destination des lycéens pendant la période du Bac dans les locaux de la Bpi et accueil et surveillance de l'exposition Catherine Meurisse à la Bpi,mapa,cmp2006,attribution,initial,Bibliothèque publique d'information,75197,Paris cedex 04,,['Prestations de services'],[274],non,non
20-100890,2020-08-10,2020-08-25,['75'],"Le présent marché a pour objet la mission de commissariat aux comptes du Comité des OEuvres Sociales du Centre National de la Fonction Publique Territoriale, pour les exercices de 2020 à 2025.",mapa,cmp2006,appeloffre,initial,Comité des Oeuvres Sociales du CNFPT,75578,Paris,,['Expertise comptable'],[446],non,non
20-100643,2020-08-10,2020-09-29,"['75', '77', '78', '91', '92', '93', '94', '95']",Fourniture de serviettes et de draps de bain nécessaires aux besoins du service central des blanchisseries de l'Assistance Publique - Hôpitaux de Paris,fns,cmp2006,appeloffre,initial,PIC SCA SCB SMS APHP,75624,Paris cedex 13,,['Textile'],[343],non,oui
20-100641,2020-08-10,2020-09-18,"['75', '77', '78', '91', '92', '93', '94', '95']","Fourniture de pièces détachées, et de maintenance d'équipements, d'accessoires et de consommables nécessaires à la maintenance et à la réparation des véhicules de divers marques, utiles au g",fns,cmp2006,appeloffre,initial,PIC SCA SCB SMS APHP,75624,Paris cedex 13,,['Pièces détachées'],[266],non,non
20-101026,2020-08-10,2020-09-30,['75'],Prestations de Sûreté-sécurité des bâtiments du centre Joël-Le-Theule à Sablé-sur-Sarthe (72) - lot 1,fns,cmp2006,appeloffre,initial,Bibliothèque nationale de France,75706,Paris Cedex 13,,['Gardiennage'],[138],non,non
20-100727,2020-08-10,2020-09-09,['76'],RD 925 - Sécurisation du carrefour entre la route départementale et la voie d'accès au Centre Nucléaire de Production d'Electricité (CNPE) de Penly - Aménagements Paysagers,mapa,cmp2006,appeloffre,initial,Département de Seine Maritime,76101,ROUEN Cedex,,['Espaces verts'],[116],non,oui
20-100685,2020-08-10,2020-09-16,['76'],Acquisition d'un logiciel de préparation et de gestion du conseil municipal de la Ville et du conseil d'administration du CCAS,mapa,cmp2006,appeloffre,initial,Ville de Grand Quevilly,76120,Grand Quevilly,,['Logiciel'],[186],non,non
20-100813,2020-08-10,2020-09-11,['76'],Elaboration d'un schéma directeur de scénographie urbaine sur la commune de lillebonne 76170,mapa,cmp2006,attribution,initial,Communauté d'Agglomération Caux vallée,76170,Lillebonne,,['Prestations de services'],[274],non,non
20-100886,2020-08-10,2020-09-11,['76'],Usine d'eau industrielle - pose de deux paratonnerres,fns,cmp2006,attribution,initial,Communauté d'Agglomération Caux vallée,76170,Lillebonne,"[('2020-07-03', '3AC', (20200, 'EUR'), None)]",['Paratonnerre'],[411],non,non
20-100904,2020-08-10,2020-09-21,['77'],mise à disposition et services associés de tickets cesu destinés aux agents de la ville pour paiement de prestations de services de garde d'enfants (0 à 3 ans) à domicile ou hors domicile,mapa,cmp2006,appeloffre,initial,Ville de Montereau,77130,Montereau Fault Yonne,,['Prestations de services'],[274],non,non
20-101042,2020-08-10,2020-09-09,"['78', '75', '77', '91', '92', '93', '94', '95']","Renouvellement du dispositif de vidéoprotection de la caserne Pasquier à VERSAILLES (78). Ce renouvellement comprend l acquisition, l installation et la mise en service de caméras, le passage en fi..",fns,cmp2006,appeloffre,initial,GENDARMERIE NATIONALE,78000,Versailles,,"['Surveillance', 'Vidéo, cinéma', 'Télésurveillance']","[331, 362, 415]",non,non
20-100846,2020-08-10,2020-11-01,['78'],"Pour réaliser ses missions, SITREVA doit disposer d'un parc de caissons de 30m3 amovibles renforcés, ouverts destinés au stockage, à la compaction et au transport des déchets issus des déchèterie",fns,cmp2006,appeloffre,initial,SITREVA,78120,Rambouillet,,['Conditionnement'],[67],non,non
20-100969,2020-08-10,2020-09-11,['78'],Maîtrise d'oeuvre pour la création d'une salle de danse à l'ancienne usine des eaux de la commune de Maisons Laffitte.,fns,cmp2006,appeloffre,initial,COMMUNE DE MAISONS LAFFITTE,78600,Maisons laffitte,,"['Etude', 'Ingénierie']","[118, 455]",non,non
20-100735,2020-08-10,2020-11-07,['78'],Organisation de formations CACES et habilitation électrique pour le personnel municipal d'Elancourt,fns,cmp2006,attribution,initial,ville d'Elancourt,78995,Elancourt,"[('2020-07-30', 'LEVAGE MANUTENTION FORMATION', (60000, 'EUR'), None), ('2020-07-30', 'SG Consulting', (30000, 'EUR'), None)]",['Formation'],[410],non,non
20-100692,2020-08-10,2020-09-11,['80'],Remplacement des alimentations EF-EC-EU et des appareils sanitaires,fns,cmp2006,appeloffre,initial,Baie de Somme Habitat,80102,Abbeville cedex,,"['Plomberie (travaux)', 'Sanitaire']","[270, 319]",non,non
20-100903,2020-08-10,2020-09-14,['82'],FOURNITURE ET LIVRAISON DE COMBUSTIBLES GRANULES BOIS POUR CHAUFFERIE BIOMASSE,fns,cmp2006,appeloffre,initial,Commune de Montbartier,82700,MONTBARTIER,,['Combustible'],[438],non,non
20-100757,2020-08-10,2020-09-30,['83'],"LOCATION ET MAINTENANCE DE POSTES DE TELEASSISTANCE, GESTION DES APPELS, GARDIENNAGE DES CLÉS ET DÉTECTEUR DE FUMÉE POUR LE CCAS DE FREJUS",fns,cmp2006,appeloffre,initial,CCAS de Frejus,83600,Fréjus,,"['Abonnement', 'Prestations de services']","[2, 274]",non,non
20-100860,2020-08-10,2020-09-06,['83'],MARCHE DE SERVICES D'ASSURANCES POUR LES BESOINS DU CCAS DE FREJUS,fns,cmp2006,appeloffre,initial,CCAS de Frejus,83600,Fréjus,,['Assurance'],[20],non,non
20-100816,2020-08-10,2020-09-21,['83'],Réhabilitation et amélioration des postes de refoulement des eaux usées - Communes de Fréjus - St Raphaël - Programme 2020,fns,cmp2006,appeloffre,initial,CA Var Estérel Méditerranée,83707,SAINT RAPHAEL CEDEX,,['Station de refoulement'],[334],non,non
20-100698,2020-08-10,2020-09-09,['84'],20-08 Renégociation des contrats d'assurances pour les besoins de la communauté de communes,fns,cmp2006,appeloffre,initial,CC Pays des Sorgues Monts de Vaucluse,84800,L'Isle sur la Sorgue,,['Assurance'],[20],non,non
20-100694,2020-08-10,2020-09-11,['84'],Travaux de mise en sécurité du Centre Hospitalier de l'Isle sur la Sorgue - Relance,fns,cmp2006,appeloffre,initial,Hôpital Local Isle sur la Sorgue,84800,L'ISLE SUR LA SORGUE,,"['Cloison, faux plafond', 'Electricité (travaux)', 'Gros oeuvre', 'Maçonnerie', 'Menuiserie', 'Plâtrerie', 'Plomberie (travaux)']","[63, 105, 144, 195, 222, 269, 270]",non,non
20-94774,2020-08-10,2020-09-11,['85'],Travaux d'aménagement d'une zone de stockage amont des emballages dans le centre de tri départemental des déchets recyclables ménagers et travaux divers,fns,cmp2006,appeloffre,initial,Syndicat Trivalis,85015,La Roche-sur-Yon,,"['Bardage', 'Charpente', 'Chauffage (travaux)', 'Climatisation', 'Couverture', 'Electricité (travaux)', 'Espaces verts', 'Etanchéité', 'Gros oeuvre', 'Menuiserie', 'Peinture (travaux)', 'Plomberie (travaux)', 'Réseaux divers', 'Serrurerie', 'Sécurité incendie', 'Terrassement', 'Ventilation', 'Voirie']","[30, 57, 61, 62, 74, 105, 116, 117, 144, 222, 264, 270, 306, 321, 332, 341, 360, 365]",non,non
20-100913,2020-08-10,2020-09-17,['86'],Aménagement pour véhicules drenfort secours routier,mapa,cmp2006,appeloffre,initial,SDIS 86,86961,Futuroscope chasseneuil,,['Véhicules'],[359],non,non
20-100784,2020-08-10,2020-10-10,['87'],"MAPA 20-04 - Travaux de cloisonnement, d'électricité et de réfection des sols de bureaux du siège de l'ASP à Limoges",fns,cmp2006,appeloffre,initial,Agence de services et de paiement,87040,Limoges,,"['Cloison, faux plafond']",[63],non,oui
20-100966,2020-08-10,2020-09-11,['87'],Traitement Sinistre Bâtiment MARCHAND pour le Centre Hospitalier Esquirol,fns,cmp2006,appeloffre,initial,CHU DUPUYTREN,87042,Limoges cedex,,"[""Tous corps d'état""]",[345],non,non
20-100750,2020-08-10,2020-09-09,['87'],Maintenance des Equipements et Installation de cuisine du restaurant d'entreprise de la CARSAT Centre-Ouest,mapa,cmp2006,appeloffre,initial,CARSAT Centre Ouest,87048,Limoges cedex,,['Maintenance'],[196],non,non
20-100836,2020-08-10,2020-09-28,"['89', '75', '69', '21']",Mission d'assistance à maîtrise d'ouvrage pour la rénovation du gymnase,mapa,cmp2006,appeloffre,initial,COMMUNE DE SAINT GEORGES SUR BAULCHE,89000,Saint-Georges-sur-Baulche,,"[""Assistance à maîtrise d'ouvrage""]",[433],non,non
20-100805,2020-08-10,2020-09-18,['90'],Fourniture de produits alimentaires,fns,cmp2006,appeloffre,initial,Ville de Belfort,90020,BELFORT,,['Denrées alimentaires'],[88],non,non
20-100699,2020-08-10,2020-09-11,['90'],Maîtrise d'oeuvre pour la rénovation et la modernisation des installations techniques et scéniques du Théâtre Granit à Belfort,fns,cmp2006,appeloffre,initial,Cté de l'Agglomération Belfortaine,90020,BELFORT CEDEX,,"[""Maîtrise d'oeuvre"", 'Matériel scénique']","[197, 216]",non,non
20-100675,2020-08-10,2020-10-10,['91'],"Fabrication, livraison et pose de mobilier signalétique pour le Domaine départemental de Chamarande",fns,cmp2006,attribution,initial,Conseil général de l'Essonne,91012,Evry cedex,"[('2020-07-20', 'EMPREINTE', (180000, 'EUR'), None)]",['Signalétique'],[333],non,non
20-100751,2020-08-10,2020-09-09,['91'],Mission de maîtrise d'ouvre: Réhabilitation d'un bâtiment de bureaux - impasse des hérons pour la création d'une maison médicale,fns,cmp2006,appeloffre,initial,Commune de Ballancourt-sur-Essonne,91610,Ballancourt sur Essonne,,"[""Maîtrise d'oeuvre""]",[197],non,oui
20-100992,2020-08-10,2020-10-15,['91'],LA COUVERTURE DE DEUX TERRAINS DE TENNIS ET LA CREATION DE LOCAUX ANNEXES SUR LA COMMUNE DE NOZAY,fns,cmp2006,appeloffre,initial,CA COMMUNAUTE PARIS SACLAY,91898,Orsay cedex,,"[""Tous corps d'état""]",[345],non,non
20-100790,2020-08-10,2020-10-11,['92'],Marchés de prestations intellectuelles réglementaires dans le cadre de l'opération de création du Musée du Grand Sicèle sur le site de la caserne Sully à Saint-CloudLot 1: Contrôle technique po,fns,cmp2006,appeloffre,initial,Cons. Départ. des Hauts-de-Seine,92000,Nanterre,,['Contrôle technique'],[72],non,non
20-100725,2020-08-10,2020-08-25,['93'],marche portant mission de maitrise d'oeuvre d'exécution dans le cadre des travaux de réfection des toitures de la cite bocage,fns,cmp2006,appeloffre,initial,OPH Plaine Commune Habitat,93200,Saint Denis,,"['Etanchéité', ""Maîtrise d'oeuvre""]","[117, 197]",non,non
20-100875,2020-08-10,2020-09-30,['93'],Etude de faisabilité et de dimensionnement pour le développement de plateforme(s) d'économie circulaire dans le BTP,fns,cmp2006,appeloffre,initial,EST ENSEMBLE,93232,Romainville cedex,,['Prestations de services'],[274],oui,non
20-100866,2020-08-10,2020-09-14,['93'],FOURNITURE DE MOBILIER PETITE ENFANCE,fns,cmp2006,appeloffre,initial,Ville de Villemomble,93250,Villemomble,,['Mobilier'],[230],non,non
20-100709,2020-08-10,2020-09-18,['93'],Travaux de plomberie et de VMC en logements à réaliser au fur et à mesure des besoins sur le patrimoine de la SEMIPFA ou géré par elle,fns,cmp2006,appeloffre,initial,Semipfa,93290,Tremblay-en-France,,['Plomberie (travaux)'],[270],non,non
20-101020,2020-08-10,2020-11-07,"['93', '75', '78', '77', '95', '94', '91']",Travaux pour la construction d'un bâtiment pour le pôle Accueil Médico-Technique (AMT) et d'un bâtiment Pharmacie (PUI) dans le cadre de la reconversion du site de Neuilly-sur-Marne de l&apo,fns,cmp2006,appeloffre,initial,E.P.S. de Ville-Evrard,93332,Neuilly sur marne cedex,,"['Bâtiment', 'Menuiserie', 'Végétaux']","[33, 222, 358]",non,oui
20-100649,2020-08-10,2020-09-14,['95'],accueil des jeunes collégiens beauvillesois en situation de sanction disciplinaire de sanction externee,fns,cmp2006,appeloffre,initial,Ville de Villiers-le-Bel,95400,villiers le bel,,['Prestations de services'],[274],non,non
20-100664,2020-08-10,2020-09-21,['95'],mission de conseil et d'assistance architecturale et urbaine,fns,cmp2006,appeloffre,initial,Ville de Villiers-le-Bel,95400,villiers le bel,,['Prestations de services'],[274],non,non
20-101001,2020-08-10,2020-08-31,['95'],Achat et maintenance d'un équipement de projection numérique permettant la mise en place d'une diffusion cinématographique itinérante sur le territoire de la communauté d'agglomération,mapa,cmp2006,appeloffre,initial,COMMUNAUTE D AGL ROISSY PAYS DE FRANCE,95400,VILLIERS-LE-BEL,,"['Vidéo, cinéma']",[362],non,non
20-101008,2020-08-10,2020-09-07,['95'],Les stipulations du présent marché concernent :l achat d espaces pour la publication d annoncesde recrutement de la ville de Bezons,fns,cmp2006,appeloffre,initial,COMMUNE DE BEZONS,95870,Bezons,,"['Publicité, Communication']",[285],non,non
20-84994,2020-08-10,2020-08-31,['971'],l'exécution des prestations de nettoyage et de fourniture de produits consommables pour les toilettes publiques du parc national de la guadeloupe situées à la maison de la forêt route de la traversée.,mapa,cmp2006,appeloffre,initial,Parc national de la Guadeloupe,97120,Saint-claude,,['Nettoyage de locaux'],[239],non,non
20-101040,2020-08-10,2020-09-01,['971'],Numéro de la consultation : 20DMP010 ACQUISITION D'UNE SOLUTION LOGICIELLE POUR LA GESTION DE L'ACTIVITE DE FRET AEROPORTUAIRE DE LA SAGPC,fns,cmp2006,appeloffre,initial,SOC AEROPORTUAIRE GUADELOUPE POLE CARA,97139,LES ABYMES,,['Logiciel'],[186],non,non
20-101044,2020-08-10,2020-09-09,['971'],PRESTATION DE COLLECTE ENLÈVEMENT TRANSPORT ET TRAITEMENT DES DÉCHETS,fns,cmp2006,attribution,initial,CENTRE GERONTOLOGIQUE DU RAIZET,97183,Les Abymes,,['Ordures ménagères (prestations)'],[249],non,non
20-101049,2020-08-10,2020-09-09,['971'],FOURNITURE ET LIVRAISON DE PRODUITS D'HYGIÈNE CORPORELLE,mapa,cmp2006,attribution,initial,CENTRE GERONTOLOGIQUE DU RAIZET,97183,Les Abymes,,['Hygiène (articles)'],[153],non,non
20-101043,2020-08-10,2020-08-24,['972'],travaux d'aménagements divers pour lutte contre la propagation du covid 19 dans les écoles,fns,cmp2006,appeloffre,initial,Ville de Ducos,97224,ducos,,"['Abris', 'Charpente', 'Maçonnerie', 'Plomberie (travaux)']","[1, 57, 195, 270]",non,non
20-101022,2020-08-10,2020-08-31,['972'],fourniture et livraison de petits outillages à main,fns,cmp2006,attribution,initial,Ville du Lamentin,97232,Le Lamentin Martinique,,['Outillage'],[251],non,non
20-100946,2020-08-10,2020-09-14,['75'],Relations Médias,mapa,cmp2006,attribution,initial,Comité Martiniquais du Tourisme,97276,Fort de France Cedex,,['Prestations de services'],[274],non,non
20-101028,2020-08-10,2020-09-09,['973'],Prestations intellectuelles,mapa,cmp2006,appeloffre,initial,COMMUNE DE MACOURIA,97300,Macouria,,['Prestations de services'],[274],non,non
20-100616,2020-08-10,2020-12-31,['973'],Construction du nouveau pont du Larivot et de ses remblais d'accès,joue,directive24,appeloffre,initial,DEAL de Guyane,97306,Cayenne cedex,,"[""Ouvrage d'art""]",[252],oui,oui
20-101005,2020-08-10,2020-11-07,['973'],Réalisation du Centre d'Incendie et de Secours de Sinnamary,fns,cmp2006,attribution,initial,COLLECTIVITE TERRITORIALE DE GUYANE,97307,CAYENNE,"[('2020-08-06', 'COGIT SARL', (48143.34, 'EUR'), None)]",['Etanchéité'],[117],oui,non
20-100842,2020-08-10,2020-08-24,['973'],réfection des peintures extérieures des logements locatifs sur le patrimoine s.im.ko. - marché 2020.,mapa,cmp2006,attribution,initial,Société Immobilière de Kourou (SIMKO),97388,Kourou cedex,,['Peinture (travaux)'],[264],non,non
20-100633,2020-08-10,2020-10-04,['976'],TRAVAUX DE PEINTURE ET DE CLIMATISATION CINÉMA ALPAJOE,fns,cmp2006,appeloffre,initial,Département de Mayotte,97600,Mamoudzou,,"['Bâtiment', 'Climatisation', 'Peinture (travaux)']","[33, 62, 264]",non,non
20-100703,2020-08-10,2020-09-10,['976'],TRAVAUX D'AMÉNAGEMENT DE L'ACCÈS À LA PMI DE KOUNGOU,fns,cmp2006,appeloffre,rectificatif,Département de Mayotte,97600,Mamoudzou,,"['Eclairage public', 'Voirie et réseaux divers']","[102, 366]",oui,non
