,a00_cle_idweb,g04_01_date_publication,g04_03_date_fin_diffusion,g04_07_dep_publication,g04_09_resume_objet,g01_02_01_famille,g01_02_02_perimetre,g01_02_03_nature,g01_02_04_statut,d01_01_denomination,d01_07_cp,d01_08_ville,d08_09_decision_titulaireandRENSEIGNEMENT,g04_052_descripteurs_libelles,g04_051_descripteurs_codes,g04_061_criteres_sociaux,g04_062_criteres_environnementaux
0,20-109020,2020-09-06,2020-10-05,['1'],Mission de coordination et mission d'assistance au maître d'ouvrage pour les opérations de mise en conformité des systèmes de secours et d'incendie sur les bâtiments du Département de l,joue,directive24,appeloffre,initial,DEPARTEMENT DE L AIN,01003,BOURG EN BRESSE CEDEX,,"[""Assistance à maîtrise d'ouvrage""]",[433],non,non
1,20-109043,2020-09-06,2020-10-17,['1'],Travaux de construction d'une halle multisports à Prévessin-Moëns au lieu-dit Vésegnin(01),joue,directive24,appeloffre,initial,SIVOM DE L EST GESSIEN,01210,FERNEY VOLTAIRE,,"['Ascenseur', 'Bardage', 'Carrelage', 'Charpente', 'Chauffage (travaux)', 'Cloison, faux plafond', 'Electricité (travaux)', 'Equipement sportif', 'Fondations spéciales', 'Gros oeuvre', 'Menuiserie', 'Revêtements de sols', 'Serrurerie', 'Signalétique', 'Terrassement']","[17, 30, 53, 57, 61, 63, 105, 113, 129, 144, 222, 308, 321, 333, 341]",non,non
2,20-108840,2020-09-06,2020-09-18,['1'],"fourniture, installation et maintenance d'abris-bus non publicitaires sur le territoire communal",joue,directive24,attribution,initial,Ville de Divonne les Bains,01220,Divonne les Bains,"[('2020-01-24', 'SIGNAUX GIROD', (45435, 'EUR'), None)]","['Maintenance', 'Mobilier urbain']","[196, 231]",non,non
3,20-109013,2020-09-06,2020-11-13,['2'],Maîtrise d'oeuvre pour la création d'un réseau d'eaux usées à Chavignon,joue,directive24,attribution,initial,Cté de Cnes du Val de l'Aisne,02370,PRESLES-ET-BOVES,"[('2020-09-04', 'AREA', (170250.0, 'EUR'), 'Lot unique')]",['Assainissement'],[18],non,non
4,20-109378,2020-09-06,2020-10-06,['3'],Fourniture de matériels et de produits de protection en cas de crise sanitaire,joue,directive24,appeloffre,initial,DEPARTEMENT DE L ALLIER,03016,Moulins,,['Consommables médicaux'],[69],non,non
5,20-109308,2020-09-06,2020-12-02,['3'],Acquisition De Fournitures électriques Pour Le Magasin Général Du Centre Technique Municipal,joue,directive24,attribution,initial,Ville de Montluçon,03106,Montlucon,"[('2020-08-26', 'Sonepar Sud-Est', (300000, 'EUR'), 'Electricite Appareillage'), ('2020-08-26', 'Sonepar Sud-Est', (120000, 'EUR'), 'Electricite Réseaux')]",['Matériel électrique'],[203],non,non
6,20-108941,2020-09-06,2020-12-02,['4'],Assistance à la maîtrise d'oeuvre pour la réalisation d'études d'ouvrage d'art,joue,directive24,attribution,initial,Département des Alpes de Hte Provence,04995,Digne-Les-Bains,"[('2020-09-03', 'Gpt Oteis / Ld2a / Pétel', (106500, 'EUR'), None), ('2020-09-03', 'Gpt Intervia Etudes / Agence K / Arcadi', (148400, 'EUR'), None), ('2020-09-03', 'Profractal', (173500, 'EUR'), None), ('2020-09-03', 'Gpt Siam Ingénierie / Xda / Duthoit', (128600, 'EUR'), None), ('2020-09-03', 'Segic Ingenierie', (139900, 'EUR'), None)]","['Etude', ""Ouvrage d'art""]","[118, 252]",non,non
7,20-109104,2020-09-06,2020-10-19,['6'],"FOURNITURE DE VAISSELLE, DE PETIT MATERIEL DE CUISINE ET DE PETIT MATERIEL DE MANUTENTION",joue,autre,rectificatif,rectificatif,C.H.U. de Nice,06003,Nice cédex 1,,['Cuisine (équipement)'],[77],non,non
8,20-109126,2020-09-06,2020-11-12,['6'],Fourniture de réactifs pour la biologie moléculaire HLA,joue,directive24,appeloffre,initial,C.H.U. de Nice,06003,Nice cedex 1,,['Réactifs'],[301],non,non
9,20-104198,2020-09-06,2020-10-06,['6'],"acquisition d'engins, accessoires et outillage pour l'entretien routier et forestier",joue,directive24,appeloffre,initial,Département des Alpes-Maritimes,06201,NICE CEDEX 3,,['Matériel de travaux publics'],[220],non,non
10,20-109430,2020-09-06,2020-10-06,['6'],MARCHE POUR LA CONFECTION ET LA LIVRAISON DE REPAS A DOMICILE DES PERSONNES AGEES ET OU HANDICAPEES POUR LE CCAS DE LA VILLE DE MOUGINS,joue,directive24,appeloffre,initial,CCAS de Mougins,06250,MOUGINS,,"['Repas, traiteur']",[304],non,non
11,20-108866,2020-09-06,2020-09-30,['6'],"Location, achat, pose, dépose et entretien des motifs d'illumination de fin d'année",joue,directive24,attribution,initial,Commune de Beaulieu sur mer,06310,Beaulieu-sur-Mer,,['Illumination'],[170],non,non
12,20-109192,2020-09-06,2020-11-04,['6'],19V0611-Equipement des établissements de la Petite Enfance en mobilier spécifique divers,joue,directive24,attribution,initial,COMMUNE DE NICE,06364,Nice cedex 4,"[('2020-08-31', 'SAS CREATIONS MATHOU', (16413, 'EUR'), 'Accord-cadre à bons de commandeMini : Sans miniMaxi : 40 000,00 EUREn valeur en EUR H.T.Durée (hors reconduction) : 12 moisDébut du marché : Au premier bon de commande.'), ('2020-08-31', 'SAS CREATION MATHOU', (5626, 'EUR'), 'Accord-cadre à bons de commandeMini : Sans miniMaxi : 13 200,00 EUREn valeur en EUR H.T.Durée (hors reconduction) : 12 moisDébut du marché : Au premier bon de commande.'), ('2020-08-31', 'SAS CREATION MATHOU', (5328, 'EUR'), 'Accord-cadre à bons de commandeMini : Sans miniMaxi : 10 000,00 EUREn valeur en EUR H.T.Durée (hors reconduction) : 12 moisDébut du marché : Au premier bon de commande.'), ('2020-08-31', 'SAS CREATION MATHOU', (10656, 'EUR'), 'Accord-cadre à bons de commandeMini : Sans miniMaxi : 33 000,00 EUR En valeur en EUR H.T.Durée (hors reconduction) : 12 moisDébut du marché : Au premier bon de commande.')]","['Equipements spécialisés', 'Literie', 'Matériel de sécurité', 'Mobilier']","[115, 183, 209, 230]",non,non
13,20-109450,2020-09-06,2020-10-12,['6'],Construction d'un groupe scolaire et d'un parking à Falicon (06950),fns,cmp2006,appeloffre,initial,SIVOM DE VAL DE BANQUIERE,06730,Saint André de La Roche,,"['Ascenseur', 'Amiante', 'Bâtiment', 'Charpente', 'Cloison, faux plafond', 'Démolition', 'Electricité (travaux)', 'Etanchéité', 'Fondations spéciales', 'Gros oeuvre', 'Isolation', 'Menuiserie', 'Peinture (travaux)', 'Plomberie (travaux)', 'Revêtements de sols', 'Serrurerie', 'Terrassement', 'Voirie et réseaux divers']","[17, 24, 33, 57, 63, 87, 105, 117, 129, 144, 169, 222, 264, 270, 308, 321, 341, 366]",non,non
14,20-109311,2020-09-06,2020-11-15,['7'],"Accord cadre, avec négociations , à marchés subséquents, mono attributaire",joue,directive24,appeloffre,initial,Syndicat départ. d'équipt de l'Ardèche,07003,Privas,,['Prestations de services'],[274],non,non
15,20-108952,2020-09-06,2020-11-04,['7'],prestations de curage et de vidange sur les ouvrages et réseaux publics d'assainissement et d'eaux pluviales,joue,directive25,attribution,initial,Cté d'Agglo du Bassin d'Annonay,07430,Davézieux,,"['Assainissement', 'Réseaux divers']","[18, 306]",non,non
16,20-108964,2020-09-06,2020-11-04,['7'],maîtrise d'oeuvre système d'assainissement de la commune de serrières,joue,directive25,attribution,initial,Cté d'Agglo du Bassin d'Annonay,07430,Davézieux,"[('2020-08-31', 'BEAUR', (232280, 'EUR'), ""Maîtrise d'oeuvre système d'assainissement de la commune de Serrières"")]",['Assainissement'],[18],non,non
17,20-104575,2020-09-06,2020-10-08,['10'],Entretien des espaces verts de divers groupes du patrimoine de Troyes Habitat (10),joue,directive24,appeloffre,initial,OPH Troyes Habitat,10000,Troyes,,['Espaces verts'],[116],non,non
18,20-109122,2020-09-06,2020-10-09,['10'],"Fourniture de barquettes et vaisselle à usage unique, film thermique et consommables pour imprimante CAB pour le GHT de l'Aube et du sézannais et le GIP Logistique Inter-Hospitalier de l'Aub",joue,directive24,appeloffre,initial,Centre hospitalier de Troyes,10003,Troyes cedex,,"['Barquettes alimentaires', 'Cuisine (équipement)']","[32, 77]",oui,oui
19,20-108788,2020-09-06,2020-11-04,['12'],"routes departementales fourniture, transport et pose de signalisation verticale de police et de signalisation temporaire",joue,directive24,attribution,initial,Conseil Départemental de l AVEYRON,12450,Flavin,,"['Panneaux', 'Signalisation']","[261, 322]",non,non
20,20-109232,2020-09-06,2020-12-01,['13'],Service de transport d'éléves et d'étudiants handicapés à destination de leur étabissement scolaire ou universitaire.,joue,directive25,attribution,initial,Régie des Transports Métropolitains,13013,Marseille,"[('2020-08-07', ""MOUV'IDEES"", (1480600, 'EUR'), ""Services de Transport d'élèves et d'étudiants handicapés à destination de leur établissement scolaire ou universitaire."")]","['Transport', 'Véhicules (location)']","[347, 474]",non,non
21,20-109187,2020-09-06,2020-10-07,['13'],"Fourniture et livraison de denrées alimentaires : lot 1 'Produits surgelés', lot 2 'Produits laitiers divers et oeufs coquilles', lot 3 'Fruits, légumes, pdt à l'état fra",joue,directive24,appeloffre,initial,CCAS d'Aix en Provence,13092,Aix en Provence cedex 2,,"['Denrées alimentaires', 'Surgelés']","[88, 330]",non,oui
22,20-109238,2020-09-06,2020-10-09,"['13', '83', '84']",Maintenance préventive et curative des véhicules de collecte des déchets ménagers et assimilés du Territoire du Pays d'Aubagne et de l'Etoile,joue,directive24,appeloffre,initial,METROPOLE D AIX MARSEILLE PROVENCE,13250,Marseille,,"['Mécanique', 'Prestations de services']","[221, 274]",non,non
23,20-108847,2020-09-06,2020-10-01,['13'],"Fourniture de produits d'épicerie fine, conditionnement de colis de Noël 2020, livraison par transport routier de colis à destination des personnes du bel âge",joue,directive24,attribution,initial,CONSEIL DEPARTEMENTAL 13,13256,Marseille,"[('2020-08-21', 'SAVEURS DIFFUSION', (215886.26, 'EUR'), 'Foie Gras'), ('2020-08-21', 'SAVEURS DIFFUSION', (343052.13, 'EUR'), 'Cuisses de pintades confites'), ('2020-08-21', 'FLEURONS DE LOMAGNE', (172265.4, 'EUR'), 'Soupe de poissons'), ('2020-08-25', 'SUDREAU', (110500, 'EUR'), 'Nougat Blanc "" de Provence "" ou équivalent'), ('2020-08-21', 'CAFE CORDIER', (241023.7, 'EUR'), 'Assortiments de chocolats de Noël'), ('2020-08-24', 'LOU GASCOUN - MERCADIER', (74672.99, 'EUR'), 'Pâtés de Gibier'), ('2020-08-21', 'SAVEURS DIFFUSION SARL', (160550, 'EUR'), 'Vin rouge ou rosé "" de Provence "" ou équivalent'), ('2020-08-21', 'ROSSI DISTRIBUTION', (88720.38, 'EUR'), 'Navettes Artisanales Nature'), ('2020-08-25', 'APIDIS', (184834.12, 'EUR'), ""Pot de Miel 'de Provence'""), ('2020-09-02', 'CHRYSALIDE CAT GLYCINES', (197994, 'EUR'), 'Emballage et conditionnement -Lot réservé'), ('2020-08-21', 'VIAPOST', (92679, 'EUR'), 'Transport routier de colis')]",['Colis'],[65],non,non
24,20-108963,2020-09-06,2020-10-23,['13'],Marché d'exploitation des installations thermiques des collèges du Département des Bouches-du-Rhône avec objectif d'exemplarité énergétique,joue,directive24,appeloffre,initial,CONSEIL DEPARTEMENTAL 13,13256,Marseille cedex 20,,"['Chauffage (exploitation, entretien)']",[59],non,oui
25,20-108989,2020-09-06,2020-11-04,['13'],"Travaux de maintenance, d'entretien et de réfection d'étanchéité - Tous sites AP-HM",joue,directive24,attribution,initial,CENTRE HOSPITALIER REG DE MARSEILLE,13354,Marseille cedex 05,"[('2020-08-25', 'ALPHA SERVICES', (856600.2, 'EUR'), 'Lot 1 Timone'), ('2020-08-25', 'ASTEN', (1097597.44, 'EUR'), 'CONCEPTION - SUD'), ('2020-08-25', 'ASTEN', (384718.48, 'EUR'), 'LOT 3 NORD')]",['Etanchéité'],[117],non,non
26,20-108923,2020-09-06,2020-10-03,['13'],"Prestations de nettoyage d'espaces publics intérieurs et extérieurs, voiries et grandes voiries",joue,directive24,appeloffre,initial,COMMUNE D AUBAGNE,13400,Aubagne,,"['Nettoyage de locaux', 'Nettoyage urbain', 'Prestations de services']","[239, 240, 274]",non,non
27,20-109330,2020-09-06,2020-10-12,"['13', '34', '83', '84']",Fourniture et livraison de barrières anti-intrusion pour une protection de site / barrage de véhicules.,joue,autre,rectificatif,rectificatif,Ville de Fos-sur-Mer,13771,Fos sur mer cedex,,['Evénementiel'],[445],non,non
28,20-109268,2020-09-06,2020-12-01,"['14', '76', '50', '61', '27']",Prestations topographiques et foncières dans les 5 départements normands,joue,directive24,appeloffre,initial,DIR REG DE L ENVIR DE AMENAGEMENT LOGT,14006,Caen cédex 1,,"['Abris', 'Topographie']","[1, 344]",non,non
29,20-108836,2020-09-06,2020-09-30,['14'],accord cadre de nettoyage des bâtiments de l'université de caen normandie et de l'ensicaen situés principalement sur le campus 2,joue,directive24,attribution,initial,Université de Caen Normandie,14032,Caen,"[('2020-08-27', 'SAMSIC ', (3300000, 'EUR'), 'nettoyage des bâtiments de l\x92Université Caen Normandie situés sur le campus 2 (57 198,50 mètres carrés)'), ('2020-09-03', 'SAMSIC ', (1300000, 'EUR'), 'nettoyage des bâtiments de l\x92Ensicaen situés principalement sur le campus 2 (30 660,08 mètres carrés)')]",['Nettoyage de locaux'],[239],non,non
30,20-109091,2020-09-06,2020-12-02,['17'],Mise en conformité du bâtiment 'Assistance à la pêche' sur le Port de pêche de Chef de Baie à La Rochelle,joue,directive24,intentionconclure,initial,SYNDICAT MIXTE PORT CHEF DE BAIE,17000,La Rochelle,"[('2020-09-02', 'Bouygues Energies & Serivces', (117985.23, 'EUR'), None)]",['Electricité (travaux)'],[105],non,non
31,20-109030,2020-09-06,2020-10-06,['17'],Fourniture de denrées alimentaires aux adhérents du groupement local Rochefort Océan,joue,directive24,appeloffre,initial,SYNDICAT CUISINE ROCHEFORT OCEAN,17300,ROCHEFORT,,"['Restauration collective', 'Denrées alimentaires']","[66, 88]",oui,oui
32,20-109164,2020-09-06,2020-09-30,['77'],PRESTATION DE NETTOYAGE COURANT ET ENTRETIEN DOMESTIQUE,joue,directive24,attribution,initial,Commandement des écoles de la GN,17300,Rochefort,,['Nettoyage de locaux'],[239],oui,oui
33,20-109416,2020-09-06,2020-10-05,['18'],"Transport des personnes prises en charge par le Conseil départemental du Cher hors transports scolaires, lignes régulières et transports à la demande - 5 lots",joue,directive24,appeloffre,initial,Conseil départemental du Cher,18023,Bourges,,['Transport'],[347],non,non
34,20-109387,2020-09-06,2020-12-02,['20A'],"Projet Parkings Intelligents Fourniture, installation, mise en fonctionnement,supervision et maintenance d'un système de détection et d'information sur l'occupation des places de p",joue,directive24,attribution,initial,COMMUNAUTE D AGGLO DU PAYS AJACCIEN,20000,Ajaccio,"[('2020-07-30', 'Groupement Orange Business Services/Orange Sa', (60000, 'EUR'), None)]",['Logiciel'],[186],non,non
35,20-108926,2020-09-06,2020-10-04,"['20A', '20B']",entretetien et aménagement des chaussées des aéroports ajaccio napoléon bonaparte et figari sud corse,joue,directive25,attribution,initial,CCIACS,20293,Bastia Cedex,,['Voirie'],[365],non,non
36,20-108668,2020-09-06,2020-10-04,"['20A', '20B']",fourniture et mise en oeuvre d'une plateforme de téléphonie ip pour les besoins de la cciacs,joue,directive24,attribution,initial,CCIACS,20293,Bastia cedex,"[('2020-08-05', 'NXO FRANCE', (250000, 'EUR'), None)]",['Télécommunications'],[338],non,non
37,20-108709,2020-09-06,2020-10-04,"['20A', '20B']",entretien des installations flottantes,joue,directive25,attribution,initial,CCIACS,20293,Bastia Cedex,,['Installation portuaire'],[165],non,non
38,20-109307,2020-09-06,2020-12-02,['20B'],"Fourniture de matériels de type quincaillerie: Serrure, cadenas, cylindres et clefs",joue,directive24,attribution,initial,COMMUNE DE BASTIA,20410,Bastia,,['Quincaillerie (articles)'],[291],non,non
39,20-109310,2020-09-06,2020-12-02,['20B'],"Marché de travaux à bons de commande "" tout corps d'état "" réalisés dans les bâtiments communaux de la Ville de Bastia. Lot no 12 : "" Electricité courant fort et courant faible;",joue,directive24,attribution,initial,COMMUNE DE BASTIA,20410,Bastia,"[('2020-08-24', 'Scae', (500000, 'EUR'), None)]",['Electricité (travaux)'],[105],non,non
40,20-109228,2020-09-06,2020-12-02,['20B'],Pnrqad/Restructuration urbaine du Centre Ancien - Ilot du Puntettu - Lots 2 et 3,joue,directive24,attribution,initial,COMMUNE DE BASTIA,20410,Bastia,"[('2020-08-24', 'Sas Antoniotti', (1363179.2, 'EUR'), 'Vrd, maçonnerie, espaces verts'), ('2020-08-24', 'Engie Ineo Pca Agence Corse', (123709.82, 'EUR'), 'Eclairage public')]",['Génie civil'],[141],non,non
41,20-109227,2020-09-06,2020-12-02,"['20B', '20A']","Désignation d'un prestataire pour la réalisation de diagnostics multicritères des copropriétés potentiellement fragiles dans le cadre du Popac "" Bastia coeur de ville """,joue,directive24,attribution,initial,COMMUNE DE BASTIA,20410,Bastia,"[('2020-08-24', 'Citemetrie Sas/ (Mandataire)Kernel Opérations Sasu', (199600, 'EUR'), None)]","['Amiante (diagnostic)', 'Ingénierie']","[431, 455]",non,non
42,20-109029,2020-09-06,2020-10-06,['21'],Fourniture de produits d'entretien divers et sacs déchets pour le GHT Sud Côte d'Or,joue,directive24,appeloffre,initial,Hospices Civils de Beaune,21203,Beaune,,"['Plastique', ""Produits d'entretien""]","[268, 278]",non,oui
43,20-104992,2020-09-06,2020-10-06,['22'],collecte et traitement des déchets diffus spécifiques issus des déchetteries (hors filiere rep ecodds),joue,directive24,appeloffre,initial,Saint-Brieuc Agglomération,22000,Saint-Brieuc,,['Collecte sélective'],[82],non,non
44,20-108959,2020-09-06,2020-10-12,['22'],Fournitures de médicaments (792 lots),joue,directive24,appeloffre,initial,CHG de Saint-Brieuc,22027,Saint brieuc cedex 1,,['Produits pharmaceutiques'],[280],non,non
45,20-109082,2020-09-06,2020-10-09,['24'],Conclusion du contrat d'assurance statutaire pour le Cias Au Coeur des Trois Cantons,joue,directive24,appeloffre,initial,CIAS AU COEUR DES TROIS CANTONS,24130,La Force,,['Assurance'],[20],non,non
46,20-109155,2020-09-06,2020-10-10,['25'],RN19 - Héricourt - Sévenans - Autorisation Environnementale Unique (AEU),joue,directive24,appeloffre,initial,DREAL BFC/SG/DAJCP,25005,Besançon cedex,,['Ingénierie'],[455],non,non
47,20-109214,2020-09-06,2020-10-07,['26'],202092 Ac Bdc élagage Du Patrimoine Arbore,joue,directive24,appeloffre,initial,VALENCE ROMANS SUD RHONE-ALPES,26021,Valence,,['Espaces verts'],[116],non,non
48,20-109366,2020-09-06,2020-10-01,['26'],LOCATION DE TENTES ET STRUCTURES PARTICULIERES POUR SALON,joue,directive24,appeloffre,initial,Chambre d'Agriculture de La Drôme,26504,BOURG LES VALENCE CEDEX,,"['Stand', 'Tente']","[325, 473]",non,non
49,20-109409,2020-09-06,2020-09-25,['29'],etude prospective sur l'organisation de la collecte des déchets du territoire et assistance à maître d'ouvrage pour la passation d'un marché de collecte (rectificatif),joue,autre,rectificatif,rectificatif,CA QUIMPER BRETAGNE OCCIDENTALE,29000,Quimper,,"['Assistance technique', 'Etude', 'Prestations de services', ""Assistance à maîtrise d'ouvrage"", 'Assistance juridique']","[19, 118, 274, 433, 434]",non,non
50,20-109371,2020-09-06,2020-09-18,['29'],Modernisation du système informatique de vente des criées de Cornouaille - 2019-22CCIMBOQC,joue,directive24,attribution,initial,CCI METROPOLITAINE BRETAGNE OUEST,29238,Brest cedex 2,"[('2020-08-25', 'Aucxis cvba', (1483146, 'EUR'), 'Modernisation du système informatique de vente des criées de Cornouaille')]",['Informatique (prestations de services)'],[163],non,non
51,20-108950,2020-09-06,2020-09-16,['29'],Approvisionnement de chaluts de surface type SEINIP 25 destinés à la récupération d'hydrocarbure fractionné en mer,joue,autre,rectificatif,rectificatif,MINDEF/SCA/PFAF OUEST,29240,Brest cedex 9,,['Dépollution'],[442],non,oui
52,20-108236,2020-09-06,2020-10-08,['30'],diagnostic du systeme d'assainissement la gardonnenque communes de dions - la calmette - sainte-anastasie,joue,directive24,appeloffre,initial,CA Nîmes Métropole,30947,NIMES CEDEX 9,,"['Assainissement', 'Etude']","[18, 118]",non,non
53,20-108905,2020-09-06,2020-09-30,['30'],fourniture d'equipements de protection individuelle et de vêtements de travail (rectificatif),joue,autre,rectificatif,rectificatif,MERCATURA,30947,Nîmes,,['Equipements spécialisés'],[115],non,non
54,20-109398,2020-09-06,2020-10-30,['31'],"Fourniture, livraison et installation de mobilier de bureau du siège et des agences de la Carsat Midi-Pyrénées",joue,directive24,attribution,initial,CARSAT MP,31065,Toulouse cedex 9,"[('2020-08-03', 'SARL ODDOS', (400000, 'EUR'), 'Marché de fourniture, livraison et installation de mobilier de bureau')]",['Mobilier'],[230],oui,oui
55,20-109331,2020-09-06,2020-10-30,['31'],Marché de location et de maintenance d'une solution d'impression numérique pour la Carsat Midi-Pyrénées,joue,directive24,attribution,initial,CARSAT MP,31065,Toulouse cedex 9,"[('2020-08-03', 'Xerox', (650000, 'EUR'), ""MARCHE LOCATION ET MAINTENANCE D'UNE SOLUTION D'IMPRESSION NUMERIQUE POUR LA CARSAT MP"")]","[""Matériel d'imprimerie"", 'Reprographie']","[211, 305]",oui,oui
56,20-109233,2020-09-06,2020-10-09,['31'],construction d'un collège 600 et d'un logement de fonction à toulouse guilhermy - travaux 15 lots,joue,directive24,appeloffre,initial,Conseil Départemental Haute-Garonne,31090,Toulouse,,"['Ascenseur', 'Bâtiment', 'Chauffage (travaux)', 'Cloison, faux plafond', 'Cuisine (équipement)', 'Electricité (travaux)', 'Espaces verts', 'Etanchéité', 'Gros oeuvre', 'Isolation', 'Menuiserie', 'Métallerie', 'Peinture (travaux)', 'Plâtrerie', 'Plomberie (travaux)', 'Revêtements de sols', 'Serrurerie', 'Ventilation', 'Voirie et réseaux divers', 'Occultation', 'Photovoltaïque']","[17, 33, 61, 63, 77, 105, 116, 117, 144, 169, 222, 223, 264, 269, 270, 308, 321, 360, 366, 414, 476]",non,non
57,20-109434,2020-09-06,2020-10-04,['31'],Travaux de remplacement de la télécabine reliant Bagnères de Luchon à Superbagnères,joue,directive24,appeloffre,initial,Régie de Stations de Haute Garonne(31),31110,LUCHON,,"['Télécabines, télésièges, téléskis']",[337],non,oui
58,20-109252,2020-09-06,2020-10-15,['31'],Acquisition et maintenance d'un logiciel de gestion de la trésorerie,joue,directive24,attribution,initial,REGION OCCITANIE,31406,TOULOUSE,"[('2020-08-07', 'SAS SELDON FINANCE', (91666.66, 'EUR'), ""Acquisition et maintenance d'un logiciel de gestion de la trésorerie"")]","['Logiciel', 'Informatique (maintenance serveurs et réseaux)']","[186, 454]",non,non
59,20-109242,2020-09-06,2020-09-18,"['34', '11', '12', '31', '66', '30']",achat de masques a usage sanitaire et non sanitaire pour la lutte contre le covid19 (rectificatif),joue,autre,rectificatif,rectificatif,REGION OCCITANIE,31406,TOULOUSE,,['Sanitaire'],[319],non,non
60,20-109339,2020-09-06,2020-10-14,"['33', '64']",Fourniture d'un navire polyvalent neuf de travaux portuaires,joue,directive24,appeloffre,initial,Région Nouvelle Aquitaine,33000,Bordeaux,,['Construction navale'],[70],non,non
61,20-109199,2020-09-06,2020-11-04,['33'],Réalisation d'images de synthèse,joue,directive24,attribution,initial,Bordeaux Métropole,33045,BORDEAUX,"[('2020-09-04', 'IN SITUA', (300000.0, 'EUR'), ""Réalisation d'images de synthèse"")]",['Prestations de services'],[274],non,non
62,20-108946,2020-09-06,2020-12-31,['33'],"Marché de services ayant pour objet l'organisation de navettes courrier, l'affranchissement du courrier et remise pour distribution",joue,directive24,appeloffre,initial,Pôle emploi - DR ALPC,33056,Bordeaux cedex,,"['Prestations de services', 'Transport']","[274, 347]",oui,oui
63,20-109028,2020-09-06,2020-10-03,['33'],Réhabilitation des bâtiments E & F Construction de l'espace de liaison du Village Universitaire no3 à Pessac.,joue,directive24,attribution,initial,CROUS de Bordeaux,33080,Bordeaux cedex,"[('2020-07-21', 'SEG FAYAT', (3170000, 'EUR'), 'DÉMOLITION -GO'), ('2020-07-21', 'DL OCEAN', (129771.33, 'EUR'), 'CHARPENTE MÉTALLIQUE'), ('2020-07-21', 'AXE METAL', (778334, 'EUR'), 'FACADES'), ('2020-07-21', 'SOPREMA', (212699, 'EUR'), 'ETANCHEITE'), ('2020-07-21', 'GF3M', (922670, 'EUR'), 'MENUISERIES EXTERIEURES'), ('2020-07-21', 'GF3M', (880949.62, 'EUR'), 'SERRURERIE'), ('2020-07-21', 'MAINVIELLE', (925244.56, 'EUR'), 'PLÂTRERIE-FAUX PLAFONDS'), ('2020-07-21', 'MINER', (567994.16, 'EUR'), '/SOLS'), ('2020-07-21', 'LEGENDE ET LUREAU', (1512808.05, 'EUR'), 'MENUISERIES INTERIEURES'), ('2020-07-21', 'SOPEGO', (629383.44, 'EUR'), 'PEINTURE SIGNALETIQUE'), ('2020-07-21', 'CEGELEC', (2106586.89, 'EUR'), 'CHAUFFAGE-VENTILATION-PLOMBERIE-SANITAIRE-SDBPREPA'), ('2020-07-21', 'EIFFAGE ENERGIE', (1437884.88, 'EUR'), 'ELECTRICITE CFO-CFA'), ('2020-07-21', 'CFA', (112600, 'EUR'), 'ASCENSEURS'), ('2020-07-21', 'SOPEGA', (504106.29, 'EUR'), 'VRD/TERRASSEMENTS'), ('2020-07-21', 'ID VERDE', (322346.35, 'EUR'), 'ID VERDE')]","['Ascenseur', 'Charpente', 'Chauffage (travaux)', 'Cloison, faux plafond', 'Espaces verts', 'Etanchéité', 'Gros oeuvre', 'Matériel électrique', 'Menuiserie', 'Peinture (travaux)', 'Ravalement', 'Revêtements de sols', 'Serrurerie', 'Terrassement', ""Tous corps d'état""]","[17, 57, 61, 63, 116, 117, 144, 203, 222, 264, 299, 308, 321, 341, 345]",non,non
64,20-109298,2020-09-06,2020-10-08,['33'],"Maintenance Des Horodateurs, Collecte Et Transport Des Fonds",joue,directive24,appeloffre,initial,Ville de Lacanau,33680,Lacanau,,['Horodateur'],[151],non,non
65,20-109183,2020-09-06,2020-10-02,['34'],Travaux de réaménagement des infrastructures ferroviaires du port de Sète-Frontignan,joue,directive24,attribution,initial,REGION OCCITANIE,34064,MONTPELLIER,"[('2020-09-04', 'EIFFAGE ROUTE MEDITERRANEE', (448119.32, 'EUR'), 'travaux de VRD, assainissement et éclairage'), ('2020-09-04', 'EGENIE', (3396647.72, 'EUR'), 'travaux de voie ferrée, caténaire et signalisation ferroviaire')]","[""Ouvrage d'infrastructure""]",[253],non,non
66,20-109390,2020-09-06,2020-12-10,['34'],Fourniture de gaz et de leurs emballages pour l'Université de Montpellier,joue,directive24,appeloffre,initial,UNIVERSITE DE MONTPELLIER,34090,Montpellier,,['Gaz divers'],[139],non,non
67,20-109247,2020-09-06,2020-10-05,['34'],MISE A DISPOSITION D'UN DEVELOPPEUR POUR LE DEPARTEMENT ARCHIVAGE ET DIFFUSION,joue,directive24,appeloffre,initial,CTRE INFORMATIQUE NAL DE L ENST SUP,34097,Montpellier cedex 5,,['Informatique (prestations de services)'],[163],non,non
68,20-109235,2020-09-06,2020-10-05,['34'],MISE A DISPOSITION D'UN DEVELOPPEUR POUR LE DEPARTEMENT ARCHIVAGE ET DIFFUSION,joue,directive24,appeloffre,initial,CTRE INFORMATIQUE NAL DE L ENST SUP,34097,Montpellier cedex 5,,['Informatique (prestations de services)'],[163],non,non
69,20-109139,2020-09-06,2020-09-24,['34'],Délégation de service public des lots de plages pour les années 2020-2026 à Palavas-les-Flots,joue,autre,rectificatif,rectificatif,COMMUNE DE PALAVAS LES FLOTS,34250,Palavas Les Flots,,['Prestations de services'],[274],non,oui
70,20-101761,2020-09-06,2020-11-12,['34'],prestations de sécurité incendie et de sécurité de l'hôtel de ville,joue,directive24,attribution,initial,Ville de Montpellier,34267,Montpellier cedex 2,"[('2020-09-04', 'N SECURITE', (922407, 'EUR'), ""Prestations de sécurité incendie et de sureté de l'hôtel de ville"")]",['Sécurité incendie'],[332],non,non
71,20-109055,2020-09-06,2020-10-12,['34'],FOURNITURE D'EQUIPEMENTS PEDAGOGIQUES DE SIMULATION ET DE SUPPORTS D'ENTRAINEMENTS TECHNIQUES MAINTENANCE ACCESSOIRES PIECES DETACHEES ET CONSOMMABLES ASSOCIES,joue,directive24,appeloffre,initial,CHU DE MONTPELLIER,34295,MONTPELLIER CEDEX 5,,['Equipements spécialisés'],[115],non,non
72,20-109414,2020-09-06,2020-10-10,"['34', '11', '30', '66']","19A0138 Prestations de transports sanitaires héliportés pour le groupement de commandes du CHU de Montpellier, CHU de Nîmes, CH de Perpignan, CH Carcassonne et CH Narbonne",joue,directive24,appeloffre,initial,CHU DE MONTPELLIER,34295,Montpellier cedex 5,,['Prestations de services'],[274],non,non
73,20-109336,2020-09-06,2020-12-31,"['34', '12']","PRESTATIONS DE CONTROLES REGLEMENTAIRES, DE CONTROLES DE RADIOPROTECTION, DE CONTROLES QUALITE DES EQUIPEMENTS BIOMEDICAUX, ET PRESTATIONS DE RADIOPHYSIQUE",joue,directive24,appeloffre,initial,CHU DE MONTPELLIER,34295,Montpellier cedex 5,,['Contrôle technique'],[72],non,non
74,20-109201,2020-09-06,2020-10-09,['34'],Fourniture de sapins et flocage,joue,directive24,appeloffre,initial,Ville de Béziers,34500,Béziers,,"['Prestations de services', 'Végétaux']","[274, 358]",non,non
75,20-109344,2020-09-06,2020-10-05,"['35', '22', '29', '56']",Transports de fonds et de valeur,joue,directive24,appeloffre,initial,PREFECTURE DE LA REGION DE BRETAGNE,35026,Rennes,,"['Abris', 'Transport']","[1, 347]",non,non
76,20-109193,2020-09-06,2020-10-08,"['35', '22', '29', '44', '49', '53', '56']",Réalisation d'un atlas environnemental,joue,directive24,appeloffre,initial,DIR Ouest,35031,Rennes Cedex,,"['Etude', 'Prestations de services']","[118, 274]",non,oui
77,20-109263,2020-09-06,2020-10-14,['35'],La mise à disposition de personnel soignant par le biais d'agences d'intérim pour la direction des personnes agées du Centre Communal d' Action Sociale de la Ville de Rennes .,joue,directive24,appeloffre,initial,CCAS de Rennes,35105,RENNES,,['Mise à disposition de personnel'],[461],non,non
78,20-109047,2020-09-06,2020-10-12,['35'],MISSIONS D'ANALYSE POUR LE CHOIX ET LA MISE EN OEUVRE DES MODES DE GESTION DU SERVICE PUBLIC D'ASSAINISSEMENT,joue,directive24,appeloffre,initial,Saint-Malo Agglomération,35260,Cancale,,['Assainissement'],[18],non,non
79,20-109153,2020-09-06,2020-10-07,['35'],"ACCORDS-CADRES POUR LA MAINTENANCE DES ASCENSEURS, DES MONTE-CHARGES ET DES APPAREILS ELEVATEURS POUR PERSONNES A MOBILITE REDUITE DE LA REGION BRETAGNE",joue,directive24,appeloffre,initial,Région Bretagne,35711,RENNES CEDEX 7,,['Prestations de services'],[274],non,non
80,20-109015,2020-09-06,2020-10-19,"['95', '36']",Acquisition de kits de réactifs nécessaires à l'extraction d'ADN génomique humain à partir de tous types de matériels biologiques au profit du Pôle Judiciaire de la Gendarmerie Nationale (PJ,joue,directive24,appeloffre,initial,COMSOPGN,36300,Le blanc,,"['Abris', 'Analyses médicales, biologiques']","[1, 8]",non,non
81,20-109128,2020-09-06,2020-10-09,['37'],MISSIONS DE REFERENT DE PARCOURS D'INSERTION PROFESSIONNELLE DES PUBLICS CONCERNES PAR LE PLAN LOCAL POUR L'INSERTION ET L'EMPLOI (PLIE),joue,directive24,appeloffre,initial,Tours Métropole Val de Loire,37206,TOURS CEDEX 3,,['Prestations de services'],[274],non,non
82,20-109425,2020-09-06,2020-09-24,['38'],"Fourniture et acheminement d'électricité, dont de l'électricité à haute valeur environnementale, pour le patrimoine de Grenoble-Alpes Métropole",joue,autre,rectificatif,rectificatif,GRENOBLE-ALPES METROPOLE,38031,Grenoble,,"['Electricité, gaz (fourniture)']",[443],non,oui
83,20-109237,2020-09-06,2020-10-05,['38'],Location d'ambulances pour les besoins du CHU Grenoble Alpes et du CH Alpes-Isère,joue,directive24,appeloffre,initial,CTRE HOSPITALIER UNVT GRENOBLE,38043,Grenoble cedex 09,,['Véhicules (location)'],[474],non,non
84,20-109088,2020-09-06,2020-12-02,"['38', '69']",Fourniture et pose de matériels d'éclairage public et d'illumination,joue,directive24,attribution,initial,Commune de Saint-Martin-d'Hères,38401,Saint-Martin-D'Heres Cedex,"[('2020-07-24', 'Epsig', (150000, 'EUR'), ""Fourniture et pose de matériels d'éclairage public""), ('2020-07-24', 'Appareillage Electrique Dauphinois', (120000, 'EUR'), ""Fourniture de consommables électriques et matériels d'éclairage public""), ('2020-07-24', 'Leblanc Illumination', (120000, 'EUR'), ""Fourniture de motifs d'illumination 2d et 3d et consommables pour la maintenance du matériel d'illumination"")]","['Eclairage public', 'Illumination']","[102, 170]",non,non
85,20-109313,2020-09-06,2020-10-19,['38'],Marché public d'assurances,joue,directive24,appeloffre,initial,Ville de Saint Egrève,38521,Saint-Egreve,,['Assurance'],[20],non,non
86,20-108832,2020-09-06,2020-10-30,"['40', '64']",plan pluriannuel pour le remplacement de chaudières à bois du conseil départemental des landes,joue,directive24,appeloffre,initial,Conseil Général des Landes,40025,MONT DE MARSAN,,['Chauffage (travaux)'],[61],non,oui
87,20-109356,2020-09-06,2020-10-06,"['41', '37', '45']",Fourniture et pose d'équipements pour la création d'aires de repos à destination des cyclotouristes,joue,directive24,appeloffre,initial,CC DU GRAND CHAMBORD,41250,Bracieux,,"['Mobilier urbain', 'Sanitaire']","[231, 319]",non,non
88,20-108835,2020-09-06,2020-10-06,['42'],"Prestations d'installation, maintenance et gestion de parc pour les écoles du territoire Saint-Etienne Métropole",joue,directive24,appeloffre,initial,Saint Etienne Métropole,42006,Saint Etienne,,['Maintenance'],[196],non,non
89,20-109005,2020-09-06,2020-12-02,['43'],Transports scolaires 2020,joue,directive24,attribution,initial,COMMUNAUTE D AGL DU PUY EN VELAY,43003,Le Puy-en-Velay,"[('2020-06-25', 'Migratour Transports', (52356.12, 'EUR'), 'P 12 - Primaire St Germain Laprade'), ('2020-06-25', 'Hugon Tourisme', (146855.8, 'EUR'), 'S 5 - Secondaire le Brignon'), ('2020-06-25', 'Schmitt Voyages', (152437.6, 'EUR'), 'S 10 - Secondaire Malrevers - Chaspinhac'), ('2020-06-25', 'Hugon Tourisme', (74841.2, 'EUR'), 'Ps 32 - Secondaire Fix St Geneys - Allègre'), ('2020-06-25', 'Berger Voyages', (257548.32, 'EUR'), 'S 35 Ab - Secondaire St Paulien et Loudes - Allègre'), ('2020-06-25', 'Berger Voyages', (306304.8, 'EUR'), 'S 36 Abc - Secondaire St Geneys, Lissac et Vazeilles - Allègre'), ('2020-06-25', 'Migratour Transports', (117860.4, 'EUR'), 'S 1 - Secondaire Malrevers - Brives'), ('2020-06-25', 'Schmitt Voyages', (158900, 'EUR'), 'S 2 - Secondaire Beaulieu, Rosières - Retournac'), ('2020-06-25', 'Berger Voyages', (65488.68, 'EUR'), 'Ps 52 - Primaire et secondaire St Pierre du Champ'), ('2020-06-25', 'Berger Voyages', (77266, 'EUR'), 'S 63 - Secondaire Bellevue et Jullianges - Craponne'), ('2020-06-25', 'Transports Graille', (62853, 'EUR'), ""Ps 64 - Primaire et secondaire de Monistrol d'Allier - Saugues""), ('2020-06-25', 'Transports Graille', (70623, 'EUR'), 'Ps 30 - Primaire et secondaire Estublat - Allègre')]",['Transport'],[347],non,non
90,20-108888,2020-09-06,2020-12-02,['43'],Transports à la demande 2020-2024,joue,directive24,attribution,initial,COMMUNAUTE D AGL DU PUY EN VELAY,43003,Le Puy-en-Velay,"[('2020-06-25', 'Transports Graille', (16000, 'EUR'), 'Saint-Christophe-sur-Dolaizon / Le Puy-en-Velay'), ('2020-06-25', 'Transports Graille', (88000, 'EUR'), ""Saint-Préjet d'Allier / Le Puy-en-Velay""), ('2020-06-25', 'Transports Graille', (24000, 'EUR'), 'Saint-Vidal / Le Puy-en-Velay'), ('2020-06-25', 'Transports Graille', (56000, 'EUR'), 'Vazeilles-Limandre /Le Puy-en-Velay'), ('2020-06-25', 'Transports Graille', (48000, 'EUR'), 'Le Vernet / Le Puy-en-Velay'), ('2020-06-25', 'Transports Graille', (24000, 'EUR'), 'La Terrasse / Arsac-en-Velay / Le Puy-en-Velay'), ('2020-06-20', 'Transports Graille', (40000, 'EUR'), 'Le Brignon / Le Puy-en-Velay'), ('2020-06-25', 'Transports Graille', (24000, 'EUR'), 'Malrevers / Le Puy-en-Velay'), ('2020-06-25', 'Berger Voyages', (160000, 'EUR'), 'Saint-Jean-de-Nay / Le Puy-en-Velay'), ('2020-06-25', 'Transports Graille', (80000, 'EUR'), 'Le Puy-en-Velay/Ehpad/Brives/Taulhac'), ('2020-06-25', 'Transports Graille', (120000, 'EUR'), ""Monistrol-d'Allier / Saugues""), ('2020-06-25', 'Transports Graille', (24000, 'EUR'), 'Cistrières / Craponne-sur-Arzon'), ('2020-06-25', 'Transports Graille', (40000, 'EUR'), 'Cistrières / La Chaise-Dieu'), ('2020-06-25', 'Berger Voyages', (24000, 'EUR'), 'Sembadel / Craponne-sur-Arzon'), ('2020-06-25', 'Transports Graille', (32000, 'EUR'), 'Jullianges / La Chaise-Dieu'), ('2020-06-25', 'Berger Voyages', (80000, 'EUR'), 'Saint-Georges-Lagricol / Le Puy-en-Velay'), ('2020-06-25', 'Transports Graille', (80000, 'EUR'), 'Vorey-sur-Arzon / Craponne-sur-Arzon'), ('2020-06-25', 'Berger Voyages', (72000, 'EUR'), 'La Chaise-Dieu / Le Puy-en-Velay'), ('2020-06-25', 'Transports Graille', (72000, 'EUR'), 'Vernassal / Allègre'), ('2020-06-25', 'Transports Graille', (48000, 'EUR'), 'Vernassal / Saint Paulien')]",['Transport'],[347],non,non
91,20-109078,2020-09-06,2020-10-08,['43'],"Fourniture de papier blanc et couleur, papier en-tête, enveloppes avec et sans logotype",joue,directive24,appeloffre,initial,DEPARTEMENT DE LA HAUTE LOIRE,43009,Le Puy En Velay Cedex,,['Papeterie'],[262],non,non
92,20-109372,2020-09-06,2020-10-16,['43'],Prestations de services d'assurances - Lot Risques statutaires,joue,directive24,appeloffre,initial,Commune de Monistrol sur Loire,43120,MONISTROL SUR LOIRE,,['Assurance'],[20],non,non
93,20-109150,2020-09-06,2020-10-05,['44'],Fourniture de masques et de visières pour la protection des personnels et des étudiants de l'Université de Nantes,joue,directive24,appeloffre,initial,Université de Nantes,44035,Nantes cedex 1,,"[""Produits d'entretien""]",[278],oui,oui
94,20-108911,2020-09-06,2020-10-08,['44'],acquisition de fournitures scolaires pour les écoles publiques de nantes et pour son ccas.,joue,directive24,attribution,initial,Ville de Nantes,44094,Nantes Cedex 1,"[('2020-08-07', 'SAVOIR PLUS', (786115.88, 'EUR'), None)]",['Articles de bureau et articles scolaires'],[16],non,non
95,20-108961,2020-09-06,2020-12-04,['44'],marché de prestations pour des investigations complémentaires sur le quai wilson,joue,directive24,attribution,initial,SAMOA,44263,Nantes cedex 2,"[('2020-01-16', 'SIXENSE INGENEERING', (44121, 'EUR'), None)]",['Topographie'],[344],non,non
96,20-109180,2020-09-06,2020-10-09,['44'],Mission d'Assistance à Maitrise d'Ouvrage pour la Création d'un Centre Aquatique,joue,directive24,appeloffre,initial,Ville de Carquefou,44471,Carquefou Cedex,,['Etude'],[118],non,non
97,20-109060,2020-09-06,2020-10-07,['44'],Location de véhicules de transport (Cars ou minibus),joue,directive24,appeloffre,initial,Ville de Carquefou,44471,Carquefou Cedex,,['Transport'],[347],non,non
98,20-109382,2020-09-06,2020-10-06,['44'],Acquisition de matériels informatiques et logiciels,joue,directive24,appeloffre,initial,COMMUNE DE SAINT NAZAIRE,44600,Saint Nazaire,,"['Informatique (matériel)', 'Logiciel']","[162, 186]",non,non
99,20-108966,2020-09-06,2020-10-08,['44'],étude environnementale et sanitaire sur l'ancienne décharge de la prairie de mauves - nantes (44),joue,directive24,attribution,initial,METROPOLE NANTES METROPOLE,44923,Nantes cedex 9,"[('2020-08-18', 'ANTEA GROUP', (160000, 'EUR'), None)]",['Etude'],[118],non,non
100,20-109304,2020-09-06,2020-10-05,"['85', '44']",MISSION DE MAITRISE D'OEUVRE RELATIVE À RECONSTRUCTION EXTERNAT ET DÉCONSTRUCTION DES BATIMENTS H0 ET K0 DU LYCÉE LUÇON PÉTRÉ À SAINTE-GEMME-LA-PLAINE (85) CONCOURS RESTREINT SUR ESQUISSE,joue,directive24,appeloffre,initial,Conseil régional des Pays de la Loire,44966,Nantes cedex 9,,"[""Maîtrise d'oeuvre""]",[197],oui,oui
101,20-109350,2020-09-06,2021-01-25,"['45', '87', '44', '29', '35', '22', '42', '49', '37']",Marché 20S019-Mesures industrielles et expertise d'autosurveillance et d'activités des services d'assainissement collectifs et industriels,joue,directive24,appeloffre,initial,Agence de l'eau Loire-Bretagne,45063,Orleans,,['Prestations de services'],[274],non,oui
102,20-108967,2020-09-06,2020-09-24,['45'],Conception et fourniture d'imprimés pour le GHT Loiret AO 2020-30,joue,autre,rectificatif,rectificatif,CENTRE HOSPITALIER REGIONAL D ORLEANS,45067,Orleans cedex 2,,['Imprimés'],[161],non,non
103,20-109115,2020-09-06,2020-09-16,['45'],Assurance dommages aux biens,joue,autre,rectificatif,rectificatif,Département du Loiret,45945,Orléans,,['Assurance'],[20],non,non
104,20-108996,2020-09-06,2020-09-25,['45'],Accompagnement social global de jeunes au sein de logements du parc social/privé sur le territoire du Département du Loire,joue,directive24,appeloffre,initial,Département du Loiret,45945,Orléans,,['Prestations de services'],[274],non,non
105,20-109022,2020-09-06,2020-10-19,['49'],Services d'assurances pour la commune d'Avrillé,joue,directive24,appeloffre,initial,Ville d'Avrillé,49241,AVRILLE,,['Assurance'],[20],non,non
106,20-109282,2020-09-06,2020-10-06,"['49', '44']",Affinage des papiers collectés provenant des conteneurs de tri situés sur le territoire de Mauges Communauté.,joue,directive24,appeloffre,initial,MAUGES COMMUNAUTE,49602,Beaupréau en Mauges cédex,,['Ordures ménagères (prestations)'],[249],oui,non
107,20-104928,2020-09-06,2020-12-03,['49'],prestations d'accompagnement pour une mise en parcours rapide vers l'emploi des bénéficiaires du rsa (activeo),joue,directive24,attribution,initial,Département de Maine-et-Loire,49941,ANGERS Cedex 9,,['Formation'],[410],non,non
108,20-109342,2020-09-06,2020-10-05,['50'],Fourniture de réactifs et de consommables de laboratoire pour le Centre Hospitalier Avranches-Granville,joue,directive24,appeloffre,initial,Centre Hospitalier Avranches Granville,50303,Avranches,,"['Abris', 'Laboratoire (fourniture)']","[1, 181]",non,non
109,20-108844,2020-09-06,2020-10-05,['50'],"Marché d'exploitation des installations de chauffage, ventilation et climatisation pour les établissements du Groupe hospitalier Mont Saint Michel",joue,directive24,attribution,initial,Centre Hospitalier Avranches Granville,50303,Avranches,"[('2020-09-01', 'IDEX ENERGIES', (737995.0, 'EUR'), ""Marché d'exploitation des installations de chauffage, ventilation et climatisation pour les établissements du Groupe Hospitalier Mont Saint Michel"")]","['Chauffage (exploitation, entretien)', 'Prestations de services']","[59, 274]",non,non
110,20-109288,2020-09-06,2020-11-04,['50'],Fourniture de carburants pour la station-service communale 24/24h,joue,directive24,attribution,initial,Mairie de LA LANDE-D'AIROU,50800,La Lande-d'Airou,"[('2020-08-13', 'ROSSI CARBURANTS', (2000000, 'EUR'), ""fourniture de carburants pour la station service communale de LA LANDE D'AIROU 24/24h"")]","['Carburant, hydrocarbure']",[52],non,non
111,20-109067,2020-09-06,2020-10-20,['52'],Assurances pour les besoins du S.D.I.S. de Haute Marne-.,joue,directive24,appeloffre,initial,SDIS 52,52000,CHAUMONT,,['Assurance'],[20],non,non
112,20-109410,2020-09-06,2020-10-05,['54'],Réhabilitation des réseaux d'assainissement,joue,directive24,appeloffre,initial,Métropole du Grand Nancy,54035,NANCY CEDEX,,"['Alimentation en eau potable', 'Voirie et réseaux divers']","[6, 366]",non,non
113,20-109448,2020-09-06,2020-09-25,['54'],Fourniture de véhicules d'occasion,mapa,cmp2006,appeloffre,initial,CHRU de Nancy,54035,Nancy cedex,,['Véhicules (acquisition)'],[475],non,non
114,20-109352,2020-09-06,2020-10-13,['57'],PRESTATIONS DE NETTOYAGE DES LOCAUX pour les différents sites de la CHAMBRE DE COMMERCE ET D'INDUSTRIE MOSELLE METROPOLE METZ ET DE SES FILIALES,joue,directive24,appeloffre,initial,CCI57,57016,Metz Cédex 1,,['Nettoyage de locaux'],[239],non,non
115,20-108875,2020-09-06,2020-11-13,['25'],DAF_2020_000706,joue,directive24,appeloffre,initial,ESID de Metz,57044,Metz cedex 01,,"['Gros oeuvre', ""Tous corps d'état""]","[144, 345]",non,non
116,20-109130,2020-09-06,2020-10-01,['57'],Fourniture d'essuie-mains à usage unique avec mise à disposition et pose de distributeurs - GHT de Moselle Est,joue,directive24,attribution,initial,CENTRE HOSPITALIER ROBERT PAX,57212,SARREGUEMINES,,['Hygiène (articles)'],[153],non,non
117,20-109189,2020-09-06,2020-10-16,['58'],Acquisition de matériel roulant pour les services de la ville de nevers,joue,directive24,appeloffre,initial,Ville de Nevers,58000,Nevers,,['Véhicules (acquisition)'],[475],non,non
118,20-108908,2020-09-06,2020-10-05,['58'],fourniture de balises et signalisation en matière plastique,joue,directive24,appeloffre,initial,Conseil général de la Nièvre,58039,Nevers cedex,,['Signalisation'],[322],non,non
119,20-109134,2020-09-06,2020-10-09,['59'],Acquisition de deux échelles pivotantes à mouvements combinés de classe 30,joue,directive24,appeloffre,initial,SDIS 59,59026,Lille cedex,,"[""Matériel de secours et d'incendie"", 'Véhicules']","[217, 359]",non,non
120,20-109162,2020-09-06,2020-11-04,['59'],Maintenance préventive et curative des onduleurs des établissements du GHT LMFI,joue,directive24,attribution,initial,CHU DE LILLE,59037,Lille cedex,"[('2020-09-02', 'VERTIV France SAS', (61898.27, 'EUR'), 'Maintenance préventive et curative des onduleurs pour le CHU de Lille et le GH Seclin-Carvin'), ('2020-09-02', 'ASKCO SAS', (42510, 'EUR'), 'Maintenance préventive et curative des onduleurs pour le CH Tourcoing, CH Hazebrouck, CH Roubaix, CH Armentières, CH Wattrelos, GH Loos-Haubourdin et CH Wasquehal')]",['Onduleur'],[465],non,oui
121,20-109388,2020-09-06,2020-12-02,"['59', '62']","Marche D'Insertion Et De Qualification Professionnelles Ayant Comme Support L'Animation Et La Gestion Des Parcs, Squares Et Espaces Ludiques De Proximite Sur La Ville De Roubaix",joue,directive24,attribution,initial,COMMUNE DE ROUBAIX,59066,Roubaix,"[('2020-09-04', 'Ari', (90099, 'EUR'), None)]","['Espaces verts', 'Mise à disposition de personnel']","[116, 461]",non,non
122,20-109188,2020-09-06,2020-11-04,"['59', '2', '60', '62']",Acquisition de véhicules particuliers et de véhicules utilitaires,joue,directive24,attribution,initial,CPAM Hainaut,59321,Valenciennes cedex,,"['Abris', 'Véhicules', 'Véhicules (acquisition)']","[1, 359, 475]",non,oui
123,20-108936,2020-09-06,2020-10-05,['59'],aoo 2019-3496 à 3507 dispositifs médicaux uu stériles pour chirurgie et médecine esthétique et de reconstruction,joue,directive24,attribution,initial,Centre hospitalier de Valenciennes,59322,Valenciennes,"[('2020-03-01', 'ALLERGAN FRANCE SAS', (85868, 'EUR'), 'Dispositifs médicaux UU stériles pour chirurgie et médecine esthétique et de reconstruction'), ('2020-03-01', 'GROUPE SEBBIN', (85868, 'EUR'), 'Dispositifs médicaux UU stériles pour chirurgie et médecine esthétique et de reconstruction'), ('2020-03-01', 'POURET MEDICAL', (85868, 'EUR'), 'Dispositifs médicaux UU stériles pour chirurgie et médecine esthétique et de reconstruction')]",['Consommables médicaux'],[69],non,non
124,20-108932,2020-09-06,2020-10-07,['59'],Acquisition de fauteuils de prélèvement pour collecte mobile et prestations associées,joue,directive24,appeloffre,initial,Etablissement Français du Sang,59373,Loos cedex,,['Matériel médical'],[212],non,non
125,20-109106,2020-09-06,2020-10-13,"['59', '62', '31', '45', '57', '69', '75', '92']",Réalisation de contrôle des éléments déclaratifs des redevables servant à la détermination des redevances perçues par les six Agences de l Eau,joue,directive24,appeloffre,initial,Agence de l'Eau Artois - Picardie,59508,Douai,,['Prestations de services'],[274],non,non
126,20-109133,2020-09-06,2020-12-31,"['59', '62', '60']",REHABILITATION DE L'ECOLE LA FONTAINE LOTS DEMOLITION GROS OEUVRE - VRD - MENUISERIES INTERIEURES - PLATERIE FAUX PLAFONDS ISOLATION - PEINTURES SOLS COLLES,joue,directive24,appeloffre,initial,Ville de Hem,59510,Hem,,"['Bâtiment', 'Cloison, faux plafond', 'Démolition', 'Menuiserie', 'Peinture (travaux)', 'Voirie']","[33, 63, 87, 222, 264, 365]",non,non
127,20-109068,2020-09-06,2020-09-25,"['60', '2', '59', '62', '80']",rénovation et isolation des façades du bâtiment externat du lycée professionnel paul langevin à beauvais (60) (rectificatif),joue,autre,rectificatif,rectificatif,Région Hauts-de-France,59555,LILLE,,"['Electricité (travaux)', 'Isolation', 'Menuiserie', 'Plomberie (travaux)', 'Amiante (désamiantage)']","[105, 169, 222, 270, 479]",oui,non
128,20-103428,2020-09-06,2020-10-08,['59'],"souscription de contrats d'assurances (dab , flotte)",joue,directive24,appeloffre,initial,Ville de Raismes,59590,RAISMES,,['Assurance'],[20],non,non
129,20-109277,2020-09-06,2021-10-04,"['59', '2', '60', '62', '80']","Prestations de services d'insertion professionnelle de type "" Activ Créa Emergence "" à mettre en oeuvre auprès des demandeurs d'emploi de la région Hauts-de-France",joue,directive24,appeloffre,initial,Pôle emploi NPDC PICARDIE,59650,Villeneuve d'Ascq,,['Prestations de services'],[274],oui,non
130,20-106656,2020-09-06,2020-10-07,['60'],"fourniture, installation, et maintenance de stations meteorologiques routieres pour les besoins du departement de l'oise",joue,directive24,appeloffre,initial,Département de l'Oise,60000,BEAUVAIS,,"['Logiciel', 'Machines-outils', 'Maintenance']","[186, 194, 196]",non,non
131,20-108940,2020-09-06,2020-12-02,['60'],Exploitation Et Entretien D'Installations Thermiques Et Collectives Du Patrimoine De L'Opac De L'Oise (6 lots),joue,directive24,attribution,initial,OPAC de l'Oise,60016,Beauvais,"[('2020-08-27', 'Tcap energie', (19277256.64, 'EUR'), 'Beauvais Nord'), ('2020-08-27', 'Missenard-Climatique', (11594053.6, 'EUR'), ""Oise Sud Ouest / Val D'Oise""), ('2020-08-27', 'Engie Cofely', (2606438.97, 'EUR'), 'Compiegne / Crepy En Valois'), ('2020-08-27', 'Cram', (1147457.92, 'EUR'), 'Oise Nord- Est'), ('2020-08-27', 'Missenard-Climatique', (2466513.54, 'EUR'), 'Oise Centre'), ('2020-08-27', 'Engie Cofely', (2577147.78, 'EUR'), 'Oise Sud')]","['Chauffage (exploitation, entretien)']",[59],non,non
132,20-108880,2020-09-06,2020-10-05,['60'],Conception/réalisation pour la construction d'une station d'épuration intercommunale à La Neuville-en-Hez,joue,directive24,appeloffre,initial,Communaute d'Agglo du Beauvaisis,60021,Beauvais,,"[""Station d'épuration (travaux)""]",[328],non,non
133,20-109389,2020-09-06,2020-12-02,['60'],Fourniture et installation d'une maison médicale en construction modulaire industrialisée - Relance,joue,directive24,attribution,initial,Commune de LASSIGNY,60310,Lassigny,"[('2020-07-28', 'Martin Calais', (435848, 'EUR'), None)]",['Bâtiments modulaires'],[27],non,non
134,20-109181,2020-09-06,2020-10-15,['61'],Achat d'objets de communication,joue,directive24,appeloffre,initial,Conseil départemental de l'Orne,61017,Alençon cedex,,['Objet publicitaire'],[464],non,non
135,20-109011,2020-09-06,2020-11-04,['62'],20s0131 aoo datm - acquisition de fournitures de bureau destinées aux services du département du pas-de-calais via un logiciel de commande en ligne - 2 lots,joue,directive24,attribution,initial,Conseil départemental du Pas-de-Calais,62018,arras cedex 9,,"['Articles de bureau et articles scolaires', 'Matériel de bureau', 'Papeterie']","[16, 207, 262]",non,non
136,20-109101,2020-09-06,2020-10-04,['62'],Fourniture de consommables et de périphériques informatiques pour toutes les composantes de l'Université.,joue,directive24,attribution,initial,Université d'Artois,62030,Arras cedex,"[('2020-07-20', 'ESI', (800000, 'EUR'), 'Fourniture de périphériques informatiques.'), ('2020-07-20', 'Acipa', (400000, 'EUR'), 'Fourniture de consommables informatiques.')]","['Consommables informatiques', 'Informatique (matériel)']","[68, 162]",non,non
137,20-109365,2020-09-06,2020-10-30,"['62', '59', '80']",Consultation relative à la souscription du contrat d'assurance PREVOYANCE dans le cadre d'une convention de participation,joue,directive24,attribution,initial,CC DU TERNOIS,62130,Saint pol sur ternoise,"[('2020-08-21', 'COLLECteam', (213420, 'EUR'), ""Consultation relative à la souscription du contrat d'assurance PREVOYANCE dans le cadre d'une convention de participation"")]",['Prestations de services'],[274],non,non
138,20-109354,2020-09-06,2020-10-30,"['62', '59', '80']",Consultation relative à la souscription d'un contrat d'assurance COMPLEMENTAIRE SANTE dans le cadre d'une convention de participation,joue,directive24,attribution,initial,CC DU TERNOIS,62130,Saint pol sur ternoise,"[('2020-08-21', 'AMELLIS MUTUELLES', (37562.76, 'EUR'), ""Consultation relative à la souscription d'un contrat d'assurance COMPLEMENTAIRE SANTE dans le cadre d'une convention de participation"")]",['Prestations de services'],[274],non,non
139,20-108916,2020-09-06,2020-10-09,['62'],"préparation et fourniture de repas en liaison chaude destinées aux publics fréquentant les temps méridiens, les activités périscolaires et les activités extra-scolaires",joue,directive24,appeloffre,initial,Ville de Carvin,62220,Carvin,,"['Repas, traiteur']",[304],non,non
140,20-109178,2020-09-06,2020-10-04,['62'],prestation de conciergerie pour le compte du ght côte d'opale,joue,directive24,attribution,initial,Centre Hospitalier de Boulogne sur Mer,62321,Boulogne sur mer,"[('2020-07-15', 'Service Personnel Atrium', (231920, 'EUR'), None)]",['Prestations de services'],[274],non,non
141,20-108953,2020-09-06,2020-11-30,['62'],réhabilitation de 229 logements / 15 immeubles à Etaples sur mer dans le 62. L'objectif : étiquette C et diminution significative de la facture énergétique (énergie et charges) du locataire.,joue,directive24,attribution,initial,HABITAT HAUTS DE FRANCE - ESH,62903,COQUELLES,"[('2020-06-04', 'CABRE', (10270000, 'EUR'), 'Conception Réalisation pour la réhabilitation de 229 logements collectifs')]","['Bâtiment', 'Chauffage (travaux)', 'Electricité (travaux)', 'Isolation', 'Menuiserie', ""Tous corps d'état""]","[33, 61, 105, 169, 222, 345]",non,non
142,20-109109,2020-09-06,2020-10-05,['63'],Achat D'Un Compacteur Pour L'Exploitation De L'Installation De Stockage De Déchets Non Dangereux (Isdnd) Du Valtom Située A Saint-Sauves D'Auvergne,joue,directive24,appeloffre,initial,VALTOM,63000,Clermont-Ferrand,,"['Maintenance', 'Prestations de services']","[196, 274]",non,non
143,20-109112,2020-09-06,2020-10-05,['63'],Achat De Tenues Professionnelles Pour Divers Services De La Ville De Clermont Ferrand,joue,directive24,appeloffre,initial,Ville de Clermont-Ferrand,63007,Clermont-Ferrand,,"['Chaussures ou articles chaussants', 'Textile']","[79, 343]",non,oui
144,20-108937,2020-09-06,2020-10-06,['65'],Travaux De Grosses Reparations Et Divers Amenagements Dans Les Batiments Pour Le Compte De La Ville De Tarbes Et Du C.C.A.S. De La Ville De Tarbes,joue,directive24,appeloffre,initial,VILLE DE TARBES,65000,Tarbes,,"['Electricité (travaux)', 'Plomberie (travaux)']","[105, 270]",non,non
145,20-108885,2020-09-06,2020-09-28,['66'],Acquisition de masques de protection dans le cadre de la lutte contre l'épidémie de Covid-19,joue,autre,rectificatif,rectificatif,COMMUNE DE PERPIGNAN,66931,Perpignan Cedex,,['Consommables médicaux'],[69],non,non
146,20-109140,2020-09-06,2020-10-12,"['67', '68']",Marché de service relatif au nettoyage des locaux de la maison de l'enfance de Marmoutier et de l'ALSH d'Otterswiller,joue,directive24,appeloffre,initial,CC DU PAYS DE SAVERNE,67700,SAVERNE,,['Nettoyage de locaux'],[239],non,oui
147,20-108843,2020-09-06,2020-10-05,"['68', '67', '88', '90', '70']",Extension et restructuration du collège Kennedy à Mulhouse.,joue,directive24,appeloffre,initial,CITIVIA SPL,68053,Mulhouse cedex 01,,"['Bâtiment', 'Cloison, faux plafond']","[33, 63]",oui,non
148,20-109334,2020-09-06,2020-10-12,['68'],"fourniture, pose et entretien de caméras de vidéoprotection pour la Commune de Lutterbach",joue,directive24,appeloffre,initial,Commune de Lutterbach,68460,LUTTERBACH,,"['Logiciel', 'Surveillance', 'Télésurveillance']","[186, 331, 415]",non,non
149,20-109038,2020-09-06,2020-09-19,['69'],"Marché de services de nettoyage des locaux, des abords extérieurs de l'Opéra National de Lyon, de ses ateliers, de la salle de répétition de l'orchestre et des locaux de la Maîtrise",joue,autre,rectificatif,rectificatif,OPERA DE LYON,69001,Lyon,,['Nettoyage de locaux'],[239],non,non
150,20-109292,2020-09-06,2020-09-20,['69'],GCS UniHA - Fourniture d'équipements biomédicaux innovants,joue,directive24,appeloffre,initial,UniHA GCS,69003,Lyon,,['Matériel médical'],[212],non,non
151,20-109262,2020-09-06,2020-10-07,['69'],Acquisition d'un logiciel de gestion de la relation client au profit du GCS UniHA,joue,directive24,appeloffre,initial,UniHA GCS,69003,Lyon,,['Informatique (prestations de services)'],[163],non,non
152,20-108647,2020-09-06,2020-10-02,"['69', '63']",Mise en place d'un point de dépistage systématique covid 19,joue,directive24,attribution,initial,Agence Régionale de Santé (ARS),69003,Lyon,"[('2020-08-13', 'DOKEVER', (80000, 'EUR'), 'Mise en place d\x92un point de dépistage systématique COVID 19')]","['Sanitaire', 'Voyage']","[319, 367]",non,non
153,20-109433,2020-09-06,2020-10-12,['69'],Diagnostics périodiques des systèmes d-assainissement de la CCPA,joue,directive24,appeloffre,initial,COMMUNAUTE COMMUNES PAYS DE L ARBRESLE,69210,L'Arbresle,,"['Assainissement', 'Etude']","[18, 118]",non,non
154,20-108894,2020-09-06,2020-10-04,['69'],Matériels et fournitures d'électricité et d'éclairage pour VetAgro Sup,joue,directive24,attribution,initial,VetAgro Sup,69280,Marcy l'Etoile,"[('2020-09-03', 'Sonepar Connect', (24000, 'EUR'), 'Fournitures électriques pour le campus agronomique'), ('2020-09-03', 'Sonepar Connect', (80000, 'EUR'), 'Fournitures électriques pour le campus vétérinaire'), ('2020-09-03', 'Sonepar Connect', (120000, 'EUR'), ""Fourniture d'éclairage pour les 2 campus"")]",['Matériel électrique'],[203],non,non
155,20-108333,2020-09-06,2020-10-02,['69'],"zac bron parilly, missions de maîtrise d'oeuvre urbaine, de maîtrise d'oeuvre d'espaces publics et d'infrastructures (rectificatif)",joue,autre,rectificatif,rectificatif,Métropole de Lyon,69505,Lyon,,"[""Maîtrise d'oeuvre"", ""Mission d'ordonnancement, pilotage, coordination (OPC)"", ""Ouvrage d'infrastructure""]","[197, 234, 253]",non,non
156,20-109118,2020-09-06,2020-10-04,['69'],Prestations d'assurances: dommages aux biens,joue,directive24,attribution,initial,Cerema,69674,Bron,,['Assurance'],[20],non,non
157,20-109058,2020-09-06,2020-10-09,['70'],Fourniture et acheminement d'électricité pour les sites de la Communauté de Communes du Pays Riolais et prestations de services associés,joue,directive24,appeloffre,initial,Communaute de Communes du Pays Riolais,70190,Rioz,,"['Electricité, gaz (fourniture)']",[443],non,non
158,20-109032,2020-09-06,2020-10-03,['71'],"Fourniture de dispositifs médicaux, objets de pansements et de soins, drapage et habillage stériles",joue,directive24,attribution,initial,CENTRE HOSPITALIER DE MACON,71018,Macon cedex,,['Consommables médicaux'],[69],non,oui
159,20-106773,2020-09-06,2020-10-05,['71'],Location/maintenance de photocopieurs multifonctions et d'un logiciel d'infogérance pour compte du groupement territorial saone et loire bresse morvan,joue,directive24,appeloffre,initial,Centre Hospitalier Chalon sur Saône,71100,Chalon sur Saone,,['Matériel de bureau'],[207],non,non
160,20-108887,2020-09-06,2020-12-02,['73'],Missions d'expertises juridiques sur les activités de pleine nature dans le cadre du programme Interreg V-A France Italie Alcotra 2014-2020 Explor Lab,joue,directive24,attribution,initial,DEPARTEMENT DE LA SAVOIE,73018,Chambery,"[('2020-08-31', 'Selarl Cdes Conseil', (16800, 'EUR'), None)]",['Assistance juridique'],[434],non,non
161,20-109423,2020-09-06,2020-10-08,['73'],"Maintenance des installations de Vmc et hottes, des installations de chauffage, de production Ecs, des installations de planchers chauffants électriques, des installations de clima",joue,directive24,appeloffre,initial,COMMUNE DE COURCHEVEL,73120,Courchevel,,"['Chauffage (exploitation, entretien)', 'Maintenance']","[59, 196]",non,non
162,20-109224,2020-09-06,2020-10-06,['73'],Location et maintenance de systèmes d'impressions et de copie,joue,directive24,appeloffre,initial,Communauté d'Agglomération ARLYSERE,73207,Albertville Cedex,,['Impression'],[160],non,non
163,20-109421,2020-09-06,2020-10-07,['74'],"Acquisition et mise en oeuvre de modules, et compléments d'intégration basés sur l'environnement Cap Démat",joue,directive24,appeloffre,initial,Département de la Haute-Savoie,74041,Annecy,,['Informatique (prestations de services)'],[163],non,non
164,20-108907,2020-09-06,2020-11-10,['74'],Fournitures scolaires,joue,directive24,attribution,initial,Commune de Thonon-les-Bains,74203,Thonon les bains cedex,"[('2020-08-27', 'Papeteries Pichon SAS', (350000, 'EUR'), 'Fournitures scolaires et de loisirs récréatifs')]",['Articles de bureau et articles scolaires'],[16],non,non
165,20-109166,2020-09-06,2020-10-08,"['74', '1', '38', '3', '63', '7']",Accord-cadre relatif à la fourniture de carburant par cartes accréditives pour les Caisses d'allocations familiales de la région Rhône-Alpes / Auvergne dans le cadre d'un groupement de comma,joue,directive24,appeloffre,initial,CAF de Haute-Savoie,74987,Annecy cedex 9,,"['Carte magnétique, carte à puce']",[403],non,non
166,20-108962,2020-09-06,2020-11-30,"['75', '92', '93', '94', '78']","Missions d'Etude générales, d'Assistance à maîtrise d'ouvrage et de Maîtrise d'oeuvre dans les domaines de compétence du Syctom",joue,directive24,appeloffre,initial,Syctom,75001,Paris,,"[""Maîtrise d'oeuvre"", ""Assistance à maîtrise d'ouvrage""]","[197, 433]",non,non
167,20-109182,2020-09-06,2020-10-14,"['75', '92', '93', '94', '95', '91']",ACCORD-CADRE A BONS DE COMMANDE DE PRESTATIONS DE LOCALISATION D'OUVRAGES ENTERRES,joue,directive25,appeloffre,initial,Syndicat des Eaux d'Ile-de-France,75006,PARIS,,"['Alimentation en eau potable', 'Sondage (travaux)']","[6, 478]",non,oui
168,20-109345,2020-09-06,2020-11-10,['75'],"Fourniture d'habillement (vêtements, accessoires et chaussures de ville) pour des agents du ministère de l'Europe et des Affaires étrangères",joue,directive24,attribution,initial,Ministère des Affaires étrangères,75007,Paris,"[('2020-08-14', 'ERICK H', (33000, 'EUR'), ""Vêtements sur mesure et demi-mesure et accessoires coordonnés pour les huissiers et personnels assimilés de l'Hôtel du Ministre à Paris""), ('2020-08-14', 'ERICK H', (263000, 'EUR'), 'Vêtements, accessoires en "" prêt-à-porter "" pour les huissiers de l\'Hôtel du Ministre, les huissiers, les personnels assimilés, les conducteurs et les personnels techniques (...) en Ile de France'), ('2020-08-14', 'Erick H', (78000, 'EUR'), ""Chaussures de ville pour les huissiers et personnels assimilés de l'Hôtel du Ministre, les huissiers, les conducteurs et les personnels techniques dont le lieu de travail est situé en Ile de France"")]","['Chaussures ou articles chaussants', 'Habillement']","[79, 150]",non,non
169,20-109245,2020-09-06,2020-10-30,"['75', '78', '92', '91', '93', '94', '77']",Marché d'infogérance du Système d'Information de la CAVEC et d'une mission d'accompagnement en sécurité informatique,joue,directive24,appeloffre,initial,CAVEC,75007,Paris,,"['Informatique (prestations de services)', 'Prestations de services']","[163, 274]",non,non
170,20-109318,2020-09-06,2020-09-15,['75'],Prestations de sous-titrage des vidéos pour les réseaux sociaux de la présidence de la République,joue,autre,rectificatif,rectificatif,Présidence de la République,75008,Paris,,['Audiovisuel'],[22],non,non
171,20-109191,2020-09-06,2020-10-10,['75'],Accord cadre de travaux de déconstruction et de réemploi des bâtiments et ouvrages de la ZAC du Cluster des Médias,joue,directive24,attribution,initial,SOC DE LIVRAISON OUVRAGES OLYMPIQUES,75009,Paris,,['Démolition'],[87],non,non
172,20-109076,2020-09-06,2020-10-06,['75'],Maintenance préventive et curative des fontaines ornementales de la Ville de Paris en 3 lots séparés,joue,autre,rectificatif,rectificatif,Ville de Paris,75013,Paris,,['Fontainerie'],[131],non,non
173,20-108977,2020-09-06,2020-10-06,['75'],"AC à BC multi-attributaires en 2 lots, travaux de création, rénovation, entretien et Voirie Réseaux Divers pour les sols sportifs extérieurs et espaces publics viaires de la Ville de Paris.",joue,directive24,appeloffre,initial,Ville de Paris,75013,Paris,,"['Equipement sportif', 'Voirie et réseaux divers']","[113, 366]",non,non
174,20-108960,2020-09-06,2020-10-06,['75'],2000474 : Accord-cadre à bons de commande pour l'exploitation du réseau de proximité de la Ville de Paris,joue,autre,rectificatif,rectificatif,Ville de Paris,75013,PARIS,,['Informatique (maintenance serveurs et réseaux)'],[454],non,non
175,20-108856,2020-09-06,2020-09-12,"['75', '60', '77', '78', '91', '92', '93', '94', '95']",Accord Cadre de Services pour des Prestations de Management de Société,joue,directive24,appeloffre,initial,SAS ParisNordEst,75019,Paris,,['Prestations de services'],[274],non,non
176,20-109105,2020-09-06,2020-10-12,"['75', '77', '78', '91', '92', '93', '94', '95']","Prestations de location de salles de concours et d'examens et de surveillance avant, pendant et après les épreuves",joue,directive24,appeloffre,initial,Cour d'appel de Paris - SAR,75055,Paris cedex 01,,"['Prestations de services', 'Formation']","[274, 410]",non,non
177,20-109413,2020-09-06,2020-10-13,['75'],Acquisition par le Laboratoire central de la Préfecture de police d'une chaîne analytique destinée à l'identification et le dosage d'explosifs organiques et de produits inconnus,joue,autre,rectificatif,rectificatif,Préfecture de Police,75195,Paris,,['Laboratoire (matériel)'],[188],non,non
178,20-109190,2020-09-06,2020-12-31,"['75', '92', '91', '93', '94', '95', '77', '78']","Le marché a pour objet la conception, l'impression et le routage de divers supports destinés à informer nos affiliés.",joue,directive24,appeloffre,initial,CARCDSF,75381,Paris cedex 08,,['Impression'],[160],non,non
179,20-109057,2020-09-06,2020-10-15,['75'],DESIGNATION D'UN COMMISSAIRE AUX COMPTES ET DE SON SUPPLEANT POUR LES EXERCICES 2020 A 2025,joue,directive24,attribution,initial,CRPCEN,75395,Paris cedex 08,"[('2020-08-25', 'Kpmg', (286366.0, 'EUR'), ""Désignation d'un commissaire aux comptes et de son suppléant pour la CRPCEN"")]","['Audit', 'Prestations de services']","[21, 274]",non,oui
180,20-109229,2020-09-06,2020-12-02,"['75', '13', '69', '31', '6', '44', '34', '67', '33']",Réalisation par le BNAE d'activités liées à la normalisation au profit du ministère des Armées pour la période 2020-2022,joue,autre,rectificatif,rectificatif,MINDEF/SGA/SPAC/S-Direction des achats,75509,Paris Cedex 15,,['Informatique (prestations de services)'],[163],non,oui
181,20-108927,2020-09-06,2020-10-04,['75'],Fourniture de logiciels pour le compte du CNFPT,joue,directive24,appeloffre,initial,CNFPT,75578,Paris cedex 12,,['Logiciel'],[186],non,non
182,20-109100,2020-09-06,2020-10-21,"['75', '78']","Fourniture, mise en oeuvre et maintenance d'une solution de gestion du financement de l'apprentissage",joue,directive24,appeloffre,initial,CNFPT,75578,Paris cedex 12,,['Logiciel'],[186],non,non
183,20-109066,2020-09-06,2020-09-18,['75'],audit et expertise comptable dans le domaine de l'exploitation de salles de cinéma et de la distribution de films en salles de cinéma et prestations associées (rectificatif),joue,autre,rectificatif,rectificatif,Centre national du cinéma,75675,Paris cedex 14,,['Expertise comptable'],[446],non,non
184,20-108901,2020-09-06,2020-10-12,"['75', '92', '91', '78']",Accord-cadre relatif à la tierce maintenance applicative (TMA) de la Direction du numérique,joue,autre,rectificatif,rectificatif,Ministère de l'Interieur DSIC/SDAGA/BA,75800,Paris cedex 08,,['Informatique (prestations de services)'],[163],non,non
185,20-109424,2020-09-06,2020-09-14,['76'],Marché de prestations de service d'insertion socio-professionnelle support : nettoiement et entretien d'espaces publics de la Ville de Rouen,joue,autre,rectificatif,rectificatif,COMMUNE DE ROUEN,76037,Rouen Cedex,,['Nettoyage urbain'],[240],oui,non
186,20-108997,2020-09-06,2020-10-15,['76'],Marché de maitrise d'oeuvre en vue de la réhabilitation énergétique de différents groupes collectifs de Seine-Maritime en 2022,joue,directive24,appeloffre,initial,HABITAT 76,76040,Rouen,,"[""Maîtrise d'oeuvre""]",[197],non,non
187,20-109197,2020-09-06,2020-10-07,['76'],CONTROLE EXTERIEUR ET ASSISTANCE TECHNIQUE,joue,directive24,appeloffre,initial,GPMH au Havre,76067,Le havre cedex,,['Assistance technique'],[19],non,non
188,20-109418,2020-09-06,2020-10-09,['76'],Prestations d'entretien courant et de remise en état par entreprise - Lot 1: Plateforme du tramway/ Lot 2: Abords du stade Océane/ Lot 3: Centres de recyclage/ Lot 4: Fourrière ani,joue,directive24,appeloffre,initial,LE HAVRE SEINE METROPOLE,76085,Le Havre,,['Espaces verts'],[116],non,non
189,20-108884,2020-09-06,2020-09-15,['76'],Prestations d'assistance et d'expertise informatique,joue,autre,rectificatif,rectificatif,LE HAVRE SEINE METROPOLE,76085,Le Havre,,['Informatique (prestations de services)'],[163],non,non
190,20-109210,2020-09-06,2020-10-06,['76'],Fourniture de papiers et d'enveloppes pour le service commun de la Métropole Rouen Normandie et de la Ville de Rouen,joue,directive24,appeloffre,initial,METROPOLE ROUEN NORMANDIE,76176,Rouen,,"['Matériel de bureau', 'Papeterie']","[207, 262]",non,oui
191,20-109395,2020-09-06,2020-10-06,"['76', '27']",SYSTEMES DE REPROGRAPHIE ET IMPRESSION,joue,directive24,appeloffre,initial,Ville de Sotteville-lès-Rouen,76301,Sotteville lès rouen cedex,,"['Impression', 'Reprographie']","[160, 305]",non,non
192,20-107988,2020-09-06,2020-12-11,['76'],"accord-cadre mono attributaire et marché public pour des prestations d'entretien des ouvrages et équipements de serrurerie, de métallerie, de quincaillerie et de clôture de la ville et du ccas de port",joue,directive24,appeloffre,initial,groupement de commande ville et CCAS,76330,Port-Jérôme-sur-Seine,,"['Métallerie', 'Serrurerie']","[223, 321]",non,oui
193,20-108848,2020-09-06,2020-12-07,['77'],20035 Gestion de la gare routière de Chelles,joue,directive24,appeloffre,initial,PARIS VALLEE DE LA MARNE,77207,Marne-la-vallée cedex,,['Prestations de services'],[274],non,non
194,20-109075,2020-09-06,2020-10-08,"['77', '91', '93', '94']","Mise A Disposition De Matériel, Transports Et Elimination Des Dechets Du Centre Technique Municipal",joue,directive24,appeloffre,initial,COMMUNE DE ROISSY EN BRIE,77680,Roissy En Brie,,"['Benne', 'Conteneur, poubelles']","[34, 71]",non,non
195,20-108861,2020-09-06,2020-10-09,"['78', '75', '92', '93']",Gestion et exploitation du parc relais Michel Péricard à Saint-Germain-en-Laye,joue,directive24,attribution,initial,COMMUNE DE SAINT GERMAIN EN LAYE,78100,Saint germain en laye,"[('2020-08-10', 'INDIGO PARK', (552992.82, 'EUR'), 'Gestion et exploitation du parc relais Michel Péricard à Saint-Germain-en-Laye')]",['Maintenance'],[196],non,non
196,20-109404,2020-09-06,2020-10-15,['78'],"Entretien, maintenance et réparations des onduleurs, chargeurs et batteries de condensateurs des établissements hospitaliers du GHT Yvelines Nord",joue,directive24,appeloffre,initial,CH INTERCOMMUNAL DE POISSY ST GERMAIN,78100,Saint-germain-en-laye,,"['Prestations de services', 'Onduleur']","[274, 465]",non,non
197,20-109358,2020-09-06,2020-10-10,"['78', '75', '77', '95', '92', '93', '94', '28', '27']",Fourniture de repas fabriqués sur place aux résidents et au personnel de l'hôpital gérontologique de Chevreuse,joue,directive24,appeloffre,initial,CENTRE HOSPITALIER DE VERSAILLES,78150,Le chesnay-rocquencourt,,"['Restauration collective', 'Prestation hotelière']","[66, 466]",non,non
198,20-109355,2020-09-06,2020-10-15,['78'],Fourniture de composteurs individuels et résidentiels partagés ainsi que de stations de compostage de quartier,joue,directive24,appeloffre,initial,Saint-quentin-en-yvelines,78192,Trappes,,['Composteur'],[439],non,oui
199,20-109196,2020-09-06,2020-09-15,['78'],exploitation des installations thermiques des bâtiments communaux de la ville du pecq (rectificatif),joue,autre,rectificatif,rectificatif,Ville du Pecq,78230,Le Pecq,,"['Chauffage (exploitation, entretien)']",[59],non,non
200,20-108903,2020-09-06,2020-11-03,['78'],Achat d'un système d'imagerie in vivo de bioluminescence,joue,directive24,attribution,initial,Centre(s) INRA d'IDF ou des HdF,78352,Jouy-en-Josas Cedex,"[('2020-07-24', 'Perkinelmer sas', (271076.68, 'EUR'), ""Achat d'un système d'imagerie in vivo de bioluminescence"")]",['Matériel médical'],[212],non,non
201,20-108869,2020-09-06,2020-11-01,['78'],TRAVAUX D'ENTRETIEN ET DE CRÉATION DES PARCS ET JARDINS,joue,directive24,attribution,initial,Commune de Chatou,78400,Chatou,"[('2020-02-28', 'ID VERDE', (353971, 'EUR'), ""Travaux d'entretien et de création des parcs et jardins"")]",['Espaces verts'],[116],non,non
202,20-108138,2020-09-06,2020-10-05,['81'],"animation des sites natura 2000 du tarn, années 2020 à 2023",joue,directive24,attribution,initial,DDT 81,81013,ALBI,,"['Etude', 'Prestations de services', 'Ingénierie']","[118, 274, 455]",non,non
203,20-109385,2020-09-06,2020-09-28,['81'],Appel à projet pour l'implantation d'ombrières photovoltaiques sur cap decouverte,joue,directive24,appeloffre,initial,S.M.A.D.,81450,Le Garric,,['Photovoltaïque'],[476],oui,oui
204,20-109375,2020-09-06,2020-10-21,['83'],Appel d'offres en vue des prestations de nettoyage des piscines Léo Lagrange et Pins d'Alep en 2 lots,joue,directive24,appeloffre,initial,COMMUNE DE TOULON,83056,Toulon,,['Nettoyage de locaux'],[239],non,non
205,20-109213,2020-09-06,2020-10-05,['83'],Prestations D'Etudes D'Urbanisme,joue,directive24,appeloffre,initial,Ville de Ramatuelle,83350,Ramatuelle,,['Assistance technique'],[19],non,non
206,20-109137,2020-09-06,2020-10-07,['83'],Infrastructures Et Systemes Numeriques - Acquisition Matériels Informatiques - Accord - cadre à bons de commande,joue,directive24,appeloffre,initial,Commune d'Hyères-les-Palmiers,83412,Hyères,,['Informatique (matériel)'],[162],non,non
207,20-109446,2020-09-06,2020-09-24,['84'],un marché de travaux pour l'aménagement du laboratoire de pharm-ecologie cardiovasculaire (ea 4278) sur le site de l'inra en avignon.,fns,cmp2006,appeloffre,initial,Avignon université,84029,AVIGNON cedex 1,,"['Menuiserie', 'Mobilier', 'Occultation']","[222, 230, 414]",non,non
208,20-109001,2020-09-06,2020-10-12,['87'],"Fourniture de cercueils, d'ornements et de capitons",joue,directive24,appeloffre,initial,COMMUNE DE LIMOGES,87031,Limoges Cedex 1,,['Cercueils'],[55],non,non
209,20-109332,2020-09-06,2020-10-30,"['90', '25', '67', '68']",Désamiantage et démolition des bâtiments J et 1 - ZAC de l'Hôpital à Belfort (90) - phase 3,joue,directive24,attribution,initial,SODEB,90400,Meroux moval,,"['Bâtiment', 'Démolition']","[33, 87]",non,non
210,20-109391,2020-09-06,2020-10-13,['91'],NETTOYAGE DES LOCAUX,joue,directive24,appeloffre,initial,Télécom SudParis / Ecole de Management,91011,Evry Courcouronnes cedex,,['Prestations de services'],[274],non,oui
211,20-109161,2020-09-06,2020-10-19,['91'],prestations de service de curage périodique et interventions d'urgence sur des ouvrages d'assainissement,joue,directive24,appeloffre,initial,Syndicat de l'Orge (SYORP),91172,Viry-Châtilllon,,"['Assainissement', 'Curage']","[18, 78]",non,non
212,20-108986,2020-09-06,2020-10-09,['91'],"Fourniture et livraison des denrées alimentaires pour la confection de repas destinés aux enfants des écoles, accueils de loisirs, crèche parentale, adultes",joue,directive24,appeloffre,initial,Ville de Longpont-sur-Orge,91310,Longpont sur orge,,['Denrées alimentaires'],[88],non,non
213,20-109050,2020-09-06,2020-11-14,['92'],Accord-cadre de missions de coordination SPS relative aux travaux sur le réseau d'assainissement départemental et aux travaux sur les berges de Seine et espaces publics attenants,joue,autre,rectificatif,rectificatif,Cons. Départ. des Hauts-de-Seine,92000,Nanterre,,['Ingénierie'],[455],non,non
214,20-109403,2020-09-06,2020-09-26,['92'],"Prestations d'entretien, de contrôle de la sécurité, de création et de rénovation des aires de jeux",joue,directive24,appeloffre,initial,GRAND PARIS SEINE OUEST,92197,Meudon,,['Aire de jeux'],[400],oui,oui
215,20-109341,2020-09-06,2020-11-04,"['92', '75']","Entretien et maintenance des jeux pour enfants constitués d'éléments modulaires en acier dans les écoles, haltes garderies et crèches de la Ville de Neuilly-sur-Seine",joue,directive24,attribution,initial,Ville de Neuilly-sur-Seine,92200,Neuilly-sur-seine,"[('2020-07-20', 'FORECO', (750048, 'EUR'), 'Entretien Maintenance jeux pour enfants')]",['Prestations de services'],[274],non,non
216,20-108999,2020-09-06,2020-10-06,['92'],"Missions de maîtrise d'oeuvre pour l'aménagement de la voirie, des espaces verts, de l'éclairage public, des réseaux souterrains et des flux de circulation de la ville de Levallois",joue,directive24,appeloffre,initial,Ville de Levallois,92300,Levallois,,"[""Maîtrise d'oeuvre""]",[197],non,non
217,20-109099,2020-09-06,2020-11-04,"['92', '78']","Entretien des installations d'EP, de SLT, des contrôleurs de carrefours, bornes et barrières et prestations d'études associées pour la Ville de Neuilly-sur-Seine",joue,directive24,attribution,initial,Ville de Neuilly-sur-Seine,92522,Neuilly-sur-seine,,['Eclairage public'],[102],non,non
218,20-109102,2020-09-06,2020-11-04,['92'],Prestation de relevés topographiques des voies de la ville de Neuilly-sur-Seine,joue,directive24,attribution,initial,Ville de Neuilly-sur-Seine,92522,Neuilly-sur-seine,"[('2020-08-25', 'GEOSAT', (210000, 'EUR'), 'Prestation de relevés topographiques des voies de la ville de Neuilly-sur-Seine')]",['Topographie'],[344],non,non
219,20-109384,2020-09-06,2020-10-06,['93'],"Reconnaissance des sols, contrôles extérieurs et expertises",joue,directive24,appeloffre,initial,DEPARTEMENT DE LA SEINE SAINT DENIS,93000,Bobigny,,['Ingénierie'],[455],non,non
220,20-109107,2020-09-06,2020-10-10,['93'],"Impression, stockage et livraison à la demande de l'imprimé en liasses autocopiantes - 1 référence S 3501 E (Protocole de soins).",joue,directive24,appeloffre,initial,UCANSS,93100,Montreuil,,['Imprimés'],[161],oui,oui
221,20-109353,2020-09-06,2020-11-05,['75'],Mission de travaux de reconnaissance et de localisation de réseaux concessionnaires et ouvrages enterrés dans le cadre de la réalisation de la ligne 15 Ouest du Grand Paris Express,joue,directive25,appeloffre,initial,Société du Grand Paris,93212,Saint-Denis cedex,,['Sondage (travaux)'],[478],non,non
222,20-109348,2020-09-06,2020-11-04,['93'],MISE EN PLACE ET GESTION D'UN SERVEUR VOCAL INTERACTIF ET D'UNE PLATEFORME DE TELECONSEILLERS POUR L'AGENCE DE LA BIOMEDECINE,joue,directive24,attribution,initial,AGENCE DE LA BIOMEDECINE,93212,Saint-denis,,['Télécommunications'],[338],non,non
223,20-109144,2020-09-06,2020-11-10,"['93', '75', '91', '92', '94', '95']",Marché des Contrôles Extérieurs Techniques (CEXT TECH) dans le cadre de la réalisation des travaux de la ligne 18 du Grand Paris Express (GPE).,joue,directive25,attribution,initial,Société du Grand Paris,93212,La plaine saint denis cedex,,"['Contrôle technique', 'Topographie']","[72, 344]",non,non
224,20-109363,2020-09-06,2020-10-04,['93'],TIERCE MAINTENANCE APPLICATIVE DU SYSTEME D'INFORMATION DU REGISTRE INTERNATIONAL EUROCORD DE L'AGENCE DE LA BIOMEDECINE,joue,directive24,attribution,initial,AGENCE DE LA BIOMEDECINE,93212,Saint-denis,"[('2020-07-29', 'Jouve', (283333.33, 'EUR'), 'TMA Eurocord')]",['Informatique (prestations de services)'],[163],non,non
225,20-109406,2020-09-06,2020-10-09,"['93', '75']",Fournitures en denrées alimentaires pour les activités de restauration de la ville de Romainville.,joue,directive24,attribution,initial,Ville de Romainville,93231,Romainville cedex,,['Denrées alimentaires'],[88],non,oui
226,20-108906,2020-09-06,2020-11-01,"['93', '75']",Fournitures industrielles,joue,directive24,appeloffre,initial,Ville de Drancy,93700,Drancy,,"['Abris', 'Eclairage public', 'Menuiserie', 'Quincaillerie (articles)']","[1, 102, 222, 291]",non,non
227,20-109198,2020-09-06,2020-10-15,"['94', '75', '77', '93']","Fourniture, livraison et mise en service d'un système d'imagerie sur cellules vivantes",joue,directive24,appeloffre,initial,Université Paris-Est Créteil,94010,Créteil cedex,,['Laboratoire (matériel)'],[188],non,non
228,20-108942,2020-09-06,2020-10-01,['94'],"AMO ECONOMIE DE LA CONSTRUCTION, MAITRISE DU COUT GLOBAL ET ASSISTANCE TECHNIQUE SUR L'ENSEMBLE DES PRESTATIONS DE TRAVAUX DU PROJET DE RECONSTRUCTION DU COLLEGE SAINT EXUPERY A ORMESSON",joue,directive24,appeloffre,initial,Département du Val de Marne,94054,Créteil cedex,,"[""Assistance à maîtrise d'ouvrage""]",[433],oui,non
229,20-108891,2020-09-06,2020-10-05,['94'],Nettoiement des voies et espaces publics de la commune de Villiers-sur-Marne,joue,directive24,appeloffre,initial,Ville de Villiers-sur-Marne,94350,Villiers-sur-marne,,"['Abris', 'Nettoyage urbain']","[1, 240]",non,non
230,20-109287,2020-09-06,2020-11-09,['94'],Réalisation de retour d'expérience (RETEX),joue,directive24,attribution,initial,Santé publique France,94415,Saint maurice cedex,,['Etude'],[118],non,non
231,20-108956,2020-09-06,2020-10-15,['94'],LOCATION DE CARS AVEC CHAUFFEURS POUR LE TRANSPORT D'ENFANTS LORS DES SORTIES ET EXCURSIONS EN CENTRES DE VACANCES ET POUR LES ACTIVITES DES SERVICES MUNICIPAUX,joue,directive24,appeloffre,initial,Ville de Choisy le Roi,94607,Choisy le roi,,['Véhicules (location)'],[474],non,non
232,20-109270,2020-09-06,2020-09-21,"['94', '75', '91', '92']",FOURNITURE DE CARBURANTS PAR CARTES ACCRÉDITIVES ET DE PRESTATIONS ASSOCIÉES,joue,autre,rectificatif,rectificatif,COMMUNE DE VILLEJUIF,94807,Villejuif cedex,,"['Carburant, hydrocarbure']",[52],non,non
233,20-109343,2020-09-06,2020-10-19,['95'],Maintien en condition opérationnelle et autres prestations liées aux autocommutateurs du service départemental d'incendie et de secours du Val d'Oise,joue,directive24,appeloffre,initial,SDIS 95 Val d'Oise,95000,Neuville sur oise,,['Autocommutateur'],[23],non,non
234,20-108947,2020-09-06,2020-10-12,['95'],Marché d'assurances IARD de l'île de loisirs de Cergy-Pontoise comprenant 6 lots,joue,directive24,appeloffre,initial,SMEAG de la BPAI de Cergy-Pontoise,95001,Cergy-Pontoise Cedex,,['Assurance'],[20],non,non
235,20-44499,2020-09-06,2020-10-09,['95'],"fourniture de matériel scolaire, éducatif et pédagogique",joue,directive24,appeloffre,initial,Ville de Montmorency,95162,Montmorency cedex,,['Articles de bureau et articles scolaires'],[16],non,non
236,20-43300,2020-09-06,2020-10-09,['95'],transport en autocar pour les services de la ville de montmorency,joue,directive24,appeloffre,initial,Ville de Montmorency,95162,Montmorency Cedex,,['Transport'],[347],non,non
237,20-109049,2020-09-06,2020-10-03,['95'],Missions d'études géotechniques et de sondage de sol pour les travaux relatifs aux bâtiments communaux de la Ville (relance d'un lot infructueux),joue,directive24,attribution,initial,Ville de Sarcelles,95200,sarcelles,"[('2020-08-20', 'ESIRIS', (320630, 'EUR'), ""Missions d'études géotechniques et de sondage de sols pour les travaux relatifs aux bâtiments relatifs aux bâtiments communaux de la Ville (relance d'un lot infructueux)"")]","['Bâtiment', 'Etude']","[33, 118]",non,non
238,20-108898,2020-09-06,2020-10-05,['95'],AOO - Nettoiement de la voirie et des espaces publics sur une partie du territoire de la Ville de Sarcelles,joue,directive24,appeloffre,initial,Ville de Sarcelles,95200,SARCELLES,,"['Nettoyage urbain', 'Voirie']","[240, 365]",non,non
239,20-109053,2020-09-06,2020-10-03,['95'],Services internet et d'interconnexion pour les différents sites de la Mairie de Sarcelles,joue,directive24,attribution,initial,Ville de Sarcelles,95200,sarcelles,"[('2020-08-20', 'orange sa', (298272, 'EUR'), ""Services internet et d'interconnexion pour les différents sites de la Mairie de Sarcelles"")]","['Site internet', 'Réseaux divers', 'Informatique (maintenance serveurs et réseaux)']","[171, 306, 454]",non,non
240,20-109062,2020-09-06,2020-10-03,['95'],"Mission d'assistance à maîtrise d'ouvrage pour des prestations d'ordonnancement, pilotage, coordination urbaine du NPRU de la ville de Sarcelles",joue,directive24,attribution,initial,Ville de Sarcelles,95200,sarcelles,"[('2020-08-20', 'PERSPECTIVES URBAINES ET SOCIALES', (236029, 'EUR'), ""Mission d'assistance à maîtrise d'ouvrage pour des prestations d'ordonnancement, pilotage, coordination urbaine du NPRU de la ville de Sarcelles"")]",['Etude'],[118],non,non
241,20-105602,2020-09-06,2020-09-14,['972'],relance - reperage d'amiante avant travaux ou avant demolition sur l'ensemble des batiments de la collectivite territoriale de martinique - lot 2,joue,directive24,attribution,initial,COLLECTIVITE TERRITORIALE MARTINIQUE,97200,FORT-DEFRANCE,"[('2020-08-10', 'ANTILLES CONSEILS TECHNIQUES ET EXPERTISES', (31380, 'EUR'), None)]",['Amiante (diagnostic)'],[431],non,non
242,20-109127,2020-09-06,2020-11-30,['972'],ACCORD CADRE RELATIF A LA FOURNITURE DE PIÈCES DÉTACHÉES POUR LES VÉHICULES EXPLOITES PAR LA RTM,joue,directive24,appeloffre,initial,Régie des Transports de Martinique,97201,Fort de France,,['Transport'],[347],non,non
243,20-109324,2020-09-06,2020-11-04,['972'],Nettoyage des écoles de la commune de sainte marie,joue,directive24,attribution,initial,Commune de Sainte Marie,97230,Sainte Marie,"[('2020-08-24', 'CLEAN BUILDING', (830780.55, 'EUR'), 'Nettoyage des écoles de la Commune de Sainte Marie')]",['Nettoyage de locaux'],[239],oui,oui
244,20-108822,2020-09-06,2020-10-31,['972'],fourniture et livraison de béton prêt à l'emploi,joue,directive24,appeloffre,initial,Ville du Lamentin,97232,Le Lamentin Martinique,,['Matériaux de construction'],[198],non,non
245,20-109255,2020-09-06,2020-12-31,['973'],"Prestations de contract management dans les domaines des infrastructures, des transports et de la mobilité",joue,autre,rectificatif,rectificatif,DEAL de Guyane,97306,Cayenne,,['Ingénierie'],[455],non,non
246,20-109249,2020-09-06,2020-10-04,['973'],Marché de travaux de bâtiment et de VRD pour la construction de 75 logements LE COURBARY,joue,autre,rectificatif,rectificatif,SEMSAMAR (973),97351,Matoury,,"['Charpente', 'Electricité (travaux)', 'Gros oeuvre', 'Menuiserie', 'Serrurerie']","[57, 105, 144, 222, 321]",non,non
247,20-109136,2020-09-06,2020-10-08,['974'],Accords-cadres de fourniture de produits routiers pour l'entretien des Routes Départementales,joue,directive24,appeloffre,initial,Département de la Réunion,97400,Saint-Denis,,"['Matériaux routiers', 'Quincaillerie (articles)']","[199, 291]",non,non
248,20-108828,2020-09-06,2020-09-17,['974'],prestations de nettoyage des locaux et des vitreries des sites exterieurs du rectorat de l'academie de la reunion,joue,directive24,attribution,initial,Rectorat de La Réunion,97400,Saint-Denis,,"['Nettoyage de locaux', 'Vitrerie']","[239, 363]",non,non
249,20-107818,2020-09-06,2020-10-07,['974'],logistique des manifestations publiques,joue,directive24,appeloffre,initial,Ville de Saint-Pierre,97410,Saint-Pierre,,"['Audiovisuel', 'Equipements spécialisés', 'Matériel scénique', 'Sonorisation', 'Tente']","[22, 115, 216, 324, 473]",non,non
250,20-108623,2020-09-06,2020-10-05,['974'],relance de la mission de maitrise d'OEuvre relative aux travaux d assainissement des eaux pluviales de la ravine du pont et des travaux de requalification de la rd31 de la commune de petite ile,joue,directive24,appeloffre,initial,SPLA Maraïna,97460,Saint Paul,,"[""Maîtrise d'oeuvre""]",[197],non,non
251,20-109114,2020-09-06,2020-10-06,['974'],Entretien Des Reseaux D'Assainissement Prives De La Ville De Saint-Denis,joue,directive24,appeloffre,initial,Commune de Saint-Denis de la Réunion,97490,Saint-Denis,,['Assainissement'],[18],non,non
252,20-109110,2020-09-06,2020-10-05,['974'],"Travaux d'alimentation électrique pour les manifestations culturelles, sportives, commerciales, foraines organisées par la Ville de Saint-Denis",joue,directive24,appeloffre,initial,Commune de Saint-Denis de la Réunion,97490,Saint-Denis,,"['Electricité, gaz (fourniture)']",[443],non,non
253,20-106489,2020-09-06,2020-10-16,['10'],location et maintenance de 40 photocopieurs neufs pour les écoles élémentaires et maternelles de la ville de troyes,joue,directive24,intentionconclure,initial,MAIRIE DE TROYES,,Troyes,"[('2020-09-04', 'Accès Bueautique', (103400.2, 'EUR'), 'Location et maintenance de 40 photocopeiurs neufs pour les écoles élémentaires et maternelles de la ville de Troyes')]","['Informatique (matériel)', 'Informatique (prestations de services)']","[162, 163]",non,non
254,20-108580,2020-09-06,2020-10-08,['22'],"fourniture de carburants, de gnr et ad-blue à la pompe ou en vrac",joue,directive24,appeloffre,initial,Guingamp-Paimpol Agglomération,,GUINGAMP,,"['Carburant, hydrocarbure']",[52],non,non
255,20-108607,2020-09-06,2020-10-06,['22'],fourniture et livraison de masques à usage unique,joue,directive24,appeloffre,initial,Département des Côtes d'Armor,,Saint Brieuc,,"['Hygiène (articles)', 'Non-tissés']","[153, 241]",non,non
256,20-108830,2020-09-06,2020-11-04,"['59', '62']",mission de maîtrise d'oeuvre de travaux d'aménagement des abords de la passerelle piétons-cycles d'auby,joue,directive24,attribution,initial,Ville d'Auby,,AUBY,,"[""Maîtrise d'oeuvre""]",[197],non,non
257,20-108845,2020-09-06,2020-10-04,['92'],"marché d'assistance à maîtrise d'ouvrage pour le suivi des prestations d'exploitation, de maintenance et de travaux des équipements de génie climatique des résidences de l'oph seine ouest habitat",joue,directive24,attribution,initial,OPH Seine Ouest Habitat,,Issy-les-Moulineaux,"[('2020-09-03', 'ENERGIO', (42000, 'EUR'), None)]","[""Assistance à maîtrise d'ouvrage""]",[433],non,non
258,20-109320,2020-09-06,2020-11-03,"['75', '60', '95', '77', '76']","marché de maîtrise d'oeuvre pour la phase 1 des travaux de restauration, aménagement et mise en conformité du domaine de chaalis",joue,directive24,attribution,initial,Institut de France,,Paris,,"[""Maîtrise d'oeuvre""]",[197],non,non
