,a00_cle_idweb,g04_01_date_publication,g04_03_date_fin_diffusion,g04_07_dep_publication,g04_09_resume_objet,g01_02_01_famille,g01_02_02_perimetre,g01_02_03_nature,g01_02_04_statut,d01_01_denomination,d01_07_cp,d01_08_ville,d08_09_decision_titulaireandRENSEIGNEMENT,g04_052_descripteurs_libelles,g04_051_descripteurs_codes,g04_061_criteres_sociaux,g04_062_criteres_environnementaux
0,20-61686,2020-05-09,2020-06-08,['3'],MARCHÉ D'EXPLOITATION ET DE MAINTENANCE DES INSTALLATIONS DE CHAUFFAGE ET D'ECS AVEC GARANTIE TOTALE DES ENSEMBLES IMMOBILIERS PLESSIS - DIDEROT - RIG TOULON - CLARINETTES - BERNAGE - RUE DE,joue,directive24,appeloffre,initial,EVOLEA,03000,MOULINS,,"['Chauffage (exploitation, entretien)']",[59],non,non
1,20-61692,2020-05-09,2020-06-11,['5'],"Acquisition de matériel informatique, logiciels et consommables pour le groupement de commandes du Gapençais",joue,directive24,appeloffre,initial,Ville de Gap,05007,Gap,,"['Consommables informatiques', 'Informatique (matériel)']","[68, 162]",non,non
2,20-61644,2020-05-09,2020-08-04,['5'],Placement et gestion d'un programme d'assurance pour les besoins de la Communauté de Communes de Serre Ponçon pour la période 01/01/2021 au 31/12/2023,joue,directive24,appeloffre,initial,Communauté de Communes de l'Embrunais,05200,Embrun,,['Assurance'],[20],non,non
3,20-61620,2020-05-09,2020-06-04,['6'],Rechargement d'appareils de voie et de courbes des lignes du tramway de Nice,joue,directive25,attribution,initial,Régie Ligne d'Azur,06100,Nice,"[('2020-04-10', 'ETF SAS', (223552, 'EUR'), ""Fourniture et pose de l'ensemble des appareils de voie""), ('2020-04-10', 'ETF SAS', (540400, 'EUR'), ""Rechargement du rail, notamment à titre d'exemple le rechargement de la table de roulement, de la table contre-aiguille, du coeur de croisement (liste non exhaustive)."")]",['Voies ferrées'],[364],non,non
4,20-61242,2020-05-09,2020-06-08,['6'],Prestations de maintenance des équipements et des bâtiments communaux,joue,directive24,attribution,initial,COMMUNE DE ROQUEBRUNE CAP MARTIN,06190,Roquebrune cap martin,"[('2020-04-07', 'ENGIE AXIMA', (160000, 'EUR'), ""Maintenance des équipements de chauffage, de climatisation et d'adoucisseurs""), ('2020-04-07', 'AG3I', (40000, 'EUR'), 'Maintenance des portes et portails automatiques et semi-automatiques'), ('2020-04-07', 'KONE', (40000, 'EUR'), 'Maintenance des ascenseurs, monte-charges et monte-plats'), ('2020-04-07', 'CONSEIL EN SECURITE', (100000, 'EUR'), 'Maintenance des SSI, désenfumage, extincteurs, RIA et colonnes sèches'), ('2020-04-07', 'TERIDEAL - SEGEX ENERGIES', (32000, 'EUR'), 'Maintenance des pompes de relevage'), ('2020-04-07', 'ISS HYGIENE ET PREVENTION', (60000, 'EUR'), 'Maintenance des conduits aérauliques'), ('2020-04-07', 'HORIS SERVICES', (100000, 'EUR'), 'Maintenance des équipements de restauration'), ('2020-04-07', 'IGIENAIR', (40000, 'EUR'), 'Maintenance des hottes de restauration collective'), ('2020-04-07', 'PROVALP 3D', (40000, 'EUR'), 'Dératisation, désinsectisation et désinfecttion')]",['Maintenance'],[196],non,non
5,20-61594,2020-05-09,2020-06-23,['6'],"Fourniture d'équipements de secours routier, d'aménagements et de pièces détachées",joue,directive24,appeloffre,initial,SDIS (06),06273,Villeneuve-Loubet Cedex,,"['Equipements spécialisés', 'Pièces détachées']","[115, 266]",non,non
6,20-61260,2020-05-09,2020-07-07,['6'],19V0828 TRAVAUX D'ETENCHEITE DANS LES BATIMENTS DE LA VILLE DE NICE ET DE LA METROPOLE NCA,joue,directive24,attribution,initial,Métropole Nice Côte d'Azur,06364,Nice cedex 4,"[('2020-04-14', 'ALPHA SERVICES', (417702, 'EUR'), ""Bâtiments administratifs et divers de la ville de NICE et de la Métropole NICE COTE D'AZUR""), ('2020-04-14', 'ALPHA SERVICES', (267677, 'EUR'), 'Bâtiments sociaux, culturels, cultuels, animation loisirs'), ('2020-04-14', 'ALPHA SERVICES', (720050, 'EUR'), 'Bâtiments scolaires'), ('2020-04-14', 'ALPHA SERVICES', (439720, 'EUR'), 'Bâtiments sportifs')]",['Etanchéité'],[117],non,non
7,20-61641,2020-05-09,2020-06-12,['6'],Numéro de la consultation : 20200357 Travaux de revêtements en asphalte et d'étanchéité sur les espaces publics,joue,directive24,appeloffre,initial,COMMUNE DE CANNES,06406,Cannes,,['Revêtements de sols'],[308],non,non
8,20-61858,2020-05-09,2020-07-09,['6'],Groupement de commande pour des prestations topographiques et foncières,fns,cmp2006,attribution,initial,Syndicat Intercommunal de Valberg,06470,Valberg,,['Topographie'],[344],non,non
9,20-54952,2020-05-09,2020-05-24,['7'],Installation photovoltaïque sur la serre de l'usine de potabilisation d'eau de pont-de-veyrières (07380 meyras),joue,directive25,appeloffre,initial,Synd. des Eaux du Bassin de l'Ardèche,07110,LARGENTIÈRE,,['Photovoltaïque'],[476],non,non
10,20-61412,2020-05-09,2020-06-17,"['8', '51', '55']",Marché Denrées Alimentaires et Mission Assistance Conseils,joue,directive24,appeloffre,initial,EDPAMS JACQUES SOURDILLE,08240,Belleville et chatillon-sur-bar,,['Denrées alimentaires'],[88],non,non
11,20-61219,2020-05-09,2020-06-10,['12'],Fourniture de gaz et services associés,joue,directive24,appeloffre,initial,GCS BIA,12100,MILLAU,,"['Electricité, gaz (fourniture)']",[443],non,non
12,20-61221,2020-05-09,2020-07-04,"['12', '13', '33', '34', '63', '66', '30', '69']","Concours de maîtrise d'oeuvre "" sur esquisse "" pour la construction du nouveau siège de la Communauté de Communes de Millau Grands Causses et la restructuration de la Maison Des Entreprises",joue,autre,rectificatif,rectificatif,COM DE COMMUNES DE MILLAU GDS CAUSSES,12104,Millau cedex,,['Prestations de services'],[274],non,non
13,20-34202,2020-05-09,2020-06-11,['12'],"mission d'ordonnancement, pilotage et coordination pour la restructuration et l'extension de la maison départementale de l'enfance et de la famille à onet le château (12850).",joue,directive24,appeloffre,initial,Conseil Départemental de l AVEYRON,12450,Flavin,,"[""Mission d'ordonnancement, pilotage, coordination (OPC)""]",[234],non,non
14,20-51576,2020-05-09,2020-06-12,['12'],"Exécution de services de transports adaptés, créés à l'intention d'élèves aveyronnais, gravement handicapés ou scolarisés en Unités Localisées pour l'Inclusion Scolaire",joue,directive24,appeloffre,initial,Conseil Départemental de l AVEYRON,12450,Flavin,,['Transport'],[347],non,non
15,20-61476,2020-05-09,2020-05-22,['13'],Entretien des parties communes d'immeubles,joue,directive24,appeloffre,initial,Marseille Habitat,13001,Marseille,,['Nettoyage de locaux'],[239],non,non
16,20-61671,2020-05-09,2020-06-09,['13'],Fourniture de dispositifs médicaux stériles à usage unique,joue,directive24,appeloffre,initial,CENTRE HOSPITALIER REG DE MARSEILLE,13005,Marseille,,['Consommables médicaux'],[69],non,non
17,20-61527,2020-05-09,2020-07-08,['13'],Marché de maitrise d'oeuvre pour le renforcement de la protection du plan d'eau du Frioul à Marseille,joue,autre,rectificatif,rectificatif,METROPOLE D AIX MARSEILLE PROVENCE,13007,Marseille,,['Prestations de services'],[274],non,non
18,20-61212,2020-05-09,2020-06-02,"['13', '83', '84']",Fourniture de colonnes semi-enterrées pour la Métropole Aix-Marseille Provence,joue,directive24,appeloffre,initial,METROPOLE D AIX MARSEILLE PROVENCE,13007,Marseille,,"['Conteneur, poubelles']",[71],non,non
19,20-61318,2020-05-09,2020-06-10,['13'],Mission d'assistance aux propriétaires privés et copropriétaires pour la réalisation de travaux urgents,joue,directive24,appeloffre,initial,METROPOLE D AIX MARSEILLE PROVENCE,13007,Marseille,,['Prestations de services'],[274],non,non
20,20-61301,2020-05-09,2020-06-08,['13'],Fourniture Et Livraison De Viande Fraiche Sous Vide,joue,directive24,appeloffre,initial,COMMUNE DE GARDANNE,13120,Gardanne,,['Denrées alimentaires'],[88],non,non
21,20-61427,2020-05-09,2020-08-07,['13'],Fourniture et livraison de supports pour impression numérique et accessoires nécessaires à la Direction des Régies - 2 lots,joue,directive24,attribution,initial,Ville de Marseille,13233,Marseille cedex 20,"[('2020-02-12', 'Sarl 2BRP', (600000.0, 'EUR'), 'Films adhésifs, micro-perforés, à lamination'), ('2020-02-07', 'SASu Oxygravure', (600000.0, 'EUR'), 'Bâches, toiles, papiers et accessoires')]","['Impression', 'Film plastique']","[160, 448]",non,oui
22,20-61524,2020-05-09,2020-07-07,['13'],Contrôle technique réglementaire des installations des bâtiments de l'HD 13 et de ses annexes - relance,joue,directive24,attribution,initial,CONSEIL DEPARTEMENTAL 13,13256,Marseille cedex 20,"[('2020-03-12', 'BUREAU VERITAS EXPLOITATION', (755320, 'EUR'), ""Contrôle technique réglementaire des installations des bâtiments de l'HD 13 et de ses annexes - relance"")]",['Contrôle technique'],[72],non,non
23,20-61719,2020-05-09,2020-07-07,['13'],"Fourniture, pose et entretien de dispositifs de retenue routiers sur les routes départementales (3 lots)",joue,directive24,attribution,initial,CONSEIL DEPARTEMENTAL 13,13256,Marseille cedex 20,"[('2020-03-31', 'AXIMUM Etablissement Marseille', (1000000.0, 'EUR'), 'Aix-en-Provence')]",['Glissières de sécurité'],[142],non,non
24,20-61319,2020-05-09,2020-07-07,['13'],RD18 Aménagement entre la RD10 et la RD65 tronçon 2 du PR 0+559 au PR 2+757 - Relance du lot 1 : Terrassements - Hydraulique,joue,directive24,attribution,initial,CONSEIL DEPARTEMENTAL 13,13256,Marseille cedex 20,"[('2020-04-08', 'SPIE BATIGNOLLES VALERIAN', (1884775.9, 'EUR'), 'RD18 Aménagement entre la RD10 et la RD65 tronçon 2 du PR 0+559 au PR 2+757 - Relance du lot 1 : Terrassements - Hydraulique')]",['Terrassement'],[341],oui,non
25,20-61410,2020-05-09,2020-06-11,['13'],"Travaux de construction d'un bâtiment de recherche pour le compte du Centre de Recherche en Cancérologie de Marseille (CRCM) - Projet "" FightCancer """,joue,autre,rectificatif,rectificatif,Inserm - Délégation PACA et Corse,13276,Marseille cedex 9,,['Bâtiment'],[33],non,non
26,20-61571,2020-05-09,2020-07-10,['13'],200070 Mission d'Assistance à Maîtrise d'Ouvrage pour le suivi du contrat de maintenance des ascenseurs de l'AP-HM,joue,directive24,appeloffre,initial,CENTRE HOSPITALIER REG DE MARSEILLE,13354,Marseille cedex 05,,['Prestations de services'],[274],non,non
27,20-61632,2020-05-09,2020-06-08,"['13', '4']",Maitrise d'oeuvre pour la destruction / reconstruction de l'ouvrage des chemins de fer de Provence no926 franchissant la Rd17 sur la commune de Mézel (04),joue,directive24,appeloffre,initial,Région Provence Alpes Côte d'Azur,13481,Marseille,,"['Démolition', 'Prestations de services', 'Ingénierie']","[87, 274, 455]",non,non
28,20-61376,2020-05-09,2020-05-25,['13'],"Elaboration, fabrication et pose de signalétique extérieure et intérieure des bâtiments du Conseil Régional Provence-Alpes-Côte d'Azur",joue,autre,rectificatif,rectificatif,Région Provence Alpes Côte d'Azur,13481,Marseille,,['Signalétique'],[333],non,non
29,20-61737,2020-05-09,2020-06-08,['13'],Fourniture et mise en oeuvre d'un extracteur sur le dépôt de Saint-André-les-Alpes,joue,directive24,appeloffre,initial,Région Provence Alpes Côte d'Azur,13481,Marseille,,['Equipement industriel'],[112],non,non
30,20-61687,2020-05-09,2020-06-06,['14'],"Accord-cadre à bons de commande pour la réalisation de repérages amiante, plomb, mesures d'empoussièrement et prestations annexes pour le Département du Calvados.",joue,directive24,appeloffre,initial,DEPARTEMENT DU CALVADOS,14000,Caen,,"['Etude', 'Amiante (diagnostic)']","[118, 431]",non,non
31,20-61670,2020-05-09,2020-12-31,['14'],Construction du batiment biologie et du batiment Logistique Pharmacie Administration pour la Reconstruction du CHU de Caen - Opération anticipée,joue,directive24,preinformation,initial,CENTRE HOSPITALIER UNIVERSITAIRE,14033,Caen,,"['Ascenseur', 'Chauffage (travaux)', 'Cloison, faux plafond', 'Démolition', 'Electricité (travaux)', 'Equipements spécialisés', 'Espaces verts', 'Fluides médicaux', ""Ouvrage d'infrastructure"", 'Plâtrerie', 'Sécurité incendie', 'Terrassement', 'Transport']","[17, 61, 63, 87, 105, 115, 116, 128, 253, 269, 332, 341, 347]",non,non
32,20-61288,2020-05-09,2020-06-10,['76'],Etude et modélisation de la qualité de l'air relatives à l'aménagement à 2x2 voies de la Route Nationale 13 entre Evreux et Chaufour les Bonnières,joue,directive24,appeloffre,initial,Région Normandie,14035,CAEN,,['Etude'],[118],non,non
33,20-61417,2020-05-09,2020-06-19,['14'],Prestations de maintenance des installations frigorifiques et de production de glace - CCI Caen Normandie,joue,directive24,appeloffre,initial,CCI de CAEN,14200,Hérouville saint clair,,['Maintenance'],[196],non,non
34,20-61582,2020-05-09,2020-08-04,['15'],Entretien et réparation (maintenance préventive et curative) des véhicules du parc automobile appartenant au Centre Hospitalier d'Aurillac,joue,directive24,attribution,initial,CENTRE HOSPITALIER HENRI MONDOR,15002,Aurillac,"[('2019-10-18', 'Rudelle Fabre', (37741, 'EUR'), 'Entretien et réparation (hors pneumatiques)'), ('2019-10-18', 'Garage du pont de laborie', (7680, 'EUR'), 'Remplacement et réparation des pneumatiques des véhicules'), ('2019-10-18', 'Lgt Autocontrole', (41.7, 'EUR'), 'Contrôle technique véhicules')]","['Contrôle technique', 'Pneumatiques']","[72, 271]",non,non
35,20-61733,2020-05-09,2020-08-04,['15'],Fourniture de bureau et papier pour le Ght Cantal,joue,directive24,appeloffre,initial,CENTRE HOSPITALIER HENRI MONDOR,15002,Aurillac,,"['Articles de bureau et articles scolaires', 'Papeterie']","[16, 262]",non,non
36,20-61498,2020-05-09,2020-06-15,['16'],Mission De Maitrise D'Oeuvre Relative Aux Travaux D'Amenagement De La Decheterie De Cognac En Pole De Recyclage Et De Reemploi,joue,directive24,appeloffre,initial,CALITOM,16600,Mornac,,"[""Maîtrise d'oeuvre""]",[197],non,non
37,20-61267,2020-05-09,2020-06-06,['17'],FOURNITURE DE MATELAS THERAPEUTIQUES,joue,directive24,attribution,initial,CH de Saintonge - GHT de Saintonge,17108,Saintes,"[('2020-05-06', 'OXYPHARM', (131134.0, 'EUR'), 'FOURNITURE DE MATELAS THERAPEUTIQUES')]",['Literie'],[183],non,non
38,20-61439,2020-05-09,2020-05-29,"['20B', '20A']",Etudes pour le renouvellement des infrastructures portuaires de Bastia - Etudes portuaires sur le site actuel de port de Bastia,joue,autre,rectificatif,rectificatif,COLLECTIVITE DE CORSE,20187,Ajaccio,,['Ingénierie'],[455],non,non
39,20-61676,2020-05-09,2020-06-11,['20B'],Marché de services d'assurance,joue,directive24,appeloffre,initial,Communauté de communes Calvi - Balagne,20260,Calvi,,['Assurance'],[20],non,non
40,20-61308,2020-05-09,2020-06-18,['21'],Création d'un carrefour giratoire entre les RD 1074 (rocade de Beaune) et RD 970 à Beaune.,joue,directive24,appeloffre,initial,Conseil Départemental de Côte-d'Or,21035,Dijon cedex,,"['Eclairage public', 'Terrassement']","[102, 341]",non,non
41,20-59501,2020-05-09,2020-06-17,"['21', '52']","appel d'offres ouvert no 2002 : fourniture de dispositifs médicaux stériles à usage unique : drapage, habillage opératoire et objets de pansements au chu dijon bourgogne et aux établissements..",joue,directive24,appeloffre,initial,CHU de Dijon Bourgogne,21079,Dijon,,['Consommables médicaux'],[69],non,non
42,20-61396,2020-05-09,2020-06-19,['25'],Prestation d'assurance pour les besoins de Pays de Montbéliard Agglomération,joue,directive24,appeloffre,initial,Pays de Montbéliard Agglomération,25208,Montbeliard Cedex,,['Assurance'],[20],non,non
43,20-61434,2020-05-09,2020-06-19,"['26', '84']",Construction du centre aquatique de Saint-Paul-Trois-Châteaux - Relance lot no23 : Signalétique,joue,directive24,appeloffre,initial,COMMUNE DE SAINT PAUL TROIS CHATEAUX,26130,Saint-Paul-Trois-Châteaux,,['Signalétique'],[333],non,non
44,20-61614,2020-05-09,2020-06-02,['27'],marché de valorisation et de traitement des déchets végétaux et du bois issus des déchèteries (rectificatif),joue,autre,rectificatif,rectificatif,SYGOM,27700,Les Andelys,,['Déchetterie (exploitation)'],[405],non,oui
45,20-61745,2020-05-09,2020-08-05,['29'],Travaux de modernisation de la criée de Concarneau,joue,directive24,appeloffre,initial,CCI METROPOLITAINE BRETAGNE OUEST,29238,Brest,,['Equipement industriel'],[112],non,non
46,20-61625,2020-05-09,2020-06-17,['83'],Fourniture de matériels scientifiques au profit du LASEM de Toulon,joue,directive24,appeloffre,initial,MINDEF/SCA/PFAF OUEST,29240,Brest cedex 9,,['Equipements spécialisés'],[115],non,non
47,20-60306,2020-05-09,2020-06-19,['29'],services de télécommunications pour les collectivités membres du groupement de commandes constitué sur le territoire du pays de landerneau-daoulas,joue,directive24,appeloffre,initial,Cté de Cnes du pays de Landerneau,29800,Landerneau,,"['Télécommunications', 'Matériel de téléphonie']","[338, 339]",non,non
48,20-61440,2020-05-09,2020-07-03,['30'],"MARCHE D'ACQUISITION LIVRAISON ET MAINTENANCE PRÉVENTIVE DE VÉHICULES DE TYPE "" BENNES A ORDURES MÉNAGÈRES """,joue,directive24,appeloffre,initial,Alès Agglomération,30105,Alès,,['Véhicules (acquisition)'],[475],non,non
49,20-61543,2020-05-09,2020-06-09,"['31', '82']",PRESTATIONS DE PRISEES ET DE VENTES AUX ENCHERES PUBLIQUES DU CREDIT MUNICIPAL DE TOULOUSE,joue,directive24,appeloffre,initial,CREDIT MUNICIPAL DE TOULOUSE,31006,Toulouse,,['Prestations de services'],[274],non,non
50,20-61209,2020-05-09,2020-07-01,['31'],Services de maintenance de surveillance d'exploitation REMIP,joue,autre,rectificatif,rectificatif,Université Paul Sabatier,31062,Toulouse,,['Informatique (prestations de services)'],[163],non,non
51,20-61363,2020-05-09,2020-06-12,['31'],"Le présent projet de marché est soumis à la procédure avec négociation conformément aux dispositions des articles L 2324-1, L 2324-3, R 2324-1, R 2324-3, R 2361-1, R 2361-8 à R 2361-12 du code de l..",joue,directive81,appeloffre,initial,MINARM/DGA/DO/S2A,31131,Balma cedex,,['Maintenance'],[196],non,non
52,20-61621,2020-05-09,2020-05-29,['31'],ACQUISITION ET INSTALLATION D'UN OUTIL DE GESTION DES RELATIONS CLIENTS,joue,autre,rectificatif,rectificatif,CRMA Occitanie Pyrénées - Méditerranée,31240,Saint Jean,,['Logiciel'],[186],non,non
53,20-61619,2020-05-09,2020-06-12,"['66', '31', '34']",Exécution de services publics de transports scolaires pour la Région Occitanie- Pyrénées Orientales,joue,directive24,appeloffre,initial,REGION OCCITANIE,31406,TOULOUSE,,['Transport'],[347],non,non
54,20-61303,2020-05-09,2020-06-08,['31'],"19c082ao - Pr/Jm - Fourniture d'outillage à main, d'outillage électroportatif et d'outillage pneumatique - Fourniture de moyens d'accès de la famille des échelles",joue,directive24,appeloffre,initial,TOULOUSE METROPOLE,31505,Toulouse,,['Outillage'],[251],non,non
55,20-61511,2020-05-09,2020-05-27,['31'],Numéro de la consultation : 19m293pa Accompagnement Social De Jeunes Migrants Non Accompagnés - Années 2020 à 2023 - Ncp/Fp,joue,autre,rectificatif,rectificatif,TOULOUSE METROPOLE,31505,Toulouse,,['Prestations de services'],[274],non,non
56,20-61645,2020-05-09,2020-06-09,['31'],19m288ao - Dg/Za - Realisation D'Une Enquete Telephonique Stop Pub - Annees 2020 A 2024,joue,directive24,appeloffre,initial,TOULOUSE METROPOLE,31505,Toulouse,,"['Sondage, enquête']",[471],non,non
57,20-61678,2020-05-09,2020-07-06,"['23', '19', '87', '33', '63', '3', '36', '18', '15']",Lycée des métiers du bâtiment à Felletin (23) - Restructuration des ateliers - Concours de maitrise d'oeuvre,joue,directive24,appeloffre,initial,Région Nouvelle Aquitaine,33000,Bordeaux,,"[""Maîtrise d'oeuvre""]",[197],non,non
58,20-61704,2020-05-09,2020-07-31,['33'],"Assistance, en régie, à la conception de programmes de formations et à une assistance à l'animation d'activités de coopération inter-agences",joue,directive24,attribution,initial,Agence Erasmus Plus France - EducForm,33088,BORDEAUX Cedex,"[('2020-04-06', 'RESEAU CANOPE', (261225, 'EUR'), ""PRESTATION EN REGIE D'ASSISTANCE A LA CONCEPTION DE PROGRAMMES DE FORMATIONS ET D'ASSISTANCE A L'ANIMATION D'ACTIVITES DE COOPÉRATION INTER-AGENCES"")]","['Prestations de services', 'Formation']","[274, 410]",non,non
59,20-61169,2020-05-09,2020-06-30,['33'],"Fourniture de matériel, matériaux et divers produits",joue,directive24,attribution,initial,COMMUNE DE VILLENAVE D ORNON,33140,Villenave d'ornon,"[('2020-03-10', 'LEGALLAIS', (140000, 'EUR'), 'Quincaillerie'), ('2020-03-10', 'AUSCHITZKY', (180000, 'EUR'), 'Electricité'), ('2020-03-10', 'LEGALLAIS', (100000, 'EUR'), 'Plomberie'), ('2020-03-10', 'VM MATERIAUX', (60000, 'EUR'), 'Bois et dérivés'), ('2020-03-10', 'UNIKALO', (240000, 'EUR'), 'Peinture et sol'), ('2020-03-10', 'BMSO POINT P', (60000, 'EUR'), 'Gros oeuvre')]","['Bois', 'Gros oeuvre', 'Matériel électrique', 'Matériel de travaux publics', 'Peinture (fourniture)', 'Plomberie (travaux)', 'Quincaillerie (articles)']","[38, 144, 203, 220, 263, 270, 291]",non,non
60,20-61862,2020-05-09,2020-07-09,['33'],Fourniture de masques standards en tissus dits masques 'grand public',fns,cmp2006,appeloffre,initial,CC CONVERGENCE GARONNE,33720,Podensac,,"['Equipements spécialisés', 'Habillement']","[115, 150]",non,non
61,20-61652,2020-05-09,2020-08-04,['34'],Rd61 - Aménagement de l'itinéraire entre Lunel et La Grande Motte - Aménagement d'un cheminement doux le long du canal de Lunel,joue,directive24,attribution,initial,Conseil départemental de l'Hérault,34087,Montpellier,"[('2020-05-07', 'Eiffage Route Mediterranee', (974566.47, 'EUR'), None)]",['Terrassement'],[341],non,non
62,20-61271,2020-05-09,2020-05-28,['34'],maintenance et réparation des véhicules légers et utilitaires du groupement decommande entre la métropole de montpellier et de la ville de montpellier (rectificatif),joue,autre,rectificatif,rectificatif,Montpellier Méditerranée Métropole,34267,Montpellier cedex 2,,"['Maintenance', 'Véhicules (acquisition)']","[196, 475]",non,non
63,20-61225,2020-05-09,2020-06-10,['34'],Hôpital Lapeyronie - Réalisation d'un collecteur d'eaux pluviales - Marché de maîtrise d'oeuvre,joue,directive24,appeloffre,initial,CHU DE MONTPELLIER,34295,Montpellier,,"['Prestations de services', 'Ingénierie']","[274, 455]",non,non
64,20-61695,2020-05-09,2020-06-10,['34'],Maintenance et entretien des bornes automatiques escamotables,joue,directive24,appeloffre,initial,COMMUNE D AGDE,34306,Agde,,['Maintenance'],[196],non,non
65,20-61364,2020-05-09,2020-06-30,['34'],Fourniture et acheminement en électricité,joue,directive24,attribution,initial,Ville de Béziers,34536,Béziers cedex,"[('2020-03-17', 'ENGIE Entreprises et Collectivités - agence Ouest et Sud-Est', (168238.44, 'EUR'), 'Fourniture et acheminement en électricité pour le CCAS de Béziers')]","['Electricité, gaz (fourniture)']",[443],non,non
66,20-61284,2020-05-09,2020-05-15,['35'],"Prospection en direction du parc privé pour développer le parc de logements mis à disposition de personnes et familles en difficulté, et gestion de logements privés et publics",joue,directive24,attribution,initial,Rennes Métropole,35031,RENNES CEDEX,"[('2019-12-16', 'AGENCE IMMOBILIERE A VOCATION SOCIALE', (2180082.0, 'EUR'), 'Prospection en direction du parc privé pour développer le parc de logements mis à disposition de personnes et familles en difficulté, et gestion de logements privés et publics')]",['Prestations de services'],[274],non,non
67,20-61472,2020-05-09,2020-07-12,['35'],"COLLECTE, TRANSPORT ET TRAITEMENT DES DAOM, MNU, CARTONS, FILMS PLASTIQUES, PAPIERS, BRIQUES ALIMENTAIRES, BOUTEILLES PLASTIQUES, BOITES DE CONSERVE, VERRE, BIO DECHETS ET DASRI",joue,directive24,appeloffre,initial,CTRE HOSPITALIER UNIVERS PONTCHAILLOU,35033,Rennes cedex 9,,['Déchets non ménagers (prestations)'],[404],non,oui
68,20-61339,2020-05-09,2020-06-11,['35'],"RD 777 - DEVIATION DE LOUVIGNE DE BAIS - TRAVAUX DE TERRASSEMENTS, ASSAINISSEMENT, CHAUSSEES ET OUVRAGE D'ART",joue,directive24,appeloffre,initial,Département d'Ille et Vilaine,35042,RENNES CEDEX,,"[""Ouvrage d'art"", 'Terrassement', 'Voirie']","[252, 341, 365]",non,non
69,20-61597,2020-05-09,2020-07-30,['35'],Equipements de pilotage et de controle pour plateforme laser d'essais R&D d'applications industrielles,joue,directive24,appeloffre,initial,Institut Maupertuis,35170,BRUZ,,['Equipements spécialisés'],[115],non,non
70,20-61673,2020-05-09,2020-06-12,['35'],ZAC La Courrouze - Secteur Mermoz - Travaux de réalisation des auvents de la Gare-Bus,joue,directive24,appeloffre,initial,Territoires et développement,35207,Rennes Cedex 2,,"['Couverture', 'Gros oeuvre']","[74, 144]",non,non
71,20-61659,2020-05-09,2020-07-07,"['22', '35']",Maîtrise d'oeuvre,joue,directive24,attribution,initial,SEMBREIZH,35510,Cesson sévigné,,['Prestations de services'],[274],non,non
72,20-61282,2020-05-09,2020-06-08,"['35', '53', '44', '22', '56', '29']",fourniture de denrées alimentaires conventionnelles et biologiques nécessaires à la confection des repas et goûters pour le service de restauration de la commune de servon-sur-vilaine (35530),joue,directive24,appeloffre,initial,COMMUNE DE SERVON SUR VILAINE,35530,SERVON-SUR-VILAINE,,['Denrées alimentaires'],[88],non,non
73,20-61411,2020-05-09,2020-06-07,"['49', '92']",Fourniture d'étiquettes industrielles et rubans de transfert thermique pour le conditionnement des rations alimentaires au profit de l'ELOCA d'ANGERS.,joue,directive24,attribution,initial,MINDEF/EMA/DC SCA/PFAF CO Rennes,35998,Rennes cedex 9,"[('2019-12-20', 'ZETES FRANCE', (18400, 'EUR'), ""Acquisition d'étiquettes spécifiques RFC : Ration de forces au contact""), ('2019-12-20', 'ZETES FRANCE', (52829, 'EUR'), ""Acquisition d'étiquettes industrielles et rubans de transfert thermique"")]",['Papeterie'],[262],non,non
74,20-61249,2020-05-09,2020-06-19,['38'],Fourniture de panneaux signalétiques sur les sites sportifs de pleine nature pour le Département de l'Isère,joue,directive24,appeloffre,initial,DEPARTEMENT DE L ISERE,38022,Grenoble,,['Signalétique'],[333],non,non
75,20-61499,2020-05-09,2020-06-26,['38'],Mission de maîtrise d'oeuvre pour le réaménagement des espaces publics Secteur des Géants - SaulesProjet de renouvellement urbain des Villeneuves,joue,directive24,appeloffre,initial,GRENOBLE-ALPES METROPOLE,38031,Grenoble,,"[""Maîtrise d'oeuvre"", 'Ingénierie']","[197, 455]",non,non
76,20-60962,2020-05-09,2020-06-09,['38'],acquisition et équipement de véhicules d'occasion pour le sdis de l'isère : camion porte-cellule (cpc) (rectificatif),joue,autre,rectificatif,rectificatif,SDIS de l'Isère,38602,Fontaine,,"['Sécurité incendie', 'Véhicules (acquisition)']","[332, 475]",non,non
77,20-61178,2020-05-09,2020-05-31,['42'],Concours restreint de maîtrise d'oeuvre pour l'extension réhabilitation du cis de Roanne sur esquisse,joue,directive24,appeloffre,initial,SDIS de la Loire,42007,Saint étienne Cedex 1,,"[""Maîtrise d'oeuvre""]",[197],non,non
78,20-61702,2020-05-09,2020-06-22,['43'],Fourniture De Pieces Detachees Vehicules Renault Vl,joue,directive24,appeloffre,initial,DEPARTEMENT DE LA HAUTE LOIRE,43009,Le Puy En Velay Cedex,,['Pièces détachées'],[266],non,non
79,20-61192,2020-05-09,2020-05-18,['44'],Location courte et longue durée de véhicules pour les établissements du GHT44,joue,autre,rectificatif,rectificatif,CHU de Nantes,44093,Nantes cedex,,['Véhicules (location)'],[474],non,non
80,20-60651,2020-05-09,2020-06-15,['44'],"collecte et transfert des déchets ménagers et assimilés, et gestion du bas de quai des déchèteries",joue,directive24,appeloffre,initial,Cté de Cnes CHATEAUBRIANT-DERVAL,44146,Châteaubriant,,"['Collecte sélective', 'Ordures ménagères (prestations)', 'Déchetterie (exploitation)']","[82, 249, 405]",non,non
81,20-61628,2020-05-09,2020-06-26,"['44', '49', '53', '72']","Prestations de services d'insertion professionnelle de type "" Accélèr'emploi"" (ACL) à mettre en oeuvre auprès des demandeurs d'emploi de la région Pays de la Loire",joue,autre,rectificatif,rectificatif,Pôle emploi Pays de la Loire,44179,Nantes cedex 4,,['Prestations de services'],[274],non,non
82,20-61451,2020-05-09,2020-06-19,['44'],Entretien des espaces verts,joue,directive24,appeloffre,initial,Ville de Carquefou,44471,Carquefou Cedex,,['Espaces verts'],[116],non,non
83,20-61304,2020-05-09,2020-06-08,['44'],"Acquisition, livraison, pose et entretien de matériels gymniques de la Ville de Saint-Nazaire",joue,directive24,appeloffre,initial,COMMUNE DE SAINT NAZAIRE,44600,Saint Nazaire,,['Equipement sportif'],[113],non,non
84,20-61362,2020-05-09,2020-06-08,['44'],"travaux de renouvellement, réhabilitation, extensions, grosses réparations de canalisations et branchements d'assainissement sur le territoire de nantes métropole",joue,directive25,appeloffre,initial,METROPOLE NANTES METROPOLE,44923,Nantes cedex 9,,"['Assainissement', 'Canalisations']","[18, 48]",non,non
85,20-61196,2020-05-09,2020-05-21,['44'],prestation d'accompagnement de la direction des opérateurs publics de l'eau et de l'assainissement dans l'aménagement et la gestion du temps de travail des agents (rectificatif),joue,autre,rectificatif,rectificatif,METROPOLE NANTES METROPOLE,44923,Nantes cedex 9,,['Prestations de services'],[274],non,non
86,20-61637,2020-05-09,2020-06-22,['45'],"Prestations de pose, dépose, maintenance et stockage des illuminations de Noël sur les villes d'Orléans, de Fleury les Aubrais et de Combleux (5 lots)",joue,directive24,appeloffre,initial,Ville d'Orléans,45040,Orléans,,['Prestations de services'],[274],non,oui
87,20-61494,2020-05-09,2020-06-17,"['50', '14']",Marché de maîtrise d'oeuvre pour la réhabilitation partielle du siège de la CPAM de la Manche à Saint-Lô,joue,directive24,appeloffre,initial,CPAM Saint Lô,50000,Saint-lô,,['Prestations de services'],[274],non,non
88,20-61380,2020-05-09,2020-06-09,['50'],Fourniture de repas individuels et prestation de service,joue,directive24,appeloffre,initial,SDIS 50,50009,SAINT LO CEDEX,,"['Prestations de services', 'Repas, traiteur']","[274, 304]",non,non
89,20-61377,2020-05-09,2020-05-19,['50'],Acquisition de dispositifs médicaux pour les besoins du Département de la Manche,joue,autre,rectificatif,rectificatif,DEPARTEMENT DE LA MANCHE,50050,Saint-Lo,,['Equipements spécialisés'],[115],non,non
90,20-61372,2020-05-09,2020-06-12,['50'],Fournitures de documents et livres pour les établissements scolaires,joue,directive24,appeloffre,initial,CHERBOURG-EN-COTENTIN,50108,Cherbourg en Cotentin,,['Livres'],[184],non,non
91,20-61556,2020-05-09,2020-08-06,['51'],FOURNITURE D'IMPRESSIONS ET DE FACONNAGE DE DOCUMENTS,joue,autre,rectificatif,rectificatif,CHU REIMS,51092,"Reims cedex, Cellule des marchés publics",,['Impression'],[160],non,non
92,20-61365,2020-05-09,2020-06-10,"['51', '8', '10', '52']",Acquisition d'un Instrument de Diffraction Rayons X (DRX) de table et/ou portable,joue,directive24,appeloffre,initial,Université de Reims Champagne Ardenne,51724,Reims cedex,,['Equipements spécialisés'],[115],non,non
93,20-61388,2020-05-09,2020-06-08,"['54', '55', '57', '88', '51', '70', '90', '25', '39']",Location de camions sans chauffeurs et de leurs équipements de déneigement en 19 tonnes et 26 tonnes,joue,directive24,appeloffre,initial,direst,54021,Nancy cedex,,['Matériel de travaux publics'],[220],non,oui
94,20-61867,2020-05-09,2020-06-08,"['55', '52', '54', '51']","requalification des couches de roulement et bordurages de la rue de rondeval et de l'impasse de la varenne, mise en accessibilité des trottoirs, suppression des appuis trottoir à Fains-les-Sources",mapa,cmp2006,appeloffre,initial,COMMUNE DE FAINS VEEL,55000,Fains-veel,,"['Génie civil', 'Métallerie', 'Signalisation', 'Terrassement', 'Voirie']","[141, 223, 322, 341, 365]",non,non
95,20-61681,2020-05-09,2020-07-31,"['55', '51', '52']",Entretien des espaces verts,joue,directive24,appeloffre,initial,CH Verdun Saint-Mihiel,55107,VERDUN Cedex,,['Espaces verts'],[116],non,non
96,20-61601,2020-05-09,2020-06-08,"['57', '54', '88', '55']","Machine d'essais universelle électromécanique (traction/compression) avec système d'extensométrie sans contact, mors hydrauliques, enceinte climatique pour le LEM3",joue,autre,rectificatif,rectificatif,Université de Lorraine,57012,Metz,,['Machines-outils'],[194],non,non
97,20-61462,2020-05-09,2020-07-01,"['55', '90', '57']","Entretien des espaces verts et des aires aménagées, ainsi que le déneigement des voies d'accès et parkings, au profit des formations rattachées aux GSBdD de Belfort et de Verdun",joue,directive24,appeloffre,initial,Plate Forme Achats Finances Nord Est,57044,Metz cedex 1,,['Espaces verts'],[116],oui,oui
98,20-61683,2020-05-09,2020-06-08,['57'],"PREPARATION, TRI ET CONDITIONNEMENT DU FLUX ORANGE ISSU DE LA COLLECTE MULTIFLUX EN SACS TRI ET CONDITIONNEMENT DES FIBREUX ISSUS DE LA COLLECTE EN POINTS D'APPORTS VOLONTAIRES",joue,directive24,appeloffre,initial,SYDEME,57600,Morsbach,,['Déchets non ménagers (prestations)'],[404],non,non
99,20-61493,2020-05-09,2020-06-09,['58'],ENTRETIEN DES PLANTATIONS D'ARBRES SUR LE DOMAINE DEPARTEMENTAL,joue,directive24,appeloffre,initial,Conseil général de la Nièvre,58000,Nevers,,"['Bois', 'Prestations de services']","[38, 274]",non,non
100,20-61430,2020-05-09,2020-06-08,['58'],missions d'assistance pour la politique départementale de l'habitat,joue,directive24,appeloffre,initial,Conseil général de la Nièvre,58039,Nevers cedex,,['Prestations de services'],[274],non,non
101,20-61289,2020-05-09,2020-06-06,['58'],Prestation de restauration pour l'EHPAD DES 4 SAISONS et livraison de repas cuisinés en liaison froide pour le Centre social,joue,directive24,appeloffre,initial,EHPAD DES 4 SAISONS,58270,Saint Benin d'Azy,,['Restauration collective'],[66],non,non
102,20-61446,2020-05-09,2020-07-05,['59'],Fourniture de matériaux et matériels de construction,joue,directive24,attribution,initial,SDIS 59,59028,Lille cedex,,"['Abris', 'Matériaux de construction']","[1, 198]",non,non
103,20-61431,2020-05-09,2020-06-29,['59'],Achat de matériel scénique pour la Ville de Lille et ses communes associées,joue,directive24,appeloffre,initial,Ville de Lille,59033,Lille cedex,,['Matériel électronique'],[204],non,non
104,20-61710,2020-05-09,2020-06-15,['59'],FOURNITURE DE PRODUITS ET DISPOSITIFS DE SOINS DENTAIRES,joue,directive24,appeloffre,initial,CHU DE LILLE,59037,Lille cedex,,['Matériel dentaire'],[201],non,non
105,20-61583,2020-05-09,2020-07-02,['59'],Fourniture de produits lessiviels de Blanchisserie et location du système de dosage et de distribution des produits pour le CH de Tourcoing,joue,directive24,appeloffre,initial,CHU DE LILLE,59037,Lille cedex,,"[""Produits d'entretien""]",[278],non,non
106,20-61528,2020-05-09,2020-06-08,"['59', '2', '62']","Accord-cadre à bons de commande et à marchés subséquents de services pour l'acquisition d'une solution de gestion des subventions, maintenance et prestations associées pour le Département du",joue,autre,rectificatif,rectificatif,DEPARTEMENT DU NORD,59047,Lille,,['Logiciel'],[186],non,non
107,20-61405,2020-05-09,2020-05-26,"['59', '62']",fourniture de médicaments de gcs pharma hauts-de-france (rectificatif),joue,autre,rectificatif,rectificatif,Centre hospitalier de Valenciennes,59322,Valenciennes,,['Consommables médicaux'],[69],non,non
108,20-61545,2020-05-09,2020-06-19,['59'],"aoo 2020-2029 marché d'exploitation des installations de production et de distribution de chaleur, de ventilation, et d'eau chaude sanitaire de l'hôpital de felleries-liessies (rectificatif)",joue,autre,rectificatif,rectificatif,Centre hospitalier de Valenciennes,59322,Valenciennes,,"['Chauffage (exploitation, entretien)']",[59],non,non
109,20-61487,2020-05-09,2020-06-07,['59'],Rénovation des peintures extérieures d'ouvrages de génie civil de l'eau,joue,directive25,attribution,initial,Noréade,59443,Wasquehal cedex,"[('2020-03-06', 'Société SARL H2O TECHNOLOGIE', (64835.5, 'EUR'), ""Communes d'ANOR et SAINT-AMAND-LES-EAUX (Département du Nord)""), ('2020-03-06', 'Société ETANDEX', (164844.18, 'EUR'), 'Communes de CARNIERES, WALICOURT-SELVIGNY, ARLEUX (Département du Nord) et BOURLON (Département du Pas-De-Calais)'), ('2020-03-06', 'Entreprise SAS ROTH et Cie (ERC)', (96237, 'EUR'), ""Communes d'ESSIGNY-LE-GRAND, MONTIGNY-EN-ARROUAISE, GOUY, BONY et HARGICOURT (Département de l'Aisne)""), ('2020-03-06', 'Société SARL H2O TECHNOLOGIE', (75761.6, 'EUR'), 'Communes de SAINTE-MARIE-CAPPEL et REXPOËDE (Département du Nord)')]",['Peinture (travaux)'],[264],non,non
110,20-61565,2020-05-09,2020-06-07,['59'],Interconnexion du réseau d'eau potable QUIERY LA MOTTE - CUINCY (Département du Nord),joue,directive25,attribution,initial,Noréade,59443,Wasquehal cedex,,['Alimentation en eau potable'],[6],non,non
111,20-61241,2020-05-09,2020-07-26,['59'],Fourniture d'une unité mobile de déshydratation des boues par centrifugeuse,joue,directive25,appeloffre,initial,Noréade,59443,Wasquehal cedex,,['Equipements spécialisés'],[115],non,non
112,20-61315,2020-05-09,2020-08-06,['59'],Commune de SAINT MARTIN SUR ECAILLON (Département du Nord) - Construction de la station d'épuration intercommunale d'une capacité de 1 900 EH,joue,directive25,appeloffre,initial,Noréade,59443,Wasquehal cedex,,"[""Station d'épuration (travaux)""]",[328],non,non
113,20-61280,2020-05-09,2020-07-06,['59'],Construction d'un dojo et d'un court de tennis couvert Marché de travaux comportant 11 lots dont description dans le DCE,joue,directive24,attribution,initial,Ville de Linselles,59497,Linselles cedex,,"['Carrelage', 'Charpente', 'Chauffage (travaux)', 'Cloison, faux plafond', 'Couverture', 'Electricité (travaux)', 'Equipement sportif', 'Menuiserie', 'Peinture (travaux)', 'Voirie et réseaux divers']","[53, 57, 61, 63, 74, 105, 113, 222, 264, 366]",non,non
114,20-60074,2020-05-09,2020-06-22,"['59', '62']",travaux de sécurisation matérielle et d'entretien de biens bâtis et non bâtis,joue,directive24,appeloffre,initial,ETS PUBLIC FONCIER NORD PAS DE CALAIS,59777,Euralille,,"['Bardage', 'Démolition', 'Maçonnerie', 'Amiante (désamiantage)']","[30, 87, 195, 479]",non,non
115,20-61202,2020-05-09,2020-07-11,['62'],délégation de service public relative à la gestion et l'exploitation des services publics de mobilité communautaires (rectificatif),joue,autre,rectificatif,rectificatif,CA DES DEUX BAIES EN MONTREUILLOIS,62170,MONTREUIL SUR MER,,['Transport'],[347],oui,oui
116,20-61438,2020-05-09,2020-05-25,['62'],Maintenance et gros entretien de l'éclairage public des espaces communautaires,joue,autre,rectificatif,rectificatif,CA DU PAYS DE SAINT OMER,62968,Longuenesse,,['Eclairage public'],[102],non,non
117,20-61581,2020-05-09,2020-06-08,['62'],Services de transports scolaires en autocars,joue,autre,rectificatif,rectificatif,CA DU PAYS DE SAINT OMER,62968,Longuenesse,,['Transport'],[347],non,non
118,20-61656,2020-05-09,2020-08-04,['64'],Fourniture de produits de marquage routier,joue,directive24,attribution,initial,CA PAU BEARN PYRENEES,64000,Pau Cedex,"[('2020-03-05', ""Société d'Applications Routières (par sigle Sar)"", (37570.75, 'EUR'), 'Peintures routières'), ('2020-03-05', 'Ore Peinture', (65321.2, 'EUR'), 'Bandes et symboles préfabriqués')]",['Matériaux routiers'],[199],non,non
119,20-61296,2020-05-09,2020-06-08,['64'],Déploiement et maintenance de la vidéoprotection et de la protection des bâtiments communaux et communautaires,joue,directive24,appeloffre,initial,CA PAU BEARN PYRENEES,64000,Pau Cedex,,['Télésurveillance'],[415],non,non
120,20-61731,2020-05-09,2020-06-09,['64'],Acquistion Et Location De Modulaires Dans Le Cadre Du Projet De Pole D'Echanges Multimodal De La Gare De Pau,joue,directive24,appeloffre,initial,CA PAU BEARN PYRENEES,64000,Pau Cedex,,['Bâtiments modulaires'],[27],non,non
121,20-61312,2020-05-09,2020-08-04,['64'],"Travaux de voirie, réseaux divers et espaces publics",joue,directive24,attribution,initial,CA PAU BEARN PYRENEES,64000,Pau Cedex,"[('2020-03-05', 'Sogeba', (14487005, 'EUR'), None), ('2020-03-05', 'Eurovia Aquitaine', (15590256, 'EUR'), None), ('2020-03-05', 'Eiffage Route Sud-Ouest', (15014574, 'EUR'), None), ('2020-03-05', 'Rey Betbeder', (13094253, 'EUR'), None), ('2020-03-05', 'Colas Sud-Ouest', (14249895, 'EUR'), None)]",['Voirie'],[365],oui,non
122,20-60126,2020-05-09,2020-12-31,['64'],prestation de transports sanitaires article 80 lfss pour le ght béarn et soule,joue,directive24,attribution,initial,Centre Hospitalier de Pau,64046,pau cedex,,['Transport'],[347],non,non
123,20-61486,2020-05-09,2020-07-31,['64'],La fourniture de produits de bactériologie : antibiotiques E Test - Lot unique,joue,directive24,appeloffre,initial,Centre hospitalier de la côte basque,64109,Bayonne cedex,,['Réactifs'],[301],non,non
124,20-61208,2020-05-09,2020-06-18,['64'],"Entretien maintenance/réparation des installations thermiques sur l'ensemble des bâtiments communaux (P2), plus garantie totale (P3) pour la piscine et le Complexe Sportif",joue,directive24,appeloffre,initial,Ville de Lons,64140,LONS,,"['Location (matériels)', 'Prestations de services']","[185, 274]",non,non
125,20-61473,2020-05-09,2020-05-15,"['65', '9', '32']","Le présent marché concerne la fourniture de repères officiels d'identification pour les bovins, ovins et caprins.",joue,directive24,appeloffre,initial,Chambre d'agriculture Hautes-Pyrénées,65917,TARBES CEDEX 9,,['Animaux'],[9],non,non
126,20-61420,2020-05-09,2020-06-19,['67'],Prestations de service relatives aux sites et sols pollués - Etudes historiques et diagnostics environnementaux,joue,directive24,appeloffre,initial,Port Autonome de Strasbourg,67002,STRASBOURG CEDEX,,"['Etude', 'Prestations de services']","[118, 274]",non,non
127,20-56046,2020-05-09,2020-06-27,"['55', '54', '51', '57', '10', '67', '68', '8', '88']",Affaire 19S1061 programme régional de formation professionnelle continue en faveur des détenus pour l'année 2020,joue,directive24,attribution,initial,REGION GRAND EST,67070,STRASBOURG,,['Formation'],[410],non,non
128,20-61424,2020-05-09,2020-06-23,['67'],Fourniture de pièces détachées et consommables pour matériel de mesure en continu de la qualité de leau sur le réseau de distribution,joue,directive24,appeloffre,initial,Eurométropole de Strasbourg,67076,STRASBOURG CEDEX,,['Pièces détachées'],[266],non,non
129,20-61502,2020-05-09,2020-06-09,['67'],Extension et de maintenance du système de vidéoprotection des espaces publics et extension des réseaux de fibre optique,joue,directive24,appeloffre,initial,Ville de Haguenau,67504,Haguenau cedex,,['Surveillance'],[331],non,non
130,19-80342,2020-05-09,2020-07-11,['68'],"mission d'ordonnancement, pilotage et coordination pour la construction d'un nouveau groupe scolaire victor hugo à mulhouse",joue,directive24,appeloffre,initial,Ville de Mulhouse,68100,Mulhouse,,"[""Mission d'ordonnancement, pilotage, coordination (OPC)""]",[234],non,non
131,20-61531,2020-05-09,2020-07-08,['68'],marché pour l'exécution de services de transports publics de voyageurs pour les collèges péguy et mermoz et les lycées zurcher et charles de gaulle de wittelsheim et pulversheim,joue,directive24,appeloffre,initial,Mulhouse Alsace Agglomération,68948,Mulhouse Cedex 9,,['Transport'],[347],non,non
132,20-61852,2020-05-09,2020-06-08,['69'],Création et enregistrement de messages sonores pour la Ville de Lyon,fns,cmp2006,appeloffre,initial,Ville de Lyon,69205,Lyon cedex 01,,['Informatique (prestations de services)'],[163],oui,non
133,20-61675,2020-05-09,2020-07-31,"['13', '84']",Maintenance préventive et corrective des portes et portails Bouches du Rhône/Vaucluse - DAF-2020-000239,joue,directive24,appeloffre,initial,DRSID Lyon,69347,Lyon cedex 07,,['Prestations de services'],[274],non,non
134,20-61422,2020-05-09,2020-06-08,['69'],Achat de cabines d audiometrie et de localisation spatiale pour le pavillon U de l Hopital Edouard Herriot,joue,directive24,appeloffre,initial,CHU Lyon,69373,Lyon cedex 08,,['Matériel médical'],[212],non,non
135,20-61600,2020-05-09,2020-06-10,"['69', '971', '35', '76', '1', '14', '29', '63', '7']","2020-19 Accompagnement à la fusion des réseaux santé, MAIA, PTA, CTA de PAERPA pour la création des DAC unifiés",joue,directive24,appeloffre,initial,Agence Régionale de Santé (ARS),69418,Lyon cedex 3,,"['Etude', 'Prestations de services']","[118, 274]",non,non
136,20-60639,2020-05-09,2020-07-07,['69'],prestations d'interprétariat et de traduction pour la métropole de lyon,joue,directive24,attribution,initial,Métropole de Lyon,69505,Lyon,"[('2020-03-13', 'BIRDWELL INTERNATIONAL', (450000, 'EUR'), 'Prestations d\x92interprétariat et de traduction pour la Métropole de Lyon')]",['Prestations de services'],[274],oui,non
137,20-61253,2020-05-09,2020-08-04,['69'],Travaux sur biens immobiliers de la Métropole de Lyon - lot 15: Sols souples-Parquets,joue,directive24,attribution,initial,METROPOLE DE LYON,69505,Lyon,"[('2020-04-10', 'Comptoir Des Revetements', (2600000, 'EUR'), None), ('2020-04-10', 'Rhonibat', (2600000, 'EUR'), None), ('2020-04-10', 'Parquetsol', (2600000, 'EUR'), None)]",['Revêtements de sols'],[308],non,non
138,20-53838,2020-05-09,2020-07-06,['69'],"fournitures de plomberie, de chauffage et d'équipements sanitaires pour les services techniques de la métropole de lyon.",joue,directive24,appeloffre,initial,Métropole de Lyon,69505,Lyon,,"['Chauffage (matériel)', 'Equipement thermique', 'Quincaillerie (articles)', 'Matériel robinetterie', 'Sanitaire']","[60, 114, 291, 311, 319]",non,non
139,20-61509,2020-05-09,2020-06-30,['69'],"Fourniture et livraison de vêtements de travail, de chaussures et d'équipements de protection individuelle destines au personnel municipal",joue,autre,rectificatif,rectificatif,COMMUNE DE VAULX EN VELIN,69518,Vaulx en Velin cedex,,"['Chaussures ou articles chaussants', 'Habillement']","[79, 150]",non,non
140,20-61238,2020-05-09,2020-06-11,"['69', '1']",FOURNITURE D'ORTHESES,joue,directive24,appeloffre,initial,C.H. de Villefranche-sur-Saône,69655,Villefranche sur saone,,"['Abris', 'Consommables médicaux']","[1, 69]",non,non
141,20-61567,2020-05-09,2020-06-18,['69'],E20_0001,joue,directive24,appeloffre,initial,CHU Lyon,69973,Lyon cedex 08,,['Mobilier'],[230],non,oui
142,20-61332,2020-05-09,2020-07-07,['70'],Entretien et réparation de la flotte de véhicules légers (VL) et de véhicules utilitaires (VU) du département de la Haute-Saône,joue,directive24,attribution,initial,Département de la Haute Saône,70006,Vesoul cedex,,['Véhicules'],[359],non,non
143,20-61335,2020-05-09,2020-07-07,['70'],Entretien et réparation de la flotte poids lourds (PL) du Département de la Haute-Saône,joue,directive24,attribution,initial,Département de la Haute Saône,70006,Vesoul cedex,,['Véhicules'],[359],non,non
144,20-61726,2020-05-09,2020-06-18,['73'],Transport de saumure utilisée comme fondant routier sur les routes départementales de Savoie,joue,directive24,appeloffre,initial,DEPARTEMENT DE LA SAVOIE,73018,Chambery,,['Transport'],[347],non,non
145,20-61305,2020-05-09,2020-06-08,['73'],Renouvellement chenillettes de damage,joue,directive24,appeloffre,initial,COMMUNE DE VAL D ISERE,73155,Val D'Isere Cedex,,['Machines-outils'],[194],non,non
146,20-61203,2020-05-09,2020-08-04,['74'],"Consultation Relative A Une Concession De Service Public Pour L'Exploitation Du Tramway Du Mont Blanc, Le Financement Et La Realisation D'Investissements Structurants",joue,directive23,attribution,initial,Département de la Haute-Savoie,74041,Annecy,"[('2020-05-04', 'Compagnie du Mont-Blanc', (118700000, 'EUR'), None)]",['Transport'],[347],non,non
147,20-61701,2020-05-09,2020-07-16,['74'],Marché d'exploitation de l'unité de valorisation énergétique des déchets du Sila,joue,directive24,appeloffre,initial,SYNDICAT MIXTE DU LAC D ANNECY,74960,Cran-Gevrier,,['Déchetterie (exploitation)'],[405],non,non
148,20-61326,2020-05-09,2020-07-07,['75'],Fourniture de spécialités pharmaceutiques,joue,directive24,attribution,initial,ASSISTANCE PUBLIQUE HOPITAUX DE PARIS,75005,Paris,"[('2019-07-31', 'AGUETTANT', (1001310, 'EUR'), 'Fourniture de spécialités pharmaceutiques. LOTS 55 ET 56'), ('2019-07-31', 'ARROW GENERIQUES', (2496962, 'EUR'), 'Fourniture de spécialités pharmaceutiques. LOTS 3, 11, 16, 18, 21, 23, 24, 29, 31, 34, 51, 53, 58, 60, 62, 64, 72, 73, 76 (36 mois)'), ('2019-07-31', 'ARROW GENERIQUES', (3420, 'EUR'), 'Fourniture de spécialités pharmaceutiques. LOTS 78 (29 mois)'), ('2019-07-31', 'ASPEN FRANCE', (101500, 'EUR'), 'Fourniture de spécialités pharmaceutiques. LOTS 57'), ('2019-07-31', 'BAXTER', (254880, 'EUR'), 'Fourniture de spécialités pharmaceutiques. LOTS 35'), ('2019-07-31', 'CSP', (6240, 'EUR'), 'Fourniture de spécialités pharmaceutiques. LOTS 43'), ('2019-07-31', 'CSP', (522990, 'EUR'), 'Fourniture de spécialités pharmaceutiques. LOTS 49'), ('2019-07-31', 'EG LABO', (47041, 'EUR'), 'Fourniture de spécialités pharmaceutiques. LOTS 20, 25, 40, 68 (36 MOIS)'), ('2019-07-31', 'EG LABO', (15053, 'EUR'), 'Fourniture de spécialités pharmaceutiques. LOTS 77 (29 MOIS)'), ('2019-07-31', 'FERRING', (273900, 'EUR'), 'Fourniture de spécialités pharmaceutiques. LOTS 26'), ('2019-07-31', 'GLAXO SMITH KLINE', (148500, 'EUR'), 'Fourniture de spécialités pharmaceutiques. LOTS 69 ET 75'), ('2019-08-01', 'IPSEN PHARMA', (127500, 'EUR'), 'Fourniture de spécialités pharmaceutiques. LOTS 1 ET 5'), ('2019-07-31', 'JANSSEN CILAG', (58110, 'EUR'), 'Fourniture de spécialités pharmaceutiques. LOTS 19'), ('2019-07-31', 'MYLAN', (211140, 'EUR'), 'Fourniture de spécialités pharmaceutiques. LOTS 2 ET 42'), ('2019-07-31', 'MYLAN', (2921490, 'EUR'), 'Fourniture de spécialités pharmaceutiques; LOTS 14, 17, 28, 30, 37, 41, 46, 48, 50, 52, 59, 71 ( 36 MOIS)'), ('2019-07-31', 'MYLAN', (126900, 'EUR'), 'Fourniture de spécialités pharmaceutiques; LOTS 36 (24 MOIS)'), ('2019-07-31', 'MYLAN', (20100, 'EUR'), 'Fourniture de spécialités pharmaceutiques; LOTS 27 ET 33 (12 MOIS)'), ('2019-07-31', 'NORGINE PHARMA', (408000, 'EUR'), 'Fourniture de spécialités pharmaceutiques; LOTS 4'), ('2019-07-31', 'PFIZER', (2758668, 'EUR'), 'Fourniture de spécialités pharmaceutiques; LOTS 38 ET 45'), ('2019-07-31', 'PIERRE FABRE MEDICAMENTS', (10710, 'EUR'), 'Fourniture de spécialités pharmaceutiques; LOTS 22'), ('2019-07-31', 'RENAUDIN', (13200, 'EUR'), 'Fourniture de spécialités pharmaceutiques; LOTS 74'), ('2019-07-31', 'ROCHE', (39900, 'EUR'), 'Fourniture de spécialités pharmaceutiques; LOTS 44'), ('2019-07-31', 'SANDOZ', (178650, 'EUR'), 'Fourniture de spécialités pharmaceutiques; LOTS 7, 10 et 12'), ('2019-07-31', 'SANOFI AVENTIS', (1571865, 'EUR'), 'Fourniture de spécialités pharmaceutiques; LOTS 6, 8, 13 et 63'), ('2019-08-05', 'SEPTODONT', (147555, 'EUR'), 'Fourniture de spécialités pharmaceutiques; LOTS 65, 66 et 67'), ('2019-07-31', 'TEVA SANTE', (75068.1, 'EUR'), 'Fourniture de spécialités pharmaceutiques; LOTS 15 ET 70'), ('2019-08-22', 'SANOFI PASTEUR', (240000, 'EUR'), 'Fourniture de spécialités pharmaceutiques; LOTS 39'), ('2019-08-19', 'PANPHARMA', (1273800, 'EUR'), 'Fourniture de spécialités pharmaceutiques; LOTS 9'), ('2019-08-19', 'PANPHARMA', (310410, 'EUR'), ""Fourniture de spécialités pharmaceutiques LOTS 32, 47, 54 et 61 déclarés infructueux lors de l'appel d'offres 19-25C .""), ('2019-09-04', 'MSD FRANCE', (267300, 'EUR'), ""Fourniture de spécialités pharmaceutiques LOTS 32, 47, 54 et 61 déclarés infructueux lors de l'appel d'offres 19-25C .""), ('2019-09-04', 'FRESENIUS KABI', (1438470, 'EUR'), ""Fourniture de spécialités pharmaceutiques LOTS 32, 47, 54 et 61 déclarés infructueux lors de l'appel d'offres 19-25C .""), ('2019-09-04', 'ASPEN FRANCE', (234000, 'EUR'), ""Fourniture de spécialités pharmaceutiques LOTS 32, 47, 54 et 61 déclarés infructueux lors de l'appel d'offres 19-25C ."")]","['Matériel médical', 'Produits pharmaceutiques']","[212, 280]",non,non
149,20-61179,2020-05-09,2020-07-07,['75'],"Fourniture de DISPOSITIFS MEDICAUX IMPLANTABLES DU RACHIS : prothèses discales et dispositifs d'ostéosynthèse, ballonnets et ciments de kyphoplastie",joue,directive24,attribution,initial,ASSISTANCE PUBLIQUE HOPITAUX DE PARIS,75005,Paris,"[('2019-11-22', 'STRYKER', (3145964, 'EUR'), ""Fourniture de DISPOSITIFS MEDICAUX IMPLANTABLES DU RACHIS : prothèses discales et dispositifs d'ostéosynthèse, ballonnets et ciments de kyphoplastie. LOTS 13, 20, 31, 39, 41""), ('2019-11-26', 'MEDTRONIC', (7123197, 'EUR'), ""Fourniture de DISPOSITIFS MEDICAUX IMPLANTABLES DU RACHIS : prothèses discales et dispositifs d'ostéosynthèse, ballonnets et ciments de kyphoplastie. LOTS 12, 18, 23, 27, 29, 35, 37, 42""), ('2019-11-21', 'EUROS', (639405, 'EUR'), ""Fourniture de DISPOSITIFS MEDICAUX IMPLANTABLES DU RACHIS : prothèses discales et dispositifs d'ostéosynthèse, ballonnets et ciments de kyphoplastie. LOTS 7""), ('2019-11-21', 'EUROSPINE', (185243, 'EUR'), ""Fourniture de DISPOSITIFS MEDICAUX IMPLANTABLES DU RACHIS : prothèses discales et dispositifs d'ostéosynthèse, ballonnets et ciments de kyphoplastie. LOTS 21""), ('2019-11-21', 'FH ORTHOPAEDICS', (307336, 'EUR'), ""Fourniture de DISPOSITIFS MEDICAUX IMPLANTABLES DU RACHIS : prothèses discales et dispositifs d'ostéosynthèse, ballonnets et ciments de kyphoplastie. LOTS 2 ET 4""), ('2019-11-21', 'FRANCE RACHIS', (95387, 'EUR'), ""Fourniture de DISPOSITIFS MEDICAUX IMPLANTABLES DU RACHIS : prothèses discales et dispositifs d'ostéosynthèse, ballonnets et ciments de kyphoplastie. LOTS 22 ET 40""), ('2019-11-22', 'IMPLANET', (914534, 'EUR'), ""Fourniture de DISPOSITIFS MEDICAUX IMPLANTABLES DU RACHIS : prothèses discales et dispositifs d'ostéosynthèse, ballonnets et ciments de kyphoplastie. LOTS 9 ET 17""), ('2019-11-28', 'JOHNSON & JOHNSON', (422885, 'EUR'), ""Fourniture de DISPOSITIFS MEDICAUX IMPLANTABLES DU RACHIS : prothèses discales et dispositifs d'ostéosynthèse, ballonnets et ciments de kyphoplastie ; LOTS 8, 19, 24, 34""), ('2019-11-27', 'MEDICREA', (933510, 'EUR'), ""Fourniture de DISPOSITIFS MEDICAUX IMPLANTABLES DU RACHIS : prothèses discales et dispositifs d'ostéosynthèse, ballonnets et ciments de kyphoplastie ; LOTS 16""), ('2019-11-25', 'NEOMEDICAL', (106569, 'EUR'), ""Fourniture de DISPOSITIFS MEDICAUX IMPLANTABLES DU RACHIS : prothèses discales et dispositifs d'ostéosynthèse, ballonnets et ciments de kyphoplastie ; LOTS 11""), ('2019-11-25', 'NEXIS', (85649, 'EUR'), ""Fourniture de DISPOSITIFS MEDICAUX IMPLANTABLES DU RACHIS : prothèses discales et dispositifs d'ostéosynthèse, ballonnets et ciments de kyphoplastie ; LOTS 25 ET 38""), ('2019-11-26', 'SAFE ORTHOPEDICS', (170966, 'EUR'), ""Fourniture de DISPOSITIFS MEDICAUX IMPLANTABLES DU RACHIS : prothèses discales et dispositifs d'ostéosynthèse, ballonnets et ciments de kyphoplastie ; LOTS 10 ET 30""), ('2019-11-21', 'SPINEART', (56025, 'EUR'), ""Fourniture de DISPOSITIFS MEDICAUX IMPLANTABLES DU RACHIS : prothèses discales et dispositifs d'ostéosynthèse, ballonnets et ciments de kyphoplastie ; LOTS 32""), ('2019-11-25', 'SPINEVISION', (38638, 'EUR'), ""Fourniture de DISPOSITIFS MEDICAUX IMPLANTABLES DU RACHIS : prothèses discales et dispositifs d'ostéosynthèse, ballonnets et ciments de kyphoplastie ; LOTS 28""), ('2019-11-25', 'THIEBAUD', (163125, 'EUR'), ""Fourniture de DISPOSITIFS MEDICAUX IMPLANTABLES DU RACHIS : prothèses discales et dispositifs d'ostéosynthèse, ballonnets et ciments de kyphoplastie ; LOTS 43 ET 44""), ('2019-11-25', 'ZIMMER BIOMET', (1559646, 'EUR'), ""Fourniture de DISPOSITIFS MEDICAUX IMPLANTABLES DU RACHIS : prothèses discales et dispositifs d'ostéosynthèse, ballonnets et ciments de kyphoplastie ; LOTS 1, 3, 5, 26, 33"")]","['Matériel médical', 'Prothèses']","[212, 284]",non,non
150,20-61538,2020-05-09,2020-06-19,"['75', '76', '77', '78', '91', '92', '93', '94', '95']",REALISATION DE PRESTATIONS DE CONCEPTION GRAPHIQUE ET REDACTION DE CONTENUS EDITORIAUX,joue,directive24,appeloffre,initial,Agence nationale cohésion territoires,75007,Paris,,"['Prestations de services', 'Publicité, Communication']","[274, 285]",non,oui
151,20-61703,2020-05-09,2020-06-02,['75'],Prestations de fourniture d'un service de gestion de contenus web sous la technologie ez publish : accord-cadre 2018AN-36 (rectificatif),joue,autre,rectificatif,rectificatif,ASSEMBLÉE NATIONALE,75007,PARIS 07 SP,,"['Informatique (prestations de services)', 'Site internet', 'Logiciel']","[163, 171, 186]",non,non
152,20-61020,2020-05-09,2020-06-05,"['75', '77']","delegation de service public pour l'exploitation des lignes de bus desservant les communautés de communes des portes briardes, de l'orée de la brie et du val briard, et le nord des communauté de commu",joue,directive23,appeloffre,initial,Ile de France Mobilités,75009,PARIS,,"['Prestations de services', 'Transport', 'Délégation de service public']","[274, 347, 406]",non,non
153,20-61759,2020-05-09,2020-07-24,['75'],Accord cadre de sécurisation pyrotechnique pour la ZAC du Village Olympique et Paralympique,joue,directive24,appeloffre,initial,SOC DE LIVRAISON OUVRAGES OLYMPIQUES,75009,Paris,,['Prestations de services'],[274],non,non
154,20-61721,2020-05-09,2020-05-20,"['75', '19']",Location avec maintenance d'une solution d'impression de données variables au profit du pôle graphique de Tulle,joue,directive24,attribution,initial,MINDEF/SGA/SPAC/S-Direction des achats,75009,Paris cedex 15,"[('2020-04-10', 'KONICA MINOLTA BUSINESS SOLUTIONS FRANCE SAS', (148044.96, 'EUR'), ""LOCATION AVEC MAINTENANCE D'UNE SOLUTION D'IMPRESSION DE DONNÉES VARIABLES AU PROFIT DU POLE GRAPHIQUE DE TULLE (PGT)."")]",['Impression'],[160],non,oui
155,20-61765,2020-05-09,2020-06-22,['75'],"Prestations d'assistance à la maîtrise d'ouvrage pour le suivi des marchés de maintenance et travaux des appareils élévateurs, portes automatiques et équipements assimilés",joue,directive24,appeloffre,initial,GIP RESAH,75011,Paris,,"['Assistance technique', ""Assistance à maîtrise d'ouvrage""]","[19, 433]",non,non
156,20-61592,2020-05-09,2020-07-07,['75'],MARCHE DE PRESTATIONS MULTISERVICES POUR L'EXPLOITATION LOGISTIQUE DE BÂTIMENTS GERES PAR L'ADMINISTRATION CENTRALE DES MINISTERES ECONOMIQUES ET FINANCIERS,joue,directive24,appeloffre,initial,Ministères économiques et financiers,75012,Paris,,['Nettoyage de locaux'],[239],oui,oui
157,20-61333,2020-05-09,2020-06-02,"['75', '92', '93', '94', '78']",Prestations d'assistance à maîtrise d'ouvrage pour des projets liés à l'informatique industrielle,joue,autre,rectificatif,rectificatif,SIAAP,75012,Paris,,['Informatique (prestations de services)'],[163],non,non
158,20-61714,2020-05-09,2020-05-26,['75'],Fourniture de conteneurs maritimes neufs destinés au stockage et au transport des éléments de production de lOpéra national de Paris,joue,autre,rectificatif,rectificatif,Opéra national de Paris,75012,PARIS,,['Transport'],[347],non,oui
159,20-61663,2020-05-09,2020-05-18,['75'],"Inventaires, diagnostics et expertises arboricoles pour la Ville de Paris",joue,autre,rectificatif,rectificatif,Ville de Paris,75013,Paris,,['Prestations de services'],[274],non,non
160,20-61685,2020-05-09,2020-12-01,"['75', '49', '87', '59']",Fourniture seule de matelas houssés et housses à matelas et/ou fourniture et installation de matelas houssés destinés aux résidences Adoma,joue,autre,rectificatif,rectificatif,Adoma,75013,Paris,,['Literie'],[183],non,non
161,20-61392,2020-05-09,2020-06-09,['75'],Prestations de mise à disposition de personnel intérimaire pour les besoins de l'ANAP,joue,directive24,appeloffre,initial,GIP Anap,75013,Paris,,['Mise à disposition de personnel'],[461],non,non
162,20-61404,2020-05-09,2020-12-01,['75'],Marché relatif au choix d'un interpréteur comptable et à une prestation d'accompagnement à sa mise en place pour Adoma,joue,directive24,appeloffre,initial,Adoma,75013,Paris,,['Informatique (prestations de services)'],[163],non,non
163,20-61217,2020-05-09,2020-07-02,['75'],Accord-cadre relatif à l'acquisition de minibus neufs de différentes catégories et de matériels accessoires pour le transport urbain et non urbain de voyageurs,joue,autre,rectificatif,rectificatif,Centrale d'Achat du Transport Public,75014,Paris,,['Véhicules (acquisition)'],[475],non,non
164,20-61584,2020-05-09,2020-07-08,"['2', '75']",villers cotterets - lot 3 dans le cadre de l'opération de mise en valeur et d'aménagement du logis royal et du bâtiment du jeu de paume du château,joue,directive24,attribution,initial,Centre des monuments nationaux,75186,Paris,,"['Fondations spéciales', 'Gros oeuvre', 'Monuments historiques']","[129, 144, 236]",non,non
165,20-61325,2020-05-09,2020-06-09,['75'],"2008002 - Prestations de fabrication de cadres, d'encadrement et de présentation d'oeuvres d'art et de documents pour les expositions permanentes et temporaires organisées par le Centre",joue,directive24,appeloffre,initial,Centre Pompidou,75191,Paris,,['Prestations de services'],[274],non,non
166,20-61551,2020-05-09,2020-06-05,['75'],"2004003 - Remplacement et mise à jour des centralisateurs de mise en sécurité incendie et des unités de gestion centralisée des issues de secours (SSI) du Centre Pompidou, ses abords et l'IRCAM",joue,autre,rectificatif,rectificatif,Centre Pompidou,75191,Paris,,['Sécurité incendie'],[332],non,non
167,20-61532,2020-05-09,2020-07-01,"['75', '77', '78', '91', '92', '93', '94', '95']",Maintenance des installations de chauffage - ventilation - climatisation de l'Université Paris 1 Panthéon-Sorbonne,joue,autre,rectificatif,rectificatif,Université Paris 1 - Panthéon Sorbonne,75231,Paris cedex 5,,"['Chauffage (exploitation, entretien)']",[59],non,oui
168,20-58932,2020-05-09,2020-06-16,['75'],Maintien en condition opérationnelle des plateformes élévatrices d'ateliers moteurs M53.,joue,directive81,appeloffre,initial,MINARM/DMAé,75509,Paris cedex 15,,['Aéronautique'],[4],non,non
169,20-61533,2020-05-09,2020-06-23,['75'],Prestations d'externalisation des supports en restauration pour les hôpitaux universitaires Tenon (lot 1) et Armand Trousseau (lot 2) du groupe hospitalo-universitaire AP-HP Sorbonne Université,joue,directive24,appeloffre,initial,ASSISTANCE PUBLIQUE HOPITAUX DE PARIS,75651,Paris cedex 13,,['Prestations de services'],[274],non,non
170,20-61492,2020-05-09,2020-05-26,['75'],Regroupement des services de neurologie à Castaigne,joue,autre,rectificatif,rectificatif,ASSISTANCE PUBLIQUE HOPITAUX DE PARIS,75651,Paris cedex 13,,"[""Tous corps d'état""]",[345],non,non
171,20-61233,2020-05-09,2020-06-09,"['75', '94']",Prestations de nettoaye et/ou bio nettoyage des locaux des Hôpitaux Universitaires La Pitié Salpêtrière - Charles Foix,joue,autre,rectificatif,rectificatif,ASSISTANCE PUBLIQUE HOPITAUX DE PARIS,75651,Paris cedex 13,,['Prestations de services'],[274],non,non
172,20-61327,2020-05-09,2020-06-07,['75'],Acquisition de vitrages multicouches pour les véhicules de la Police nationale et de la Gendarmerie nationale.,joue,directive24,attribution,initial,SAELSI,75800,Paris cedex 8,"[('2020-04-27', 'AGP Europe GmbH', (1000000, 'EUR'), 'Fourniture de vitrages multicouches pour les véhicules de la Police nationale et de la Gendarmerie nationale')]",['Véhicules'],[359],non,non
173,20-61334,2020-05-09,2020-06-02,"['76', '14']",Concessions des ponts de Normandie et Tancarville - Fournitures de lampes et de matériels électriques,joue,autre,rectificatif,rectificatif,CCIT SEINE ESTUAIRE,76067,Le havre cedex,,['Eclairage public'],[102],non,non
174,20-61244,2020-05-09,2020-06-16,['76'],Transports D'Eleves Sur Le Territoire De La Communaute Urbaine,joue,directive24,appeloffre,initial,LE HAVRE SEINE METROPOLE,76085,Le Havre,,['Transport'],[347],non,non
175,20-61691,2020-05-09,2020-06-16,['76'],Nettoyage De Hottes Pour Le Departement De La Seine-Maritime Et Le Sdis De La Seine-Maritime (202003041118),joue,directive24,appeloffre,initial,Département de Seine-Maritime,76101,Rouen Cedex,,['Prestations de services'],[274],non,oui
176,20-61725,2020-05-09,2020-06-26,['76'],Acquisition et mise en place d'une solution informatique pour la gestion de l'imprimerie du Département,joue,directive24,appeloffre,initial,Département de Seine-Maritime,76101,Rouen Cedex,,"['Informatique (prestations de services)', 'Logiciel']","[163, 186]",non,non
177,20-61510,2020-05-09,2020-06-08,['76'],étude de la productivité des systèmes aquifères de la vallée de la Seine : maitrise d'oeuvre de forage et prestations hydrogéologiques diverses,joue,autre,rectificatif,rectificatif,METROPOLE ROUEN NORMANDIE,76176,Rouen,,"[""Maîtrise d'oeuvre""]",[197],non,non
178,20-61755,2020-05-09,2020-06-08,['76'],Achat de bâtiments modulaires pour le groupe scolaire Jean Jaurès-Accord cadre 2020-2023,joue,directive24,appeloffre,initial,COMMUNE DE OISSEL,76350,Oissel Sur Seine,,['Bâtiments modulaires'],[27],non,non
179,20-61665,2020-05-09,2020-05-29,"['76', '14', '27', '80']",Acquisition et installation d'équipement en matériel audiovisuel fixe pour l'université le havre normandie,joue,autre,rectificatif,rectificatif,Université du Havre,76600,Le havre,,['Audiovisuel'],[22],non,non
180,20-61623,2020-05-09,2020-06-12,['76'],Fournitures de bureau et d'enveloppes,joue,directive24,appeloffre,initial,Université de Rouen,76821,Mont saint aignan,,['Papeterie'],[262],non,oui
181,20-60890,2020-05-09,2020-06-10,['77'],fourniture de produits et petits matériels pour l'entretien et l'hygiène des locaux,joue,directive24,attribution,initial,Ville de Noisiel,77186,Noisiel,,"['Articles à usage unique', 'Hygiène (articles)', 'Nettoyage de locaux', ""Produits d'entretien""]","[15, 153, 239, 278]",non,oui
182,20-61248,2020-05-09,2020-06-12,['77'],Prestations de transport de personnes,joue,directive24,appeloffre,initial,Ville de Fontainebleau,77303,Fontainebleau,,['Transport'],[347],non,non
183,20-61269,2020-05-09,2020-06-10,['77'],fourniture et acheminement de gaz naturel et services associés,joue,directive24,appeloffre,initial,Ville de Quincy-Voisins,77860,Quincy-Voisins,,"['Electricité, gaz (fourniture)']",[443],non,non
184,20-61216,2020-05-09,2020-05-29,['78'],Maintenance et extension de la vidéo protection urbaine et du réseau de fibre optique,joue,autre,rectificatif,rectificatif,COMMUNE DE MAISONS LAFFITTE,78600,Maisons laffitte,,['Surveillance'],[331],non,non
185,20-56259,2020-05-09,2020-06-29,['79'],programme fauchage et elagage sur la commune de bressuire et les communes deleguees - accord-cadre mono-attributaire avec emission de bons de commande,joue,directive24,appeloffre,initial,Commune de Bressuire,79302,Bressuire,,['Espaces verts'],[116],non,non
186,20-61371,2020-05-09,2020-06-08,"['83', '6']","Marché de prestations intellectuelles pour la conception lumière des aménagements publics extérieurs, plage de Pampelonne à Ramatuelle (Var)",joue,directive24,appeloffre,initial,Var Aménagement Développement,83056,Toulon,,"['Assistance technique', 'Eclairage public', 'Etude']","[19, 102, 118]",non,oui
187,20-61563,2020-05-09,2020-06-15,['83'],Concours de maîtrise d'oeuvre pour la construction de l'EHPAD de Solliès-Pont (83),joue,autre,rectificatif,rectificatif,EHPAD FELIX PEY,83210,SOLLIES-PONT,,"[""Maîtrise d'oeuvre""]",[197],non,non
188,20-61413,2020-05-09,2020-07-25,['83'],Base navale de Toulon - Marché de travaux de création d'une centrale de production 60Hz dédiée au PA CdG.Le présent avis de marché concerne un dépôt de candidatures. Les documents de consultatio,joue,directive81,appeloffre,initial,MINDEF/SGA/DCSID/ESID.TOULON,83800,Toulon cedex 9,,"['Electricité (travaux)', 'Génie civil', 'Groupe électrogène']","[105, 141, 143]",oui,non
189,20-50123,2020-05-09,2021-06-16,"['84', '13', '30']","fourniture de matériels, d'accessoires informatiques et multimedia (devices) et prestations associées 2020-2024",joue,directive24,appeloffre,initial,Ville d'Avignon,84045,Avignon cedex 09,,['Informatique (matériel)'],[162],non,oui
190,20-61748,2020-05-09,2020-06-09,['84'],Fourniture et acheminement d'électricité et de gaz naturel et services associés,joue,directive24,appeloffre,initial,CC Pays d'Apt Lubéron,84400,Apt,,"['Electricité, gaz (fourniture)']",[443],non,non
191,20-61204,2020-05-09,2020-08-04,['85'],Fourniture de réactifs et consommables pour la réalisation d'analyses en biologie moléculaire au Laboratoire de l'Environnement et de l'Alimentation de la Vendée - (lot 5),joue,directive24,attribution,initial,DEPARTEMENT DE VENDEE,85021,La Roche sur Yon,"[('2020-03-24', 'Life Technologies Sas', (6690, 'EUR'), 'Consommables pour amplification sur thermocycleur Chromo 4 et Cfx de marque Biorad')]",['Réactifs'],[301],non,non
192,20-61728,2020-05-09,2020-06-17,['85'],Renouvellement des solutions informatiques de billetteries et boutiques du Département,joue,directive24,appeloffre,initial,Conseil général de la Vendée,85923,La Roche sur Yon,,"['Informatique (matériel)', 'Logiciel']","[162, 186]",non,non
193,20-61593,2020-05-09,2020-07-10,['85'],"Entretien, marquage et réparations du linge des résidents du Centre Hospitalier Côte de Lumière.",joue,directive24,attribution,initial,CHD VENDEE,85925,La roche sur yon cedex 9,"[('2020-05-05', 'ESAT YON ET BOCAGE', (379531.8, 'EUR'), ""L'entretien, le marquage et les réparations du linge des résidents du Centre Hospitalier Côte de Lumière."")]",['Prestations de services'],[274],oui,oui
194,20-61744,2020-05-09,2020-06-06,['86'],renouvellement de réseaux AEP 2020-1,joue,directive24,attribution,initial,Eaux de Vienne - Siveer,86000,Poitiers,,"['Alimentation en eau potable', 'Réseaux divers', 'Voirie et réseaux divers']","[6, 306, 366]",non,non
195,20-61496,2020-05-09,2020-06-10,['87'],FOURNITURE ET LIVRAISON DE REACTIFS CHIMIQUES POUR LES UNITES DE TRAITEMENT D'EAU POTABLE DE LIMOGES METROPOLE,joue,directive24,appeloffre,initial,COMMUNAUTE D AGL LIMOGES METROPOLE,87031,Limoges,,"['Produits chimiques', 'Réactifs']","[275, 301]",non,non
196,20-61214,2020-05-09,2020-07-07,['87'],"Prestations de service d'agence de voyage pour les besoins des déplacements professionnels aériens, terrestres et maritimes des personnels de l'ASP et prestations d'hébergement associée",joue,directive24,attribution,initial,Agence de services et de paiement,87040,Limoges,"[('2020-05-05', 'JANCARTHIER VOYAGES', (720000, 'EUR'), ""Prestations de service d'agence de voyage pour les besoins des déplacements professionnels aériens, terrestres et maritimes des personnels de l'ASP et prestations d'hébergement associées."")]",['Prestations de services'],[274],non,non
197,20-61610,2020-05-09,2020-06-15,['87'],Assurance prévoyance statutaire,joue,directive24,appeloffre,initial,Mairie de Panazol,87350,PANAZOL,,['Assurance'],[20],non,non
198,20-61555,2020-05-09,2020-06-16,['90'],Fourniture de dispositifs médicaux pour angioplastie et coronarographie,joue,directive24,appeloffre,initial,Hôpital Nord Franche Comté,90015,Belfort,,['Consommables médicaux'],[69],non,non
199,20-61548,2020-05-09,2020-05-31,['91'],FOURNITURE D'EFFETS D'HABILLEMENT DE SPORT DESTINES AUX ELEVES DE L'ECOLE POLYTECHNIQUE,joue,directive24,attribution,initial,École Polytechnique,91128,Palaiseau cedex,"[('2020-05-04', 'POKEE SPORT PUBLICITE', (55000, 'EUR'), 'Fourniture de vêtements de sport (maillots de sports manches courtes rouges ou jaunes personnalisés - Fourniture de coupe-vent imperméables noirs - Fourniture de shorts multisports)'), ('2020-05-04', 'KERMASPORT', (77000.0, 'EUR'), 'Fourniture de chaussures de sport'), ('2020-05-04', 'POKEE SPORT PUBLICITE', (90000.0, 'EUR'), 'Fourniture de survêtements de sport')]","['Habillement', 'Prestations de services']","[150, 274]",non,oui
200,20-61669,2020-05-09,2020-06-16,['91'],Mission de Maitrise duvre pour des opérations dîtes exclusivement relatives à la mise en accessibilité tous handicaps,joue,directive24,appeloffre,initial,UNIVERSITE PARIS-SACLAY,91190,SAINT AUBIN,,['Ingénierie'],[455],non,non
201,20-61314,2020-05-09,2020-07-07,['92'],Travaux de mise en conformité des ascenseurs et appareils de levage des bâtiments du département des Hauts-de-Seine,joue,directive24,attribution,initial,Cons. Départ. des Hauts-de-Seine,92000,Nanterre,,['Ascenseur'],[17],non,non
202,20-61712,2020-05-09,2020-07-31,['92'],"Maintenance et entretien des équipements électriques HTA / BTA, des groupes électrogènes et des onduleurs pour les établissements du Groupement Hospitalier Territorial des Hauts-de-Seine",joue,directive24,appeloffre,initial,GHT 92,92210,Saint-cloud,,"['Groupe électrogène', 'Maintenance', 'Onduleur']","[143, 196, 465]",non,non
203,20-61452,2020-05-09,2020-06-29,"['92', '75']",Suivi et animation de l'opération programmée d'amélioration de l'habitat (OPAH) de la commune de Gennevilliers,joue,directive24,appeloffre,initial,BOUCLE NORD DE SEINE,92230,Gennevilliers,,['Etude'],[118],non,non
204,20-61715,2020-05-09,2020-06-10,"['92', '91']","EXPLOITATION ET CONDUITE DES INSTALLATIONS DE CHAUFFAGE, VENTILATION ET CLIMATISATION AVEC PETITS TRAVAUX D'ENTRETIEN (P2) ET FOURNITURE DE COMBUSTIBLE (P1)",joue,directive24,appeloffre,initial,ONERA - Direction des Achats,92322,Chatillon cedex,,"['Chauffage (exploitation, entretien)']",[59],non,non
205,20-61235,2020-05-09,2020-07-15,"['92', '91', '93', '94']",2019SINA-INFOGERANCE-DSI,joue,directive24,attribution,initial,ONERA - Direction des Achats,92322,Chatillon cedex,,['Informatique (prestations de services)'],[163],non,non
206,20-61395,2020-05-09,2020-06-09,['92'],"Location, installation, maintenance et exploitation d'une patinoire temporaire découverte.",joue,directive24,appeloffre,initial,Commune de Rueil-Malmaison,92501,Rueil-malmaison cedex,,['Equipement sportif'],[113],non,non
207,20-61534,2020-05-09,2020-06-08,['92'],Prestation de relevés topographiques des voies de la ville de Neuilly-sur-Seine,joue,autre,rectificatif,rectificatif,Ville de Neuilly-sur-Seine,92522,Neuilly-sur-seine,,['Topographie'],[344],non,non
208,20-61568,2020-05-09,2020-06-16,['93'],Prestations de mise à disposition d'agents de sûreté et de matériels de contrôle pour assurer la surveillance et le contrôle d'accès de sites communaux,joue,directive24,appeloffre,initial,Ville de Noisy-le-Grand,93160,Noisy-le-grand,,"['Prestations de services', 'Surveillance']","[274, 331]",oui,non
209,20-61199,2020-05-09,2020-06-15,['93'],Contrat d'emprunt pour le financement des projets immobiliers de l'EFS,joue,directive24,appeloffre,initial,Etablissement Français du Sang,93218,La Plaine Saint-Denis,,['Prestations de services'],[274],non,non
210,20-61660,2020-05-09,2020-06-15,['93'],Fourniture de carburants et prestations annexes,joue,directive24,appeloffre,initial,EPT Plaine Commune,93218,Saint-denis cedex,,"['Carte magnétique, carte à puce']",[403],oui,non
211,20-61680,2020-05-09,2020-07-27,['93'],Assurance dommages ouvrage et Collectif Complémentaire de Responsabilité Décennale pour le chantier de la piscine et du conservatoire de Pantin,joue,directive24,appeloffre,initial,EST ENSEMBLE,93232,Romainville,,['Assurance'],[20],oui,non
212,20-61354,2020-05-09,2020-06-22,"['93', '75', '92', '94']",prestation de mise à disposition d'intérim de personnel infirmier et aide-soignant pour le service de soins infirmiers à domicile (s.s.i.a.d.),joue,directive24,appeloffre,initial,Ville d'Aubervilliers,93300,aubervilliers,,['Mise à disposition de personnel'],[461],non,non
213,20-61591,2020-05-09,2020-06-12,['75'],"Prestations de restauration scolaire - fourniture de repas en liaison froide, en liaison chaude, assistance technique et production de repas",joue,directive24,appeloffre,initial,REGION ILE DE FRANCE,93400,Saint-Ouen-sur-Seine,,['Restauration collective'],[66],non,non
214,20-36758,2020-05-09,2020-06-12,['93'],"prestations de collecte/transfert, transformation des cadavres d'animaux et envoi des produits dérivés vers des filières autorisées",joue,directive24,attribution,initial,FranceAgriMer,93555,Montreuil cedex,"[('2020-03-31', 'SECANIM SUD-EST', (8290.17, 'EUR'), 'Zone géographique: Ain'), ('2020-03-31', 'ATEMAX FRANCE ', (5863.52, 'EUR'), 'Zone géographique: Aisne'), ('2020-03-31', 'SECANIM SUD-EST', (5629.42, 'EUR'), 'Zone géographique: Allier'), ('2020-03-31', 'SECANIM SUD-EST ', (3395.28, 'EUR'), 'Zone géographique: Alpes de Haute Provence'), ('2020-04-01', 'PROVALT JURA ', (6783.91, 'EUR'), 'Zone géographique: Hautes Alpes'), ('2020-03-31', 'SECANIM SUD-EST ', (23752.43, 'EUR'), 'Zone géographique: Alpes Maritimes'), ('2020-03-31', 'SECANIM SUD-EST ', (5488.17, 'EUR'), 'Zone géographique: Ardèche'), ('2020-03-31', 'ATEMAX FRANCE', (3950.91, 'EUR'), 'Zone géographique: Ardennes'), ('2020-03-31', 'ATEMAX FRANCE ', (3632.74, 'EUR'), 'Zone géographique: Ariège'), ('2020-03-31', 'ATEMAX FRANCE ', (3143.67, 'EUR'), 'Zone géographique: Aube'), ('2020-03-31', 'ATEMAX FRANCE ', (21973.9, 'EUR'), 'Zone géographique: Aude'), ('2020-03-31', 'ATEMAX FRANCE ', (576.72, 'EUR'), 'Zone géographique: Aveyron (Principal)'), ('2020-04-01', 'SICA SOPA', (245.99, 'EUR'), 'Zone géographique: Aveyron (Nord-Ouest)'), ('2020-03-31', 'SECANIM SUD-EST ', (204.04, 'EUR'), 'Zone géographique: Aveyron (Nord-Est)'), ('2020-03-31', 'SECANIM SUD-EST ', (62750.39, 'EUR'), 'Zone géographique: Bouches du Rhône'), ('2020-03-31', 'ATEMAX FRANCE ', (14555.56, 'EUR'), 'Zone géographique: Calvados'), ('2020-04-01', 'SICA SOPA ', (1762.31, 'EUR'), 'Zone géographique: Cantal (Principal)'), ('2020-03-31', 'SECANIM SUD-EST ', (708.68, 'EUR'), 'Zone géographique: Cantal (Est)'), ('2020-03-31', 'SECANIM CENTRE', (11991.23, 'EUR'), 'Zone géographique: Charente'), ('2020-03-31', 'SECANIM CENTRE ', (49238.1, 'EUR'), 'Zone géographique: Charente Maritime'), ('2020-03-31', 'SECANIM SUD-EST ', (2676.09, 'EUR'), 'zone géographique: Cher (Principal)'), ('2020-03-31', 'ATEMAX', (505.85, 'EUR'), 'zone géographique: Cher (Nord-Ouest)'), ('2020-04-01', 'SICA SOPA', (2313.87, 'EUR'), None), ('2020-03-31', 'SECANIM CENTRE ', (1039.28, 'EUR'), 'zone géographique: Corrèze (Nord-Ouest)'), ('2020-03-31', 'SECANIM SUD-EST', (396008.71, 'EUR'), 'zone géographique: Corse'), ('2020-03-31', 'ATEMAX FRANCE ', (14874.77, 'EUR'), ""zone géographique: Côte d'or""), ('2020-03-31', 'SECANIM BRETAGNE ', (30271.13, 'EUR'), ""zone géographique: Côte d'Armor""), ('2020-03-31', 'SECANIM SUD-EST ', (5716.77, 'EUR'), 'zone géographique: Creuse'), ('2020-03-31', 'SECANIM CENTRE ', (18706.88, 'EUR'), 'zone géographique: Dordogne'), ('2020-03-31', 'SECANIM SUD-EST', (5256.48, 'EUR'), 'zone géographique: Doubs'), ('2020-03-31', 'SECANIM SUD-EST', (13307.92, 'EUR'), 'zone géographique: Drôme'), ('2020-03-31', 'ATEMAX FRANCE   ', (4946.18, 'EUR'), 'zone géographique: Eure'), ('2020-03-31', 'ATEMAX FRANCE', (11469.73, 'EUR'), 'zone géographique: Eure et Loir'), ('2020-03-31', 'SECANIM BRETAGNE', (31478.67, 'EUR'), 'zone géographique: Finistère'), ('2020-03-31', 'SECANIM SUD-EST', (46843.24, 'EUR'), 'zone géographique: Gard'), ('2020-03-31', 'ATEMAX FRANCE', (23988.71, 'EUR'), 'zone géographique: Haute Garonne'), ('2020-03-31', 'ATEMAX FRANCE', (2599.62, 'EUR'), 'zone géographique: Gers'), ('2020-03-31', 'SECANIM CENTRE', (53440.89, 'EUR'), 'zone géographique: Gironde (Principal)'), ('2020-03-31', 'ATEMAX FRANCE', (11127.6, 'EUR'), 'zone géographique: Gironde (Sud-Est)'), ('2020-03-31', 'ATEMAX FRANCE', (60557.88, 'EUR'), 'zone géographique: Hérault'), ('2020-03-31', 'SECANIM BRETAGNE', (59092.51, 'EUR'), None), ('2020-03-31', 'ATEMAX FRANCE', (8394.44, 'EUR'), 'zone géographique: Ille et Vilaine (Nord Ouest)'), ('2020-03-31', 'SECANIM SUD-EST', (12211.76, 'EUR'), 'zone géographique: Indre'), ('2020-03-31', 'SECANIM CENTRE', (9568.26, 'EUR'), 'zone géographique: Indre et Loire'), ('2020-04-01', 'PROVALT JURA', (21546.05, 'EUR'), 'zone géographique: Isère'), ('2020-04-01', 'PROVALT JURA', (5188.91, 'EUR'), 'zone géographique: Jura'), ('2020-03-31', 'ATEMAX FRANCE', (13242.24, 'EUR'), 'zone géographique: Landes'), ('2020-03-31', 'ATEMAX FRANCE', (7945.02, 'EUR'), 'zone géographique: Loir et Cher'), ('2020-04-01', 'PROVALT JURA', (7171.57, 'EUR'), 'zone géographique: Loire'), ('2020-03-31', 'SECANIM SUD-EST', (3025.31, 'EUR'), 'zone géographique: Haute Loire'), ('2020-03-31', 'SECANIM CENTRE', (89473.4, 'EUR'), 'zone géographique: Loire Atlantique'), ('2020-03-31', 'ATEMAX FRANCE', (6897.97, 'EUR'), 'zone géographique: Loiret'), ('2020-03-31', 'ATEMAX FRANCE', (4487.75, 'EUR'), 'zone géographique: Lot'), ('2020-03-31', 'ATEMAX FRANCE', (10296.91, 'EUR'), 'zone géographique: Lot et Garonne'), ('2020-03-31', 'SECANIM SUD-EST', (107.02, 'EUR'), 'zone géographique: Lozère'), ('2020-03-31', 'SECANIM CENTRE', (17467.86, 'EUR'), 'zone géographique: Maine et Loire'), ('2020-03-31', 'ATEMAX FRANCE ', (53942.49, 'EUR'), 'zone géographique: Manche'), ('2020-03-31', 'ATEMAX FRANCE', (5778.55, 'EUR'), 'zone géographique: Marne'), ('2020-03-31', 'ATEMAX FRANCE', (2639.25, 'EUR'), 'zone géographique: Haute Marne'), ('2020-03-31', 'ATEMAX FRANCE', (11897.4, 'EUR'), 'zone géographique: Mayenne'), ('2020-03-31', 'ATEMAX FRANCE', (6575.0, 'EUR'), 'zone géographique: Meurthe et Moselle'), ('2020-03-31', 'ATEMAX FRANCE', (1319.74, 'EUR'), 'zone géographique: Meuse'), ('2020-03-31', 'SECANIM BRETAGNE', (71527.51, 'EUR'), 'Zone géographique: Morbihan'), ('2020-03-31', 'ATEMAX FRANCE', (9139.06, 'EUR'), 'zone géographique: Moselle'), ('2020-03-31', 'SECANIM SUD-EST', (4447.15, 'EUR'), 'zone géographique: Nièvre'), ('2020-03-31', 'ATEMAX FRANCE', (33311.73, 'EUR'), 'zone géographique: Nord'), ('2020-03-31', 'ATEMAX FRANCE', (6770.2, 'EUR'), 'zone géographique: Oise'), ('2020-03-31', 'ATEMAX FRANCE', (13949.93, 'EUR'), 'zone géographique: Orne'), ('2020-03-31', 'ATEMAX FRANCE', (23011.06, 'EUR'), 'zone géographique: Pas de Calais'), ('2020-03-31', 'SECANIM SUD-EST', (14925.46, 'EUR'), 'zone géographique: Puy de Dôme'), ('2020-03-31', 'ATEMAX FRANCE', (24378.37, 'EUR'), 'zone géographique: Pyrénées atlantique'), ('2020-03-31', 'ATEMAX FRANCE', (6988.51, 'EUR'), 'zone géographique: Hautes Pyrénées'), ('2020-03-31', 'ATEMAX FRANCE', (98388.42, 'EUR'), 'zone géographique: Pyrénées orientales'), ('2020-03-31', 'ATEMAX FRANCE', (13661.71, 'EUR'), 'zone géographique: Bas Rhin'), ('2020-03-31', 'ATEMAX FRANCE', (6575.02, 'EUR'), 'zone géographique: Haut Rhin (Principal)'), ('2020-03-31', 'SECANIM SUD-EST', (8241.43, 'EUR'), 'zone géographique: Haut Rhin (Sud)'), ('2020-03-31', 'SECANIM SUD-EST', (12420.75, 'EUR'), 'zone géographique: Rhône'), ('2020-03-31', 'ATEMAX FRANCE', (3675.0, 'EUR'), 'zone géographique: Haute Saône'), ('2020-04-01', 'PROVALT JURA', (10051.92, 'EUR'), 'zone géographique: Saône et Loire'), ('2020-03-31', 'ATEMAX FRANCE', (46902.04, 'EUR'), 'zone géographique: Sarthe'), ('2020-04-01', 'PROVALT JURA', (16928.66, 'EUR'), 'zone géographique: Savoie'), ('2020-04-01', 'PROVALT JURA', (15659.5, 'EUR'), 'zone géographique: Haute Savoie'), ('2020-03-31', 'ATEMAX FRANCE', (96959.81, 'EUR'), 'zone géographique: Ile de France'), ('2020-03-31', 'ATEMAX FRANCE', (12924.22, 'EUR'), 'zone géographique: Seine Maritime'), ('2020-03-31', 'SECANIM CENTRE', (10861.63, 'EUR'), 'zone géographique: Deux Sèvres'), ('2020-03-31', 'ATEMAX FRANCE', (6067.17, 'EUR'), 'zone géographique: Somme'), ('2020-03-31', 'ATEMAX FRANCE', (10581.68, 'EUR'), 'zone géographique: Tarn'), ('2020-03-31', 'ATEMAX FRANCE', (3707.28, 'EUR'), 'zone géographique: Tarn et Garonne'), ('2020-03-31', 'SECANIM SUD-EST', (30925.34, 'EUR'), 'zone géographique: Var'), ('2020-03-31', 'SECANIM SUD-EST', (16320.3, 'EUR'), 'zone géographique: Vaucluse'), ('2020-03-31', 'SECANIM CENTRE', (163105.3, 'EUR'), None), ('2020-03-31', 'SECANIM CENTRE', (15511.87, 'EUR'), 'zone géographique: Vienne'), ('2020-03-31', 'SECANIM SUD-EST', (9549.11, 'EUR'), 'zone géographique: Haute Vienne'), ('2020-03-31', 'ATEMAX FRANCE', (3977.48, 'EUR'), 'zone géographique: Vosges (Principal)'), ('2020-03-31', 'SECANIM SUD-EST', (1853.4, 'EUR'), 'zone géographique: Vosges (Est)'), ('2020-03-31', 'ATEMAX FRANCE', (5660.03, 'EUR'), 'zone géographique: Yonne'), ('2020-03-31', 'SECANIM SUD-EST', (2571.59, 'EUR'), 'zone géographique: Territoire de Belfort')]",['Prestations de services'],[274],non,non
215,20-61391,2020-05-09,2020-12-12,['93'],"LOCATION, INSTALLATION ET MAINTENANCE D'UNE PATINOIRE MOBILE, DE SES ANNEXES ET DE MATERIELS DE PATINAGE - ANNEE 2020/2021 RENOUVELABLE EVENTUELLEMENT JUSQU'EN 2023/2024",joue,directive24,appeloffre,initial,Ville d'Aulnay-sous-Bois,93600,Aulnay-sous-bois,,['Equipement sportif'],[113],non,non
216,20-61667,2020-05-09,2020-06-22,"['94', '77', '93']",2020PFPRESINFO,joue,directive24,appeloffre,initial,Université Paris-Est Créteil,94010,Créteil cedex,,['Informatique (prestations de services)'],[163],non,non
217,20-61291,2020-05-09,2020-07-07,['94'],Assistance technique pour la réalisation des études et le suivi des travaux d'infrastructures,joue,autre,rectificatif,rectificatif,Département du Val de Marne,94054,Creteil cedex,,['Etude'],[118],non,non
218,20-61234,2020-05-09,2020-06-26,['94'],"Services d'assurances pour le groupement de Fontenay-sous-Bois : responsabilité générale, dommages aux biens, automobile et risques annexes",joue,directive24,appeloffre,initial,Ville de Fontenay-sous-Bois,94125,Fontenay-sous-Bois,,['Assurance'],[20],non,non
219,20-61613,2020-05-09,2020-06-26,"['94', '75']",Fourniture de prestations de maintenance ainsi que fourniture de pièces détachées pour lave bassins et équipements d'hygiène,joue,directive24,appeloffre,initial,ASSISTANCE PUBLIQUE HOPITAUX DE PARIS,94270,Le kremelin bicetre,,['Maintenance'],[196],non,oui
220,20-61540,2020-05-09,2020-09-02,"['94', '75']",Fourniture de laits infantiles pour l'APHP,joue,directive24,appeloffre,initial,ASSISTANCE PUBLIQUE HOPITAUX DE PARIS,94270,Le kremlin-bicêtre,,"[""Produits de l'agriculture""]",[276],oui,non
221,20-61497,2020-05-09,2020-06-24,['94'],"Collecte interne des déchets pour la Pitié,HEGP, Chenevier ,Mondor,Debré et Louis Mourier",joue,autre,rectificatif,rectificatif,ASSISTANCE PUBLIQUE HOPITAUX DE PARIS,94270,Kremlin-bicêtre,,['Déchets non ménagers (prestations)'],[404],oui,oui
222,20-58170,2020-05-09,2020-07-07,['95'],Concours de maîtrise d'oeuvre restreint pour la construction d'un collège 700 élèves et d'un gymnase à cergy,joue,directive24,attribution,initial,Conseil général du Val d'Oise,95032,Cergy-Pontoise cedex,,"[""Maîtrise d'oeuvre""]",[197],oui,oui
223,20-61190,2020-05-09,2020-07-01,"['95', '75']",couverture des risques statutaires,joue,directive24,attribution,initial,SYNDICAT AZUR,95100,Argenteuil,"[('2020-05-01', 'GRAS SAVOYE', (515292, 'EUR'), 'COUVERTURE DES RISQUES STATUTAIRES')]",['Assurance'],[20],non,non
224,20-60628,2020-05-09,2020-06-17,['974'],fourniture d'une pompe (4m³/s) et d'un stock de pièces de rechange pour le stade en eaux vives intercommunal à sainte-suzanne.,joue,directive24,appeloffre,initial,CINOR,97 495,Sainte Clotilde CEDEX (Réunion  France),,"['Pièces détachées', 'Pompes']","[266, 272]",non,non
225,20-34836,2020-05-09,2020-06-15,['972'],Fourniture de titres restaurant dématerialisés pour le personnel de la collectivité territoriale de Martinique,joue,directive24,appeloffre,initial,COLLECTIVITE TERRITORIALE MARTINIQUE,97200,FORT DE FRANCE,,['Prestations de services'],[274],non,non
226,20-61612,2020-05-09,2020-06-15,['973'],Mission d'Assistance à la Maîtrise d'Ouvrage - Projet de parcours personnalisés de formations innovantes pour jeunes sans emploi,joue,directive24,appeloffre,initial,Université de Guyane,97337,CAYENNE CEDEX,,['Formation'],[410],non,non
227,20-61435,2020-05-09,2020-06-11,['974'],externalisation du Centre d'Appel de la Direction de l'E-Administration et de la Modernisations des Services,joue,directive24,appeloffre,initial,Département de la Réunion,97400,Saint-Denis,,"['Informatique (prestations de services)', 'Télécommunications']","[163, 338]",non,non
228,20-61180,2020-05-09,2020-06-11,['974'],Fournitures de plastiques divers pour le Laboratoire Vétérinaire Départemental pour la periode2020-2024,joue,directive24,appeloffre,initial,Département de la Réunion,97400,Saint-Denis,,['Laboratoire (fourniture)'],[181],non,non
229,20-61349,2020-05-09,2020-06-26,['974'],AOO. Maîtrise d'oeuvre et études réglementaires relatives à l'extension du CTVD. Réalisation de la Tranche 7 et études pour le traitement des déchets ultimes d'ILEVA.,joue,directive24,appeloffre,initial,SMTDRSO,97410,SAINT-PIERRE,,"['Assistance technique', 'Décharge', ""Maîtrise d'oeuvre"", 'Ingénierie']","[19, 84, 197, 455]",non,non
230,20-61432,2020-05-09,2020-06-09,['974'],Travaux De Desamiantage Des Batiments De L'Apeca,joue,directive24,appeloffre,initial,Mairie du Tampon,97430,Le Tampon,,['Amiante (désamiantage)'],[479],non,non
231,20-61761,2020-05-09,2020-06-30,['975'],Fourniture d'un rouleau mixte,joue,directive24,appeloffre,initial,DTAM SPM,97500,Saint-pierre et miquelon,,['Véhicules'],[359],non,non
232,20-61403,2020-05-09,2020-05-30,"['976', '974']",Fourniture en Equipement Mobilier et Matériel pour l'académie de Mayotte,joue,directive24,appeloffre,initial,Rectorat de Mayotte,97600,Mamoudzou,,"['Matériel médical', 'Mobilier']","[212, 230]",oui,oui
233,20-61170,2020-05-09,2020-05-20,['974'],"Fourniture, livraison et installation de mobilier / 1er équipement pour l'opération de construction des locaux de l'ESIROI et de l'extension de l'IUT à Saint-Pierre Terre sainte",joue,autre,rectificatif,rectificatif,Université de la Réunion,97744,Saint-denis cedex 9,,['Mobilier'],[230],non,non
234,20-49554,2020-05-09,2020-07-17,['67'],Exploitation commerciale (hors billetterie) du château du Haut-Koenigsbourg,joue,directive23,appeloffre,initial,DEPARTEMENT DU BAS RHIN,,Strasbourg,,['Restauration collective'],[66],oui,non
235,20-56553,2020-05-09,2020-06-17,"['57', '54', '55', '88', '67']",moe relative aux travaux de réhabilitation d'un ancien bâtiment du chru pour l'extension de l'hôtel de police de nancy,joue,directive24,appeloffre,initial,SGAMI Est DAGF BCP,,METZ,,"[""Maîtrise d'oeuvre"", ""Mission d'ordonnancement, pilotage, coordination (OPC)"", 'Prestations de services', 'Amiante (diagnostic)', 'Ingénierie']","[197, 234, 274, 431, 455]",non,oui
236,20-58956,2020-05-09,2020-06-16,['76'],"marché de maintenance des équipements et installations de chauffage, ecs, traitement de l'air climatisation",joue,directive24,appeloffre,initial,Ville de Petit Couronne,,Petit Couronne,,"['Chauffage (exploitation, entretien)']",[59],non,non
237,20-60501,2020-05-09,2020-07-10,['25'],marché de maîtrise d'oeuvre d'espaces publics et résidentiels sur les secteurs de cassin (lot 1) et epoisses (lot 2),joue,directive24,attribution,initial,Grand Besançon Métropole,,Besançon,,"[""Maîtrise d'oeuvre""]",[197],non,non
238,20-60854,2020-05-09,2020-06-15,['74'],externalisation envoi flux documentaires,joue,directive25,appeloffre,initial,ENERGIE ET SERVICES DE SEYSSEL,,74910 SEYSSEL,,"['Impression', 'Routage']","[160, 312]",non,non
239,20-60927,2020-05-09,2020-06-30,"['21', '52']",appel d'offres ouvert no 1932 : fourniture de dispositifs médicaux implantables stériles et non stériles.,joue,directive24,attribution,initial,CHU de Dijon Bourgogne,,Dijon,"[('2020-03-30', 'ADVANCED BIONICS', (574407.6, 'EUR'), None), ('2020-03-30', 'ALLERGAN', (49800.82, 'EUR'), None), ('2020-03-30', 'AMPLITUDE', (186022, 'EUR'), None), ('2020-03-31', 'ARTHREX', (10774.5, 'EUR'), None), ('2020-03-30', 'ASTON MEDICAL', (851867.6, 'EUR'), None), ('2020-03-30', 'AXIA DIS', (199999, 'EUR'), None), ('2020-03-30', 'B BRAUN MEDICAL', (81769.92, 'EUR'), None), ('2020-04-21', 'BARD FRANCE SAS', (69350, 'EUR'), None), ('2020-03-31', 'BAUSCH ET LOMB', (36000, 'EUR'), None), ('2020-03-31', 'BIOBANK', (15218.84, 'EUR'), None), ('2020-03-31', 'CARL ZEISS MEDITEC', (486000, 'EUR'), None), ('2020-03-30', 'COCHLEAR', (775486.3, 'EUR'), None), ('2020-03-31', 'COLLIN', (40079, 'EUR'), None), ('2020-03-30', 'CMT WENGER', (6767.7, 'EUR'), None), ('2020-03-30', 'DENTSPLY SIRONA', (40134.8, 'EUR'), None), ('2020-03-30', 'DISTRICLASS MEDICAL SA', (45600, 'EUR'), None), ('2020-03-31', 'ELIAMM S.A.R.L', (153885.6, 'EUR'), None), ('2020-04-03', 'EVOLUTIS', (96877, 'EUR'), None), ('2020-03-30', 'FCI SAS', (24927.36, 'EUR'), None), ('2020-04-01', 'FH ORTHOPEDICS', (4368.8, 'EUR'), None), ('2020-03-30', 'GEISTLICH', (35178.18, 'EUR'), None), ('2020-03-31', 'GLOBAL S', (45888.6, 'EUR'), None), ('2020-03-31', 'HOYA SURGICAL OPTICS GMBH', (88000, 'EUR'), None), ('2020-03-31', 'jOHNSON &amp;JOHNSON MEDICAL', (717030.5, 'EUR'), None), ('2020-03-31', 'LABORATOIRES ALCON', (23250, 'EUR'), None), ('2020-03-30', 'MED-EL ELEKTROMEDIZINISCHE ', (506918.96, 'EUR'), None), ('2020-03-30', 'MEDTRONIC', (1999999, 'EUR'), None), ('2020-03-30', 'NEWCLIP TECHNICS', (139956, 'EUR'), None), ('2020-03-30', 'NOBEL BIOCARE', (73000, 'EUR'), None), ('2020-03-30', 'NORAKER', (27744, 'EUR'), None), ('2020-03-30', 'NOVOMEDICS', (99999, 'EUR'), None), ('2020-03-30', 'ORTHOFIX', (99999, 'EUR'), None), ('2020-03-30', 'OST DEVELOPPEMENT', (99999, 'EUR'), None), ('2020-03-30', 'PROTHEOS', (99999, 'EUR'), None), ('2020-03-30', 'SERF', (1113955.76, 'EUR'), None), ('2020-03-30', 'SERF EXTREMITY', (60585, 'EUR'), None), ('2020-03-31', 'SMITH &amp; NEPHEW SAS', (172941.48, 'EUR'), None), ('2020-03-30', 'SOPHYSA', (200048, 'EUR'), None), ('2020-03-30', 'SPINEART SA', (22915.98, 'EUR'), None), ('2020-03-30', 'STRYKER', (1999999, 'EUR'), None), ('2020-03-30', 'TORNIER', (105687, 'EUR'), None), ('2020-03-30', 'X NOV', (199999, 'EUR'), None), ('2020-03-30', 'ZIMMER BIOMET', (822494, 'EUR'), None)]",['Consommables médicaux'],[69],non,non
240,20-60941,2020-05-09,2020-12-31,"['25', '68', '70', '90']","fourniture de materiels, logiciels et consommables micro-informatiques et bureautiques",joue,directive24,attribution,initial,DEPARTEMENT DU TERRITOIRE DE BELFORT,,BELFORT,"[('2018-02-21', 'SCC', (90106.57, 'EUR'), 'Matériels informatiques'), ('2018-02-22', 'NCC', (30445.2, 'EUR'), 'Equipements actifs'), ('2018-02-21', 'SCC', (87949.55, 'EUR'), 'Logiciels'), ('2018-03-26', 'CALESTOR PERIWAY', (13626.03, 'EUR'), 'consommables informatiques')]","['Consommables informatiques', 'Informatique (matériel)', 'Logiciel']","[68, 162, 186]",non,non
241,20-61126,2020-05-09,2020-06-08,"['6', '4', '83']",Entretien de la végétation des cours d'eau et des ouvrages du territoire du SMIAGE,joue,directive24,appeloffre,initial,SYND MIXTE INONDATIONS AMENAGEMENT GES,,Nice,,"['Berge', 'Ouvrage hydraulique', 'Rivières/ruisseaux']","[35, 255, 310]",non,oui
242,20-61257,2020-05-09,2020-06-01,"['57', '54']",réhabilitation de l'ancien bâtiment energie (rectificatif),joue,autre,rectificatif,rectificatif,Syndicat Mixte des Portes de l'Orne,,ROMBAS,,"['Ascenseur', 'Bardage', 'Bâtiment', 'Charpente', 'Chauffage (travaux)', 'Climatisation', 'Couverture', 'Electricité (travaux)', 'Etanchéité', 'Gros oeuvre', 'Menuiserie', 'Peinture (travaux)', 'Plâtrerie', 'Ravalement', 'Revêtements de sols', 'Revêtements muraux', 'Sanitaire', 'Serrurerie']","[17, 30, 33, 57, 61, 62, 74, 105, 117, 144, 222, 264, 269, 299, 308, 309, 319, 321]",non,non
243,20-61454,2020-05-09,2020-07-01,"['1', '75']","Fourniture d'auto-piqueurs "" adultes "", d'auto-piqueurs "" enfants "", de pansements en emballage unitaire et de lingettes chlorexhidine en emballage unitaire",joue,directive24,appeloffre,initial,INSERM,,Paris,,['Consommables médicaux'],[69],non,non
244,20-61461,2020-05-09,2020-05-18,"['35', '22', '29', '56', '53']",prestation de restauration collective pour la ville et le ccas de cesson sévigné (rectificatif),joue,autre,rectificatif,rectificatif,COMMUNE DE CESSON SEVIGNE,,CESSON SEVIGNE,,['Restauration collective'],[66],non,non
245,20-61466,2020-05-09,2020-06-15,"['27', '76']",Réalisation de travaux neufs et d'entretien de voirie,joue,directive24,attribution,initial,CC DU VEXIN NORMAND,,GISORS,"[('2020-03-16', 'COLAS ILE DE FRANCE NORMANDIE', (6800000, 'EUR'), ""Réalisation de travaux neufs et d'entretien de voirie"")]",['Voirie'],[365],non,non
246,20-61558,2020-05-09,2020-12-31,['27'],"marché d'exploitation des équipements de chauffage, ventilation et eau chaude sanitaire de la commune de pont saint pierre",joue,directive24,attribution,initial,Commune de Pont-Saint-Pierre,,PONT SAINT PIERRE,,"['Chauffage (exploitation, entretien)']",[59],non,non
