a00_cle_idweb,g04_01_date_publication,g04_03_date_fin_diffusion,g04_07_dep_publication,g04_09_resume_objet,g01_02_01_famille,g01_02_02_perimetre,g01_02_03_nature,g01_02_04_statut,d01_01_denomination,d01_07_cp,d01_08_ville,d08_09_decision_titulaireandRENSEIGNEMENT,g04_052_descripteurs_libelles,g04_051_descripteurs_codes,g04_061_criteres_sociaux,g04_062_criteres_environnementaux
21-52087,2021-04-19,2021-05-18,"['1', '69']",Travaux pour la construction des pavillons de la grande plage de la Plaine Tonique à Malafretaz (01),fns,cmp2006,appeloffre,initial,Cap 3B Aménagement,01340,Montrevel en Bresse,,"['Bâtiment', 'Bois', 'Cuisine (équipement)', 'Menuiserie', 'Mobilier urbain', 'Plâtrerie', 'Terrasse']","[33, 38, 77, 222, 231, 269, 354]",non,non
21-50787,2021-04-19,2021-05-17,"['1', '39', '38', '69', '42', '74']",marché de service relatif à la gestion et l'exploitation de l'accueil de loisirs et activités jeunesse,fns,cmp2006,appeloffre,initial,Commune de Peron,01630,Peron,,['Prestations de services'],[274],non,non
21-52093,2021-04-19,2021-05-19,['2'],"Impression, façonnage et livraison de documents de communication-.",fns,cmp2006,appeloffre,initial,Valor'Aisne,02000,LAON,,['Reprographie'],[305],non,non
21-52290,2021-04-19,2021-05-26,"['2', '75', '51', '59', '60', '62']","Remplacements de menuiseries extérieures pour le siège social à Liesse-Notre-Dame, l'EEAP de Proisy et la MAS de Guise",fns,cmp2006,appeloffre,initial,Groupe ephese,02350,Liesse-notre-dame,,['Menuiserie'],[222],oui,oui
21-52039,2021-04-19,2021-05-27,['4'],"délégation de service public simplifiée - gestion et exploitation du bar, restaurant et commerce muti-service de la commune de demandolx",mapa,cmp2006,appeloffre,initial,Commune de Demandolx,04120,Demandolx,,"['Boisson', 'Denrées alimentaires', 'Repas, traiteur']","[39, 88, 304]",non,non
21-51859,2021-04-19,2021-05-07,['5'],AMENAGEMENT PAYSAGER ILOT CENTRAL GIRATOIRE RN94/RD138 - COMMUNE DE SAINT CREPIN,mapa,cmp2006,appeloffre,initial,DEPARTEMENT DES HAUTES-ALPES,05008,GAP,,['Terrassement'],[341],non,non
21-51939,2021-04-19,2021-05-17,"['5', '38']",LIAISONS DE DONNEES INFORMATIQUES - ACCES INTERNET,mapa,cmp2006,appeloffre,initial,Régie Remontées Mécaniques Montgenèvre,05100,MONTGENEVRE,,"['Fibre optique', 'Télécommunications']","[133, 338]",non,non
21-52333,2021-04-19,2021-05-11,"['5', '4']",Aménagement d'une liaison piétonnière et cyclable en coeur de village,fns,cmp2006,appeloffre,initial,Ville de Tallard,05130,TALLARD,,['Etude'],[118],oui,non
21-51861,2021-04-19,2021-05-12,['5'],Travaux de réhabilitation du collecteur des eaux usées Traverse de la Combe / Collège - GUILLESTRE,fns,cmp2006,appeloffre,initial,CC DU GUILLESTROIS ET DU QUEYRAS,05600,GUILLESTRE,,['Assainissement'],[18],non,non
21-52071,2021-04-19,2021-05-17,['6'],RECONSTRUCTION DU MUR DE SOUTENEMENT AVAL - 29 CHEMIN DE LA MADELEINE SUPERIEURE A GRASSE,fns,cmp2006,appeloffre,initial,COMMUNE DE GRASSE,06130,Grasse,,['Maçonnerie'],[195],non,non
21-52081,2021-04-19,2021-05-20,['6'],Mission d'étude relative au suivi de l'évolution géologique et cessation d'activité I.C.P.E. du site du Vescorn sur Commune de Massoins,fns,cmp2006,appeloffre,initial,SMED,06150,CANNES-LA-BOCCA,,['Etude'],[118],non,non
21-10175,2021-04-19,2021-05-17,['6'],travaux de restructuration de la msd les dryades à le cannet,fns,cmp2006,appeloffre,initial,Département des Alpes-Maritimes,06201,Nice cedex 3,,"['Bâtiment', 'Démolition', 'Electricité (travaux)', 'Peinture (travaux)', 'Plomberie (travaux)', 'Revêtements de sols']","[33, 87, 105, 264, 270, 308]",non,oui
21-52092,2021-04-19,2021-04-29,['6'],21N0007 - FOURNITURE ET LIVRAISON DE VINS DE BELLET POUR LA METROPOLE,fns,cmp2006,appeloffre,rectificatif,METROPOLE NCA,06364,NICE CEDEX 4,,"[""Produits de l'agriculture""]",[276],non,non
21-52273,2021-04-19,2021-05-17,['6'],formation à la sécurité et prévention des risques pour le personnel de la casa,fns,cmp2006,appeloffre,annulation,Cté Agglomération Sophia Antipolis,06901,Sophia Antipolis cedex,,['Formation'],[410],non,non
21-51854,2021-04-19,2021-05-10,['8'],"Fourniture, d'une station SMA à carburant 100 LL AVGAS sur le site de l'aérodrome de Charleville-Mézières Etienne Riché-. (rectificatif)",fns,cmp2006,appeloffre,rectificatif,Conseil Départemental des Ardennes,08011,CHARLEVILLE MEZIERES cedex,,"['Carburant, hydrocarbure']",[52],non,non
21-52313,2021-04-19,2021-05-20,['10'],"LAC AMANCE - Création, remplacement et remise en état de pontons-.",fns,cmp2006,appeloffre,initial,DEPARTEMENT DE L AUBE,10000,TROYES,,"['Passerelle', ""Travaux dans l'eau""]","[286, 349]",non,non
21-50772,2021-04-19,2021-05-05,['10'],délégation de service public pour la gestion de la fourrière automobile municipale,dsp,dsp,appeloffre,initial,Ville de Nogent-sur-Seine,10400,Nogent-sur-Seine,,['Fourrière'],[451],non,non
21-51953,2021-04-19,2021-05-04,['11'],"Plâtrerie, faux plafonds à la Faculté Education de Carcassonne dans le cadre de la réfection étanchéité toiture terrasse (Relance suite à infructuosité)",mapa,cmp2006,appeloffre,initial,Département de l'Aude,11855,CARCASSONNE Cedex 9,,['Plâtrerie'],[269],non,non
21-51831,2021-04-19,2021-05-03,['12'],"Séances de coaching sport, santé, bien-être, pour les internes en médecine en aveyron - 2 lots",mapa,cmp2006,appeloffre,initial,Conseil Départemental de l AVEYRON,12000,Rodez,,['Prestations de services'],[274],non,non
21-52317,2021-04-19,2021-04-30,['13'],"TRAVAUX D'ENTRETIEN DES ESPACES PAYSAGERS, DU MOBILIER URBAIN ET DE L'ECLAIRAGE PUBLIC DES ZAC DES FLORIDES, ATHELIA V ET EMPALLIERES",fns,cmp2006,appeloffre,rectificatif,METROPOLE D AIX MARSEILLE PROVENCE,13002,Marseille,,"['Eclairage public', 'Espaces verts', 'Mobilier urbain']","[102, 116, 231]",non,oui
21-52465,2021-04-19,2021-05-27,['13'],"Prestations de nettoyages des locaux, bureaux",mapa,cmp2006,appeloffre,initial,CDT13,13006,Marseille,,['Nettoyage de locaux'],[239],non,non
21-51968,2021-04-19,2021-05-17,['13'],"Le présent accord-cadre a pour objet de fournir des prestations de formation et de présentation aux épreuves pour l'obtention des permis poids lourds C, CE, D pour les agents de la Métropole Aix-",fns,cmp2006,appeloffre,initial,METROPOLE D AIX MARSEILLE PROVENCE,13007,Marseille,,['Formation'],[410],non,non
21-52385,2021-04-19,2021-05-17,"['13', '84', '83']","L'accord-cadre a pour objet l'acquisition d'équipements radio TETRA et autres technologies, des prestations d'assistance, de maintenance et de formation.",fns,cmp2006,appeloffre,initial,METROPOLE D AIX MARSEILLE PROVENCE,13007,Marseille,,['Matériel de téléphonie'],[339],non,non
21-52336,2021-04-19,2021-05-03,"['13', '83', '84']",Accompagnement à la création du Collège citoyens et à l'animation des travaux du Conseil de développement,fns,cmp2006,appeloffre,initial,METROPOLE D AIX MARSEILLE PROVENCE,13007,Marseille,,"[""Assistance à maîtrise d'ouvrage""]",[433],non,non
21-52489,2021-04-19,2021-05-25,['13'],Concession De Service Public Accueil Petite Enfance Pour L'Exploitation D'Un Centre Multi Accueil 'Les Jardins Des Myrtes' Sis Rue Du 19 Mars 1962 - 13180 Gignac-La-Nerthe,dsp,dsp,appeloffre,initial,COMMUNE DE GIGNAC LA NERTHE,13180,Gignac-la-Nerthe,,['Délégation de service public'],[406],non,non
21-52293,2021-04-19,2021-05-06,['13'],Marché de Maîtrise d'oeuvre pour les travaux de rénovation énergétique du bâtiment de la Délégation Régionale,fns,cmp2006,appeloffre,rectificatif,Inserm - Délégation PACA et Corse,13276,Marseille cedex 9,,['Ingénierie'],[455],non,non
21-51801,2021-04-19,2021-05-17,"['6', '13', '83', '4']",Assistance à maîtrise d'ouvrage globale dans le cadre d'un projet de marché global de performance pour la construction du nouvel Hôtel des Polices de NICE,joue,autre,rectificatif,rectificatif,SGAP de Marseille,13311,Marseille cedex 14,,"[""Assistance à maîtrise d'ouvrage""]",[433],non,non
21-51866,2021-04-19,2021-05-04,['4'],Rénovation du SSI du LEPA CARMEJANE à LE CHAFFAUT (04),fns,cmp2006,appeloffre,rectificatif,Conseil Rég Provence-Alpes-Côte d'Azur,13331,Marseille,,['Sécurité incendie'],[332],non,non
21-52442,2021-04-19,2021-05-20,['13'],"Rénovation complète de la demi-pension (bâtiment E, Epicure) du lycée Les EUCALYPTUS à NICE (06)",fns,cmp2006,appeloffre,initial,Conseil Rég Provence-Alpes-Côte d'Azur,13331,Marseille,,"[""Tous corps d'état""]",[345],non,non
21-52158,2021-04-19,2021-06-19,['13'],"Travaux d'installation des services de Médecine Physique et de Réadaptation (MPR) et de médecine du sport, situé sur les pavillons 6 et 7 au 1er étage du bâtiment d'Unité de Soins Normalisée",fns,cmp2006,attribution,initial,CENTRE HOSPITALIER REG DE MARSEILLE,13354,Marseille cedex 05,"[('2019-11-27', ""SAS EUROPEENNE D'EQUIPEMENT ET D'AMENAGEMENT"", (338397.97, 'EUR'), None), ('2019-11-27', 'SARL PROVENCE MEDITERRANEE BATIMENT', (93169.6, 'EUR'), None), ('2019-12-04', 'SNEF SA', (359398.44, 'EUR'), None), ('2019-11-27', 'AIR LIQUIDE SANTE', (18832.27, 'EUR'), None), ('2019-11-27', 'SNEF agence Marseille tertiaire', (145045.22, 'EUR'), None)]","[""Tous corps d'état""]",[345],non,non
21-52330,2021-04-19,2021-05-20,['13'],"Marché de maintenance, gros entretien et petite rénovation des installations d'éclairage public",fns,cmp2006,appeloffre,initial,Mairie de Roquevaire,13360,Roquevaire,,"['Maintenance', 'Prestations de services']","[196, 274]",non,non
21-51909,2021-04-19,2021-06-19,['13'],nettoyage et entretien des locaux du cereq à marseille,fns,cmp2006,attribution,initial,CEREQ,13567,Marseille CEDEX 02,,"['Collecte sélective', 'Nettoyage de locaux']","[82, 239]",oui,non
21-52454,2021-04-19,2021-04-27,['13'],Collecte des points d'apport volontaires d'ordures ménagères et points propreté des plages d'Arles (Beauduc et Piémanson) et transport jusqu'au centre de transfert,fns,cmp2006,appeloffre,rectificatif,Communauté d'Agglomération ACCM,13637,ARLES,,"['Conteneur, poubelles', 'Ordures ménagères (prestations)']","[71, 249]",non,oui
21-52182,2021-04-19,2021-05-10,['13'],COMMUNE DE MARTIGUES - ENTRETIEN DES SANITAIRES PUBLICS DE LA PLAGE DE FERRIERES,mapa,cmp2006,appeloffre,initial,COMMUNE DE MARTIGUES,13692,Martigues cedex,,['Nettoyage de locaux'],[239],non,non
21-51862,2021-04-19,2021-05-14,['13'],création d'une promenade verte le long de la cadière (rectificatif),fns,cmp2006,appeloffre,rectificatif,Commune de Saint-Victoret,13730,Saint-Victoret,,"['Charpente', 'Espaces verts', 'Menuiserie', 'Voirie et réseaux divers']","[57, 116, 222, 366]",non,non
21-51900,2021-04-19,2021-05-14,['13'],location longue durée d'un véhicule nacelle élévatrice,fns,cmp2006,appeloffre,initial,Commune de Saint-Victoret,13730,Saint-Victoret,,['Véhicules (location)'],[474],non,non
21-52481,2021-04-19,2021-06-02,"['14', '50', '76', '27', '61']",Accompagnement social des jeunes en difficultés accueillis dans les campus du centre de formation d'apprentis de la chambre de métiers et de l'artisanat Normandie.,fns,cmp2006,appeloffre,initial,CMAR Normandie,14000,Caen,,['Prestations de services'],[274],non,non
21-52302,2021-04-19,2021-04-28,"['14', '50', '61']",Réhabilitation énergétique et électrique de la gendarmerie de St Martin des Besaces,fns,cmp2006,appeloffre,rectificatif,Commune de Souleuvre en Bocage,14350,Souleuvre en Bocage,,"['Chauffage (travaux)', 'Couverture', 'Electricité (travaux)', 'Isolation', 'Menuiserie']","[61, 74, 105, 169, 222]",non,non
21-52258,2021-04-19,2021-05-06,['16'],Aménagement de locaux au 49-51 boulevard Besson Bey à AngoulêmeTravaux d'agencement et ameublement,fns,cmp2006,appeloffre,initial,Syndicat Mixte du Pôle Image MAGELIS,16000,ANGOULÊME,,['Mobilier'],[230],non,non
21-52395,2021-04-19,2021-05-21,['16'],Accord-cadre de transports scolaires,fns,cmp2006,appeloffre,initial,Grand Cognac,16111,COGNAC,,['Transport'],[347],non,non
21-52398,2021-04-19,2021-05-10,['16'],MARCHE MARQUAGE DEFINITIF RUE JEAN JAURES,mapa,cmp2006,appeloffre,initial,Ville de Gond-Pontouvre,16160,GOND PONTOUVRE,,['Voirie'],[365],non,non
21-52260,2021-04-19,2021-05-17,['16'],ELABORATION D UN SCHEMA DIRECTEUR IMMOBILIER ET ENERGETIQUE MULTI ENJEUX,mapa,cmp2006,appeloffre,initial,Ville de Gond-Pontouvre,16160,GOND PONTOUVRE,,"['Audit', 'Etude', 'Prestations de services']","[21, 118, 274]",non,non
21-51916,2021-04-19,2021-05-25,['16'],CONSTRUCTION D'UNE MAISON MEDICALE,fns,cmp2006,appeloffre,initial,Commune de Saint-Yrieix sur Charente,16710,Saint Yrieix,,"['Bâtiment', ""Tous corps d'état""]","[33, 345]",non,non
21-51793,2021-04-19,2021-05-21,['16'],"Abonnements, service Internet pour les 38 collèges du Département de la Charente",joue,directive24,appeloffre,initial,Département de la Charente,16917,Angouleme,,"['Routage', 'Télécommunications']","[312, 338]",non,non
21-51791,2021-04-19,2021-05-12,['16'],Travaux de valorisation du lac de Mas Chaban,joue,directive24,appeloffre,initial,Département de la Charente,16917,Angouleme,,"['Espaces verts', 'Mobilier urbain', 'Voirie']","[116, 231, 365]",non,non
21-52449,2021-04-19,2021-05-19,['17'],EAU POTABLE - RENOUVELLEMENT DE LA CANALISATION DN 700 mm EN ZONE HUMIDE - SECTEUR DE MURON,fns,cmp2006,appeloffre,initial,CDA LA ROCHELLE,17086,La Rochelle,,['Canalisations'],[48],non,non
21-52279,2021-04-19,2021-06-19,['17'],Aménagement d'un local dans l'immeuble situé 6 avenue de Bellevue à Saintes lot 4 menuiseries extérieures et intérieures aluminium,mapa,cmp2006,attribution,initial,Communauté d'Agglomération de Saintes,17100,Saintes,,['Bâtiment'],[33],non,non
21-52056,2021-04-19,2021-05-17,['17'],nettoyage des locaux et des vitreries,fns,cmp2006,appeloffre,initial,Commune de Saint Georges de Didonne,17110,Saint-Georges de didonne,,"['Nettoyage de locaux', 'Vitrerie']","[239, 363]",non,non
21-52254,2021-04-19,2021-06-21,['18'],Concession de service public pour la gestion du camping municipal de La Roche,dsp,dsp,appeloffre,initial,COMMUNE DE SAINT AMAND MONTROND,18206,Saint Amand Montrond,,['Délégation de service public'],[406],non,non
21-52255,2021-04-19,2021-06-21,['18'],"Concession de service public pour la gestion des foires, marches et fête foraine de Saint-Amand-Montrond (marchés hebdomadaires, foires mensuelles, fête foraine : Foire d'Orval).<b",dsp,dsp,appeloffre,initial,COMMUNE DE SAINT AMAND MONTROND,18206,Saint Amand Montrond,,['Délégation de service public'],[406],non,non
21-52448,2021-04-19,2021-05-21,['18'],Création de liaison douce sécurisée pour piétons et cycles sur la rue de la Paille,fns,cmp2006,appeloffre,initial,Mairie de Plaimpied-Givaudins,18340,PLAIMPIED-GIVAUDINS,,"['Réseaux divers', 'Signalisation', 'Voirie']","[306, 322, 365]",non,non
21-52101,2021-04-19,2021-05-20,['19'],REALISATION D'UN TERRAIN SYNTHETIQUE DE FOOTBALL SUR LA PLAINE DES JEUX OUEST,fns,cmp2006,appeloffre,initial,Mairie de BRIVE LA GAILLARDE,19312,Brive,,['Terrain de sport'],[342],non,non
21-52340,2021-04-19,2021-05-17,['20A'],Maîtrise d'oeuvre pour la réalisation d'une Zone de Mouillage et d'Equipements Légers (ZMEL) - Golfe de Lava,fns,cmp2006,appeloffre,initial,COMMUNAUTE D AGGLO DU PAYS AJACCIEN,20000,Ajaccio,,"[""Maîtrise d'oeuvre"", 'Ingénierie']","[197, 455]",non,non
21-52106,2021-04-19,2021-05-11,['20B'],Travaux de restauration des façades du corps de garde de la citadelle de Bastia,fns,cmp2006,appeloffre,initial,COMMUNE DE BASTIA,20410,Bastia,,"['Maçonnerie', 'Menuiserie', 'Serrurerie']","[195, 222, 321]",non,non
21-47490,2021-04-19,2021-05-12,['22'],Entretien de voirie au point à temps automatique (pata) sur la ville de lamballe-armor,fns,cmp2006,appeloffre,initial,Ville de Lamballe-Armor,22402,Lamballe-Armor cedex,,['Voirie'],[365],non,non
21-42638,2021-04-19,2021-05-17,['22'],Travaux de reconstitution du bocage sur le territoire de Lamballe Terre & Mer- Lots no1 à 4,fns,cmp2006,appeloffre,initial,Lamballe Terre & Mer,22404,Lamballe-Armor,,['Travaux forestiers'],[350],non,non
21-52402,2021-04-19,2021-05-11,['24'],Life rivière Dordogne : Réalisation de produits audiovisuels,mapa,cmp2006,appeloffre,initial,EPTB de la Dordogne - EPIDOR,24250,CASTELNAUD LA CHAPELLE,,['Prestations de services'],[274],non,non
21-52251,2021-04-19,2021-05-11,['24'],Life rivière Dordogne : Traduction et interprétariat français / anglais de documents et supports de formats divers,mapa,cmp2006,appeloffre,initial,EPTB de la Dordogne - EPIDOR,24250,CASTELNAUD LA CHAPELLE,,['Prestations de services'],[274],non,non
21-51988,2021-04-19,2021-05-25,['25'],ACQUISITION D'UNE PELLE NEUVE SUR PNEUS D'ENVIRON 7 TONNES,fns,cmp2006,appeloffre,initial,DEPARTEMENT DU DOUBS,25031,BESANCON Cedex,,['Matériel de travaux publics'],[220],non,non
21-52218,2021-04-19,2021-05-17,"['21', '25', '71', '58', '89', '90', '39', '70']",Évaluation de mise en oeuvre et d'impact portant sur la démarche transversale de généralisation du dispositif d'éco-conditionnalité des aides aux bâtiments au sein de la Région Bourgogne-Fra,mapa,cmp2006,appeloffre,initial,Région Bourgogne - Franche-Comté,25031,Besançon cedex,,['Etude'],[118],non,non
21-51942,2021-04-19,2021-05-10,['27'],V200900P2_Réalisation d'un éclairage sportif de catégorie E3 au stade Mathieu Bodmer à EVREUX (27),fns,cmp2006,appeloffre,initial,Ville d'Evreux,27000,EVREUX,,['Eclairage public'],[102],non,non
21-52226,2021-04-19,2021-05-17,"['28', '45', '75', '78', '91']",Marché de prestations de services d'assurances construction pour la réalisation de la jonction souterraine entre la gare et le parking souterrain - Pôle Gare de Chartres,fns,cmp2006,appeloffre,initial,Chartres Amenagement (28),28000,Chartres,,['Assurance'],[20],non,non
21-52473,2021-04-19,2021-05-17,['29'],elaboration de diagnostics architecturaux de quatre maisons à pans de bois situées en centre-ville de quimperlé (29) (imh 19 octobre 1928),mapa,cmp2006,appeloffre,initial,Ville de Quimperlé,29391,Quimperlé Cedex,,"['Assistance technique', 'Monuments historiques', 'Ingénierie']","[19, 236, 455]",non,non
21-51975,2021-04-19,2021-05-17,['30'],"Accord-cadre à bons de commandes relatif à l'acquisition et la livraison de vêtement à usage professionnel, d'articles chaussants et de vêtements médico-sociaux pour les services d'Alès",fns,cmp2006,appeloffre,initial,Alès Agglomération,30100,Ales,,['Habillement'],[150],non,non
21-52173,2021-04-19,2021-06-07,['31'],Souscription des marchés d'assurances construction pour les travaux de remplacement des escaliers mécaniques de la ligne B du métro de ToulouseLot no2 - Dommages Ouvrage - Contrat collectif de R,fns,cmp2006,appeloffre,initial,SYND MIXTE TRPT COMMUN AGGL TOULOUSAIN,31011,Toulouse,,['Assurance'],[20],non,non
21-52085,2021-04-19,2021-06-17,"['66', '9', '11', '31', '34']",Travaux de chauffage et ECS pour le Centre pénitentiaire de Perpignan - Plan de relance FR 4034,fns,cmp2006,appeloffre,initial,DIR INTERREGIONALE SCES PENITENTIAIRES,31015,Toulouse cedex 06,,"['Chauffage (travaux)', 'Plomberie (travaux)']","[61, 270]",non,oui
21-40326,2021-04-19,2021-06-30,"['31', '33']",Travaux de remplacement de la production d'eau glacée au CRNA Sud Ouest,fns,cmp2006,appeloffre,initial,DSNA,31035,Toulouse Cedex 1,,['Chauffage (travaux)'],[61],non,oui
21-52328,2021-04-19,2021-05-12,['31'],Travaux de dépollution des eaux souterraines du site d'Atlanta,fns,cmp2006,appeloffre,initial,TISSEO,31081,Toulouse,,['Dépollution'],[442],non,non
21-52000,2021-04-19,2021-04-29,['31'],Numéro de la consultation : 21-041 Location de modulaires et de WC chimiques pour les besoins ponctuels de TISSEO,fns,cmp2006,appeloffre,rectificatif,TISSEO,31081,Toulouse,,['Bâtiments modulaires'],[27],non,non
21-52374,2021-04-19,2021-05-19,['31'],Prestations de nettoyage des locaux de la Régie des stations de Haute-Garonne,mapa,cmp2006,appeloffre,initial,Régie de Stations de Haute Garonne(31),31110,Bagnères de Luchon,,['Nettoyage de locaux'],[239],non,oui
21-52201,2021-04-19,2021-05-18,['31'],Mission d'assistance à maîtrise d'ouvrage pour la construction d'un espace aquatique couvert intercommunal et d'étude d'opportunités sur le développement de la piscine municip,fns,cmp2006,appeloffre,initial,Communauté de communes du Volvestre,31390,Carbonne,,"['Piscine', ""Assistance à maîtrise d'ouvrage""]","[265, 433]",non,non
21-52208,2021-04-19,2021-05-28,['31'],Prestations de nettoyage et de stérilisation des réservoirs d'eau potable gérés par le SMEA31,fns,cmp2006,appeloffre,initial,SMEA31,31400,Toulouse,,['Nettoyage de locaux'],[239],non,non
21-52192,2021-04-19,2021-07-17,['31'],20M0160PA MS-NF - THEATRE DE LA CITE - RENOVATION DES GAINES DE DESEMFUMAGE,fns,cmp2006,attribution,initial,TOULOUSE METROPOLE,31505,Toulouse,,['Ventilation'],[360],non,non
21-51983,2021-04-19,2021-05-31,['32'],REALISATION DU SCHEMA GLOBAL DES SOLIDARITES DU DEPARTEMENT DU GERS,fns,cmp2006,appeloffre,initial,Département de Gers,32022,Auch,,['Prestations de services'],[274],non,non
21-52341,2021-04-19,2021-05-07,['32'],MARCHE PUBLIC DE MAÎTRISE D'OEUVRE POUR LA PROGRAMMATION ET LE SUIVI DES TRAVAUX DE VOIRIE,mapa,cmp2006,appeloffre,initial,SIVOM du Canton de Lectoure,32700,LECTOURE,,"[""Maîtrise d'oeuvre"", 'Ingénierie']","[197, 455]",non,non
21-52217,2021-04-19,2021-05-18,"['33', '40']","Rénovation énergétique, remplacement du chauffage atelier, remplacement et isolation couverture, remplacement portes, isolation façade arrière et installation puits de jour",fns,cmp2006,appeloffre,initial,SGAMI Sud-Ouest,33041,Bordeaux,,['Couverture'],[74],non,oui
21-52278,2021-04-19,2021-05-20,['17'],Travaux de fourniture et mise en place d'un échafaudage sur l'ensemble des 3 façades du bâtiment D de la caserne Renaudin à la Rochelle (17) dans le cadre des travaux de réhabilitation dudit,mapa,cmp2006,appeloffre,initial,SGAMI Sud-Ouest,33041,Bordeaux,,['Echafaudage'],[101],non,oui
21-51945,2021-04-19,2021-05-25,['33'],Maîtrise d'oeuvre pour la réfection de la rue Edouard de Pontet à Pauillac (33250),fns,cmp2006,appeloffre,initial,Commune de Pauillac,33250,Pauillac,,"[""Assistance à maîtrise d'ouvrage""]",[433],non,non
21-52433,2021-04-19,2021-05-19,['33'],Travaux de menuiseries et de stores extérieurs du Dojo d'Arcachon,mapa,cmp2006,appeloffre,initial,Ville d'Arcachon,33311,ARCACHON Cedex,,['Menuiserie'],[222],non,non
21-52270,2021-04-19,2021-07-17,['33'],Conception et achat d'une cabine d'entrainement pour la formation à la lutte contre le feu,mapa,cmp2006,attribution,initial,AEROCAMPUS AQUITAINE,33360,LATRESNE,,['Matériel didactique'],[202],non,non
21-51931,2021-04-19,2021-05-25,"['33', '86', '40', '64']","Exploitation de la restauration au sein du CREPS de BORDEAUX : préparation sur place, distribution, contrôle d'accès, système de comptage, et prestations de restauration complémentaire sur bons d",fns,cmp2006,appeloffre,initial,CREPS DE BORDEAUX,33405,Talence,,['Restauration collective'],[66],non,oui
21-52425,2021-04-19,2021-05-18,['33'],La présente consultation concerne la fourniture de carburant par cartes accréditives pour les véhicules des services de la Communauté de Communes Médoc Estuaire.,fns,cmp2006,appeloffre,initial,Communauté de communes médoc estuaire,33460,Arsac,,"['Carburant, hydrocarbure']",[52],non,non
21-52207,2021-04-19,2021-06-20,['34'],Travaux d'aménagement du bâtiment administratif de la cité universitaire Boutonnet.,fns,cmp2006,appeloffre,initial,C.R.O.U.S. de Montpellier,34033,Montpellier,,"[""Tous corps d'état""]",[345],non,non
21-51918,2021-04-19,2021-05-17,['34'],Aménagement d'une voie verte V85 entre Ganges et Saint Hippolyte du Fort - Terrassement Assainissement Chaussée,fns,cmp2006,appeloffre,initial,Conseil départemental de l'Hérault,34087,MONTPELLIER,,"['Assainissement', 'Terrassement']","[18, 341]",non,non
21-52443,2021-04-19,2021-05-10,['34'],Achats de fournitures de signalétique,fns,cmp2006,appeloffre,initial,Conseil départemental de l'Hérault,34087,MONTPELLIER,,"['Outillage', 'Panneaux', 'Signalétique', 'Film plastique']","[251, 261, 333, 448]",non,non
21-52346,2021-04-19,2021-07-17,['34'],FOURNITURE ET POSE D'UN GRAPPIN POUR ORDURES MENAGERES,mapa,cmp2006,attribution,initial,SICTOM Pezenas-Agde,34120,Nézignan l'évêque,,"['Equipements spécialisés', 'Matériel de manutention']","[115, 208]",non,non
21-52347,2021-04-19,2021-07-17,['34'],FOURNITURE DE CARBURANT B100 ET PRESTATIONS DE SERVICES ASSOCIEES - RELANCE -,fns,cmp2006,attribution,initial,SICTOM Pezenas-Agde,34120,Nézignan l'évêque,"[('2021-04-19', 'DYNEFF', (100000, 'EUR'), None)]","['Carburant, hydrocarbure']",[52],non,non
21-52044,2021-04-19,2021-05-19,['34'],v0c0024ev fourniture d'équipements de mobiliers de cuisine,fns,cmp2006,appeloffre,initial,Ville de Montpellier,34267,"MONTPELLIER , Cedex 2.",,['Cuisine (équipement)'],[77],non,oui
21-51927,2021-04-19,2021-07-17,['34'],"création, conception, montage et démontage de projets scénographiques dans le cadre des "" invitations 2021 """,mapa,cmp2006,attribution,initial,office du tourisme de La Grande Motte,34280,LA GRANDE MOTTE,,"[""Oeuvre d'art"", 'Spectacle']","[247, 472]",non,non
21-51857,2021-04-19,2021-05-08,['34'],Acquisition de deux véhicules neufs pour le service déchets,fns,cmp2006,appeloffre,initial,Communauté de Communes Pays de Lunel,34400,Lunel,,['Véhicules (acquisition)'],[475],non,non
21-52380,2021-04-19,2021-05-14,['34'],Marché d'insertion professionnelle,fns,cmp2006,attribution,initial,Communauté de Communes Pays de Lunel,34400,Lunel,"[('2021-03-22', ""RÉGIE D'EMPLOIS ET DE SERVICES DU PAYS DE LUNEL"", (448275.22, 'EUR'), None)]",['Formation'],[410],oui,non
21-52456,2021-04-19,2021-07-17,['34'],"Fourniture d'un système de géolocalisation pour les véhicules de collecte des déchets : installation, location, et maintenance",fns,cmp2006,attribution,initial,COMMUNAUTE D AGGL BEZIERS MEDITERRANEE,34536,Béziers,,"['Collecte sélective', 'Progiciel']","[82, 283]",non,non
21-51935,2021-04-19,2021-05-12,['34'],"Conduite des installations de chauffage, de traitement de l'air, de climatisation et de production d'eau chaude sanitaire de l'ensemble des bâtiments du SDIS 34",fns,cmp2006,appeloffre,initial,SCE DEPARTEMENTAL INCENDIE ET SECOURS,34570,VAILHAUQUES,,"['Chauffage (exploitation, entretien)', 'Climatisation', 'Maintenance']","[59, 62, 196]",non,non
21-52349,2021-04-19,2021-07-17,['34'],RÉFECTION ET AMÉNAGEMENT DE LA VOIRIE 2021-2025,fns,cmp2006,attribution,initial,COMMUNE DE BOUJAN SUR LIBRON,34760,BOUJAN SUR LIBRON,[],['Voirie'],[365],oui,oui
21-52261,2021-04-19,2021-05-17,['34'],REHABILITATION DES POINTS PROPRETE DE MONTFERRIER-SUR-LEZ ET SAINT-GEORGES D'ORQUES (rectificatif),fns,cmp2006,appeloffre,rectificatif,Montpellier Méditerranée Métropole,34961,Montpellier,,['Déchetterie (travaux)'],[96],non,non
21-52435,2021-04-19,2021-05-11,['35'],Mission d'étude et d'assistance à maîtrise d'ouvrage dans la démarche de révision et d'élaboration du Programme Local de l'Habitat de Rennes Métropole,fns,cmp2006,appeloffre,initial,Rennes Métropole,35031,RENNES CEDEX,,['Etude'],[118],non,non
21-52291,2021-04-19,2021-05-03,"['35', '22', '29', '44']","Opération concernant les travaux de migration du système de sécurité incendie, campus de Villejean à Rennes ; - Procédure de passation : procédure adaptée en application du code de la commande publ..",fns,cmp2006,appeloffre,rectificatif,Université de Rennes 1,35065,Rennes,,['Sécurité incendie'],[332],non,non
21-51907,2021-04-19,2021-05-20,['29'],"Travaux de désamiantage et de déconstruction d'un ensemble de maisons sis 10-18, Rue de Saint-Ergat à POULDERGAT (29100).",fns,cmp2006,attribution,initial,Etablissement public foncier Bretagne,35207,Rennes,,"['Curage', 'Démolition', 'Amiante (désamiantage)']","[78, 87, 479]",non,oui
21-52358,2021-04-19,2021-06-19,['44'],"Caractéristiques : - l'opération prévoit la dépose d'environ 160 tablettes, la dépose de la casquette au-dessus de l'entrée principale et le traitement des têtes de poteaux.- le chant",fns,cmp2006,attribution,initial,SEC GAL POUR L ADM MIN INTERIEUR OUEST,35207,Rennes cedex 2,"[('2021-04-07', 'ANDRE BTP', (201142, 'EUR'), None)]",['Démolition'],[87],non,non
21-52225,2021-04-19,2021-05-17,"['35', '22', '29', '56']","Hormis le souhait d'une mise en valeur du bien, ce projet est conduit par un double objectif :- rénover la maison principale afin de permettre un accueil de l'équipe des agents des espaces",fns,cmp2006,appeloffre,rectificatif,COMMUNE DE CESSON SEVIGNE,35517,Cesson-sévigné,,['Bâtiment'],[33],non,oui
21-49254,2021-04-19,2021-05-29,['35'],"gestion et exploitation des activités de plage constituées par 7 lots de plage répartis entre les plages de l'ecluse, du prieuré et de saint enogat",dsp,dsp,appeloffre,initial,Commune de Dinard,35800,Dinard,,['Délégation de service public'],[406],non,non
21-52288,2021-04-19,2021-05-11,['36'],Maintenance préventive et corrective des portes et des portails automatiques ou manuelles - Territoire de l'agglomération,fns,cmp2006,appeloffre,initial,VILLE DE CHATEAUROUX,36012,Châteauroux cedex,,['Maintenance'],[196],non,non
21-52343,2021-04-19,2021-05-21,['36'],Acquisition d'un camion porteur équipé d'une benne pour la collecte de déchets ménagers,fns,cmp2006,appeloffre,initial,SYMCTOM,36300,LE BLANC,,['Collecte sélective'],[82],non,non
21-52172,2021-04-19,2021-05-03,['37'],Acquisition de matériel informatique,mapa,cmp2006,appeloffre,initial,Ville de Saint-Cyr-Sur-Loire,37541,Saint-cyr-sur-loire,,['Informatique (matériel)'],[162],non,non
21-52021,2021-04-19,2021-05-27,['37'],La présente consultation a pour objet l'assurance responsabilité et risques annexes pour les besoins du groupement de commande ville et CCAS de Saint-Cyr-sur-Loire.,fns,cmp2006,appeloffre,initial,Ville de Saint-Cyr-Sur-Loire,37541,Saint-cyr-sur-loire,,['Assurance'],[20],non,non
21-52247,2021-04-19,2021-05-10,['37'],ENLEVEMENT D'EMBACLES ET ENCOMBRES SOUS OUVRAGES D'ART,fns,cmp2006,appeloffre,initial,Conseil Général d'Indre et Loire,37927,Tours,,['Déchets non ménagers (prestations)'],[404],non,oui
21-52253,2021-04-19,2021-05-18,['37'],"Collège de Fondettes, construction d'un bâtiment préfabriqué pour 2 salles d'enseignement",fns,cmp2006,appeloffre,initial,Conseil Général d'Indre et Loire,37927,Tours,,"['Bâtiments modulaires', 'Bâtiment']","[27, 33]",non,non
21-51984,2021-04-19,2021-05-17,['38'],Réhabilitation du réservoir du Sapey à Saint-Barthélémy-de-Séchilienne,fns,cmp2006,appeloffre,initial,GRENOBLE ALPES METROPOLE EAU,38031,GRENOBLE,,['Réservoir'],[307],non,non
21-51014,2021-04-19,2021-05-11,"['40', '64']",signalétique pour les itinéraires et sites départementaux,fns,cmp2006,appeloffre,initial,Conseil Général des Landes,40025,Mont-de-Marsan,,"['Impression', 'Panneaux', 'Signalétique']","[160, 261, 333]",non,non
21-51958,2021-04-19,2021-06-14,"['41', '37']",Marché PI : Etude bilan Contrat Territorial no2 et élaboration CT no3 du SMB Cisse,fns,cmp2006,appeloffre,initial,Syndicat Mixte du Bassin de la Cisse,41190,HERBAULT,,"['Berge', ""Maîtrise d'oeuvre"", 'Ouvrage hydraulique', 'Rivières/ruisseaux']","[35, 197, 255, 310]",non,non
21-52131,2021-04-19,2021-05-12,['42'],"Site de l'ancienne école - SURY-LE-COMTAL (42)TRAVAUX DE DESAMIANTAGE, DECONSTRUCTION ET DEMOLITION",fns,cmp2006,appeloffre,initial,COMMUNE DE SURY LE COMTAL,42450,SURY LE COMTAL,,['Démolition'],[87],non,non
21-51940,2021-04-19,2021-05-25,"['44', '49']",Marché de maitrise d'oeuvre pour les travaux Adap phase 2 sur la période 2021 - 2028 sur 12 bâtiments de la ville de Couëron,fns,cmp2006,appeloffre,initial,Mairie de Coueron,44220,Coueron,,"[""Assistance à maîtrise d'ouvrage""]",[433],non,non
21-52430,2021-04-19,2021-05-29,['44'],Marché de travaux pour l'extension de l'administration de la Résidence Le Martrais,fns,cmp2006,appeloffre,initial,ESAT Foyers,44260,SAVENAY,,"['Bâtiment', 'Cloison, faux plafond', 'Couverture', 'Electricité (travaux)', 'Gros oeuvre', 'Maçonnerie', 'Menuiserie', 'Nettoyage de locaux', 'Peinture (travaux)', 'Plomberie (travaux)', 'Revêtements de sols', 'Terrassement']","[33, 63, 74, 105, 144, 195, 222, 239, 264, 270, 308, 341]",non,non
21-51934,2021-04-19,2021-06-15,['44'],Contrat de concession portant convention de délégation de service public pour la gestion de l'espace aquatique aquamaris à Cordemais,dsp,dsp,appeloffre,initial,Comcom Estuaire et Sillon,44260,SAVENAY,,"['Equipement de piscine', 'Piscine', 'Délégation de service public']","[120, 265, 406]",non,non
21-52115,2021-04-19,2021-05-11,['44'],Ravalement et remplacement de menuiseries extérieures pour les bâtiments du groupe scolaire Paul Bert,fns,cmp2006,appeloffre,initial,COMMUNE DE SAINT NAZAIRE,44600,Saint Nazaire,,"['Gros oeuvre', 'Menuiserie', 'Peinture (travaux)']","[144, 222, 264]",non,non
21-51563,2021-04-19,2021-05-20,['44'],sautron - rue de la forêt : réaménagement du parking de l'espace phelippes beaulieux,fns,cmp2006,appeloffre,initial,Nantes Métropole,44929,Nantes Cedex 9,,"['Mobilier urbain', 'Signalisation']","[231, 322]",non,non
21-51902,2021-04-19,2021-05-28,['44'],réhabilitation du réseau et des branchements d'assainissement des eaux usées rue de la lionnière et boulevard de la libération à couëron,fns,cmp2006,appeloffre,initial,Nantes Métropole,44929,Nantes Cedex 9,,"['Assainissement', 'Canalisations']","[18, 48]",non,oui
21-51978,2021-04-19,2021-05-21,['44'],acquisition de véhicules neufs de segment b,fns,cmp2006,appeloffre,initial,CPAM Loire Atlantique,44958,Nantes Cedex 9,,['Véhicules (acquisition)'],[475],non,non
21-52242,2021-04-19,2021-05-20,"['45', '49', '37']",Réalisation d'une analyse coûts-bénéfices et multicritères pour le programme de travaux de fiabilisation du système d'endiguement du val d'Authion (49 - 37),mapa,cmp2006,appeloffre,initial,Etablissement Public Loire,45057,Orléans Cedex,,"['Digue', 'Etude', 'Rivières/ruisseaux', ""Travaux dans l'eau""]","[91, 118, 310, 349]",non,non
21-51919,2021-04-19,2021-05-11,['45'],ACHAT D'UNE TONDEUSE AUTOPORTEE,mapa,cmp2006,appeloffre,initial,Orléans Métropole,45058,Orléans,,"['Matériel agricole, horticole']",[200],non,non
21-47860,2021-04-19,2021-05-25,['45'],"concession de service relative a la mise a disposition, l'installation, la maintenance, l'entretien et l'exploitation commerciale de mobiliers urbains publicitaires et non publicitaires",dsp,dsp,appeloffre,initial,Ville de Montargis,45207,Ville de Montargis,,['Mobilier urbain'],[231],non,non
21-52023,2021-04-19,2021-05-06,['47'],Travaux de calorifugeage des réseaux hydrauliques de chauffage et d'eau chaude sanitaire,fns,cmp2006,appeloffre,initial,CENTRE HOSPITALIER AGEN NERAC,47923,Agen cedex 9,,"['Plomberie (travaux)', 'Réseaux divers']","[270, 306]",non,non
21-52439,2021-04-19,2021-05-05,['47'],"Assistance à la conception, mise en page, impression et livraison d'un livret d'accueil pour le Centre Hospitalier Agen-Nérac",mapa,cmp2006,appeloffre,initial,CENTRE HOSPITALIER AGEN NERAC,47923,Agen cedex 9,,['Objet publicitaire'],[464],non,non
21-50453,2021-04-19,2021-05-19,"['49', '44', '85']",Construction d'un bâtiment modulaire pour le centre social du verger,fns,cmp2006,appeloffre,initial,CA Agglomération du Choletais,49321,Cholet Cedex,,['Bâtiments modulaires'],[27],non,non
21-51925,2021-04-19,2021-05-17,"['49', '44', '72', '85', '37', '35', '53']","Marché de conception-réalisation pour travaux de mise aux normes électriques, relamping, isolation par l'extérieur et remplacement des menuiseries extérieures, bâtiment d de la cité adm d'Angers.",fns,cmp2006,appeloffre,initial,Préfecture de Maine-et-Loire,49934,ANGERS,,"['Câblage', 'Electricité (travaux)', 'Isolation', 'Menuiserie', 'Ingénierie']","[47, 105, 169, 222, 455]",non,non
21-52256,2021-04-19,2021-05-12,['50'],Collège de BréceyTravaux de rénovation de l'internat garçons dans le cadre de l'appel à projet internat d'excellence du XXIème siècleBureau d'études techniques,mapa,cmp2006,appeloffre,initial,DEPARTEMENT DE LA MANCHE,50050,Saint-Lo,,['Assistance technique'],[19],non,non
21-52399,2021-04-19,2021-05-17,['52'],Mission d'assistance à maîtrise d'ouvrage relative au renouvellement du contrat de gestion du service public de mobilité,fns,cmp2006,appeloffre,initial,AGGLOMERATION DE CHAUMONT,52012,CHAUMONT,,"['Transport', ""Assistance à maîtrise d'ouvrage""]","[347, 433]",non,non
21-52362,2021-04-19,2021-05-12,['52'],RECONSTRUCTION DALLES DE L'ORNEL-.,fns,cmp2006,appeloffre,initial,Ville de Saint-Dizier,52100,SAINT-DIZIER,,"[""Ouvrage d'infrastructure""]",[253],non,non
21-52043,2021-04-19,2021-05-19,['52'],restructuration de 50 logements sur divers immeubles du patrimoine de l'oph à saint-dizier (lot 4 menuiseries intérieures bois suite infructuosité),fns,cmp2006,attribution,initial,OPH de Saint-Dizier,52100,saint dizier,"[('2021-04-16', 'Sté AUDINOT', (234448.0, 'EUR'), None)]",['Menuiserie'],[222],non,non
21-52045,2021-04-19,2021-05-19,['52'],réhabilitation des immeubles vingeanne et bruxenelle à saint-dizier ( lot 4 suite infructuosité),fns,cmp2006,attribution,initial,OPH de Saint-Dizier,52100,saint dizier,"[('2021-04-16', 'Sté EFPI', (66218.34, 'EUR'), None)]",['Plâtrerie'],[269],non,non
21-51989,2021-04-19,2021-05-18,['53'],Maintenance et prestations associées SharePoint Online et Power Platform,fns,cmp2006,appeloffre,initial,DEPARTEMENT DE LA MAYENNE,53014,LAVAL,,"['Maintenance', 'Informatique (maintenance serveurs et réseaux)']","[196, 454]",non,non
21-52370,2021-04-19,2021-05-10,['54'],21B13 - Acquisition d'un LASER pulsé pour le CRM2,mapa,cmp2006,appeloffre,initial,Université de Lorraine,54000,Nancy,,['Equipements spécialisés'],[115],non,non
21-52392,2021-04-19,2021-05-18,['54'],Travaux de voirie et réseaux divers 2021,fns,cmp2006,appeloffre,initial,VILLEDE LUNEVILLE,54300,LUNEVILLE,,"['Terrassement', 'Travaux de viabilité', 'Voirie et réseaux divers']","[341, 353, 366]",oui,non
21-51848,2021-04-19,2021-06-14,['54'],assistance à maitrise d'ouvrage pour la réalisation d'un concours d'architecture visant à la conception et réalisation d'un nouvel ouvrage sur la commune de vandoeuvre-lès-nancy,fns,cmp2006,appeloffre,initial,Ville de vandoeuvre,54500,Vandoeuvre-lès-Nancy,,"[""Assistance à maîtrise d'ouvrage""]",[433],non,non
21-52144,2021-04-19,2021-05-20,['55'],reconstruction du pont levis à mussey rd2,fns,cmp2006,appeloffre,initial,Conseil départemental de la Meuse,55012,Bar Le Duc,,"['Génie civil', ""Ouvrage d'art""]","[141, 252]",oui,non
21-52140,2021-04-19,2021-05-21,['55'],Restructuration et extension du service des urgences du Centre Hospitalier de Bar-le-Duc,fns,cmp2006,appeloffre,annulation,CH Verdun Saint-Mihiel,55107,VERDUN Cedex,,['Gros oeuvre'],[144],non,non
21-51849,2021-04-19,2021-05-12,['56'],"fourniture, livraison et installation de mobiliers pour les parties communes de la résidence habitat jeunes kérizac pour le compte du ccas de la ville de vannes",mapa,cmp2006,appeloffre,rectificatif,Ville de Vannes,56000,Vannes,,['Mobilier'],[230],non,non
21-52163,2021-04-19,2021-05-18,['56'],Travaux de réfection de la chaufferie de l'école élémentaire de la Rabine à Vannes,mapa,cmp2006,appeloffre,initial,Ville de Vannes,56019,VANNES,,['Chauffage (travaux)'],[61],non,non
21-52220,2021-04-19,2021-05-20,['56'],Assistance à Maîtrise d'Ouvrage pour la réalisation d'un marché global de performance de construction d'un navire hydrogène et de son sister-ship,fns,cmp2006,appeloffre,initial,Lorient Agglomération,56314,Lorient cedex,,"[""Assistance à maîtrise d'ouvrage""]",[433],non,non
21-52184,2021-04-19,2021-05-21,['56'],"Réalisation d'une ventilation au 1, 3, 5 rue Léo Delibes à Lorient",fns,cmp2006,appeloffre,initial,OFFICE PUB HABITAT COM AGGL PAYS LORIE,56325,LORIENT,,['Ventilation'],[360],non,non
21-52406,2021-04-19,2021-05-20,['57'],"Prestations de manutention, d'installation, d'emballage et de transport de biens, de mobilier et de collections patrimoniales pour le Musée de La Cour d'Or - Metz Métropole",fns,cmp2006,appeloffre,initial,METZ METROPOLE,57011,Metz,,['Manutention'],[237],non,non
21-52033,2021-04-19,2021-05-20,"['57', '67']",affaire 21s0233 - analyse de dendrochronologie du service inventaire et patrimoines,fns,cmp2006,appeloffre,initial,REGION GRAND EST,57036,Metz cedex 1,,['Prestations de services'],[274],non,non
21-52003,2021-04-19,2021-04-30,['25'],"La présente consultation concerne la réalisation à la Caserne Joffre de Besançon (25) des travaux en matière d'infrastructure (Gros oeuvre, plâtrerie, plancher technique, plafond suspendu, menuis",fns,cmp2006,attribution,initial,ESID de Metz,57044,Metz cedex 01,"[('2020-12-17', 'SAS C3B', (44995, 'EUR'), None), ('2020-12-17', 'SAS COTEB ENTREPRISES', (175000, 'EUR'), None)]",['Bâtiment'],[33],non,non
21-51951,2021-04-19,2021-05-11,['57'],Equipements audiovisuels de la salle du Conseil de l'Agence de l'eau Rhin-Meuse,fns,cmp2006,appeloffre,initial,Agence de l'eau Rhin-Meuse,57160,Moulins-lès-metz,,['Sonorisation'],[324],non,non
21-52338,2021-04-19,2021-05-07,"['57', '54', '55', '67']",AMENAGEMENT DES ABORDS DU TENNIS REUMAUX,fns,cmp2006,appeloffre,initial,Ville de Freyming Merlebach,57800,Freyming Merlebach,,['Terrassement'],[341],non,non
21-51972,2021-04-19,2021-05-18,"['80', '60', '2', '59', '62']","Travaux de peinture, revêtement des sols et murs pour les différents bâtiments de la Chambre de métiers et de l'artisanat Hauts-de-France (CMA Hauts-de-France).",fns,cmp2006,appeloffre,initial,CMAR Hauts de France,59011,Lille cedex,,['Peinture (travaux)'],[264],non,non
21-52371,2021-04-19,2021-05-20,"['59', '62']",Enlèvement et remplacement des ascenseurs à l'école de police de Roubaix,fns,cmp2006,appeloffre,initial,SGAMI de Lille,59012,Lille cedex,,['Ascenseur'],[17],non,non
21-52195,2021-04-19,2021-05-21,"['60', '59', '62', '2', '80']",Travaux de relogement peloton de Gendarmerie autoroutier Senlis,fns,cmp2006,appeloffre,initial,SGAMI de Lille,59012,Lille cedex,,"['Clôture', 'Electricité (travaux)', 'Gros oeuvre']","[64, 105, 144]",non,non
21-52363,2021-04-19,2021-06-19,['59'],Travaux de renouvellement du système d'appel malade dans le bâtiment de 'La Roseraie' (EHPAD) au CH de Bailleul,fns,cmp2006,appeloffre,rectificatif,CHU DE LILLE,59037,Lille cedex,,['Matériel électrique'],[203],non,non
21-51798,2021-04-19,2021-06-19,['59'],"Prestation de sécurisation, d'intervention et de surveillance pour plusieurs établissements du GHT Lille Métropole Flandre Intérieure",joue,directive24,appeloffre,initial,CHU DE LILLE,59037,Lille cedex,,['Gardiennage'],[138],non,non
21-52206,2021-04-19,2021-05-21,['59'],"Le présent marché a pour objet la gestion (nettoyage et conciergerie) de la résidence de l école nationale de protection judiciaire de la jeunesse, sise au 30 rue des fabricants à roubaix.",fns,cmp2006,appeloffre,initial,ENPJJ,59100,Roubaix,,['Nettoyage de locaux'],[239],oui,oui
21-51805,2021-04-19,2021-05-17,['59'],PHASE OFFRE- Marché de maîtrise d'oeuvre pour la restructuration du bâtiment Fiprotec en conservatoire de musique et en maison des associations à Loos (59120),joue,directive24,attribution,initial,Ville de Loos,59120,Loos,,"['Etude', 'Prestations de services']","[118, 274]",non,non
21-50110,2021-04-19,2021-05-18,['59'],mise en place d'une formation aux nouveaux métiers du numérique,fns,cmp2006,appeloffre,initial,COM D AGGL DE LA PORT DU HAINAUT,59135,Wallers,,['Formation'],[410],non,non
21-52205,2021-04-19,2021-06-12,['59'],Relance des lots no 1 ' Démolition - Gros oeuvre ' et no 5 ' Plâtrerie - Peinture ' de la procédure 20S0247 - 2020/26 : ' Reconstruction et mise en accessibilité du local pêch,fns,cmp2006,appeloffre,initial,Ville de Lille,59160,Lomme,,"['Démolition', 'Gros oeuvre', 'Peinture (travaux)', 'Plâtrerie']","[87, 144, 264, 269]",non,non
21-52127,2021-04-19,2021-05-19,['59'],Fourniture et acheminement de gaz naturel sur l'ensemble des douze sites municipaux du 01 Juin 2021 au 31 Mai 2023,mapa,cmp2006,appeloffre,initial,Ville d'Anor,59186,Anor,,"['Electricité, gaz (fourniture)']",[443],non,non
21-51855,2021-04-19,2021-05-19,"['59', '62', '2']",choix d'une société de restauration chargée d'assister la commune pour la gestion de son restaurant scolaire,mapa,cmp2006,appeloffre,initial,Mairie de Wignehies,59212,Wignehies,,['Restauration collective'],[66],non,non
21-52431,2021-04-19,2021-05-22,"['59', '62']","Marché global de performance associe la conception, la réalisation et l'exploitation, la maintenance en gestion globale des installations d'éclairage public, d'éclairage sportif, d&apos",fns,cmp2006,appeloffre,initial,Mairie de Sequedin,59320,Sequedin,,['Eclairage public'],[102],oui,non
21-52414,2021-04-19,2021-07-17,['59'],Construction d'un EHPAD/USLD de 120 lits au Centre Hospitalier de la Région de Saint-Omer,fns,cmp2006,attribution,initial,Centre Hospitalier de Dunkerque,59385,DUNKERQUE,,"['Ascenseur', 'Peinture (travaux)', 'Revêtements de sols', 'Serrurerie', 'Voirie']","[17, 264, 308, 321, 365]",non,non
21-52129,2021-04-19,2021-05-19,['59'],Réfection des toitures terrasse de la mairie de quartier de Petite-Synthe et installation photovoltaïque,fns,cmp2006,appeloffre,initial,Ville de Dunkerque,59386,Dunkerque,,"['Couverture', 'Etanchéité', 'Photovoltaïque']","[74, 117, 476]",non,non
21-52099,2021-04-19,2021-05-19,['59'],"Accueil, hébergement et organisation de 5 séjours de neige en Haute Savoie, Savoie et/ou Hautes Alpes pour les enfants scolarisés sur Coudekerque-Branche",fns,cmp2006,appeloffre,initial,Ville de Coudekerque-Branche (59),59411,Coudekerque-Branche Cedex,,"['Prestations de services', 'Repas, traiteur', 'Prestation hotelière']","[274, 304, 466]",non,non
21-48294,2021-04-19,2021-05-05,['59'],Restauration et isolation de couvertures dans divers bâtiments de la ville de douai,fns,cmp2006,appeloffre,initial,Commune de Douai,59508,Douai cedex,,['Couverture'],[74],non,non
21-52210,2021-04-19,2021-05-19,['59'],"Prestations de maîtrise d'oeuvre pour une opération d'amélioration énergétique, d'aménagement de la plateforme énergétique et de la création de 100 m2 de bureaux dans la halle du bâtime",fns,cmp2006,attribution,initial,IMT LILLE DOUAI,59508,Douai cedex,"[('2021-03-01', 'Sarl A.T.W.', (107800, 'EUR'), None)]","[""Maîtrise d'oeuvre""]",[197],non,oui
21-52019,2021-04-19,2021-05-17,"['59', '62']","blaringhem - "" zone industrielle rue de wardrecques "" - travaux de désamiantage, démolition et de nivellement",fns,cmp2006,appeloffre,initial,ETS PUBLIC FONCIER NORD PAS DE CALAIS,59777,Euralille,,"['Démolition', 'Palplanches', 'Terrassement', 'Amiante (désamiantage)']","[87, 260, 341, 479]",oui,non
21-52105,2021-04-19,2021-05-21,['60'],Création d'un parking Avenue des érables et aménagement de la rue des chênes,fns,cmp2006,appeloffre,initial,Ville de Crépy-en-Valois,60803,CREPY-EN-VALOIS,,"['Eclairage public', 'Espaces verts', 'Réseaux divers']","[102, 116, 306]",non,non
21-52479,2021-04-19,2021-07-17,['62'],Numéro de la consultation : 2021-FCS-0005 Entretien des appareils distributeurs d'hydrocarbures pour la SEPD,fns,cmp2006,attribution,initial,SEPD,62100,Calais,"[('2021-04-17', 'MADIC', (100000, 'EUR'), None)]","['Carburant, hydrocarbure', 'Pompes', 'Station de pompage']","[52, 272, 326]",non,non
21-51846,2021-04-19,2021-07-17,['62'],Numéro de la consultation : 2020-TX-0137 Renouvellement de l'éclairage extérieur du Port de Calais,fns,cmp2006,attribution,initial,SEPD,62100,Calais,"[('2021-04-16', 'SATELEC', (3323069, 'EUR'), None)]","['Electricité (travaux)', 'Matériel électrique']","[105, 203]",non,non
21-51863,2021-04-19,2021-05-10,['62'],Création d'une aire de jeux,fns,cmp2006,appeloffre,initial,Commune de Hesdin,62140,HESDIN,,['Aire de jeux'],[400],non,non
21-52384,2021-04-19,2021-05-12,['62'],Mise en oeuvre des animations et initiations sportives du Côte d'Opale Freerider Fest sur le site de Sainte Cécile pour le compte de la commune : Camiers-Sainte Cécile-St Gabriel,fns,cmp2006,appeloffre,initial,Mairie de Camiers,62176,Camiers,,['Prestations de services'],[274],non,oui
21-48379,2021-04-19,2021-05-17,"['62', '59']",création d'un terrain de football en gazon synthétique au complexe sportif calquella,fns,cmp2006,appeloffre,initial,Ville de Coquelles,62231,coquelles,,['Terrain de sport'],[342],non,non
21-48700,2021-04-19,2021-05-19,['62'],requalification du boulevard jacques piette,fns,cmp2006,appeloffre,initial,COMMUNE DE HENIN BEAUMONT,62252,Hénin Beaumont Cédex,,"['Assainissement', 'Espaces verts', 'Mobilier', 'Réseaux divers', 'Signalisation', 'Terrassement', 'Voirie', 'Voirie et réseaux divers']","[18, 116, 230, 306, 322, 341, 365, 366]",non,oui
21-52236,2021-04-19,2021-05-21,['62'],"Travaux d'effacement des réseaux électriques, téléphoniques et rénovation du réseau d'éclairage public rue du Four à chaux sur la commune de Saint-Martin-Boulogne",fns,cmp2006,appeloffre,initial,Ville de Saint-Martin-Boulogne,62280,Saint-Martin-Boulogne,,"['Eclairage public', 'Réseaux divers', 'Voirie et réseaux divers']","[102, 306, 366]",non,non
21-52222,2021-04-19,2021-05-12,"['62', '59']",Travaux d'assainissement et d'eau potable cité des alouettes à Bully-les-Mines,fns,cmp2006,appeloffre,initial,CommunAupole de Lens-Liévin,62302,Lens cedex,,"['Alimentation en eau potable', 'Assainissement']","[6, 18]",non,oui
21-52181,2021-04-19,2021-05-21,['62'],2021-093 - GHT - Fourniture de vêtements professionnels et chaussures pour le GHT de l'Artois,mapa,cmp2006,appeloffre,initial,Centre Hospitalier de Lens,62307,Lens,,['Textile'],[343],non,non
21-51976,2021-04-19,2021-05-04,['62'],Nettoiement de panneaux d'affichage libre sur l'ensembledu territoire Lensois,fns,cmp2006,appeloffre,initial,Ville de lens,62307,Lens cedex,,['Nettoyage urbain'],[240],oui,oui
21-52004,2021-04-19,2021-07-17,['62'],FOURNITURES DE SERVICES DE TELECOMMUNICATIONS,fns,cmp2006,attribution,initial,COMMUNE DE COURCELLES LES LENS,62970,COURCELLES-LES-LENS,"[('2021-04-12', 'Stella Telecom', (40000, 'EUR'), None), ('2021-04-12', 'Stella Telecom', (60000, 'EUR'), None)]",['Télécommunications'],[338],non,non
21-27722,2021-04-19,2021-05-17,['63'],Travaux de ravalement des façades du bâtiment pomel à issoire,fns,cmp2006,appeloffre,initial,Ville d'Issoire,63501,Issoire cedex,,"['Maçonnerie', 'Peinture (travaux)', 'Ravalement']","[195, 264, 299]",non,non
21-52310,2021-04-19,2021-05-12,['64'],entretien des espaces verts sur le territoire de la communauté de communes de lacq-orthez - secteurs d'arthez-de-béarn et sarpourenx,fns,cmp2006,appeloffre,initial,Communauté de communes de Lacq-Orthez,64150,Mourenx,,['Espaces verts'],[116],non,non
21-51407,2021-04-19,2021-05-03,['64'],acquisition de 2 véhicules pour le service des affaires culturelles de la ville de biarritz et la police municipale,fns,cmp2006,appeloffre,initial,Ville de Biarritz,64202,Biarritz Cedex,,['Véhicules (acquisition)'],[475],non,non
21-52168,2021-04-19,2021-05-17,['64'],Mission de maitrise d'oeuvre pour la mise en scène et la création d'ambiance du bâtiment d'accueil de l'Espace du Somport.,mapa,cmp2006,appeloffre,initial,Communauté de Communes du Haut Béarn,64402,Oloron ste marie,,"[""Maîtrise d'oeuvre""]",[197],non,non
21-52164,2021-04-19,2021-05-17,['64'],TRAVAUX NÉCESSAIRES A LA REGENERATION DU PATRIMOINE ARBORE DE LA VILLE D'OLORON.,mapa,cmp2006,appeloffre,initial,Commune d'Oloron Sainte Marie,64404,Oloron ste marie,,['Espaces verts'],[116],non,non
21-52327,2021-04-19,2021-05-17,['65'],Services d'insertion et de professionnalisation relatifs à l'entretien d'espaces naturels et d'ouvrages contigus à des chaussées départementales,fns,cmp2006,appeloffre,initial,DEPARTEMENT HAUTES-PYRENEES,65013,TARBES,,['Prestations de services'],[274],non,non
21-51873,2021-04-19,2021-05-14,['66'],AMENAGEMENT DE L'AVENUE DE BALCERE,fns,cmp2006,appeloffre,initial,Commune des Angles,66210,LES ANGLES,,['Réseaux divers'],[306],non,non
21-52277,2021-04-19,2021-05-10,"['66', '11', '34']",Remplacement du revêtement sportif surfacique du gymnase Nelson Mandela.,fns,cmp2006,appeloffre,initial,Ville de Cabestany,66330,Cabestany,,['Revêtements de sols'],[308],non,non
21-51941,2021-04-19,2021-05-11,"['57', '67']","Marché de fauchage et entretien des espaces verts, Canal de la Sarre - Secteurs de l'écluse no1 à 22",mapa,cmp2006,appeloffre,initial,Voies navigables de France,67000,Strasbourg,,['Espaces verts'],[116],non,non
21-52422,2021-04-19,2021-06-01,"['67', '68', '54', '57']",Maintenance des ascenseurs et monte-charges du Campus du CNRS de Cronenbourg à Strasbourg,mapa,cmp2006,appeloffre,initial,CNRS - Délégation Alsace,67037,Strasbourg cedex 02,,['Ascenseur'],[17],non,non
21-50622,2021-04-19,2021-05-11,"['67', '68']",missions de coordination de sécurité et de protection de la santé afférentes à l'opération de mise en sécurité incendie et accessibilité du cadre bâti du bâtiment c (collège) à molheim (67120),mapa,cmp2006,appeloffre,initial,REGION GRAND EST,67070,Strasbourg,,['Prestations de services'],[274],non,non
21-50421,2021-04-19,2021-05-11,"['67', '68']",Missions de contrôle technique afférentes à l'opération de mise en sécurité incendie et accessibilité du cadre bâti du bâtiment collège de la cité scolaire Henri Meck à Molsheim (67120),mapa,cmp2006,appeloffre,initial,REGION GRAND EST,67070,Strasbourg,,['Contrôle technique'],[72],non,non
21-51856,2021-04-19,2021-05-12,"['67', '68']",Travaux de câblage dans le périmètre de la Collectivité européenne d'Alsace - Bas-Rhin et Haut-Rhin,fns,cmp2006,appeloffre,initial,Collectivité européenne d'Alsace,67964,Strasbourg Cedex 9,,['Télécommunications'],[338],non,non
21-52299,2021-04-19,2021-05-19,['68'],Prestations d'interprétariat et de traductions aux Hôpitaux Civils de Colmar,fns,cmp2006,attribution,initial,Hôpitaux Civils de Colmar,68024,Colmar,,['Prestations de services'],[274],non,non
21-50877,2021-04-19,2021-05-17,['68'],Réalisation d'études de capacité,fns,cmp2006,appeloffre,initial,m2A HABITAT,68071,MULHOUSE Cedex,,"[""Maîtrise d'oeuvre""]",[197],non,non
21-52117,2021-04-19,2021-06-03,['69'],"Acquisition d'uniformes, de chaussures et d'accessoires pour les agents de la Police Municipale et ASVP d'Ecully (2021-2025)",mapa,cmp2006,appeloffre,initial,COMMUNE D ECULLY,69134,ECULLY,,"['Chaussures ou articles chaussants', 'Habillement', 'Textile']","[79, 150, 343]",non,non
21-52309,2021-04-19,2021-05-17,['69'],E21_0502_TF_LOCATION & MAINTENANCE GE DASRI,fns,cmp2006,appeloffre,initial,CHU Lyon,69373,Lyon cedex 08,,"['Conteneur, poubelles', 'Déchets non ménagers (prestations)']","[71, 404]",non,non
21-52307,2021-04-19,2021-05-20,['69'],"Marché public global de performance portant sur la conception, la réalisation et l'exploitation/maintenance pour la réhabilitation énergétique et l'extension de bâtiments pour l'accueil",fns,cmp2006,appeloffre,initial,S.G.A.P. SUD-EST,69421,Lyon cedex 03,,"['Bâtiment', ""Maîtrise d'oeuvre"", ""Mission d'ordonnancement, pilotage, coordination (OPC)""]","[33, 197, 234]",oui,oui
21-52416,2021-04-19,2021-07-17,['69'],"Fourniture et livraison de fournitures médicales, consommables et accessoires de soin pour les établissements et services médico-sociaux du CCAS de Villeurbanne",fns,cmp2006,attribution,initial,CCAS de Villeurbanne,69601,Villeurbanne Cedex,,['Consommables médicaux'],[69],non,non
21-52110,2021-04-19,2021-05-21,['69'],EXTENSION ET REHABILITATION DU GROUPE SCOLAIRE ERNEST RENAN SUD,fns,cmp2006,appeloffre,initial,Ville de Villeurbanne,69601,VILLEURBANNE,,['Bâtiment'],[33],non,non
21-52401,2021-04-19,2021-05-10,['69'],"Enlèvement, transport et traitement des déchets collectés par les services municipaux",fns,cmp2006,appeloffre,initial,COMMUNE DE GIVORS,69700,Givors,,['Déchets non ménagers (prestations)'],[404],non,non
21-52372,2021-04-19,2021-05-17,['70'],Création d'une maison des services à Vesoul - relance de consultation - lot 15: ascenseur,fns,cmp2006,appeloffre,initial,COMMUNAUTE D AGGLOMERATION DE VESOUL,70007,Vesoul Cedex,,['Ascenseur'],[17],non,non
21-52486,2021-04-19,2021-05-25,['72'],Fourniture et gestion de la restauration scolaire et extrascolaire,fns,cmp2006,appeloffre,initial,cdc de l'Orée de Bercé Belinois,72220,Ecommoy,,"['Repas, traiteur']",[304],non,non
21-52107,2021-04-19,2021-05-10,"['72', '49']",Lotissement rive sud - voirie définitive,fns,cmp2006,appeloffre,initial,Ville de Sablé sur Sarthe,72300,Sablé sur Sarthe,,"['Eclairage public', 'Voirie', 'Voirie et réseaux divers']","[102, 365, 366]",non,non
21-52334,2021-04-19,2021-05-06,['72'],Avis de concours de maitrise d'oeuvre pour la Rénovation extension du gymnase Jacques ANQUETIL et création d'un pôle culturel,fns,cmp2006,appeloffre,initial,COMMUNE DE SAVIGNE L EVEQUE,72460,Savigné l'Evêque,,"[""Maîtrise d'oeuvre""]",[197],non,non
21-52179,2021-04-19,2021-04-27,['73'],travaux de construction d'un barreau et d'un giratoire sur la rd906 (rectificatif),fns,cmp2006,appeloffre,rectificatif,Tunnel Euralpin Lyon Turin SAS,73375,Le Bourget du Lac Cedex,,"['Electricité (travaux)', 'Espaces verts', 'Mobilier urbain', 'Réseaux divers', 'Terrassement', 'Voirie', 'Voirie et réseaux divers']","[105, 116, 231, 306, 341, 365, 366]",non,non
21-52450,2021-04-19,2021-05-17,['73'],DOMMAGE OUVRAGE POUR LA REHABILITATION DE L'EHPAD LA NIVEOLE,mapa,cmp2006,appeloffre,initial,Ville d'Ugine,73401,UGINE,,['Prestations de services'],[274],non,non
21-51994,2021-04-19,2021-05-17,['73'],Acquisition et livraison d'un engin de déneigement pour les besoins de la commune de Bourg Saint Maurice,fns,cmp2006,appeloffre,initial,Commune de Bourg-St-Maurice / Les Arcs,73700,Bourg Saint Maurice,,['Véhicules (acquisition)'],[475],non,non
21-52002,2021-04-19,2021-07-17,['74'],"Mission d'audit, de conseil et d'assistance pour la préparation et la passation des marchés publics d'assurance",mapa,cmp2006,attribution,initial,Ville d'Annecy,74011,Annecy,,"['Audit', 'Prestations de services', ""Assistance à maîtrise d'ouvrage""]","[21, 274, 433]",non,non
21-51999,2021-04-19,2021-05-14,['74'],Travaux de rénovation de chaufferies :lot 1 : Gymnase de l'AlbanaisLot 2 : Gymnase du champ du comte.Marché relancé suite à la déclaration sans suite du marché no21005MAR00,fns,cmp2006,appeloffre,initial,Ville de Rumilly,74152,RUMILLY,,['Chauffage (travaux)'],[61],non,non
21-52408,2021-04-19,2021-05-04,['74'],"Organisation, gestion et animation d'un accueil de loisirs sans hébergement - relance d'un motif déclaré sans suite pour motif d'intérêt général",fns,cmp2006,appeloffre,initial,Ville d'Archamps,74165,COLLONGES SOUS SALEVE,,['Prestations de services'],[274],non,non
21-52404,2021-04-19,2021-05-17,['74'],Travaux pour la réhabilitation de réseaux d'eaux usées - Route de Saint-Julien-en-Genevois et hameau de Grossaz à Feigères (74),fns,cmp2006,appeloffre,initial,Communauté de Communes du Genevois,74166,ST JULIEN EN GENEVOIS Cedex,,['Réseaux divers'],[306],non,non
21-52410,2021-04-19,2021-05-14,['74'],Remplacement du Groupe Froid de la Patinoire,fns,cmp2006,appeloffre,initial,Commune des Gets,74260,LES GETS,,['Equipement sportif'],[113],non,non
21-52411,2021-04-19,2021-05-07,['74'],Aménagement d'une Aire d'Accueil au Mont-Caly,fns,cmp2006,appeloffre,initial,Commune des Gets,74260,LES GETS,,"[""Aire d'accueil""]",[430],non,non
21-52415,2021-04-19,2021-05-20,['74'],"La présente consultation concerne la mise en oeuvre d un clapet avec motoréducteur au barrage duVassé à Annecy (Haute-Savoie) Détails techniques : Conception, fabrication, transport, installation..",fns,cmp2006,appeloffre,initial,SGC-DDT74,74998,Annecy cedex,,['Barrage'],[31],non,non
21-52235,2021-04-19,2021-06-20,"['75', '91', '92', '93', '95', '77', '78']","Marché de Travaux pour l'opération de réaménagement du rez-de-chaussée de l'immeuble de la DDPPP de Paris, 8 rue Froissart 75003 PARIS",fns,cmp2006,appeloffre,initial,DDPP,75003,Paris,,"[""Tous corps d'état""]",[345],non,oui
21-52360,2021-04-19,2021-05-19,['75'],"Réalisation,au Sénat, d'un bilan de santé par un laboratoire d'analyses médicales dans le cadre de la mission de prévention sanitaire du Régime autonome de sécurité sociale du Sénat.",fns,cmp2006,appeloffre,initial,Sénat,75006,Paris,,"['Analyses médicales, biologiques']",[8],non,non
21-52474,2021-04-19,2021-06-20,['75'],Réalisation de bilans de compétences à destination des agents des ministères sociaux,fns,cmp2006,attribution,initial,"Ministères santé, travail et sport",75007,Paris,"[('2021-04-02', 'FDCS Conseil', (78750, 'EUR'), None)]",['Prestations de services'],[274],non,non
21-52451,2021-04-19,2021-05-04,['75'],Productions de quatre éléments sonores pour l'exposition Banquet,fns,cmp2006,appeloffre,initial,EPPDCSI,75008,Paris,,['Audiovisuel'],[22],non,non
21-51812,2021-04-19,2021-05-17,['75'],"Observatoire no 2021-01 intitulé "" Observatoire Sahel """,joue,directive24,appeloffre,initial,MINDEF/SGA/SPAC/S-Direction des achats,75009,Paris cedex 15,,"['Etude', 'Prestations de services']","[118, 274]",oui,oui
21-51973,2021-04-19,2021-05-12,['75'],Le présent marché concerne la télésécurité des établissements du Centre d'Action Sociale de la Ville de Paris équipés d'un système de sécurité anti-intrusion et pourvus d'un équipement,fns,cmp2006,appeloffre,initial,Centre d'Action Sociale Ville de Paris,75012,Paris,,['Télésurveillance'],[415],oui,oui
21-51790,2021-04-19,2021-05-18,['75'],Accord-Cadre De Travaux A Bon De Commande,joue,directive24,appeloffre,initial,HENEO,75013,Paris,,['Bâtiment'],[33],non,non
21-52323,2021-04-19,2021-06-04,"['75', '60', '77', '78', '91', '92', '93', '94', '95']","La présente consultation a pour objet des prestations de conseil et d'assistance technique à Maitrise d'ouvrage pour la modélisation en 3D (architecturale, structurelle et mathématique) de l",fns,cmp2006,appeloffre,initial,Sté d'Exploitation de la Tour Eiffel,75015,Paris,,['Prestations de services'],[274],non,non
21-52319,2021-04-19,2021-05-11,['75'],"Réfection des adductions d'eau des groupes scolaires, 81/83 rue Mademoiselle - 20 rue Falguière - 149 bis rue de Vaugirard 75015 Paris",fns,cmp2006,appeloffre,initial,VILLE DE PARIS,75015,Paris,,['Gros oeuvre'],[144],non,non
21-52379,2021-04-19,2021-05-03,['75'],"Le présent marché a pour objet, d'une part, l'accompagnement de membres du Comex de la CCI Paris Ile-de-France dans la structuration et la formalisation de certains processus transverses et,",fns,cmp2006,appeloffre,initial,Groupe CCIR Paris Ile-de-France,75017,Paris,,['Prestations de services'],[274],non,non
21-51932,2021-04-19,2021-06-20,['62'],"TRAVAUX DE RENOVATION DES RESEAUX D'ADDUCTION D'EAU ET CHAUFFAGE SUR LE SITE DE L'ANGDM 110, AVENUE DE LA FOSSE 23, 62221 NOYELLES SOUS LENS",fns,cmp2006,attribution,initial,ANGDM,75019,Paris,"[('2021-04-14', 'SADE', (247033.63, 'EUR'), None)]",['Alimentation en eau potable'],[6],non,non
21-51952,2021-04-19,2021-05-11,['75'],Accord-cadre relatif à l'enseignement du Français pour les étudiants étrangers pour l'Ensa-PB,fns,cmp2006,appeloffre,initial,Ensa Paris-Belleville,75019,Paris,,['Etude'],[118],non,non
21-51930,2021-04-19,2021-06-20,['62'],"TRAVAUX DE REHABILITATION ET DE RESTRUCTURATION D'UN BATIMENT DE BUREAU DENOMME LA HOUVE/GIEREK SUR LE SITE DE L'ANGDM SITUE 110, AVENUE DE LA FOSSE 23, 62221 NOYELLES SOUS LENS",fns,cmp2006,attribution,initial,ANGDM,75019,Paris,"[('2021-03-23', 'RAMERY ENVELOPPE', (98000, 'EUR'), None), ('2021-03-23', 'ENTREPRISE SEPTENTRIONALE DE CONSTRUCTION', (646155.21, 'EUR'), None), ('2021-03-23', ""COLOR'IN"", (48700, 'EUR'), None)]","['Bâtiment', 'Peinture (travaux)', 'Amiante (désamiantage)']","[33, 264, 479]",non,non
21-48949,2021-04-19,2021-05-19,"['75', '77', '78', '91', '92', '93', '94', '95']",marché de travaux pour l'opération de création de 2 locaux techniques courant faible au 4ème étage de l'aile ouest du bâtiment cité à paris 4ème,fns,cmp2006,appeloffre,initial,Préfecture de Police de Paris,75195,Paris Cedex 04,,"[""Tous corps d'état""]",[345],non,non
21-52089,2021-04-19,2021-05-10,['75'],Le présent marché a pour objet de confier au titulaire une mission de maîtrise d'oeuvre pour la réhabilitation d'un plateau désaffecté en espaces de bureaux et de recherche au campus Saint G,fns,cmp2006,appeloffre,rectificatif,Université Denis Diderot - Paris 7,75270,Paris,,"[""Maîtrise d'oeuvre""]",[197],non,non
21-52348,2021-04-19,2021-06-20,['31'],"Marché de travaux relatifs à la démolition partielle, au désamiantage total, à la dépollution et au terrassement primaire du site dit 'Lemaresquier' en vue d'implanter la nouvelle cité",fns,cmp2006,attribution,initial,Ministère de l'Economie,75572,Paris,"[('2021-03-20', 'CASSIN', (269000, 'EUR'), None), ('2021-03-20', 'CASSIN', (969000, 'EUR'), None)]","['Démolition', 'Terrassement', 'Dépollution']","[87, 341, 442]",non,oui
21-52102,2021-04-19,2021-05-18,['76'],"Transport régulier pour les activités du Pôle Culture, Jeunesse et Sport",fns,cmp2006,appeloffre,initial,Mairie de Darnétal,76162,Darnétal,,['Transport'],[347],non,non
21-51860,2021-04-19,2021-05-25,['76'],RÉALISATION D'UN DIAGNOSTIC STRUCTUREL COMPLÉMENTAIRE DES PLANCHERS - MUSÉE D'HISTOIRE NATURELLE ET DES ANTIQUITÉS DE ROUEN,mapa,cmp2006,appeloffre,initial,METROPOLE ROUEN NORMANDIE,76176,ROUEN,,['Etude'],[118],non,non
21-52305,2021-04-19,2021-05-12,"['14', '76']","Travaux de désamiantage et de déconstruction du site "" Ancien Garage Citroën"" à Lisieux (14)",fns,cmp2006,appeloffre,initial,Etab Public Foncier de Normandie,76178,Rouen cedex 1,,"['Démolition', 'Amiante (désamiantage)']","[87, 479]",non,non
21-51948,2021-04-19,2021-05-07,"['50', '76']","Travaux de Désamiantage de l'ancienne Gendarmerie, situé au 2 De Ville Chérel à PONTORSON 50140",mapa,cmp2006,appeloffre,initial,Etab Public Foncier de Normandie,76178,Rouen cedex 1,,['Démolition'],[87],non,non
21-52188,2021-04-19,2021-05-10,"['13', '83', '84', '30']",Travaux de mise à niveau electricité et cloisons Marseille,mapa,cmp2006,appeloffre,initial,ECOLE NATIONALE SUPERIEURE MARITIME,76600,Le havre,,"['Cloison, faux plafond', 'Electricité (travaux)']","[63, 105]",non,non
21-48550,2021-04-19,2021-05-31,['77'],modification de l'accès principal du cis de mitry-mory,fns,cmp2006,appeloffre,initial,SDIS77,77001,Melun Cedex,,"['Clôture', 'Métallerie', 'Terrassement']","[64, 223, 341]",non,oui
21-51033,2021-04-19,2021-05-31,['77'],modification de l'accès principal du centre d'incendie et de secours de champagne sur seine,fns,cmp2006,appeloffre,initial,SDIS77,77001,MELUN cedex,,"['Clôture', 'Métallerie', 'Terrassement']","[64, 223, 341]",non,oui
21-52429,2021-04-19,2021-06-07,"['77', '93', '94', '75']","Travaux de réfection toitures terrasses logements compris groupes scolaires Mare lEmbuche, Malnoue 2 et Bois dEmery",fns,cmp2006,appeloffre,rectificatif,Ville d'Emerainville,77184,Emerainville,,['Couverture'],[74],non,non
21-52166,2021-04-19,2021-05-03,['77'],fourniture de produits et petits matériels pour le nettoyage et l'entretien des bâtiments municipaux (rectificatif),fns,cmp2006,appeloffre,rectificatif,Commune d'Avon,77210,avon,,"[""Produits d'entretien""]",[278],non,non
21-52034,2021-04-19,2021-05-17,['77'],Entretien des espaces verts des ZAE de Gretz-Armainvilliers et Tournan-en-Brie période 2021-2024,fns,cmp2006,appeloffre,initial,Cté Cnes LES PORTES BRIARDES,77330,Ozoir-la-Ferrière,,['Espaces verts'],[116],non,non
21-51911,2021-04-19,2021-06-29,['77'],TRAVAUX DE MAINTENANCE ET D'ENTRETIEN DE LA SIGNALISATION TRICOLORE ET DE L'ÉCLAIRAGE PUBLIC,fns,cmp2006,appeloffre,initial,COMMUNE THORIGNY SUR MARNE,77404,Thorigny sur marne,,['Electricité (travaux)'],[105],non,non
21-52460,2021-04-19,2021-06-29,['77'],"Travaux d'entretien et d'aménagement de voirie, d'assainissement de VRD",fns,cmp2006,appeloffre,initial,COMMUNE THORIGNY SUR MARNE,77404,Thorigny sur marne,,['Voirie'],[365],non,non
21-52054,2021-04-19,2021-05-31,['77'],Prestations de maitrise d'oeuvre pour le remplacement des ascenseurs,fns,cmp2006,appeloffre,initial,Ecole Nationale des Ponts et Chaussées,77455,Champs-sur-Marne,,"['Ascenseur', ""Maîtrise d'oeuvre"", ""Ouvrage d'infrastructure""]","[17, 197, 253]",non,non
21-52154,2021-04-19,2021-06-01,['77'],"Concession de service no2021/01 - mise à disposition, installation, entretien et exploitation de la signalisation d'information locale (SIL) à PROVINS (77160)",dsp,dsp,appeloffre,initial,Ville de Provins,77487,Provins cedex,,['Prestations de services'],[274],non,non
21-51786,2021-04-19,2021-05-16,['77'],Confection et livraison de repas (groupes scolaires),joue,directive24,appeloffre,initial,Ville de Serris,77700,Serris,,"['Repas, traiteur']",[304],non,non
21-52030,2021-04-19,2021-05-28,['77'],Il concerne la fourniture de repas en liaison froide et de goûters pour les restaurants scolaires et les accueils de loisirs. Les quantités à fournir sont évaluées à partir des données moyennes des..,fns,cmp2006,appeloffre,initial,MAIRIE DE COUPVRAY,77700,Coupvray,,['Restauration collective'],[66],non,oui
21-52162,2021-04-19,2021-05-04,['78'],Le présent marché a pour objet de confier une mission d'études préalables de circulation et de VRD qui consiste à réaliser :- Une étude de circulation à l'échelle du quartier avec des prop,fns,cmp2006,appeloffre,initial,COMMUNE DE MARLY LE ROI,78160,Marly le roi,,['Ingénierie'],[455],non,non
21-52361,2021-04-19,2021-07-09,['78'],Travaux d'aménagement intérieur du siège de la CARPIMKO,fns,cmp2006,appeloffre,initial,Carpimko,78180,Montigny le Bretonneux,,"['Cloison, faux plafond', 'Electricité (travaux)', 'Revêtements de sols', 'Revêtements muraux']","[63, 105, 308, 309]",non,non
21-52335,2021-04-19,2021-05-20,['78'],Achat d'articles et produits d'entretien et produits à usage unique,fns,cmp2006,appeloffre,initial,COMMUNE DE VIROFLAY,78220,VIROFLAY,,"[""Produits d'entretien""]",[278],non,oui
21-51980,2021-04-19,2021-06-22,['78'],"L'objet du présent contrat est l'organisation de classes de neige traditionnelles pour 2022 avec enseignement de ski alpin et passage des tests (oursons, flocons, étoiles...), hébergement, a",fns,cmp2006,appeloffre,initial,COMMUNE DE COIGNIERES,78317,Coignières cedex,,['Prestations de services'],[274],non,non
21-52397,2021-04-19,2021-05-12,['78'],"Marché public de travaux de renforcement de voiries communales, réfection et création de trottoir - Programme 2021 pour la commune de Bazemont (78)",fns,cmp2006,appeloffre,initial,BAZEMONT,78580,BAZEMONT,,"[""Tous corps d'état""]",[345],non,non
21-52112,2021-04-19,2021-05-17,['79'],Actualisation du pacte fiscal et financier,fns,cmp2006,appeloffre,initial,COM D AGGL DU BOCAGE BRESSUIRAIS,79304,BRESSUIRE,,['Etude'],[118],non,non
21-52116,2021-04-19,2021-05-05,['80'],2021-090 Machines outils à commande numérique,fns,cmp2006,appeloffre,initial,UNIVERSITE AMIENS PICARDIE JULES VERNE,80025,AMIENS,,['Machines-outils'],[194],non,non
21-52331,2021-04-19,2021-05-31,['80'],2021-062 Amiens Ilot des Minimes - Rénovation des toitures & Couverture des escaliers extérieurs,fns,cmp2006,appeloffre,initial,UNIVERSITE AMIENS PICARDIE JULES VERNE,80025,AMIENS,,"['Couverture', 'Etanchéité']","[74, 117]",non,non
21-52090,2021-04-19,2021-05-07,['80'],Travaux d'aménagement de la vie scolaire au collège du Bois l'eau à Bernaville,fns,cmp2006,appeloffre,initial,Conseil Départemental de la Somme,80026,Amiens,,"[""Tous corps d'état""]",[345],non,oui
21-51949,2021-04-19,2021-05-17,['80'],Acquisition de matériel d'entretien des espaces verts,mapa,cmp2006,appeloffre,initial,Ville d'ABBEVILLE,80101,ABBEVILLE Cedex,,['Espaces verts'],[116],non,non
21-52490,2021-04-19,2021-05-21,['82'],ADDUCTION D'EAU POTABLE - MODIFICATION DU SYSTEME DE PRELEVEMENT EN GARONNEREPONSE ELECTRONIQUE OBLIGATOIRE,mapa,cmp2006,appeloffre,initial,Commune de Montech,82700,MONTECH,,"['Topographie', 'Ingénierie']","[344, 455]",non,non
21-52272,2021-04-19,2021-07-17,['83'],20PM29 - MISSION D'ASSISTANCE POUR L'ELABORATION DU PACTE FINANCIER ET FISCAL DE LA METROPOLE TOULON PROVENCE MEDITERRANEE,fns,cmp2006,attribution,initial,Métropole Toulon Provence Méditerranée,83041,TOULON,"[('2021-04-19', 'KPMG EXPERTISE ET CONSEIL', (59800, 'EUR'), None)]",['Assistance technique'],[19],non,non
21-52387,2021-04-19,2021-05-19,['83'],FOURNITURE DE CARBURANT PAR CARTES ACCRÉDITIVES POUR LE COMPTE DE LA COMMUNE DU LUC EN PROVENCE,fns,cmp2006,appeloffre,initial,COMMUNE LE LUC,83340,Le Luc en Provence,,"['Carburant, hydrocarbure']",[52],non,non
21-51908,2021-04-19,2021-05-19,['83'],MAPAO2-ASS2021 ASSURANCES RECTIFICATIF,mapa,cmp2006,appeloffre,rectificatif,SI VAROIS D AIDE AUX ACHATS DIVERS,83430,Saint-Mandrier,,['Assurance'],[20],non,non
21-52393,2021-04-19,2021-06-18,['83'],LOCATION D'ILLUMINATIONS POUR LES FETES DE FIN D'ANNEE,mapa,cmp2006,appeloffre,initial,COMMUNE DE LORGUES,83510,LORGUES,,"['Illumination', 'Location (matériels)']","[170, 185]",non,non
21-52145,2021-04-19,2021-05-16,['83'],TRAVAUX PLURIANNUELS D'ENTRETIEN ET D'AMENAGEMENT DE LA VOIRIE COMMUNALE 2021 - 2025,fns,cmp2006,appeloffre,initial,COMMUNE DE GASSIN,83580,Gassin,,"['Voirie', 'Voirie et réseaux divers']","[365, 366]",non,non
21-52421,2021-04-19,2021-05-07,['84'],"Accord-cadre à bons de commande relatif au transport et transfert de passagers en autocar, van et minibus pour les besoins du festival des Chorégies d'Orange",fns,cmp2006,appeloffre,initial,SPL CHOREGIES D'ORANGE,84100,Orange,,['Transport'],[347],non,non
21-52446,2021-04-19,2021-05-17,['84'],Travaux de rénovation des menuiseries de l'école élémentaire Marie Curie et de l'école maternelle Louis Pergaud,fns,cmp2006,appeloffre,initial,COMMUNE DU PONTET,84134,Le Pontet cedex,,['Menuiserie'],[222],non,non
21-52040,2021-04-19,2021-05-17,['84'],construction d'un vestiaire au stade eric di meco,fns,cmp2006,appeloffre,initial,Commune de Robion,84440,Robion,,"['Bâtiment', 'Carrelage', 'Charpente', 'Chauffage (travaux)', 'Cloison, faux plafond', 'Couverture', 'Electricité (travaux)', 'Gros oeuvre', 'Menuiserie', 'Peinture (travaux)', 'Plomberie (travaux)', 'Ravalement', 'Serrurerie', 'Terrassement', ""Tous corps d'état"", 'Ventilation']","[33, 53, 57, 61, 63, 74, 105, 144, 222, 264, 270, 299, 321, 341, 345, 360]",non,non
21-52298,2021-04-19,2021-05-10,['86'],Travaux de remplacement de lanterne et modernisation de l'éclairage public,fns,cmp2006,appeloffre,initial,Ville de Châtellerault,86100,Châtellerault,,['Eclairage public'],[102],non,non
21-52388,2021-04-19,2021-05-19,['86'],"Gestion de la restauration collective pour les besoins de la commune de Bonneuil-Matours Approvisionnement, gestion et stockage des denrées, fabrication des repas",fns,cmp2006,appeloffre,initial,Commune de Bonneuil-Matours,86210,Bonneuil-Matours,,['Restauration collective'],[66],non,oui
21-52441,2021-04-19,2021-05-18,['86'],Prestations de mise en accessibilité des films et fichiers audio de Réseau Canopé,fns,cmp2006,appeloffre,initial,Réseau Canopé,86961,Futuroscope,,['Audiovisuel'],[22],non,non
21-52419,2021-04-19,2021-05-12,['86'],"Achat d'un laser double impulsions pour la mesure de vitesse, de concentration et de température. ISAE-ENSMA - 1, avenue Clément Ader - Téléport 2 - BP 40109 - 86961 Futuroscope Chasseneuil Cedex",mapa,cmp2006,appeloffre,initial,EC NAL SUP MECA AEROTECHNIQUE POITIERS,86961,Futuroscope-chasseneuil cedex,,"['Equipements spécialisés', 'Laboratoire (matériel)']","[115, 188]",non,non
21-52386,2021-04-19,2021-05-19,['88'],"Réalisation d'audits énergétiques et d'audits autonomie, préconisations de travaux sur des logements de propriétaires occupants ou bailleurs",fns,cmp2006,appeloffre,initial,PETR du Pays de la DEODATIE,88100,Saint Dié des Vosges,,['Audit'],[21],non,non
21-52312,2021-04-19,2021-05-17,['88'],Mise en place de réseaux humides Rue Fulton et chemin du Calvaire (Marché no2021000001_Mise_en_place_de_réseaux_humides_Rue_Fulton)-.,fns,cmp2006,appeloffre,initial,Commune de Plombières les Bains,88370,PLOMBIÈRES-LES-BAINS,,"['Alimentation en eau potable', 'Assainissement', 'Réseaux divers', 'Voirie']","[6, 18, 306, 365]",non,non
21-52118,2021-04-19,2021-04-26,['90'],création de deux logements,mapa,cmp2006,appeloffre,initial,COMMUNE DE GROSMAGNY,90200,Gromagny,,['Bâtiment'],[33],non,non
21-52086,2021-04-19,2021-05-10,"['91', '75']","Le présent marché a pour objet la représentation en justice de l'État (préfecture de l'Essonne) assurée par des avocats dans le cadre des articles L. 512-1, L.561-1 et 2, L. 552-1, L. 552-7,",fns,cmp2006,appeloffre,initial,SGCD 91,91010,Evry-courcouronnes,,"['Prestations de services', 'Assistance juridique']","[274, 434]",non,non
21-52452,2021-04-19,2021-04-30,['91'],"Concession des Services Publics d'assainissement de collecte, de transport et de traitement des eaux usées et des eaux pluviales du bassin de collecte-épuration de Boutigny-sur-Ess",dsp,autre,rectificatif,rectificatif,SIARCE,91100,Corbeil-Essonnes,,['Assainissement'],[18],non,non
21-52241,2021-04-19,2021-05-07,['91'],"La présente consultation a pour objet l'""acquisition d'un spectromètre à transformé de Fourier (FTIR) pour le laboratoire GEEPS, CentraleSupélec.",fns,cmp2006,appeloffre,initial,CENTRALESUPELEC,91190,Gif-sur-yvette,,['Laboratoire (matériel)'],[188],non,non
21-52059,2021-04-19,2021-05-14,"['91', '75']",Entretien des terrains engazonnés et espaces verts du centre national de rugby pour les cycles 2021/2022 à 2024/2025 inclus.,divers,autre,appeloffre,initial,FEDERATION FRANCAISE RUGBY,91463,Marcoussis Cedex,,"['Arrosage', 'Espaces verts', 'Végétaux']","[13, 116, 358]",non,non
21-52082,2021-04-19,2021-05-19,['91'],Maintenance et travaux du réseau d'éclairage public et modernisation de l'éclairage sportif :Lot 1 : Maintenance et travaux du réseau d'éclairage public de la commune de SaclasLot 2,fns,cmp2006,appeloffre,initial,COMMUNE DE SACLAS,91690,Saclas,,"['Eclairage public', 'Electricité (travaux)', 'Equipement sportif']","[102, 105, 113]",non,non
21-52051,2021-04-19,2021-05-07,['91'],Location et maintenance du parc photocopieurs de la ville de Villiers-sur-orge,mapa,cmp2006,appeloffre,initial,COMMUNE DE VILLIERS SUR ORGE,91700,Villliers-sur-Orge,,"['Impression', 'Location (matériels)', 'Matériel de bureau']","[160, 185, 207]",non,non
21-52434,2021-04-19,2021-05-11,['91'],MISSION D'ACCOMPAGNEMENT POUR LA MISE EN PLACE D'UNE STRATÉGIE D'ATTRACTIVITÉ TERRITORIALE POUR LA COMMUNAUTÉ PARIS-SACLAY,fns,cmp2006,appeloffre,initial,Communauté Paris-Saclay,91898,Orsay cedex,,['Prestations de services'],[274],non,non
21-52007,2021-04-19,2021-05-21,"['92', '75', '91', '93', '94', '95', '77', '78']",travaux de désamiantage et démolition de 36 logements et 8 commerces - nanterre coop habitat,fns,cmp2006,appeloffre,initial,Nanterre Coop Habitat,92000,Nanterre,,"['Démolition', 'Amiante (désamiantage)']","[87, 479]",oui,oui
21-52169,2021-04-19,2021-05-08,"['92', '75']","La ville souhaite recourir aux services d'une agence de relations presse généraliste pour valoriser ses actions et politiques mises en place, renforcer l'information de la population, et acc",fns,cmp2006,appeloffre,initial,Ville de La Garenne-Colombes,92250,La garenne-colombes,,['Prestations de services'],[274],non,non
21-51874,2021-04-19,2021-07-17,['92'],"Fourniture de produits d'hygiène, d'entretien et de protection contre la COVID-19",fns,cmp2006,attribution,initial,Ville de Courbevoie,92401,Courbevoie,"[('2021-04-16', 'HERSAND', (200000, 'EUR'), None)]","['Hygiène (articles)', ""Produits d'entretien""]","[153, 278]",non,oui
21-52171,2021-04-19,2021-06-07,['92'],"Le présent marché a pour objet les travaux de renforcement de la dalle de couverture N5 de la Place de la Défense par précontrainte additionnelle, plat/tissu de carbone, béton projeté et par profil..",fns,cmp2006,appeloffre,rectificatif,PARIS LA DEFENSE,92931,Paris la défense cedex,,['Couverture'],[74],non,non
21-52359,2021-04-19,2021-06-19,['92'],conseil et accompagnement pour l'élaboration et la mise en oeuvre de la raison d'être de paris la défense,fns,cmp2006,attribution,initial,PARIS LA DEFENSE,92932,Paris-la-Défense,,['Prestations de services'],[274],non,non
21-51858,2021-04-19,2021-04-30,['93'],la prestation de service d'assurance dommage-ouvrage pour l'école provisoire m2/muriel hurtis. (rectificatif),mapa,cmp2006,appeloffre,rectificatif,Commune de Bobigny,93000,Bobigny,,['Assurance'],[20],non,non
21-52075,2021-04-19,2021-05-30,['93'],Etude préopérationnelle sur 35 copropriétés des villes d'Aubervilliers et de La Courneuve,fns,cmp2006,appeloffre,initial,EPT Plaine Commune,93218,Saint-denis,,['Etude'],[118],non,non
21-52466,2021-04-19,2021-05-30,['75'],Travaux de rénovation du CDI et de remplacement des menuiseries extérieures au lycée Victor Hugo à Paris (3ème),fns,cmp2006,appeloffre,rectificatif,Région Île-de-France,93400,Saint-ouen-sur-seine,,['Bâtiment'],[33],non,non
21-51915,2021-04-19,2021-05-21,['93'],MISSIONS D'ASSISTANCE A MAITRE D'OUVRAGE POUR LA CONSTRUCTION D'UN ESPACE CULTUREL AU QUARTIER DU BAILLET A DRANCY,fns,cmp2006,appeloffre,initial,PARIS TERRES D'ENVOL,93601,Aulnay sous bois cedex,,['Equipements spécialisés'],[115],non,non
21-41029,2021-04-19,2021-05-18,['94'],"marchés de travaux, d'amélioration et de remplacement à neuf d'ascenseurs en place.",fns,cmp2006,appeloffre,initial,Créteil-Habitat-SEMIC,94048,Créteil Cedex,,['Ascenseur'],[17],non,non
21-51906,2021-04-19,2021-05-28,['94'],"Fourniture de vêtements de travail, année 2021-2022 (1 an reconductible 2 fois) - 2 lots.",fns,cmp2006,appeloffre,initial,Ville du Perreux sur Marne,94170,Le perreux sur marne,,['Textile'],[343],non,non
21-51933,2021-04-19,2021-05-10,['94'],L'accord-cadre a pour objet :La maintenance et la fourniture de licences QlikView serveur et utilisateurs et le support au développement des applications QlikView existantes et futures : garanti,fns,cmp2006,appeloffre,rectificatif,OFFICE FRANCAIS DE LA BIODIVERSITE,94300,Vincennes,,['Informatique (prestations de services)'],[163],non,oui
21-52300,2021-04-19,2021-05-13,['94'],Acquisition de coffrets-cadeaux pour les retraités Vincennois et les enfantsMarché réservé en application de l'article R2113-7 du code la commande publiqueL'exécution du marché est réservé,fns,cmp2006,appeloffre,initial,Ville de Vincennes,94304,Vincennes cedex,,['Réactifs'],[301],non,non
21-52355,2021-04-19,2021-05-17,['95'],L'objet du marché est l'étude territoriale de la fonction de tri des emballages ménagers et des papiers.,fns,cmp2006,appeloffre,initial,SIGIDURS,95200,Sarcelles,,['Etude'],[118],non,oui
21-52480,2021-04-19,2021-05-19,['95'],Marché de Maîtrise d'oeuvre réalisation du surpresseur S4,fns,cmp2006,appeloffre,initial,SIECCAO,95270,Asnières-sur-Oise,,"['Alimentation en eau potable', ""Maîtrise d'oeuvre"", 'Station de pompage']","[6, 197, 326]",non,non
21-52231,2021-04-19,2021-05-06,"['95', '75']",convention d'autorisation d'occupation temporaire (aot) du domaine publicinstallation temporaire d'un service de restauration ambulante sur le domaine du château d'auvers sur oise,mapa,cmp2006,appeloffre,initial,CHATEAU D'AUVERS SUR OISE - CDVO,95430,Auvers sur oise,,['Prestations de services'],[274],non,non
21-52320,2021-04-19,2021-05-18,"['95', '75']",Mise à disposition de modulaires au sein de différents groupes scolaires de la commune de Bezons (95870).,fns,cmp2006,appeloffre,initial,COMMUNE DE BEZONS,95870,Bezons,,['Bâtiments modulaires'],[27],non,non
21-51797,2021-04-19,2021-06-18,['977'],Entretien des plages et des terrains de beach,joue,directive24,appeloffre,initial,Collectivité de Saint-Barthélemy,97098,Saint-barthelemy,,['Nettoyage urbain'],[240],non,non
21-51799,2021-04-19,2021-05-17,['971'],"Fourniture, Installation, Mise En Service & Maintenance De 1 A 2 Machines Standard 3.0, 2 Machines Standard 3.1 Et 3 Rx Double-Vue Pour L'Aeroport Guadeloupe Pole Caraibes",joue,directive25,appeloffre,initial,SOC AEROPORTUAIRE GUADELOUPE POLE CARA,97139,Les Abymes,,"['Machines-outils', 'Maintenance']","[194, 196]",non,non
21-52257,2021-04-19,2021-05-11,['973'],Numéro de la consultation : 21.001.G Mise aux normes et sécurisation du terrain de football FAMIBELLE,fns,cmp2006,appeloffre,initial,COMMUNE DE CAYENNE,97300,CAYENNE,,['Aire de jeux'],[400],non,non
21-52366,2021-04-19,2021-05-07,['973'],Recrutement de maîtrise d??uvre pour l'aménagement des parloirs et la création de locaux annexes au Centre Pénitentiaire de Guyane,fns,cmp2006,appeloffre,initial,CENTRE PENITENTIAIRE DE GUYANE,97394,Remire-montjoly,,"[""Maîtrise d'oeuvre""]",[197],non,non
21-46944,2021-04-19,2021-05-21,['974'],etude de programmation pour la réalisation du schéma de secteur du centre-ville élargi de la commune de petite ile,fns,cmp2006,appeloffre,initial,SPL Grand Sud,97410,saint-pierre,,['Etude'],[118],non,non
21-52072,2021-04-19,2021-05-21,['976'],Compétences CLEA Concomitant 2021-2022 _ Evaluations et formations aux savoirs de bases niveau VI.Le Programme de formation aux savoirs de base dont fait objet le présent appel à proposition a pou..,fns,cmp2006,appeloffre,initial,GIP CARIF OREF,97600,Mamoudzou,,"['Formation', 'Ingénierie']","[410, 455]",non,non
20-103108,2021-04-19,2021-07-19,['974'],"Travaux de modernisation de la zone d'activité économique de trois mares (commune du tampon). Décomposition en 3 lots : 1/travaux de vrd, 2/éclairage public et 3/aménagements paysagers.",fns,cmp2006,attribution,initial,Communauté d'Agglomération du Sud,97838,Le tampon cedex,"[('2020-03-12', 'Monsieur Pascal VINGADASSAMYPrésidentSAS AUSTRAL AMENAGEMENT & DEVELOPPEMENT', (4181201.68, 'EUR'), None), ('2020-03-10', ""Monsieur LEGRAND ClémentChef d'entreprise CITEOS"", (258625, 'EUR'), None), ('2020-03-10', 'Mr RENARD Thierry, gérantEVE SARL', (134590.1, 'EUR'), None)]","['Eclairage public', 'Espaces verts', 'Réseaux divers', 'Voirie']","[102, 116, 306, 365]",non,non
