a00_cle_idweb,g04_01_date_publication,g04_03_date_fin_diffusion,g04_07_dep_publication,g04_09_resume_objet,g01_02_01_famille,g01_02_02_perimetre,g01_02_03_nature,g01_02_04_statut,d01_01_denomination,d01_07_cp,d01_08_ville,d08_09_decision_titulaireandRENSEIGNEMENT,g04_052_descripteurs_libelles,g04_051_descripteurs_codes,g04_061_criteres_sociaux,g04_062_criteres_environnementaux
21-37789,2021-03-22,2021-04-13,['1'],Accord cadre pour la fourniture de repas en liaison froide pour le service de repas à domicile de Haut-Bugey Agglomération,fns,cmp2006,appeloffre,initial,Haut-Bugey Agglomération,01117,Oyonnax cedex,,"['Repas, traiteur']",[304],non,oui
21-37862,2021-03-22,2021-04-09,['2'],Fourniture de vêtements de travail et d'équipements de protection individuelle-. (rectificatif),fns,cmp2006,appeloffre,rectificatif,SIRTOM du LAONNOIS,02000,Laon,,['Habillement'],[150],non,non
21-38165,2021-03-22,2021-05-23,['2'],Marché de maîtrise d'oeuvre pour la conception et réalisation d'une station de traitement des eaux usées à boues activées de capacité 1 100 EH et travaux de réhabilitation et restructuration,fns,cmp2006,appeloffre,initial,SEDA,02007,Laon cedex,,"[""Station d'épuration (travaux)""]",[328],non,non
21-37683,2021-03-22,2021-06-19,['3'],Fourniture et mise en oeuvre des Enrobés Coulés à Froid (ECF) pour l'amélioration des chaussées du Département de l'Allier,fns,cmp2006,attribution,initial,DEPARTEMENT DE L ALLIER,03016,MOULINS,"[('2021-03-18', 'Eiffage Route Centre Est.- Ets Loire Auvergne', (232512.5, 'EUR'), None)]",['Voirie'],[365],non,non
21-37820,2021-03-22,2021-04-14,['3'],Retraitement de chaussées RD 2209 ET RD36 ( 03- Allier ),fns,cmp2006,appeloffre,initial,DEPARTEMENT DE L ALLIER,03016,MOULINS,,['Voirie'],[365],non,non
21-38064,2021-03-22,2021-05-10,['3'],concession de service public pour la plage des célestins,dsp,dsp,attribution,initial,Ville de Vichy,03200,Vichy,"[('2021-02-01', 'O BELLES RIVES', (252809, 'EUR'), 'Concession de service public pour la Plage des Célestins')]","['Plage', 'Délégation de service public']","[289, 406]",non,non
21-37996,2021-03-22,2021-04-23,['3'],Réalisation d'ombrières photovoltaïques sur un parking PL et VL,mapa,cmp2006,appeloffre,initial,SYND MIXTE INTERCOMMUNAL COLLECTE TRAI,03410,Domérat,,['Photovoltaïque'],[476],non,non
21-37670,2021-03-22,2021-04-26,['4'],Fourniture d'oxygène médical conditionné et accessoires pour les besoins du SDIS des Alpes de Haute-Provence,fns,cmp2006,appeloffre,initial,SCE DEPARTEMENTAL INCENDIE ET SECOURS,04990,Digne les Bains,,['Gaz médicaux'],[140],non,non
21-38120,2021-03-22,2021-04-08,['4'],MUSEE DE SALAGON - FOURNITURE D'UN CHAPITEAU (tente de réception),mapa,cmp2006,appeloffre,initial,Département des Alpes de Hte Provence,04995,DIGNE-LES-BAINS,,['Tente'],[473],non,non
21-38293,2021-03-22,2021-04-15,['4'],COLLEGES DE MANOSQUE-STE TULLE-VOLX - PROGRAMME TRAVAUX 2021,fns,cmp2006,appeloffre,initial,Département des Alpes de Hte Provence,04995,DIGNE-LES-BAINS,,"['Menuiserie', 'Peinture (travaux)', 'Plomberie (travaux)', 'Serrurerie']","[222, 264, 270, 321]",non,non
21-37855,2021-03-22,2021-04-19,"['6', '4']",La présente consultation a pour objet la passation d'un accord-cadre à bons de commande et à marchés subséquents relatif à la fabrication et la réfection de pièces mécaniques pour autorails desti,fns,cmp2006,appeloffre,initial,REGIE REGIONALE DES TRANSPORTS DE PACA,06007,Nice cedex 1,,['Matériel ferroviaire'],[206],non,oui
21-24702,2021-03-22,2021-04-13,['6'],réhabilitation des sanitaires communs élèves- collège jules romain,fns,cmp2006,appeloffre,initial,Département des Alpes-Maritimes,06201,Nice Cedex 3,,"['Carrelage', 'Menuiserie', 'Peinture (travaux)', 'Revêtements de sols', 'Sanitaire']","[53, 222, 264, 308, 319]",non,oui
21-37758,2021-03-22,2021-04-21,['6'],FOURNITURE ET LIVRAISON DE BOISSONS POUR LE SERVICE DÉPARTEMENTAL D'INCENDIE ET DE SECOURS DES ALPES-MARITIMES.,mapa,cmp2006,appeloffre,rectificatif,SDIS (06),06273,Villeneuve-Loubet Cedex,,['Boisson'],[39],non,non
21-38019,2021-03-22,2021-04-12,['6'],convention d'occupation temporaire du domaine public pour l'exploitation d'un espace de convivialité et de petite restauration au sein de la médiathèque communautaire de valbonne sophia antipolis,divers,autre,appeloffre,initial,Cté Agglomération Sophia Antipolis,06901,Sophia antipolis cedex,,['Restauration collective'],[66],non,non
21-38098,2021-03-22,2021-04-20,['7'],"Travaux de réalisation, d'installation et de mise en service de blocs sanitaires modulaires dans deux collège du Département",fns,cmp2006,appeloffre,initial,Département de l'Ardèche,07007,Privas,,['Bâtiments modulaires'],[27],non,non
21-37895,2021-03-22,2021-04-22,['8'],Conception-réalisation pour la construction de terrains familiaux-.,fns,cmp2006,appeloffre,initial,COMMUNE DE CHARLEVILLE MEZIERES,08000,CHARLEVILLE-MEZ.,,"[""Tous corps d'état""]",[345],oui,non
21-37722,2021-03-22,2021-04-19,['10'],Contrôle des équipements dans les bâtiments publics de la ville de Nogent-sur-Seine,fns,cmp2006,appeloffre,initial,Ville de Nogent-sur-Seine,10400,Nogent-sur-seine,,['Contrôle technique'],[72],non,non
21-37738,2021-03-22,2021-04-22,['11'],assistance à maitrise d'ouvrage visant à assurer le contrôle des délégations de service public de l'eau et de l'assainissement de carcassonne agglo pour les années 2020 à 2023,mapa,cmp2006,attribution,initial,CARCASSONNE AGGLO,11890,Carcassonne,,"[""Assistance à maîtrise d'ouvrage""]",[433],non,non
21-37777,2021-03-22,2021-04-12,['12'],aménagement 'espace bridlington' - parking parc des sports - 12100 millau - tranche 1 - chaussee lourde,fns,cmp2006,appeloffre,initial,Ville de Millau,12100,Millau Cedex,,['Voirie et réseaux divers'],[366],non,non
21-37342,2021-03-22,2021-04-12,['12'],RD911 - Pont du bois du four - Canton de raspes et lévézou - Commune de saint léonsRD 809 - Pont de saint euzebit - Canton de millau 1 - Commune de millaureparation de sauvegarde,fns,cmp2006,appeloffre,initial,Conseil Départemental de l AVEYRON,12450,Flavin,,"[""Ouvrage d'art""]",[252],non,non
21-38286,2021-03-22,2021-04-30,['13'],"Travaux de confortement et réhabilitation du bâtiment 11, Atelier Levage - 008410W-011, situé38 Traverse de la Trévaresse, MARSEILLE (13012)",fns,cmp2006,appeloffre,initial,YXIME,13008,MARSEILLE,,"['Bardage', 'Echafaudage', 'Etanchéité', 'Gros oeuvre', 'Menuiserie']","[30, 101, 117, 144, 222]",oui,oui
21-38001,2021-03-22,2021-04-12,['13'],"TRAVAUX DE MAINTENANCE, PETITES REPARATIONS ET DE RENOVATION DE TERRAINS DESPORT EN GAZON SYNTHETIQUE",fns,cmp2006,appeloffre,initial,COMMUNE D AIX EN PROVENCE,13100,Aix-en-Provence,,['Terrain de sport'],[342],non,non
21-38148,2021-03-22,2021-03-30,['13'],Mission de maîtrise d'oeuvre relative aux travaux de requalification des esplanades et divers aménagements du Monument aux Héros de l'Armée d'Orient et des Terres Lointaines,fns,cmp2006,appeloffre,rectificatif,Ville de Marseille,13233,Marseille cedex 20,,"[""Maîtrise d'oeuvre""]",[197],non,non
21-38085,2021-03-22,2021-04-21,['13'],Fourniture de Services d'infogérance 2021-2024 des systèmes d'information et d'Assistance informatique aux utilisateurs de la Ville de Cassis,fns,cmp2006,appeloffre,initial,VILLE DE CASSIS,13260,Cassis,,"['Informatique (prestations de services)', 'Informatique (assistance)', 'Informatique (maintenance serveurs et réseaux)']","[163, 453, 454]",non,non
21-37548,2021-03-22,2021-04-19,['13'],Rénovation des locaux chaufferie des établissements inspe et mmsh à aix en provence (rectificatif),fns,cmp2006,appeloffre,rectificatif,Université d'Aix-Marseille,13288,Marseille cedex 09,,"['Chauffage (travaux)', 'Climatisation', 'Ventilation']","[61, 62, 360]",non,non
21-38083,2021-03-22,2021-04-16,"['31', '11', '9', '65', '32', '82', '81']",DC_004_2021 - Le présent marché consiste à effectuer les travaux de réaménagement de l entrée nord de la caserne Courrège à Toulouse (31).,fns,cmp2006,appeloffre,initial,MIOMCT/DGGN/GENDARMERIE/RGPACA,13387,Marseille cedex 10,,"[""Tous corps d'état""]",[345],non,non
21-37771,2021-03-22,2021-06-12,"['13', '83']",Concession de Restauration Grand Public,dsp,dsp,appeloffre,initial,GPT INTERET PUB GD PRIX FRANCE CASTELL,13481,Marseille,,['Equipements spécialisés'],[115],non,non
21-37775,2021-03-22,2021-06-22,"['13', '83']",Concession Restauration Grand Public Grand Prix F1 Historique,dsp,dsp,appeloffre,initial,GPT INTERET PUB GD PRIX FRANCE CASTELL,13481,Marseille,,['Prestations de services'],[274],non,non
21-37795,2021-03-22,2021-05-22,"['13', '83']","Prestations de conception d'une solution de contrôle d'accès et location, installation et exploitation d'un système de contrôle d'accès pour le Grand Prix de France de Formule 1 20",fns,cmp2006,appeloffre,initial,GPT INTERET PUB GD PRIX FRANCE CASTELL,13481,Marseille,,"[""Contrôle d'accès""]",[81],non,non
21-38272,2021-03-22,2021-04-19,"['988', '75', '13', '69', '92', '93', '94', '95', '91']","Prestations de Contrôle Technique (CT), de Coordination en matière de Sécurité et de Protection de la Santé (CSPS) et Diagnostic Amiante Avant Travaux (DAAT) pour l'opération de rénovation énergé",fns,cmp2006,appeloffre,initial,IRD,13572,Marseille,,"['Contrôle technique', 'Amiante (diagnostic)']","[72, 431]",non,non
21-37969,2021-03-22,2021-04-26,"['13', '84', '83', '4']",Travaux de restructuration du site Jules Isaac à Aix en Provence,fns,cmp2006,appeloffre,initial,Rectorat Aix-Marseille,13621,Aix en provence cedex 1,,['Bâtiment'],[33],oui,non
21-38228,2021-03-22,2021-04-06,['13'],Fourniture de mobilier pour le 1er équipement de sites réhabilités par la ville d'Istres,fns,cmp2006,appeloffre,initial,COMMUNE D ISTRES,13808,ISTRES,,['Mobilier'],[230],non,non
21-37669,2021-03-22,2021-04-29,['13'],Marché de maîtrise d'oeuvre des travaux de réfection de l'isolation extérieure et le remplacement de la chaudière de la résidence-autonomie LA BENVENGUDO à ROGNONAS,mapa,cmp2006,appeloffre,rectificatif,ville de Rognonas,13870,ROGNONAS,,['Ingénierie'],[455],non,non
21-37825,2021-03-22,2021-04-19,['13'],"Marché public de travaux : effacement des réseaux télécom, éclairage public - avenue Jean XXIII - Allée des platanes - rues Joseph Morel, Alphonse Daudet et de camargue",fns,cmp2006,appeloffre,initial,ville de Rognonas,13870,ROGNONAS,,['Voirie et réseaux divers'],[366],non,non
21-37676,2021-03-22,2021-04-22,['14'],AUDIT ÉNERGÉTIQUE D'UN BÂTIMENT PERMETTANT LA CONSTRUCTION D'UNE 'REVUE ÉNERGÉTIQUE' SELON L'ISO 50001,mapa,cmp2006,appeloffre,initial,SDEC ENERGIE,14077,CAEN,,['Audit'],[21],non,non
21-37958,2021-03-22,2021-04-22,['15'],Souscription d'un contrat d'assurances dommages ouvrage et risques annexes pour l'opération VIVACITE,mapa,cmp2006,appeloffre,initial,Ville d'Aurillac,15005,Aurillac cedex,,['Assurance'],[20],non,non
21-38048,2021-03-22,2021-04-15,['15'],TRAVAUX DE RENFORCEMENT DU CHAMP CAPTANT DE FRAU HAUT. REALISATION DU FORAGE D'EXPLOITATION F-2021 ET DES ESSAIS PAR POMPAGE,mapa,cmp2006,appeloffre,initial,Commune de Saint-Flour,15100,Saint flour,,['Forage'],[132],non,non
21-37822,2021-03-22,2021-04-19,['16'],Travaux de câblages informatiques pour divers collèges du Département,fns,cmp2006,appeloffre,initial,Département de la Charente,16917,ANGOULEME,,['Câblage'],[47],non,non
21-37759,2021-03-22,2021-04-29,['17'],construction d'un pôle socioculturel et touristique du sémaphore sur l'ile d'aix (17123) - relance de 2 lots déclarés infructueux,fns,cmp2006,appeloffre,initial,Syndicat Mixte de l'Ile d'Aix,17076,La Rochelle,,"['Bardage', 'Bâtiment', 'Couverture', 'Menuiserie', 'Zinguerie']","[30, 33, 74, 222, 372]",non,non
21-37719,2021-03-22,2021-05-21,['17'],rd no939 - communes de blanzac-lès-matha et matha - réfection de la couche de roulement du pr16+136 au pr18+126,fns,cmp2006,attribution,initial,Cons. Départ. de la Charente-Maritime,17076,La Rochelle Cedex 09,"[('2021-03-08', 'SEC TP', (309420, 'EUR'), None)]",['Voirie'],[365],non,non
21-24382,2021-03-22,2021-04-22,['17'],"fourniture, pose, exploitation et maintenance des équipements nécessaires à la mise en paiement du phare des baleines à saint-clément-des-baleines",fns,cmp2006,appeloffre,initial,Cons. Départ. de la Charente-Maritime,17076,La Rochelle Cedex 9,,"['Maintenance', 'Signalisation']","[196, 322]",non,non
21-35324,2021-03-22,2021-05-07,"['17', '16']",prestations de service d'assurances pour les besoins de la ville de pont l'abbé d'arnoult,mapa,cmp2006,appeloffre,initial,COMMUNE,17250,Pont l'Abbé d'Arnoult,,['Assurance'],[20],non,non
21-37699,2021-03-22,2021-04-26,['18'],MISSIONS DE CONTRÔLE TECHNIQUE - OPERATIONS DE BÂTIMENTS,fns,cmp2006,appeloffre,initial,Ville de Bourges,18000,BOURGES,,['Contrôle technique'],[72],non,non
21-38179,2021-03-22,2021-04-20,['18'],Numéro de la consultation : 2021-TX-SCTB-0113 Marché de travaux pour la rénovation d'un restaurant et la création de chambres d'hôtes à Noirlac,fns,cmp2006,appeloffre,initial,Conseil départemental du Cher,18023,BOURGES,,"['Charpente', 'Gros oeuvre']","[57, 144]",oui,oui
21-38079,2021-03-22,2021-04-14,['18'],Maîtrise d'ouvre pour travaux de réhabilitation du réseau d'eaux usées de Saint-Amand-Montrond,mapa,cmp2006,appeloffre,initial,Cté de Communes Coeur de France,18200,SAINT AMAND MONTROND,,"[""Maîtrise d'oeuvre""]",[197],non,non
21-38181,2021-03-22,2021-05-01,"['18', '3', '41', '45', '58']",La présente consultation a pour objet l'exécution des travaux du programme de voirie 2021-2022 de la Communauté de Communes Terres du Haut Berry sur son territoire.,fns,cmp2006,appeloffre,initial,CDC TERRES DU HAUT BERRY,18220,Les aix d angillon,,['Travaux de viabilité'],[353],non,non
21-37635,2021-03-22,2021-05-17,['18'],CONSTRUCTION DE LA NOUVELLE STATION D'EPURATION DE FOËCY,fns,cmp2006,appeloffre,initial,COMMUNE DE FOECY,18500,FOECY,,"[""Station d'épuration (travaux)""]",[328],non,non
21-38289,2021-03-22,2021-04-21,['20A'],"Services d'examens de laboratoire d'analyses médicales, de fournitures de matériel de prélèvement et de collecte - Relance des lots 3, 4, 6 et 9",fns,cmp2006,appeloffre,initial,COLLECTIVITE DE CORSE,20187,AJACCIO,,"['Analyses médicales, biologiques', 'Réactifs']","[8, 301]",non,non
21-38269,2021-03-22,2021-04-15,"['20A', '20B']",Étude de faisabilité technico-économique visant à préparer l'expérimentation de navettes maritimes comme mode de transport collectif sur 3 territoires de la côte ouest de la Corse,mapa,cmp2006,appeloffre,initial,PETR Pays de Balagne,20220,L'ile-Rousse,,['Etude'],[118],non,non
21-37559,2021-03-22,2021-04-19,['20A'],ACCORD-CADRE POUR LA FOURNITURE DE MATERIEL DE PRE-COLLECTE DES DECHETS 2021-2022,joue,directive24,attribution,initial,COMMUNAUTE DE COMMUNES DU SUD CORSE,20538,Porto Vecchio Cedex,"[('2021-02-12', 'SARL SESCO', (150000, 'EUR'), 'LOT N°1 FOURNITURE ET LIVRAISON DE BACS ROULANTS'), ('2021-02-12', 'UTPM ENVIRONNEMENT SARL', (100000, 'EUR'), 'Lot no2 : FOURNITURE ET LIVRAISON DE COLONNES A CARTONS'), ('2021-02-12', 'CODIVEP SARL', (100000, 'EUR'), ""Lot no3 : FOURNITURE ET LIVRAISON DE CACHES-BACS, BLOCS-BACS ET AUTRES PANNEAUX CACHE-CONTENEURS POUR L'AMMENAGEMENT DE POINTS DE REGROUPEMENT""), ('2021-02-12', 'FUTURE STREET SARL', (150000, 'EUR'), 'Lot no4 : FOURNITURE, LIVRAISON ET MAINTENANCE DE CORBEILLES MONO, BI-FLUX ET TRI-FLUX, COMPACTRICES ET COMMUNICANTES, A ENERGIE SOLAIRE'), ('2021-02-12', 'PLAST UP SAS', (45200, 'EUR'), 'Lot no5 : FOURNITURE ET LIVRAISON DE SACS DE PRE-COLLECTE REUTILISABLES POUR LA COLLECTE SELECTIVE DES MENAGES'), ('2021-02-12', 'SARL SOLAIRE CORSE', (176000, 'EUR'), 'Lot no6 : FOURNITURE ET LIVRAISON DE COMPACTEURS SOLAIRES'), ('2021-02-12', 'BELLEVRET INDUSTRIES SAS', (50000, 'EUR'), 'Lot no7 : FOURNITURE ET LIVRAISON DE BENNES DE 15 à 30M3'), ('2021-02-12', 'SARL SOLAIRE CORSE', (172000, 'EUR'), 'Lot no8 : FOURNITURE ET LIVRAISON DE COMPACTEURS MONOBLOC A TREMIE BASSE POUR PORTEUR 19T')]","['Benne', 'Conteneur, poubelles', 'Sacs']","[34, 71, 318]",non,non
21-37837,2021-03-22,2021-03-30,['21'],Mission de gestion du Camping Municipal du Lac Kir,fns,cmp2006,appeloffre,rectificatif,COMMUNE DE DIJON,21033,Dijon,,['Prestations de services'],[274],non,oui
21-37343,2021-03-22,2021-04-19,"['71', '21', '39', '69', '1', '58']",travaux d'aménagements intérieurs des locaux du 1 avenue Pompidou à Chalon-sur-Saône.,fns,cmp2006,appeloffre,initial,DIRPJJ GRAND CENTRE,21070,DIJON Cedex,,"['Câblage', 'Chauffage (travaux)', 'Climatisation', 'Electricité (travaux)', 'Informatique (prestations de services)', 'Peinture (travaux)', 'Plâtrerie', 'Plomberie (travaux)', 'Revêtements de sols', 'Ventilation']","[47, 61, 62, 105, 163, 264, 269, 270, 308, 360]",non,oui
21-37990,2021-03-22,2021-05-31,['21'],remplacement tgbt site chaufferie chu dijon bourgogne,fns,cmp2006,attribution,initial,Centre Hospitalier Universitaire Dijon,21079,dijon cedex,"[('2021-03-22', 'Spie Industrie & Tertiaire', (66439.37, 'EUR'), None)]",['Electricité (travaux)'],[105],non,non
21-37735,2021-03-22,2021-05-24,['21'],Le présent marché a pour objet la réfection des éclairages des trois amphithéâtres de la Tour DEMETER.,fns,cmp2006,attribution,initial,AgroSup Dijon,21079,Dijon Cedex,,"['Cloison, faux plafond', 'Echafaudage', 'Electricité (travaux)', 'Occultation']","[63, 101, 105, 414]",non,non
21-37705,2021-03-22,2021-04-18,"['21', '71', '89', '1', '69']","Réalisation travaux scénographiques : Cités des vins et des Climats de Bourgogne (Beaune, Chablis, Mâcon) Travaux d'aménagement, équipements, production des contenus audiovisuels et multimédia.",fns,cmp2006,appeloffre,rectificatif,BIVB,21204,BEAUNE Cedex,,['Equipement muséographique'],[409],non,non
21-37939,2021-03-22,2021-04-21,"['22', '35']","accord-cadre à bons de commande pour la réalisation de carottages dans l'estuaire de la rance, datations des sédiments et d'analyses d'échantillons issus des carottes.",mapa,cmp2006,appeloffre,initial,SYND MIXTE PORTAGE SAGE RANCE FREMUR B,22100,Dinan,,['Prestations de services'],[274],non,non
21-38156,2021-03-22,2021-04-15,"['22', '35']",Entretien de chaussées intercommunales 2021,fns,cmp2006,appeloffre,initial,DINAN AGGLOMERATION,22106,Dinan cedex,,['Voirie'],[365],non,non
21-37937,2021-03-22,2021-04-13,['24'],Appui à la création d'une foncière commerciale et d'immobilier d'entreprise,mapa,cmp2006,appeloffre,initial,Conseil Général de la Dordogne,24019,PERIGUEUX,,['Etude'],[118],non,non
21-38189,2021-03-22,2021-04-21,['25'],"Mission de coordination de sécurité et de protection de la santé de catégorie 3 pour des travaux sur les réseaux de distribution publique d'électricité, d'éclairage public et de génie civil",fns,cmp2006,appeloffre,initial,Syndicat Mixte d'Énergies du Doubs,25000,Besançon,,['Assistance technique'],[19],non,non
21-37632,2021-03-22,2021-04-30,['25'],travaux d'aménagement de locaux destinés aux activités nautiques et outdoor,fns,cmp2006,appeloffre,initial,Ville de Besançon,25034,Besançon,,"['Bardage', 'Carrelage', 'Chauffage (travaux)', 'Electricité (travaux)', 'Etanchéité', 'Gros oeuvre', 'Menuiserie', 'Plâtrerie', 'Plomberie (travaux)', 'Revêtements de sols', 'Sanitaire', 'Serrurerie', 'Ventilation', 'Voirie et réseaux divers']","[30, 53, 61, 105, 117, 144, 222, 269, 270, 308, 319, 321, 360, 366]",non,non
21-38158,2021-03-22,2021-04-22,['27'],"ENTRETIEN ET TRAVAUX NEUFS - RESEAUX D'ECLAIRAGE PUBLIC, DES FEUX TRICOLORES, ET EQUIPEMENTS DIVERS",fns,cmp2006,appeloffre,initial,COMMUNAUTE D AGGLOMERATION SEINE EURE,27405,LOUVIERS CEDEX,,['Eclairage public'],[102],non,non
21-37663,2021-03-22,2021-04-19,['28'],Travaux de rénovation du collège Marcel Pagnol à Vernouillet - Relance du lot 7 : Menuiseries extérieures aluminium - PVC,fns,cmp2006,appeloffre,initial,Conseil général d'Eure et Loir,28028,Chartres,,['Menuiserie'],[222],non,non
21-37970,2021-03-22,2021-04-08,['28'],location et maintenance de 3 vehicules frigorifiques neufs ou d'occasion 2021-2025,fns,cmp2006,appeloffre,initial,CC DU GRAND CHATEAUDUN,28200,Châteaudun,,"['Maintenance', 'Véhicules (location)']","[196, 474]",non,non
21-38222,2021-03-22,2021-04-12,['29'],Assistance à maîtrise d'ouvrage pour l'analyse et le suivi des contrats d'affermage et de la régie des services d'assainissement collectif et d'eau potable et pour la définiti,fns,cmp2006,appeloffre,rectificatif,CA QUIMPER BRETAGNE OCCIDENTALE,29107,Quimper cedex,,"['Assainissement', 'Prestations de services']","[18, 274]",non,non
21-37903,2021-03-22,2021-04-09,['29'],Marché de travaux d'aménagement de la rue Hoche à pont-l'abbé.,fns,cmp2006,appeloffre,initial,COMMUNE DE PONT L ABBE,29129,Pont-l'abbé,,"['Mobilier urbain', 'Voirie', 'Voirie et réseaux divers']","[231, 365, 366]",non,non
21-38191,2021-03-22,2021-04-16,['29'],"Souscription d une Assurances Dommages Ouvrages et d une Assurance Tous Risques Chantier, dans le cadre de l opération de restructuration du bâtiment hospitalier principal du Centre Hospitalier de ..",fns,cmp2006,appeloffre,initial,CH DE CORNOUAILLE,29177,Douarnenez cedex,,['Assurance'],[20],non,non
21-38055,2021-03-22,2021-04-16,"['29', '56']",Travaux de voirie et de petits réseaux divers pour la Ville de Concarneau,fns,cmp2006,appeloffre,initial,Ville de Concarneau,29182,Concarneau cédex,,['Voirie et réseaux divers'],[366],oui,oui
21-38159,2021-03-22,2021-04-13,"['29', '56']",Travaux de renforcement de la structure du sous-sol du Centre d'Art et de la Culture de Concarneau,fns,cmp2006,appeloffre,initial,Ville de Concarneau,29182,Concarneau cedex,,['Gros oeuvre'],[144],non,non
21-37616,2021-03-22,2021-04-09,['29'],"conception, impression et diffusion de "" vivre quimperlé "", magazine municipal de la ville de quimperlé (29)",fns,cmp2006,appeloffre,initial,Ville de Quimperlé,29391,Quimperlé Cedex,,"['Edition', 'Impression', 'Imprimés', 'Prestations de services']","[104, 160, 161, 274]",non,non
21-38254,2021-03-22,2021-04-03,['29'],la fourniture et l'installation d'équipements de transformation deproduits de la mer.,fns,cmp2006,appeloffre,initial,Paniers de la Mer,29720,Plonéour Lanvern,,"['Chambre froide', 'Equipements spécialisés', 'Laboratoire (matériel)', 'Transport']","[56, 115, 188, 347]",non,non
21-38288,2021-03-22,2021-04-12,['30'],PRESTATIONS DE SURVEILLANCE DE BAIGNADE ET D'ANIMATION DU PARC AQUALUDIQUE - CAMPING DE L'ESPIGUETTE,fns,cmp2006,appeloffre,initial,GRAU ROI DVLPT SEM GEST EXPL CPG ESPIG,30240,LE GRAU DU ROI,,['Surveillance'],[331],non,non
21-38300,2021-03-22,2021-04-02,['31'],Réalisation d'un prototype des équipements en rive des viaducs de la 3ème ligne de métro,mapa,cmp2006,appeloffre,rectificatif,SOC DE LA MOBILITE DE AGGL TOULOUSAINE,31004,Toulouse,,"[""Ouvrage d'art""]",[252],non,non
21-38303,2021-03-22,2021-04-02,['31'],Réalisation d'un prototype des équipements en rive des viaducs de la Connexion Ligne B du métro,mapa,cmp2006,appeloffre,rectificatif,SOC DE LA MOBILITE DE AGGL TOULOUSAINE,31004,Toulouse,,"[""Ouvrage d'art""]",[252],non,non
21-38062,2021-03-22,2021-04-30,"['31', '11', '66', '65', '34']",Organisation d'une concertation autour de la gestion durable de la forêt pyrénéenne,fns,cmp2006,appeloffre,initial,MISSION REGIONALE ACHATS MIDI PYRENEES,31038,Toulouse cedex 9,,['Etude'],[118],non,oui
21-37742,2021-03-22,2021-04-26,['31'],Construction d'un gymnase et d'un Dojo à Léguevin,fns,cmp2006,appeloffre,initial,Mairie de Leguevin,31490,Léguevin,,"['Bardage', 'Charpente', 'Chauffage (travaux)', 'Cloison, faux plafond', 'Electricité (travaux)', 'Equipement sportif', 'Etanchéité', 'Gros oeuvre', 'Maçonnerie', 'Menuiserie', 'Miroiterie', 'Peinture (travaux)', 'Plâtrerie', 'Plomberie (travaux)', 'Réseaux divers', 'Revêtements de sols', 'Sanitaire', 'Serrurerie', 'Ventilation', 'Voirie', 'Voirie et réseaux divers']","[30, 57, 61, 63, 105, 113, 117, 144, 195, 222, 229, 264, 269, 270, 306, 308, 319, 321, 360, 365, 366]",non,non
21-37827,2021-03-22,2021-06-15,"['31', '9', '12', '32', '46', '65', '81', '82']","La présente consultation concerne la mise en oeuvre de webinaires d'accompagnement au télétravail "" pour les collaborateurs de l'Urssaf Midi-Pyrénées.",fns,cmp2006,appeloffre,initial,Urssaf Midi-Pyrénées,31670,Labège,,['Formation'],[410],non,non
21-37667,2021-03-22,2021-04-23,['32'],Réalisation de conditionnements pour la conservation des documents des Archives départementales du Gers,fns,cmp2006,appeloffre,initial,Département de Gers,32022,Auch,,['Carton'],[54],non,non
21-37929,2021-03-22,2021-04-13,['33'],prestation d'assistance à maîtrise d'ouvrage dans le cadre de la construction du futur réseau privé métropolitain (elaboration de marchés publics / expertise & conseil) (rectificatif),fns,cmp2006,appeloffre,rectificatif,Bordeaux Métropole,33000,Bordeaux,,"['Informatique (prestations de services)', 'Informatique (assistance)']","[163, 453]",non,non
21-38161,2021-03-22,2021-05-29,"['17', '16']","Achat, installation et remplacement de stores, rideaux et voilages d'intérieurs sur l'ensemble des emprises militaires soutenues par le GSBdD de Rochefort, Saintes, Cognac (dept 16 et 17).",fns,cmp2006,appeloffre,initial,SCA/PFAF SO,33077,Bordeaux cedex,,['Occultation'],[414],non,non
21-38117,2021-03-22,2021-04-19,['33'],Travaux de restructuration de l'accueil du centre équestre,fns,cmp2006,appeloffre,initial,MAIRIE DE SAINT-MEDARD-EN-JALLES,33160,Saint médard en jalles,,['Bâtiment'],[33],non,non
21-37723,2021-03-22,2021-04-09,['33'],maîtrise d'oeuvre - restructuration bâtiments communaux,mapa,cmp2006,appeloffre,initial,Ville de Pompignac,33370,pompignac,,"[""Maîtrise d'oeuvre""]",[197],non,non
21-38112,2021-03-22,2021-04-26,['33'],Service de plateforme dématérialisée de 'bons cadeau' pour un projet de recherche du CH Charles Perrens,fns,cmp2006,appeloffre,initial,CHU DE BORDEAUX,33400,TALENCE,,['Prestations de services'],[274],non,non
21-38301,2021-03-22,2021-04-08,['33'],Schéma directeur de gestion des eaux pluviales et de ruissellement,fns,cmp2006,appeloffre,rectificatif,Cté de Cnes du Val de l'Eyre,33830,Belin-Beliet,,"[""Travaux dans l'eau""]",[349],non,non
21-37816,2021-03-22,2021-04-16,['34'],Collecte de déchets d'activités de soins à risques infectieux (DASRI) auprès de diverses structures du Conseil départemental de l'Hérault (Marché réservé à une structure employant des person,fns,cmp2006,appeloffre,initial,Conseil départemental de l'Hérault,34087,MONTPELLIER,,['Prestations de services'],[274],non,non
21-38006,2021-03-22,2021-04-29,['34'],TRAVAUX D'AMENAGEMENT DU JARDIN DU BOSQUET,fns,cmp2006,appeloffre,initial,MAIRIE DE MAUGUIO CARNON,34132,MAUGUIO,,"['Eclairage public', 'Espaces verts', 'Gros oeuvre', 'Serrurerie']","[102, 116, 144, 321]",non,non
21-38220,2021-03-22,2021-05-21,['34'],FOURNITURE A L'ACHAT ET MAINTENANCE D 'UN PARC DE PHOTOCOPIEURS MULTIFONCTIONS,mapa,cmp2006,appeloffre,initial,Commune de Nissan Lez Enserune,34440,NISSAN LEZ ENSERUNE,,"['Maintenance', 'Matériel de bureau']","[196, 207]",non,oui
21-37849,2021-03-22,2021-04-27,['34'],RACCORDEMENT des EAUX USEES de la ZAC CAMBACERES sur l'INTERCEPTEUR EST,fns,cmp2006,appeloffre,initial,Montpellier Méditerranée Métropole,34961,MONTPELLIER,,"['Assainissement', 'Canalisations', 'Réseaux divers']","[18, 48, 306]",non,non
21-37909,2021-03-22,2021-04-12,['34'],Travaux de signalisation horizontale,fns,cmp2006,appeloffre,initial,COMMUNE DE SAINT GELY DU FESC,34980,SAINT GELY DU FESC,,"['Signalisation', 'Voirie']","[322, 365]",non,non
21-38245,2021-03-22,2021-04-20,['35'],Remplacement du Système de Sécurité Incendie et amélioration du niveau de sécurité incendie de la Maison de l'Agriculture de Rennes (35).,fns,cmp2006,attribution,initial,Sci le Lannou,35000,Rennes,"[('2021-03-19', 'GTIE RENNES', (79595.79, 'EUR'), None), ('2021-03-19', 'GTIE RENNES', (20000, 'EUR'), None)]","['Détection incendie', ""Matériel de secours et d'incendie"", 'Sécurité incendie']","[90, 217, 332]",non,non
21-37694,2021-03-22,2021-04-22,['35'],Accord-cadre pour l'expertise Santé Sécurité Travail (SST) pour les établissements pénitentiaires de la Direction Interrégionale des Services Pénitentiaires de Rennes,fns,cmp2006,attribution,initial,DIR INTERREGIONALE SCES PENITENTIAIRES,35031,Rennes,,['Assistance technique'],[19],non,non
21-38268,2021-03-22,2021-04-13,['35'],CENTRE TECHNIQUE MUNICIPAL - Prestations de surveillance,fns,cmp2006,appeloffre,initial,Ville de Rennes,35031,RENNES CEDEX,,['Surveillance'],[331],non,non
21-38125,2021-03-22,2021-04-22,['35'],Inspections détaillées d'ouvrages d'art- programme 2021- 2023,fns,cmp2006,appeloffre,initial,Rennes Métropole,35031,RENNES CEDEX,,['Etude'],[118],non,non
21-37672,2021-03-22,2021-04-19,['76'],Travaux de rénovation des installations de chauffage et isolation thermique des bâtiments de la CRS no 32,fns,cmp2006,attribution,initial,SEC GAL POUR L ADM MIN INTERIEUR OUEST,35207,Rennes cedex 2,"[('2021-03-19', 'MISSENARD CLIMATIQUE', (189912.4, 'EUR'), None), ('2021-03-19', 'Lanos Isolation', (124800, 'EUR'), None)]","['Chauffage (travaux)', 'Isolation']","[61, 169]",non,non
21-37833,2021-03-22,2021-04-12,['35'],"Audit, conseil et assistance à la passation de marchés publics d'assurances",mapa,cmp2006,appeloffre,initial,SMPEPCE,35418,SAINT MALO cedex,,"[""Assistance à maîtrise d'ouvrage""]",[433],non,non
21-37877,2021-03-22,2021-04-20,"['35', '22', '29', '56', '53']","Le présent accord cadre à bon de commande a pour objet un ensemble de prestations intellectuelles nécessaires à l'exercice de la mission de contrôle technique, liée essentiellement à la mise en a",fns,cmp2006,appeloffre,initial,COMMUNE DE CESSON SEVIGNE,35517,Cesson-sévigné,,['Contrôle technique'],[72],non,oui
21-38034,2021-03-22,2021-04-19,"['35', '22', '29', '56', '53']",Le présent marché concerne la définition des travaux de réfection de la toiture du manoir de Bourgchevreuil.,fns,cmp2006,appeloffre,initial,COMMUNE DE CESSON SEVIGNE,35517,Cesson-sévigné,,['Bâtiment'],[33],non,oui
21-38282,2021-03-22,2021-04-12,['35'],La consultation porte sur les travaux nécessaires à l'aménagement du bâtiment 320 et de la salle Brocéliande sur le site INRAE Le Rheu,fns,cmp2006,appeloffre,initial,INRA,35653,Le rheu,,"[""Tous corps d'état""]",[345],non,non
21-38307,2021-03-22,2021-04-23,['35'],RENOVATION DE L'USINE DE FABRICATION EXPERIMENTALE D'ALIMENTS - SITE DE ST GILLES - PHASE CANDIDATURE,fns,cmp2006,appeloffre,initial,INRA,35653,Le rheu,,"['Etude', ""Tous corps d'état""]","[118, 345]",non,non
21-38091,2021-03-22,2021-05-31,['37'],"Le présent accord-cadre à bons de commandes mono-attributaire a pour objet la réalisation de prestations portant sur la délimitation de biens fonciers, la réalisation des travaux Topographiques, la..",fns,cmp2006,appeloffre,annulation,Université François Rabelais de Tours,37020,Tours,,['Topographie'],[344],non,non
21-37794,2021-03-22,2021-06-30,['37'],Création d'un mail piétonnier entre le 'Temps Machine' et l'avenue de la République,fns,cmp2006,attribution,initial,Ville de Joué Les Tours,37301,Joué- les- tours cedex,"[('2021-03-22', 'EUROVIA CENTRE LOIRE', (284823.08, 'EUR'), None), ('2021-03-22', 'EIFFAGE', (19500.4, 'EUR'), None), ('2021-03-22', 'ID VERDE', (18600.0, 'EUR'), None)]",['Voirie et réseaux divers'],[366],non,non
21-37657,2021-03-22,2021-04-19,['37'],"elaboration d'un programme local de l'habitat (plh), d'une convention intercommunale des attributions (cia) et d'un système de cotation de la demande de logement social",mapa,cmp2006,appeloffre,initial,Val d'Amboise,37403,Amboise cedex,,['Etude'],[118],non,non
21-37933,2021-03-22,2021-04-13,['38'],Contrôle des aires de jeux d'extérieur,mapa,cmp2006,appeloffre,initial,COMMUNE DE GRENOBLE,38021,GRENOBLE,,['Aire de jeux'],[400],non,oui
21-37815,2021-03-22,2021-04-16,['38'],Mission de coordonnateur en matière de sécurité et de protection de la santé (CSPS) pour la requalification du Palais du Parlement du Dauphiné à Grenoble,mapa,cmp2006,appeloffre,initial,DEPARTEMENT DE L ISERE,38022,Grenoble,,['Bâtiment'],[33],non,non
21-37998,2021-03-22,2021-04-13,['38'],"Numéro de la consultation : A21DPM-SE002 ACCOMPAGNEMENT DE LA MISE EN PLACE D'UNE DEMARCHE PROSPECTIVE AU SEIN DU DEPARTEMENT DE L'ISERE "" ISERE 2030 """,fns,cmp2006,appeloffre,initial,DEPARTEMENT DE L ISERE,38022,Grenoble,,['Etude'],[118],non,non
21-38250,2021-03-22,2021-04-23,['38'],Mission d'assistance à maîtrise d'ouvrage pour l'accompagnement à la mise en oeuvre du programme de Gestion du Patrimoine et de l'Espace public PEPs,fns,cmp2006,appeloffre,initial,GRENOBLE-ALPES METROPOLE,38031,GRENOBLE,,['Prestations de services'],[274],non,non
21-38113,2021-03-22,2021-04-23,['38'],Evaluation de la Zone à Faibles Emissions pour les véhicules utilitaires légers et poids-lourds de la métropole grenobloise et de ses mesures d'accompagnement,fns,cmp2006,appeloffre,initial,GRENOBLE-ALPES METROPOLE,38031,GRENOBLE,,['Etude'],[118],non,non
21-38035,2021-03-22,2021-04-07,['38'],Réaménagement de l'accueil des urgences du Centre Hospitalier de Pont-de-Beauvoisin,mapa,cmp2006,appeloffre,initial,CENTRE HOSPITALIER PIERRE OUDOT,38302,BOURGOIN-JALLIEU,,"['Bâtiment', 'Démolition', 'Peinture (travaux)']","[33, 87, 264]",non,oui
21-36816,2021-03-22,2021-04-16,['38'],Mission de programmation et faisabilité pour la restructuration ou la reconstruction des casernes de : MOIRANS-BOURGOIN-JALLIEU ET LA MURE .,mapa,cmp2006,appeloffre,initial,SDIS de l'Isère,38602,Fontaine cedex,,"[""Assistance à maîtrise d'ouvrage""]",[433],non,non
21-38166,2021-03-22,2021-04-30,['39'],Entretien des espaces verts de la Communauté d'Agglomération du Grand Dole - Lots 1 et 3 relancés,fns,cmp2006,appeloffre,initial,Cté d'Agglomération du Grand Dole,39108,DOLE,,"['Espaces verts', 'Nettoyage urbain']","[116, 240]",non,non
21-37309,2021-03-22,2021-04-20,['40'],etude de faisabilité d'une infrastructure routière entre la rd 810 et la rd 85 sur le territoire de la commune de ondres,fns,cmp2006,appeloffre,initial,Conseil Général des Landes,40025,Mont de Marsan,,['Etude'],[118],non,non
21-38042,2021-03-22,2021-04-12,['40'],travaux d'aménagement extérieur pôle animation,fns,cmp2006,appeloffre,initial,COMMUNE DE SOUSTONS,40140,Soustons,,"['Espaces verts', 'Terrassement', 'Voirie', 'Voirie et réseaux divers']","[116, 341, 365, 366]",non,non
21-38261,2021-03-22,2021-04-09,"['40', '33', '64']",Fourniture et livraison d'équipements de protection individuelle,fns,cmp2006,appeloffre,initial,SIVOM des cantons du pays de Born,40200,Pontenx-les-forges,,['Habillement'],[150],non,non
21-38270,2021-03-22,2021-04-06,"['40', '64']",TRAVAUX DE FAUCHAGE DES VOIES COMMUNALES ET CHEMINS RURAUX,mapa,cmp2006,appeloffre,initial,COMMUNE DE SAINT MARTIN DE SEIGNANX,40390,Saint martin de seignanx,,"['Espaces verts', 'Travaux agricoles']","[116, 348]",non,non
21-37716,2021-03-22,2021-04-14,['41'],Réalisation de branchements neufs et renouvellement d'organes hydrauliques sur le réseau d'eau potable des communes d'Agglopolys,fns,cmp2006,appeloffre,initial,Agglopolys,41043,Blois Cedex,,['Ouvrage hydraulique'],[255],non,non
21-38229,2021-03-22,2021-04-23,['41'],MARCHE DE TRANSPORT,mapa,cmp2006,appeloffre,initial,Ville de Vineuil,41350,Vineuil,,['Transport'],[347],non,non
21-37894,2021-03-22,2021-04-10,['43'],Marché de maitrise d'oeuvre de bâtiment de l'opération : création d'un service IRM sur le site du Centre Hospitalier Jacques Barrot d'Yssingeaux,fns,cmp2006,appeloffre,initial,Centre Hospitalier Émile Roux,43012,Le puy en velay cédex,,"[""Maîtrise d'oeuvre""]",[197],non,non
21-37893,2021-03-22,2021-03-30,['44'],Le marché a pour objet la conception de l'identité visuelle d'Angers Nantes Opéra,fns,cmp2006,attribution,initial,ANGERS NANTES OPERA syndicat mixte,44000,Nantes,"[('2021-01-27', 'Jérôme Pellerin', (140000, 'EUR'), None)]",['Spectacle'],[472],non,non
21-37949,2021-03-22,2021-04-26,"['44', '49']","Le marché a pour objet la fourniture de services de télécommunications fixes et mobiles, d'accès internet et de réseaux d'interconnexion VPN-IP mpls",fns,cmp2006,appeloffre,initial,ANGERS NANTES OPERA syndicat mixte,44009,Nantes,,['Spectacle'],[472],non,non
21-38073,2021-03-22,2021-04-16,['44'],Maintenance préventive et corrective des installations de détection CO/NO (et gaz explosifs) dans différents bâtiments du SDIS de Loire Atlantique,mapa,cmp2006,appeloffre,initial,SDIS 44,44243,La chapelle sur erdre,,"['Gaz divers', 'Maintenance']","[139, 196]",non,oui
21-37867,2021-03-22,2021-05-22,['44'],"Entretien des sentiers pédestres et des abords du terrain de football, du tir aux armes et du tir à l'arc sur le site de Tournière - Marché réservé ESAT (Art L2113-12 du CCP)",fns,cmp2006,attribution,initial,Ville de Carquefou,44471,Carquefou Cedex,,['Prestations de services'],[274],non,non
21-37665,2021-03-22,2021-04-16,['44'],Externalisation de la gestion technique de la piscine Daniel Gilard,fns,cmp2006,appeloffre,initial,Ville de Carquefou,44471,Carquefou Cedex,,['Maintenance'],[196],non,non
21-38046,2021-03-22,2021-06-19,['44'],Nettoyage annuel des bassins de rétention de pollution sur la nappe de Campbon,fns,cmp2006,attribution,initial,COM D AGGLO REG NAZAIRIENNE ESTUAIRE,44605,Saint-Nazaire,,['Nettoyage urbain'],[240],oui,non
21-38043,2021-03-22,2021-06-19,['44'],Travaux de réalisation d'ouvrages bois et métalliques sur l'espace public communautaire,fns,cmp2006,attribution,initial,COM D AGGLO REG NAZAIRIENNE ESTUAIRE,44605,Saint-Nazaire,,['Travaux de viabilité'],[353],non,non
21-37944,2021-03-22,2021-04-19,['28'],Numéro de la consultation : 21JLDT2T LYCEE MARCEAU à CHARTRES (28) - Rénovation des fenêtres du bâtiment Abbaye,fns,cmp2006,appeloffre,initial,REGION CENTRE VAL DE LOIRE,45041,ORLEANS,,['Menuiserie'],[222],non,non
21-37805,2021-03-22,2021-04-27,['45'],Réalisation de photographies au sein de la maternité du CHR d'Orléans MAPA 2020-87,fns,cmp2006,appeloffre,initial,CENTRE HOSPITALIER REGIONAL D ORLEANS,45067,Orleans cedex 2,,['Prestations de services'],[274],non,non
21-38007,2021-03-22,2021-04-09,['45'],Travaux de rénovation et d'aménagement de la salle G. Durand à Ingré,fns,cmp2006,appeloffre,initial,COMMUNE D INGRE,45140,INGRE,,"['Cloison, faux plafond', 'Gros oeuvre', 'Isolation', 'Menuiserie', 'Serrurerie']","[63, 144, 169, 222, 321]",oui,non
21-38169,2021-03-22,2021-04-16,['45'],ACCORD CADRE DE PRESTATION DE CONTROLE TECHNIQUE DE BATIMENT ET DE GENIE CIVIL,fns,cmp2006,appeloffre,initial,Ville d'Amilly,45200,AMILLY,,['Contrôle technique'],[72],non,non
21-37751,2021-03-22,2021-04-12,['45'],Travaux d'aménagement et de sécurisation de la Rue Nieder Roden - PUISEAUX,fns,cmp2006,appeloffre,initial,MAIRIE DE PUISEAUX,45390,Puiseaux,,['Voirie'],[365],non,non
21-37748,2021-03-22,2021-04-20,['45'],Maitrise d'oeuvre pour la construction d'un Centre d'Incendie et de Secours sur la commune de Chambon la Forêt,mapa,cmp2006,appeloffre,initial,SDIS du Loiret,45404,Fleury les Aubrais,,"[""Assistance à maîtrise d'ouvrage""]",[433],non,non
21-38278,2021-03-22,2021-04-02,['36'],Mise en accessibilité PSH du CFA BTP de Châteauroux (36),fns,cmp2006,appeloffre,rectificatif,BTP CFA Centre,45770,SARAN,,['Bâtiment'],[33],non,non
21-38074,2021-03-22,2021-04-12,['47'],Mairie Annexe - Aménagement du rez de chaussée en bureau pour la Police Municipale,fns,cmp2006,appeloffre,initial,COMMUNE DE TONNEINS,47400,Tonneins,,"[""Tous corps d'état""]",[345],non,non
21-38259,2021-03-22,2021-06-19,['47'],REALISATION D'UN DIAGNOSTIC PETITE ENFANCE - JEUNESSE,mapa,cmp2006,attribution,initial,COMMUNAUTE AGGLO DU GRAND VILLENEUVOIS,47440,CASSENEUIL,,['Etude'],[118],non,non
21-37971,2021-03-22,2021-04-20,['49'],mission d'accompagnement à la mise en oeuvre d'un syndicat unique de collecte et traitement des déchets,mapa,cmp2006,appeloffre,initial,SICTOM Loir et Sarthe,49125,Tiercé,,['Etude'],[118],non,non
21-38251,2021-03-22,2021-04-21,['49'],Modification indication cubage véhicules (Lot 1 et Lot 2),mapa,cmp2006,appeloffre,rectificatif,COMMUNE DE LOIRE AUTHION,49250,Loire-Authion,,"['Véhicules', 'Véhicules (acquisition)']","[359, 475]",non,non
21-32279,2021-03-22,2021-04-20,"['49', '44', '85']",eco-points de saint-léger-sous-cholet et de toutlemonde (49) - travaux de dépollution des sols par excavation et traitement hors site,fns,cmp2006,appeloffre,initial,CA Agglomération du Choletais,49321,Cholet Cedex,,['Dépollution'],[442],non,non
21-38123,2021-03-22,2021-04-22,['49'],Mise en séparatif du réseau d'assainissement Rue René Jousselin - Commune déléguée de la Chapelle-Aubry - Commune de Montrevault-sur-Èvre,fns,cmp2006,attribution,initial,MAUGES COMMUNAUTE,49602,Beaupréau-en-Mauges cedex,"[('2021-03-16', 'CHARIER TP SUD - Agence LaHaye', (214638, 'EUR'), None)]","['Assainissement', 'Réseaux divers']","[18, 306]",non,non
21-37668,2021-03-22,2021-04-23,['49'],"rd963 - contournement du louroux-béconnais - travaux de terrassement, d'assainissement et de chaussées",fns,cmp2006,appeloffre,initial,Département de Maine-et-Loire,49941,Angers cedex 9,,['Voirie et réseaux divers'],[366],non,non
21-37770,2021-03-22,2021-06-19,['50'],PRESTATIONS DE SERVICES POUR LE SUIVI AGRONOMIQUE DES PLANS D'EPANDAGE DES BOUES DE STATIONS D'EPURATION,fns,cmp2006,attribution,initial,Communauté d'Agglomération du Cotentin,50130,Cherbourg en Cotentin,"[('2021-03-18', 'AQUASOL', (150000, 'EUR'), None), ('2021-03-17', 'SEDE ENVIRONNEMENT', (150000, 'EUR'), None)]","['Assainissement', ""Station d'épuration (travaux)""]","[18, 328]",non,non
21-37664,2021-03-22,2021-04-09,['51'],mission de contrôle technique et de coordination en matière de sécurité et de protection de la santé des travailleurs - restructuration bâtiment à usage de résidence d'hébergement - Lycée Eiffel Reims,fns,cmp2006,appeloffre,initial,REGION GRAND EST,51037,Chalons-en-Champagne,,"['Contrôle technique', 'Prestations de services']","[72, 274]",non,non
21-38150,2021-03-22,2021-04-23,['2'],UTI CPCA - Fauchage mécanique des berges de l'UTI CPCA Nord,mapa,cmp2006,appeloffre,initial,Voies navigables de France,51084,Reims cedex,,['Espaces verts'],[116],non,non
21-38164,2021-03-22,2021-04-05,['51'],Fourniture de produits de traitement de l'eau et analyses de l'eau,fns,cmp2006,appeloffre,initial,Régie des Equipements Munic. Sportifs,51100,Reims,,"['Prestations de services', 'Produits chimiques']","[274, 275]",non,non
21-37888,2021-03-22,2021-04-15,['51'],Aménagement de la mairie et Travaux d'accessibilité-.,fns,cmp2006,appeloffre,initial,COMMUNE DE VAUCIENNES,51480,VAUCIENNES,,"[""Tous corps d'état""]",[345],non,non
21-38030,2021-03-22,2021-04-21,['52'],PRESTATIONS DE SERVICES D'ENTRETIEN POUR LE SERVICE DES ESPACES VERTS,fns,cmp2006,appeloffre,initial,Ville de Langres,52200,Langres,,['Espaces verts'],[116],non,non
21-37740,2021-03-22,2021-04-19,['53'],"Aménagement foncier agricole, forestier et environnemental de Cossé-le-Vivien, Astillé, Courbeveille et Cosmes - Mission de suivi environnemental",fns,cmp2006,appeloffre,initial,DEPARTEMENT DE LA MAYENNE,53014,LAVAL,,['Etude'],[118],non,non
21-37721,2021-03-22,2021-05-13,"['54', '57', '88', '55']","Acquisition, livraison, installation, mise en ordre de marche, formation et garantie d'un analyseur thermique TGA/DTA/DSC",fns,cmp2006,appeloffre,initial,Université de Lorraine,54000,Nancy,,['Equipements spécialisés'],[115],non,non
21-38142,2021-03-22,2021-04-16,['54'],"BLAINVILLE SUR L'EAU - Collège - Réfection de la plonge, des ventilations et du bac à graisse",fns,cmp2006,appeloffre,initial,Département de Meurthe-et-Moselle,54035,NANCY CEDEX,,['Cuisine (équipement)'],[77],non,non
21-38121,2021-03-22,2021-04-16,"['57', '54']",Marché Public de Maîtrise d'OEuvre - Travaux de rénovation de l'amphithéâtre Le Moigne2021DMO558MOE,fns,cmp2006,appeloffre,initial,Université de Lorraine,54052,Nancy cedex,,['Etude'],[118],non,non
21-38096,2021-03-22,2021-04-23,['54'],Travaux de consolidation et d'aménagement du Gymnase la Barollière - Lunéville,fns,cmp2006,appeloffre,initial,VILLEDE LUNEVILLE,54300,LUNEVILLE,,"['Bardage', 'Bâtiment', 'Carrelage', 'Charpente', 'Chauffage (travaux)', 'Etanchéité', 'Gros oeuvre', 'Isolation', 'Menuiserie', 'Peinture (travaux)', 'Plomberie (travaux)', 'Revêtements de sols', ""Tous corps d'état"", 'Ventilation', 'Electricité, gaz (fourniture)']","[30, 33, 53, 57, 61, 117, 144, 169, 222, 264, 270, 308, 345, 360, 443]",oui,non
21-38069,2021-03-22,2021-04-09,['54'],Requalification du complexe sportif Léo Lagrange à Tomblaine-.,fns,cmp2006,appeloffre,initial,COMMUNE DE TOMBLAINE,54510,TOMBLAINE,,"[""Tous corps d'état""]",[345],non,non
21-37692,2021-03-22,2021-04-13,['54'],Fourniture de vêtements et équipements de travail-.,mapa,cmp2006,appeloffre,initial,Commune de Laxou,54526,LAXOU,,['Habillement'],[150],non,non
21-37706,2021-03-22,2021-04-15,['55'],travaux pour le confortement des locaux du champ habitat de la segpa du collège les tilleuls à commercy (55).,fns,cmp2006,appeloffre,initial,Conseil départemental de la Meuse,55012,Bar le Duc Cedex,,"['Carrelage', 'Chauffage (travaux)', 'Climatisation', 'Démolition', 'Electricité (travaux)', 'Gros oeuvre', 'Menuiserie', 'Peinture (travaux)', 'Plâtrerie', 'Plomberie (travaux)', 'Revêtements de sols']","[53, 61, 62, 87, 105, 144, 222, 264, 269, 270, 308]",non,non
21-38147,2021-03-22,2021-04-14,['56'],Aménagement du stationnement sud du port : travaux de VRD et paysagers.,mapa,cmp2006,appeloffre,initial,COMPAGNIE DES PORTS DU MORBIHAN,56006,VANNES,,"['Végétaux', 'Voirie et réseaux divers']","[358, 366]",non,non
21-37900,2021-03-22,2021-05-21,['56'],Étude de programmation pour la réalisation d'un pôle associatif sur la commune de Pontivy,mapa,cmp2006,appeloffre,initial,COMMUNE DE PONTIVY,56300,Pontivy Cedex,,"[""Assistance à maîtrise d'ouvrage""]",[433],non,non
21-38115,2021-03-22,2021-04-19,['57'],LOCATION DE MATÉRIEL AUDIOVISUEL POUR LE SPECTACLE 'FIDELIO' POUR L'OPERA THÉÂTRE DE METZ,mapa,cmp2006,appeloffre,initial,METZ METROPOLE,57011,Metz,,['Audiovisuel'],[22],non,non
21-37826,2021-03-22,2021-04-21,['57'],ORGANISATION DE L'ACCUEIL PÉRISCOLAIRE DU SOIR POUR LA VILLE DE METZ,fns,cmp2006,appeloffre,initial,Ville de Metz,57036,METZ,,['Prestations de services'],[274],non,non
21-37997,2021-03-22,2021-04-21,['57'],ORGANISATION DE L'ACCUEIL PÉRISCOLAIRE DU MERCREDI MATIN POUR LA VILLE DE METZ,fns,cmp2006,appeloffre,initial,Ville de Metz,57036,METZ,,['Prestations de services'],[274],non,non
21-38108,2021-03-22,2021-04-19,['57'],Maintenance et entretien des espaces verts du Centre Hospitalier de LORQUIN,fns,cmp2006,appeloffre,initial,CHR METZ THIONVILLE,57085,Metz cedex 3,,['Espaces verts'],[116],non,non
21-38051,2021-03-22,2021-04-19,['57'],Maquettage et impression du bulletin municipal et de supports de communication,fns,cmp2006,appeloffre,initial,Commune de Behren-lès-Forbach,57460,BEHREN-LES-FORBACH,,"['Impression', 'Publicité, Communication']","[160, 285]",non,non
21-37947,2021-03-22,2021-04-05,['57'],Rénovation thermique par l'extérieur des façades et des toitures du Groupe Scolaire Pasteur,fns,cmp2006,appeloffre,rectificatif,COMMUNAUTE AGGLO PORTES DE FRANCE,57970,YUTZ,,"['Bâtiment', 'Isolation']","[33, 169]",non,non
21-37821,2021-03-22,2021-04-26,"['59', '62']",MISE A DISPOSITION DANS LES CIMETIERES LILLOIS DE BENNES ET EVACUATION DE GRAVATS,fns,cmp2006,appeloffre,initial,Ville de Lille,59033,Lille cedex,,"['Benne', 'Collecte sélective', 'Cimetière']","[34, 82, 437]",non,non
21-12728,2021-03-22,2021-04-19,['59'],Mission de maîtrise d'oeuvre pour la requalification du parc d'activités du moulin blanc à saint-amand-les-eaux,mapa,cmp2006,appeloffre,initial,COM D AGGL DE LA PORT DU HAINAUT,59135,Wallers arenberg,,"[""Maîtrise d'oeuvre""]",[197],non,non
21-38060,2021-03-22,2021-05-21,['59'],Télésurveillance et interventions en cas d'alarme intrusion sur les bâtiments communaux,fns,cmp2006,appeloffre,initial,Mairie de CROIX,59170,CROIX,,['Télésurveillance'],[415],non,non
21-37813,2021-03-22,2021-04-23,['59'],Marché de restauration scolaire Commune de Péronne en Mélantois,mapa,cmp2006,appeloffre,initial,COMMUNE DE PERONNE EN MELANTOIS,59273,Peronne en melantois,,['Restauration collective'],[66],non,non
21-37756,2021-03-22,2021-05-22,['59'],fourniture et livraison de composteurs individuels en bois,fns,cmp2006,attribution,initial,SIAVED,59282,Douchy-les-mines,,['Ordures ménagères (prestations)'],[249],non,non
21-38067,2021-03-22,2021-04-16,"['59', '62']",Travaux d'assainissement rue Jean Jaurès à Douai,fns,cmp2006,appeloffre,initial,Douaisis Agglo,59351,Douai cedex,,['Assainissement'],[18],non,oui
21-37966,2021-03-22,2021-04-22,['59'],"entretien des bâtiments, des complexes sportifs et vitrerie",fns,cmp2006,attribution,initial,Ville de Jeumont,59460,jeumont,"[('2021-03-11', 'SAS Derichebourg', (53693.52, 'EUR'), None), ('2021-03-11', 'Association arc en ciel', (73000, 'EUR'), None), ('2021-03-11', 'SAS Derichebourg', (12625.92, 'EUR'), None), ('2021-03-11', 'SAS Derichebourg', (6904.32, 'EUR'), None)]",['Nettoyage de locaux'],[239],oui,oui
21-38296,2021-03-22,2021-05-12,"['59', '2', '60', '62', '80']",Numéro de la consultation : 2020-0208 Travaux de reprise des désordres répertoriés au Lycée Le Corbusier et au CFA Le Virolois à Tourcoing,fns,cmp2006,appeloffre,initial,CONSEIL REGIONAL HAUTS DE FRANCE,59555,Lille,,"['Bardage', 'Etanchéité', 'Gros oeuvre']","[30, 117, 144]",oui,non
21-37654,2021-03-22,2021-04-19,['59'],Travaux d'enfouissement du réseau basse tension dans la rue Théophile Legrand sur la Commune de Fourmies,fns,cmp2006,appeloffre,initial,Ville de Fourmies,59610,Fourmies,,"['Eclairage public', 'Terrassement']","[102, 341]",non,non
21-38227,2021-03-22,2021-04-07,['60'],"Refonte, maintenance et hébergement du site internet de la Ville de Crépy-en-Valois",fns,cmp2006,appeloffre,initial,Ville de Crépy-en-Valois,60803,CREPY-EN-VALOIS,,"['Prestations de services', 'Publicité, Communication']","[274, 285]",non,non
21-37810,2021-03-22,2021-04-13,['61'],Missions de coordination de sécurité et de protection de la santé de niveau III sur des opérations de bâtiments,fns,cmp2006,appeloffre,initial,Ville d'Alençon,61014,Alençon,,['Prestations de services'],[274],non,non
21-38018,2021-03-22,2021-04-23,['61'],Accord-cadre à bons de commande relatif aux inspections détaillées périodiques avec visites des appuis immergés des ouvrages d'art - année 2021,fns,cmp2006,appeloffre,initial,Conseil départemental de l'Orne,61017,Alençon,,"[""Ouvrage d'art""]",[252],non,non
21-38028,2021-03-22,2021-04-12,['62'],Travaux d'assainissement : Création d'un réseau de collecte des eaux usées et d'un ouvrage de transfert des eaux usées sur les communes de Roclincourt et de Saint-Laurent-Blangy (2 lots,fns,cmp2006,appeloffre,rectificatif,Communauté Urbaine d'Arras,62026,Arras cedex,,"['Assainissement', 'Canalisations', 'Station de pompage']","[18, 48, 326]",non,non
21-37727,2021-03-22,2021-04-15,['62'],Travaux de remplacement des éclairages extérieurs des parkings de l?IUT de Lens.,fns,cmp2006,appeloffre,initial,Université d'Artois,62030,Arras cedex,,['Electricité (travaux)'],[105],non,oui
21-37811,2021-03-22,2021-04-15,['62'],Travaux d électricité et de faux-plafonds à l iut de Lens.,fns,cmp2006,appeloffre,initial,Université d'Artois,62030,Arras cedex,,"['Cloison, faux plafond', 'Electricité (travaux)']","[63, 105]",non,oui
21-37930,2021-03-22,2021-04-15,['62'],Travaux de peinture et revêtement routier du poste 9 au Port de Calais - arrêt quinquennal,fns,cmp2006,appeloffre,initial,SEPD,62100,Calais,,"['Peinture (travaux)', 'Voirie']","[264, 365]",non,non
21-38097,2021-03-22,2021-04-15,['62'],Fourniture et livraison de consommables et petits matériels informatiques,fns,cmp2006,appeloffre,initial,CA DES DEUX BAIES EN MONTREUILLOIS,62170,MONTREUIL SUR MER,,"['Consommables informatiques', 'Informatique (matériel)']","[68, 162]",non,non
21-37650,2021-03-22,2021-04-13,['62'],Remplacement de 456 chaudières existantes par des chaudières mixtes à condensation sur divers groupes du patrimoine d'Habitat du Littoral.,fns,cmp2006,appeloffre,initial,HABITAT DU LITTORAL,62200,Boulogne-sur-mer,,['Chauffage (travaux)'],[61],non,non
21-38140,2021-03-22,2021-04-13,['62'],Remplacement de menuiseries extérieures et intérieures au centre socioculturel et son annexe Espace Arc-En-Ciel,fns,cmp2006,appeloffre,initial,Mairie de Marquise,62250,MARQUISE,,['Menuiserie'],[222],non,oui
21-37659,2021-03-22,2021-04-30,['62'],Rénovation des locaux du comité d'animation du 3,fns,cmp2006,appeloffre,initial,ville de Noeux Les Mines,62290,Noeux-les-mines,,"['Couverture', 'Gros oeuvre', 'Peinture (travaux)', 'Plomberie (travaux)']","[74, 144, 264, 270]",non,non
21-37718,2021-03-22,2021-04-29,['62'],Accord-cadre à marchés subséquent - Impression numérique,mapa,cmp2006,appeloffre,initial,Cté d'agglomération du Boulonnais,62321,Boulogne sur Mer Cedex,,['Impression'],[160],non,non
21-35043,2021-03-22,2021-04-14,"['62', '59', '80']",démolition / reconstruction du terrain synthétique et de la piste d'athlétisme du parc des sports,fns,cmp2006,appeloffre,initial,Ville de Berck sur Mer,62600,Berck-sur-Mer,,"['Eclairage public', 'Terrain de sport']","[102, 342]",non,non
21-38106,2021-03-22,2021-04-10,['63'],Groupement de commandes SIAREC / RIOM LIMAGNE et VOLCANSMise en séparatif des réseaux d'assainissement sur la rue du Sainfoin à MALINTRAT,fns,cmp2006,appeloffre,initial,SIAREC,63111,MUR-SUR-ALLIER,,['Assainissement'],[18],non,non
21-37797,2021-03-22,2021-04-19,"['64', '65', '40']",Fourniture et pose de trois sanitaires automatiques à entretien automatique comportant chacun une cabine PMR pour la ville de Lescar.,fns,cmp2006,appeloffre,initial,Ville de Lescar,64238,Lescar cedex,,['Sanitaire'],[319],non,non
21-37845,2021-03-22,2021-06-19,['65'],Contrat de services des progiciels de la gamme ESRI,mapa,cmp2006,attribution,initial,DEPARTEMENT HAUTES-PYRENEES,65013,TARBES,,['Informatique (prestations de services)'],[163],non,non
21-37739,2021-03-22,2021-04-12,['65'],MISSION DE MAITRISE D'OEUVRE POUR LA RENOVATION THERMIQUE DES BATIMENTS LOGEMENTS DE LA CASERNE DE GENDARMERIE CHARRAZ A TARBES,fns,cmp2006,appeloffre,initial,DEPARTEMENT HAUTES-PYRENEES,65013,TARBES,,"['Bâtiment', 'Equipement thermique', ""Maîtrise d'oeuvre""]","[33, 114, 197]",non,non
21-38109,2021-03-22,2021-04-20,['66'],Marché de fourniture administratives pour la mairie,mapa,cmp2006,appeloffre,initial,Commune de St Laurent de la Salanque,66250,SAINT LAURENT DE LA SALANQUE,,"['Articles de bureau et articles scolaires', 'Papeterie']","[16, 262]",non,non
21-38244,2021-03-22,2021-04-22,['66'],Fourniture et livraison des repas servis en liaison froide à la crèche municipale,fns,cmp2006,appeloffre,initial,Commune de St Laurent de la Salanque,66250,SAINT LAURENT DE LA SALANQUE,,"['Restauration collective', 'Repas, traiteur']","[66, 304]",non,non
21-38130,2021-03-22,2021-06-19,['66'],Numéro de la consultation : 20MDMPBPA59 Mise en sécurité d'un immeuble au 18 rue Petite la Monnaie à Perpignan,fns,cmp2006,attribution,initial,COMMUNE DE PERPIGNAN,66931,PERPIGNAN CEDEX,"[('2021-02-15', ""ECHA'S"", (3420, 'EUR'), None), ('2021-02-15', 'Toulouges Constructions', (83933.29, 'EUR'), None), ('2021-03-15', 'STC Amiante', (3785, 'EUR'), None)]","[""Tous corps d'état""]",[345],non,non
21-37781,2021-03-22,2021-06-19,['66'],Maitrise d'oeuvre relative à la relocalisation de la maison des associations à la Mairie de quartier Est,fns,cmp2006,attribution,initial,COMMUNE DE PERPIGNAN,66931,PERPIGNAN CEDEX,"[('2021-03-15', 'BAU', (69300, 'EUR'), None)]","['Bâtiment', 'Ingénierie']","[33, 455]",non,non
21-37897,2021-03-22,2021-04-23,['67'],Les stipulations du présent règlement de la consultation concernent la restructuration du Système de Sécurité Incendie au Pôle Européen de Gestion et d'Economie (PEGE).,fns,cmp2006,appeloffre,initial,Université de Strasbourg,67081,Strasbourg,,['Electricité (travaux)'],[105],non,non
21-38185,2021-03-22,2021-06-19,['67'],Projet de réhabilitation de la Commanderie Saint-Jean,fns,cmp2006,appeloffre,initial,Ville de Sélestat,67600,Sélestat,,"['Bâtiment', 'Chauffage (travaux)', 'Menuiserie']","[33, 61, 222]",non,non
21-30097,2021-03-22,2021-04-26,"['67', '68']","mission d'ordonnancement, de pilotage et de coordination pour l'opération de reconstruction du collège katia et maurice krafft à eckbolsheim",fns,cmp2006,appeloffre,initial,Collectivité européenne d'Alsace,67964,Strasbourg Cedex 9,,"[""Mission d'ordonnancement, pilotage, coordination (OPC)""]",[234],non,non
21-15757,2021-03-22,2021-04-22,"['67', '68']",restructuration de la demi-pension du collège françois truffaut à strasbourg,fns,cmp2006,appeloffre,initial,Collectivité européenne d'Alsace,67964,Strasbourg Cedex 9,,"['Carrelage', 'Chauffage (travaux)', 'Restauration collective', 'Cuisine (équipement)', 'Démolition', 'Electricité (travaux)', 'Gros oeuvre', 'Menuiserie', 'Peinture (travaux)', 'Plâtrerie', 'Revêtements de sols', 'Sanitaire', 'Ventilation', 'Amiante (désamiantage)']","[53, 61, 66, 77, 87, 105, 144, 222, 264, 269, 308, 319, 360, 479]",oui,non
21-38024,2021-03-22,2021-04-20,['68'],Numérisation de documents patrimoniaux des Bibliothèques et de photographies sur verre du Service des Archives de la Ville de Colmar,fns,cmp2006,appeloffre,initial,VILLE DE COLMAR,68021,Colmar cedex,,['Numérisation'],[463],non,non
21-37838,2021-03-22,2021-04-24,"['68', '67', '25', '90', '88']",Aménagement de la rue d'accès à la résidence autonomie,fns,cmp2006,appeloffre,initial,Mairie de Wittelsheim,68310,Wittelsheim,,"['Assainissement', 'Travaux de viabilité', 'Voirie et réseaux divers']","[18, 353, 366]",non,non
21-37915,2021-03-22,2021-04-16,['69'],Motorisation et restauration pour mise en accessibilité de blocs-portes monumentaux bois - Hôtel de Ville,fns,cmp2006,appeloffre,initial,Ville de Lyon,69205,Lyon cedex 01,,"['Automatisation', 'Matériel électrique', 'Menuiserie']","[14, 203, 222]",non,non
21-38197,2021-03-22,2021-06-19,['69'],Eclairage par détection,fns,cmp2006,attribution,initial,Ville de Lyon,69205,Lyon cedex 01,"[('2021-02-24', 'SERPOLLET', (1800000, 'EUR'), None), ('2021-02-24', 'EIFFAGE ENERGIE SYSTEMES INFRA RHONE ALPES', (900000, 'EUR'), None)]",['Eclairage public'],[102],non,non
21-38124,2021-03-22,2021-04-15,['69'],Prise en charge de l'activité de contrôle des carrières par les agents de l'inspection du travail,fns,cmp2006,appeloffre,initial,INST NAT TRAVAIL EMPLOI FORMATION PROF,69280,Marcy l'étoile,,['Formation'],[410],non,non
21-38246,2021-03-22,2021-04-12,['69'],"Accord-cadre à bons de commande pour la vidéoprotection, anti-intrusion, interphonie de la Ville de Jonage",fns,cmp2006,appeloffre,initial,COMMUNE DE JONAGE,69330,JONAGE,,"['Alarme', 'Maintenance']","[5, 196]",non,non
21-37704,2021-03-22,2021-05-28,['13'],MARSEILLE (13) - STE MARTHE - ELOCA - Création d'une aire commune de transit des déchets (ESID-19-558).,fns,cmp2006,attribution,initial,DRSID Lyon,69347,Lyon cédex 07,[],['Gros oeuvre'],[144],non,non
21-37715,2021-03-22,2021-05-28,['13'],AUBAGNE (13) - Quartier Vienot - Travaux préparatoires à la construction d'un bâtiment modulaire pour le CPS.,fns,cmp2006,attribution,initial,DRSID Lyon,69347,Lyon cédex 07,[],['Bâtiments modulaires'],[27],non,non
21-37846,2021-03-22,2021-06-19,['69'],Raccordement au chauffage urbain des ateliers centraux de surface rue d'Alsace à Villeurbanne,fns,cmp2006,attribution,initial,SYTRAL,69487,Lyon,"[('2021-03-19', 'ELM', (153961, 'EUR'), None)]",['Chauffage (travaux)'],[61],non,non
21-33238,2021-03-22,2021-04-12,['69'],rédaction partielle et mise en page du magazine municipalprocédure adaptée restreinte (phases candidature et offre distinctes),fns,cmp2006,appeloffre,initial,Commune de Saint-Genis-Laval,69565,Saint genis laval cedex,,"['Publicité, Communication']",[285],non,non
21-38017,2021-03-22,2021-04-12,['69'],"Travaux de remplacement des menuiseries extérieures, occultations et rideau métallique",fns,cmp2006,appeloffre,rectificatif,CPAM du Rhône,69619,Villeurbanne cedex,,"['Electricité (travaux)', 'Menuiserie', 'Peinture (travaux)', 'Plâtrerie']","[105, 222, 264, 269]",non,oui
21-38206,2021-03-22,2021-06-15,"['69', '1', '42', '38']",Rénovation des réseaux de chaleur enterrés (réseau secondaire principal),fns,cmp2006,appeloffre,initial,SA CONSTRUCT DE LA VILLE DE VENISSIEUX,69632,Venissieux cedex,,['Chauffage (travaux)'],[61],non,non
21-38295,2021-03-22,2021-04-19,['69'],Entretien et maintenance des bassins et fontaines,fns,cmp2006,appeloffre,initial,Ville de Villefranche-sur-saône,69653,Villefranche-sur-Saône,,['Fontaine'],[449],non,non
21-38168,2021-03-22,2021-04-20,['69'],LOCATION MAINTENANCE D'UNE MACHINE DE MISE SOUS PLI,mapa,cmp2006,appeloffre,initial,COMMUNE DE BRON,69671,Bron,,['Matériel de bureau'],[207],non,non
21-37708,2021-03-22,2021-04-21,['70'],CONTRAT DE CONCESSION POUR LE MOBILIER URBAIN A USAGE PUBLICITAIRE ET D'INFORMATION SUR LE TERRITOIRE DE LA VILLE DE LURE 2021-2032 (70200),dsp,dsp,appeloffre,initial,VILLE DE LURE,70200,Lure,,"['Abris', 'Mobilier urbain', 'Publicité, Communication', 'Voyage', 'Délégation de service public']","[1, 231, 285, 367, 406]",non,non
21-38104,2021-03-22,2021-04-20,['72'],"Travaux d'électricité, chauffage et ventilation pour la mise en place d'une GTC",fns,cmp2006,appeloffre,initial,Université du Maine,72085,Le mans,,['Chauffage (travaux)'],[61],non,non
21-38131,2021-03-22,2021-06-19,['72'],FOURNITURE DE GAZ MEDICAUX CONDITIONNES POUR LES CENTRES DE SECOURS DE LA SARTHE,fns,cmp2006,attribution,initial,SDIS de la Sarthe,72190,COULAINES,"[('2021-03-19', 'AIr Liquide Santé France', (210000, 'EUR'), None)]",['Gaz médicaux'],[140],non,non
21-38243,2021-03-22,2021-04-19,['72'],Dévoiement conduite AEP et remplacement de la canalisation d'assainissement en aval du DO route de Montfort,fns,cmp2006,appeloffre,initial,commune de Parigné l'Evêque,72250,Parigné l'Evêque,,"['Alimentation en eau potable', 'Assainissement']","[6, 18]",non,non
21-37832,2021-03-22,2021-04-22,['73'],Mise en place de l'arrosage automatique sur terrain rugby et terrain no2,mapa,cmp2006,appeloffre,initial,Ville d'Albertville,73207,ALBERTVILLE,,['Terrain de sport'],[342],non,non
21-36903,2021-03-22,2021-04-26,['73'],travaux de construction d'un barreau et d'un giratoire sur la rd906,fns,cmp2006,appeloffre,initial,Tunnel Euralpin Lyon Turin SAS,73375,Le Bourget du Lac Cedex,,"['Electricité (travaux)', 'Espaces verts', 'Mobilier urbain', 'Réseaux divers', 'Terrassement', 'Voirie', 'Voirie et réseaux divers']","[105, 116, 231, 306, 341, 365, 366]",non,non
21-36977,2021-03-22,2021-04-07,['73'],prestations de maitrise d'oeuvre pour l'installation d'une chaudière bois à l'espace léonard de vinci,mapa,cmp2006,appeloffre,initial,Ville de Montmélian,73800,Montmélian,,"[""Maîtrise d'oeuvre""]",[197],non,non
21-38304,2021-03-22,2021-06-19,['74'],"Fourniture, mise en oeuvre, maintenance et hébergement d'une photothèque",fns,cmp2006,attribution,initial,Ville d'Annecy,74011,Annecy,"[('2021-03-18', 'EINDEN', (91400, 'EUR'), None)]",['Logiciel'],[186],non,non
21-37931,2021-03-22,2021-04-22,['74'],MISSION D'ASSISTANCE POUR L'ELABORATION DU SCHEMA D'EXPLOITATION DU RESEAU DE TRANSPORTS URBAINS SUR LE TERRITOIRE DE LA COMMUNAUTE DE COMMUNES DE LA VALLEE DE CHAMONIX MONT-BLANC,fns,cmp2006,appeloffre,initial,COM COMMUNES VAL CHAMONIX MONT BLANC,74400,CHAMONIX MONT-BLANC,,"['Etude', ""Assistance à maîtrise d'ouvrage""]","[118, 433]",non,non
21-38100,2021-03-22,2021-04-22,['75'],Travaux de dépose de vivariums dans le pavillon des reptiles de la ménagerie du jardin des plantes du Museum National d'Histoire Naturelle à Paris 5ème,fns,cmp2006,appeloffre,annulation,Etablt Public du Campus de Jussieu,75002,Paris,,['Démolition'],[87],non,non
21-38221,2021-03-22,2021-04-23,['75'],PRESTATIONS DE COMMISSARIAT AUX COMPTES POUR LES EXERCICES COMPTABLES 2021-2026,fns,cmp2006,attribution,initial,FONDATION LOUIS LEPINE,75004,Paris,,['Expertise comptable'],[446],non,non
21-37941,2021-03-22,2021-05-04,['75'],"Le présent marché porte sur la rénovation des locaux du bâtiment J, sis 20 rue de Tournon, Paris 6ème.La description des prestations attendues figure dans le cahier des clauses techniques particul..",fns,cmp2006,appeloffre,rectificatif,SENAT,75006,Paris,,"['Electricité (travaux)', 'Gardiennage', 'Gros oeuvre', 'Menuiserie', 'Peinture (travaux)']","[105, 138, 144, 222, 264]",non,non
21-37563,2021-03-22,2021-04-21,['75'],CONCEPTION ET DEVELOPPEMENT D'UNE APPLICATION MOBILE ET MAINTENANCE ASSOCIEE POUR LE RECUEIL DES DEPLACEMENTS DANS LE CADRE DE L'ENQUETE GLOBALE TRANSPORT (EGT),joue,directive24,appeloffre,initial,Ile de France Mobilités,75009,Paris,,"['Informatique (prestations de services)', 'Logiciel']","[163, 186]",non,oui
21-37967,2021-03-22,2021-04-26,['75'],Opérations : 201716927 ; 201716956 ; 201912932 - Marché public de maîtrise d oeuvre technique pour la mise aux normes des installations électriques de trois équipements scolaires des 5e et 13e,mapa,cmp2006,appeloffre,initial,VILLE DE PARIS,75013,Paris,,"[""Maîtrise d'oeuvre""]",[197],non,non
21-38290,2021-03-22,2021-04-28,"['75', '94', '28', '77', '89']",Travaux de Métallerie-Serrurerie,fns,cmp2006,appeloffre,initial,EAU DE PARIS,75013,PARIS,,['Métallerie'],[223],non,non
21-37688,2021-03-22,2021-04-30,['75'],"Fourniture de données quantitatives sur les investissements publicitaires en télévision, radio, et sur les autres grands médias",fns,cmp2006,appeloffre,initial,Conseil supérieur de l'audiovisuel,75015,Paris,,['Etude'],[118],non,non
21-37648,2021-03-22,2021-04-22,['75'],"ENTRETIEN, MAINTENANCE ET DÉPANNAGE DES ASCENSEURS ET DES MONTE-CHARGES ET PLATEFORME ELEVATRICE",fns,cmp2006,appeloffre,initial,CAISSE DES ECOLES 15EME ARRONDISSEMENT,75015,Paris,,['Maintenance'],[196],non,non
21-37662,2021-03-22,2021-04-22,['75'],IMPRESSION ET LIVRAISON DES SUPPORTS DE COMMUNICATION,fns,cmp2006,appeloffre,initial,CAISSE DES ECOLES 15EME ARRONDISSEMENT,75015,Paris,,['Impression'],[160],non,non
21-38264,2021-03-22,2021-04-19,"['75', '94']",Réalisation d'une étude d'opportunité et de faisabilité pour la mise en place d'un pôle d'économie circulaire sur le Sud Francilien à rayonnement régional.,mapa,cmp2006,appeloffre,initial,Groupe CCIR Paris Ile-de-France,75017,Paris,,['Etude'],[118],non,non
21-37917,2021-03-22,2021-04-23,"['75', '56']",SELECTION D'UN PROFESSIONNEL DU TOURISME POUR LA GESTION DU CENTRE DE VACANCES DE SAINT-GILDAS-DE-RHUYS ET POUR PROPOSITION DE DESTINATIONS EN VILLAGES VACANCES,fns,cmp2006,appeloffre,initial,ANGDM,75019,Paris,,['Prestations de services'],[274],non,non
21-38152,2021-03-22,2021-04-21,['75'],"Opération 201712503: Travaux de création d'un ascenseur intérieur et d'un élévateur PMR à l'école élémentaire sise 4, rue Eugène Reisz 75020 Paris",fns,cmp2006,appeloffre,initial,VILLE DE PARIS,75020,Paris,,"['Ascenseur', 'Bâtiment', 'Gros oeuvre', 'Menuiserie']","[17, 33, 144, 222]",non,non
21-37817,2021-03-22,2021-04-09,['75'],"Mise en accessibilité aux personnes en situation de handicap des escaliers Henri II, Henri IV, Mollien et Darue.",fns,cmp2006,appeloffre,rectificatif,Musée du Louvre,75058,Paris cedex 01,,"[""Tous corps d'état""]",[345],non,non
21-37625,2021-03-22,2021-04-19,['75'],Benchmark européen sur les coûts et les procédures de raccordement aux réseaux d'électricité,fns,cmp2006,appeloffre,initial,Commission de régulation de l'énergie,75379,Paris cedex 08,,['Etude'],[118],non,non
21-38119,2021-03-22,2021-04-06,['76'],Collège Raymond Queneau à Montivilliers - Gros Travaux 2019-2021 complémentairesRéaménagement de la laverie,mapa,cmp2006,appeloffre,initial,DEPARTEMENT DE LA SEINE-MARITIME,76101,ROUEN CEDEX,,['Bâtiment'],[33],non,non
21-38122,2021-03-22,2021-04-23,"['76', '80', '27']",diagnostic des réseaux d'assainissement du siaepa dieppe nord,fns,cmp2006,appeloffre,initial,S I A E P A DE LA REGION DIEPPE NORD,76370,Petit-caux,,['Assainissement'],[18],oui,oui
21-37857,2021-03-22,2021-04-26,"['76', '27']",Marché alloti de travaux dans le cadre de la restauration de l'église Saint André de Yainville,fns,cmp2006,appeloffre,initial,MAIRIE DE YAINVILLE,76480,Yainville,,"['Charpente', 'Couverture', 'Electricité (travaux)', 'Maçonnerie', 'Protection, chutes de pierres', 'Vitraux']","[57, 74, 105, 195, 288, 418]",non,non
21-38276,2021-03-22,2021-04-07,['77'],"Services de téléphonie fixe, mobile et internet",fns,cmp2006,appeloffre,initial,SDESM,77000,La Rochette,,"['Autocommutateur', 'Prestations de services', 'Télécommunications', 'Matériel de téléphonie']","[23, 274, 338, 339]",non,non
21-38143,2021-03-22,2021-04-13,['77'],Travaux de construction d'un collège à COUBERT - Macro-lot 7:Espaces verts - Clôtures,fns,cmp2006,appeloffre,rectificatif,Département de Seine-et-Marne,77010,Melun cedex,,['Espaces verts'],[116],oui,oui
21-37946,2021-03-22,2021-04-02,['77'],MISSION D'ORDONNANCEMENT PLANIFICATION COORDINATION DU PROJET PLAN DE RELANCE DU CSTB POUR LE SITE DE CHAMPS-SUR-MARNE(Référence 21P040),fns,cmp2006,appeloffre,initial,C.S.T.B.,77421,Marne-la-Vallée Cedex 2,,"[""Mission d'ordonnancement, pilotage, coordination (OPC)""]",[234],non,non
21-37798,2021-03-22,2021-05-06,['77'],MISSION D'ORDONNANCEMENT PLANIFICATION COORDINATION DU PROJET PLAN DE RELANCE DU CSTB POUR LE SITE DECHAMPS-SUR-MARNE,fns,cmp2006,appeloffre,rectificatif,C.S.T.B.,77421,Marne-la-Vallée Cedex 2,,"[""Mission d'ordonnancement, pilotage, coordination (OPC)""]",[234],non,non
21-38248,2021-03-22,2021-04-20,['77'],ACQUISITION ET MAINTENANCE DE 5 PHOTOCOPIEURS NUMÉRIQUES MULTIFONCTIONS DESTINÉS AUX SERVICES MUNICIPAUX,mapa,cmp2006,appeloffre,initial,Ville de Moissy-Cramayel,77550,moissy-cramayel,,"['Maintenance', ""Matériel d'imprimerie""]","[196, 211]",non,oui
21-37994,2021-03-22,2021-04-23,['77'],MISSION D'ASSISTANCE FONCIERE,fns,cmp2006,appeloffre,initial,COMMUNAUTE D AGGLO MARNE ET GONDOIRE,77603,MARNE LA VALLEE,,['Etude'],[118],non,non
21-38144,2021-03-22,2021-05-01,"['78', '91', '92', '95']",Recrutement d'une AMO pour la passation d'un marché de maintenance des installations électriques HT/BT des bâtiments du CROUS de l'Académie de Versailles.,fns,cmp2006,appeloffre,initial,CROUS de Versailles,78005,Versailles cedex,,"[""Assistance à maîtrise d'ouvrage""]",[433],non,non
21-38241,2021-03-22,2021-05-07,['78'],Extension du dispositif d'équipement individuel des élèves du CM1 à la 3ème et de la communauté éducative sur le territoire yvelinois.,fns,cmp2006,appeloffre,initial,Conseil départemental des Yvelines,78012,VERSAILLES,,"['Consommables informatiques', 'Informatique (matériel)', 'Informatique (prestations de services)', 'Informatique (assistance)', 'Informatique (maintenance serveurs et réseaux)']","[68, 162, 163, 453, 454]",non,non
21-37658,2021-03-22,2021-04-15,['78'],La présente consultation a pour objet la réalisation de pastilles vidéo courtes pour les porteurs de projets Inria Startup Studio qui ont vocation à être diffusées sur les plateformes et réseaux so..,fns,cmp2006,appeloffre,initial,Inria,78153,Le chesnay cedex,,"['Vidéo, cinéma']",[362],non,non
21-37564,2021-03-22,2021-05-23,['78'],Transport collectif et occasionnel de personnes et transport scolaire,joue,autre,rectificatif,rectificatif,COMMUNE DE COIGNIERES,78317,Coignières cedex,,['Transport'],[347],non,oui
21-38172,2021-03-22,2021-04-23,['78'],Marché public de travaux de restructuration et d'extension du musée international d'Art Naïf pour la commune de Vicq (78),fns,cmp2006,appeloffre,initial,COMMUNE DE VICQ,78490,VICQ,,"[""Tous corps d'état""]",[345],non,non
21-37945,2021-03-22,2021-04-16,['80'],"Travaux de rénovation de la ventilation, Restaurant Universitaire du Bailly",mapa,cmp2006,appeloffre,initial,CROUS d'Amiens-Picardie,80005,Amiens,,['Ventilation'],[360],non,non
21-37689,2021-03-22,2021-05-21,['80'],Étude de programmation architecturale et technique du musée Boucher de Perthes,fns,cmp2006,appeloffre,initial,Ville d'ABBEVILLE,80101,ABBEVILLE Cedex,,['Etude'],[118],non,non
21-37874,2021-03-22,2021-04-16,['80'],Remplacement de chaudières - travaux,fns,cmp2006,appeloffre,initial,Baie de Somme Habitat,80102,Abbeville cedex,,['Chauffage (travaux)'],[61],non,non
21-38093,2021-03-22,2021-04-16,['80'],missions de maîtrise d'oeuvre pour les travaux de construction d'un bâtiment multi sports à saint-valery-sur-somme,mapa,cmp2006,appeloffre,initial,Commune de Saint-Valery-sur-Somme,80230,Saint-Valery-sur-Somme,,"[""Maîtrise d'oeuvre""]",[197],non,non
21-37913,2021-03-22,2021-04-23,['80'],mission de maîtrise d'oeuvre pour le renouvellement des conduites et des branchements d'eau potable de diverses rues des communes d'hérissart et de suzanne,fns,cmp2006,appeloffre,initial,COM DE COMMUNES DU PAYS DU COQUELICOT,80300,Albert,,"['Alimentation en eau potable', ""Maîtrise d'oeuvre""]","[6, 197]",non,non
21-38255,2021-03-22,2021-04-19,['80'],Réhabilitation et extension du gymnase communautaire G.Vasseur à Feuquières-en-Vimeu,fns,cmp2006,appeloffre,initial,Communauté de Communes du Vimeu,80534,Friville-escarbotin cedex,,"[""Tous corps d'état""]",[345],non,non
21-37674,2021-03-22,2021-04-19,['82'],"Fourniture, installation, maintenance d'un système de vidéoprotection",fns,cmp2006,appeloffre,initial,COMMUNE DE LAVIT DE LOMAGNE,82120,LAVIT DE LOMAGNE,,"['Vidéo, cinéma']",[362],non,non
21-38087,2021-03-22,2021-05-31,['83'],"La consultation porte sur les travaux de réhabilitation partielle du réseau d'eau chaude sanitaire, notamment du retour de boucle et de la production d'eau chaude sanitaire au bâtiment SSR d",fns,cmp2006,appeloffre,initial,CAISSE NATIONALE MILITAIRE DE SECU SOC,83090,Toulon,,['Plomberie (travaux)'],[270],non,non
21-38075,2021-03-22,2021-04-13,['83'],travaux de défense forestière contre l'incendie (dfci),fns,cmp2006,appeloffre,initial,COM DE COMMUNES MEDIT PORT DES MAURES,83250,La Londe les Maures,,['Travaux forestiers'],[350],non,non
21-37808,2021-03-22,2021-04-13,['83'],Propreté urbaine de la voirie communale,fns,cmp2006,appeloffre,initial,Ville de Grimaud,83316,GRIMAUD,,['Nettoyage urbain'],[240],non,non
21-37861,2021-03-22,2021-04-12,['83'],TRAVAUX DE TRANSFORMATION DE L'ESPACE DE PLONGE ET DU REFECTOIRE DE LA CANTINE DE L'ECOLE ELEMENTAIRE ANDRE MALRAUX,fns,cmp2006,appeloffre,initial,Ville de Le Beausset,83330,le beausset,,"['Cuisine (équipement)', 'Electricité (travaux)', 'Peinture (travaux)', 'Plomberie (travaux)', 'Revêtements de sols', ""Tous corps d'état""]","[77, 105, 264, 270, 308, 345]",non,non
21-36429,2021-03-22,2021-04-16,"['83', '13', '6', '84']",réhabilitation et extension de la base d'aviron du lac de saint-cassien relance du lot 7- serrurerie - menuiseries metalliques - déclaré sans suite,fns,cmp2006,appeloffre,initial,Cté Cnes du Pays de Fayence,83440,Tourrettes,,['Serrurerie'],[321],non,oui
21-37923,2021-03-22,2021-04-19,"['83', '13', '6']","collecte des ordures ménagères issues des conteneurs semi-enterrés et des colonnes aérienne, avec reprise du camion grue équipé pour l'éxécution des prestations.",fns,cmp2006,appeloffre,initial,Cté Cnes du Pays de Fayence,83440,Tourrettes,,['Ordures ménagères (prestations)'],[249],non,non
21-37724,2021-03-22,2021-04-30,"['83', '4', '5', '6', '13', '84']",Réparation de fuites et travaux divers sur les réseaux d'eau potable et d'assainissement des eaux usées,fns,cmp2006,appeloffre,initial,COMMUNE DE SAINT MAXIMIN LA STE BAUME,83470,SAINT MAXIMIN LA SAINTE BAUME,,"['Alimentation en eau potable', 'Réseaux divers']","[6, 306]",non,non
21-38132,2021-03-22,2021-04-16,['83'],Fourniture de colis de noël pour le CCAS de VIDAUBAN,fns,cmp2006,appeloffre,initial,Ville de Vidauban,83550,Vidauban,,['Barquettes alimentaires'],[32],non,oui
21-38234,2021-03-22,2021-04-06,['84'],Fourniture en location et pose de bâtiments modulaires pour la direction ressources et logistique pour la saison estivale,mapa,cmp2006,appeloffre,initial,COMMUNE D ORANGE,84106,ORANGE CEDEX,,['Bâtiments modulaires'],[27],non,non
21-37637,2021-03-22,2021-04-21,['84'],"Maitrise d'oeuvre pour la réhabilitation du centre médico-social, allée de l'offante",mapa,cmp2006,appeloffre,initial,COMMUNE DU PONTET,84134,Le Pontet cedex,,"[""Maîtrise d'oeuvre""]",[197],non,non
21-38099,2021-03-22,2021-04-12,['84'],Mission de Programmation et d'Assistance à Maîtrise d'Ouvrage pour l'opération de réhabilitation du collège Alphonse Daudet à CARPENTRAS,mapa,cmp2006,appeloffre,initial,Département de Vaucluse,84909,Avignon Cedex 9,,"['Etude', ""Assistance à maîtrise d'ouvrage""]","[118, 433]",non,non
21-38217,2021-03-22,2021-05-06,['85'],Campagne de suivi de la présence de trihalométhanes (THM) dans les réseaux d'eau potable en Vendée de juin à septembre 2021,fns,cmp2006,appeloffre,initial,VENDEE EAU,85036,La Roche sur Yon,,['Prestations de services'],[274],non,non
21-38059,2021-03-22,2021-04-21,['85'],Mission de programmation pour un projet de création d'espaces culturels comprenant notamment la réhabilitation et l'extension de la médiathèque municipale,mapa,cmp2006,appeloffre,initial,Essarts en Bocage,85140,Essarts en Bocage,,['Etude'],[118],non,non
21-38218,2021-03-22,2021-04-19,['85'],"La présente consultation a pour objet : la réalisation des analyses de laboratoire pour le Centre Hospitalier Côte de Lumière et pour le Centre Hospitalier Georges Mazurelle, membres du GHT Vendée.",fns,cmp2006,appeloffre,initial,CHD VENDEE,85925,La roche sur yon cedex 9,,"['Analyses médicales, biologiques']",[8],non,oui
21-37551,2021-03-22,2021-04-06,['86'],exploitation des plateformes de compostage (rectificatif),joue,autre,rectificatif,rectificatif,GRAND POITIERS COMMUNAUTE URBAINE,86021,Poitiers cedex,,['Déchets non ménagers (prestations)'],[404],non,oui
21-37928,2021-03-22,2021-04-20,['87'],Prestation de sonorisation de l'Opéra de Limoges,fns,cmp2006,appeloffre,initial,OPERA DE LIMOGES,87000,LIMOGES,,['Sonorisation'],[324],non,non
21-38236,2021-03-22,2021-04-20,['87'],Acquisition et maintenance de traceurs,fns,cmp2006,appeloffre,initial,COMMUNE DE LIMOGES,87031,LIMOGES CEDEX 1,,"[""Matériel d'imprimerie""]",[211],non,oui
21-37649,2021-03-22,2021-04-14,['87'],TRAVAUX D'ENTRETIEN SUR OUVRAGE D'ART - SECTEUR DE LA MAISON DU DÉPARTEMENT DU DORAT,fns,cmp2006,appeloffre,initial,Conseil Départemental Haute-Vienne,87031,LIMOGES,,"['Maçonnerie', ""Ouvrage d'art""]","[195, 252]",non,non
21-37911,2021-03-22,2021-04-19,['87'],Achat de compositions florales pour les pompes funèbres municipales,fns,cmp2006,appeloffre,initial,COMMUNE DE LIMOGES,87031,LIMOGES CEDEX 1,,['Végétaux'],[358],non,non
21-37804,2021-03-22,2021-06-18,['87'],RENOUVELLEMENT DE LA CANALISATION D'EAU POTABLE ET REPRISE OU RACCORDEMENT DES BRANCHEMENTS - AVENUE GARIBALDI A LIMOGES,fns,cmp2006,attribution,initial,COMMUNAUTE D AGL LIMOGES METROPOLE,87031,Limoges Cedex 1,[],['Canalisations'],[48],non,non
21-38146,2021-03-22,2021-04-22,"['87', '19']",Missions de contrôle technique et de coordination SPS a rénovation énergétique de l'IUT de Brive et du campus Marcland de l'Université de Limoges,mapa,cmp2006,appeloffre,initial,Université de Limoges,87032,Limoges,,['Contrôle technique'],[72],non,non
21-37796,2021-03-22,2021-04-12,['91'],Étude de marché et définition du modèle de l'Institut de Génomique Numérique.,mapa,cmp2006,appeloffre,annulation,GENOPOLE,91030,Evry-courcouronnes cedex,,['Etude'],[118],non,non
21-38309,2021-03-22,2021-04-24,['91'],"Fourniture et installation d'équipements pour une cuisine pédagogique polyvalente de l'Association Faculté des Métiers de l'Essonne, site d'Evry-Courcouronnes",fns,cmp2006,appeloffre,initial,Association faculté des métiers 91,91035,Evry-courcouronnes cedex,,['Cuisine (équipement)'],[77],non,non
21-38157,2021-03-22,2021-04-06,['91'],"Contrôles réglementaires des installations de désenfumage, thermiques, climatisation, traitement d'air, ventilation et installations d'air comprimé sur le site de Télécom Paris à Palaiseau",fns,cmp2006,appeloffre,rectificatif,Télécom ParisTech,91120,Palaiseau,,['Contrôle technique'],[72],non,non
21-38154,2021-03-22,2021-04-12,['91'],"Missions de coordination, sécurité et protection de la santé sur les chantiers pour la commune de Gif-sur-Yvette",fns,cmp2006,appeloffre,initial,Ville de Gif sur Yvette,91190,Gif sur yvette,,['Prestations de services'],[274],non,non
21-38308,2021-03-22,2021-04-20,"['91', '94']",MARCHE DE PROPRETE URBAINE DES DOMAINES PRIVES GERES PAR LA COMMUNE DE JUVISY-SUR-ORGE,fns,cmp2006,appeloffre,initial,GRAND ORLY SEINE BIEVRE,91265,Juvisy-sur-orge,,['Nettoyage urbain'],[240],oui,oui
21-37607,2021-03-22,2021-06-17,['91'],Achat de séjours de vacances d'été 2021 pour les enfants et les jeunes Massicois de 6 à 15 ans3 lots,joue,directive24,attribution,initial,COMMUNE DE MASSY,91300,Massy,"[('2021-03-01', 'Adn Association Activité Découverte et Nature', (35000, 'EUR'), 'Séjour "" été loisirs/montagne 6/11 ans'), ('2021-03-01', 'Magellan le conseil tourisme', (35000, 'EUR'), 'Séjour "" été Loisirs Europe 11/14 ans ""'), ('2021-03-01', 'Magellan le conseil tourisme', (33000, 'EUR'), 'Séjour été "" Culture/loisirs Europe du Sud 13/15 ans ""')]","['Prestations de services', 'Voyage', 'Prestation hotelière']","[274, 367, 466]",non,oui
21-37985,2021-03-22,2021-04-16,"['91', '92', '75']",bionettoyage des parties communes et chambres uhr,mapa,cmp2006,appeloffre,initial,Maison de retraite Léon Mauge,91370,Verrières-le-Buisson,,['Nettoyage de locaux'],[239],non,non
21-38126,2021-03-22,2021-04-16,['91'],CONSTRUCTION D'UNE MAISON DE SANTE - EN BOIS 2D OU MODULAIREVoie de l'Aulne91 370 VERRIERES LE BUISSON,fns,cmp2006,appeloffre,rectificatif,Ville de Verrières-le-Buisson,91371,Verrières-Le-Buisson,,['Bâtiment'],[33],non,non
21-38208,2021-03-22,2021-04-15,['91'],Service de restauration collective,fns,cmp2006,appeloffre,initial,Ville de Marcoussis,91460,Marcoussis,,['Restauration collective'],[66],oui,oui
21-38102,2021-03-22,2021-04-20,"['91', '75']","La location, l'entretien, la mise en service et l'assistance du système de communication des arbitres pour les saisons sportives 2021/2022 à 2023/2024 incluse.",divers,autre,appeloffre,initial,FEDERATION FRANCAISE RUGBY,91463,Marcoussis Cedex,,"['Assistance technique', 'Location (matériels)', 'Maintenance', 'Matériel de transmission', 'Prestations de services']","[19, 185, 196, 210, 274]",non,non
21-38291,2021-03-22,2021-04-16,"['91', '92', '77', '94', '78']",MARCHE D'ASSURANCES INCENDIE ACCIDENTS ET RISQUES DIVERS (IARD) DE LA COMMUNE DE LA FERTE ALAIS,fns,cmp2006,appeloffre,rectificatif,Commune de La Ferté Alais,91590,La Ferté-Alais,,['Assurance'],[20],non,non
21-38263,2021-03-22,2021-04-23,['91'],Marché public d'entretien et de remise en état des espaces verts et du patrimoine arboricole,fns,cmp2006,appeloffre,initial,Commune de La Ferté Alais,91590,La Ferté-Alais,,['Espaces verts'],[116],non,non
21-4392,2021-03-22,2021-04-23,['92'],Travaux de modernisation et d'extension des installations d'éclairage public de la ville de Nanterre,fns,cmp2006,appeloffre,initial,Commune de Nanterre,92000,Nanterre,,['Eclairage public'],[102],oui,non
21-37890,2021-03-22,2021-04-24,['92'],Rénovation du groupe scolaire LE VAL (Phase 1).,fns,cmp2006,appeloffre,rectificatif,Ville de Meudon,92195,Meudon cedex,,['Bâtiment'],[33],non,non
21-38193,2021-03-22,2021-04-22,['92'],La fourniture de denrées alimentaires et de prestations de services de restauration collective pour le compte de la Fondation Roguet,fns,cmp2006,appeloffre,initial,GHT 92,92210,Saint-cloud,,"['Restauration collective', 'Prestations de services', 'Mise à disposition de personnel']","[66, 274, 461]",non,non
21-38003,2021-03-22,2021-04-19,['93'],Acquisition de matériels informatiques et de logiciels dans l'environnement APPLE,fns,cmp2006,appeloffre,initial,DEPARTEMENT DE LA SEINE SAINT DENIS,93000,BOBIGNY,,['Informatique (matériel)'],[162],non,non
21-37802,2021-03-22,2021-04-13,['93'],Etude de programmation urbaine complémentaire du NPNRU Centre-ville Béthisy à Noisy-le-Sec,fns,cmp2006,appeloffre,initial,EST ENSEMBLE,93232,Romainville cedex,,"[""Assistance à maîtrise d'ouvrage""]",[433],non,non
21-38247,2021-03-22,2021-04-09,"['93', '75', '92', '78', '95', '91', '94', '77', '60']",Prestations de relations presse/médias pour le compte du Musée de l'Air et de l'Espace,fns,cmp2006,appeloffre,initial,Musée de l'Air et de l'Espace,93352,Le bourget,,"['Edition', 'Publicité, Communication']","[104, 285]",non,non
21-38094,2021-03-22,2021-04-16,"['93', '75', '95', '94', '92', '91']",Marché de travaux pour la transformation d'espace de restauration scolaire en self-service dans le groupe scolaire Joliot Curie,fns,cmp2006,appeloffre,initial,ville de Pierrefitte-sur-Seine,93380,Pierrefitte-sur-seine,,"['Cloison, faux plafond', 'Cuisine (équipement)', 'Maçonnerie', 'Peinture (travaux)', 'Plomberie (travaux)']","[63, 77, 195, 264, 270]",non,non
21-38141,2021-03-22,2021-04-24,"['75', '77', '78', '91', '92', '93', '94', '95']",Travaux de remplacement des deux montes charges obsolètes de la 1/2 pension et de rénovation / embellissement d'une cage d'escalier au lycée Saint Louis de Paris (6),fns,cmp2006,appeloffre,initial,Région Ile de France,93400,Saint ouen,,"['Ascenseur', 'Gros oeuvre', 'Maçonnerie']","[17, 144, 195]",non,non
21-37757,2021-03-22,2021-04-19,"['78', '77', '91', '93', '92', '94', '95', '75']",Pose de revêtements de sols souples sur l'antenne CNFPT Seine et Marne à TORCY,mapa,cmp2006,appeloffre,initial,CNFPT,93500,PANTIN,,['Revêtements de sols'],[308],non,oui
21-37785,2021-03-22,2021-04-15,"['93', '75', '94']",Maintenance et dépannage des installations hydrauliques et des extracteurs d'air,fns,cmp2006,appeloffre,initial,Pantin Habitat,93697,Pantin cedex,,['Pompes'],[272],non,non
21-38020,2021-03-22,2021-04-16,['94'],Mission d'assistance au recrutement du Conseil départemental du Val-de-Marne,fns,cmp2006,appeloffre,initial,Département du Val de Marne,94054,Créteil cedex,,['Prestations de services'],[274],non,non
21-38023,2021-03-22,2021-04-08,['54'],Mission de maîtrise d'oeuvre pour la rénovation énergétique de bâtiments à usage de bureaux et de laboratoires sur le site de l'Anses à Nancy (Malzéville),mapa,cmp2006,appeloffre,initial,ANSES,94701,Maisons-alfort cedex,,"[""Maîtrise d'oeuvre""]",[197],non,non
21-37580,2021-03-22,2021-04-23,"['92', '95']","Mission d'Assistant à Maitrise d'Ouvrage - Campus des métiers et des qualifications d'excellence "" Les Chantiers de Versailles : Art et Patrimoine """,joue,directive24,attribution,initial,CY CERGY PARIS UNIVERSITE,95000,Cergy,"[('2021-02-22', 'OSKAPROD', (100000, 'EUR'), 'Campus des métiers et des qualifications d\'excellence"" Les Chantiers de Versailles : Art et Patrimoine ""Mission d\'Assistant à Maitrise d\'Ouvrage')]",['Prestations de services'],[274],non,non
21-37763,2021-03-22,2021-04-12,['95'],21TA03 - Marché de travaux pour l'aménagement du chemin de la Pelouse à Pontoise,fns,cmp2006,appeloffre,rectificatif,CACP,95027,Cergy-Pontoise,,['Travaux de viabilité'],[353],non,non
21-38253,2021-03-22,2021-06-19,['95'],20SA16-Marché pour la promotion territoriale et la mise en oeuvre d'actions de prospection exogène visant à identifier des entreprises ayant des projets d'implantation pouvant se concrétiser,mapa,cmp2006,attribution,initial,CACP,95027,Cergy-Pontoise,,"['Etude', 'Prestations de services']","[118, 274]",non,non
21-37717,2021-03-22,2021-04-22,['95'],PRESTATIONS D'ENTRETIEN DES ESPACES VERTS REALISEES PAR UN E.S.A.T. (annulation),fns,cmp2006,appeloffre,annulation,Ville de Sannois,95111,Sannois CEDEX,,['Espaces verts'],[116],non,non
21-38273,2021-03-22,2021-04-30,['95'],Prestations de comptages routiers ou directionnels et d'enquêtes de stationnement sur le Territoire d'Ermont,fns,cmp2006,appeloffre,initial,Commune d'Ermont,95120,Ermont,,['Etude'],[118],non,non
21-37792,2021-03-22,2021-04-23,['95'],Recyclage total de la friche commerciale du Val d'Ezanville (95) Marché d'assistance à maîtrise d'ouvrage pour la mise en place de l'opération d'aménagement,mapa,cmp2006,appeloffre,initial,CA Plaine Vallée,95230,Soisy-sous-montmorency,,"[""Assistance à maîtrise d'ouvrage""]",[433],non,non
21-38312,2021-03-22,2021-06-01,['95'],Mission de maîtrise d'oeuvre pour la création d'un nouveau bâtiment et la réhabilitation de bâtiments anciens de l'établissement scolaire Robert Hoffmann.,fns,cmp2006,appeloffre,initial,Ville de valmondois,95760,VALMONDOIS,,"['Assistance technique', 'Etude']","[19, 118]",non,non
21-38180,2021-03-22,2021-04-12,['95'],"Mission d Assistance à Maîtrise d Ouvrage : remise en état, déploiement et maintenance de l infrastructure de vidéoprotection de la ville de Bezons",fns,cmp2006,appeloffre,initial,COMMUNE DE BEZONS,95870,Bezons,,"[""Assistance à maîtrise d'ouvrage""]",[433],non,non
21-38223,2021-03-22,2021-04-17,['971'],PLAN D'ACTIONS PRIORITAIRES EN EAU POTABLE Rénovation de l'usine de traitement d'eau potable Belle Eau Cadeau (Capesterre-Belle Eau),fns,cmp2006,appeloffre,initial,Conseil Départemental de la Guadeloupe,97100,BASSE TERRE,,['Alimentation en eau potable'],[6],oui,oui
21-38053,2021-03-22,2021-04-12,['971'],Travaux de réaménagement des locaux des services de la DIECCTE à BISDARY GOURBEYRE,fns,cmp2006,appeloffre,initial,Prefecture de Guadeloupe,97100,Basse-terre,,['Electricité (travaux)'],[105],non,non
21-38195,2021-03-22,2021-04-06,['971'],Aménagement des micro-folies médiathèque du moule (rectificatif),fns,cmp2006,appeloffre,rectificatif,Ville de Le Moule,97160,Le moule,,['Bâtiment'],[33],non,non
21-38314,2021-03-22,2021-03-29,['972'],Maintenance des moyens de secours incendie de la CGSSM.,fns,cmp2006,appeloffre,rectificatif,CGSSM,97210,Lamentin cedex 2,,"['Détection incendie', 'Extincteur', 'Maintenance', ""Matériel de secours et d'incendie""]","[90, 119, 196, 217]",non,non
21-35979,2021-03-22,2021-05-22,['972'],Accords-cadres à bon de commande mono attributaire pour vérifications périodiques réglementaires des bâtiments et équipements publics,fns,cmp2006,attribution,initial,Commune de Rivière-Salée,97215,Rivière-Salée,,['Contrôle technique'],[72],non,non
21-38292,2021-03-22,2021-04-11,['973'],Marché de gestion de la publicité de la ville de Matoury,mapa,cmp2006,appeloffre,initial,COMMUNE DE MATOURY,97351,Matoury,,"['Assistance technique', 'Etude']","[19, 118]",oui,oui
21-24701,2021-03-22,2021-04-20,['974'],fourniture de services de téléphonie fixe pour le rectorat de l'académie de la réunion : abonnements et communications entrantes et sortantes,fns,cmp2006,appeloffre,initial,Rectorat de La Réunion,97400,Saint-Denis,,['Télécommunications'],[338],oui,non
21-37780,2021-03-22,2021-06-19,['974'],Entretien des groupes électrogènes du GPMDLR,fns,cmp2006,attribution,initial,Grand Port Maritime de La Réunion,97821,Le Port,,['Maintenance'],[196],non,non
21-37968,2021-03-22,2021-06-01,['39'],délégation du service public de l'eau potable,dsp,dsp,attribution,initial,COMMUNE DE CHAMPAGNOLE,,Champagnole,"[('2021-03-09', 'VEOLIA EAU - Compagnie Générale des Eaux', (4036941, 'EUR'), ""Délégation du service public de l'eau potable"")]",['Alimentation en eau potable'],[6],non,non
