a00_cle_idweb,g04_01_date_publication,g04_03_date_fin_diffusion,g04_07_dep_publication,g04_09_resume_objet,g01_02_01_famille,g01_02_02_perimetre,g01_02_03_nature,g01_02_04_statut,d01_01_denomination,d01_07_cp,d01_08_ville,d08_09_decision_titulaireandRENSEIGNEMENT,g04_052_descripteurs_libelles,g04_051_descripteurs_codes,g04_061_criteres_sociaux,g04_062_criteres_environnementaux
21-81310,2021-06-15,2021-07-05,"['1', '69']",réhabilitation de la salle polyvalente municipale - couverture zinguerie,fns,cmp2006,appeloffre,initial,SAVIGNEUX,01480,Savigneux,,"['Couverture', 'Zinguerie']","[74, 372]",non,non
21-81380,2021-06-15,2021-08-15,['3'],FOURNITURE DE VÊTEMENTS DE TRAVAIL HAUTE VISIBILITÉ A USAGE PROFESSIONNEL AVEC PRESTATION DE NETTOYAGE ET DISTRIBUTION EN CASIER,fns,cmp2006,appeloffre,initial,SICTOM Sud Allier,03500,Bayet,,['Blanchissage'],[36],non,non
21-81979,2021-06-15,2021-07-26,['4'],Réalisation d'un escalier mixte parking Gassendi - Place du Général De Gaulle,fns,cmp2006,appeloffre,initial,COMMUNE DE DIGNE LES BAINS,04000,Digne les Bains,,"['Maçonnerie', ""Ouvrage d'infrastructure"", 'Ouvrage métallique']","[195, 253, 254]",non,non
21-81296,2021-06-15,2021-07-23,['4'],MAITRISE D'OEUVRE POUR LES TRAVAUX DE SOUTENEMENT AVENUE DE LA REPASSE,mapa,cmp2006,appeloffre,initial,COMMUNE DE MANOSQUE,04100,Manosque,,"[""Maîtrise d'oeuvre""]",[197],non,non
21-81654,2021-06-15,2021-07-23,['4'],Aménagement de la zone de baignade de la base de loisirs de la commune d'Allos,fns,cmp2006,appeloffre,initial,Commune d'Allos,04260,Allos,,"['Bâtiment', 'Digue', 'Enrochements', ""Ouvrage d'infrastructure"", 'Ouvrage hydraulique']","[33, 91, 110, 253, 255]",non,non
21-81260,2021-06-15,2021-07-13,['4'],Accord-cadre 'Travaux de voirie communale et de génie civil 2021-2025',fns,cmp2006,attribution,initial,Commune d'Aiglun,04510,Aiglun,,"['Génie civil', 'Maçonnerie', 'Travaux de viabilité', 'Voirie', 'Voirie et réseaux divers']","[141, 195, 353, 365, 366]",non,oui
21-81711,2021-06-15,2021-06-28,['4'],TRAVAUX DE MODERNISATION DES RESEAUX SUR LE SECTEUR DE L'ASA DES CANAUX DU THOR ET DU MOULIN DE DABISSE - Commune des Mées (04190),fns,cmp2006,appeloffre,rectificatif,Union des ASA de la Bléone à l'Asse,04700,ORAISON,,"['Canalisations', 'Equipement hydraulique', 'Irrigation']","[48, 111, 168]",non,non
21-81353,2021-06-15,2021-07-13,"['5', '4']","Achat de véhicules spécifiques et autres pour le Centre Hospitalier Buëch Durance (CHBD) à LARAGNE, le Centre Hospitalier Intercommunal des Alpes du Sud (CHICAS) à GAP, le Centre Hospitalier d'EM",fns,cmp2006,appeloffre,initial,CTRE HOSPITALIER INTERCOM ALPES DU SUD,05007,Gap cedex,,['Véhicules'],[359],non,oui
21-81356,2021-06-15,2021-09-11,['5'],Mission d'assistance à la maîtrise d'ouvrage dans le cadre de la reconstruction du Centre Hospitalier d'EMBRUN sur un nouveau site de la commune - AMORCHE21,fns,cmp2006,attribution,initial,CTRE HOSPITALIER INTERCOM ALPES DU SUD,05007,Gap cedex,,"[""Maîtrise d'oeuvre"", ""Assistance à maîtrise d'ouvrage""]","[197, 433]",non,non
21-81529,2021-06-15,2021-08-19,['6'],CHU de Nice - Hôpital de l'Archet 2 - Travaux de relocalisation du service génétique,fns,cmp2006,appeloffre,initial,C.H.U. de Nice,06003,Nice cedex 1,,"['Electricité (travaux)', 'Menuiserie', 'Plomberie (travaux)', 'Revêtements de sols', 'Sécurité incendie']","[105, 222, 270, 308, 332]",non,non
21-81645,2021-06-15,2021-07-15,['6'],PRESTATION PORTANT SUR LA LOCATION DE MATERIELS DE SOINS ET MATERIELS MEDICAUX,fns,cmp2006,attribution,initial,C.H.U. de Nice,06003,Nice cédex 1,,['Matériel médical'],[212],non,non
21-81545,2021-06-15,2021-09-04,['6'],Acquisition de fournitures scolaires,fns,cmp2006,appeloffre,initial,Ville de Vence,06140,Vence,,['Papeterie'],[262],non,oui
21-81689,2021-06-15,2021-07-06,['6'],Service d'astreinte du Centre de Relation Client,fns,cmp2006,appeloffre,initial,REGIE EAU D'AZUR,06203,Nice Cedex 3,,['Prestations de services'],[274],non,non
21-81972,2021-06-15,2021-07-05,"['83', '6']",Missions de Maitrise d'oeuvre en vue de la réhabilitation de la résidence Le QUARTZ,mapa,cmp2006,appeloffre,initial,CROUS NICE-TOULON,06300,Nice,,"[""Maîtrise d'oeuvre"", 'Ingénierie']","[197, 455]",non,non
21-81973,2021-06-15,2021-07-07,['6'],Reconfiguration des Chaufferies des résidences universitaires Saint Antoine et Montebello à Nice,fns,cmp2006,appeloffre,initial,CROUS NICE-TOULON,06300,Nice,,['Chauffage (travaux)'],[61],non,non
21-81393,2021-06-15,2021-09-12,['6'],Numéro de la consultation : 20200404 FORMATIONS A LA CONDUITE EN SECURITE D'ENGINS DE CHANTIER ET DE PLATE FORMES ELEVATRICES DE PERSONNES (PEMP),fns,cmp2006,attribution,initial,COMMUNE DE CANNES,06406,CANNES,"[('2021-05-10', 'IFTS', (125000, 'EUR'), None), ('2021-05-10', 'IFTS', (85000, 'EUR'), None)]","['Véhicules', 'Formation']","[359, 410]",non,non
21-81686,2021-06-15,2021-09-12,['6'],"FOURNITURES DE MEDICAMENTS ET PRODUITS PHARMACEUTIQUES A USAGE HUMAIN ET VETERINAIRE, CONSOMMABLES ET PETITS MATERIELS MEDICAUX",fns,cmp2006,attribution,initial,COMMUNE DE CANNES,06406,CANNES,"[('2021-06-01', 'Pharmacie Bastide Rouge selarl', (96000, 'EUR'), None), ('2021-04-13', 'EBONY SAS', (80000, 'EUR'), None)]",['Produits pharmaceutiques'],[280],non,non
21-81612,2021-06-15,2021-08-15,['6'],21V0099 - Achat de matériel et de mobilier électoral pour la tenue des élections départementales et régionales.,fns,cmp2006,attribution,initial,COMMUNE DE NICE,06593,Nice cedex 4,"[('2021-05-11', 'DOUBLET SAS', (5909, 'EUR'), None), ('2021-05-03', 'DOUBLET SAS', (27970, 'EUR'), None), ('2021-05-11', 'ALTRAD COLLECTIVITES', (1250, 'EUR'), None)]",['Matériel électronique'],[204],non,non
21-81203,2021-06-15,2021-08-14,['6'],Missions de contrôle technique électrique (contrôle de conformité électrique) des installations d'éclairage public,fns,cmp2006,attribution,initial,Ville d'Antibes Juan-les-Pins,06606,Antibes cedex,,['Contrôle technique'],[72],non,non
21-81268,2021-06-15,2021-08-15,['7'],rénovation de la toiture de l'eglise saint thomas à privas,fns,cmp2006,attribution,initial,MAIRIE DE PRIVAS,07006,Privas cedex,"[('2021-06-11', 'SAS BEAUFILS COUVERTURE CHARPENTE', (316511.44, 'EUR'), None)]","['Charpente', 'Couverture', 'Zinguerie']","[57, 74, 372]",non,non
21-81632,2021-06-15,2021-07-29,['7'],Travaux de construction de bâtimens modulaires pour salles de classe au collège Les Perrières à ANNONAY,fns,cmp2006,appeloffre,initial,Département de l'Ardèche,07007,Privas,,['Bâtiments modulaires'],[27],non,non
21-80618,2021-06-15,2021-07-26,"['7', '26']","travaux de mise à niveau, fourniture, installation et maintenance du système de vidéo protection urbaine dans le cadre de l'extension des points de surveillance sur le territoire communal",fns,cmp2006,appeloffre,initial,Ville de La Voulte-sur-Rhône,07800,La Voulte sur Rhône,,['Télésurveillance'],[415],non,non
21-81588,2021-06-15,2021-07-19,"['8', '51', '59']",Mission d'étude pour l'élaboration du plan climat Air Energie Territorial ou PCAET du SCoT Nord Ardenne,fns,cmp2006,appeloffre,initial,COM COMMUNES ARDENNE RIVES de MEUSE,08000,Charleville-mézières,,['Etude'],[118],non,non
21-81320,2021-06-15,2021-07-16,['8'],Transports scolaires-.,fns,cmp2006,appeloffre,initial,COMMUNE DE VIREUX-MOLHAIN,08320,VIREUX-MOLHAIN,,['Transport'],[347],non,non
21-81903,2021-06-15,2021-07-06,['9'],TRAVAUX D'ÉLAGAGE POUR LA POSE DE CÂBLE DE FIBRE OPTIQUE SUR SUPPORTS AÉRIENS - Ariège,fns,cmp2006,appeloffre,initial,Conseil Départemental de l'Ariège,09000,FOIX,,['Travaux forestiers'],[350],non,non
21-81339,2021-06-15,2021-07-15,['10'],Travaux de réparation du pont 30 rue de Gournay à Troyes - Relance-.,mapa,cmp2006,appeloffre,initial,MAIRIE DE TROYES,10000,TROYES,,"['Maçonnerie', ""Ouvrage d'infrastructure""]","[195, 253]",non,oui
21-81943,2021-06-15,2021-07-09,['10'],Modernisation de la piste de BMX du Complexe Sportif Henri Terré à Troyes-.,fns,cmp2006,appeloffre,initial,MAIRIE DE TROYES,10000,TROYES,,"['Arrosage', 'Drainage', 'Machines-outils', 'Maçonnerie', 'Métallerie', 'Réseaux divers', 'Serrurerie', 'Terrassement', ""Tous corps d'état"", 'Voirie']","[13, 94, 194, 195, 223, 306, 321, 341, 345, 365]",oui,non
21-81246,2021-06-15,2021-08-24,['10'],Fourniture et livraison de produits préfabriqués auto-adhésifs NF2 et mise à disposition d'une machine pour la pose,fns,cmp2006,attribution,initial,DEPARTEMENT DE L AUBE,10000,TROYES,"[('2021-06-15', 'MAESTRIA SIGNALISATION', (88815.0, 'EUR'), None)]",['Equipement industriel'],[112],non,non
21-80537,2021-06-15,2021-07-06,['10'],"accord-cadre pour la réalisation de travaux d'entretien, de travaux d'investissement de faible a moyenne importance de la voirie communale et des réseaux communaux",fns,cmp2006,appeloffre,initial,Ville de Romilly-sur-Seine,10105,romilly-sur-seine,,"['Assainissement', 'Canalisations', 'Voirie et réseaux divers']","[18, 48, 366]",non,non
21-80903,2021-06-15,2021-06-29,['12'],RD no 911 - Renforcement de la chaussée et réfection de la couche de roulement du PR 98.430 à 104.700 - Cantons d'Aveyron & Tarn et Villefranche-de-rouergue,fns,cmp2006,appeloffre,initial,Conseil Départemental de l AVEYRON,12450,Flavin,,['Voirie'],[365],non,non
21-81620,2021-06-15,2021-07-16,['13'],La présente consultation vise la passation d'un marché ayant pour objet des prestations de Service de Santé au Travail (Médecine du travail) pour les salariés de la RTM.La Régie des Transports,fns,cmp2006,appeloffre,initial,Régie des Transports Métropolitains,13013,Marseille,,['Prestations de services'],[274],non,non
21-81344,2021-06-15,2021-07-16,['13'],Réhabilitation du pigeonnier de Beaurecueil travaux de réhabilitation complète du bâtiment et de ses abords,divers,autre,appeloffre,initial,Commune de Beaurecueil,13100,Beaurecueil,,"['Charpente', 'Chauffage (matériel)', 'Chauffage (travaux)', 'Cloison, faux plafond', 'Couverture', 'Démolition', 'Electricité (travaux)', 'Fontainerie', 'Maçonnerie', 'Menuiserie', 'Métallerie', ""Ouvrage d'art"", 'Peinture (travaux)', 'Plomberie (travaux)', 'Serrurerie', 'Ventilation', 'Voirie et réseaux divers', 'Zinguerie']","[57, 60, 61, 63, 74, 87, 105, 131, 195, 222, 223, 252, 264, 270, 321, 360, 366, 372]",non,non
21-81520,2021-06-15,2021-07-15,['13'],"Fourniture de cloisons modulaires d'exposition pour le Museon Arlaten, Musée de Provence, Département des Bouches du Rhône.",fns,cmp2006,attribution,initial,CONSEIL DEPARTEMENTAL 13,13256,Marseille,,['Equipement muséographique'],[409],non,non
21-81533,2021-06-15,2021-07-15,['13'],"Conception de la scénographie et réalisation d'une exposition temporaire au Museon Arlaten, Musée de Provence, Département des Bouches-du-Rhône",fns,cmp2006,attribution,initial,CONSEIL DEPARTEMENTAL 13,13256,Marseille,,['Monuments historiques'],[236],non,non
21-81470,2021-06-15,2021-09-12,['13'],TRAVAUX DE REMPLACEMENT DES GROUPES FROID ET POMPE A CHALEUR,fns,cmp2006,attribution,initial,HOPITAUX DE PROVENCE,13295,MARSEILLE,,['Climatisation'],[62],non,non
21-81278,2021-06-15,2021-07-15,['13'],"Travaux de réaménagement, de rénovation et d'extension des vestiaires du stade Léon David à Roquevaire - Lot 1 : Terrassements - VRD - Aires sportives (relance suite à déclaration sans suite)",fns,cmp2006,appeloffre,rectificatif,FACONEO,13400,Aubagne,,"['Terrassement', 'Terrain de sport', 'Voirie et réseaux divers']","[341, 342, 366]",non,non
21-81642,2021-06-15,2021-07-09,['13'],"Travaux d'aménagement, de rénovation, de modernisation et de maintenance du réseau d'éclairage public de la commune de Trets",fns,cmp2006,appeloffre,initial,Commune de Trets,13530,Trets,,['Eclairage public'],[102],non,non
21-81453,2021-06-15,2021-07-16,['13'],CONSTRUCTION CANTINE SCOLAIRE BIOCLIMATIQUE,fns,cmp2006,appeloffre,initial,Ville de chateauneuf le rouge,13790,CHATEAUNEUF LE ROUGE,,"['Ascenseur', 'Bardage', 'Bois', 'Carrelage', 'Cloison, faux plafond', 'Couverture', 'Cuisine (équipement)', 'Electricité (travaux)', 'Maçonnerie', 'Matériel électrique', 'Matériel de travaux publics', 'Menuiserie', 'Mobilier', 'Peinture (travaux)', 'Plomberie (travaux)', 'Ravalement', 'Revêtements de sols', 'Serrurerie', 'Terrassement']","[17, 30, 38, 53, 63, 74, 77, 105, 195, 203, 220, 222, 230, 264, 270, 299, 308, 321, 341]",non,non
21-81865,2021-06-15,2021-07-19,['16'],MARCHE PUBLIC D'ASSURANCES POUR LA VILLE DE CHAMPNIERS,fns,cmp2006,appeloffre,initial,Commune de Champniers,16430,Champniers,,['Assurance'],[20],non,non
21-81585,2021-06-15,2021-09-10,['16'],Fourniture de denrées alimentaires : 4ème et 5ème gamme (marché réservé),mapa,cmp2006,appeloffre,initial,Centre Hospitalier Angoulême,16959,ANGOULEME,,['Denrées alimentaires'],[88],non,non
21-80832,2021-06-15,2021-08-11,['17'],reconstruction du pont de la billette - rd 241 - commune de corme ecluse,fns,cmp2006,attribution,initial,Cons. Départ. de la Charente-Maritime,17076,La Rochelle Cedex 9,"[('2021-06-11', 'SOL TP', (126995.1, 'EUR'), None)]","[""Ouvrage d'art""]",[252],non,non
21-81249,2021-06-15,2021-07-26,['17'],"Conception, exécution, impression et distribution du magazine communautaire",fns,cmp2006,appeloffre,initial,Communauté d'Agglomération de Saintes,17100,Saintes,,['Prestations de services'],[274],non,non
21-81257,2021-06-15,2021-07-23,['17'],commune de la villedieu - renouvellement des réseaux d'adduction d'eau potable avant les travaux d'aménagement de la rd 950,fns,cmp2006,appeloffre,initial,Eau 17,17100,Saintes,,['Alimentation en eau potable'],[6],non,non
21-77689,2021-06-15,2021-07-30,['17'],"Diagnostics amonts et plans d'actions pour la réduction des micropolluants sur les bassins des stations d'épuration de La Couarde sur Mer, la Flotte en Ré et Ste Marie de Ré",fns,cmp2006,appeloffre,initial,Eau 17,17119,SAINTES CEDEX,,"['Assainissement', 'Etude']","[18, 118]",non,non
21-79658,2021-06-15,2021-07-09,['17'],création de l'assainissement collectif et renouvellement de canalisations d'eau potable sur le village de puydrouard - commune de forges,fns,cmp2006,appeloffre,initial,Eau 17,17119,Saintes cedex,,"['Alimentation en eau potable', 'Assainissement', 'Canalisations']","[6, 18, 48]",non,non
21-81968,2021-06-15,2021-07-16,['17'],La présente consultation concerne l'acquisition et la maintenance d'une solution billetterie spectacle et d'une solution billetterie cinéma pour le service .Ré domaine culturel La Malin,fns,cmp2006,appeloffre,initial,Communauté de Communes de l'Ile de Ré,17410,Saint martin de ré,,['Logiciel'],[186],non,non
21-81946,2021-06-15,2021-08-16,['18'],Concession De Service Public Pour La Gestion Du Camping Municipal De La Roche,dsp,dsp,appeloffre,initial,COMMUNE DE SAINT AMAND MONTROND,18206,Saint Amand Montrond,,['Délégation de service public'],[406],non,non
21-81989,2021-06-15,2021-09-12,['18'],Concession de service public pour la gestion du camping municipal de La Roche,dsp,autre,attribution,initial,COMMUNE DE SAINT AMAND MONTROND,18206,Saint Amand Montrond,,['Délégation de service public'],[406],non,non
21-81544,2021-06-15,2021-08-27,"['18', '28', '36', '41', '45', '58']",Elaboration d'un site patrimonial remarquable (SPR) ville d'Aubigny sur Nère,fns,cmp2006,appeloffre,initial,Ville d'Aubigny sur Nère,18700,Aubigny sur nere,,['Etude'],[118],non,non
21-81199,2021-06-15,2021-07-15,['19'],Réhabilitation du centre d'incendie et de secours de Saint-Angel,fns,cmp2006,attribution,initial,SDIS 19,19003,Tulle cedex,"[('2021-06-14', 'Faucher', (12102, 'EUR'), None), ('2021-06-14', 'SEZAME FERMETURES', (4500, 'EUR'), None), ('2021-06-14', 'Goursat et fils', (3755.0, 'EUR'), None), ('2021-06-14', 'Viallant loge', (18941.06, 'EUR'), None), ('2021-06-14', 'Teknisols', (11000.52, 'EUR'), None), ('2021-06-14', 'Faurie électricité', (22792.4, 'EUR'), None), ('2021-06-14', 'Magrit', (18794.65, 'EUR'), None)]",['Bâtiment'],[33],non,non
21-81780,2021-06-15,2021-09-12,['20A'],Numéro de la consultation : AC20-51-1 Etude de dangers des digues de Campo Dell'Oro,fns,cmp2006,attribution,initial,COMMUNAUTE D AGGLO DU PAYS AJACCIEN,20000,Ajaccio,"[('2021-03-01', 'BRL Ingénierie', (57000, 'EUR'), None)]",['Etude'],[118],non,non
21-81379,2021-06-15,2021-07-16,['20A'],RD 148 Calibrage et rectification du tracé entre Granace et Sartène,fns,cmp2006,appeloffre,initial,COLLECTIVITE DE CORSE,20187,AJACCIO,,['Voirie'],[365],oui,non
21-81445,2021-06-15,2021-07-16,['20A'],RT 20 - TRAVAUX D'AMENAGEMENT D'UN CRENEAU DE DEPASSEMENT -PONTE DI MURI - COMMUNE DE BOCOGNANO,fns,cmp2006,appeloffre,initial,COLLECTIVITE DE CORSE,20187,AJACCIO,,['Voirie'],[365],non,non
21-81434,2021-06-15,2021-06-29,"['22', '35']",Maîtrise d'oeuvre dans le cadre de la construction d'une nouvelle station d'épuration intercommunale collectant les communes de Plouasne et Saint-Pern.,fns,cmp2006,appeloffre,initial,DINAN AGGLOMERATION,22100,Dinan,,['Etude'],[118],non,non
21-81788,2021-06-15,2021-07-27,"['22', '35']",Mise en place de compteurs de sectorisation et télégestion sur le réseau d'eau potable à Plouer sur Rance,fns,cmp2006,appeloffre,initial,DINAN AGGLOMERATION,22100,Dinan,,['Alimentation en eau potable'],[6],non,non
21-81826,2021-06-15,2021-07-16,['25'],Le présent marché a pour objet la réalisation de travaux de remplacement de l'éclairage extérieur des parkings de l'Union Immobilière des Organismes de Sécurité Sociale (UIOSS) du Doubs sur,fns,cmp2006,appeloffre,initial,UNION IMMOB ORGANISMES SECU SOC DOUBS,25000,Besançon,,['Eclairage public'],[102],non,non
21-81776,2021-06-15,2021-09-05,"['25', '68', '90']","Travaux de réhabilitation et d'extension des réseaux de chauffage, Remplacement de chaufferies gaz par des sous-stations etRéhabilitation des réseaux d'eau potable sur le domaine universit",fns,cmp2006,appeloffre,initial,Université de Franche-Comté,25030,Besançon cedex,,['Gros oeuvre'],[144],non,non
21-81539,2021-06-15,2021-07-09,['25'],Construction de la maison du sport sur le campus de la bouloie à Besançon,fns,cmp2006,appeloffre,initial,Grand Besançon Métropole,25043,Besançon Cedex,,"['Bardage', 'Bâtiment', 'Bois', 'Charpente', 'Chauffage (travaux)', 'Cloison, faux plafond', 'Couverture', 'Electricité (travaux)', 'Gros oeuvre', 'Menuiserie', 'Peinture (travaux)', 'Revêtements de sols', 'Sanitaire', 'Terrassement', 'Ventilation', 'Voirie et réseaux divers', 'Occultation']","[30, 33, 38, 57, 61, 63, 74, 105, 144, 222, 264, 308, 319, 341, 360, 366, 414]",oui,non
21-81687,2021-06-15,2021-06-22,['25'],"Itinéraires pédestres, vtt, cyclo et sites à vocation touristique de Grand Besançon Métropole.",fns,cmp2006,appeloffre,initial,Grand Besançon Métropole,25043,25000 BESANCON,,"['Prestations de services', 'Signalisation']","[274, 322]",non,non
21-81887,2021-06-15,2021-10-01,['25'],"CONCESSION DE SERVICE RELATIVE A LA MISE A DISPOSITION, L'INSTALLATION, LA MAINTENANCE ET L'EXPLOITATION COMMERCIALE DES MOBILIERS URBAINS SUR LA COMMUNE DE PONTARLIER",dsp,autre,attribution,initial,VILLE DE PONTARLIER,25304,Pontarlier cedex,"[('2021-05-25', 'GIROD MEDIAS', (3360000, 'EUR'), ""Lot unique correspondant à l'objet du marché"")]",['Mobilier urbain'],[231],non,non
21-81792,2021-06-15,2021-07-23,['25'],Restauration de l'église Saint Maurice à Ouhans,fns,cmp2006,appeloffre,initial,COMMUNE DE OUHANS,25520,Ouhans,,"['Charpente', 'Couverture', 'Electricité (travaux)', 'Maçonnerie', 'Zinguerie']","[57, 74, 105, 195, 372]",non,non
21-81936,2021-06-15,2021-07-08,['26'],Service de transport scolaire des élèves de la commune de Loriol sur Drôme,fns,cmp2006,appeloffre,initial,Ville de Loriol sur Drôme,26270,Loriol sur drôme,,['Transport'],[347],non,non
21-81387,2021-06-15,2021-07-07,['26'],"Travaux de Démolition, Curage et Désamiantage des locaux existants pour l'implantation d'un 2ème scanner des Hôpitaux Drôme Nord",fns,cmp2006,appeloffre,initial,Centre Hospitalier de Valence,26953,Valence,,['Démolition'],[87],non,non
21-67959,2021-06-15,2021-07-19,['27'],réhabilitation partielle et mise en conformité de l'hôpital saint louis à vernon - traitement des accès publics rue benjamin pied et rue de gamilly,fns,cmp2006,appeloffre,initial,GHT ESPO - CH Eure-Seine Etab. support,27015,Evreux Cedex,,"['Electricité (travaux)', 'Espaces verts', 'Plomberie (travaux)', 'Terrassement', ""Tous corps d'état"", 'Voirie']","[105, 116, 270, 341, 345, 365]",non,non
21-81747,2021-06-15,2021-07-09,['27'],Travaux de restauration de 9 mares sur la commune de Mesnil en Ouche,fns,cmp2006,appeloffre,initial,Intercom Bernay Terres de Normandie,27300,Bernay,,['Equipement hydraulique'],[111],non,non
21-81426,2021-06-15,2021-07-26,['27'],Reconstruction de la station d'épuration de Grand-Camp,fns,cmp2006,appeloffre,initial,Intercom Bernay Terres de Normandie,27300,Bernay,,"['Assainissement', ""Station d'épuration (travaux)""]","[18, 328]",non,non
21-81749,2021-06-15,2021-07-13,"['27', '76', '14']",Rénovation énergétique du gymnase Benedetti à GRAND-BOURGTHEROULDE (27520),fns,cmp2006,appeloffre,initial,Communauté de Communes Roumois Seine,27310,Bourg achard,,['Isolation'],[169],non,non
21-81333,2021-06-15,2021-07-02,"['27', '28']",travaux d'assainissement en traverse et aménagement cheminement piétons,mapa,cmp2006,appeloffre,initial,Commune de Saint-Georges-Motel,27710,Saint-Georges-Motel,,['Voirie'],[365],non,non
21-81821,2021-06-15,2021-08-02,['28'],"21V009 - Gestion et fourniture des abonnements aux publications périodiques (papier et numérique) pour les services de la Ville de Chartres, de Chartres Métropole, du CCAS et du CIAS.",fns,cmp2006,appeloffre,initial,Ville de Chartres,28019,Chartres,,['Abonnement'],[2],non,non
21-81451,2021-06-15,2021-07-05,['28'],Accord-cadre mixte à bons de commande et à marchés subséquents de conception-réalisation de travaux - Extensions et renforcements du réseau de communications électroniques fibre optique public d',fns,cmp2006,appeloffre,rectificatif,EURE ET LOIR NUMERIQUE,28028,CHARTRES,,['Fibre optique'],[133],non,non
21-81649,2021-06-15,2021-07-19,['28'],Ravalement des façades du bâtiment POUCIN au collège La Loge des Bois à Senonches,mapa,cmp2006,appeloffre,initial,Conseil général d'Eure et Loir,28028,Chartres,,['Isolation'],[169],non,non
21-81546,2021-06-15,2021-07-06,['29'],"Fourniture de capteurs de température autonome pour système géodésique fond de mer - IUEM, rue Dumont d'Urville 29280 Plouzané",mapa,cmp2006,appeloffre,initial,Université de Bretagne Occidentale,29238,Brest cedex 3,,['Equipements spécialisés'],[115],non,non
21-81537,2021-06-15,2021-07-20,['29'],Prestations d'accompagnement d'entreprises devant intervenir sur différents sites du MINARM au profit de la DIRISI (SURV-TRAV-SIC),fns,cmp2006,appeloffre,initial,DIRISI,29240,Brest cedex 9,,['Surveillance'],[331],non,non
21-81190,2021-06-15,2021-07-29,['29'],travaux de sécurisation électrique du cta-codis du sdis 29,fns,cmp2006,appeloffre,initial,SDIS 29,29337,Quimper Cedex,,['Electricité (travaux)'],[105],oui,oui
21-81804,2021-06-15,2021-07-09,"['29', '22', '35', '56']",Travaux divers d'éclairage public et de réseau souple,fns,cmp2006,appeloffre,initial,Ville de Morlaix,29671,Morlaix cedex,,"['Eclairage public', ""Tous corps d'état""]","[102, 345]",non,non
21-81449,2021-06-15,2021-07-15,['30'],Fourniture de denrée alimentaire à texture modifiée,mapa,cmp2006,appeloffre,initial,Centre Hospitalier,30450,Ponteils et Brésis,,['Denrées alimentaires'],[88],non,oui
21-81803,2021-06-15,2021-07-16,['65'],"Le marché a pour objet la souscription d'un marché d'assurance "" Tous Risques Chantier "" - "" Dommages-ouvrage "" pour l'opération Dauzère/Soler - CPER 2015/2020 au Pic du Midi",fns,cmp2006,appeloffre,initial,Université Paul Sabatier,31062,Toulouse,,['Assurance'],[20],non,non
21-81436,2021-06-15,2021-07-13,"['9', '11', '31', '65', '66']",Palais de Justice de Foix (09)Remplacement des vitrages existants sur les châssis identifiés ainsi que la dépose et l'évacuation de la protection extérieure en toile.,fns,cmp2006,appeloffre,initial,ARE Toulouse,31100,Toulouse,,['Vitrerie'],[363],non,non
21-81492,2021-06-15,2021-07-01,['31'],alimentation électrique bt de bâtiments francazal zone phase transitoire,mapa,cmp2006,appeloffre,initial,Régie Municipale d'Electricité,31400,Toulouse,,['Electricité (travaux)'],[105],non,non
21-81769,2021-06-15,2021-07-06,['31'],21M0308PA - PALAIS DES SPORTS REFECTION DE L'ECLAIRAGE,fns,cmp2006,appeloffre,initial,TOULOUSE METROPOLE,31505,Toulouse,,['Eclairage public'],[102],non,oui
21-81920,2021-06-15,2021-07-13,['31'],"CB/SM-21M0208PA - REALISATION DE PRELEVEMENTS ET D'ANALYSES D'EFFLUENTS ISSUS DES SYSTEMES D'ASSAINISSEMENT ""EAUX USEES"" ET ""EAUX PLUVIALES"" - ANNEES 2021 A 2025",fns,cmp2006,appeloffre,initial,TOULOUSE METROPOLE,31505,Toulouse,,['Prestations de services'],[274],non,non
21-81442,2021-06-15,2021-07-05,['32'],"CLINIQUE ADOLESCENTS TRAVAUX DE REFECTION DES SALLES DE BAINS, DE LA CUISINE ET DIVERS AMENAGEMENTS - RELANCE DES LOTS 3 ET 4",mapa,cmp2006,appeloffre,initial,CENTRE HOSPITALIER D AUCH,32000,AUCH,,['Bâtiment'],[33],non,non
21-81725,2021-06-15,2021-07-05,['33'],Organisation de l'arbre de Noël 2021 pour les enfants du personnel de Bordeaux Métropole,fns,cmp2006,appeloffre,initial,Bordeaux Métropole,33045,BORDEAUX,,"['Jeux, jouets', 'Prestations de services']","[175, 274]",non,non
21-77516,2021-06-15,2021-07-08,['33'],"prestation de services d'impression, de mise sous pli et d'expédition du matériel de vote pour les scrutins des membres élus de la chambre de commerce et d'industrie bordeaux gironde",mapa,cmp2006,appeloffre,initial,CCI Bordeaux,33076,Bordeaux cedex,,"['Impression', 'Routage']","[160, 312]",non,non
21-81404,2021-06-15,2021-07-21,['33'],Travaux de peinture industrielle sur les équipements et installations du GPMB,fns,cmp2006,appeloffre,initial,Grand Port Maritime de Bordeaux,33082,Bordeaux Cedex,,['Peinture (travaux)'],[264],non,oui
21-81710,2021-06-15,2021-07-06,"['33', '19', '40', '47']",Impression des supports de communication,fns,cmp2006,appeloffre,initial,Mairie de Langon,33210,Langon,,['Impression'],[160],oui,oui
21-81286,2021-06-15,2021-07-16,['33'],Acquisition de matériel informatique et de logiciels pour les services du Syndicat Départemental d'Energie Electrique de la Gironde (SDEEG),mapa,cmp2006,attribution,initial,S.D.E.E.G.,33300,Bordeaux,,['Informatique (matériel)'],[162],non,non
21-81617,2021-06-15,2021-07-19,['33'],"Elagage, abattage et dessouchage d'arbres sur le territoire communal",fns,cmp2006,appeloffre,initial,Ville d'Arcachon,33311,ARCACHON Cedex,,['Espaces verts'],[116],non,non
21-81767,2021-06-15,2021-07-30,['33'],"La Ville de Libourne a décidée de réhabiliter cet espace d'accueil, le but étant de diminuer la consommation énergétique et de proposer un accueil de loisirs plus fonctionnel et sécurisé.L'",fns,cmp2006,appeloffre,initial,Ville de Libourne,33500,Libourne,,['Bâtiment'],[33],non,oui
21-81364,2021-06-15,2021-07-16,['33'],Travaux de réhabilitation des châteaux d'eau situés ZI de la Ballastière et Avenue Charles de Gaulle à Libourne,fns,cmp2006,appeloffre,initial,CALI,33503,Libourne cedex,,['Réservoir'],[307],non,oui
21-81565,2021-06-15,2021-07-31,['33'],Mission d'études de programmation pour les travaux de réhabilitation en vue d'une transformation de l'offre de l'IME et de la MAS de Lapeyre (47),fns,cmp2006,attribution,initial,UGECAM d'Aquitaine,33520,Bruges,"[('2021-06-15', 'SAS HEMIS AMO', (32250, 'EUR'), None)]","['Etude', 'Ingénierie']","[118, 455]",non,non
21-81701,2021-06-15,2021-07-16,['33'],Travaux de rénovation de la toiture du chai de Béthanie sur la commune de Saint Morillon de la Communauté de Communes de Montesquieu,fns,cmp2006,appeloffre,initial,CdC Montesquieu,33650,Martillac,,['Bâtiment'],[33],non,non
21-81807,2021-06-15,2021-07-07,['33'],Travaux de réfection de voiries communautaires 2021,fns,cmp2006,appeloffre,initial,CC CONVERGENCE GARONNE,33720,Podensac,,['Voirie'],[365],non,non
21-81794,2021-06-15,2021-07-15,['33'],"ETUDE D'OPTIMISATION DU SERVICE PUBLIC DE PREVENTION ET DE GESTION DES DECHETS : BIODECHETS, TARIFICATION INCITATIVE, DECHETTERIES, PLPDMA",mapa,cmp2006,appeloffre,initial,Cté de Cnes du Val de l'Eyre,33830,Belin-Beliet,,"['Etude', 'Ordures ménagères (prestations)']","[118, 249]",non,non
21-81863,2021-06-15,2021-07-09,['34'],Assistance à la maitrise d'ouvrage en vue d'un accompagnement dans le cadre des démarches de concertation pour l'aménagement de la traverse de Fontanès,fns,cmp2006,appeloffre,initial,Conseil départemental de l'Hérault,34087,MONTPELLIER,,"[""Assistance à maîtrise d'ouvrage""]",[433],non,non
21-81536,2021-06-15,2021-08-26,['34'],Réaménagement du bâtiment 33 du campus Triolet - Université de Montpellier,fns,cmp2006,appeloffre,initial,UNIVERSITE DE MONTPELLIER,34090,Montpellier,,"[""Tous corps d'état""]",[345],non,oui
21-81923,2021-06-15,2021-06-25,['34'],Accord cadre pour la fourniture et la livraison de conteneurs d'occasion aménagés sur la zone d'activités des produits de la mer Frontignan,fns,cmp2006,appeloffre,rectificatif,Port Sud de France,34201,SETE,,"['Conteneur, poubelles']",[71],non,non
21-81433,2021-06-15,2021-07-15,['34'],Contrôles électriques des installations des carrefours à feux et des fermetures automatiques de la Métropole de Montpellier,fns,cmp2006,appeloffre,initial,Montpellier Méditerranée Métropole,34961,MONTPELLIER,,['Contrôle technique'],[72],non,non
21-81852,2021-06-15,2021-07-20,['30'],Cathédrale de nîmes (30) restauration du massif occidental et du clocher,fns,cmp2006,appeloffre,initial,MINISTERE DE LA CULTURE,34967,Montpellier cedex 2,,['Monuments historiques'],[236],non,non
21-81346,2021-06-15,2021-08-30,"['30', '34', '31', '13']","Réalisation dune étude darchéologie du bâti dans le cadre de travaux de restauration de la façade occidentale de la cathédrale Notre-Dame et Saint-Castor de Nîmes (Gard), classée au titre des Monum..",fns,cmp2006,appeloffre,initial,MINISTERE DE LA CULTURE,34967,Montpellier,,['Fouille archéologique'],[450],non,non
21-81599,2021-06-15,2021-07-09,['29'],Extension et réhabilitation de la résidence habitat jeunes des Iles située 27 rue de la Nouvelle Calédonie à QUIMPER (29),mapa,cmp2006,appeloffre,initial,SA HLM LES FOYERS,35000,Rennes,,['Bâtiment'],[33],non,non
21-81224,2021-06-15,2021-07-10,['35'],La consultation concerne une mission de maîtrise d'oeuvre pour l'aménagement des espaces de travail de l'URSSAF Bretagne - Site de Rennes Alcyone,fns,cmp2006,appeloffre,initial,ACOSS,35011,Rennes,,['Prestations de services'],[274],non,non
21-81557,2021-06-15,2021-07-15,['35'],Travaux d'installation de Gestion Technique des Bâtiments dans les établissements gérés par le Département d'Ille et Vilaine,fns,cmp2006,attribution,initial,Département d'Ille-et-Vilaine,35042,Rennes,,"['Electricité (travaux)', 'Télégestion']","[105, 352]",non,non
21-81885,2021-06-15,2021-07-03,['35'],"Conception d'une charte graphique, réalisation et mise à jour annuelle d'une collection de cartes touristiques pour le bénéfice du CRT Bretagne et des Destinations touristiques partenaires d",mapa,cmp2006,appeloffre,initial,Comité régional tourisme Bretagne,35069,Rennes,,"['Publicité, Communication']",[285],non,non
21-81191,2021-06-15,2021-07-12,"['45', '41', '28', '18', '58', '89', '77', '91', '78']",travaux de modernisation et restructuration des locaux du srpts d'orléans (45),fns,cmp2006,appeloffre,initial,SEC GAL POUR L ADM MIN INTERIEUR OUEST,35207,Rennes cedex 2,,"['Bâtiment', 'Chauffage (travaux)', 'Climatisation', 'Démolition', 'Electricité (travaux)', 'Gros oeuvre', 'Menuiserie', 'Peinture (travaux)', 'Plâtrerie', 'Revêtements de sols', 'Ventilation', 'Amiante (désamiantage)']","[33, 61, 62, 87, 105, 144, 222, 264, 269, 308, 360, 479]",non,oui
21-81818,2021-06-15,2021-07-16,"['35', '44']",La présente consultation a pour objet une prestation intellectuelle d'assistance générale à la maitrise d'ouvrage portant sur l'étude de faisabilité et la création de stations publiques,fns,cmp2006,appeloffre,initial,SDE35,35236,Thorigne fouillard,,"['Etude', ""Assistance à maîtrise d'ouvrage""]","[118, 433]",non,non
21-81207,2021-06-15,2021-08-05,['76'],Dieppe (76) - Sémaphore - Réhabilitation de la tour et de la chambre de veille - 444267,fns,cmp2006,appeloffre,initial,ESID de Rennes,35998,Rennes cedex 9,,"[""Tous corps d'état""]",[345],non,non
21-81796,2021-06-15,2021-07-31,['50'],CHERBOURG (50) - Port militaire de Cherbourg - Zone du Homet - travaux de conservation et de sécurisation du fort du Homet - 453221,fns,cmp2006,appeloffre,initial,ESID de Rennes,35998,Rennes cedex 9,,"[""Tous corps d'état""]",[345],non,non
21-80474,2021-06-15,2021-07-08,['36'],etude relative à l'adaptation au changement climatique des collèges de l'indre,fns,cmp2006,appeloffre,initial,Conseil Départemental de l'Indre,36020,Châteauroux cédex,,['Etude'],[118],non,non
21-81287,2021-06-15,2021-07-13,['38'],CENTRE SPORTIF LA RAMPE - Travaux de réhabilitation partielle,fns,cmp2006,appeloffre,initial,COMMUNE DE GRENOBLE,38021,GRENOBLE,,['Bâtiment'],[33],oui,non
21-81384,2021-06-15,2021-06-29,['38'],Travaux de rénovation de la laverie au collège Chassigneux de Vinay,fns,cmp2006,appeloffre,initial,DEPARTEMENT DE L ISERE,38022,Grenoble,,['Cuisine (équipement)'],[77],non,non
21-81948,2021-06-15,2021-07-19,['38'],Réhabilitation de la cuve no1 du réservoir de Jouchy à Saint Pierre de Mésage,fns,cmp2006,appeloffre,initial,GRENOBLE-ALPES METROPOLE,38031,GRENOBLE,,['Alimentation en eau potable'],[6],non,non
21-81653,2021-06-15,2021-07-13,['38'],"Location et entretien de vélos pour la mise à disposition des entreprises, administrations et associations du territoire de Vienne Condrieu Agglomération",fns,cmp2006,appeloffre,initial,CA VIENNE CONDRIEU,38200,VIENNE,,['Prestations de services'],[274],non,non
21-81763,2021-06-15,2021-07-12,"['38', '69']",Traitement des déchets valorisables,fns,cmp2006,appeloffre,initial,CENTRE HOSPITALIER GAL LUCIEN HUSSEL,38209,VIENNE CEDEX,,"['Carton', 'Déchets non ménagers (prestations)']","[54, 404]",non,non
21-81611,2021-06-15,2021-07-12,['38'],achat de produits d'entretien pour les sols et les surfaces pour la ville de meylan (38),fns,cmp2006,appeloffre,initial,Ville de Meylan,38240,Meylan,,"[""Produits d'entretien""]",[278],non,oui
21-81762,2021-06-15,2021-07-13,"['38', '69']",Restructuration d'un préau pour la création d'une salle de restauration et aménagement du hall- Ecole élémentaire Pré Bénit,fns,cmp2006,appeloffre,initial,COMMUNE DE BOURGOIN JALLIEU,38307,Bourgoin-Jallieu Cédex,,['Gros oeuvre'],[144],non,non
21-81759,2021-06-15,2021-07-06,['38'],"Aménagement de voirie des rues Jean Moulin, Marcel Reynaud et Charles de Gaulles",fns,cmp2006,appeloffre,initial,Ville de Crolles,38921,Crolles,,['Voirie'],[365],non,non
21-81303,2021-06-15,2021-07-23,['39'],Mission d'administration générale de la SPL Grand Dole Développement 39 et de gestion opérationnelle des projets,fns,cmp2006,appeloffre,rectificatif,GRAND DOLE DEVELOPPEMENT 39,39100,DOLE,,"['Prestations de services', ""Assistance à maîtrise d'ouvrage""]","[274, 433]",non,non
21-81517,2021-06-15,2021-07-05,['40'],commune de meesassainissementdiagnostic et schéma directeuropération no2018-523,mapa,cmp2006,appeloffre,initial,SYDEC,40006,Mont de Marsan Cedex,,"['Assainissement', 'Etude']","[18, 118]",non,non
21-81319,2021-06-15,2021-07-13,['40'],création de points de collecte des déchets,fns,cmp2006,appeloffre,initial,Communauté agglomération du Grand Dax,40102,Dax cedex,,['Voirie'],[365],non,non
21-81535,2021-06-15,2021-07-15,['42'],Travaux d'aménagement d'un Parc Urbain sur le Campus Tréfilerie de l'Université Jean Monnet,fns,cmp2006,attribution,initial,UNIVERSITE JEAN MONNET,42023,Saint-etienne cedex 2,"[('2021-06-03', 'PARCS ET SPORTS (Mandataire) CHAZAL (Co-traitant) RIVOIRE (co-traitant)', (1337036.11, 'EUR'), None), ('2021-06-10', 'STAL TP (Mandataire) INSTALUM (Co-traitant)', (248424.55, 'EUR'), None)]",['Voirie et réseaux divers'],[366],non,non
21-81860,2021-06-15,2021-07-08,['43'],RD37 - PONT DE COUBON SUR LA LOIRE - Réparation des superstructures,fns,cmp2006,appeloffre,initial,DEPARTEMENT DE LA HAUTE LOIRE,43009,LE PUY EN VELAY Cedex,,"[""Ouvrage d'art"", 'Voirie']","[252, 365]",non,non
21-81835,2021-06-15,2021-07-07,['44'],Prestations d'externalisation de la gestion des dossiers d'indemnisation au titre de l'assurance chômage,fns,cmp2006,appeloffre,initial,CHU de Nantes,44093,Nantes cedex,,['Prestations de services'],[274],non,non
21-81265,2021-06-15,2021-07-12,['44'],aménagement du centre ville - phase 3 - place de l'église à mauves-sur-loire,fns,cmp2006,appeloffre,initial,Nantes Métropole,44094,Nantes Cedex 1,,"['Eclairage public', 'Espaces verts', 'Réseaux divers', 'Voirie', 'Voirie et réseaux divers']","[102, 116, 306, 365, 366]",non,non
21-81643,2021-06-15,2021-09-14,['44'],travaux de restructuration de la cité internationale descongrès de nantes - reconsultation du lot no9 (menuiserie intérieure bois).,fns,cmp2006,appeloffre,initial,Nantes Métropole,44094,Nantes Cedex 1,,['Menuiserie'],[222],non,non
21-81915,2021-06-15,2021-07-16,['45'],"Fourniture et pose de panneaux de signalisation, de police, de mobilier urbain routier - Création et maintenance de marquage horizontal (3 lots)",fns,cmp2006,appeloffre,initial,Orléans Métropole,45058,Orléans,,['Signalisation'],[322],oui,oui
21-81633,2021-06-15,2021-07-09,['62'],Gros oeuvre,mapa,cmp2006,appeloffre,initial,B R G M,45060,Orléans cedex 2,,['Gros oeuvre'],[144],non,oui
21-81375,2021-06-15,2021-06-24,"['45', '37']",Travaux de rénovation des services centraux du CROUS d'Orléans-Tours à Orléans,fns,cmp2006,appeloffre,rectificatif,CROUS d'Orléans-Tours,45072,Orléans,,['Bâtiment'],[33],non,non
21-81559,2021-06-15,2021-07-20,['45'],Réhabilitation Auberge des 3 Écluses153&155 route de Grignon45260 VIEILLES MAISONS SUR JOUDRY,fns,cmp2006,appeloffre,initial,Commune de Vieilles-Maisons sur Joudry,45260,Vieilles-Maisons-sur-Joudry,,['Bâtiment'],[33],non,non
21-81377,2021-06-15,2021-07-02,['45'],Requalification du centre bourg sur la commune déléguée de Coudray 45330 LE MALESHERBOIS,fns,cmp2006,appeloffre,initial,Communauté de Communes du Malesherbois,45330,Le Malesherbois,,['Voirie'],[365],non,non
21-81950,2021-06-15,2021-07-15,['45'],"L'objet du présent accord-cadre est la fourniture d'équipements, de matériels, de pièces détachées, de prestations de maintenance et de contrôle des matériels pour les activités du Groupe Se",fns,cmp2006,appeloffre,initial,SDIS du Loiret,45404,Fleury les Aubrais,,"['Maintenance', ""Matériel de secours et d'incendie""]","[196, 217]",non,non
21-81447,2021-06-15,2021-07-16,['46'],Travaux de restauration et de conservation au musée Jean-Lurçat à St-Laurent-les-Tours,fns,cmp2006,appeloffre,initial,DEPARTEMENT DU LOT,46005,CAHORS,,"['Charpente', 'Maçonnerie', 'Menuiserie', 'Serrurerie', 'Terrassement']","[57, 195, 222, 321, 341]",non,non
21-81868,2021-06-15,2021-07-12,['46'],Aménagement d'un peigne à embâcles sur le ruisseau de Planioles à Figeac,fns,cmp2006,appeloffre,initial,SMBRC,46100,FIGEAC,,"['Enrochements', 'Forage', 'Génie civil', 'Rivières/ruisseaux']","[110, 132, 141, 310]",non,non
21-81650,2021-06-15,2021-07-13,['47'],FOURNITURE DE COUCHES PEDIATRIQUES JETABLES POUR LES STRUCTURES 'PETITE ENFANCE' INTERCOMMUNALES,mapa,cmp2006,appeloffre,initial,COMMUNAUTE AGGLO DU GRAND VILLENEUVOIS,47440,CASSENEUIL,,['Couches'],[73],non,oui
21-81396,2021-06-15,2021-07-10,['47'],CONCEPTION GRAPHIQUE DE SUPPORTS DE COMMUNICATION - IDENTITE VISUELLE ET CAMPAGNES DEPARTEMENTALES,fns,cmp2006,appeloffre,initial,Département de Lot-et-Garonne,47922,Agen cedex 9,,"['Publicité, Communication']",[285],non,non
21-81210,2021-06-15,2021-07-10,['47'],APPUI SOCIAL INDIVIDUALISE DÉPARTEMENTAL EN FAVEUR DES BÉNÉFICAIRES DU REVENU DE SOLIDARITÉ ACTIVE - 5 lots,fns,cmp2006,attribution,initial,Département de Lot-et-Garonne,47922,Agen cedex 9,,['Prestations de services'],[274],oui,non
21-81764,2021-06-15,2021-07-19,"['49', '44', '53', '72']",travaux de restauration et remise à niveau des deux groupes électrogènes de l'usine de production d'eau potable - renouvellement des armoires de commande,fns,cmp2006,appeloffre,initial,Angers Loire Métropole,49020,ANGERS CEDEX 02,,"['Alimentation en eau potable', 'Electricité (travaux)', 'Groupe électrogène']","[6, 105, 143]",non,non
21-81254,2021-06-15,2021-08-30,['49'],Travaux de régulation des radiateurs : Mise en place de têtes et corps thermostatiques sur radiateurs à eau,mapa,cmp2006,appeloffre,initial,Université d'Angers,49035,Angers cedex 01,,['Plomberie (travaux)'],[270],non,non
21-81806,2021-06-15,2021-07-22,"['49', '44', '79', '85']",gestion du service de l'assainissement non-collectif (2022-2025) (rectificatif),fns,cmp2006,appeloffre,rectificatif,CA Agglomération du Choletais,49321,Cholet Cedex,,['Assainissement'],[18],non,non
21-81563,2021-06-15,2021-07-13,['50'],Acquisition d'équipements de protection individuelle spécifiques pour le personnel des agences techniques départementales et autres services du département de la Manche,fns,cmp2006,appeloffre,initial,DEPARTEMENT DE LA MANCHE,50050,Saint-Lo,,['Equipements spécialisés'],[115],non,non
21-81917,2021-06-15,2021-07-15,['50'],Rénovation de la couverture polycarbonate de la salle 'Cité Match' à la Cité des sports à Granville,fns,cmp2006,appeloffre,initial,CC DE GRANVILLE TERRE ET MER,50402,Granville cédex,,['Couverture'],[74],non,non
21-81541,2021-06-15,2021-07-15,['51'],Remplacement de menuiseries extérieures de bâtiments,fns,cmp2006,attribution,initial,Ville de Reims,51722,Reims cedex,"[('2021-05-31', 'MENUISERIE PPDS', (117030.64, 'EUR'), None), ('2021-06-03', 'AFM LEROY', (166696, 'EUR'), None)]",['Menuiserie'],[222],non,non
21-81808,2021-06-15,2021-07-19,['51'],Le présent accord-cadre a pour objet l'exécution de prestations de service d'interprétariat en langue des signes française (LSF) pour les besoins de la Ville de Reims et la Communauté Urbain,fns,cmp2006,appeloffre,initial,Ville de Reims,51722,Reims cedex,,['Prestations de services'],[274],non,non
21-77577,2021-06-15,2021-07-15,['52'],mission de maîtrise d'oeuvre pour la résidentialisation des immeubles liez - reynel et saint-ciergues à saint-dizier,fns,cmp2006,attribution,initial,OPH de Saint-Dizier,52100,saint dizier,"[('2021-06-10', ""Sté Paysages d'ici et d'ailleurs"", (45344.83, 'EUR'), None)]","[""Maîtrise d'oeuvre""]",[197],non,non
21-81366,2021-06-15,2021-07-09,['54'],Restauration des façades et des menuiseries du Musée aquarium de Nancy,fns,cmp2006,appeloffre,initial,Métropole du Grand Nancy,54035,NANCY CEDEX,,"['Bâtiment', 'Echafaudage', 'Maçonnerie', 'Menuiserie', 'Monuments historiques']","[33, 101, 195, 222, 236]",non,non
21-81667,2021-06-15,2021-09-12,['54'],"Le présent accord-cadre vise la création d'un réseau fibre optique, propriété VNF, sur le canal de la Marne au Rhin Est et l'Embranchement de Nancy, par la fourniture et la mise en oeuvre de",fns,cmp2006,attribution,initial,Voies navigables de France,54036,Nancy,"[('2021-05-27', 'Sobeca', (2000000, 'EUR'), None)]",['Fibre optique'],[133],oui,oui
21-81718,2021-06-15,2021-07-10,"['54', '57', '55', '88']",Travaux de relocalisation de la bibliothèque universitaire et réaménagement de locaux connexes à l'IUT Henri Poincaré LONGWY,mapa,cmp2006,appeloffre,initial,Université de Lorraine,54052,Nancy,,['Bâtiment'],[33],non,non
21-81851,2021-06-15,2021-07-14,"['88', '54', '57', '55']",Travaux de remise en conformité structurelle et désenfumage des passerelles sur le site ENSTIB,fns,cmp2006,appeloffre,initial,Université de Lorraine,54052,Nancy,,['Bâtiment'],[33],non,non
21-81212,2021-06-15,2021-07-13,['88'],Travaux d'amélioration énergétique du CETAC à Saint-Dié-des-Vosges,fns,cmp2006,appeloffre,initial,SOLOREM,54098,Nancy cedex,,"['Etanchéité', 'Isolation', 'Menuiserie', 'Ventilation']","[117, 169, 222, 360]",non,oui
21-81475,2021-06-15,2021-08-31,"['54', '8', '10', '57', '55', '88']","DIEULOUARD - Anciens bureaux Milandri - travaux de désamiantage, de déconstruction et de mise en oeuvre des mesures compensatoires pour la biodiversité - lot 01",fns,cmp2006,appeloffre,initial,EPFGE,54701,Pont à mousson,,"['Démolition', 'Amiante (désamiantage)']","[87, 479]",non,non
21-81584,2021-06-15,2021-07-19,['55'],Extension et réhabilitation d'un centre de secours à Ancerville,fns,cmp2006,appeloffre,rectificatif,SDIS de la Meuse,55012,Bar le duc,,['Electricité (travaux)'],[105],non,non
21-81357,2021-06-15,2021-07-15,['55'],notation financière court et long terme du département de la meuse pour les années 2022 à 2025 ( dce téléchargeable gratuitement sur le profil acheteur https://profilacheteur.meuse.fr),fns,cmp2006,appeloffre,initial,Conseil départemental de la Meuse,55012,Bar-le-Duc,,"['Audit', 'Prestations de services']","[21, 274]",non,non
21-81531,2021-06-15,2021-07-13,['56'],analyse des besoins sociaux (abs) dans le cadre d'un groupement de commande avec les ccas de 21 communes du territoire de golfe du morbihan - vannes agglomération,fns,cmp2006,appeloffre,initial,Cté d'Agglomération du Pays de Vannes,56006,Vannes cedex,,['Etude'],[118],non,non
21-81727,2021-06-15,2021-07-16,"['57', '67']",affaire no 21s0441 - etablissement du bilan des emissions de gaz à effet de serre de la région grand est,mapa,cmp2006,appeloffre,initial,REGION GRAND EST,57036,Metz cedex 1,,['Etude'],[118],non,non
21-81688,2021-06-15,2021-07-27,['54'],Restauration du grand orgue de tribune de la cathédrale Notre-Dame de l'annonciation de Nancy (Meurthe-et-Moselle).,fns,cmp2006,appeloffre,initial,MINISTERE DE LA CULTURE,57045,Metz cedex 01,,['Orgue'],[250],non,non
21-81892,2021-06-15,2021-07-07,['57'],ACQUISITION DE VEHICULES POUR LA VILLE DE CREUTZWALD,mapa,cmp2006,appeloffre,initial,Mairie de Creutzwald,57150,CREUTZWALD,,['Véhicules (acquisition)'],[475],non,non
21-81498,2021-06-15,2021-08-16,['57'],Mission d'assistance technique aux stations d'épuration avec validation de l'autosurveillance,fns,cmp2006,appeloffre,initial,CA SARREGUEMINES CONFLUENCES,57208,SARREGUEMINES CEDEX,,['Assistance technique'],[19],non,non
21-81849,2021-06-15,2021-07-15,['57'],ACCORD-CADRE A BONS DE COMMANDE: TRAVAUX D'ASSAINISSEMENT ET DE VOIRIE,fns,cmp2006,attribution,initial,District urbain de faulquemont,57380,Faulquemont,,"['Assainissement', 'Voirie']","[18, 365]",non,non
21-81708,2021-06-15,2021-06-26,['58'],fourniture et livraison de sabots de bloc au ght de la nièvre,mapa,cmp2006,attribution,initial,Centre Hospitalier de Nevers,58033,Nevers cedex,,['Chaussures ou articles chaussants'],[79],non,non
21-81697,2021-06-15,2021-06-25,['58'],fourniture de consommables/réactifs pour la réalisation d'examens d'identification des auto-anticorps en auto-immunité et MAD éventuelle d'un automate associé pour le centre de biologie du nivernais.,mapa,cmp2006,attribution,initial,Centre Hospitalier de Nevers,58033,nevers cedex,,"['Matériel médical', 'Réactifs']","[212, 301]",non,non
21-81322,2021-06-15,2021-06-29,"['2', '80', '60', '62', '59']",Travaux de réfection de la cuisine pour l'antenne d'Amiens (IREAM) de la CMA Hauts-de-France(4 lots),fns,cmp2006,appeloffre,rectificatif,CMAR Hauts de France,59011,Lille cedex,,"['Cuisine (équipement)', 'Electricité (travaux)', 'Gros oeuvre', 'Plomberie (travaux)']","[77, 105, 144, 270]",non,non
21-81428,2021-06-15,2021-07-30,['59'],Traitement des nuisibles sur les sites du SDIS du Nord,mapa,cmp2006,appeloffre,initial,SDIS 59,59028,Lille cedex,,"['Dératisation, désinsectisation']",[89],non,non
21-81502,2021-06-15,2021-07-06,['59'],Restauration de 14 tableaux d'Henri Matisse exposés au musée départemental Matisse suite à l'évaluation de leur état de conservation,fns,cmp2006,appeloffre,initial,DEPARTEMENT DU NORD,59047,Lille,,['Equipement muséographique'],[409],non,non
21-81194,2021-06-15,2021-07-01,['59'],Travaux de faucardement et de broyage des végétaux sur le territoire de la 4ème section des wateringues du nord,fns,cmp2006,attribution,initial,4ème Section des Wateringues,59122,Hondschoote,"[('2021-06-02', 'SARL DAMBRICOURT', (72855, 'EUR'), None), ('2021-06-02', 'SAS JTP', (66230, 'EUR'), None)]","['Assainissement', 'Hydraulique agricole']","[18, 152]",non,non
21-81625,2021-06-15,2021-08-15,['59'],FOURNITURE ET POSE D'EQUIPEMENTS ET DE MATERIELS DE CUISINE DESTINES A LA CUISINE CENTRALE LAENNEC DE LA RESTAURATION MUNICIPALE DE DENAIN,fns,cmp2006,attribution,initial,Ville de Denain,59220,Denain,"[('2021-06-11', ""EQUIP'FROID & COLLECTIVITES"", (89229, 'EUR'), None)]",['Cuisine (équipement)'],[77],non,non
21-81827,2021-06-15,2021-08-14,['59'],AMENAGEMENT DU CARREFOUR ANATOLE FRANCE,fns,cmp2006,appeloffre,initial,COMMUNE DE ROOST WARENDIN,59286,Roost-Warendin,,['Voirie et réseaux divers'],[366],non,non
21-81560,2021-06-15,2021-07-06,"['59', '62']",marché public de fourniture de repas en liaison froide pour la restauration collective de nomain,fns,cmp2006,appeloffre,initial,Commune de Nomain,59310,Nomain,,['Restauration collective'],[66],non,oui
21-77662,2021-06-15,2021-07-07,"['59', '62']",mapa 2021-2128 graveur de cassettes et de lames,mapa,cmp2006,appeloffre,initial,Centre hospitalier de Valenciennes,59322,Valenciennes,,"['Equipements spécialisés', 'Laboratoire (matériel)']","[115, 188]",non,non
21-81221,2021-06-15,2021-07-01,['59'],"mapa 2021-2120 fourniture, livraison, mise en service, formation, maintenance tous risques d'un tomographe de cohérence optique (o.c.t)",mapa,cmp2006,appeloffre,initial,Centre hospitalier de Valenciennes,59322,Valenciennes,,['Matériel médical'],[212],non,non
21-81949,2021-06-15,2021-07-19,['59'],"Acquisition, dans le cadre d'une expérimentation, de chariots de ménage, de petits matériels et de consommables pour l'entretien général par pré-imprégnation dans les lycées publics de la Ré",fns,cmp2006,appeloffre,initial,CONSEIL REGIONAL HAUTS DE FRANCE,59555,Lille,,"['Nettoyage de locaux', ""Produits d'entretien""]","[239, 278]",non,non
21-80807,2021-06-15,2021-07-12,['59'],confection et livraison de repas en liaison froide pour la restauration scolaire,fns,cmp2006,appeloffre,initial,ville de bourbourg,59630,Bourbourg,,['Restauration collective'],[66],non,non
21-81482,2021-06-15,2021-07-05,['59'],Prestations intellectuelles de conception graphique pour le magazine municipal de la Ville de Marcq-en-Baroeul,fns,cmp2006,appeloffre,initial,Ville de Marcq-en-Baroeul,59700,Marcq-en-baroeul,,['Informatique (prestations de services)'],[163],non,non
21-81476,2021-06-15,2021-07-12,['59'],Ouverture et fermeture des cimetières de la Ville de Marcq-en-Baroeul,mapa,cmp2006,appeloffre,initial,Ville de Marcq-en-Baroeul,59704,Marcq en baroeul cedex,,['Gardiennage'],[138],non,non
21-80871,2021-06-15,2021-07-19,['59'],petits travaux de chauffage et de plomberie,fns,cmp2006,appeloffre,initial,Ville de Saint-Amand-les-Eaux,59734,Saint-Amand-Les-Eaux Cedex,,['Plomberie (travaux)'],[270],non,non
21-79683,2021-06-15,2021-07-06,['59'],travaux de signalisation horizontale et mise en place de petits équipements de signalisation au sol.,fns,cmp2006,appeloffre,initial,Ville de Saint-Amand-les-Eaux,59734,Saint-Amand-Les-Eaux Cedex,,['Signalisation'],[322],non,non
21-81378,2021-06-15,2021-07-09,['59'],entretien des espaces verts communaux,fns,cmp2006,appeloffre,initial,MAIRIE QUESNOY SUR DEULE,59890,Quesnoy-sur-deûle,,['Espaces verts'],[116],non,non
21-81345,2021-06-15,2021-07-15,['60'],Réalisation d'une mission de coordination en matière de Sécurité et de Protection de la Santé des travailleurs pour les phases de conception et de réalisation de niveaux 2 et 3 portant sur l&apos,fns,cmp2006,appeloffre,initial,SE60 Syndicat d'énergie de l'Oise,60000,Tillé,,['Assistance technique'],[19],non,non
21-81606,2021-06-15,2021-07-18,['61'],"Construction d'abris pour les silos à sel et d'un bâtiment pour les véhicules de secours dans les centres d'exploitation routière d'Argentan, L'Aigle, Mortagne-au-Perche et Vi",fns,cmp2006,appeloffre,initial,Conseil départemental de l'Orne,61017,Alençon,,['Charpente'],[57],non,non
21-81709,2021-06-15,2021-07-20,"['62', '59']",Prestations de location et de maintenance de fontaines à eau sur réseau pour les besoins de la Caisse d'Allocations Familiales du Pas-de-Calais.,mapa,cmp2006,appeloffre,initial,CAF du Pas-de-Calais,62015,Arras cedex,,['Fontaine'],[449],non,oui
21-81247,2021-06-15,2021-07-09,['62'],Travaux de réfection et de mise aux normes accessibilité du parvis du bâtiment B et des aires de stationnement de la Faculté des Sciences Jean Perrin de Lens.,fns,cmp2006,appeloffre,initial,Université d'Artois,62030,Arras cedex,,['Menuiserie'],[222],non,oui
21-81495,2021-06-15,2021-07-26,['62'],Travaux de génie civil et maritimes - avarie du poste d'accostage 9 au Port de Calais,fns,cmp2006,appeloffre,initial,SEPD,62100,Calais,,"[""Ouvrage d'art"", ""Travaux dans l'eau""]","[252, 349]",non,non
21-81898,2021-06-15,2021-07-17,['62'],Réalisation de travaux d'assainissement sur la commune de Landrethun-le-nord,fns,cmp2006,appeloffre,initial,COM DE COMMUNES DE LA TERRE DES 2 CAPS,62250,Marquise,,['Assainissement'],[18],non,non
21-81602,2021-06-15,2021-07-15,['62'],""" fourniture de 4 véhicules neufs et reprise de 5 véhicules "" destinés à l'institut départemental albert calmette (camiers)",fns,cmp2006,attribution,initial,Centre Hospitalier de Boulogne sur Mer,62321,Boulogne sur mer,[],['Véhicules (acquisition)'],[475],non,non
21-81525,2021-06-15,2021-07-16,['62'],""" fourniture de 4 véhicules neufs et reprise de 5 véhicules "" destinés à l'institut départemental albert calmette de camiers",fns,cmp2006,appeloffre,initial,Centre Hospitalier de Boulogne sur Mer,62321,Boulogne sur mer,,['Véhicules (acquisition)'],[475],non,non
21-81699,2021-06-15,2021-07-06,['62'],Service déchanges de formulaires réglementaires de Demandes de Travaux (DT) et Déclarations dIntention de Commencement de Travaux (DICT) via une plateforme de dématérialisation,fns,cmp2006,appeloffre,initial,CA DE BETHUNE BRUAY ARTOIS LYS ROMANE,62411,BETHUNE,,['Informatique (prestations de services)'],[163],non,non
21-81623,2021-06-15,2021-07-19,"['62', '59']",Diagnostic de trois confinements à Vendin le Vieil (62),mapa,cmp2006,appeloffre,initial,B R G M,62420,Billy montigny,,"['Prestations de services', 'Dépollution', 'Ingénierie']","[274, 442, 455]",non,non
21-81298,2021-06-15,2021-08-31,"['62', '59', '80']",mission d'appui à l'accompagnement collectif de territoires - intégration et mise en oeuvre des solutions fondées sur la nature dans la planification territoriale,mapa,cmp2006,appeloffre,initial,CERDD,62750,Loos en gohelle,,['Prestations de services'],[274],non,oui
21-81288,2021-06-15,2021-07-05,['63'],Travaux de remplacement de la couverture du Centre d'Intervention Routier de Picherande,fns,cmp2006,appeloffre,initial,DEPARTEMENT DU PUY DE DOME,63033,Clermont-Ferrand,,['Couverture'],[74],non,non
21-81291,2021-06-15,2021-07-02,['63'],Acquisition de matériels informatiques et photocopieurs avec maintenance,mapa,cmp2006,appeloffre,initial,Communauté de communes du sancy,63240,Le Mont-Dore,,"['Informatique (matériel)', 'Logiciel']","[162, 186]",oui,oui
21-73773,2021-06-15,2021-07-15,['63'],travaux de requalification des squares rené-cassin et andré-roux et de leurs abords.,fns,cmp2006,appeloffre,initial,Ville d'Issoire,63501,Issoire cédex,,"['Espaces verts', 'Gros oeuvre', 'Jeux, jouets', 'Maçonnerie', 'Métallerie', 'Voirie et réseaux divers', 'Aire de jeux']","[116, 144, 175, 195, 223, 366, 400]",non,non
21-81566,2021-06-15,2021-07-08,['63'],Etude pré-opérationnelle des Opérations Programmées d'Amélioration de l'Habitat (Issoire et petites villes de demain),fns,cmp2006,appeloffre,initial,CA AGGLO PAYS D'ISSOIRE,63504,Issoire,,['Etude'],[118],non,non
21-81294,2021-06-15,2021-07-06,['63'],"Fourniture, livraison, montage et installation de bateaux à pédales et de paddles au plan d'eau du Vernet-Chaméane (63580)",fns,cmp2006,appeloffre,initial,CA AGGLO PAYS D'ISSOIRE,63504,Issoire,,['Equipement sportif'],[113],non,non
21-81423,2021-06-15,2021-07-13,['64'],Travaux de remplacement des ascenseurs en duplex du bâtiment Biray de l'Hôtel du Département (HDD) à PAU,fns,cmp2006,appeloffre,rectificatif,Département des Pyrénées-Atlantiques,64058,Pau,,['Ascenseur'],[17],non,non
21-74093,2021-06-15,2021-07-29,['64'],accord-cadre à bons de commandes - marché de travaux divers d'eau potable et d'eaux usées - 2022 - 2023 - 2024 - 2025,fns,cmp2006,appeloffre,initial,SYND EAU ET ASSAINISSEMENT 3 CANTONS,64170,Artix,,"['Alimentation en eau potable', 'Assainissement']","[6, 18]",oui,oui
21-81970,2021-06-15,2021-07-09,['65'],AMENAGEMENT D'UN LOCAL EN CONSIGNE A SKIS / BAGAGES / VELOS,fns,cmp2006,appeloffre,initial,Espaces Cauterets,65110,CAUTERETS,,"['Charpente', 'Electricité (travaux)', 'Maçonnerie', 'Menuiserie', 'Mobilier', 'Ouvrage métallique', 'Revêtements de sols']","[57, 105, 195, 222, 230, 254, 308]",non,non
21-81297,2021-06-15,2021-07-05,['66'],Prestation d'ingénierie touristique et culturelle relative à la conception de trois équipements touristiques structurants et leurs études de faisabilité technico-économique et à la construction d,fns,cmp2006,appeloffre,rectificatif,Perpignan Méditerranée Communauté,66006,Perpignan,,"['Etude', 'Prestations de services']","[118, 274]",non,non
21-81990,2021-06-15,2021-09-12,['66'],PRESTATIONS DE GEOMETRE POUR LE RELEVE DES ARCHIVES DEPARTEMENTALES DES PYRENEES ORIENTALES,mapa,cmp2006,attribution,initial,DEPARTEMENT DES PYRENEES-ORIENTALES,66906,PERPIGNAN,,['Etude'],[118],non,non
21-81955,2021-06-15,2021-07-05,['66'],MAITRISE D'OEUVRE POUR LA CONSTRUCTION NEUVE D'UN BATIMENT SEGPA AU COLLEGE ST EXUPERY A PERPIGNAN,mapa,cmp2006,appeloffre,initial,DEPARTEMENT DES PYRENEES-ORIENTALES,66906,PERPIGNAN,,"[""Maîtrise d'oeuvre"", 'Ingénierie']","[197, 455]",non,non
21-81314,2021-06-15,2021-09-12,['66'],Numéro de la consultation : 21MDMPBPA12 Aménagement d'un monte PMR au Théâtre Municipal de la Ville de Perpignan - Relance des lots 1-3-4- 8,fns,cmp2006,attribution,initial,COMMUNE DE PERPIGNAN,66931,PERPIGNAN CEDEX,,"['Chauffage (travaux)', 'Cloison, faux plafond', 'Démolition', 'Electricité (travaux)', 'Gros oeuvre']","[61, 63, 87, 105, 144]",non,non
21-81528,2021-06-15,2021-07-09,['67'],Evaluation financière du transfert du laboratoire ICUBE et du déménagement des bureaux et installations d'ICUBE et de l'ENGEES,mapa,cmp2006,appeloffre,initial,ECOLE NAT GENIE EAU ENVIRONNEMENT,67000,Strasbourg,,['Etude'],[118],non,oui
21-81430,2021-06-15,2021-09-12,"['67', '68']",Transports pour les élèves des écoles primaires et pour les animations organisées par la Ville de Sélestat,fns,cmp2006,appeloffre,initial,Ville de Sélestat,67600,Sélestat,,['Transport'],[347],non,non
21-81340,2021-06-15,2021-06-25,"['67', '68']",Reconstruction de la salle des sports ' le chêne',fns,cmp2006,appeloffre,initial,Ville de Hoenheim,67800,Hoenheim,,"['Bardage', 'Charpente', 'Echafaudage', 'Electricité (travaux)', 'Etanchéité', 'Isolation', 'Menuiserie', 'Peinture (travaux)', 'Revêtements de sols', 'Serrurerie']","[30, 57, 101, 105, 117, 169, 222, 264, 308, 321]",non,non
21-81813,2021-06-15,2021-07-16,['68'],"Transfert des collections, de mobilier et de matériel de différents sites provisoires d'exploitation et de stockage vers la Bibliothèque des Dominicains",fns,cmp2006,appeloffre,initial,VILLE DE COLMAR,68021,Colmar cedex,,['Déménagement'],[86],non,non
21-81279,2021-06-15,2021-07-30,['68'],Mission de conseil et d'assistance technique relative à la gestion des ressources humaines,fns,cmp2006,appeloffre,initial,VILLE DE COLMAR,68021,Colmar cedex,,['Assistance technique'],[19],non,non
21-81624,2021-06-15,2021-07-06,['68'],"fourniture, revalorisation et livraison de sacs de collecte sélective pour la communauté de communes de la région de guebwiller",fns,cmp2006,appeloffre,initial,C.C. de la Région de Guebwiller,68500,Guebwiller,,['Sacs'],[318],non,non
21-81636,2021-06-15,2021-07-07,"['68', '67']",Aménagement d'une traversée piétonne sécurisée sur la RD1B,fns,cmp2006,appeloffre,initial,Ville de Bergheim,68750,Bergheim,,['Voirie et réseaux divers'],[366],non,non
21-81208,2021-06-15,2021-07-13,"['69', '75', '1', '42', '38', '74', '73', '26', '63']",Marché d'étude de sûreté et de sécurité publique,mapa,cmp2006,appeloffre,initial,Are de Lyon,69003,Lyon,,"['Bâtiment', 'Ingénierie']","[33, 455]",non,non
21-81411,2021-06-15,2021-09-12,['69'],Prestations d'édition et de routage postal de diversdocuments de la Ville de Vénissieux,mapa,cmp2006,attribution,initial,COMMUNE DE VENISSIEUX,69200,Vénissieux,,['Routage'],[312],non,non
21-81947,2021-06-15,2021-07-06,['69'],Photographies des collections du Musée des Beaux Arts de Lyon,fns,cmp2006,appeloffre,initial,Ville de Lyon,69205,LYON,,['Prestations de services'],[274],non,non
21-81740,2021-06-15,2021-07-30,['69'],"Remplacement et/ou mise en place d'équipements d'alarme intrusion dans différents bâtiments, et la maintenance",mapa,cmp2006,appeloffre,initial,Mairie de Lentilly,69210,Lentilly,,"['Alarme', 'Câblage', 'Maintenance']","[5, 47, 196]",non,non
21-81934,2021-06-15,2021-09-12,['69'],TRAVAUX DE TERRASESSEMENT AVANT POSE DE CONTENEURS SEMI-ENTERRES ET ENTERRES,fns,cmp2006,attribution,initial,Cté de Cnes Saône Beaujolais,69220,BELLEVILLE-EN-BEAUJOLAIS CEDEX,"[('2021-06-08', 'EIFFAGE ROUTE CENTRE EST', (73679, 'EUR'), None)]",['Terrassement'],[341],non,non
21-81293,2021-06-15,2021-07-08,['69'],TRAVAUX DE REQUALIFICATION DES TRAVERSEES DE MARDORE ET LA CHAPELLE DE MARDORE,fns,cmp2006,appeloffre,initial,COMMUNE DE THIZY LES BOURGS,69240,THIZY LES BOURGS,,"['Espaces verts', 'Terrassement']","[116, 341]",non,non
21-81266,2021-06-15,2021-07-30,"['31', '9', '65', '81', '82']",Le présent marché a pour objet le remplacement du système d'aspiration des copeaux et poussières de bois de la menuiserie du bâtiment 17 de la DGA-TA,fns,cmp2006,appeloffre,initial,DRSID Lyon,69347,Lyon cedex 07,,['Menuiserie'],[222],non,oui
21-81362,2021-06-15,2021-07-15,['69'],APPAREILS PORTATIFS DE CONTRÔLE DE LA CONTAMINATION,fns,cmp2006,attribution,initial,SCE DEP METROPOLITAIN INCENDIE SECOURS,69421,LYON Cedex 03,"[('2021-05-12', 'PROENGIN', (80000, 'EUR'), None)]","[""Matériel de secours et d'incendie""]",[217],non,non
21-74070,2021-06-15,2021-07-06,['69'],Mesures du niveau d'exposition au bruit et aux vibrations des agents de la Métropole de Lyon,fns,cmp2006,appeloffre,initial,Métropole de Lyon,69505,Lyon Cedex 03,,"['Audit', 'Etude', 'Voirie']","[21, 118, 365]",non,non
21-81951,2021-06-15,2021-07-12,['69'],Stade Armand Chouffet : Travaux VRD - Electricité- Eclairage,fns,cmp2006,appeloffre,initial,Ville de Villefranche-sur-saône,69653,Villefranche-sur-Saône,,"['Terrassement', 'Terrain de sport']","[341, 342]",non,non
21-81918,2021-06-15,2021-07-16,['69'],FOURNITURE ET LIVRAISON DE CHEQUES D'ACCOMPAGNEMENT PERSONNALISE,fns,cmp2006,appeloffre,initial,CCAS VILLE DE BRON,69671,Bron,,['Titres restaurant'],[416],non,non
21-81197,2021-06-15,2021-07-01,['69'],Achat de prestations de mise à disposition de personnel dans le cadre de le réalisation de prestations de propreté extérieure du quartier prioritaire ville des Vernes à Givors,fns,cmp2006,appeloffre,initial,COMMUNE DE GIVORS,69700,Givors,,['Mise à disposition de personnel'],[461],non,non
21-81047,2021-06-15,2021-07-09,['38'],marché de conception réalisation pour la réhabilitation énergétique du bâtiment ima c sur le campus de saint martin d'hères pour l'université grenoble alpes (phase candidature).,fns,cmp2006,appeloffre,initial,UNIVERSITE GRENOBLE ALPES,69760,Limonest,,"['Chauffage (travaux)', 'Isolation', 'Ventilation', 'Photovoltaïque']","[61, 169, 360, 476]",non,non
21-81441,2021-06-15,2021-07-09,['69'],Acquisition de matériel informatique,mapa,cmp2006,appeloffre,initial,Ville de Saint-Priest (69),69800,SAINT-PRIEST,,['Informatique (matériel)'],[162],non,non
21-81204,2021-06-15,2021-07-11,['70'],Aménagement et requalification de l'Avenue de Saint Valbert - assainissement aménagements qualitatifs,fns,cmp2006,attribution,initial,Ville d'Héricourt,70400,Héricourt,"[('2021-06-10', 'Sas Stpi', (309612.5, 'EUR'), None), ('2021-06-11', 'Eurovia', (354327.5, 'EUR'), None)]","['Travaux de viabilité', 'Voirie et réseaux divers']","[353, 366]",non,non
21-81270,2021-06-15,2021-07-15,['71'],"prestations d'entretien, de contrôle, de maintenance, de diagnostic et de dépannage pour les compresseurs d'air respirable du sdis 71",mapa,cmp2006,attribution,initial,S.D.I.S. de Saône-et-Loire,71000,Mâcon,[],['Maintenance'],[196],non,non
21-81858,2021-06-15,2021-07-16,['72'],Travaux de remplacement d'un monte-charge (2 tonnes) - Bâtiment E - Site de la Chauvinière - 206 rue de l'Angevinière - 72000 Le Mans,fns,cmp2006,appeloffre,initial,Le Mans Métropole - Communauté Urbaine,72039,Le Mans,,['Appareil élévateur'],[11],non,non
21-81928,2021-06-15,2021-09-12,['72'],Mission de contrôle technique relative à la création d'une pépinière pour les nouvelles mobilitésZone Actisud - Le Mans,fns,cmp2006,attribution,initial,Le Mans Métropole - Communauté Urbaine,72039,Le Mans,"[('2021-04-15', 'QUALICONSULT', (8880, 'EUR'), None)]",['Contrôle technique'],[72],non,non
21-81963,2021-06-15,2021-09-12,['72'],Mission de coordination SPS de niveau 2 relative au regroupement des régies voirie et éclairage public - Site de la Chauvinière - Le Mans,fns,cmp2006,attribution,initial,Le Mans Métropole - Communauté Urbaine,72039,Le Mans,"[('2021-05-27', 'ATAE', (4960, 'EUR'), None)]",['Prestations de services'],[274],non,non
21-81876,2021-06-15,2021-09-12,['72'],Mission de coordination SPS de niveau 2 relative à la création d'une pépinière pour les nouvelles mobilités - Zone Actisud - Le Mans,fns,cmp2006,attribution,initial,Le Mans Métropole - Communauté Urbaine,72039,Le Mans,"[('2021-05-27', 'QUALICONSULT SECURITE', (4800, 'EUR'), None)]",['Prestations de services'],[274],non,non
21-81964,2021-06-15,2021-09-12,['72'],Mission de contrôle technique 2 relative au regroupement des régies voirie et éclairage public - Site de la Chauvinière - Le Mans,fns,cmp2006,attribution,initial,Le Mans Métropole - Communauté Urbaine,72039,Le Mans,"[('2021-06-03', 'SOCOTEC FRANCE', (9240, 'EUR'), None)]",['Contrôle technique'],[72],non,non
21-81564,2021-06-15,2021-07-06,['72'],La réhabilitation d'une friche commerciale sitée Z.A du Bois des Cours à SILLE LE GUILLAUME,fns,cmp2006,appeloffre,initial,CC DE CHAMPAGNE CONLINOISE PAYS SILLE,72240,Conlie,,['Bâtiment'],[33],non,non
21-81862,2021-06-15,2021-07-07,['73'],Accompagnement de 28 collèges pour la mise en place d'un niveau de service départemental pour le nettoyage des locaux et pour l'organisation du temps de travail,fns,cmp2006,appeloffre,initial,DEPARTEMENT DE LA SAVOIE,73018,CHAMBERY,,['Prestations de services'],[274],non,non
21-81953,2021-06-15,2021-07-08,['73'],Missions géotechniques relatives à l'infrastructure du Funiculaire - commune de Bourg Saint Maurice,fns,cmp2006,appeloffre,initial,Commune de Bourg-St-Maurice / Les Arcs,73700,Bourg Saint Maurice,,['Assistance technique'],[19],non,non
21-81458,2021-06-15,2021-07-08,['74'],Fourniture et livraison de repas en liaison froide pour le restaurant scolaire de l'école de la Fraternité,fns,cmp2006,appeloffre,initial,Commune d'Ambilly,74111,AMBILLY CEDEX,,['Restauration collective'],[66],non,non
21-81368,2021-06-15,2021-08-08,['74'],Travaux d'enfouissement des réseaux secs Avenue Saint Distille,fns,cmp2006,appeloffre,initial,Commune de Thonon-les-Bains,74203,Thonon les bains cedex,,['Voirie et réseaux divers'],[366],non,non
21-81866,2021-06-15,2021-07-12,['74'],Etude préalable à la définition des corridors écologiques du territoire de Thonon Agglomération (74 - Haute-Savoie)Lot no1 : Définition des corridors écologiquesLot no 2 : Définition de la trame n,mapa,cmp2006,appeloffre,initial,THONON AGGLOMERATION,74207,THONON-LES-BAINS Cedex,,['Etude'],[118],non,non
21-81656,2021-06-15,2021-07-07,['74'],MISSION DE MAITRISE D'OEUVRE DANS LA CADRE DE LA REHABILITATION DU BASSIN EXTERIEUR DE 50m DU CENTRE SPORTIF RICHARD BOZON A CHAMONIX,mapa,cmp2006,appeloffre,initial,COM COMMUNES VAL CHAMONIX MONT BLANC,74400,CHAMONIX MONT-BLANC,,"[""Maîtrise d'oeuvre""]",[197],non,non
21-81634,2021-06-15,2021-07-16,['75'],Fourniture de matériels de signalisation lumineuse et sonore pour les véhicules de la présidence de la République,fns,cmp2006,appeloffre,initial,Présidence de la République,75008,Paris,,['Equipements spécialisés'],[115],non,non
21-81919,2021-06-15,2021-07-22,['75'],Travaux de réhabilitation des galeries d'eau potable et non potable d'Eau de Paris,fns,cmp2006,appeloffre,initial,EAU DE PARIS,75013,PARIS,,['Génie civil'],[141],non,non
21-81703,2021-06-15,2021-07-31,['75'],Le présent marché a pour objet le remplacement de l'ascenseur du bâtiment B de l'Observatoire de Paris et prestations associées.,fns,cmp2006,appeloffre,initial,Observatoire de Paris,75014,Paris,,['Ascenseur'],[17],non,oui
21-81967,2021-06-15,2021-08-09,['75'],Accompagnement de services,fns,cmp2006,appeloffre,initial,CENTRE HOSPITALIER SAINTE ANNE PARIS,75014,Paris,,['Prestations de services'],[274],non,non
21-81481,2021-06-15,2021-08-15,['75'],Désignation d'un commissaire aux comptes pour les exercices comptables 2021 à 2026,fns,cmp2006,attribution,initial,Comité nationale de la Conchyliculture,75015,Paris,,['Assistance technique'],[19],non,non
21-81390,2021-06-15,2021-06-25,['75'],Accompagnement au choix du financement du projet campus d'HEC Paris,fns,cmp2006,appeloffre,initial,ETS ENST SUP CONSULAIRE HTES ETUDES CO,75017,PARIS,,['Prestations de services'],[274],non,non
21-81372,2021-06-15,2021-07-15,['75'],"Le présent marché a pour objet, d'une part, l'accompagnement de membres du Comex de la CCI Paris Ile-de-France dans la structuration et la formalisation de certains processus transverses et,",fns,cmp2006,attribution,initial,Groupe CCIR Paris Ile-de-France,75017,Paris,"[('2021-06-09', 'JULHIET STERWEN', (69250, 'EUR'), None)]",['Prestations de services'],[274],non,non
21-81244,2021-06-15,2021-09-11,['75'],Prestations de numérisation des fonds scientifiques et patrimoniaux des bibliothèques de l'Ecole normale supérieure,fns,cmp2006,appeloffre,initial,ECOLE NORMALE SUPERIEURE,75230,Paris,,['Numérisation'],[463],non,non
21-81698,2021-06-15,2021-07-20,['75'],Travaux d'aménagement de laboratoires sur le site CASSAN A7,fns,cmp2006,attribution,initial,Sorbonne Université,75230,Paris cedex 05,,"['Bâtiment', 'Chauffage (travaux)', 'Climatisation', 'Electricité (travaux)', 'Plomberie (travaux)']","[33, 61, 62, 105, 270]",non,non
21-81941,2021-06-15,2021-08-31,['75'],Plateforme de services de billetterie en mode SaaS de type comité d'entreprise pour les personnels de l'université Paris Dauphine - PSL,mapa,cmp2006,appeloffre,initial,Université Paris-Dauphine,75775,Paris cedex 16,,['Logiciel'],[186],non,non
21-81660,2021-06-15,2021-07-16,['75'],Mission de conception d'une signalétique urbaine ZAC Sud Charles de Gaulle (Aerolians Paris),fns,cmp2006,appeloffre,initial,Grand Paris Aménagement,75945,Paris cedex 19,,['Etude'],[118],non,non
21-81819,2021-06-15,2021-06-24,['75'],"Travaux de rénovation des réfectoires, des salles de conférences et réunions ainsi que du patio de l'immeuble Bercy situé 173, rue de Bercy - 75012 Paris.",fns,cmp2006,appeloffre,rectificatif,CAISSE PRIMAIRE ASSUR MALADIE PARIS,75948,Paris,,"[""Tous corps d'état""]",[345],non,non
21-81504,2021-06-15,2021-09-12,['76'],Remplacement des toitures amiantées du bâtiment B et du silo à sel du centre d'exploitation des routes de CLERES,fns,cmp2006,attribution,initial,Département de Seine-Maritime,76101,ROUEN CEDEX,,['Couverture'],[74],non,oui
21-81229,2021-06-15,2021-06-28,['76'],"Réalisation d'audits internes selon les normes ISO 9001, ISO 14001 et ISO 45001",mapa,cmp2006,appeloffre,rectificatif,METROPOLE ROUEN NORMANDIE,76176,ROUEN,,['Audit'],[21],non,non
21-81313,2021-06-15,2021-09-12,['76'],Numéro de la consultation : 2003F FOURNITURE DE MATERIELS DE MICROFIBRES POUR LA VILLE ET LE CCAS DE GRAND-COURONNE Consultation lancée par un groupement de commandes composé des membres suivants : -,fns,cmp2006,attribution,initial,COMMUNE DE GRAND COURONNE,76530,GRAND-COURONNE,"[('2021-04-02', 'GROUPE PLG GRAND NORD', (50000, 'EUR'), None)]","['Nettoyage de locaux', ""Produits d'entretien""]","[239, 278]",non,non
21-81321,2021-06-15,2021-07-10,['76'],Fourniture et livraison de matériels de connectivité réseau,fns,cmp2006,appeloffre,initial,CRIANN,76800,SAINT-ÉTIENNE-DU-ROUVRAY,,['Fibre optique'],[133],non,non
21-81760,2021-06-15,2021-07-12,['76'],Location d'engins avec chauffeur pour aménagements paysagers,fns,cmp2006,appeloffre,initial,COMMUNE DE SAINT ETIENNE DU ROUVRAY,76806,SAINT ETIENNE DU ROUVRAY,,['Véhicules (location)'],[474],non,oui
21-81389,2021-06-15,2021-07-16,['77'],Mission de Maîtrise d'oeuvre d'aménagement de la plaine des jeux et du bois Gaston DUMONT,fns,cmp2006,appeloffre,initial,COMMUNE VAUX LE PENIL,77000,Vaux-le-Pénil,,"[""Maîtrise d'oeuvre"", 'Ingénierie']","[197, 455]",non,non
21-81477,2021-06-15,2021-07-15,['77'],Travaux de modernisation et de reprise des piquets de terre des bornes de recharge pour véhicules électriques du réseau Ecocharge77,fns,cmp2006,appeloffre,initial,SDESM,77000,La Rochette,,"['Electricité (travaux)', 'Equipements spécialisés', 'Matériel électrique', 'Matériel électronique', 'Mobilier urbain']","[105, 115, 203, 204, 231]",non,non
21-81342,2021-06-15,2021-08-14,['77'],Fourniture et l'installation d'un pont bascule pour camions,mapa,cmp2006,attribution,initial,Conseil général de Seine-et-Marne,77010,Melun cedex,,['Machines-outils'],[194],non,non
21-81847,2021-06-15,2021-07-30,['77'],"diagnostic du réseau d'alimentation d'eau potable, unité de distribution montereau /la grande paroisse.",fns,cmp2006,appeloffre,initial,Com Com Pays de Montereau,77130,Montereau-Fault-Yonne,,"['Alimentation en eau potable', 'Etude']","[6, 118]",non,non
21-81446,2021-06-15,2021-07-15,['77'],BAUX D'ENTRETIEN DE VOIRIES ET SIGNALISATIONS,fns,cmp2006,appeloffre,initial,MAIRIE DE MONTEVRAIN,77144,MONTEVRAIN,,"[""Tous corps d'état""]",[345],non,non
21-81975,2021-06-15,2021-07-09,['77'],"Création de quatre salles et d'un préau groupe scolaire Jules FerryLot no6 "" Préau en Toile tendue """,fns,cmp2006,appeloffre,initial,COMMUNE DE BRIE COMTE ROBERT,77170,BRIE COMTE ROBERT,,['Charpente'],[57],non,non
21-81670,2021-06-15,2021-07-07,"['77', '76', '78', '75', '94', '93', '95']","Télésurveillance à distance de sites protégés, gardiennage régulier du siège et mise à disposition d'agents de sécurité sur les différents sites de la Caisse Primaire d'Assurance Maladie",fns,cmp2006,appeloffre,initial,CPAM de Seine-et-Marne,77605,Marne-la-vallee cedex 03,,['Surveillance'],[331],non,non
21-81738,2021-06-15,2021-07-09,['78'],"Mission de maîtrise d'oeuvre pour la construction neuve de 18 logements au 64, rue Moxouris au Chesnay - Rocquencourt.",fns,cmp2006,appeloffre,initial,OPH Versailles Habitat,78000,Versailles,,"[""Maîtrise d'oeuvre""]",[197],non,non
21-81891,2021-06-15,2021-07-16,"['78', '92', '91', '60', '75', '28']","La présente consultation a pour objet la conclusion d'un marché portant sur les prestations permettant d'assurer la surveillance, le bon fonctionnement et l'entretien des dispositifs ju",fns,cmp2006,appeloffre,initial,SMSO,78000,Versailles,,"['Equipement hydraulique', 'Maintenance', 'Prestations de services', 'Station de pompage']","[111, 196, 274, 326]",non,non
21-80606,2021-06-15,2021-08-16,['78'],Concession d'aménagement pour la réalisation de l'opération versailles pion - quartier de gally,divers,autre,preinformation,initial,Ville de Versailles,78000,Versailles,,"['Etude', 'Travaux de viabilité', 'Voirie et réseaux divers']","[118, 353, 366]",non,non
21-81916,2021-06-15,2021-07-02,['78'],"Conseil sur la stratégie d'offre et l'assistance à maitrise d'ouvrage assisté à la rédaction du marché "" cybersécurité """,mapa,cmp2006,appeloffre,initial,Conseil départemental des Yvelines,78012,VERSAILLES,,['Prestations de services'],[274],non,non
21-81512,2021-06-15,2021-09-12,['78'],"Prestations de collecte, réparation et restitution de matériel numérique type tablettes numériques et téléphones",fns,cmp2006,attribution,initial,Conseil départemental des Yvelines,78012,VERSAILLES,,['Matériel de téléphonie'],[339],non,non
21-81615,2021-06-15,2021-07-30,['78'],Le marché objet de la présente consultation a pour objet la réalisation des contrôles de conformité d'assainissement collectif sur les communes de Limay et Guitrancourt.,fns,cmp2006,appeloffre,initial,GRAND PARIS SEINE ET OISE,78410,Aubergenville,,['Assainissement'],[18],non,non
21-81472,2021-06-15,2021-07-12,['78'],Travaux de création d'espaces verts,fns,cmp2006,appeloffre,initial,Ville de Houilles,78800,Houilles,,['Espaces verts'],[116],non,non
21-81861,2021-06-15,2021-07-12,['78'],"Marché public de travaux de réalisation d'un skate-park au stade omnisport, chemin du parc des sports pour la commune de Feucherolles (78)",fns,cmp2006,appeloffre,initial,MAIRIE DE FEUCHEROLLES,78810,FEUCHEROLLES,,"[""Tous corps d'état""]",[345],non,non
21-81622,2021-06-15,2021-07-29,"['80', '2', '59', '60', '62', '75', '78', '93', '95']",musées d'amiens - restauration et soclage de sculptures en plâtre,mapa,cmp2006,appeloffre,initial,Amiens Métropole - Musées,80000,Amiens,,"[""Oeuvre d'art"", 'Prestations de services']","[247, 274]",non,non
21-81437,2021-06-15,2021-06-30,['80'],Mission de maîtrise d'oeuvre portant sur la réhabilitation/extension du complexe sportif associatif de Beaucamps le Vieux,fns,cmp2006,appeloffre,initial,CC SOMME SUD OUEST,80290,Poix de picardie,,"[""Maîtrise d'oeuvre""]",[197],non,non
21-81573,2021-06-15,2021-09-12,['81'],Numéro de la consultation : 21GOYAMUSEOGRAPHIE RÉAMÉNAGEMENT ET MISE EN VALEUR DU MUSÉE GOYA,fns,cmp2006,attribution,initial,COMMUNE DE CASTRES,81115,Castres,,"['Electricité (travaux)', 'Menuiserie', 'Peinture (travaux)']","[105, 222, 264]",non,non
21-81388,2021-06-15,2021-07-09,['82'],DISTRIBUTION D'INFORMATIONS LIEES A LA COMMUNICATION DU GRAND MONTAUBAN,fns,cmp2006,appeloffre,initial,Grand Montauban Communauté d'agglo,82000,MONTAUBAN CEDEX,,['Prestations de services'],[274],non,non
21-81871,2021-06-15,2021-09-12,['83'],20PM25 Etude de faisabilité pour la réduction de l'empreinte environnementale de l'aire de réception des déchets d'assainissement (ARDA) sur le territoire métropolitain de La Seyne-sur-,fns,cmp2006,attribution,initial,Métropole Toulon Provence Méditerranée,83041,TOULON,"[('2021-06-15', 'DV2E', (24657, 'EUR'), None)]",['Etude'],[118],non,non
21-81308,2021-06-15,2021-09-12,['83'],RD 222 PR 0+060 à 0+420 - Recalibrage de chaussée - commune de Montfort-Sur-Argens,fns,cmp2006,attribution,initial,Conseil Général du Var,83076,TOULON,"[('2021-06-11', 'SVCR', (131965.7, 'EUR'), None)]",['Voirie'],[365],non,oui
21-81493,2021-06-15,2021-07-20,['83'],RD 15 PR 6+000 à 6+200 - Sécurisation à l'entrée de ville-Commune de Sainte-Anastasie-sur-Issole,fns,cmp2006,appeloffre,initial,Conseil Général du Var,83076,TOULON,,['Voirie'],[365],non,oui
21-81988,2021-06-15,2021-09-12,['83'],RD37 - PR 27+900 à 29+100 Montauroux - Aménagement de caniveaux trapézoïdaux dans les virages,fns,cmp2006,attribution,initial,Conseil Général du Var,83076,TOULON,"[('2021-06-11', 'EIFFAGE ROUTE GRAND SUD', (130985.3, 'EUR'), None)]",['Voirie'],[365],non,non
21-81889,2021-06-15,2021-07-03,['83'],Maintenance préventive et corrective des ascenseurs et monte-charges de la ville de Draguignan,fns,cmp2006,appeloffre,initial,Ville de Draguignan (83),83300,Draguignan,,['Ascenseur'],[17],non,non
21-81969,2021-06-15,2021-07-01,['83'],Missions d'ingénierie géotechnique relatives aux travaux de réhabilitation du Centre d'Incendie et de Secours (CIS) de La Seyne Nord,mapa,cmp2006,appeloffre,initial,SDIS du Var,83300,Draguignan,,"['Etude', 'Génie civil', 'Prestations de services', 'Ingénierie']","[118, 141, 274, 455]",non,non
21-81945,2021-06-15,2021-07-15,['83'],Fourniture et installation de murs d'images et d'un contrôleur de flux vidéo,fns,cmp2006,appeloffre,rectificatif,SDIS du Var,83300,Draguignan,,"['Audiovisuel', 'Informatique (matériel)', 'Matériel de transmission', 'Télésurveillance']","[22, 162, 210, 415]",non,non
21-81409,2021-06-15,2021-09-12,['83'],MISSION D'ASSISTANCE POUR LA PRODUCTION DE L'INVENTAIRE ET SON AJUSTEMENT A L'ETAT DE L'ACTIF,mapa,cmp2006,attribution,initial,Commune d'Hyères-les-Palmiers,83412,Hyères,[],"['Prestations de services', 'Expertise comptable']","[274, 446]",non,non
21-81927,2021-06-15,2021-07-22,"['83', '6']",Réhabilitation du château communal en locaux de la mairie de Mons Place Saint Sébastien,fns,cmp2006,appeloffre,initial,Commune de Mons,83440,Mons,,"['Bâtiment', 'Chauffage (travaux)', 'Climatisation', 'Cloison, faux plafond', 'Démolition', 'Electricité (travaux)', 'Ferronnerie', 'Maçonnerie', 'Menuiserie', 'Peinture (travaux)', 'Plomberie (travaux)', 'Revêtements de sols', 'Revêtements muraux', 'Serrurerie', 'Terrassement', ""Tous corps d'état"", 'Ventilation']","[33, 61, 62, 63, 87, 105, 126, 195, 222, 264, 270, 308, 309, 321, 341, 345, 360]",non,non
21-81486,2021-06-15,2021-07-15,"['83', '6']",fourniture et livraison de repas en liaison chaude au restaurant scolaire de l'école,mapa,cmp2006,appeloffre,initial,Commune de Mons,83440,Mons,,['Restauration collective'],[66],non,non
21-81758,2021-06-15,2021-07-22,['83'],Marché de maîtrise d'oeuvre pour la réhabilitation et le réaménagement de la RDN 7 et de ses abords au centre-ville du Muy,fns,cmp2006,appeloffre,initial,Ville du Muy,83490,Le Muy,,"[""Maîtrise d'oeuvre""]",[197],non,non
21-81443,2021-06-15,2021-07-16,['83'],Travaux de renouvellement du réseau d'alimentation en eau potable et réfection de l'enrobésur une partie du chemin de Brenton,fns,cmp2006,appeloffre,initial,COMMUNE DE TAVERNES,83670,TAVERNES,,"['Canalisations', 'Voirie']","[48, 365]",non,non
21-81420,2021-06-15,2021-07-23,['83'],"fourniture et installation de bornes interactives, d'un écran lumineux et d'un système de visioconférence.",mapa,cmp2006,appeloffre,initial,Commune de SALERNES,83690,Salernes,,['Audiovisuel'],[22],non,non
21-77655,2021-06-15,2021-09-15,['84'],Fourniture et prestations de traiteurs pour l'ensemble des manifestations et réunions organisées par la Ville d'Avignon - 2021-2025,fns,cmp2006,attribution,initial,Ville d'Avignon,84045,Avignon cedex 9,,"['Repas, traiteur']",[304],non,oui
21-81496,2021-06-15,2021-07-15,"['84', '13', '4']",Etudes de programmation pour l'extension du siège de COTELUB,mapa,cmp2006,appeloffre,initial,COMMUNAUTE TERRITORIALE DU SUD LUBERON,84240,LA TOUR D AIGUES,,['Etude'],[118],non,oui
21-81856,2021-06-15,2021-07-16,['84'],"La présente consultation concerne : Services de télécommunications de la Ville de Bollène regroupant les services de téléphonie fixe, de téléphonie mobile, et d'accès Internet",fns,cmp2006,appeloffre,initial,COMMUNE DE BOLLENE,84500,BOLLENE,,"['Routage', 'Télécommunications']","[312, 338]",non,non
21-81478,2021-06-15,2021-07-29,['85'],MARCHE PUBLIC DE PRESTATION DE SERVICES EN ASSURANCE POUR LA COMMUNE D'ESSARTS EN BOCAGE,fns,cmp2006,appeloffre,initial,Essarts en Bocage,85140,Essarts en Bocage,,['Assurance'],[20],non,non
21-81450,2021-06-15,2021-07-09,['87'],Fourniture de produits de traitement pour les eaux de piscines,fns,cmp2006,appeloffre,initial,COMMUNE DE LIMOGES,87031,LIMOGES CEDEX 1,,"[""Produits d'entretien""]",[278],non,non
21-81412,2021-06-15,2021-07-16,['88'],PRESTATIONS SERVICES ASSURANCES-.,mapa,cmp2006,appeloffre,initial,Commune de Ramonchamp,88160,RAMONCHAMP,,['Assurance'],[20],non,non
21-81371,2021-06-15,2021-07-06,['89'],Achat de places en crèche.,fns,cmp2006,appeloffre,initial,MAIRIE DE PARON,89100,Paron,,['Prestations de services'],[274],non,non
21-81325,2021-06-15,2021-07-09,['90'],"Etude bilan du plan daction agricole sur les captages grenelle du Grand Belfort : Commune de Morvillars, Sermamagny et Foussemagne",mapa,cmp2006,appeloffre,initial,Cté de l'Agglomération Belfortaine,90020,BELFORT CEDEX,,['Etude'],[118],non,non
21-81832,2021-06-15,2021-07-21,"['91', '75']","La présente consultation concerne la construction de la nouvelle sous-préfecture de Palaiseau qui se fera sur le nouveau quartier de l'école polytechnique, formant une partie du nouveau grand Cam",fns,cmp2006,appeloffre,initial,SGCD 91,91010,Evry-courcouronnes,,"['Bâtiment', 'Gros oeuvre', ""Tous corps d'état""]","[33, 144, 345]",oui,oui
21-81206,2021-06-15,2021-08-15,['91'],Missions de relations presse pour les expositions dédiées à la création contemporaine au Domaine départemental de Chamarande,mapa,cmp2006,attribution,initial,DEPARTEMENT DE L ESSONNE,91012,Evry cedex,,['Prestations de services'],[274],non,non
21-81897,2021-06-15,2021-07-09,['91'],"Réalisation de travaux d'installation, d'entretien et de rénovation des installations de plomberie, de chauffage par chaudières murales et de VMC dans les bâtiments communaux, sur le territo",fns,cmp2006,appeloffre,initial,Ville de Gif sur Yvette,91190,Gif sur yvette,,['Plomberie (travaux)'],[270],non,non
21-81647,2021-06-15,2021-07-05,['91'],Location d'illuminations pour les fêtes de fin d'année 2021,mapa,cmp2006,appeloffre,initial,Ville de Gif sur Yvette,91190,Gif sur yvette,,['Illumination'],[170],non,non
21-81262,2021-06-15,2021-09-09,"['91', '75']","Livraison, installation et formation à l'utilisation d'un amplificateur pour réseau de microélectrodes électrophysiologiques",fns,cmp2006,appeloffre,initial,Ecole normale supérieure de Cachan,91190,Gif sur yvette,,['Equipements spécialisés'],[115],non,non
21-81327,2021-06-15,2021-07-09,['91'],"accord cadre pour prestations sonorisation, éclairage et structures scéniques pour les spectacles de la ville",fns,cmp2006,appeloffre,initial,COMMUNE DE VIGNEUX SUR SEINE,91270,vigneux sur seine,,"['Location (matériels)', 'Sonorisation']","[185, 324]",non,non
21-81324,2021-06-15,2021-07-07,"['91', '94']",Travaux d'aménagement partiel et l'extension du centre technique municipal,fns,cmp2006,appeloffre,initial,GRAND ORLY SEINE BIEVRE,91420,Morangis,,"[""Tous corps d'état""]",[345],non,oui
21-81594,2021-06-15,2021-07-10,"['91', '94']",Travaux d'extension du réfectoire Nelson Mandela,fns,cmp2006,appeloffre,initial,GRAND ORLY SEINE BIEVRE,91420,Morangis,,"[""Tous corps d'état""]",[345],non,oui
21-81770,2021-06-15,2021-07-06,['91'],EXTENSION DE L'ACCUEIL DE LOISIRS SUR LE SITE DU GROUPE SCOLAIRE CAMILLE MAGNE,fns,cmp2006,appeloffre,initial,Mairie de Breuillet,91650,Breuillet,,"['Bardage', 'Bâtiment', 'Etanchéité', 'Gros oeuvre', 'Plomberie (travaux)']","[30, 33, 117, 144, 270]",non,oui
21-81882,2021-06-15,2021-07-06,['91'],Achat de véhicules neufs légers,fns,cmp2006,appeloffre,initial,CA COEUR D ESSONNE AGGLOMERATION,91700,Sainte geneviève des bois,,['Véhicules'],[359],non,non
21-81330,2021-06-15,2021-08-16,['92'],"Travaux de construction d'un bâtiment destiné au maintien en condition opérationnelle des véhicules d'intervention du SIRSE, sur le site IRSN de fontenay-aux-roses (92)",fns,cmp2006,attribution,initial,IRSN,92260,Fontenay-aux-roses,"[('2021-05-05', 'Société de Maçonnerie et de Travaux', (192275.5, 'EUR'), None), ('2021-05-05', 'Société Fourcade', (226238, 'EUR'), None), ('2021-05-12', 'Société ECBM', (75315.38, 'EUR'), None), ('2021-05-06', 'Société L2V Ascenseurs', (42950, 'EUR'), None), ('2021-05-05', 'Société de Maçonnerie de Travaux', (94986.5, 'EUR'), None), ('2021-05-05', 'Société Cegelec Amiens Tertaire', (75000, 'EUR'), None)]",['Bâtiment'],[33],non,non
21-81630,2021-06-15,2021-07-13,"['92', '75']",Consultation d' une entreprise de nettoyage des locaux au Châteaux de Malmaison et Bois -Préau.,fns,cmp2006,appeloffre,initial,MINISTERE DE LA CULTURE,92500,Rueil malmaison,,['Nettoyage de locaux'],[239],non,non
21-81374,2021-06-15,2021-07-15,['92'],Accompagnement à l'élaboration de la nouvelle stratégie développement durable,fns,cmp2006,appeloffre,rectificatif,Commune de Rueil-Malmaison,92501,Rueil-malmaison,,"['Prestations de services', ""Assistance à maîtrise d'ouvrage""]","[274, 433]",non,non
21-81381,2021-06-15,2021-07-07,"['92', '75']","convention portant occupation du domaine public du foyer-bar situé dans le théâtre des sablons sis 62-70, avenue du roule",mapa,cmp2006,appeloffre,initial,COMMUNE DE NEUILLY SUR SEINE,92522,Neuilly-sur-Seine,,"['Restauration collective', 'Repas, traiteur']","[66, 304]",non,non
21-81833,2021-06-15,2021-08-30,['92'],Le présent marché a pour objet les travaux d'aménagement des espaces publics pour une activité de salle polyvalente sur péniche fluviale à Asnières sur Seine.,fns,cmp2006,appeloffre,initial,Ville d'Asnières-sur-Seine,92600,Asnières sur seine,,['Voirie et réseaux divers'],[366],non,non
21-81908,2021-06-15,2021-07-05,['93'],Marché de travaux de rénovation de 18 ascenseurs sur le patrimoine de Plaine Commune Habitat (rectificatif),fns,cmp2006,appeloffre,rectificatif,OPH Plaine Commune Habitat,93200,Saint-Denis,,['Ascenseur'],[17],non,non
21-81789,2021-06-15,2021-07-15,['95'],"REPRISE DE LA MAINTENANCE (SAN, SERVEURS ET MAINTENANCE ASSOCIEE) DU CH DE GONESSE",mapa,cmp2006,attribution,initial,Centre Hospitalier de Saint-Denis,93205,Saint denis cedex,,['Informatique (maintenance serveurs et réseaux)'],[454],non,non
21-81793,2021-06-15,2021-06-23,['93'],"Fourniture, paramétrage, mise en oeuvre et maintenance d'une solution <<Informatisation de la prescription et de la préparation de la nutrition parentérale>> dans le SI du GHT PDF",mapa,cmp2006,attribution,initial,Centre Hospitalier de Saint-Denis,93205,Saint denis cedex,,['Progiciel'],[283],non,non
21-81280,2021-06-15,2021-06-30,['93'],Etude sur l'organisation de la Fonction Transport du GHT Plaine de France,mapa,cmp2006,attribution,initial,Centre HOSPITALIER DE SAINT DENIS,93205,Saint-denis cedex,,"['Audit', 'Transport']","[21, 347]",oui,non
21-81422,2021-06-15,2021-08-15,['93'],LOCATION DE MOTIFS D'ILLUMINATIONS DE NOEL,fns,cmp2006,attribution,initial,MAIRIE DE TREMBLAY EN FRANCE,93290,Tremblay en france,,['Illumination'],[170],non,oui
21-81937,2021-06-15,2021-08-07,['93'],Mission de maîtrise d'oeuvre pour la construction d'un réfectoire et de salles de classe à l'école élémentaire Paul Bert.,fns,cmp2006,appeloffre,initial,Ville de Vaujours,93410,Vaujours,,['Ingénierie'],[455],non,non
21-81596,2021-06-15,2021-07-31,"['94', '75', '91', '92']",La présente consultation s'inscrit dans le cadre des travaux de fiabilisation des alimentations électriques de l'IGH pendant la durée des travaux du projet La Verticale du CHIV. Le projet a,fns,cmp2006,appeloffre,rectificatif,HOPITAL INTERCOMMUNAL DE CRETEIL,94000,Créteil,,['Electricité (travaux)'],[105],non,oui
21-81626,2021-06-15,2021-07-15,['94'],"Le présent accord-cadre a pour objet la mise en place d'une solution de stockage, de diffusion et de production de vidéos, intégrée au LMS, pour les besoins de l'Université Paris Est Créteil",fns,cmp2006,attribution,initial,Université Paris-Est Créteil,94010,Créteil cedex,,['Télécommunications'],[338],non,non
21-81878,2021-06-15,2021-08-07,"['972', '75']","Création de deux formations en étroite collaboration avec le maître d'ouvrage.- la formation dite "" des référents "", - la formation dite "" des salariés non-référents "".Les prestations attendu",fns,cmp2006,appeloffre,initial,OFFICE FRANCAIS DE LA BIODIVERSITE,94300,Vincennes,,['Etude'],[118],non,non
21-81798,2021-06-15,2021-07-31,"['13', '6', '20A', '20B', '83', '66']",Le présent marché a pour objet d'assister l'OFB dans le choix des ancres les plus adaptées au milieu marin méditerranéen en milieu sableux et sur la matte morte de posidonies. L'objecti,fns,cmp2006,appeloffre,initial,OFFICE FRANCAIS DE LA BIODIVERSITE,94300,Vincennes,,['Etude'],[118],non,oui
21-81532,2021-06-15,2021-07-19,['94'],fournitures de lubrifiants et de graisses de haute technicité pour applications aéronautiques dans le milieu marin.,mapa,cmp2006,appeloffre,initial,Service Technique de l'Aviation Civile,94385,Bonneuil sur marne cedex,,"['Aéronautique', 'Lubrifiants']","[4, 187]",non,oui
21-81616,2021-06-15,2021-07-15,"['31', '94']",vérification et maintenance des installations du système de sécurité incendie dans les bâtiments du stac de toulouse.,mapa,cmp2006,appeloffre,initial,Service Technique de l'Aviation Civile,94385,Bonneuil sur marne cedex,,"['Détection incendie', 'Maintenance', 'Sécurité incendie']","[90, 196, 332]",non,oui
21-81715,2021-06-15,2021-07-14,"['94', '75']",Étude de programmation pour le projet d'un complexe sportif à la Fontaine Saint-Martin,fns,cmp2006,appeloffre,initial,Ville de Valenton,94460,Valenton,,['Ingénierie'],[455],non,non
21-81444,2021-06-15,2021-07-09,['95'],21TA14 - Travaux de construction de la Maison de la Petite Enfance de Vauréal -RELANCE LOT 8 : Cloisons Doublages Faux plafonds,fns,cmp2006,appeloffre,initial,CACP,95027,Cergy-Pontoise,,"['Cloison, faux plafond']",[63],non,non
21-81459,2021-06-15,2021-07-09,['95'],21TA05 - Travaux d'aménagement des espaces publics de la Tranche 1_ZAC Demi-Lieue Osny-secteur Sainte Marie,fns,cmp2006,appeloffre,rectificatif,CACP,95027,Cergy-Pontoise,,['Voirie'],[365],non,non
21-81471,2021-06-15,2021-08-31,['95'],Planification ds travaux de restauration des berges de l'Oise et de ses affluents,fns,cmp2006,appeloffre,initial,SM Bassin de l'Oise en Val d'Oise,95032,Cergy Pontoise,,"['Berge', 'Etude', 'Rivières/ruisseaux']","[35, 118, 310]",non,non
21-81716,2021-06-15,2021-07-16,"['95', '77']",Le marché est un marché de prestations de service ayant pour objet l'intervention d'animateurs en milieu scolaire pour une sensibilisation sur la gestion des déchets.,fns,cmp2006,appeloffre,initial,SIGIDURS,95200,Sarcelles,,['Prestations de services'],[274],non,oui
21-81942,2021-06-15,2021-07-15,['95'],La consultation a pour objet : Marché de travaux à bons de commande pour l'entretien et l'amélioration des infrastructures de la Communauté de Commune du Haut Val d'Oise.,fns,cmp2006,appeloffre,initial,COMMUNAUTE COMMUNES HAUT VAL D OISE,95260,Beaumont sur Oise,,"['Terrassement', 'Voirie']","[341, 365]",non,non
21-81722,2021-06-15,2021-08-15,['971'],assistance à maitrise d'ouvrage pour la mise en oeuvre du projet' transition énergétique dans la caraïbe' dans le cadre du programme de coopération territoriale européenne interreg caraïbes,fns,cmp2006,attribution,initial,Région Guadeloupe,97100,Basse-Terre,,"[""Assistance à maîtrise d'ouvrage""]",[433],non,non
21-81178,2021-06-15,2021-07-14,['971'],Réhabilitation et reconstruction de la maison des associations,fns,cmp2006,appeloffre,initial,Semsamar (971),97122,Baie-Mahault,,"['Cloison, faux plafond', 'Electricité (travaux)', 'Menuiserie', 'Plomberie (travaux)']","[63, 105, 222, 270]",non,non
21-81186,2021-06-15,2021-07-09,['971'],Appui au développement des parcours individualisés de réussite éducative,fns,cmp2006,appeloffre,initial,Ville de Le Moule,97160,Le moule,,['Prestations de services'],[274],non,non
21-81184,2021-06-15,2021-07-06,['971'],Fourniture d'oeuvre cinématographique pour la ville de le moule,fns,cmp2006,appeloffre,initial,Ville de Le Moule,97160,Le Moule,,"['Vidéo, cinéma']",[362],non,non
21-81814,2021-06-15,2021-07-09,['971'],La présente consultation a pour objet la fourniture de six (6) véhicules neufs en financement Location Longue Durée (LLD) pour le compte du Comité du Tourisme des Îles de Guadeloupe (CTIG).,fns,cmp2006,appeloffre,initial,Comité du Tourisme des ILes Guadeloupe,97166,Pointe à pitre,,['Véhicules (location)'],[474],non,non
21-81185,2021-06-15,2021-07-09,['971'],"Location, installation et maintenance du parc de matériels reprographiques et prestations associées pour les besoins des services communautaires",fns,cmp2006,appeloffre,initial,COMMUNAUTE D AGL LA RIVIERA DU LEVANT,97190,LE GOSIER,,"['Informatique (prestations de services)', 'Location (matériels)']","[163, 185]",non,oui
21-81980,2021-06-15,2021-07-16,['972'],Travaux d'équipement et de raccordement des forages de Coeur Bouliki à l'UPEP de Durand,fns,cmp2006,appeloffre,initial,REGIE DES EAUX ODYSSI,97200,Fort de France,,['Alimentation en eau potable'],[6],non,oui
21-81690,2021-06-15,2021-07-02,['972'],MAPA- AC à bons de commande pour le traitement des véhicules hors d'usage (VHU) présents sur le territoire de la Ville de FDF,mapa,cmp2006,appeloffre,initial,Ville de Fort de France,97200,Fort-de-france,,['Prestations de services'],[274],non,non
21-81957,2021-06-15,2021-09-12,['972'],Numéro de la consultation : 2020-ODY-0051 LOCATION DE VEHICULES DE COURTE DUREE,fns,cmp2006,attribution,initial,REGIE DES EAUX ODYSSI,97200,Fort de France,"[('2021-06-15', 'EUROPCAR CORAIL SAS', (210000, 'EUR'), None), ('2021-06-15', 'ALWEGO', (210000, 'EUR'), None)]",['Véhicules (location)'],[474],non,non
21-81490,2021-06-15,2021-07-15,['972'],MARCHE PUBLIC RELATIF A LA FOURNITURE DE PRESTATIONS DE GARDIENNAGE ET SURVEILLANCE A DISTANCE DES SITES EXPLOITES PAR LA RTM,fns,cmp2006,appeloffre,rectificatif,Régie des Transports de Martinique,97201,Fort de France,,['Gardiennage'],[138],non,non
21-81883,2021-06-15,2021-06-23,['972'],"MAPA- AC à bons de commandes multi-attributaires pour le repérage et l'identification de jeunes de moins de 30 ans sans emploi et ne suivant ni études, ni formation (dénommés NEETS) pour la Ville",fns,cmp2006,attribution,initial,Ville de Fort de France,97262,Fort-de-france cedex,"[('2021-04-09', 'ADLVP', (30000, 'EUR'), None)]",['Prestations de services'],[274],non,non
21-80415,2021-06-15,2021-06-30,['972'],accord-cadre pour la fourniture et la livraison de béton prêt à l'emploi sur le territoire de la commune du vauclin (rectificatif),joue,autre,rectificatif,rectificatif,Ville du Vauclin,97280,Vauclin,,['Matériaux routiers'],[199],non,non
21-81888,2021-06-15,2021-06-22,['973'],Nettoyage et peinture de 3 établissements scolaires de la Ville de Matoury,fns,cmp2006,attribution,initial,COMMUNE DE MATOURY,97351,Matoury,,"['Maçonnerie', 'Menuiserie', 'Nettoyage de locaux', 'Peinture (travaux)']","[195, 222, 239, 264]",non,non
21-81746,2021-06-15,2021-07-26,['973'],Travaux de réhabilitation de la clôture du terrain de football de Balata Est,fns,cmp2006,appeloffre,initial,COMMUNE DE MATOURY,97351,Matoury,,"['Clôture', 'Equipement sportif']","[64, 113]",non,oui
21-80836,2021-06-15,2021-07-02,['974'],"fourniture de produits d'entretiens et de nettoyage spécifiques "" restauration """,fns,cmp2006,appeloffre,initial,CCI Réunion,97404,Saint Denis CEDEX,,"[""Produits d'entretien""]",[278],non,non
21-81348,2021-06-15,2021-07-06,['974'],etude de positionnement stratégique de l'aéroport de saint-pierre pierrefonds,fns,cmp2006,appeloffre,rectificatif,Syndicat mixte de Pierrefonds,97410,Saint-pierre,,['Etude'],[118],non,non
21-81467,2021-06-15,2021-09-12,['974'],MISSION DE PROGRAMMATION ET D'ASSISTANCE A MAITRISE D'OUVRAGEconcernant :- La reconstruction de l'école BOUVET et la réalisation d'une école provisoire- La restructuration de l&,fns,cmp2006,attribution,initial,Commune de Saint-Denis de la Réunion,97490,Saint-Denis,"[('2021-06-09', 'Conseils, Programmation et Organisation', (100082.5, 'EUR'), None)]","['Assistance technique', ""Assistance à maîtrise d'ouvrage""]","[19, 433]",non,non
21-81215,2021-06-15,2021-07-15,['976'],REHABILITATION DU BÂTIMENT AFFECTE A LA PMI A DZOUMOGNE,fns,cmp2006,appeloffre,rectificatif,Département de Mayotte,97600,Mamoudzou,,"['Assainissement', 'Bâtiment', 'Electricité (travaux)', 'Maçonnerie', 'Peinture (travaux)']","[18, 33, 105, 195, 264]",oui,non
