a00_cle_idweb,g04_01_date_publication,g04_03_date_fin_diffusion,g04_07_dep_publication,g04_09_resume_objet,g01_02_01_famille,g01_02_02_perimetre,g01_02_03_nature,g01_02_04_statut,d01_01_denomination,d01_07_cp,d01_08_ville,d08_09_decision_titulaireandRENSEIGNEMENT,g04_052_descripteurs_libelles,g04_051_descripteurs_codes,g04_061_criteres_sociaux,g04_062_criteres_environnementaux
21-93145,2021-07-06,2021-08-27,['1'],BOURG EN BRESSE - Le Moulin de BrouSoutènement Moulin de Brou,fns,cmp2006,appeloffre,initial,SEMCODA,01000,Bourg-en-Bresse,,['Mur de soutènement'],[233],non,non
21-91327,2021-07-06,2021-09-14,"['1', '69', '71']",prestation de service d'assurance,mapa,cmp2006,appeloffre,initial,Commune de Guéreins,01090,Guereins,,['Assurance'],[20],non,non
21-93139,2021-07-06,2021-08-06,['2'],Marché de maîtrise d'oeuvre pour la conception et réalisation d'une station de traitement des eaux usées à boues activées de capacité 1 100 EH et travaux de réhabilitation et restructuration,fns,cmp2006,attribution,initial,SEDA,02007,Laon cedex,"[('2021-06-14', 'Groupement AMODIAG ENVIRONNEMENT / TPF Ingénierie', (98540, 'EUR'), None)]","[""Station d'épuration (travaux)""]",[328],non,non
21-93075,2021-07-06,2021-07-26,['2'],Acquisition de véhicules pour 2021,fns,cmp2006,appeloffre,initial,COMMUNE DE SAINT QUENTIN,02107,SAINT-QUENTIN,,['Véhicules (acquisition)'],[475],non,non
21-93315,2021-07-06,2021-10-03,['3'],Travaux de renforcement de la digue de l'étang de Saloup sur la route départementale no 145 au PR 9+980,fns,cmp2006,attribution,initial,DEPARTEMENT DE L ALLIER,03016,MOULINS,"[('2021-07-05', 'EURL BOUDOT', (115689, 'EUR'), None)]",['Digue'],[91],non,non
21-93827,2021-07-06,2021-10-03,['3'],Entretien de grands talus et des zones difficiles d'accès pour le compte du Département de l'Allier,fns,cmp2006,attribution,initial,DEPARTEMENT DE L ALLIER,03016,MOULINS,"[('2021-07-06', 'Eta Lancement', (14340.15, 'EUR'), None), ('2021-07-06', 'Eta Lancement', (3530, 'EUR'), None), ('2021-07-06', 'Eta Lancement', (15319.5, 'EUR'), None), ('2021-07-06', 'Eta Lancement', (19217.25, 'EUR'), None), ('2021-07-06', 'Eta Lancement', (10963.2, 'EUR'), None)]",['Espaces verts'],[116],non,non
21-93719,2021-07-06,2021-08-20,['5'],RD 1075 Passage inférieur de Saint-Julien-en-Beauchêne - Passage inférieur de La Faurie,fns,cmp2006,appeloffre,initial,DEPARTEMENT DES HAUTES-ALPES,05008,GAP,,"[""Maîtrise d'oeuvre""]",[197],non,non
21-93824,2021-07-06,2021-10-03,['5'],Route Départementale no504 PR 1+100 reprise des superstructures du pont de Vallouise commun de Vallouise-Pelvoux,fns,cmp2006,attribution,initial,DEPARTEMENT DES HAUTES-ALPES,05008,GAP,"[('2021-07-02', ""Gpt d'entreprises SOGEA/OLIVE"", (136476.22, 'EUR'), None)]","[""Ouvrage d'art""]",[252],oui,non
21-93112,2021-07-06,2021-08-06,"['5', '38']",Travaux de réfection et d'aménagement de l'avenue Jean Moulin,fns,cmp2006,appeloffre,rectificatif,Ville de Briançon,05100,Briançon,,"['Revêtements de sols', 'Voirie']","[308, 365]",non,non
21-90114,2021-07-06,2021-08-09,['6'],fourniture de boîtes de conditionnement pour la conservation de documents patrimoniaux - relance,fns,cmp2006,appeloffre,initial,Département des Alpes-Maritimes,06201,Nice Cedex 3,,['Carton'],[54],non,oui
21-93331,2021-07-06,2021-08-06,"['6', '13']","2021-038 contrat d'entretien, hygiénisation et désinfection des réseaux aérauliques - aéroport nice côte d'azur",mapa,cmp2006,appeloffre,initial,Société Aéroports de la Côte d'Azur,06206,Nice Cedex 3,,"['Chauffage (exploitation, entretien)', 'Ramonage']","[59, 413]",non,non
21-92825,2021-07-06,2021-07-26,"['6', '4', '83', '5', '13']",Réhabilitation du four communal du village 06470 Saint-Martin d'Entraunes,mapa,cmp2006,appeloffre,initial,Commune de St Martin d Entraunes,06470,Saint-Martin d'Entraunes,,"['Couverture', 'Electricité (travaux)', 'Maçonnerie', 'Menuiserie', 'Plomberie (travaux)']","[74, 105, 195, 222, 270]",non,non
21-93341,2021-07-06,2021-09-06,['6'],"Acquisition de pièces détachées d'origine, accessoires et équipements spécifiques pour l'entretien des véhicules de moins de 3,5 tonnes de marque Piaggio",fns,cmp2006,appeloffre,initial,Ville d'Antibes Juan-les-Pins,06606,Antibes cedex,,['Pièces détachées'],[266],non,non
21-93648,2021-07-06,2021-09-15,['6'],"La consultation a pour objet des travaux portant sur la réhabilitation de l'étanchéité du patio pour le bâtiment délégation régionale côte d'azur du cnrs, comprenant également les études d'exécution.",fns,cmp2006,attribution,initial,CNRS Délégation Côte d'Azur,06905,Sophia Antipolis,"[('2021-07-06', 'Scoffier & Frères', (143058, 'EUR'), None)]",['Etanchéité'],[117],non,oui
21-93763,2021-07-06,2021-08-05,['8'],Mission d'Assistance à Maîtrise d'Ouvrage dans le domaine de la sûreté pour le patrimoine du Conseil Départemental des Ardennes-.,fns,cmp2006,appeloffre,initial,Conseil Départemental des Ardennes,08011,CHARLEVILLE MEZIERES cedex,,"['Alarme', ""Mission d'ordonnancement, pilotage, coordination (OPC)"", 'Surveillance', ""Assistance à maîtrise d'ouvrage""]","[5, 234, 331, 433]",non,non
21-93121,2021-07-06,2021-09-17,['10'],Nettoyage et révisions de vêtages des façades du collège de Marie Curie à TROYES (10)-.,fns,cmp2006,appeloffre,initial,DEPARTEMENT DE L AUBE,10000,TROYES,,"[""Tous corps d'état""]",[345],non,non
21-93399,2021-07-06,2021-09-10,['10'],Construction d'une halle sportive équipée d'une aire d'escalade à Rosières-près-Troyes (10) - Relance des lots 13 et 19-.,fns,cmp2006,appeloffre,initial,DEPARTEMENT DE L AUBE,10000,TROYES,,"[""Tous corps d'état""]",[345],non,non
21-93244,2021-07-06,2021-09-14,['10'],RENOVATION DES BATIMENTS COMMUNAUX 2021,fns,cmp2006,attribution,initial,Ville Saint-André les Vergers,10120,SAINT ANDRE LES VERGERS,"[('2021-06-22', ""AM'CO"", (14248.73, 'EUR'), None), ('2021-06-22', 'FRANCE 2000', (43961.0, 'EUR'), None), ('2021-06-22', 'SANTERNE ENERGIES EST', (5875.82, 'EUR'), None), ('2021-06-22', 'SANTERNE ENERGIES EST', (46838.93, 'EUR'), None), ('2021-06-22', 'LAGARDE ET MEREGNANI SAS', (9995.32, 'EUR'), None)]","[""Tous corps d'état""]",[345],non,non
21-93578,2021-07-06,2021-08-02,"['12', '46']","amenagement en traverse d'agglomeration"" traversée du crouzet """,mapa,cmp2006,appeloffre,initial,Mairie de VIVIEZ,12110,Viviez,,['Voirie'],[365],non,non
21-91751,2021-07-06,2021-09-03,"['13', '83', '6']",Réhabilitation du bureau de la viticulture de Draguignan (rénovation thermique),fns,cmp2006,appeloffre,initial,DI des douanes de Méditerranée,13002,marseille,,"['Climatisation', 'Cloison, faux plafond', 'Equipement thermique', 'Isolation', 'Peinture (travaux)']","[62, 63, 114, 169, 264]",non,non
21-93038,2021-07-06,2021-08-06,['13'],"Pour garantir la qualité de notre service et respecter nos engagements avec nos partenaires publics, Initiative Sud, et ses associations membres, se sont engagées à réaliser des audits de conformité r",mapa,cmp2006,appeloffre,initial,Initiative Sud,13002,Marseille,,"['Audit', 'Expertise comptable']","[21, 446]",non,non
21-93899,2021-07-06,2021-08-02,['13'],Prestations de vacations d'assistance sociale à destination des salariés de l'EFS PACA Corse,fns,cmp2006,appeloffre,initial,Etablissement Français du Sang,13005,Marseille,,['Prestations de services'],[274],non,non
21-93271,2021-07-06,2021-09-01,['13'],FOURNITURE ET LIVRAISON DES COLIS DE NOEL AU PROFIT DES PERSONNES AGEES DE LA VILLE D'AIX EN PROVENCE,fns,cmp2006,appeloffre,initial,COMMUNE D AIX EN PROVENCE,13100,Aix-en-Provence,,"['Denrées alimentaires', 'Repas, traiteur']","[88, 304]",non,oui
21-93811,2021-07-06,2021-08-09,['13'],"AP21007 DIAGNOSTIC, PLAN DE MAINTENANCE DES PASSERELLES MÉTALLIQUES DE SUPPORTAGES DES TUYAUTERIES POSTES A QUAI PORT PÉTROLIER DE LAVERA",fns,cmp2006,appeloffre,initial,FLUXEL,13117,LAVERA,,"['Assistance technique', 'Audit', 'Installation portuaire', 'Ouvrage métallique', 'Ingénierie']","[19, 21, 165, 254, 455]",non,non
21-93459,2021-07-06,2021-08-05,['13'],MISSION DE MAITRISE D'OEUVRE POUR LA TRANSFORMATION D'UNE AIRE DE JEU DE FOOTBALL (GAZON NATUREL) EN GAZON SYNTHETIQUE POUR LA COMMUNE DE BERRE L'ETANG,mapa,cmp2006,appeloffre,initial,Commune de Berre l'Etang,13130,BERRE L'ETANG,,['Terrain de sport'],[342],non,oui
21-93199,2021-07-06,2021-08-05,['13'],MISSION DE MAITRISE D'OEUVRE POUR LA CONSTRUCTION D'UN SKATE-PARK ET UN PUMPTRACK POUR LA COMMUNE DE BERRE L'ETANG,mapa,cmp2006,appeloffre,initial,Commune de Berre l'Etang,13130,BERRE L'ETANG,,"['Equipement sportif', 'Terrain de sport']","[113, 342]",non,non
21-93848,2021-07-06,2021-07-27,['13'],Câblage réseau informatique et pose de badgeuses - Commune de Miramas,mapa,cmp2006,appeloffre,initial,Commune de Miramas,13140,Miramas,,"['Câblage', 'Informatique (matériel)']","[47, 162]",non,non
21-93816,2021-07-06,2021-08-13,['13'],"LOCATION, INSTALLATION ET MAINTENANCE DE PHOTOCOPIEURS MULTIFONCTIONS",fns,cmp2006,appeloffre,initial,Commune de Saint Rémy de Provence,13210,Saint-Rémy-de-Provence,,"['Maintenance', 'Matériel de bureau']","[196, 207]",non,non
21-93319,2021-07-06,2021-09-14,['13'],Travaux de Restauration de la Tour du Fanal,fns,cmp2006,appeloffre,initial,MuCEM,13213,Marseille cedex 02,,['Monuments historiques'],[236],non,non
21-93355,2021-07-06,2021-08-04,"['6', '83', '4', '5', '84', '13']","Remplacement des menuiseries extérieures, ravalement de façades et mise en place d'une VMC au cantonnement de la CRS 06 de Saint-Laurent du Var",fns,cmp2006,appeloffre,initial,SGAP de Marseille,13311,Marseille cedex 14,,['Matériaux de construction'],[198],oui,oui
21-93127,2021-07-06,2021-07-30,['13'],"Prestations de conception, création, impression de supports de communication et d'achat de campagnes publicitaires sur les réseaux sociaux",fns,cmp2006,appeloffre,initial,Ville de Marseille,13424,Marseille cedex 12,,['Impression'],[160],non,oui
21-93270,2021-07-06,2021-08-11,['13'],"Service d'animation à vocation sportive, culturelle et scientifique pour les jeunes pennois de 12 à 17 ans",fns,cmp2006,appeloffre,initial,COMMUNE LES PENNES MIRABEAU,13758,LES PENNES MIRABEAU,,"['Prestations de services', 'Evénementiel']","[274, 445]",non,non
21-93765,2021-07-06,2021-08-27,['14'],travaux de plantation de haies bocagères sur le bassin versant de la dives,fns,cmp2006,appeloffre,initial,Syndicat Mixte du Bassin de la Dives,14170,Saint Pierre en Auge,,"['Bassin, étang']",[28],non,non
21-93379,2021-07-06,2021-09-15,['14'],AMÉNAGEMENT DU QUARTIER ÉCONOMIQUE ET RÉSIDENTIEL COMMUNAUTAIRE À TROUVILLE-SUR-MER ET VILLERVILLE,fns,cmp2006,appeloffre,initial,COMMUNAUTE COMMUNES COEUR COTE FLEURIE,14803,deauville,,"['Assistance technique', 'Etude']","[19, 118]",non,non
21-93722,2021-07-06,2021-07-27,['16'],Accord-cadre de transports scolaires,fns,cmp2006,appeloffre,rectificatif,Grand Cognac,16111,COGNAC,,['Transport'],[347],non,non
21-93791,2021-07-06,2021-07-29,['17'],Opération 378 : valorisation du coeur de Marius Lacroix : construction d'un kiosque,fns,cmp2006,appeloffre,initial,CH GPE HOSP DE LA ROCHELLE RE AUNIS,17019,La rochelle,,"[""Tous corps d'état""]",[345],non,non
21-92251,2021-07-06,2021-09-05,"['17', '33', '85', '86']","Analyses physico chimiques de sol, C/N de végétaux et de pesticides",joue,directive24,attribution,initial,Université de La Rochelle,17031,La rochelle,,"['Analyses médicales, biologiques']",[8],non,non
21-81700,2021-07-06,2021-08-04,['17'],réalisation d'entretien d'équipements d'élevage équin et des espaces verts sur le site de l'asinerie du baudet du poitou à dampierre sur boutonne,fns,cmp2006,appeloffre,initial,Cons. Départ. de la Charente-Maritime,17076,La Rochelle Cedex 9,,['Prestations de services'],[274],oui,oui
21-93530,2021-07-06,2021-08-04,['17'],Marché de travaux pour la réhabilitation du bâtiment EX-CEOS du Port Atlantique La Rochelle (17000). Marchés de travaux passés dans le respect des dispositions de l'article L.2123-1 du code de la,fns,cmp2006,appeloffre,initial,Semdas,17076,La rochelle cedex 9,,['Bâtiment'],[33],non,non
21-92817,2021-07-06,2021-09-06,['17'],routes départementales no 121-121e2-134e1 - commune de thors - aménagement de carrefour,fns,cmp2006,attribution,initial,Cons. Départ. de la Charente-Maritime,17076,La Rochelle Cedex 9,"[('2021-06-25', 'COLAS FRANCE', (184671.15, 'EUR'), None)]",['Voirie'],[365],non,non
21-93072,2021-07-06,2021-08-06,['17'],MISSION D'ASSISTANCE SUR LE VOLET ENVIRONNEMENTAL DU PLUI LORS DE SES EVOLUTIONS,fns,cmp2006,appeloffre,initial,CDA LA ROCHELLE,17086,La Rochelle,,['Etude'],[118],non,non
21-93158,2021-07-06,2021-09-06,['17'],AMENAGEMENT DU CHEMIN DES REMBLAIS,fns,cmp2006,appeloffre,initial,VILLE LA ROCHELLE,17086,La Rochelle,,['Espaces verts'],[116],non,non
21-93467,2021-07-06,2021-08-06,['17'],CREATION DU CIMETIERE NATUREL DE MIREUIL,fns,cmp2006,appeloffre,initial,VILLE LA ROCHELLE,17086,La Rochelle,,['Espaces verts'],[116],non,non
21-93212,2021-07-06,2021-09-01,['17'],Mission de Maîtrise d'oeuvre pour la restructuration et le redimensionnement du groupe scolaire et des locaux périscolaires,mapa,cmp2006,appeloffre,initial,COMMUNE DE SAINT-JUST-LUZAC,17320,SAINT JUST LUZAC,,"[""Maîtrise d'oeuvre""]",[197],non,non
21-93802,2021-07-06,2021-08-06,['17'],MARCHE DE TRAVAUX POUR LA CONSTRUCTION D'UNE STRUCTURE D'ACCUEIL SANS HEBERGEMENT POUR MINEURS SUR LA COMMUNE DE SURGERES,fns,cmp2006,appeloffre,initial,COMMUNE DE SURGERES,17700,SURGERES,,"[""Tous corps d'état""]",[345],non,non
21-93862,2021-07-06,2021-10-03,['18'],Réfection de l'étanchéité des Pyramides et de la Médiathèque de Bourges,fns,cmp2006,attribution,initial,Conseil départemental du Cher,18023,BOURGES,"[('2021-06-17', 'SMAC', (694000, 'EUR'), None), ('2021-06-17', 'DUN ENERGIES', (96800, 'EUR'), None)]","['Bardage', 'Chauffage (travaux)', 'Climatisation', 'Isolation']","[30, 61, 62, 169]",non,non
21-93099,2021-07-06,2021-07-30,['18'],"Travaux de réhabilitation d'un ancien local industriel en tiers lieu - 11, rue de la Gaucherie",fns,cmp2006,appeloffre,rectificatif,Ville de Vierzon,18103,Vierzon cedex,,['Bâtiment'],[33],non,non
21-93113,2021-07-06,2021-08-04,['19'],Prestations topographiques et foncières - secteurs Tulle-Brive/Midi Corrézien/Brive Ouest - 2021AFF026Les prestations concernent :  prestations de digitalisation de documents cadastraux et de r..,fns,cmp2006,appeloffre,initial,DEPARTEMENT DE LA CORREZE,19005,Tulle cedex,,['Etude'],[118],non,non
21-93798,2021-07-06,2021-07-27,['19'],Mise en oeuvre d'une nouvelle prise d'eau et d'une station d'alerte à la station de Couzergues - Ussel - 19200,fns,cmp2006,appeloffre,initial,COMMUNE D USSEL,19200,Ussel,,['Alimentation en eau potable'],[6],non,non
21-93280,2021-07-06,2021-08-10,['20B'],Marché public d'assurances pour le Syndicat mixte du Parc naturel régional de Corse,fns,cmp2006,appeloffre,initial,Parc naturel regional de Corse,20250,Corte,,['Assurance'],[20],non,non
21-93333,2021-07-06,2021-07-26,['20B'],Travaux de rénovation des logements du personnel du village club IGESA de la Marana,fns,cmp2006,appeloffre,initial,IGESA,20293,bastia,,"['Chauffage (travaux)', 'Climatisation', 'Cloison, faux plafond', 'Electricité (travaux)', 'Gros oeuvre', 'Maçonnerie', 'Menuiserie', 'Peinture (travaux)', 'Plomberie (travaux)', 'Revêtements de sols', 'Revêtements muraux', 'Amiante (désamiantage)']","[61, 62, 63, 105, 144, 195, 222, 264, 270, 308, 309, 479]",non,non
21-93875,2021-07-06,2021-07-26,['34'],Travaux de rénovation de la piscine du camping familial IGESA de Frontignan,fns,cmp2006,appeloffre,initial,IGESA,20293,Bastia,,"['Equipement de piscine', 'Maçonnerie', 'Menuiserie', 'Peinture (travaux)', 'Revêtements de sols', 'Revêtements muraux', 'Serrurerie', 'Terrassement']","[120, 195, 222, 264, 308, 309, 321, 341]",non,non
21-93286,2021-07-06,2021-10-03,['20A'],Numéro de la consultation : AV20-53 Contrôle technique anti-pollution et vérifications générales périodiques pour les véhicules de la Ville d'Ajaccio,fns,cmp2006,attribution,initial,COMMUNE D AJACCIO,20304,Ajaccio,"[('2021-02-11', 'contrôle technique automobile ajaccien', (8805, 'EUR'), None), ('2021-02-11', 'BUREAU VERITAS', (2825, 'EUR'), None)]",['Contrôle technique'],[72],non,non
21-93384,2021-07-06,2021-10-03,['20A'],Numéro de la consultation : AV20-71 Acquisition de fontaines à eau branchées sur le réseau pour l'équipement des services municipaux,fns,cmp2006,attribution,initial,COMMUNE D AJACCIO,20304,Ajaccio,"[('2021-02-11', 'Valesi Distribution Automatique', (33340, 'EUR'), None)]",['Fontaine'],[449],non,non
21-93435,2021-07-06,2021-09-30,"['21', '1', '39', '58', '71']","La consultation concerne la fabrication et la livraison de portes d'écluses neuves, en remplacement des portes existantes, équipées des accessoires de portes d?écluse.Les portes à fournir sont",fns,cmp2006,appeloffre,initial,Voies navigables de France,21000,Dijon,,['Ecluse'],[103],non,non
21-93084,2021-07-06,2021-07-29,"['21', '71']",marché de maîtrise d'oeuvre de construction du bâtimentde recherche universitaire calhipso au creusot.,fns,cmp2006,appeloffre,initial,Université de bourgogne,21078,Dijon,,"[""Maîtrise d'oeuvre""]",[197],non,non
21-93058,2021-07-06,2021-08-31,['52'],conception / realisation de la mise en sécurité des installations électriques du centre hospitalier de chaumont,fns,cmp2006,attribution,initial,Centre Hospitalier Universitaire Dijon,21079,dijon cedex,"[('2021-06-30', 'CEGELEC BOURGOGNE', (1140000.0, 'EUR'), None)]",['Electricité (travaux)'],[105],non,non
21-93148,2021-07-06,2021-08-31,['21'],extension bureaux en terrassesservice reanimation chirurgicale bocage central centre- rh,fns,cmp2006,attribution,initial,Centre Hospitalier Universitaire Dijon,21079,dijon cedex,[],"[""Tous corps d'état""]",[345],non,non
21-93745,2021-07-06,2021-10-03,['22'],Petits et moyens travaux pour le compte du GHT d'Armor - Relance de 4 lots,fns,cmp2006,attribution,initial,CENTRE HOSPITALIER SAINT BRIEUC,22027,SAINT-BRIEUC,,['Bâtiment'],[33],non,non
21-93548,2021-07-06,2021-08-05,['22'],Fourniture d'un système de vélos à assistance électrique en libre service (VAELS),fns,cmp2006,appeloffre,initial,Saint-Brieuc Agglomération,22044,Saint Brieuc Cedex 2,,['Véhicules (acquisition)'],[475],non,non
21-93398,2021-07-06,2021-10-03,['24'],Elaboration d'un schéma départemental des mobilités durables,fns,cmp2006,attribution,initial,Conseil Général de la Dordogne,24019,PERIGUEUX,"[('2021-06-23', 'Egis Villes & Transports', (50625, 'EUR'), None)]",['Etude'],[118],non,non
21-93310,2021-07-06,2021-10-03,['24'],RD 44 - RD 8 - Commune d'Eglise Neuve de Vergt - Modification du carrefour,mapa,cmp2006,attribution,initial,Conseil Général de la Dordogne,24019,PERIGUEUX,,['Génie civil'],[141],non,non
21-93306,2021-07-06,2021-10-03,['24'],Maîtrise d'oeuvre pour les travaux de construction du Centre d'Exploitation sur la commune de Terrasson Lavilledieu,mapa,cmp2006,attribution,initial,Conseil Général de la Dordogne,24019,PERIGUEUX,,"[""Maîtrise d'oeuvre""]",[197],non,non
21-93376,2021-07-06,2021-07-30,['24'],Mise en place d'une sectorisation sur le réseau d'alimentation en eau potable du secteur Boulazac sur la commune de Boulazac Isle Manoire,fns,cmp2006,appeloffre,initial,Le Grand Périgueux,24019,Périgueux,,['Alimentation en eau potable'],[6],non,non
21-93304,2021-07-06,2021-10-03,['24'],Maîtrise d'oeuvre des travaux d'isolation thermique des façades du collège Jacques Prévert à Bergerac,fns,cmp2006,attribution,initial,Conseil Général de la Dordogne,24019,PERIGUEUX,"[('2021-06-17', ""ATB SARL D'ARCHITECTURE"", (56175, 'EUR'), None)]","[""Maîtrise d'oeuvre""]",[197],non,non
21-93313,2021-07-06,2021-10-03,['24'],Réalisation et mise à jour des documents techniques amiante des bâtiments départementaux,fns,cmp2006,attribution,initial,Conseil Général de la Dordogne,24019,PERIGUEUX,,['Amiante (diagnostic)'],[431],non,non
21-93294,2021-07-06,2021-10-03,['24'],Maîtrise d'oeuvre pour les travaux d'isolation thermique des façades du collège Aliénor d'Aquitaine à Brantôme en Périgord,mapa,cmp2006,attribution,initial,Conseil Général de la Dordogne,24019,PERIGUEUX,,"[""Maîtrise d'oeuvre""]",[197],non,non
21-93314,2021-07-06,2021-10-03,['24'],RD no32E5 - Commune de MAUZENS ET MIREMONT - Démolition d'un ancien hôtel/restaurant et de ses dépendances,mapa,cmp2006,attribution,initial,Conseil Général de la Dordogne,24019,PERIGUEUX,,['Démolition'],[87],non,non
21-93312,2021-07-06,2021-10-03,['24'],"Collège de Sarlat-la-Canéda, fourniture et pose de préaux",fns,cmp2006,attribution,initial,Conseil Général de la Dordogne,24019,PERIGUEUX,"[('2021-06-14', 'FEBA CONSTRUCTION', (126150, 'EUR'), None)]",['Abris'],[1],non,non
21-93157,2021-07-06,2021-08-02,"['24', '33', '47']",fourniture et livraison de repas froids en liaison froide,fns,cmp2006,appeloffre,initial,Communauté,24112,Bergerac,,"['Repas, traiteur']",[304],non,non
21-93867,2021-07-06,2021-07-30,"['33', '24', '47']","Restauration de la Continuité Ecologique au droit du Moulin de Labarthe sur le cours d'eau du Dropt, communes de Camiran et les Esseintes - Visite du site obligatoire le 19 juillet 2021 à 10 h à",fns,cmp2006,appeloffre,initial,Syndicat mixte DROPT AVAL,24500,Eymet,,"['Maçonnerie', 'Rivières/ruisseaux', ""Travaux dans l'eau""]","[195, 310, 349]",non,non
21-93223,2021-07-06,2021-09-01,['25'],fourniture de produits préfabriqués en béton,fns,cmp2006,appeloffre,initial,Grand Besançon Métropole,25000,Besançon,,"['Matériaux routiers', 'Voirie']","[199, 365]",non,non
21-93436,2021-07-06,2021-08-17,['25'],Réinsertion professionnelle par la fourniture et l'entretien de couches lavables,fns,cmp2006,appeloffre,initial,Ville de Besançon,25034,Besançon cedex,,['Prestations de services'],[274],non,non
21-93596,2021-07-06,2021-08-06,['25'],conduite et maintenance des installations de production et distribution de froid de la cuisine centrale de besançon,fns,cmp2006,appeloffre,initial,Ville de Besançon,25034,Besançon cedex,,"['Chambre froide', 'Maintenance']","[56, 196]",non,non
21-93067,2021-07-06,2021-08-02,['25'],"marché de conception-réalisation réhabilitation complète et énergétique (niveau bbc rénovation minimum), de 97 logements collectifs en site occupé - 21 a à e, avenue fontaine argent à 25000 - besançon",fns,cmp2006,appeloffre,initial,LOGE.GBM,25052,Besançon cedex,,"['Bâtiment', 'Etude', 'Prestations de services', ""Tous corps d'état""]","[33, 118, 274, 345]",non,non
21-93699,2021-07-06,2021-09-15,['25'],Réalisation d'une étude pré-opérationnelle pour la mise en place d'une Opération Programmée d'Amélioration de l'Habitat (OPAH) sur le territoire de la CCGP,mapa,cmp2006,appeloffre,initial,Cté de Cnes du Grand Pontarlier,25301,PONTARLIER CEDEX,,"['Etude', 'Prestations de services']","[118, 274]",non,non
21-93290,2021-07-06,2021-07-26,['27'],construction d'une salle de réunion et de mariage. démolition d'un préau,divers,autre,appeloffre,initial,Mairie de Courcelles sur seine,27940,Courcelles sur seine,,"['Alarme', 'Bâtiment', 'Bois', 'Carrelage', 'Charpente', 'Cloison, faux plafond', 'Couverture', 'Démolition', 'Electricité (travaux)', 'Etanchéité', 'Gros oeuvre', 'Menuiserie', 'Ouvrage métallique', 'Peinture (travaux)', 'Plomberie (travaux)', 'Voirie et réseaux divers']","[5, 33, 38, 53, 57, 63, 74, 87, 105, 117, 144, 222, 254, 264, 270, 366]",non,non
21-93242,2021-07-06,2021-09-10,['28'],"Affaire no21V013 - Maintenance des toilettes publiques préfabriquées de type "" entretien automatique "" de la Ville de Chartres - relance.",fns,cmp2006,appeloffre,initial,Ville de Chartres,28019,CHARTRES CEDEX,,['Maintenance'],[196],non,non
21-93048,2021-07-06,2021-08-30,['29'],"Le projet du SIGNAL , Centre National des Phares, porté par le Conseil départemental du Finistère, consiste à créer un espace d'interprétation et de médiation, valorisant le domaine des phares et",fns,cmp2006,appeloffre,annulation,Société d'Aménagement du Finistère,29018,Quimper cedex,,['Bâtiment'],[33],non,non
21-90600,2021-07-06,2021-07-30,['29'],acquisition de consommables rfid (identification par radiofréquence) et codes à barres pour en équiper les collections de la bibliothèque du finistère.,mapa,cmp2006,appeloffre,initial,Département du Finistère,29196,Quimper,,"['Articles de bureau et articles scolaires', 'Consommables informatiques']","[16, 68]",non,non
21-93524,2021-07-06,2021-09-10,['29'],Mission de programmation et d'assistance à maîtrise d'ouvrage - Projet de construction du pôle de conservation externalisé pour le musée des Beaux-Arts de Brest,fns,cmp2006,appeloffre,initial,Brest métropole,29238,Brest cedex 02,,"[""Assistance à maîtrise d'ouvrage""]",[433],non,non
21-93544,2021-07-06,2021-09-10,['29'],Mission de programmation et d'assistance à maîtrise d'ouvrage - Projet de restructuration-extension du Musée des Beaux-Arts de Brest et de ses réserves dans le Carré des Arts,fns,cmp2006,appeloffre,initial,Brest métropole,29238,Brest cedex 02,,"[""Assistance à maîtrise d'ouvrage""]",[433],non,non
21-93154,2021-07-06,2021-07-29,['29'],AO6121_travaux de refonte partielle du système de sécurité incendie du bâtiment SOUMENT - BNB - Roland Morillot - FOST,fns,cmp2006DEFENSE,appeloffre,initial,ESID de Brest,29240,Brest cedex 9,,['Sécurité incendie'],[332],non,oui
21-93233,2021-07-06,2021-07-30,"['29', '22', '56', '35', '44', '75', '94', '95', '93']",mise à disposition de service s de télécommunications voix et données pour les besoins du groupement chemins du patrimoine en finistère et musées de territoires finistériens,mapa,cmp2006,appeloffre,annulation,EPCC CHEMINS DU PATRIMOINE,29460,Daoulas,,['Télécommunications'],[338],non,non
21-93037,2021-07-06,2021-07-30,['29'],mission d'accompagnement à l'élaboration du plan climat air énergie de la ccpld,mapa,cmp2006,appeloffre,initial,Cté de Cnes du pays de Landerneau,29800,Landerneau,,"['Etude', 'Prestations de services', 'Ingénierie']","[118, 274, 455]",non,non
21-93339,2021-07-06,2021-09-24,['31'],Plan de relance - Plan de comptage des fluides sur l'ensemble du site de l'ENVT,fns,cmp2006,appeloffre,initial,ECOLE NAL VETERINAIRE DE TOULOUSE,31076,Toulouse,,"['Chauffage (travaux)', 'Electricité (travaux)', 'Plomberie (travaux)']","[61, 105, 270]",non,non
21-93179,2021-07-06,2021-10-03,['31'],"Nettoyage et désinfection de colonnes pour la collecte en apport volontaire des ordures ménagères résiduelles, des emballages recyclables non fibreux, fibreux et du verre",fns,cmp2006,attribution,initial,CC DU BASSIN AUTERIVAIN HAUT GARONNAIS,31190,AUTERIVE,"[('2021-06-15', 'ESE FRANCE', (45928.25, 'EUR'), None)]",['Nettoyage urbain'],[240],non,non
21-77397,2021-07-06,2021-07-28,"['9', '12', '31', '32', '40', '65', '66', '69', '81']",fourniture d'automates programmables industriels redondants pour le tunnel de foix,fns,cmp2006,appeloffre,initial,DIR Sud-Ouest,31300,Toulouse,,"['Informatique (matériel)', 'Automate']","[162, 402]",non,non
21-93149,2021-07-06,2021-08-06,['32'],RD935 - PR 7+257 à 12+786 - Travaux de réféction de chaussée - communes de Saint Germé / Maulicheres,fns,cmp2006,appeloffre,initial,Département de Gers,32022,Auch,,['Voirie'],[365],non,non
21-93073,2021-07-06,2021-07-30,['32'],Acquisition d'un compacteur à pneus,fns,cmp2006,appeloffre,initial,Département de Gers,32022,Auch,,['Véhicules (acquisition)'],[475],non,non
21-93850,2021-07-06,2021-08-13,['32'],Maîtrise d'oeuvre pour les travaux de mise en conformité de la continuité écologique d'un ouvrage d'art sur la commune de Ju-belloc,mapa,cmp2006,appeloffre,initial,Département de Gers,32022,Auch,,"[""Maîtrise d'oeuvre"", ""Ouvrage d'art""]","[197, 252]",non,non
21-93553,2021-07-06,2021-08-02,"['82', '33', '75']",Acquisition de moyens de stockage et de charge de batteries au profit du 9eme regiment de soutien aeromobile,fns,cmp2006,appeloffre,rectificatif,MINARM/DMAé,33068,Bordeaux cedex,,"['Aéronautique', 'Equipement industriel']","[4, 112]",non,non
21-93815,2021-07-06,2021-07-29,['33'],Prestation de service d'interprétariat et de médiation interculturelle,fns,cmp2006,appeloffre,initial,DEPARTEMENT DE LA GIRONDE,33074,Bordeaux,,['Prestations de services'],[274],non,non
21-93365,2021-07-06,2021-07-14,['75'],"L'accord-cadre concerne la prestation de service ayant pour objet le développement d'actions de formation sur la justice résolutive des problèmes d'addiction (projet "" MILDECA 2021 "" -",fns,cmp2006,appeloffre,initial,ECOLE NATIONALE DE LA MAGISTRATURE,33080,Bordeaux cédex,,['Assistance technique'],[19],non,non
21-93892,2021-07-06,2021-08-15,['33'],Réfection et renforcement de la chaussée - Rue du Maréchal Foch,mapa,cmp2006,appeloffre,initial,COMMUNE DE MARGAUX-CANTENAC,33460,Margaux-cantenac,,['Voirie et réseaux divers'],[366],non,non
21-93236,2021-07-06,2021-09-08,['34'],Travaux de rénovation des installations de plomberie et travaux annexes,fns,cmp2006,appeloffre,initial,C.R.O.U.S. de Montpellier,34033,Montpellier,,"[""Tous corps d'état""]",[345],non,non
21-93782,2021-07-06,2021-09-04,['34'],Achat d'équipements d'animalerie,fns,cmp2006,appeloffre,initial,UNIVERSITE DE MONTPELLIER,34090,Montpellier,,['Laboratoire (matériel)'],[188],non,non
21-93353,2021-07-06,2021-07-28,['34'],Extension du cluster baies de disques NETAPP,fns,cmp2006,appeloffre,initial,UNIVERSITE DE MONTPELLIER,34090,Montpellier,,['Equipements spécialisés'],[115],non,non
21-93324,2021-07-06,2021-09-27,['34'],Construction de la station de traitement d'eau potable sur le site de Ranz,fns,cmp2006,appeloffre,initial,SIEA de Ganges,34190,Ganges,,"['Alimentation en eau potable', 'Génie civil', 'Terrassement']","[6, 141, 341]",non,non
21-93780,2021-07-06,2021-07-28,['34'],Acquisition de métallerie - Relance,fns,cmp2006,appeloffre,initial,COMMUNE DE LUNEL,34403,Lunel cedex,,['Métallerie'],[223],non,non
21-93366,2021-07-06,2021-08-23,['34'],Construction d'une station de prétraitement des Lixiviats par procédé végétalisé,fns,cmp2006,appeloffre,initial,COMMUNAUTE D AGGL BEZIERS MEDITERRANEE,34536,Béziers,,"[""Station d'épuration (exploitation)""]",[335],non,oui
21-93788,2021-07-06,2021-08-23,['34'],Travaux d'extension du centre de secours d'Assas,fns,cmp2006,appeloffre,initial,SCE DEPARTEMENTAL INCENDIE ET SECOURS,34570,VAILHAUQUES,,"['Bâtiment', 'Cloison, faux plafond', 'Gros oeuvre', 'Menuiserie', 'Plomberie (travaux)']","[33, 63, 144, 222, 270]",non,non
21-93111,2021-07-06,2021-08-19,['34'],"Marché d'exploitation PF P2/P3 des installations de chauffage, de production d'ECS, de climatisation et de traitement d'air des bâtiments communaux de Lodève",fns,cmp2006,appeloffre,initial,Commune de Lodève,34700,Lodeve,,"['Chauffage (exploitation, entretien)']",[59],non,non
21-93852,2021-07-06,2021-07-29,['34'],RENOVATION THERMIQUE ET ENERGETIQUE PARTIELLE DE L?ECOLE MATERNELLE LOUISE MICHEL,fns,cmp2006,appeloffre,initial,COMMUNE DE BOUJAN SUR LIBRON,34760,BOUJAN SUR LIBRON,,['Bâtiment'],[33],non,non
21-93849,2021-07-06,2021-07-30,['34'],Travaux d'aménagement de voirie de l'avenue du Pichagret : voirie et réseaux,fns,cmp2006,appeloffre,initial,COMMUNE DE SAINT GELY DU FESC,34980,SAINT GELY DU FESC,,['Voirie'],[365],non,non
21-93433,2021-07-06,2021-07-23,['35'],Rénovation de 4 maisonnettes Patis Fraux à Vern Sur Seiche,mapa,cmp2006,appeloffre,rectificatif,SA HLM LES FOYERS,35000,Rennes,,['Bâtiment'],[33],non,non
21-93094,2021-07-06,2021-10-12,['35'],"Opération de vidange, curage, inspection et remise en service du Digesteur et ses opérations d'opportunités",fns,cmp2006,appeloffre,initial,Rennes Métropole,35031,RENNES CEDEX,,"['Assainissement', ""Station d'épuration (travaux)""]","[18, 328]",non,non
21-93238,2021-07-06,2021-08-04,"['76', '27', '28', '60']",La présente consultation concerne des travaux pour la création d'un parking aux abords du bâtiment 43 et l'élargissement de la voirie d'accès ainsi que la création du réseau d'assa,fns,cmp2006,appeloffre,initial,SGAMI OUEST,35207,Rennes cedex 2,,['Réseaux divers'],[306],non,oui
21-93360,2021-07-06,2021-08-06,['35'],RÉVISION DU PLAN LOCAL DE L'URBANISME DE LA VILLE DE SAINT-MALO,fns,cmp2006,appeloffre,initial,Ville de Saint-Malo,35418,Saint-malo,,['Etude'],[118],non,non
21-93101,2021-07-06,2021-08-03,['35'],La présente consultation concerne des TRAVAUX D'AMÉNAGEMENTS DANS L'ÉCOLE MARIE CURIE.Les travaux concernent le réaménagement de classes dans l'enceinte de l'école Marie Curie à R,fns,cmp2006,appeloffre,initial,Ville de Redon,35601,Redon cedex,,"['Maçonnerie', 'Peinture (travaux)', 'Plomberie (travaux)', 'Revêtements de sols', 'Serrurerie']","[195, 264, 270, 308, 321]",non,non
21-93794,2021-07-06,2021-08-02,"['35', '22', '29', '56']",Port de pêche de Lorient-Keroman - Travaux de réfection des défenses sur les ducs d'Albe d'accostage du quai Michel Tonnerre et quai de 100 m,fns,cmp2006,appeloffre,initial,Région Bretagne,35711,Rennes cedex 7,,['Ouvrage métallique'],[254],non,non
21-93053,2021-07-06,2021-09-02,['36'],entretien du linge plat et des vêtements professionnels pour l'etablissement public départemental blanche de fontarce - 2 sites -chaillac (36310),fns,cmp2006,attribution,initial,EPD Blanche de Fontarce,36000,Châteauroux,,['Blanchissage'],[36],non,non
21-93667,2021-07-06,2021-07-23,['37'],Formations paramédicales en e-learning,fns,cmp2006,appeloffre,initial,CENTRE HOSPITALIER REG UNVT DE TOURS,37044,Tours cedex 9,,['Formation'],[410],non,non
21-93771,2021-07-06,2021-07-19,['37'],"Fourniture,pose et installation de panneaux d'affichage dynamique à LED pour la ville de Chambray-Lès-Tours",fns,cmp2006,appeloffre,initial,mairie de chambray les tours,37170,Chambray les tours,,['Panneaux'],[261],non,non
21-91371,2021-07-06,2021-09-14,['37'],prestations de services d'assurances pour les besoins de la commune de savonnières,fns,cmp2006,appeloffre,initial,mairie de savonnieres,37510,Savonnières,,['Assurance'],[20],non,non
21-93153,2021-07-06,2021-08-02,"['38', '69']",Travaux de réhabilitation des sanitaires extérieurs au collège Frédéric Mistral à Saint Maurice l'Exil,mapa,cmp2006,appeloffre,initial,DEPARTEMENT DE L ISERE,38022,Grenoble,,['Sanitaire'],[319],non,non
21-93574,2021-07-06,2021-07-27,['38'],Réalisation de deux panoramas numériques de presse et médias pour le Département de l'IsèreLe Département de l'Isère souhaite mettre en place deux panoramas de presse numériques personnalis,fns,cmp2006,appeloffre,initial,DEPARTEMENT DE L ISERE,38022,Grenoble,,['Prestations de services'],[274],non,non
21-93647,2021-07-06,2021-09-27,['38'],Réhabilitation du collège Philippe Cousteau à Tignieu-Jameyzieu (38),fns,cmp2006,appeloffre,initial,Département de l'Isère,38028,Grenoble cedex 1,,"[""Tous corps d'état""]",[345],non,non
21-93871,2021-07-06,2021-09-23,['38'],Délégation du service public de production et de distribution d'eau potable du secteur de l'Amballon,dsp,dsp,appeloffre,initial,CA VIENNE CONDRIEU,38200,Vienne,,['Alimentation en eau potable'],[6],non,non
21-93845,2021-07-06,2021-09-23,['38'],Délégation du service public de production et de distribution d'eau potable de la commune des Côtes-d'Arey,dsp,dsp,appeloffre,initial,CA VIENNE CONDRIEU,38200,Vienne,,['Alimentation en eau potable'],[6],non,non
21-93318,2021-07-06,2021-07-30,['38'],"rénovation et aménagements extérieurs et intérieur, réseaux divers de la salle du rozat",mapa,cmp2006,appeloffre,initial,Ville de St Ismier,38330,Saint-Ismier,,['Réseaux divers'],[306],non,non
21-93847,2021-07-06,2021-07-30,['38'],Mise en place d'une stratégie de chèques cadeaux multi-enseignes,fns,cmp2006,appeloffre,initial,ENTRE BIEVRE ET RHONE,38550,SAINT MAURICE L EXIL,,"['Etude', 'Prestations de services']","[118, 274]",non,non
21-92786,2021-07-06,2021-09-06,['39'],montmorot - restructuration de l'accueil de loisirs sans hébergement (a.l.s.h.) - consultation de maitrise d'oeuvre,mapa,cmp2006,appeloffre,initial,SIDEC du Jura,39000,Lons le Saunier,,"[""Maîtrise d'oeuvre""]",[197],non,non
21-93269,2021-07-06,2021-07-28,['39'],Animation du Programme d'Intérêt Général 'Accompagnement à la rénovation énergétique',fns,cmp2006,appeloffre,initial,DEPARTEMENT DU JURA,39039,LONS LE SAUNIER,,['Prestations de services'],[274],non,non
21-93550,2021-07-06,2021-08-13,['39'],Construction d'une salle polyvalente Rue Malet à Dole,fns,cmp2006,appeloffre,initial,Ville de Dole,39109,DOLE CEDEX,,"['Bâtiment', 'Carrelage', 'Charpente', 'Chauffage (travaux)', 'Couverture', 'Electricité (travaux)', 'Gros oeuvre', 'Menuiserie', 'Peinture (travaux)', 'Plâtrerie', 'Plomberie (travaux)', 'Sanitaire', 'Terrassement', 'Ventilation', 'Voirie et réseaux divers', 'Zinguerie']","[33, 53, 57, 61, 74, 105, 144, 222, 264, 269, 270, 319, 341, 360, 366, 372]",non,non
21-93359,2021-07-06,2021-08-27,['39'],TRAVAUX D'EXTENSION ET DE RENOVATION D'UN LABORATOIRE DE TRANSFORMATION EXISTANT,fns,cmp2006,appeloffre,initial,CC Bresse Haute Seille,39140,Bletterans,,"['Couverture', 'Maçonnerie', 'Terrassement']","[74, 195, 341]",oui,non
21-93786,2021-07-06,2021-08-27,['39'],Construction d'un ensemble de 8 garages,fns,cmp2006,appeloffre,initial,CC Bresse Haute Seille,39140,Bletterans,,"['Couverture', 'Gros oeuvre', 'Terrassement']","[74, 144, 341]",non,non
21-92616,2021-07-06,2021-08-02,['40'],travaux de démolition d'un hangar tertiaire avenue saint-vincent-de-paul,fns,cmp2006,appeloffre,initial,Communauté agglomération du Grand Dax,40102,Dax cedex,,"['Démolition', 'Amiante (désamiantage)']","[87, 479]",non,non
21-93662,2021-07-06,2021-08-06,['40'],traitement du génie-civil du prétraitement de la steu b.coutanceau à soustons,fns,cmp2006,appeloffre,initial,SM EMMA,40140,Soustons,,['Assainissement'],[18],non,non
21-93325,2021-07-06,2021-09-04,['40'],Mission de maîtrise d'oeuvre pour la construction d'une extension du siège de la communauté de communes Côte Landes Nature,fns,cmp2006,appeloffre,initial,CC Côte Landes Nature,40260,CASTETS,,"[""Maîtrise d'oeuvre""]",[197],non,non
21-93718,2021-07-06,2021-08-03,['41'],Rénovation du plateau sportif du Collège Léonard de Vinci à ROMORANTIN LANTHENAY,fns,cmp2006,appeloffre,initial,CONSEIL DEPARTEMENTAL DE LOIR-ET-CHER,41020,Blois,,['Terrain de sport'],[342],non,oui
21-93621,2021-07-06,2021-07-30,['42'],RD8 - Remplacement de canalisations DN1500 et DN400 - Commune de Vézelin sur Loire/Dancé,fns,cmp2006,appeloffre,initial,Conseil Général de la Loire,42022,Saint-Etienne,,['Voirie'],[365],non,oui
21-93749,2021-07-06,2021-10-03,['42'],ILLUMINATIONS DES FETES DE FIN D'ANNEE LOCATION DE MATERIELS,fns,cmp2006,attribution,initial,Ville de Saint-Chamond,42400,Saint-Chamond,,['Matériel électrique'],[203],non,non
21-93792,2021-07-06,2021-07-28,['44'],"Prestations de contrôle technique obligatoire des VL, VLU, VU, des poids lourds ainsi que le contrôle des limiteurs de vitesse poids lourds",fns,cmp2006,appeloffre,initial,Conseil départemental Loire-Atlantique,44041,NANTES,,['Contrôle technique'],[72],non,non
21-93588,2021-07-06,2021-08-27,['44'],aménagement de l'avenue des villages à carquefou - phase 3,fns,cmp2006,appeloffre,initial,Nantes Métropole,44094,Nantes Cedex 1,,"['Assainissement', 'Eclairage public', 'Espaces verts', 'Réseaux divers', 'Terrassement', 'Voirie', 'Voirie et réseaux divers']","[18, 102, 116, 306, 341, 365, 366]",non,non
21-93103,2021-07-06,2021-08-10,['44'],contrôle périodique des aires de jeux et des équipements sportifs de proximité,mapa,cmp2006,appeloffre,initial,Ville de Nantes,44094,Nantes cedex 1,,"['Equipement sportif', 'Maintenance']","[113, 196]",non,non
21-93257,2021-07-06,2021-07-28,['44'],jardin du canada: aménagement d'une aire de convivialité et d'une aire de glisse,fns,cmp2006,appeloffre,initial,COMMUNE DE NANTES,44094,Nantes Cedex 1,,"['Espaces verts', 'Voirie et réseaux divers', 'Aire de jeux']","[116, 366, 400]",non,non
21-93356,2021-07-06,2021-08-25,"['49', '44']",Les travaux consisteront en la construction de 3 zones de rehausse de la ligne d'eau par rechargement en enrochements colmatés et alluvions grossières.,mapa,cmp2006,appeloffre,initial,DREAL Pays de la Loire,44263,Nantes cedex 2,,['Ouvrage hydraulique'],[255],non,oui
21-93057,2021-07-06,2021-07-30,['44'],Etude d'impact - Projet de réorganisation des circulations et accès au campus d'ONIRIS sur le site de La Géraudière à Nantes,mapa,cmp2006,appeloffre,initial,ONIRIS,44307,Nantes,,"['Voirie', ""Assistance à maîtrise d'ouvrage""]","[365, 433]",non,oui
21-93828,2021-07-06,2021-09-03,['44'],Acquisition et livraison de couches pédiatriques écologiques jetables à destination des établissements d'accueil de jeunes enfants de la Ville de Saint-Herblain.,fns,cmp2006,appeloffre,initial,Commune de Saint-Herblain,44802,Saint herblain cedex,,['Couches'],[73],non,non
21-93663,2021-07-06,2021-09-03,['44'],Aménagement d'une continuité piétonne et la réalisation d'un parking au 88 bis rue de la convention à nantes,fns,cmp2006,appeloffre,initial,Nantes Métropole,44929,Nantes cedex9,,['Voirie'],[365],non,non
21-93185,2021-07-06,2021-10-03,['45'],Travaux sur le réseau d'eau potable route d'Orléans et route de St Cyr,fns,cmp2006,attribution,initial,Commune de Sandillon,45640,Sandillon,"[('2021-07-06', ""COLAS FRANCE - ETS d'ORLEANS"", (175682.7, 'EUR'), None)]",['Alimentation en eau potable'],[6],non,non
21-93711,2021-07-06,2021-08-06,['46'],REQUALIFICATION DU PARC TASSART,fns,cmp2006,appeloffre,initial,COMMUNE DE CAHORS,46005,CAHORS,,['Voirie'],[365],non,non
21-93266,2021-07-06,2021-07-30,['46'],FOURNITURE ET LIVRAISON DE CONTENEURS ROULANTS,fns,cmp2006,appeloffre,initial,COMMUNAUTE D AGGL DU GRAND CAHORS,46005,CAHORS,,['Ordures ménagères (prestations)'],[249],non,non
21-93582,2021-07-06,2021-08-23,['46'],Étude de faisabilité d'un pôle d'échanges multimodal - Secteur gare ferroviaire de Figeac,mapa,cmp2006,appeloffre,initial,Commune de Figeac,46106,FIGEAC,,['Ingénierie'],[455],non,non
21-93744,2021-07-06,2021-10-03,['47'],Réhabilitation partielle du bâtiment 1 du centre d'incendie et de secours de Marmande,fns,cmp2006,attribution,initial,SCE DEPARTEMENTAL INCENDIE ET SECOURS,47510,Foulayronnes,"[('2021-06-24', 'PROMPT-DESAMIANTAGE', (12479.82, 'EUR'), None), ('2021-06-24', 'ETS BERTO', (49935.89, 'EUR'), None), ('2021-06-23', 'SUD-OUEST MONTAGE', (30717.78, 'EUR'), None), ('2021-06-23', 'CAPSTYLE', (19132, 'EUR'), None)]","['Bâtiment', 'Couverture', 'Isolation', 'Porte automatique, portail']","[33, 74, 169, 412]",non,non
21-93611,2021-07-06,2021-10-03,['47'],Réfection de la couverture des logements de Casteljaloux,fns,cmp2006,attribution,initial,SCE DEPARTEMENTAL INCENDIE ET SECOURS,47510,Foulayronnes,"[('2021-06-22', 'NOVAMIANTE', (125989, 'EUR'), None)]","['Bâtiment', 'Couverture']","[33, 74]",non,non
21-93672,2021-07-06,2021-07-28,['49'],Investigations complémentaires et Marquage des réseaux enterrés sur le territoire de la CASVL (49),fns,cmp2006,appeloffre,initial,CA SAUMUR VAL DE LOIRE,49408,Saumur Cedex,,"['Assistance technique', 'Canalisations', 'Ingénierie']","[19, 48, 455]",non,non
21-93594,2021-07-06,2021-08-06,['49'],Mise en oeuvre et exploitation d'un service de Transport à la Demande (TAD) sur les Communes de Montrevault-sur-Èvre et Mauges-sur-Loire,fns,cmp2006,attribution,initial,MAUGES COMMUNAUTE,49602,Beaupréau-en-Mauges cedex,[],['Transport'],[347],non,non
21-91755,2021-07-06,2021-08-02,"['51', '57', '67']",marché de services relatif à l'élaboration de la feuille de route et du plan d'affaires à 3 ans dans le cadre de la création d'une centrale d'achat pour la restauration collective en région grand est.,mapa,cmp2006,appeloffre,initial,REGION GRAND EST,51037,Châlons en Champagne cedex,,['Prestations de services'],[274],non,non
21-93751,2021-07-06,2021-09-17,['54'],Travaux de création d'un ascenseur de type monte-malades,fns,cmp2006,appeloffre,initial,CHRU de Nancy,54035,Nancy cedex,,['Appareil élévateur'],[11],non,oui
21-92731,2021-07-06,2021-09-30,['54'],Réalisation d'enquêtes de circulation et de stationnement - Programme 2021 - 2025,fns,cmp2006,attribution,initial,Métropole du Grand Nancy,54035,NANCY CEDEX,,"['Etude', 'Sondage, enquête']","[118, 471]",non,non
21-93249,2021-07-06,2021-09-20,['54'],Fourniture et installation sur la BN de Cherbourg d'une station-service conteneurisée ISO 20 pieds comprenant une capacité de stockage de carburant F-67 de 12 000 litres ainsi que le matériel de,fns,cmp2006,attribution,initial,DELPIA,54035,Nancy cedex,,['Equipement industriel'],[112],non,non
21-93204,2021-07-06,2021-09-14,['54'],Investigations topographiques complémentaires dans le cadre de l?étude d?amélioration de la connaissance du bassin versant de la Moulaine,mapa,cmp2006,attribution,initial,CA DE LONGWY,54414,Longwy Cedex,,['Topographie'],[344],non,non
21-93795,2021-07-06,2021-08-03,"['55', '52', '54', '57', '88']",REHABILITATION DES VESTIAIRES EXISTANTS ET MISE EN SECURITE DU TERRAIN MULTISPORTS SYLVAIN WOIMBEE A LACROIX-SUR-MEUSE-.,fns,cmp2006,appeloffre,initial,COMMUNE DE LACROIX SUR MEUSE,55300,Lacroix-sur-Meuse,,"['Bardage', 'Carrelage', 'Charpente', 'Couverture', 'Gros oeuvre', 'Menuiserie', ""Tous corps d'état""]","[30, 53, 57, 74, 144, 222, 345]",non,non
21-93829,2021-07-06,2021-08-09,['56'],"Marché d'entretien des mouillages : nettoyage, inspection, réfection dans les ports de la Compagnie des Ports du Morbihan",fns,cmp2006,appeloffre,initial,COMPAGNIE DES PORTS DU MORBIHAN,56006,VANNES,,"['Installation portuaire', 'Travaux sous-marins']","[165, 351]",non,non
21-93026,2021-07-06,2021-07-13,['56'],Marché de travaux pour la réalisation d'un élargissement du Quai des Voiliers - port départemental du Crouesty - par structure métallique sur fondations mixtes : semelle superficielle+micropieux,fns,cmp2006,appeloffre,initial,COMPAGNIE DES PORTS DU MORBIHAN,56006,VANNES,,"['Fondations spéciales', ""Ouvrage d'art"", ""Ouvrage d'infrastructure"", 'Ouvrage métallique']","[129, 252, 253, 254]",non,non
21-93448,2021-07-06,2021-09-04,['56'],Fourniture et livraison de produits d'hygiène et d'articles de nettoyage pour les services de la ville de Pontivy( (56),fns,cmp2006,appeloffre,rectificatif,COMMUNE DE PONTIVY,56300,Pontivy Cedex,,['Hygiène (articles)'],[153],non,non
21-93349,2021-07-06,2021-09-08,['56'],Prestations de services d'assurances 'IARD',fns,cmp2006,appeloffre,initial,Commune de Languidic,56440,Languidic,,['Assurance'],[20],non,non
21-93761,2021-07-06,2021-09-03,"['54', '55', '57', '88', '67']",La viabilisaton de la voirie Nord-Est de la ZAC Moselle Rive Gauche à Messein.,fns,cmp2006,appeloffre,initial,sebl,57045,Metz cedex,,['Voirie et réseaux divers'],[366],non,non
21-93531,2021-07-06,2021-09-04,['57'],Marché de balayage,fns,cmp2006,appeloffre,initial,CCPHVA,57390,AUDUN LE TICHE,,['Nettoyage urbain'],[240],non,non
21-93323,2021-07-06,2021-09-04,['57'],Assurance PRELUDE/METHA²,mapa,cmp2006,appeloffre,initial,CCPHVA,57390,AUDUN LE TICHE,,['Assurance'],[20],non,non
21-93389,2021-07-06,2021-08-30,['57'],Prestations de services d'assurances,mapa,cmp2006,appeloffre,initial,Cté de Cnes du Pays Haut Val d'Alzette,57390,Audun-Le-Tiche,,['Assurance'],[20],non,non
21-93568,2021-07-06,2021-07-29,['57'],Mission de programmation pour la création d'une médiathèque dans le quartier Lizé à Montigny-lès-Metz,mapa,cmp2006,appeloffre,initial,COMMUNE DE MONTIGNY LES METZ,57950,MONTIGNY-LES-METZ,,['Ingénierie'],[455],non,non
21-93345,2021-07-06,2021-07-21,"['59', '62', '60', '80', '2']",Services de prestation graphique pour la Chambre de Métiers et de l'Artisanat Hauts-de-France dans le cadre de l'opération Artisan en'Or,fns,cmp2006,appeloffre,initial,CMAR Hauts de France,59011,LILLE,,['Prestations de services'],[274],non,non
21-93213,2021-07-06,2021-08-28,"['59', '62', '80', '60', '2']",Securisation commissariat de Gravelines,fns,cmp2006,appeloffre,initial,SGAMI de Lille,59012,Lille cedex,,"[""Contrôle d'accès""]",[81],non,non
21-89646,2021-07-06,2021-09-04,['59'],déplacement du poste de transformation ht / bt du restaurant pariselle à villeneuve d'ascq,fns,cmp2006,attribution,initial,CROUS de Lille,59017,Lille cedex,"[('2021-07-05', 'Eiffage Energie Systemes - Nord', (285000, 'EUR'), None)]",['Electricité (travaux)'],[105],non,oui
21-93500,2021-07-06,2021-08-14,"['76', '62', '59', '2', '60', '80']",Les travaux faisant l'objet du présent marché concernent la réhabilitation du clapet de régulation du bassin du port de pêche du Tréport.,fns,cmp2006,appeloffre,initial,CCI de région Nord de France,59031,Lille cedex,,['Equipements spécialisés'],[115],non,non
21-93489,2021-07-06,2021-08-23,['59'],Rédaction des procès-verbaux pour les réunions du C.H.S.C.T et du C.T.E (puis C.S.E) du CHU de Lille,fns,cmp2006,appeloffre,initial,CHU DE LILLE,59037,Lille cedex,,"['Publicité, Communication']",[285],non,non
21-93519,2021-07-06,2021-09-07,"['59', '62']","Conclusion et exécution d'une convention de participation portant sur le risque prévoyance, accompagnée de son contrat d'assurance collective",divers,autre,appeloffre,initial,Ville de Dunkerque,59140,Dunkerque,,['Assurance'],[20],non,non
21-93098,2021-07-06,2021-08-05,['59'],Impression des éléments de communication,fns,cmp2006,appeloffre,initial,mairie de loon plage,59279,Loon-Plage,,['Impression'],[160],non,non
21-93720,2021-07-06,2021-07-15,['59'],Supervision et télégestion de l'éclairage des parcs d'activité et tvx de réparation et d'entretien des installations d'éclairage public sur tout le territoire de Valenciennes Métropole (rectificatif),fns,cmp2006,appeloffre,rectificatif,Cté d'Agglo Valenciennes Métropole,59300,Valenciennes,,"['Eclairage public', 'Télégestion']","[102, 352]",non,non
21-93125,2021-07-06,2021-08-05,['59'],Réfection de l'Eglise du Sacré Coeur de Coudekerque-Branche,fns,cmp2006,appeloffre,initial,Ville de Coudekerque-Branche (59),59411,Coudekerque Branche Cédex,,"['Monuments historiques', 'Plâtrerie', 'Prestations de services', 'Revêtements muraux']","[236, 269, 274, 309]",non,non
21-93054,2021-07-06,2021-09-06,['59'],maintenance des installations de contrôle d'accès et de paiement pour les parcs de stationnement en surface de la ville de douai,fns,cmp2006,attribution,initial,Commune de Douai,59508,Douai cedex,,['Maintenance'],[196],non,non
21-93539,2021-07-06,2021-08-06,['59'],RÉHABILITATION ET EXTENSION DE LA SALLE JACQUES SECRÉTIN,fns,cmp2006,appeloffre,initial,Ville de Caudry,59544,Caudry cedex,,"['Démolition', 'Gros oeuvre', 'Menuiserie', 'Ravalement', 'Revêtements de sols']","[87, 144, 222, 299, 308]",non,non
21-93274,2021-07-06,2021-09-24,['59'],Construction d'une salle de sport pour le Lycée Professionnel Dinah Derycke à Villeneuve d'Ascq (10 lots),fns,cmp2006,appeloffre,initial,CONSEIL REGIONAL HAUTS DE FRANCE,59555,Lille,,"['Charpente', 'Couverture', 'Gros oeuvre', 'Menuiserie', 'Plomberie (travaux)']","[57, 74, 144, 222, 270]",oui,non
21-93769,2021-07-06,2021-08-17,['59'],Travaux de remplacement de deux ascenseurs,fns,cmp2006,appeloffre,initial,Hôpital-Maison de Retraite de Comines,59559,COMINES Cedex,,['Ascenseur'],[17],non,oui
21-93239,2021-07-06,2021-07-30,['59'],HEM - 'Ancienne imprimerie Desurmont' - Travaux de démolition et de retrait des sources concentrées de pollution - Ville de Hem,fns,cmp2006,appeloffre,initial,ETS PUBLIC FONCIER NORD PAS DE CALAIS,59777,EURALILLE,,"['Démolition', 'Dépollution']","[87, 442]",non,non
21-93764,2021-07-06,2021-07-30,['80'],Canal du nord Consolidation de berges dans le bief 7/8,mapa,cmp2006,appeloffre,initial,Voies navigables de France,60200,Compiègne,,['Enrochements'],[110],non,non
21-93476,2021-07-06,2021-09-15,"['60', '80']",marché de contrôle périodique des installations technique du centre hospitalier isarien,fns,cmp2006,appeloffre,initial,CHI de Clermont,60600,Clermont,,['Contrôle technique'],[72],non,non
21-93527,2021-07-06,2021-09-06,['61'],le présent marché a pour objet une mission de contrôle d'exploitation du chauffage urbain de la ville d'argentan.,mapa,cmp2006,attribution,initial,Commune d'Argentan,61201,Argentan Cedex,,"['Assistance technique', 'Assistance juridique']","[19, 434]",non,non
21-87239,2021-07-06,2021-07-27,['62'],prestations de blanchisserie et de pressing pour le département du pas-de-calais - 4 lots,fns,cmp2006,appeloffre,initial,Conseil départemental du Pas-de-Calais,62018,Arras cedex 9,,"['Habillement', 'Prestations de services']","[150, 274]",oui,oui
21-90736,2021-07-06,2021-07-26,['62'],21S0318-mpa-datm- fourniture de vaccins destinés à divers services du département - 2 lots,fns,cmp2006,appeloffre,initial,Conseil départemental du Pas-de-Calais,62018,Arras cedex 9,,['Produits pharmaceutiques'],[280],non,non
21-93522,2021-07-06,2021-09-10,['62'],mpa cbmt 21s0213 - restructuration partielle des locaux cuisine au collège blaise pascal de mazingarbe,fns,cmp2006,appeloffre,initial,Conseil départemental du Pas-de-Calais,62018,Arras cédex 9,,"['Cloison, faux plafond', 'Cuisine (équipement)', 'Electricité (travaux)', 'Gros oeuvre', 'Menuiserie', 'Peinture (travaux)', 'Plâtrerie', 'Plomberie (travaux)', 'Ventilation', 'Amiante (désamiantage)']","[63, 77, 105, 144, 222, 264, 269, 270, 360, 479]",oui,oui
21-93097,2021-07-06,2021-09-07,['62'],Travaux de remplacement de la couverture de la salle de l'Ordinaire à la Citadelle d'Arras.,fns,cmp2006,attribution,initial,Communauté Urbaine d'Arras,62026,Arras cedex,"[('2021-06-25', 'SAS GENTY', (353047.61, 'EUR'), None)]",['Couverture'],[74],non,non
21-93144,2021-07-06,2021-09-13,['62'],Travaux pour la construction des bâtiments de la future base nautique (site du port fluvial) - Lot 3 : menuiseries intérieures - Deuxième consultation,fns,cmp2006,appeloffre,initial,Communauté Urbaine d'Arras,62026,ARRAS,,"['Equipement sportif', 'Menuiserie']","[113, 222]",oui,non
21-93382,2021-07-06,2021-08-06,['62'],réparation du poste transmanche no9 au Port de Calais - travaux de génie civil et maritime,fns,cmp2006,appeloffre,rectificatif,SEPD,62100,Calais,,['Génie civil'],[141],non,non
21-89747,2021-07-06,2021-09-21,['62'],aménagement de la rue de la chapelle à quernes,fns,cmp2006,appeloffre,initial,Mairie de Quernes,62120,Quernes,,['Clôture'],[64],non,non
21-93277,2021-07-06,2021-08-09,['63'],Parc Technique Départemental LE BREZET Travaux d'aménagement pièces de vie et sanitaires,fns,cmp2006,appeloffre,initial,DEPARTEMENT DU PUY DE DOME,63033,Clermont-Ferrand,,"['Peinture (travaux)', 'Plomberie (travaux)']","[264, 270]",non,oui
21-93272,2021-07-06,2021-08-23,['65'],"Fourniture d'équipements de protection individuelle, d'articles de mercerie et d'usage unique non médical",mapa,cmp2006,appeloffre,initial,CENTRE HOSPITALIER DE BIGORRE,65013,TARBES,,['Equipements spécialisés'],[115],non,non
21-93570,2021-07-06,2021-09-07,['65'],"Mise à Disposition d'un automate de détection HPV par PCR, dans le cadre du dépistage du cancer du col de l'utérus",fns,cmp2006,appeloffre,initial,CENTRE HOSPITALIER DE BIGORRE,65013,TARBES,,['Laboratoire (matériel)'],[188],non,non
21-93813,2021-07-06,2021-08-02,['66'],TRAVAUX DE REHABILITATION DES LOGEMENTS COMMUNAUX DE LA VILLE DE CANET EN ROUSSILLON,fns,cmp2006,appeloffre,initial,Mairie de Canet en Roussillon,66145,Canet-en-Roussillon,,['Bâtiment'],[33],non,non
21-93778,2021-07-06,2021-07-30,['66'],renforcement des charpentes des bâtiments,mapa,cmp2006,appeloffre,initial,Mairie de Théza,66200,Théza,,['Charpente'],[57],non,non
21-93558,2021-07-06,2021-09-02,['66'],Véhicules,fns,cmp2006,appeloffre,annulation,Mairie Saint-Cyprien,66750,Saint-Cyprien,,"['Matériel électrique', 'Véhicules']","[203, 359]",non,non
21-93122,2021-07-06,2021-09-02,['66'],Véhicules,fns,cmp2006,appeloffre,initial,Mairie Saint-Cyprien,66750,Saint-Cyprien,,"['Matériel électrique', 'Véhicules']","[203, 359]",non,non
21-93702,2021-07-06,2021-09-16,['66'],Entretien de la cuvette du barrage de Vinça par dégravoiement de matériaux - Réinjection des matériaux issus du dégravoiement dans la Têt en aval du barrage de Vinça,fns,cmp2006,appeloffre,initial,DEPARTEMENT DES PYRENEES-ORIENTALES,66906,PERPIGNAN,,['Barrage'],[31],non,non
21-93420,2021-07-06,2021-07-28,['66'],Mission de maîtrise d'oeuvre pour la construction d'un bâtiment administratif,fns,cmp2006,appeloffre,initial,SCE DEPARTEMENTAL INCENDIE ET SECOURS,66962,PERPIGNAN,,"[""Maîtrise d'oeuvre"", 'Ingénierie']","[197, 455]",non,oui
21-93575,2021-07-06,2021-08-16,['67'],Protection des sols avec acheminement d'une nacelle au gymnase 'Leclerc' de la Ville de Schiltigheim,mapa,cmp2006,appeloffre,initial,Ville de Schiltigheim,67302,Schiltigheim,,['Gros oeuvre'],[144],oui,oui
21-93880,2021-07-06,2021-08-16,['67'],Restructuration d'une maison en cantine scolaire à l'école maternelle 'Kléber' de la Ville de Schiltigheim - Prestations de désamiantage,mapa,cmp2006,appeloffre,initial,Ville de Schiltigheim,67302,Schiltigheim,,['Amiante (désamiantage)'],[479],oui,oui
21-93496,2021-07-06,2021-08-24,['67'],aménagement d'une piste cyclable entre truchtersheim et pfettisheim,fns,cmp2006,appeloffre,initial,Communauté de Communes du Kochersberg,67370,Truchtersheim,,"['Drainage', 'Espaces verts', 'Voirie']","[94, 116, 365]",non,non
21-93806,2021-07-06,2021-07-22,['67'],ACQUISITION D UN APPAREIL POUR IDENTIFICATION MICROBIENNE BASE SUR LA TECHNIQUE MALDI-TOF - Laboratoire vétérinaire de Strasbourg,fns,cmp2006,appeloffre,initial,Collectivité européenne d'Alsace,67964,Strasbourg Cedex 9,,"['Analyses médicales, biologiques', 'Equipements spécialisés', 'Laboratoire (matériel)']","[8, 115, 188]",non,non
21-93488,2021-07-06,2021-09-06,['68'],prestations de services d'assurances,mapa,cmp2006,appeloffre,initial,Commune de RUELISHEIM,68270,RUELISHEIM,,['Assurance'],[20],non,non
21-93327,2021-07-06,2021-08-26,"['68', '67', '90', '88']",réaménagement du cimetière communal,fns,cmp2006,appeloffre,initial,Commune de Lutterbach,68460,LUTTERBACH,,"['Espaces verts', 'Gros oeuvre', 'Maçonnerie', 'Cimetière']","[116, 144, 195, 437]",non,non
21-93668,2021-07-06,2021-08-08,"['68', '67']",Travaux d'aménagement de la rue Haussmann à Logelbach,fns,cmp2006,appeloffre,initial,Mairie de Wintzenheim,68920,Wintzenheim,,['Voirie et réseaux divers'],[366],non,non
21-93835,2021-07-06,2021-08-06,['69'],Construction d'un équipement sportif sur la ZAC Carnot Parmentier,fns,cmp2006,attribution,initial,Commune de Saint-Fons,69190,Saint-Fons,"[('2021-06-07', 'FONTANEL', (865114.39, 'EUR'), None), ('2021-06-07', 'SDCC', (839700, 'EUR'), None), ('2021-06-07', 'ASTEN', (250500, 'EUR'), None), ('2021-06-07', 'ASTEN', (219500, 'EUR'), None), ('2021-06-07', 'THALMANN', (317685.05, 'EUR'), None), ('2021-06-07', 'METALSOLU', (63237.2, 'EUR'), None), ('2021-06-07', 'GUILLON', (124000, 'EUR'), None), ('2021-06-07', 'AUBONNET et FILS', (201000, 'EUR'), None), ('2021-06-07', 'AUBONNET et FILS', (39500, 'EUR'), None), ('2021-06-07', 'AUBONNET et FILS', (71500, 'EUR'), None), ('2021-06-07', 'SIAUX', (75000, 'EUR'), None), ('2021-06-07', 'AVENIR ELECS', (219622.8, 'EUR'), None), ('2021-06-07', 'MARTIN FREDERIC', (400000, 'EUR'), None), ('2021-06-07', 'FOOGA', (38631.66, 'EUR'), None), ('2021-06-07', 'AMS', (19500, 'EUR'), None), ('2021-06-07', 'FTPC', (99942.54, 'EUR'), None)]",['Equipement sportif'],[113],non,non
21-93844,2021-07-06,2021-07-27,['69'],Travaux de création d'une pépinière associative au sein de l'immeuble Ecran - Partie SUD (9 lots).,fns,cmp2006,appeloffre,initial,Commune de Saint-Fons,69195,SAINT-FONS CEDEX,,"['Ascenseur', 'Bois', 'Carrelage', 'Cloison, faux plafond', 'Démolition', 'Electricité (travaux)', 'Gros oeuvre', 'Menuiserie', 'Métallerie', 'Peinture (travaux)', 'Plâtrerie', 'Plomberie (travaux)', 'Revêtements de sols', 'Serrurerie', 'Amiante (désamiantage)']","[17, 38, 53, 63, 87, 105, 144, 222, 223, 264, 269, 270, 308, 321, 479]",non,non
21-93473,2021-07-06,2021-10-03,['69'],Rénovation complète de l'installation d'éclairage public du vieux quartier de Saint Rambert à Lyon 9ème,fns,cmp2006,attribution,initial,Ville de Lyon,69205,Lyon cedex 01,"[('2021-06-18', ""Gpt SOCIETE LYONNAISE D'ECLAIRAGE/SOBECA"", (634346.31, 'EUR'), None)]",['Eclairage public'],[102],non,non
21-93566,2021-07-06,2021-08-06,['69'],OUTILLAGE A MAIN,fns,cmp2006,appeloffre,initial,Ville de Lyon,69205,LYON,,['Quincaillerie (articles)'],[291],non,oui
21-93620,2021-07-06,2021-09-03,['69'],Missions de maîtrise d'oeuvre opérations Giraudière - Torrenchin - Sainte-Foy-l'Argentière,fns,cmp2006,appeloffre,initial,Syndicat de Rivières Brévenne-Turdine,69210,L'ARBRESLE,,"[""Maîtrise d'oeuvre""]",[197],non,non
21-93805,2021-07-06,2021-07-30,"['69', '38', '1']",Marché de service (art. L2123-1 du code de la commande publique) portant sur une mission de maîtrise d'oeuvre relatif à l'opération de réhabilitation et extension de la mairie de jons.,fns,cmp2006,appeloffre,initial,Commune de Jons,69330,Jons,,"['Etude', ""Maîtrise d'oeuvre"", ""Mission d'ordonnancement, pilotage, coordination (OPC)"", 'Ingénierie']","[118, 197, 234, 455]",non,non
21-93528,2021-07-06,2021-09-07,"['69', '75']","Fourniture et livraison de petits déjeuners, de repas, de buffets chauds et froids et de cocktails de type traiteur au profit d'un organisme militaire à Paris",fns,cmp2006,appeloffre,initial,MINARM/EMA/SCA/PFAF-CE/BAP,69362,Lyon cédex 07,,"['Repas, traiteur']",[304],oui,oui
21-93431,2021-07-06,2021-07-28,"['69', '83']",E21_0906_FOURNITURE DE SACS PAPIER KRAFT,fns,cmp2006,appeloffre,initial,CHU Lyon,69373,Lyon cedex 08,,['Sacs'],[318],non,non
21-93342,2021-07-06,2021-08-23,['71'],Réalisation de couvertures bicouches amovibles de bassins de filtration situés au dernier niveau de l'usine de production d'eau potable de Sancé.,fns,cmp2006,appeloffre,initial,CA MACONNAIS BEAUJOLAIS AGGLOMERATION,71011,Mâcon cedex,,['Couverture'],[74],non,non
21-93051,2021-07-06,2021-07-31,['71'],transformation d'un local en espace france services,fns,cmp2006,attribution,initial,VILLE DE CHAGNY,71150,Chagny,,"['Carrelage', 'Climatisation', 'Electricité (travaux)', 'Maçonnerie', 'Menuiserie', 'Peinture (travaux)', 'Plâtrerie', 'Plomberie (travaux)']","[53, 62, 105, 195, 222, 264, 269, 270]",non,non
21-93784,2021-07-06,2021-08-06,['71'],Aménagement de voirie - Parc d'Activités des Rotondes - Rue du Grand Charreconduit à Châtenoy-le-Royal,fns,cmp2006,appeloffre,initial,C.A. Chalon Val de Bourgogne,71321,Chalon sur saône cedex,,['Voirie'],[365],non,non
21-93803,2021-07-06,2021-08-23,['72'],Accord-cadre à bons de commande relatif à la mise en oeuvre d'un dialogue continu et participatif pour le projet des trois Chronolignes de Le Mans Métropole,fns,cmp2006,appeloffre,initial,SEM CENOVIA,72015,Le mans,,"['Prestations de services', 'Publicité, Communication', ""Assistance à maîtrise d'ouvrage"", 'Evénementiel']","[274, 285, 433, 445]",non,non
21-93088,2021-07-06,2021-10-03,['72'],Travaux de peinture sur charpente métallique - Gymnase Alain Fournier - Promenade Newton - 72000 Le Mans,fns,cmp2006,attribution,initial,Ville du Mans,72039,LE MANS,"[('2021-07-05', 'LASSARAT', (26295, 'EUR'), None)]",['Peinture (travaux)'],[264],non,non
21-93561,2021-07-06,2021-07-28,['72'],"Travaux de déconstruction / reconstruction de la restauration scolaire et abords associés au collège John Kennedy à Allonnes (72700)- Relance des lots 1, 4 et 8",fns,cmp2006,appeloffre,initial,DEPARTEMENT DE LA SARTHE,72072,Le Mans,,"['Bâtiment', ""Tous corps d'état""]","[33, 345]",non,non
21-93478,2021-07-06,2021-10-03,['72'],"FOURNITURE, LIVRAISON, INSTALLATION DE LAVE-VAISSELLE A AVANCEMENT AUTOMATIQUE DANS 2 COLLEGES PUBLICS DEPARTEMENTAUX, AINSI QUE LES ENVIRONNEMENTS DES EQUIPEMENTS",fns,cmp2006,attribution,initial,DEPARTEMENT DE LA SARTHE,72072,Le Mans,"[('2021-07-06', 'GROUPE BENARD LE MANS', (80000, 'EUR'), None), ('2021-07-06', 'GROUPE BENARD LE MANS', (85000, 'EUR'), None)]",['Equipement industriel'],[112],non,non
21-93721,2021-07-06,2021-07-21,['72'],la réalisation d'une assistance à maître d'ouvrage pour le suivi des travaux de réhabilitation et d'extension du Gymnase Jacques ANQUETIL et la création d'un pole culturel,fns,cmp2006,appeloffre,initial,COMMUNE DE SAVIGNE L EVEQUE,72460,Savigné l'Evêque,,['Assistance technique'],[19],non,non
21-93715,2021-07-06,2021-09-07,['72'],concession du service public de l'eau potable,fns,cmp2006,appeloffre,initial,COMMUNE DE SAVIGNE L EVEQUE,72460,Savigné l'Evêque,,['Alimentation en eau potable'],[6],non,non
21-93375,2021-07-06,2021-08-03,"['73', '74', '38']","Acquisition, maintenance et prestations associées de cartes de signature électronique",mapa,cmp2006,appeloffre,initial,DEPARTEMENT DE LA SAVOIE,73018,CHAMBERY,,['Informatique (prestations de services)'],[163],non,oui
21-93851,2021-07-06,2021-08-04,['73'],MISE EN SÉCURITÉ INCENDIE DU CENTRE HOSPITALIER DE BOURG SAINT MAURICE,fns,cmp2006,appeloffre,initial,GHT Savoie-Belley,73704,Bourg-Saint-Maurice,,['Sécurité incendie'],[332],non,non
21-93123,2021-07-06,2021-08-23,['73'],"exploitation et maintenance des installations de production, de distribution et d'émission de chauffage, climatisation, ecs, ventilation, traitement d'air des bâtiments et équipements communaux",fns,cmp2006,appeloffre,initial,Ville de Montmélian,73800,Montmélian,,"['Chauffage (exploitation, entretien)']",[59],non,non
21-93392,2021-07-06,2021-09-08,['74'],Souscription des contrats d'assurances pour les besoins de la Communauté de communes des Vallées de Thônes,fns,cmp2006,appeloffre,initial,Cté de Cnes des Vallées de Thônes,74230,THÔNES,,['Assurance'],[20],non,non
21-93486,2021-07-06,2021-07-29,['75'],"Location, livraison, installation et reprise de mobiliers temporaires et de matériels de réception",fns,cmp2006,appeloffre,initial,Cour des comptes,75001,Paris,,"['Location (matériels)', 'Mobilier']","[185, 230]",non,non
21-93394,2021-07-06,2021-10-03,['75'],Travaux de scénographie et graphisme de l'exposition FRAGILES,fns,cmp2006,attribution,initial,EPPDCSI,75008,Paris,"[('2021-05-18', 'ARTCOMPOSIT', (158927, 'EUR'), None), ('2021-05-20', ""Créations du Val d'Oise"", (7666, 'EUR'), None)]",['Spectacle'],[472],non,non
21-93864,2021-07-06,2021-08-17,['75'],Prestations de veille média des activités de Paris Musées et/ou de ses musées.,fns,cmp2006,appeloffre,initial,PARIS MUSEES,75010,Paris,,['Prestations de services'],[274],non,non
21-93697,2021-07-06,2021-09-08,['75'],"Travaux de réfection de la toiture du presbytère de l'église St-Germain l'Auxerrois, 2 Place du Louvre, 75001 PARIS",fns,cmp2006,attribution,initial,Ville de Paris,75013,Paris,"[('2021-06-14', 'UNION TECHNIQUE DU BATIMENT', (205000.0, 'EUR'), None)]",['Couverture'],[74],non,non
21-93801,2021-07-06,2021-07-30,['75'],CONCEPTION ET REALISATION DES SUPPORTS DE COMMUNICATION D'EAU DE PARIS,fns,cmp2006,appeloffre,initial,EAU DE PARIS,75013,PARIS,,"['Publicité, Communication']",[285],non,non
21-75100,2021-07-06,2021-09-15,"['30', '34', '13', '84', '12', '48', '7', '75']","travaux de réaménagement des ateliers du centre national du microfilm et de la numérisation - lots 1,3,4,5,7,8,9",fns,cmp2006,appeloffre,initial,OPPIC,75013,Paris,,"['Bois', 'Chauffage (travaux)', 'Climatisation', 'Cloison, faux plafond', 'Démolition', 'Electricité (travaux)', 'Gros oeuvre', 'Menuiserie', 'Peinture (travaux)', 'Plomberie (travaux)', 'Sanitaire', 'Ventilation', 'Amiante (désamiantage)']","[38, 61, 62, 63, 87, 105, 144, 222, 264, 270, 319, 360, 479]",non,non
21-93256,2021-07-06,2021-07-31,['75'],Porte de Vincennes - Marché d'études et de coordination urbaine - Paris 20ème,fns,cmp2006,appeloffre,initial,SEMAPA,75013,PARIS,,"[""Maîtrise d'oeuvre""]",[197],non,non
21-93752,2021-07-06,2021-07-27,['75'],Marché de contrôle technique concernant les travaux de rénovation du barrage navigable de Port-Mort dans l'Eure (27).,mapa,cmp2006,attribution,initial,Voies navigables de France,75013,Paris,,"['Barrage', 'Contrôle technique']","[31, 72]",non,non
21-93193,2021-07-06,2021-09-07,['75'],"Création de 2 terrains de football en gazon synthétique au Centre Sportif Bobigny, avenue de la Division Leclerc à Bobigny (93). Lot 1 Terrassements, Revêtements, Terrains de sport et VRD Lot 2 Ecl..",fns,cmp2006,attribution,initial,Ville de Paris,75013,Paris,"[('2021-06-10', 'ART-DAN ILE-DE-FRANCE', (1424139.13, 'EUR'), None), ('2021-06-07', 'EPSIG', (207529.6, 'EUR'), None), ('2021-06-04', 'AGILIS', (104234.39, 'EUR'), None)]","['Clôture', 'Terrassement', 'Terrain de sport']","[64, 341, 342]",non,non
21-93689,2021-07-06,2021-08-05,['75'],Prestations de dératisation et de désinsectisation ainsi que de fourniture de dispositifs de piégeages mécaniques pour le compte du Groupe Hospitalo-Universitaire AP-HP. Centre - Université de Pari..,fns,cmp2006,attribution,initial,GHU AP-HP.CENTRE - UNIVERSITE DE PARIS,75014,Paris,"[('2021-07-05', 'DDDS', (79430, 'EUR'), None)]","['Dératisation, désinsectisation']",[89],non,oui
21-93891,2021-07-06,2021-09-01,['75'],La présente consultation a pour objet une mission de maitrise d'oeuvre portant sur les travaux de réfection complète de la toiture de la Halle aux cuirs.,fns,cmp2006,appeloffre,initial,EPPGHV,75019,Paris,,['Ingénierie'],[455],non,non
21-93025,2021-07-06,2021-07-20,['93'],Le présent marché a pour objet la rénovation de la gestion technique du bâtiment (GTB). Les prestations attendues sont explicitées dans le Cahier des Clauses Techniques Particulières (CCTP).,fns,cmp2006,appeloffre,initial,Musée national de la Marine,75116,Paris,,['Bâtiment'],[33],non,non
21-93691,2021-07-06,2021-08-06,"['95', '75', '77', '78', '91', '92', '93', '94']","Mission de MOE relative à l'aménagement du SAUJ, du SAP et à la mise en accessibilité du Tribunal Judiciaire de Pontoise",mapa,cmp2006,appeloffre,initial,Ministère de la Justice,75181,Paris cedex 04,,['Bâtiment'],[33],non,non
21-93756,2021-07-06,2021-07-29,"['75', '77', '78', '91', '92', '93', '94', '95']",Marché de travaux de sécurisation du site Olympe de Gouges (bâtiment M3) du Ministère de la Justice situé porte d'Aubervilliers Paris 19ème.,fns,cmp2006,appeloffre,initial,Etat - Ministère de la Justice,75181,Paris cedex 04,,"['Electricité (travaux)', 'Matériel de sécurité']","[105, 209]",non,non
21-93843,2021-07-06,2021-08-05,['75'],Assistance à maîtrise d'ouvrage pour le suivi des engagements contractuels des prestations du marché de restauration collective de la DILA et son renouvellement,fns,cmp2006,attribution,initial,SPM - DSAF - BCP,75334,Paris cedex 07,"[('2021-07-01', 'Groupement PH PARTNERS SARL (Mandataire) - SOFIGES SELAS (Cotraitant)', (50000, 'EUR'), None)]","[""Assistance à maîtrise d'ouvrage""]",[433],non,non
21-80375,2021-07-06,2021-08-16,['75'],"Restauration des arcades de l'Hôtel de Torpanne, du jardin Lenoir et de ses vestiges",fns,cmp2006,appeloffre,initial,OPPIC,75647,Paris,,"['Bâtiment', 'Câblage', 'Eclairage public', 'Electricité (travaux)', 'Espaces verts', 'Maçonnerie', 'Monuments historiques', 'Réseaux divers', 'Voirie et réseaux divers']","[33, 47, 102, 105, 116, 195, 236, 306, 366]",non,non
21-80418,2021-07-06,2021-08-16,['75'],code projet - déconstruction du bâtiment lenoir et réemploi - ecole nationale supérieure des beaux -arts/ecole nationale supérieure d'architecture de paris malaquais,fns,cmp2006,appeloffre,initial,OPPIC,75647,Paris,,"['Bâtiments modulaires', 'Bâtiment', 'Ferronnerie', 'Matériaux de construction']","[27, 33, 126, 198]",non,oui
21-93133,2021-07-06,2021-08-05,['75'],"Prestation de séances de microblading à visée correctrice après brûlure pour des adolescents suivis par le service de chirurgie plastique, reconstructrice et brûlés de l'hôpital Armand Trousseau,",fns,cmp2006,appeloffre,initial,ASSISTANCE PUBLIQUE HOPITAUX DE PARIS,75651,Paris cedex 13,,['Prestations de services'],[274],non,non
21-93787,2021-07-06,2021-09-05,['75'],Fourniture et livraison de divers matériels électriques,mapa,cmp2006,attribution,initial,Grande chancellerie Légion d'honneur,75700,Paris sp 07,,['Matériel électrique'],[203],non,non
21-93252,2021-07-06,2021-07-30,['76'],Réalisation de travaux de reprographie / dématérialisation pour les établissements membres du GHT Rouen Coeur de Seine,fns,cmp2006,appeloffre,initial,CHU-Hôpitaux de Rouen,76031,Rouen cedex,,['Reprographie'],[305],non,non
21-93371,2021-07-06,2021-07-28,['76'],Construction d'équipements scolaires - Ecole Berthelot et Ecole Denfert-Rochereau/Ferrer - Mission de programmiste,fns,cmp2006,appeloffre,initial,Ville du Havre,76084,LE HAVRE,,['Prestations de services'],[274],non,non
21-93147,2021-07-06,2021-08-06,['76'],Aménagement de l'Ecopole Cycle du Déchet,fns,cmp2006,appeloffre,initial,LE HAVRE SEINE METROPOLE,76085,LE HAVRE,,"['Matériel didactique', 'Prestations de services', 'Publicité, Communication', 'Evénementiel']","[202, 274, 285, 445]",non,non
21-93837,2021-07-06,2021-09-30,"['76', '14', '27', '50', '61']",MARCHE DE TRAVAUX POUR LA REHABILITATION ENERGETIQUE DE L ENVELOPPE DE LA RESIDENCE LABEDOYERE SITE DU HAVRE - CROUS NORMANDIE,fns,cmp2006,appeloffre,initial,CENTRE REGIONAL OEUVRES UNIV SCOLAIRES,76100,Rouen,,['Etanchéité'],[117],non,oui
21-93183,2021-07-06,2021-10-03,['76'],Collège Roncherolles à BOLBECRéfection des couvertures,fns,cmp2006,attribution,initial,DEPARTEMENT DE LA SEINE-MARITIME,76101,ROUEN CEDEX,,['Bâtiment'],[33],non,non
21-93275,2021-07-06,2021-07-21,['76'],Collège Cousteau à Caudebec les Elbeuf - Gros Travaux 2019-2021 complémentaires,mapa,cmp2006,appeloffre,initial,DEPARTEMENT DE LA SEINE-MARITIME,76101,ROUEN CEDEX,,['Bâtiment'],[33],non,non
21-93713,2021-07-06,2021-09-06,['76'],CONSTRUCTION D'UNE PLATE-FORME DE TRI DES ENCOMBRANTS À GRAND-QUEVILLY (76),fns,cmp2006,appeloffre,initial,SMEDAR,76121,Le GRAND-QUEVILLY Cedex,,"['Fondations spéciales', 'Génie civil', 'Gros oeuvre', 'Terrassement']","[129, 141, 144, 341]",non,oui
21-93187,2021-07-06,2021-08-09,['76'],TRAVAUX DE COUVERTURE : ECOLES JULES FERRY ET PIERRE CORNEILLE,fns,cmp2006,attribution,initial,Ville de Bolbec,76210,Bolbec,,['Couverture'],[74],non,non
21-93190,2021-07-06,2021-08-09,['76'],Services Techniques : construction d'un bâtiment de stockage,fns,cmp2006,attribution,initial,Ville de Bolbec,76210,Bolbec,"[('2021-06-16', 'Entreprise LEGOUPIL', (215576, 'EUR'), None)]",['Bâtiments modulaires'],[27],non,non
21-93137,2021-07-06,2021-08-09,['76'],Construction d'un bâtiment métallique modulaire pour un centre de loisirs,fns,cmp2006,attribution,initial,Ville de Bolbec,76210,Bolbec,"[('2021-06-16', 'Entreprise EUROPE et COMMUNICATION', (349000, 'EUR'), None)]",['Bâtiments modulaires'],[27],non,non
21-93701,2021-07-06,2021-09-15,['76'],Souscription des contrats d'assurance pour la SEMVIT,fns,cmp2006,appeloffre,initial,SEMVIT,76580,Le Trait,,['Assurance'],[20],non,non
21-93682,2021-07-06,2021-09-05,['76'],Fourniture d'une chaîne de chromatographie liquide pour L'INSA Rouen Normandie,mapa,cmp2006,attribution,initial,INST NATIO SCIENCES APPLIQUEES ROUEN,76801,Saint etienne du rouvray,,['Laboratoire (matériel)'],[188],non,non
21-93546,2021-07-06,2021-09-06,['76'],Le présent marché consiste à rénover les toitures du bâtiment N°43 - TECHNICUM de l'Université de Rouen Normandie.,fns,cmp2006,attribution,initial,Université de Rouen,76821,Mont saint aignan cedex,"[('2021-06-24', 'CBEM SAS', (174357.7, 'EUR'), None), ('2021-06-24', 'EIFFAGE ENERGIE SYSTEMES - CLEVIA NORMANDIE', (43435.38, 'EUR'), None)]","['Etanchéité', 'Plomberie (travaux)']","[117, 270]",non,non
21-92617,2021-07-06,2021-09-03,['77'],construction du centre d'incendie et de secours de torcy - relance du lot 4,fns,cmp2006,appeloffre,initial,SDIS77,77001,Melun cedex,,['Bardage'],[30],non,non
21-93428,2021-07-06,2021-07-17,['77'],Mission de diagnostic des ouvrages hydrauliques de Mery/Marne et Courtaron,fns,cmp2006,appeloffre,initial,Voies navigables de France,77100,Meaux,,"['Barrage', 'Ecluse', 'Génie civil', 'Ingénierie']","[31, 103, 141, 455]",non,non
21-93247,2021-07-06,2021-08-11,['77'],Etude de faisabilité et diagnostic pour la construction d'un espace aquatique à Nanteuil-les-Meaux,fns,cmp2006,appeloffre,initial,CA DU PAYS DE MEAUX,77100,Meaux,,['Etude'],[118],non,non
21-93330,2021-07-06,2021-09-07,['77'],Remplacement des menuiseries extérieures du réfectoire de l'école élémentaire Louis Granet,fns,cmp2006,attribution,initial,Ville de Pontault-Combault,77347,Pontault-combault,,['Menuiserie'],[222],non,non
21-93834,2021-07-06,2021-09-30,['77'],REALISATION D'UNE ETUDE PREALABLE A L'INSTAURATION D'UN TRI A LA SOURCE DES BIODECHETS SUR LE TERRITOIRE DU SIETREM ET LA MISE EN PLACE DE DIFFERENTS TESTS,fns,cmp2006,appeloffre,initial,SIETREM,77400,Saint-thibault-des-vignes,,['Etude'],[118],non,non
21-93634,2021-07-06,2021-07-28,['77'],Tierce maintenance applicative de la plateforme Open Data Onisep,fns,cmp2006,appeloffre,initial,ONISEP,77437,Marne la vallÉe cedex 2,,['Informatique (prestations de services)'],[163],non,non
21-93617,2021-07-06,2021-10-03,['77'],Numéro de la consultation : 210121 RENFORCEMENT DES RESEAUX DE GESTION DES EP ET EU DE LA RUE DE DAMPMART A THORIGNY SUR MARNE,fns,cmp2006,attribution,initial,COMMUNAUTE D AGGLO MARNE ET GONDOIRE,77603,MARNE LA VALLEE,"[('2021-07-02', 'Travaux Publics Ile De France', (974543, 'EUR'), None)]",['Assainissement'],[18],non,non
21-93641,2021-07-06,2021-09-14,"['77', '75']","Marché de refonte, hébergement et maintenance des sites Internet et Intranet du CTLes",fns,cmp2006,appeloffre,initial,CTLES,77607,Marne-la-vallée cedex 3,,['Site internet'],[171],non,non
21-93361,2021-07-06,2021-09-29,['78'],Prestations de maintenance portant sur quatre ascenseurs et sur un monte-charge,mapa,cmp2006,appeloffre,initial,CTRE INTERDEPARTEMENTAL GEST GDE COURO,78008,Versailles,,['Ascenseur'],[17],non,non
21-93856,2021-07-06,2021-07-21,['78'],Mission d'accompagnement du parcours enfance,mapa,cmp2006,appeloffre,initial,Conseil départemental des Yvelines,78012,VERSAILLES,,['Audit'],[21],non,non
21-93797,2021-07-06,2021-09-08,['78'],"Le contrat porte sur les prestations suivantes : Mise aux normes, rénovation ou remplacement complet des appareils équipant les sites en référence. Ces sites sont des établissements recevant du p..",fns,cmp2006,appeloffre,initial,Centre Hospitalier de Versailles,78157,Chesnay-rocquencourt,,['Ascenseur'],[17],non,non
21-93481,2021-07-06,2021-10-03,['78'],travaux d'aménagement du Jardin des Merisiers,fns,cmp2006,attribution,initial,Ville de Trappes,78197,Trappes,"[('2021-06-28', 'MTP', (331551, 'EUR'), None), ('2021-06-28', 'PRETTRE ESPACES VERTS', (147061, 'EUR'), None), ('2021-06-28', 'SOLS JEUX ENTRETIEN (SJE)', (60928, 'EUR'), None)]","['Espaces verts', 'Réseaux divers', 'Aire de jeux']","[116, 306, 400]",non,oui
21-93482,2021-07-06,2021-10-03,['78'],REALISATION D'UNE ANALYSE DES BESOINS SOCIAUX POUR LE CCAS DE TRAPPES,mapa,cmp2006,attribution,initial,Ville de Trappes,78197,Trappes,,['Etude'],[118],non,non
21-93480,2021-07-06,2021-10-03,['78'],TRANSFORMATION D'UN TERRAIN DE FOOTBALL ENGAZONNÉ EN GAZON SYNTHETIQUE,fns,cmp2006,attribution,initial,Ville de Trappes,78197,Trappes,"[('2021-06-28', 'PARC ESPACE', (958336, 'EUR'), None), ('2021-06-28', 'EIFFAGE ENERGIE SYSTEMES ILE-DE-FRANCE', (100317, 'EUR'), None)]","['Illumination', 'Terrassement']","[170, 341]",non,oui
21-93483,2021-07-06,2021-10-03,['78'],"PORTAGE SALARIAL DES CONTRATS DE TRAVAIL POUR L'OPERATION : "" MON PREMIER JOB """,fns,cmp2006,attribution,initial,Ville de Trappes,78197,Trappes,"[('2021-07-02', 'Association Intermédiaire Chantiers-Yvelines', (105000, 'EUR'), None)]",['Prestations de services'],[274],oui,non
21-93521,2021-07-06,2021-09-04,['78'],TRAVAUX D'EXTENSION & DE REFONTE DU DISPOSITIF DE VIDEOPROTECTION,fns,cmp2006,appeloffre,initial,Ville de Croissy-sur-Seine,78290,CROISSY SUR SEINE,,['Télésurveillance'],[415],non,non
21-93215,2021-07-06,2021-07-23,"['78', '75', '92', '94']",MISE EN PLACE D'UNE BARRIERE HYDRAULIQUE EN AMONT DE LA ZAC ROUGET DE LISLELe présent marché est relatif à la mise en place d'une barrière hydraulique en amont de la ZAC Rouget De Lisle po,fns,cmp2006,appeloffre,rectificatif,Ville de Poissy,78300,Poissy,,['Voirie'],[365],non,non
21-93493,2021-07-06,2021-08-13,"['80', '75', '59', '60']",conception et réalisation de vidéos d'animation et audio pour le parcours jules verne,mapa,cmp2006,appeloffre,initial,Amiens Métropole,80000,Amiens,,"['Prestations de services', 'Vidéo, cinéma']","[274, 362]",non,non
21-93717,2021-07-06,2021-07-28,"['80', '75', '59', '60']",assistance à maîtrise d'ouvrage destinée à accompagner amiens métropole et ses partenairesémergence nouvelles formations diplômantes numériques,mapa,cmp2006,appeloffre,initial,Amiens Métropole,80000,Amiens,,"['Formation', ""Assistance à maîtrise d'ouvrage""]","[410, 433]",non,non
21-93254,2021-07-06,2021-07-19,['80'],"Fourniture, installation et maintenance d'équipement spécifique pour le cinéma municipal Le Rex",fns,cmp2006,appeloffre,initial,Ville d'ABBEVILLE,80101,ABBEVILLE Cedex,,"['Matériel photographique et cinématographique', 'Sonorisation', 'Vidéo, cinéma']","[214, 324, 362]",non,non
21-93250,2021-07-06,2021-07-28,"['80', '2', '60', '59', '62']",Déploiement des équipements de vidéo-protection sur le patrimoine,fns,cmp2006,appeloffre,initial,Baie de Somme Habitat,80102,Abbeville cedex,,['Télésurveillance'],[415],non,non
21-93090,2021-07-06,2021-09-20,['80'],La présente procédure a pour objet la souscription des contrats d'assurance pour la Communauté de Communes de l'Est de la Somme.,fns,cmp2006,appeloffre,initial,CC DE L EST DE LA SOMME,80400,Ham,,['Assurance'],[20],non,non
21-93603,2021-07-06,2021-10-03,['81'],Numéro de la consultation : 21MAINTENANCEQUIPE MAINTENANCE DES ÉQUIPEMENTS TECHNIQUES,fns,cmp2006,attribution,initial,COMMUNE DE CASTRES,81115,Castres,,['Maintenance'],[196],non,non
21-93716,2021-07-06,2021-08-12,['81'],TRAVAUX DE CONFORTEMENT DE BERGE RIVE GAUCHE DE LA DURENQUE EN AMONT DU PONT DES SOLDATS,fns,cmp2006,appeloffre,initial,COMMUNE DE CASTRES,81115,Castres,,['Berge'],[35],non,non
21-93709,2021-07-06,2021-08-06,['82'],ETUDES DE DIAGNOSTIC DES EDIFICES CULTUELS,fns,cmp2006,appeloffre,initial,Ville de Montauban,82013,MONTAUBAN CEDEX,,['Audit'],[21],non,non
21-93579,2021-07-06,2021-08-31,['83'],Achat & Location longue durée de véhicules légers et utilitaires - 3 lots,fns,cmp2006,appeloffre,initial,Communauté Communes Golfe de ST-Tropez,83310,COGOLIN,,"['Véhicules (location)', 'Véhicules (acquisition)']","[474, 475]",non,non
21-93567,2021-07-06,2021-08-02,['83'],RESTAURATION DE LA RAMPE DE MISE A L'EAU DU CENTRE NAUTIQUE MUNICIPAL DE SANTA LUCIA,fns,cmp2006,appeloffre,initial,Commune de Saint-Raphaël,83700,Saint-Raphaël,,"[""Travaux dans l'eau""]",[349],non,non
21-93200,2021-07-06,2021-07-28,['84'],Marché public relatif à l'extension du parking personnel du centre hospitalier d'Orange (Vaucluse).,fns,cmp2006,attribution,initial,Centre Hospitalier Louis Giorgi,84104,ORANGE CEDEX,"[('2021-06-28', 'BRAJA VESIGNE', (129894, 'EUR'), None), ('2021-06-28', 'SRV BAS MONTEL', (29000, 'EUR'), None)]",['Terrassement'],[341],non,oui
21-93754,2021-07-06,2021-08-10,"['84', '30', '26', '13']",Fourniture de matériels électroménagers,mapa,cmp2006,appeloffre,initial,Centre Hospitalier de Montfavet,84918,Avignon cedex 9,,['Electroménager'],[108],non,non
21-92681,2021-07-06,2021-07-30,['85'],désamiantage et démolition du bâtiment 'piscine de la soudinière' - relance suite à déclaration sans suite,fns,cmp2006,appeloffre,initial,Mairie de Saint-Gilles-Croix-de-Vie,85806,Saint-Gilles-Croix-de-Vie,,"['Démolition', 'Amiante (désamiantage)']","[87, 479]",non,non
21-93819,2021-07-06,2021-07-29,['87'],Collège Pierre Donzelot - Réfection de l'escalier principal et de l'auvent d'entrée,fns,cmp2006,appeloffre,initial,Conseil Départemental Haute-Vienne,87000,LIMOGES,,"['Carrelage', 'Déménagement', 'Electricité (travaux)', 'Etanchéité', 'Menuiserie', ""Oeuvre d'art"", 'Peinture (travaux)', ""Tous corps d'état""]","[53, 86, 105, 117, 222, 247, 264, 345]",non,non
21-93402,2021-07-06,2021-07-30,['90'],MOE - Rénovation de la Ferme auberge du Ballon d'Alsace - Territoire de Belfort,fns,cmp2006,appeloffre,initial,DEPARTEMENT DU TERRITOIRE DE BELFORT,90020,BELFORT CEDEX,,"[""Maîtrise d'oeuvre""]",[197],non,non
21-93808,2021-07-06,2021-07-30,['91'],"Travaux d'entretien, grosses réparations et installation de préaux à membrane textile dans les collèges et autres sites du Département de l'Essonne",fns,cmp2006,appeloffre,initial,Conseil départemental de l'Essonne,91012,Évry-Courcouronnes,,"['Abris', 'Décoration (travaux)']","[1, 85]",oui,non
21-93838,2021-07-06,2021-08-06,"['91', '75', '77', '92', '93', '94', '95', '78', '28']",La présente consultation a pour objet des travaux de reprise de concessions funéraires échues déclarées en état d'abandon dans le cimetière communal.,fns,cmp2006,appeloffre,initial,Ville de Palaiseau,91125,Palaiseau cedex,,['Cimetière'],[437],non,oui
21-93879,2021-07-06,2021-08-03,['91'],"45222000-9 - Travaux de construction d'ouvrages de génie civil, excepté ponts, tunnels, puits et passages souterrains",fns,cmp2006,appeloffre,initial,AFUA DE REMEMBREMENT DE LA PLAINE,91310,Montlhéry,,"['Mobilier urbain', 'Remembrement (travaux connexes)', 'Réseaux divers', 'Travaux de viabilité', 'Voirie']","[231, 303, 306, 353, 365]",non,non
21-93218,2021-07-06,2021-09-30,['92'],Le candidat retenu devra constituer avec le CHD STELL un pôle d'imagerie médicale sur le site hospitalier de Rueil-Malmaison permettant la prise en charge des usagers du CHD STELL et la prise en,fns,cmp2006,attribution,initial,GHT 92,92210,Saint-cloud,"[('2021-06-10', 'CIMOP', (3600000, 'EUR'), None)]","['Matériel médical', 'Prestations de services']","[212, 274]",non,non
21-93696,2021-07-06,2021-08-03,['92'],"Fourniture et livraison de coffrets "" épicerie fine "" et d'assortiments de chocolats pour les fêtes de fin d'année pour le Centre Communal d'Action Sociale de Châtenay-Malabry",fns,cmp2006,appeloffre,initial,CTRE COM ACTION SOC CHATENAY MALABRY,92290,Châtenay-malabry,,['Denrées alimentaires'],[88],non,oui
21-93646,2021-07-06,2021-08-25,"['92', '75', '95', '94']",Accord-cadre Prestations d'impression offset du magazine municipal et de l'agenda de la ville de Sceaux,fns,cmp2006,appeloffre,initial,COMMUNE DE SCEAUX,92330,Sceaux,,['Impression'],[160],non,non
21-93227,2021-07-06,2021-07-21,"['92', '95']",Le marché public a pour objet la fourniture de signalisation routière verticale et la réalisation de travaux de signalisation horizontale sur les chaussées et voies communales de Villeneuve la-Gare..,fns,cmp2006,appeloffre,rectificatif,COMMUNE DE VILLENEUVE LA GARENNE,92390,Villeneuve la garenne,,['Signalisation'],[322],non,non
21-93115,2021-07-06,2021-09-06,['92'],Travaux de ravalement des façades avec isolation thermique par l'extérieur à réaliser sur des bâtiments de Hauts de Seine Habitat OPH à Fontenay-aux-Roses (3 lots),fns,cmp2006,attribution,initial,Hauts-de-Seine Habitat - OPH,92532,Levallois-Perret Cedex,"[('2021-07-05', 'SGRC (SOCIETE GENERALE DE RENOVATION ET DE CONSEIL)', (1053767.7, 'EUR'), None), ('2021-07-05', 'PRIMISO', (945507, 'EUR'), None), ('2021-07-05', 'JCP ENTREPRISE en groupement avec FP ENVIRONNEMENT', (935000, 'EUR'), None)]",['Ravalement'],[299],non,non
21-59375,2021-07-06,2021-07-27,"['92', '75']",Prestations de transport de correspondances et matériels entre les sites de Courbevoie-Compiègne-Lille.,fns,cmp2006,appeloffre,initial,INST NAT DE LA PROPRIETE INDUSTRIELLE,92677,Courbevoie Cedex,,"['Colis', 'Transport']","[65, 347]",non,non
21-93640,2021-07-06,2021-09-10,['92'],"Dans le cadre de ses missions de gestion, PARIS LA DÉFENSE assure le suivi de son patrimoine de voirie, à savoir l'ensemble des ouvrages de voiries situées sur le domaine public de l'Opérati",fns,cmp2006,appeloffre,initial,PARIS LA DEFENSE,92931,Paris la défense cedex,,['Voirie et réseaux divers'],[366],oui,oui
21-93642,2021-07-06,2021-09-06,['92'],"L'opération consiste en la réalisation des travaux de désamiantage et de déconstruction des bâtiments au 230-232, avenue de la République à Nanterre (92). La démolition, sous la maîtrise d'o",fns,cmp2006,attribution,initial,PARIS LA DEFENSE,92931,Paris la défense cedex,,"['Démolition', 'Amiante (désamiantage)']","[87, 479]",non,non
21-93150,2021-07-06,2021-09-09,['93'],Achats de cadeaux de Noel pour les seniors de la Ville du Blanc Mesnil,fns,cmp2006,appeloffre,initial,COMMUNE DE BLANC MESNIL,93150,LE BLANC MESNIL,,"['Colis', 'Denrées alimentaires']","[65, 88]",non,non
21-92660,2021-07-06,2021-08-16,['93'],Conception -Realisation : réhabilitation de 274 logements de residence Louise Michel à Bagnolet (93),fns,cmp2006,appeloffre,initial,O.P.H.L.M de Bagnolet,93170,Bagnolet,,"['Bâtiment', ""Maîtrise d'oeuvre"", ""Tous corps d'état""]","[33, 197, 345]",oui,oui
21-93138,2021-07-06,2021-07-15,['93'],transports sanitaires de nuit pour le ch de gonesse,mapa,cmp2006,attribution,rectificatif,Centre HOSPITALIER DE SAINT DENIS,93200,Saint-Denis,,['Transport'],[347],non,non
21-93211,2021-07-06,2021-07-15,['93'],fourniture et livraison de lait infantile,mapa,cmp2006,attribution,initial,Centre HOSPITALIER DE SAINT DENIS,93200,Saint-Denis,,['Consommables médicaux'],[69],non,non
21-93785,2021-07-06,2021-09-06,['34'],"Livraison, installation et mise en service de plusieurs portoirs de cage d'hébergement cobayes utilisé pour la libération de lot de produits de santé",fns,cmp2006,appeloffre,initial,AGCE NAL DE SECU MEDICAMENT PROD SANTE,93285,Saint denis,,['Mobilier'],[230],non,non
21-92597,2021-07-06,2021-09-03,"['93', '75']",il s'agit des travaux d'étanchéité et de couverture dans tous bâtiments de la ville de saint-ouen-sur-seine,fns,cmp2006,appeloffre,initial,Ville de Saint-Ouen,93400,Saint-Ouen-sur-Seine,,"['Couverture', 'Etanchéité']","[74, 117]",non,oui
21-93495,2021-07-06,2021-09-04,['93'],Organisation et mise en oeuvre d'un village de Noël à Epinay-sur-Seine,fns,cmp2006,appeloffre,initial,COMMUNE D EPINAY SUR SEINE,93800,EPINAY-SUR-SEINE,,"['Location (matériels)', 'Evénementiel']","[185, 445]",non,non
21-93358,2021-07-06,2021-09-01,['94'],Prestations de salage et de déneigement de sections du réseau routier national en Île-de-France,fns,cmp2006,appeloffre,initial,MEEDDM,94046,Créteil,,['Déneigement'],[98],non,non
21-93186,2021-07-06,2021-10-03,['94'],Réparation d'un sous-ensemble d'une turbine PT6A-41,fns,cmp2006,attribution,initial,Institut Geographique National,94165,Saint-Mandé,,['Prestations de services'],[274],non,non
21-87386,2021-07-06,2021-07-20,"['91', '94', '75']",marché de travaux pour la construction du centre de formation continue sur le domaine pénitentiaire de fleury-mérogis - lot plomberie chauffage ventilation,fns,cmp2006,appeloffre,initial,APIJ,94270,Le Kremlin-Bicêtre,,"['Bâtiment', 'Chauffage (travaux)', 'Plomberie (travaux)', 'Sanitaire', 'Ventilation']","[33, 61, 270, 319, 360]",non,non
21-93438,2021-07-06,2021-08-19,['94'],"Etablissement de plans, fabrication, usinage et réparation de pièces détachées pour la cellule aéronavale.",fns,cmp2006,appeloffre,initial,Service Technique de l'Aviation Civile,94385,Bonneuil-sur-Marne Cedex,,['Acier'],[3],non,oui
21-93219,2021-07-06,2021-07-27,['91'],Etude de recherches foncières et de programmation pour la création et l'aménagement de terrains familiaux locatifs à destination des gens du voyage dans les communes essonniennes du territoire Gr,fns,cmp2006,appeloffre,initial,GRAND ORLY SEINE BIEVRE,94398,Orly aérogares,,['Etude'],[118],non,non
21-93694,2021-07-06,2021-08-31,['94'],"CONSEIL STRATÉGIQUE ET ACCOMPAGNEMENT EN COMMUNICATION POLITIQUE, RELATIONS PUBLIQUE ET RELATIONS PRESSE POUR LA VILLE DE VITRY-SUR-SEINE",fns,cmp2006,appeloffre,initial,COMMUNE DE VITRY SUR SEINE,94407,Vitry sur seine cedex,,['Audit'],[21],non,non
21-93329,2021-07-06,2021-09-09,"['94', '77', '91']",Marché d'assurance,mapa,cmp2006,appeloffre,initial,Commune de Santeny,94440,Santeny,,['Assurance'],[20],non,non
21-93455,2021-07-06,2021-09-13,['94'],Travaux de maintenance des stations de contrôle du spectre,fns,cmp2006,appeloffre,initial,Agence Nationale des Fréquences (ANFR),94704,Maisons-alfort,,"['Antenne', 'Electricité (travaux)', 'Peinture (travaux)']","[10, 105, 264]",non,non
21-93746,2021-07-06,2021-08-16,['95'],Le présent marché a pour objet de définir les conditions d'exécution des prestations de médecine du travail à proximité des différents locaux de la Caf du Val-d'Oise.,fns,cmp2006,appeloffre,initial,CAF Cergy,95018,Cergy cedex,,['Sanitaire'],[319],non,non
21-93580,2021-07-06,2021-08-03,['95'],Réalisation d'études structurelles sur divers bâtiments scolaires,mapa,cmp2006,appeloffre,initial,ville de Goussainville,95191,GOUSSAINVILLE,,['Etude'],[118],non,non
21-93501,2021-07-06,2021-08-25,['95'],Comfortements provisoires/étaiement de murs d'immeubles - Impasse et rue des Pilliers à Sarcelles,fns,cmp2006,appeloffre,initial,Ville de Sarcelles,95200,SARCELLES,,['Gros oeuvre'],[144],non,non
21-93841,2021-07-06,2021-07-30,"['95', '75']",Travaux de requalification de la rue du Fréval à Viarmes entre les numéros 19 et 45.,fns,cmp2006,appeloffre,initial,Mairie de Viarmes,95270,Viarmes,,['Voirie'],[365],non,non
21-93477,2021-07-06,2021-10-03,['95'],Numéro de la consultation : 21T03 TRAVAUX DE REFECTION DE TOITURES TERRASSES DE L'ECOLE ET DES LOGEMENTS COMMUNAUX DU MOULIN,fns,cmp2006,attribution,initial,COMMUNE DE LOUVRES,95380,LOUVRES,"[('2021-05-25', 'SOPREMA ENTREPRISES SAS', (88503.48, 'EUR'), None)]","['Couverture', 'Etanchéité']","[74, 117]",non,non
21-93095,2021-07-06,2021-09-17,['95'],Travaux de restauration et de mise en valeur de l'église St Pierre St Paul,fns,cmp2006,appeloffre,initial,COMMUNE DE GONESSE,95503,GONESSE,,"[""Tous corps d'état""]",[345],non,non
21-93889,2021-07-06,2021-08-06,['977'],Prestation et livraison de repas en liaison chaude et prestations alimentaires diverses destinés à la restauration scolaire et au portage à domicile,fns,cmp2006,attribution,initial,Collectivité de Saint-Barthélemy,97098,Saint-barthelemy,,['Restauration collective'],[66],non,non
21-67747,2021-07-06,2021-07-27,['971'],location d'engins de travaux publics avec chauffeur pour la ville de baie-mahault,fns,cmp2006,appeloffre,initial,Ville de Baie-Mahault,97122,Baie-Mahault,,['Véhicules (location)'],[474],non,non
21-86947,2021-07-06,2021-07-27,['971'],démolition de ruines et transport de véhicules hors d'usage pour la ville de baie-mahault.,fns,cmp2006,appeloffre,initial,Ville de Baie-Mahault,97122,Baie-mahault,,"['Démolition', 'Nettoyage urbain', 'Prestations de services', 'Transport', 'Véhicules (location)']","[87, 240, 274, 347, 474]",oui,oui
21-55175,2021-07-06,2021-09-14,['971'],confortement et réhabilitation du groupe scolaire de bragelogne- lot 01,fns,cmp2006,appeloffre,initial,Ville de Baie-Mahault,97122,Baie-Mahault,,"['Electricité (travaux)', 'Gros oeuvre', 'Menuiserie', 'Peinture (travaux)', 'Plomberie (travaux)']","[105, 144, 222, 264, 270]",oui,non
21-93572,2021-07-06,2021-07-30,['972'],"Renforcement de l'alimentation en eau potable de la commune de Schoelcher. Projet 7 : Réhabilitation du pompage de St-Joseph, du réservoir de Séailles et de la canalisation DN400 - LOT 3",fns,cmp2006,appeloffre,initial,REGIE DES EAUX ODYSSI,97200,Fort de France,,"['Alimentation en eau potable', ""Travaux dans l'eau""]","[6, 349]",non,non
21-93870,2021-07-06,2021-08-04,['972'],"Marché global de performance relatif à la conception, reconstruction et la maintenance des installations d'éclairage public de la ville du François",fns,cmp2006,appeloffre,initial,VILLE DU FRANÇOIS,97240,Le François,,"['Eclairage public', 'Maintenance']","[102, 196]",non,non
21-92245,2021-07-06,2021-08-09,['973'],"Pérennisation (entretien, maintenance, mise en conformité) Des Installations D'éclairage Public De La Commune De Cayenne",joue,directive24,appeloffre,initial,COMMUNE DE CAYENNE,97300,Cayenne,,['Eclairage public'],[102],non,non
21-93643,2021-07-06,2021-07-19,['973'],Acquisition de moteurs hors-bord neufs au profit de la gendarmerie de Guyane,mapa,cmp2006,appeloffre,initial,Commandement de la gendarmerie de GF,97300,Cayenne,,['Pièces détachées'],[266],non,non
21-93855,2021-07-06,2021-07-19,['973'],Acquisition de tablettes numériques,mapa,cmp2006,appeloffre,initial,COLLECTIVITE TERRITORIALE DE GUYANE,97307,CAYENNE,,['Informatique (matériel)'],[162],non,non
21-93878,2021-07-06,2021-08-09,['973'],Mise à niveau et accompagnement technique dans la mise en oeuvre de la plateforme territoriale Guyane SIG de la Collectivité territoriale de Guyane,fns,cmp2006,appeloffre,initial,COLLECTIVITE TERRITORIALE DE GUYANE,97307,CAYENNE,,"['Informatique (prestations de services)', 'Informatique (maintenance serveurs et réseaux)']","[163, 454]",non,non
21-93893,2021-07-06,2021-07-29,['973'],Marché de fournitures de tablettes à des bénéficiaires demandeurs d'emploi de la Région Guyane,fns,cmp2006,appeloffre,initial,DIRECTION REGIONALE POLE EMPLOI GUYANE,97325,Cayenne cedex,,['Bâtiment'],[33],non,oui
21-93017,2021-07-06,2021-09-17,['987'],la présente consultation concerne le système d'informatisation de la bibliothèque universitaire de l'université de la polynésie française,fns,cmp2006,appeloffre,initial,Université de la Polynésie Française,98702,Faa'a,,['Logiciel'],[186],non,non
21-93031,2021-07-06,2021-08-04,['988'],Achat analyseur carbone oraganique dissous,mapa,cmp2006,appeloffre,initial,IRD,98848,Nouméa,,['Laboratoire (matériel)'],[188],non,non
