a00_cle_idweb,g04_01_date_publication,g04_03_date_fin_diffusion,g04_07_dep_publication,g04_09_resume_objet,g01_02_01_famille,g01_02_02_perimetre,g01_02_03_nature,g01_02_04_statut,d01_01_denomination,d01_07_cp,d01_08_ville,d08_09_decision_titulaireandRENSEIGNEMENT,g04_052_descripteurs_libelles,g04_051_descripteurs_codes,g04_061_criteres_sociaux,g04_062_criteres_environnementaux
21-48554,2021-04-13,2021-04-26,['1'],Travaux de remplacement des installations frigorifiques et de GTC de la cuisine centrale et travaux annexes (rectificatif),fns,cmp2006,appeloffre,rectificatif,Ville de Bourg-en-Bresse,01012,Bourg-en-Bresse cedex,,"['Chambre froide', 'Chauffage (travaux)', 'Electricité (travaux)', 'Maçonnerie', 'Plomberie (travaux)']","[56, 61, 105, 195, 270]",non,oui
21-47768,2021-04-13,2021-05-10,['1'],Relocalisation de l'association locale des Restaurants du Coeur - Réhabilitation lourde de l'ancien site d'Agri Sud Est : Lots préparatoires,fns,cmp2006,appeloffre,initial,Ville de Bourg-en-Bresse,01012,Bourg-en-Bresse cedex,,"['Démolition', 'Terrassement', 'Dépollution', 'Amiante (désamiantage)']","[87, 341, 442, 479]",non,non
21-49524,2021-04-13,2021-05-05,['1'],Transformation du terrain no5 en gazon synthétique et construction de gradins sur le Complexe Sportif Intercommunal Nord à Arbent (01100),fns,cmp2006,appeloffre,initial,Haut-Bugey Agglomération,01117,Oyonnax cedex,,['Terrain de sport'],[342],oui,oui
21-49372,2021-04-13,2021-05-05,['1'],Collecte des ordures ménagères sur six communes de Haut-Bugey Agglomération,fns,cmp2006,appeloffre,initial,Haut-Bugey Agglomération,01117,Oyonnax cedex,,['Ordures ménagères (prestations)'],[249],oui,oui
21-49495,2021-04-13,2021-05-11,['4'],Assistance à la Maîtrise d'Ouvrage et à la Maîtrise d'Oeuvre pour la réalisation d'études d'ouvrages d'art - Pont des Arches - Digne les Bains,fns,cmp2006,appeloffre,initial,Département des Alpes de Hte Provence,04995,DIGNE-LES-BAINS,,['Etude'],[118],non,non
21-49352,2021-04-13,2021-05-12,"['5', '4', '6', '13', '26', '38', '83', '84']",Transformation énergétique du CIS du Valgaudemar,fns,cmp2006,appeloffre,initial,Sdis 05,05000,Gap,,"['Chauffage (travaux)', 'Maçonnerie']","[61, 195]",non,non
21-49385,2021-04-13,2021-06-13,['6'],"Maintenance et évolution de la solution logicielle NewsCLIP, ZEDOC, PDF Compressor pour la gestion de la revue de presse.",fns,cmp2006,attribution,initial,METROPOLE NICE COTE D AZUR,06364,NICE CEDEX 4,"[('2021-02-18', 'BSV SARL', (33778, 'EUR'), None)]",['Prestations de services'],[274],non,non
21-47613,2021-04-13,2021-05-11,['6'],prestations intellectuelles pour l'accompagnement à la sécurisation des données personnelles et conformité rgpd,mapa,cmp2006,appeloffre,initial,CCAS de Cannes,06414,Cannes Cedex,,"['Etude', 'Prestations de services']","[118, 274]",non,non
21-49137,2021-04-13,2021-05-13,['6'],"Travaux d'extension de l'espace cineraire "" SC2 "" au cimetiere des semboules par la pose de cavurnes Cimetière des Semboules - 06600 Antibes",mapa,cmp2006,attribution,initial,Ville d'Antibes Juan-les-Pins,06606,Antibes cedex,,['Cimetière'],[437],non,non
21-49453,2021-04-13,2021-05-31,['6'],Mission de maîtrise d'oeuvre pour la reconstruction d'un ouvrage maritime,fns,cmp2006,appeloffre,initial,Ville d'Antibes Juan-les-Pins,06606,Antibes cedex,,"[""Maîtrise d'oeuvre""]",[197],non,non
21-49532,2021-04-13,2021-05-18,['10'],accord-cadre mono-attributaire relatif à l'achat de papier pour la ville de troyes et troyes champagne métropole (rectificatif),fns,cmp2006,appeloffre,rectificatif,MAIRIE DE TROYES,10000,Troyes,,['Papeterie'],[262],non,oui
21-49537,2021-04-13,2021-05-07,['10'],implantation d'un parc de location de vélos à la gare de troyes - lot no8: fourniture et installation de racks à vélos supplémentaires,fns,cmp2006,appeloffre,initial,Troyes Champagne Métropole,10000,Troyes,,['Mobilier urbain'],[231],non,non
21-49082,2021-04-13,2021-05-14,['10'],Aménagement d'une aire de covoiturage sur la commune de Torvilliers (10)-.,fns,cmp2006,appeloffre,initial,DEPARTEMENT DE L AUBE,10000,TROYES,,"[""Ouvrage d'infrastructure""]",[253],non,non
21-48362,2021-04-13,2021-05-05,['10'],aménagement du parking de la restauration scolaire et liaison douce avec la médiathèque,fns,cmp2006,appeloffre,initial,Commune de VENDEUVRE SUR BARSE,10140,Vendeuvre-sur-Barse,,"['Espaces verts', 'Voirie et réseaux divers']","[116, 366]",non,non
21-48986,2021-04-13,2021-05-12,['11'],Fourniture et livraison de pièces et composants hydrauliques génériques,fns,cmp2006,attribution,initial,Département de l'Aude,11000,CARCASSONNE,,['Equipement hydraulique'],[111],non,non
21-49522,2021-04-13,2021-05-07,['12'],alimentation en eau potable - 281°lot,fns,cmp2006,appeloffre,initial,SYND MIXTE ADDUCTION EAU POTABLE MONTB,12220,Montbazens,,"['Alimentation en eau potable', 'Canalisations', 'Equipement hydraulique']","[6, 48, 111]",non,non
21-48463,2021-04-13,2021-05-04,['12'],routes departementales no 922 et 239 - mise en sécurité du carrefourcanton d'aveyron et tarn commune de st andré de najac,fns,cmp2006,appeloffre,initial,Conseil Départemental de l AVEYRON,12450,Flavin,,['Voirie'],[365],non,non
21-49478,2021-04-13,2021-05-04,['12'],route departementale no 23confortement de la plateforme routierepar butee en remblaidu p.r. 7.425 au p.r. 7.490canton de saint-affriquecommune de roquefort-sur-soulzon,fns,cmp2006,appeloffre,initial,Conseil Départemental de l AVEYRON,12450,Flavin,,['Voirie'],[365],non,non
21-49361,2021-04-13,2021-04-30,['13'],Le présent marché a pour objet la fourniture et la livraison de papier thermique en rame pour bornes pour impression à destination de la CPCAM des Bouches-du-Rhône.,fns,cmp2006,appeloffre,initial,CAISSE PRIMAIRE CENTRALE ASSUR MALADIE,13009,Marseille,,"['Impression', 'Papeterie']","[160, 262]",non,non
21-48972,2021-04-13,2021-05-17,['13'],Fourniture et installation de matériels de vidéosurveillance / contrôle d'accès ainsi que des prestations de maintenance,fns,cmp2006,appeloffre,initial,RDT13,13097,Aix en provence cx 2,,['Télésurveillance'],[415],non,non
21-49204,2021-04-13,2021-05-10,['13'],SUIVI ET SURVEILLANCE DES PIPELINES ET EMPRISES FONCIERES SUR LES BASSINS OUEST DU GRAND PORT MARITIME DE MARSEILLE,mapa,cmp2006,appeloffre,initial,GRAND PORT MARITIME DE MARSEILLE,13226,MARSEILLE,,"['Canalisations', 'Contrôle technique', 'Surveillance']","[48, 72, 331]",non,non
21-49181,2021-04-13,2021-05-10,['13'],"La présente consultation a pour objet la fourniture d'un système sécurisé de gestion des paiements de créance publique des régies de la Ville de Marseille, par carte bancaire sur internet, et ses",fns,cmp2006,appeloffre,initial,Ville de Marseille,13233,Marseille cedex 20,,['Télégestion'],[352],non,non
21-49186,2021-04-13,2021-05-12,['13'],Assistance et conseil pour le recrutement de cadres pour la Ville de Marseille,fns,cmp2006,appeloffre,initial,Ville de Marseille,13233,Marseille cedex 20,,['Mise à disposition de personnel'],[461],non,non
21-49449,2021-04-13,2021-05-07,['13'],Formations informatiques bureautiques en faveur du personnel de la Ville de Marseille,fns,cmp2006,appeloffre,initial,Ville de Marseille,13233,Marseille cedex 20,,['Formation'],[410],oui,oui
21-49359,2021-04-13,2021-05-06,['13'],Accord-cadre multi-attributaire à bons de commande pour des missions d'expertise de Bureaux d'Études Techniques relatives à des travaux d'office menés sur des bâtiments et ouvrages priv,fns,cmp2006,appeloffre,initial,Ville de Marseille,13233,Marseille cedex 20,,['Etude'],[118],non,oui
21-49477,2021-04-13,2021-05-10,"['13', '83', '84']","Le présent marché a pour objet l'aménagement d'un sentier du patrimoine (1,4 km) sur la commune de Meyrargues, la réalisation de ses ouvrages connexes et la conception (maquettage), fournitu",fns,cmp2006,appeloffre,initial,METROPOLE D AIX MARSEILLE PROVENCE,13626,Aix en provence cedex 1,,"['Signalétique', ""Tous corps d'état""]","[333, 345]",non,oui
21-49432,2021-04-13,2021-05-13,"['13', '30', '84']",Hydrocurage et inspection caméra des réseaux d'eaux pluviales de la zone des Iscles à CHATEAURENARD et de la zone du PONT A PLAN D'ORGON,fns,cmp2006,appeloffre,initial,CA TERRE DE PROVENCE,13630,Eyragues,,['Curage'],[78],non,non
21-49043,2021-04-13,2021-05-10,['13'],COMMUNE DE MARTIGUES - PARC DE FIGUEROLLES - PRESTATIONS DE VÉTÉRINAIRES POUR DES SOINS AUX ANIMAUX DE LA FERME PÉDAGOGIQUE ET DE L'ESPACE ÉQUESTRE MUNICIPAL,fns,cmp2006,appeloffre,initial,COMMUNE DE MARTIGUES,13692,Martigues cedex,,['Animaux'],[9],non,non
21-49040,2021-04-13,2021-05-10,['13'],"COMMUNE DE MARTIGUES - PARC DE FIGUEROLLES - FERME PÉDAGOGIQUE ET CENTRE ÉQUESTRE - FOURNITURE DE FOIN, DE LITIÈRES ET DE PRODUITS ALIMENTAIRES POUR LES ANIMAUX",fns,cmp2006,appeloffre,initial,COMMUNE DE MARTIGUES,13692,Martigues cedex,,['Aliments pour animaux'],[7],non,non
21-49513,2021-04-13,2021-05-31,['14'],"renouvellement de vérins des ouvrages hydrauliques (Caen et Ouistreham, Calvados)",fns,cmp2006,appeloffre,initial,Syndicat lutte contre les inondations,14027,CAEN Cedex 9,,['Equipement hydraulique'],[111],non,non
21-49538,2021-04-13,2021-05-17,['14'],Réalisation de fouilles sur l'emprise de la future extension du parking usagers de l'aéroport Caen - Carpiquet,fns,cmp2006,appeloffre,initial,Communauté Urbaine Caen la mer,14050,CAEN,,['Fouille archéologique'],[450],non,non
21-49470,2021-04-13,2021-05-06,['14'],Maîtrise d'oeuvre pour la réhabilitation et l'extension d'une salle de sport (COSEC),fns,cmp2006,appeloffre,initial,Ville de Ouistreham,14150,OUISTREHAM,,"[""Maîtrise d'oeuvre""]",[197],non,non
21-49196,2021-04-13,2021-05-03,['14'],Fourniture et Maintenance d'une Balayeuse pour les Services Techniques de la Ville de Falaise,fns,cmp2006,appeloffre,initial,Ville de Falaise,14700,FALAISE,,['Véhicules (acquisition)'],[475],non,non
21-49298,2021-04-13,2021-05-10,['15'],Rénovation de la tour de contrôle de l'aérogare d'Aurillac,fns,cmp2006,appeloffre,initial,Communauté d'Agglomération du Bassin,15005,AURILLAC CEDEX,,"[""Tous corps d'état""]",[345],non,non
21-49132,2021-04-13,2021-05-10,['16'],Acquisition de matériel espaces verts : 2 lots ( lot 1 : tondeuse autoportée et lot 2 : broyeur de branches),mapa,cmp2006,appeloffre,initial,GrandAngoulême agglomération,16023,Angoulême cedex,,['Machines-outils'],[194],non,non
21-49515,2021-04-13,2021-06-05,['16'],Travaux d'installation d'un arrosage intégré et d'un drainage sur le stade Bernard DELAGE et un arrosage intégré sur le stade annexe,fns,cmp2006,appeloffre,initial,Ville de Soyaux,16025,Angouleme cedex,,['Irrigation'],[168],non,non
21-49403,2021-04-13,2021-05-28,['16'],Travaux AEP de réhabilitation des réservoirs semi-enterrés Commune de Mansle,fns,cmp2006,appeloffre,initial,SIAEP NORD EST CHARENTE,16450,SAINT CLAUD,,['Alimentation en eau potable'],[6],non,non
21-48619,2021-04-13,2021-05-17,['17'],déconstruction du réservoir sur tour et du réservoir semi-enterré - commune de bedenac,fns,cmp2006,appeloffre,initial,Eau 17,17119,Saintes cedex,,"['Alimentation en eau potable', 'Démolition']","[6, 87]",non,non
21-49436,2021-04-13,2021-05-07,['17'],"mise en place, location et retrait de bâtiments modulaires",fns,cmp2006,appeloffre,initial,RESE de la Charente-Maritime,17119,Saintes Cedex,,['Bâtiments modulaires'],[27],non,non
21-49390,2021-04-13,2021-06-11,"['17', '33']",aménagements des abords du multiplexrues laurent tourneur et beguin,fns,cmp2006,appeloffre,initial,Ville de Saint Jean d'Angely,17400,saint jean d'angély,,['Voirie et réseaux divers'],[366],non,non
21-49275,2021-04-13,2021-05-06,['18'],Acquisition de 2 séchoirs transferts pour la Blanchisserie Inter-Hospitalière Bourges-Vierzon,fns,cmp2006,appeloffre,initial,Blanchis Interhosp Bourges Vierzon,18020,Bourges cedex,,['Blanchisserie (matériel)'],[37],oui,oui
21-49111,2021-04-13,2021-04-22,['18'],MISSION D'ASSISTANCE TECHNIQUE ET D'ÉTUDES DIVERSES POUR LE SUIVI DE LA GESTION DES BARRAGES DE SIDIAILLES ET DE GOULE,fns,cmp2006,appeloffre,rectificatif,Conseil départemental du Cher,18023,BOURGES,,['Barrage'],[31],non,non
21-49328,2021-04-13,2021-05-03,"['75', '6', '13', '69']",Etude urbaine stratégique et pré opérationnelle sur le site de l'hôpital de la MISERICORDE à Ajaccio,fns,cmp2006,appeloffre,rectificatif,Ametarra spl,20000,Ajaccio,,['Ingénierie'],[455],non,non
21-49487,2021-04-13,2021-05-10,['21'],Travaux d'installation de compteurs électriques et raccordement GTC,mapa,cmp2006,appeloffre,initial,DIJON METROPOLE,21075,Dijon,,['Electricité (travaux)'],[105],non,non
21-49263,2021-04-13,2021-04-23,"['21', '71', '89', '1', '69']","Réalisation travaux scénographiques : Cités des vins et des Climats de Bourgogne (Beaune, Chablis, Mâcon) Travaux d'aménagement, équipements, production des contenus audiovisuels et multimédia.",fns,cmp2006,appeloffre,rectificatif,BIVB,21204,BEAUNE Cedex,,['Equipement muséographique'],[409],non,non
21-49001,2021-04-13,2021-06-13,['21'],OUVERTURE ET FERMETURE DES PARCS ET JARDINS CLOS ET EQUIPEMENTS DE LA COMMUNE DE BEAUNE,mapa,cmp2006,attribution,initial,Ville de Beaune,21205,Beaune cedex,,['Surveillance'],[331],non,non
21-47867,2021-04-13,2021-05-13,['22'],campagne de geo referencement et délimitations portuaires de 14 ports départementaux costarmoricains,fns,cmp2006,appeloffre,initial,Département des Côtes d'Armor,22023,Saint-Brieuc cedex 1,,"['Etude', 'Installation portuaire']","[118, 165]",non,non
21-49179,2021-04-13,2021-05-15,['23'],Extension salle polyvalente,fns,cmp2006,appeloffre,initial,Mairie de Saint Médard La Rochette,23200,SAINT MEDARD LA ROCHETTE,,"['Assainissement', 'Carrelage', 'Charpente', 'Chauffage (travaux)', 'Cloison, faux plafond', 'Couverture', 'Cuisine (équipement)', 'Démolition', 'Electricité (travaux)', 'Espaces verts', 'Gros oeuvre', 'Isolation', 'Menuiserie', 'Mobilier', 'Peinture (travaux)', 'Sanitaire', 'Terrassement', 'Ventilation']","[18, 53, 57, 61, 63, 74, 77, 87, 105, 116, 144, 169, 222, 230, 264, 319, 341, 360]",non,non
21-49102,2021-04-13,2021-06-01,['24'],"Prestation de géomètre concernant l'aménagement foncier agricole, forestier et environnemental (AFAFE) en valeur vénale de la commune de SAINT-JORY-DE-CHALAIS",fns,cmp2006,appeloffre,initial,Conseil Général de la Dordogne,24019,PERIGUEUX,,['Ingénierie'],[455],non,non
21-49492,2021-04-13,2021-04-30,['24'],COLLECTE DES DECHETS VERTS SUR L'AGLOMERATION DU GRAND PERIGUEUX,fns,cmp2006,appeloffre,initial,SMD3,24660,Coulounieix Chamiers,,['Ordures ménagères (prestations)'],[249],non,non
21-46057,2021-04-13,2021-05-14,['25'],changement de logiciel des cimetières communaux de la ville de besançon,mapa,cmp2006,appeloffre,initial,Ville de Besançon,25000,besançon,,['Logiciel'],[186],non,non
21-49121,2021-04-13,2021-05-10,"['21', '25', '39', '58', '70', '71', '89', '90']",Formation 'Bonnes pratiques d'hygiène en restauration collective' pour les agents de restauration des lycées de la région Bourgogne-Franche-Comté.,fns,cmp2006,appeloffre,initial,Région Bourgogne - Franche-Comté,25031,Besançon,,['Formation'],[410],non,non
21-49039,2021-04-13,2021-06-02,"['26', '1', '38', '42', '43', '69', '7', '73', '74']",Travaux de réhabilitation du réservoir d'eau potable de Ladeveau à Montmeyran 26120 (2X500 m3),fns,cmp2006,appeloffre,initial,Synd.Mixte Eaux Sud Valentinois,26120,Montmeyran,,['Alimentation en eau potable'],[6],non,non
21-48950,2021-04-13,2021-05-17,"['27', '76']",consultation de maîtrise d'oeuvre pour la restructuration et la construction de 12 logements collectifs sur la commune d'igoville,mapa,cmp2006,appeloffre,initial,Le Logement Familial de l'Eure,27000,evreux,,"[""Maîtrise d'oeuvre""]",[197],non,non
21-49079,2021-04-13,2021-05-07,['27'],"Mission d'expertise et d'accompagnement du NH Navarre à l'organisation et l'optimisation du codage, et à la restructuration du DIM, en vue de la réforme du financement de la psychiatrie (rectificatif)",fns,cmp2006,appeloffre,rectificatif,GHT ESPO - CH Eure-Seine Etab. support,27015,Evreux Cedex,,['Audit'],[21],non,non
21-49228,2021-04-13,2021-05-10,['27'],Renouvellement du réseau d'assainissement collectif sur la commune de Bernay,fns,cmp2006,appeloffre,initial,Intercom Bernay Terres de Normandie,27300,Bernay,,"['Assainissement', 'Canalisations', 'Voirie et réseaux divers']","[18, 48, 366]",non,non
21-49429,2021-04-13,2021-05-12,"['28', '45', '75', '78', '91']",Accord cadre à bons de commande pour la réalisation des prestations de géomètre nécessaires à l'aménagement de la ZAC des Pôles Ouest,fns,cmp2006,appeloffre,initial,Chartres Amenagement (28),28000,Chartres,,['Topographie'],[344],non,non
21-49118,2021-04-13,2021-07-11,['28'],"ÉTUDE PRÉALABLE D'AMÉNAGEMENT FONCIER, AGRICOLE, FORESTIER ET ENVIRONNEMENTAL - ÉTUDE D'IMPACT COMMUNE DE CLEVILLIERS (2 lots)- Lot no1 : Volet Foncier- Lot no2 : Volet environnemental",fns,cmp2006,attribution,initial,Conseil général d'Eure et Loir,28028,Chartres,"[('2021-03-30', 'TT GEOMETRES EXPERTS', (16200, 'EUR'), None), ('2021-03-30', 'ADEV Environnement', (21350, 'EUR'), None)]",['Ingénierie'],[455],non,non
21-49177,2021-04-13,2021-07-11,['28'],DÉCONSTRUCTION - RECONSTRUCTION DE L'OUVRAGE D'ART N°AU505 FRANCHISSANT LA LIGNE SNCF CHARTRES-GALLARDON - COMMUNE DE COLTAINVILLE,fns,cmp2006,attribution,initial,Conseil général d'Eure et Loir,28028,Chartres,"[('2021-04-06', 'giffard genie civil', (617171.25, 'EUR'), None)]",['Voirie'],[365],non,non
21-49029,2021-04-13,2021-06-10,['28'],Appel à projet site dit de l'Hippodrome,divers,autre,appeloffre,initial,CC DU GRAND CHATEAUDUN,28200,Châteaudun,,"['Equipement industriel', 'Equipements spécialisés']","[112, 115]",non,non
21-48457,2021-04-13,2021-05-10,['29'],realisation de centrales solaires photovoltaiques sur toitureshstv- unité centrale de production de repas en pays bigouden,fns,cmp2006,appeloffre,initial,SEML ENERGIES EN FINISTERE,29000,Quimper,,['Photovoltaïque'],[476],non,non
21-48391,2021-04-13,2021-05-18,['29'],installation au sol d'une centrale de production d'électricité à partir de l'énergie solaire - trémeoc- site de dineou,fns,cmp2006,appeloffre,initial,Syndicat Départemental D'Energie 29,29000,Quimper,,['Photovoltaïque'],[476],non,non
21-49190,2021-04-13,2021-05-17,"['56', '29', '44', '35']",Mission de maîtrise d'oeuvre relative à la création d'un bâtiment à ETEL,mapa,cmp2006,appeloffre,initial,DIR INTERREGIONALE MER NORD ATLANTIQUE,29200,Brest,,"['Informatique (assistance)', 'Ingénierie']","[453, 455]",non,non
21-49543,2021-04-13,2021-05-11,['29'],"La présente consultation est liée au marché de controle technique (OCTA) pour le développement du réseau de transport en commun de Brest Métropole - Mon réseau grandit, comprenant :- La création d..",fns,cmp2006,appeloffre,initial,BREST METROPOLE AMENAGEMENT SOC PUB LO,29238,Brest cedex 2,,['Contrôle technique'],[72],non,non
21-49195,2021-04-13,2021-06-14,['29'],Maintenance curative et évolutive des matériels réseaux et logiciels associés de l'Université de Bretagne Occidentale,fns,cmp2006,attribution,initial,Université de Bretagne Occidentale,29238,Brest cedex 3,,['Informatique (maintenance serveurs et réseaux)'],[454],non,non
21-49133,2021-04-13,2021-06-02,['31'],Prestations de découpe et mise en boîtiers de circuits intégrés et prestations annexes,fns,cmp2006,appeloffre,initial,ISAE SUPAERO,31055,TOULOUSE,,"['Aéronautique', 'Matériel électronique', 'Prestations de services']","[4, 204, 274]",non,non
21-49297,2021-04-13,2021-05-05,['31'],"Les dispositions du présent Cahier des Clauses Administratives Particulières (ci-après "" le CCAP "") concernent la réalisation des travaux de sécurisation de l'hélistation P. LARENG sur le site de",fns,cmp2006,appeloffre,initial,CHU DE TOULOUSE,31059,Toulouse cedex 9,,"['Electricité (travaux)', 'Voirie et réseaux divers']","[105, 366]",non,non
21-49153,2021-04-13,2021-05-10,['47'],"Le projet consiste à restaurer plusieurs maisons éclusières située le long du canal latéral à la Garonne, dans les départements du Lot-et-Garonne et de Gironde.Cette opération s'inscrit dans un",fns,cmp2006,appeloffre,initial,Voies navigables de France,31073,Toulouse cedex 7,,"[""Tous corps d'état""]",[345],non,non
21-49398,2021-04-13,2021-07-31,['31'],DELEGATION DE SERVICE PUBLIC POUR L'EXPLOITATION DU CINEMA MUNICIPAL A AUCAMVILLE,dsp,dsp,appeloffre,initial,COMMUNE D AUCAMVILLE,31140,AUCAMVILLE,,"['Vidéo, cinéma', 'Délégation de service public']","[362, 406]",non,non
21-49283,2021-04-13,2021-05-31,['31'],"Réhabilitation du réservoir d'Ondes sur la commune d'Ondes, au niveau de la route de la Poste",fns,cmp2006,appeloffre,initial,SMEA31,31400,Toulouse,,['Réservoir'],[307],non,non
21-49134,2021-04-13,2021-05-17,['31'],Réalisation d'une étude évaluative relative à la mise en oeuvre de LEADER dans le cadre du FEADER,fns,cmp2006,attribution,initial,REGION OCCITANIE,31406,TOULOUSE,"[('2021-04-08', 'TERITEO', (84525.0, 'EUR'), None)]",['Etude'],[118],non,non
21-48977,2021-04-13,2021-07-11,['31'],20V0194PA - Marché de maîtrise d'oeuvre pour la création d'un Skate-Park en béton sur la base de loisirs des Argoulets MS-NF,fns,cmp2006,attribution,initial,COMMUNE DE TOULOUSE,31505,Toulouse,,"[""Maîtrise d'oeuvre"", 'Ingénierie']","[197, 455]",non,non
21-49188,2021-04-13,2021-05-13,['33'],Aménagement des barreaux routiers Euler & Newton,fns,cmp2006,attribution,initial,Bordeaux Métropole,33045,BORDEAUX,"[('2021-04-09', 'CMR', (1259954.52, 'EUR'), None)]",['Voirie et réseaux divers'],[366],non,non
21-49145,2021-04-13,2021-05-07,['33'],Fourniture de conteneurs de stockage sécurisés pour les DEEE et de pièces de rechange,fns,cmp2006,appeloffre,initial,Bordeaux Métropole,33045,BORDEAUX,,"['Conteneur, poubelles']",[71],non,non
21-49269,2021-04-13,2021-05-15,"['33', '24', '47']",Travaux d'aménagement de l'avenue Herriot - voirie et réseaux,fns,cmp2006,appeloffre,initial,COMMUNE DE PINEUILH,33220,Pineuilh,,['Voirie et réseaux divers'],[366],non,non
21-49139,2021-04-13,2021-05-10,['33'],Extension du cimetière communal,fns,cmp2006,appeloffre,initial,MAIRIE DE CENAC,33360,Cenac,,['Cimetière'],[437],non,non
21-49033,2021-04-13,2021-05-05,['33'],"Etude pour la connaissance et la lutte contre la prolifération des cyanobactéries dans les lacs du Moulin Blanc, Saint Christoly de Blaye",mapa,cmp2006,appeloffre,initial,Cté de Communes du canton de Blaye,33393,Blaye cedex,,['Etude'],[118],non,non
21-49545,2021-04-13,2021-05-05,['33'],"LA PRESENTE CONSULTATION A POUR OBJET LA REALISATION DE TRAVAUX COMMUNAUX D'AMENAGEMENTS SECURITAIRES DE VOIRIE ET D'ASSAINISSEMENT PLUVIAL, RUE DU PRINCE ET ALLEE DE CANOT, SUR LA COMMUNE D",fns,cmp2006,appeloffre,initial,COMMUNE D ARSAC,33460,Arsac,,"['Voirie', 'Voirie et réseaux divers']","[365, 366]",non,non
21-49553,2021-04-13,2021-07-11,['33'],Construction de vestiaires complexe sportif chante-cigale,fns,cmp2006,attribution,initial,VILLE DE GUJAN MESTRAS,33470,GUJAN-MESTRAS,,['Bâtiment'],[33],non,non
21-49438,2021-04-13,2021-05-12,['33'],Fourniture de médicaments dérivés du plasma,fns,cmp2006,appeloffre,initial,Etablissement Français du Sang,33615,Pessac cedex,,['Produits pharmaceutiques'],[280],non,non
21-49213,2021-04-13,2021-07-09,['34'],"Collecte, transport et élimination des déchets spéciaux, et fourniture de contenants et d'emballages s'y rapportant",fns,cmp2006,appeloffre,initial,INRAE de Montpellier,34060,Montpellier cedex 2,,['Déchets non ménagers (prestations)'],[404],non,non
21-49381,2021-04-13,2021-05-13,['34'],Accompagnement en vue de l'obtention de l'accréditation ACA dans le cadre du programme EASEE,fns,cmp2006,attribution,initial,SPL Aéroportuaire Régionale,34064,Montpellier,"[('2021-03-30', 'ENVISA SAS', (22420, 'EUR'), None)]",['Etude'],[118],non,non
21-49486,2021-04-13,2021-04-30,['34'],Marché réservé - Travaux de conditionnement manuel et services associés,mapa,cmp2006,appeloffre,initial,Conseil départemental de l'Hérault,34087,MONTPELLIER,,['Conditionnement'],[67],non,non
21-49157,2021-04-13,2021-05-18,['34'],Numéro de la consultation : 20STCH15 Marché réservé - RD149 - Aménagements Paysagers d'une aire de covoiturage en rive de l'A75,fns,cmp2006,appeloffre,initial,Conseil départemental de l'Hérault,34087,MONTPELLIER,,['Espaces verts'],[116],oui,non
21-49131,2021-04-13,2021-07-01,['34'],Fourniture de cartes affaires.,fns,cmp2006,appeloffre,initial,UNIVERSITE DE MONTPELLIER,34090,Montpellier,,['Prestations de services'],[274],non,non
21-49423,2021-04-13,2021-05-17,['34'],Consultant spécialiste en assurance risques statutaires,fns,cmp2006,appeloffre,initial,Centre de Gestion de la FPT 34,34184,Montpellier,,"['Assistance technique', 'Assurance']","[19, 20]",non,non
21-49119,2021-04-13,2021-07-11,['34'],Numéro de la consultation : 2021 TX 0014 Travaux de pose et de réfection de clôtures,fns,cmp2006,attribution,initial,COMMUNE D AGDE,34306,AGDE,"[('2021-04-13', 'AGA TPB', (150000, 'EUR'), None)]",['Clôture'],[64],non,non
21-49140,2021-04-13,2021-05-11,['34'],Vérification périodique et travaux de mise en conformité des pylônes du SDIS 34,fns,cmp2006,appeloffre,initial,SCE DEPARTEMENTAL INCENDIE ET SECOURS,34570,VAILHAUQUES,,"['Maintenance', 'Matériel de transmission']","[196, 210]",non,non
21-49333,2021-04-13,2021-05-05,"['34', '11', '30']",Marché entretien des espaces verts - sites de l'URSSAF Languedoc Roussillon,mapa,cmp2006,appeloffre,initial,URSSAF de l'HERAULT,34965,Montpellier cedex 2,,['Espaces verts'],[116],oui,oui
21-49350,2021-04-13,2021-05-14,['35'],"Réalisation d'audits financiers et techniques, assistance à la négociation et à la rédaction d'avenants de 8 contrats de délégation de service public d'assainissement",fns,cmp2006,appeloffre,initial,Rennes Métropole,35031,RENNES CEDEX,,"['Assainissement', 'Etude']","[18, 118]",non,non
21-49236,2021-04-13,2021-05-04,['35'],Rénovation du terrain de football en gazon synthétique du parc sportif du Berry,fns,cmp2006,appeloffre,initial,Ville de Rennes,35031,RENNES CEDEX,,['Terrain de sport'],[342],non,non
21-49300,2021-04-13,2021-05-06,['35'],STADE RUGBY BOUGOUIN - Rénovation de l'éclairage,fns,cmp2006,appeloffre,initial,Ville de Rennes,35031,RENNES CEDEX,,"['Electricité (travaux)', ""Tous corps d'état""]","[105, 345]",non,non
21-49284,2021-04-13,2021-06-11,"['35', '22']","Remplacement de l'équipement de contrôle d'accès et d'alarme intrusion - Campus universitaire Villejean et La Harpe à Rennes, campus universitaire Mazier à Saint-Brieuc",fns,cmp2006,appeloffre,initial,Université Rennes 2,35043,Rennes cedex,,"['Alarme', 'Electricité (travaux)', 'Matériel de sécurité']","[5, 105, 209]",non,non
21-49078,2021-04-13,2021-05-07,['35'],TRAVAUX DE CLOTURE A L'EHPAD CHAMPS MANCEAUX,fns,cmp2006,appeloffre,annulation,CCAS de Rennes,35105,Rennes,,['Clôture'],[64],non,non
21-48998,2021-04-13,2021-05-17,['35'],PROPRETE URBAINELOT 1 : NETTOYAGE DE TAGS - GRAFFITIS ET ESPACE PUBLICLOT 2 : BALAYAGE MANUEL ET RAMASSAGE DES CORBEILLES DE PROPRETE,fns,cmp2006,appeloffre,initial,Ville de Saint Jacques de la Lande,35136,Saint jacques de la lande,,['Nettoyage urbain'],[240],non,non
21-49045,2021-04-13,2021-05-14,['38'],Création d'un nouveau bureau de secrétaire à la Cité scolaire Jean Prévost de Villard de Lans,mapa,cmp2006,appeloffre,initial,DEPARTEMENT DE L ISERE,38022,Grenoble,,"['Cloison, faux plafond', 'Electricité (travaux)', 'Menuiserie', 'Plâtrerie', ""Tous corps d'état""]","[63, 105, 222, 269, 345]",non,non
21-49167,2021-04-13,2021-05-19,['38'],Travaux de rénovation de la ventilation et de la désodorisation des unités de biofiltration Bio C1 et Bio C2 sur l'usine de traitement des eaux usées Aquapole,fns,cmp2006,appeloffre,rectificatif,GRENOBLE ALPES METROPOLE ASSAIN,38031,GRENOBLE,,['Assainissement'],[18],non,non
21-48626,2021-04-13,2021-05-04,['39'],"189006m - gendrey - aménagement d'un nouveau quartier avec construction de logements séniors - LOTS 2, 31,32, 33",fns,cmp2006,appeloffre,initial,SIDEC du Jura,39000,Lons le Saunier,,"['Bâtiment', 'Charpente', 'Gros oeuvre', 'Menuiserie', 'Ravalement']","[33, 57, 144, 222, 299]",non,non
21-49178,2021-04-13,2021-05-08,['39'],"Assainissement commune de les Rousses : renouvellement de la canalisation d'eaux usées rue de la Frontière, hameau de La Cure",fns,cmp2006,appeloffre,initial,Syndicat Mixte du Haut Jura,39400,Morez - hauts de bienne,,['Assainissement'],[18],non,non
21-49021,2021-04-13,2021-05-18,['40'],Acquisition véhicules citadines,fns,cmp2006,appeloffre,initial,Centre Gestion de la fonction publique,40002,Mont-de-Marsan,,['Véhicules (acquisition)'],[475],non,non
21-49464,2021-04-13,2021-06-13,['40'],Contrat de location maintenance d'une balayeuse aspiro-chargeuse de voirie pour les services techniques de la ville de Mimizan pour des opérations principalement de ramassage de sable éolien.,fns,cmp2006,attribution,initial,Mairie de Mimizan,40200,Mimizan,"[('2021-04-02', 'SAS FABRE MANUTENTION', (195780.0, 'EUR'), None)]",['Véhicules (location)'],[474],non,non
21-49393,2021-04-13,2021-06-13,['40'],Mission de coordination en matière de sécurité et de protection de la santé des travailleurs Mairie de Mimizan,mapa,cmp2006,attribution,initial,Mairie de Mimizan,40200,Mimizan,,['Sécurité incendie'],[332],non,non
21-49087,2021-04-13,2021-05-27,"['40', '64', '33']",Réhabilitation d'une bâche d'eau potable de 1600m3 à Saint Martin de Hinx,fns,cmp2006,appeloffre,initial,SYNDICAT MIXTE EMMA,40230,Saint Vincent de Tyrosse,,"['Alimentation en eau potable', 'Réservoir']","[6, 307]",non,oui
21-49003,2021-04-13,2021-05-17,['41'],Travaux d'agrandissement du siège de la Communauté de Communes du Grand Chambord.,fns,cmp2006,appeloffre,initial,Trois Vals Aménagement,41043,Blois cedex,,"[""Tous corps d'état""]",[345],non,non
21-49441,2021-04-13,2021-05-18,['41'],"Location, installation et maintenance d'une patinoire à Vendôme - Fêtes de fin d'années 2021",mapa,cmp2006,appeloffre,initial,Ville de Vendôme,41106,Vendôme Cedex,,['Location (matériels)'],[185],non,non
21-49540,2021-04-13,2021-05-05,['42'],Études liées à des travaux de reconnexion d'annexes hydrauliques fluviales,fns,cmp2006,appeloffre,initial,Conseil Général de la Loire,42022,Saint-Etienne,,['Etude'],[118],non,non
21-49056,2021-04-13,2021-07-11,['42'],"Le présent marché a pour objet la caractérisation des ordures ménagères résiduelles des collectivités du S.E.E.D.R, afin de connaître leur composition et d'apporter des éléments d'informatio",mapa,cmp2006,attribution,initial,S.E.E.D.R.,42300,Roanne,,['Ingénierie'],[455],non,non
21-48966,2021-04-13,2021-05-04,['44'],fourniture de prestations techniques pour le festival des scènes vagabondes du 1er au 4 juillet 2021 inclus,mapa,cmp2006,appeloffre,initial,Ville de Nantes,44024,Nantes cedex 1,,"['Matériel scénique', 'Prestations de services', 'Sanitaire', 'Déchets non ménagers (prestations)']","[216, 274, 319, 404]",non,non
21-49000,2021-04-13,2021-05-07,['44'],Remplacement des pistolets GNV pour bus,fns,cmp2006,appeloffre,initial,SEMITAN,44046,Nantes cedex 1,,"['Carburant, hydrocarbure', 'Equipements spécialisés', 'Gaz divers', 'Pièces détachées', 'Transport']","[52, 115, 139, 266, 347]",non,oui
21-48954,2021-04-13,2021-05-07,['44'],requalification de la piscine durantière: relance des lots 5 serrurerie menuiserie alu et 10 peinture.,fns,cmp2006,appeloffre,initial,COMMUNE DE NANTES,44094,Nantes Cedex 1,,"['Menuiserie', 'Peinture (travaux)', 'Serrurerie']","[222, 264, 321]",non,non
21-49378,2021-04-13,2021-05-26,['44'],"Procédure adaptée relatif à des prestations de location, de maintenance et d'entretien d'un parc d'imprimantes et de photocopieurs ainsi que sa solution logicielle associée",fns,cmp2006,appeloffre,initial,INSTITUT PUBLIC OCENS,44262,NANTES Cedex 2,,"['Location (matériels)', ""Matériel d'imprimerie""]","[185, 211]",non,non
21-48958,2021-04-13,2021-05-04,['44'],pôle sud-ouest - aménagements de voirie - réorganisation réseauxbus,fns,cmp2006,appeloffre,initial,Nantes Métropole,44923,Nantes Cedex 9,,['Voirie'],[365],non,oui
21-49303,2021-04-13,2021-05-05,['44'],lutte contre les pollutions et traitement des situations d'urgence sur le territoire de nantes métropole,fns,cmp2006,appeloffre,initial,Nantes Métropole,44929,Nantes cedex 9,,['Prestations de services'],[274],non,non
21-49481,2021-04-13,2021-05-07,"['44', '49', '53', '72', '85']",Le présent marché a pour objet la réalisation d'une étude de sûreté et de sécurité publique (ESSP) dans le cadre de la construction d'un lycée polyvalent à Saint-Philbert-de-Grand-Lieu (44).,fns,cmp2006,appeloffre,initial,Conseil régional des Pays de la Loire,44966,Nantes cedex,,['Etude'],[118],non,non
21-49053,2021-04-13,2021-07-11,['45'],ENTRETIEN DU PATRIMOINE ARBORE DE LA VILLE ET DU CAMPING DE LA MALTOURNEE,fns,cmp2006,attribution,initial,Ville de Châteauneuf-sur-Loire,45110,CHATEAUNEUF-SUR-LOIRE,"[('2021-03-12', 'SMDA SAS', (120000, 'EUR'), None), ('2021-03-12', 'SEM espaces verts', (80000, 'EUR'), None)]",['Prestations de services'],[274],non,oui
21-49143,2021-04-13,2021-05-26,['45'],Projet de rénovation thermique du groupe scolaire de la CléryRue Sainte Apolline45210 FERRIERES EN GATINAIS,fns,cmp2006,appeloffre,initial,COMMUNE FERRIERES EN GATINAIS,45210,Ferrieres en gatinias,,"['Bâtiment', 'Equipement thermique']","[33, 114]",non,non
21-49407,2021-04-13,2021-04-23,['45'],Reconstruction et restructuration de l'école de LadonLOT N°1 Démolition-Désamiantage-Déplombage,mapa,cmp2006,appeloffre,rectificatif,CC Canaux et Forêts en Gatinais,45260,Lorris,,['Démolition'],[87],non,non
21-49259,2021-04-13,2021-07-11,['45'],"Travaux d'entretien de la voirie, réseau d'eau potable et réseaux divers.",fns,cmp2006,attribution,initial,Communauté de Communes du Malesherbois,45330,Le Malesherbois,"[('2021-04-09', 'GAÏA TRAVAUX PUBLICS', (300000, 'EUR'), None)]","['Alimentation en eau potable', 'Réseaux divers', 'Voirie', ""Compteur d'eau""]","[6, 306, 365, 440]",non,non
21-49250,2021-04-13,2021-05-14,['45'],ACQUISITION D'UN MINIBUS URBAIN POUR LE SERVICE DE TRANSPORT DE LA VILLE DE GIEN,fns,cmp2006,appeloffre,initial,VILLE DE GIEN,45503,Gien Cedex,,['Véhicules (acquisition)'],[475],non,non
21-49229,2021-04-13,2021-04-27,['47'],rénovation thermique et énergétique. isolation toiture complexe sportif,mapa,cmp2006,appeloffre,initial,COMMUNE DE LEVIGNAC DE GUYENNE,47120,Lévignac de Guyenne,,['Isolation'],[169],non,non
21-49032,2021-04-13,2021-05-04,"['49', '72', '44', '85']",travaux de migration ip des systèmes d'alarme intrusion des bâtiments de la ville d'angers,fns,cmp2006,appeloffre,initial,Ville d'Angers,49020,ANGERS CEDEX 02,,['Alarme'],[5],non,non
21-48965,2021-04-13,2021-06-13,['49'],ASSISTANCE POUR LA PRÉPARATION ET LA PASSATION DE MARCHES PUBLICS D'ASSURANCE,mapa,cmp2006,appeloffre,initial,Université d'Angers,49035,Angers cedex 01,,"['Assurance', ""Assistance à maîtrise d'ouvrage""]","[20, 433]",non,non
21-49182,2021-04-13,2021-05-13,"['49', '35', '44', '53']",Maîtrise d'oeuvre pour la création d'une maison de santé pluri-professionnelle commune déléguée de Pouancé,fns,cmp2006,appeloffre,initial,COMMUNE DE OMBREE D ANJOU,49420,Ombrée d'Anjou,,"[""Maîtrise d'oeuvre""]",[197],non,non
21-48987,2021-04-13,2021-05-07,['50'],Travaux de réfection de la couverture du bâtiment Eglantines sur le site du Centre Hospitalier de Proximité de Carentan les Marais,fns,cmp2006,appeloffre,initial,HOPITAL MEMORIAL FRANCE ETATS UNIS,50009,Saint-lô,,['Couverture'],[74],non,non
21-49095,2021-04-13,2021-04-30,['50'],"Réalisation de transports de nuit à la charge des centres hospitaliers du GHT Centre Manche de la date de notification au 31/12/2021, reconductible 1 fois 12 mois.",fns,cmp2006,appeloffre,initial,HOPITAL MEMORIAL FRANCE ETATS UNIS,50009,Saint-lô,,['Transport'],[347],non,non
21-49036,2021-04-13,2021-05-14,['50'],"Harmonisation, optimisation et sectorisation des collectes OMr et EMr de la Communauté d'agglomération du Cotentin dans le cadre de l'extension des consignes de tri",fns,cmp2006,appeloffre,initial,Communauté d'Agglomération du Cotentin,50130,Cherbourg en Cotentin,,['Etude'],[118],non,non
21-49554,2021-04-13,2021-06-10,['50'],"Délégation de service public portant sur l'animation, l'exploitation et la gestion du fonds de commerce de deux salles de cinéma",dsp,dsp,appeloffre,initial,Coutances mer et bocage,50207,Coutances,,"['Vidéo, cinéma', 'Délégation de service public']","[362, 406]",non,non
21-49311,2021-04-13,2021-05-11,['50'],Fourniture de stores et rideaux occultants pour les équipements de la commune de la Hague,fns,cmp2006,appeloffre,initial,Commune de la hague,50442,La Hague,,['Textile'],[343],non,non
21-48994,2021-04-13,2021-04-30,['51'],Mise en oeuvre d'une solution de Gestion Electronique des Documents pour le domaine social et numérisation des dossiers afférents - Appel à candidatures.,fns,cmp2006,appeloffre,initial,Département de la Marne,51038,Châlons-en-Champagne cedex,,"['Dématérialisation', 'Logiciel']","[97, 186]",non,non
21-49273,2021-04-13,2021-06-26,['54'],Le présent marché a pour but d'approvisionner des pièces détachées multimarques qui ne sont plus référencées ni tarifées dans le barème du fournisseur d'origine ou plus distribuées par ce de,fns,cmp2006DEFENSE,appeloffre,initial,DELPIA,54035,Nancy,,['Pièces détachées'],[266],non,non
21-48993,2021-04-13,2021-07-10,['8'],Des travaux de renforcement de berge dans bief 22 versant Aisne du canal des Ardennes par la mise en oeuvre d'un rideau de palplanches,fns,cmp2006,attribution,initial,Voies navigables de France,54036,Nancy,"[('2021-03-28', 'Sethy', (49800.52, 'EUR'), None)]",['Palplanches'],[260],non,non
21-49097,2021-04-13,2021-05-07,"['54', '57', '88']",Recrutement d'un AMO - Etude de faisabilité des travaux de rénovation du bâtiment K - Campus CLSH - Nancy,mapa,cmp2006,appeloffre,initial,Université de Lorraine,54052,Nancy cedex,,"[""Assistance à maîtrise d'ouvrage""]",[433],non,non
21-49125,2021-04-13,2021-05-15,['54'],Acquisition d'un appareil d'analyse mécanique dynamique et prestations associées,mapa,cmp2006,appeloffre,initial,Université de Lorraine,54505,Vandoeuvre-les-nancy,,['Equipements spécialisés'],[115],non,non
21-49098,2021-04-13,2021-06-30,"['54', '57', '88']",VEZELISE - Ancien EHPAD - Logements - Maîtrise d'oeuvre curage désamiantage et déconstruction,fns,cmp2006,appeloffre,initial,EPFGE,54701,Pont à mousson,,['Ingénierie'],[455],non,non
21-49247,2021-04-13,2021-05-11,['55'],Restauration de la terrasse du Prieuré du Breuil,fns,cmp2006,appeloffre,initial,Ville de Commercy,55200,COMMERCY,,"['Maçonnerie', 'Serrurerie']","[195, 321]",non,non
21-46736,2021-04-13,2021-05-12,['56'],"fourniture, livraison et installation de mobiliers pour les parties communes de la résidence habitat jeunes kérizac pour le compte du ccas de la ville de vannes",mapa,cmp2006,appeloffre,initial,Ville de Vannes,56000,Vannes,,['Mobilier'],[230],non,non
21-48989,2021-04-13,2021-05-04,['56'],Fourniture d'équipements pour salle physiologique de maternité,fns,cmp2006,appeloffre,initial,CENTRE HOSPITALIER BRETAGNE ATLANTIQUE,56017,Vannes cedex,,['Logiciel'],[186],non,non
21-49302,2021-04-13,2021-05-17,['56'],"Restauration d'oeuvres d'art, études d'oeuvres et restauration de cadres pour la Chapelle Saint-Yves à Vannes",fns,cmp2006,appeloffre,initial,Ville de Vannes,56019,VANNES,,"[""Oeuvre d'art""]",[247],non,non
21-49242,2021-04-13,2021-05-07,['56'],Marché de travaux de remplacement des robinets thermostatiques - Campagne 2021,fns,cmp2006,appeloffre,initial,OFFICE PUB HABITAT COM AGGL PAYS LORIE,56325,LORIENT,,['Chauffage (travaux)'],[61],non,non
21-49123,2021-04-13,2021-06-17,"['57', '54', '55', '67', '68', '51', '52']",METZ (57) - Quartier de Lattre de Tassigny - GSBDD - Bâtiments 0001 et 0010 - Création d'un espace ATLAS TCE -,fns,cmp2006,appeloffre,initial,ESID de Metz,57044,Metz cedex 01,,['Bâtiment'],[33],non,oui
21-49405,2021-04-13,2021-05-05,['57'],"Fourniture et livraison de produits, d'articles d'entretien et d'hygiène",fns,cmp2006,appeloffre,initial,SCE DEPARTEMENTAL INCENDIE ET SECOURS,57072,METZ,,"['Hygiène (articles)', ""Produits d'entretien""]","[153, 278]",non,non
21-49277,2021-04-13,2021-05-07,['59'],"Travaux de renforcement de la chaussée de la RD40 du PR 7+0200 au PR 8+0700 sur le territoire de la commune de Wallers-Arenberg - Terrassement, assainissement, chaussée.",fns,cmp2006,appeloffre,initial,DEPARTEMENT DU NORD,59047,Lille,,['Voirie'],[365],non,non
21-49109,2021-04-13,2021-05-04,['59'],REQUALIFICATION DU STADE DE LA BARBE D'OR,fns,cmp2006,appeloffre,initial,COMMUNE DE ROUBAIX,59066,ROUBAIX,,['Terrain de sport'],[342],non,oui
21-49456,2021-04-13,2021-05-05,"['59', '62']",Assurance Dommage-Ouvrages,mapa,cmp2006,appeloffre,initial,RESIDENCE OBERT EHPAD,59118,WAMBRECHIES,,['Assurance'],[20],non,non
21-49065,2021-04-13,2021-05-06,['59'],Fournitures pour travaux de plomberie et de chauffage.,fns,cmp2006,appeloffre,initial,Ville d'Escaudain,59124,Escaudain,,['Chauffage (matériel)'],[60],non,oui
21-49312,2021-04-13,2021-05-10,['59'],Service de restauration scolaire et collective aux ACM,fns,cmp2006,appeloffre,initial,Ville de Pecquencourt,59146,Pecquencourt,,['Restauration collective'],[66],non,non
21-49007,2021-04-13,2021-05-07,"['59', '62']",maintenance et entretien des installations thermiques et de climatisation des bâtiments de la commune de ghyvelde Les Moëres,mapa,cmp2006,appeloffre,initial,COMMUNE DE GHYVELDE,59254,Ghyvelde,,"['Chauffage (exploitation, entretien)', 'Climatisation']","[59, 62]",non,non
21-49221,2021-04-13,2021-05-14,['59'],Remplacement de l'ensemble des menuiseries extérieures de l'école,fns,cmp2006,attribution,initial,Commune D'Awoingt,59400,Awoingt,,['Menuiserie'],[222],non,non
21-49173,2021-04-13,2021-07-11,['59'],Réalisation de formations sur le thème 'L'accueil familial en protection de l'enfance' pour le compte de la délégation Nord-Pas-de-Calais du CNFPT,fns,cmp2006,attribution,initial,CNFPT - Délégation Nord-Pas-de-Calais,59800,LILLE,"[('2021-02-17', 'IRTS HAUTS DE FRANCE', (20000, 'EUR'), None), ('2021-02-17', 'IRTS HAUTS DE FRANCE', (60000, 'EUR'), None), ('2021-02-17', 'MAAT FORMATIONS', (60000, 'EUR'), None)]",['Formation'],[410],non,non
21-49210,2021-04-13,2021-05-18,"['62', '59', '60', '80', '2']",TRANSFORMATION D'UN HOTEL EN RESIDENCE HOTELIERE A VOCATION SOCIALE (RHVS),fns,cmp2006,appeloffre,initial,Adoma,59800,Lille,,['Electricité (travaux)'],[105],non,non
21-49450,2021-04-13,2021-05-03,"['60', '95']",réfection des cours des écoles roger pauchet et camille claudel,mapa,cmp2006,appeloffre,initial,COMMUNE DE SAINTE-GENEVIEVE OISE,60730,Sainte geneviève,,['Voirie'],[365],non,non
21-48758,2021-04-13,2021-06-13,['61'],"le présent marché a pour objet la fourniture, l'installation et la mise en service d'une station d'avitaillement gaz naturel véhicules (gnv) "" recharge lente "" pour la ville d'argentan.",mapa,cmp2006,attribution,initial,Commune d'Argentan,61201,Argentan Cedex,,['Gaz divers'],[139],non,non
21-49386,2021-04-13,2021-05-21,['62'],Fourniture de matériels pour la formation médico-secouriste et incendie des personnels du SDIS du Pas-de-Calais,fns,cmp2006,appeloffre,rectificatif,SDIS 62,62052,Saint Laurent Blangy,,"[""Matériel de secours et d'incendie""]",[217],non,non
21-49276,2021-04-13,2021-05-12,['62'],Réhabilitation de l'antenne Maisons amp; Cités en bâtiment pour la Mairie.,fns,cmp2006,appeloffre,initial,Ville de Wingles,62410,Wingles,,"['Gros oeuvre', 'Matériel électrique', 'Menuiserie', 'Peinture (travaux)', 'Plâtrerie', 'Plomberie (travaux)', 'Revêtements de sols']","[144, 203, 222, 264, 269, 270, 308]",non,non
21-49316,2021-04-13,2021-05-10,"['62', '59']",Construction d'une salle multi activités,fns,cmp2006,appeloffre,initial,COMMUNE DE SAILLY SUR LA LYS,62840,Sailly sur la lys,,"['Bardage', 'Couverture', 'Gros oeuvre']","[30, 74, 144]",non,non
21-49046,2021-04-13,2021-05-10,['63'],Aménagement en traverse de bourg RD51 Route des Martres d'Artières PR 0+840 à 1+540 Commune de Chavaroux Consultation lancée par un groupement de commandes composé des membres suivants : - Commun,fns,cmp2006,appeloffre,initial,DEPARTEMENT DU PUY DE DOME,63033,Clermont-Ferrand,,['Matériaux routiers'],[199],non,non
21-49401,2021-04-13,2021-05-25,['63'],Schéma de protection contre les crues,fns,cmp2006,appeloffre,initial,CC RIOM LIMAGNE ET VOLCANS,63201,Riom cedex,,['Ingénierie'],[455],non,non
21-49315,2021-04-13,2021-05-07,['63'],"Réalisation d'une Etude Bilan de fin de contrat et perspectives du 'Contrat Territorial du Lac Chambon, de l'amont de la Couze Chambon et de ses affluents'",mapa,cmp2006,appeloffre,initial,Communauté de communes du sancy,63240,Le Mont-Dore,,['Etude'],[118],non,non
21-49064,2021-04-13,2021-05-04,['64'],Assistance à maîtrise d'ouvrage pour la programmation de l'opération architecturale et urbaine de redynamisation du port de Saint-Jean-de-Luz/Ciboure,fns,cmp2006,appeloffre,rectificatif,Département des Pyrénées-Atlantiques,64000,Pau,,['Etude'],[118],non,non
21-49454,2021-04-13,2021-05-06,['64'],Véloroute 81 - Section Adour Bidouze - Aménagement de voies vertes (3 lots),fns,cmp2006,appeloffre,initial,Département des Pyrénées-Atlantiques,64000,Pau,,['Voirie'],[365],oui,oui
21-49094,2021-04-13,2021-05-10,['64'],Acquisition d'une désherbeuse mécanique autoportée,fns,cmp2006,appeloffre,initial,MAIRIE DE BAYONNE,64100,Bayonne,,['Espaces verts'],[116],non,oui
21-49511,2021-04-13,2021-05-07,['64'],"Centre Départemental Enfance Famille (CDEF) à ANGLET : Travaux d'extension et d'amélioration de l'efficacité énergétique - Lots 3, 4 et 19",fns,cmp2006,appeloffre,initial,Département des Pyrénées-Atlantiques,64100,Bayonne,,"[""Tous corps d'état""]",[345],non,oui
21-49354,2021-04-13,2021-05-30,['64'],DÉLÉGATION DE SERVICE PUBLIC DE L'ACTIVITÉ DE FOURRIÈRE AUTOMOBILE,dsp,autre,attribution,initial,MAIRIE DE BAYONNE,64100,Bayonne,"[('2021-02-12', 'SARL MENDES CROSA', (500000, 'EUR'), 'Délégation du service public de la fourrière automobile')]","['Gardiennage', 'Prestations de services']","[138, 274]",non,non
21-49389,2021-04-13,2021-05-03,['64'],Entretien et inspection des ouvrages et réseaux d'assainissement collectif (2021-2025),fns,cmp2006,appeloffre,initial,SM EAU ET ASSAINISSEMENT GAVE ET BAÏSE,64360,Tarsacq,,['Assainissement'],[18],non,non
21-48985,2021-04-13,2021-05-19,['64'],consultation 05-2021 'travaux de nettoyage'3 lots,mapa,cmp2006,appeloffre,initial,HOPITAL MARIN DE HENDAYE,64701,Hendaye cedex,,['Nettoyage de locaux'],[239],non,oui
21-49205,2021-04-13,2021-05-06,['66'],EXTENSION D'UN DISPOSITIF DE VIDEOPROTECTION,fns,cmp2006,appeloffre,initial,COMMUNE D ARGELES SUR MER,66704,Argelès-sur-Mer,,"['Maintenance', 'Télésurveillance']","[196, 415]",non,non
21-49128,2021-04-13,2021-05-12,['66'],Produits phytosanitaires,fns,cmp2006,appeloffre,initial,Mairie Saint-Cyprien,66750,Saint-Cyprien,,"['Matériel agricole, horticole']",[200],non,non
21-49253,2021-04-13,2021-04-30,['66'],FOURNITURE ET POSE DE DEUX LÈVES CONTENEURS RECONDITIONNÉS,mapa,cmp2006,appeloffre,initial,COMMUNAUTE DE COMMUNES SUD ROUSSILLON,66751,SAINT-CYPRIEN CEDEX,,"['Appareil élévateur', 'Conteneur, poubelles']","[11, 71]",non,non
21-49489,2021-04-13,2021-05-07,['66'],Fourniture et maintenance d'une plateforme de gestion pour la police municipale de la Ville de Perpignan - Relance,fns,cmp2006,appeloffre,initial,COMMUNE DE PERPIGNAN,66931,PERPIGNAN CEDEX,,['Logiciel'],[186],non,non
21-49292,2021-04-13,2021-07-01,['67'],La présente consultation concerne la mise en place d'un accord-cadre pour la réalisation des contrôles techniques des véhicules de la Compagnie des Transports du Bas-Rhin (SPL CTBR).L'acco,fns,cmp2006,appeloffre,initial,Société Publique Locale - Compagnie de,67000,Strasbourg,,['Contrôle technique'],[72],non,non
21-49187,2021-04-13,2021-05-18,"['75', '67']",Services de formation au media training et à la communication de crise à destination des élèves et des auditeurs de l Ecole nationale d administration,fns,cmp2006,appeloffre,initial,ENA de Strasbourg,67000,Strasbourg,,['Formation'],[410],non,non
21-49233,2021-04-13,2021-05-17,['67'],"A Griesheim-près-Molsheim : - Mise en place de 260 ml de canalisation en fonte de DN250, - Mise en place de 1 020 ml de canalisation gravitaire en fonte DN300, - Pose de 13 regards BA DN1000.A..",fns,cmp2006,attribution,initial,SIVOM du Bassin de l'Ehn,67210,Obernai,"[('2021-03-03', 'PONTIGGIA SARL', (252444.55, 'EUR'), None)]","['Assainissement', 'Canalisations']","[18, 48]",non,non
21-49306,2021-04-13,2021-05-03,"['67', '68', '57', '54']","ASSURANCE DOMMAGE OUVRAGE , TOUS RISQUES CHANTIERS ET GARANTIE DE BON FONCTIONNEMENT POUR LA CONSTRUCTION D'UN GROUPE SCOLAIRE A ALTECKENDORF",mapa,cmp2006,appeloffre,initial,Communauté de Communes Pays de la Zorn,67270,Hochfelden,,['Assurance'],[20],non,non
21-49561,2021-04-13,2021-05-07,['67'],Travaux pour la démolition d'une maison & la conservation d'un mur en limite de propriété à Schiltigheim,mapa,cmp2006,appeloffre,initial,Ville de Schiltigheim,67302,Schiltigheim,,['Démolition'],[87],oui,oui
21-49169,2021-04-13,2021-05-20,['67'],"Fourniture de jeux, jouets, matériel pédagogique et équipements sportifs pour la ville d'Illkirch-Graffenstaden",fns,cmp2006,appeloffre,initial,Illkirch-Graffenstaden,67401,Illkirch,,"['Jeux, jouets']",[175],non,oui
21-49185,2021-04-13,2021-05-04,['67'],"collecte, transport et élimination des déchets à risques (dasri-drct).",fns,cmp2006,appeloffre,initial,Groupe Hospitalier Sélestat-Obernai,67606,SELESTAT Cedex,,['Déchets non ménagers (prestations)'],[404],non,non
21-49030,2021-04-13,2021-05-06,"['67', '68']","mission de coordination sécurité et protection de la santé pour la restructuration partielle du siège du foyer de l'enfance, sis 44 rue stéphanie à strasbourg-neuhof.",fns,cmp2006,appeloffre,initial,Collectivité européenne d'Alsace,67964,Strasbourg,,['Prestations de services'],[274],non,non
21-41642,2021-04-13,2021-05-19,['68'],Travaux de mise en conformité et restructuration de l'agence m2A Habitat de Bourtzwiller,fns,cmp2006,appeloffre,initial,m2A HABITAT,68071,Mulhouse Cedex,,"['Appareil élévateur', 'Chauffage (travaux)', 'Electricité (travaux)', 'Etanchéité', 'Gros oeuvre', 'Menuiserie', 'Peinture (travaux)', 'Plâtrerie', 'Revêtements de sols', 'Sanitaire', 'Ventilation']","[11, 61, 105, 117, 144, 222, 264, 269, 308, 319, 360]",non,non
21-49516,2021-04-13,2021-05-17,['68'],AMENAGEMENT DE LA PLACE DE LA REPUBLIQUE ET DE SES ABORDS,fns,cmp2006,appeloffre,initial,Commune d'Altkirch,68130,Altkirch,,"['Assainissement', 'Eclairage public', 'Espaces verts', 'Mobilier urbain', 'Réseaux divers', 'Revêtements de sols', 'Terrassement', 'Fontaine']","[18, 102, 116, 231, 306, 308, 341, 449]",non,non
21-47713,2021-04-13,2021-05-03,['69'],réfection de la cour de l'école maternelle du groupe scolaire f.dolto avec création d'une aire de jeux,fns,cmp2006,appeloffre,initial,Ville de Marcy l'Etoile,69280,Marcy l'étoile,,"['Réseaux divers', 'Revêtements de sols', 'Terrassement', 'Aire de jeux']","[306, 308, 341, 400]",non,non
21-49099,2021-04-13,2021-04-30,['74'],CRAN GEVRIER (74)- Quartier Tom Morel- Remplacement des menuiseries extérieures ( ESID-20-334 à 20-336),fns,cmp2006,attribution,initial,DRSID Lyon,69347,Lyon cedex 07,"[('2021-03-15', 'BRB Construction', (568167.0, 'EUR'), None), ('2021-03-15', 'OXXO Evolution', (664674.1, 'EUR'), None), ('2021-03-15', 'SPIE Industrie et Tertiaire', (102755.0, 'EUR'), None)]",['Menuiserie'],[222],non,non
21-48969,2021-04-13,2021-06-30,['31'],BALMA (31131) - DGA TA - Aménagement de la zone du bâtiment 24 pour laboratoire d'essais de batterie (ESID 21-044_046/DAF_2021_000173),fns,cmp2006,appeloffre,initial,DRSID Lyon,69347,Lyon cedex 07,,"['Couverture', 'Gros oeuvre', 'Plomberie (travaux)']","[74, 144, 270]",non,oui
21-49086,2021-04-13,2021-05-19,['13'],ISP - Istres (13) - BA125 - Remplacement de l'étanchéité de 3 abris avions,fns,cmp2006,appeloffre,initial,DRSID Lyon,69347,Lyon cedex 07,,['Aéronautique'],[4],non,non
21-49103,2021-04-13,2021-05-19,"['69', '1', '42', '38']",Restauration scolaire,fns,cmp2006,appeloffre,initial,COMMUNE DE SAINT CYR AU MONT D OR,69450,Saint-Cyr-au-Mont-d'Or,,['Restauration collective'],[66],non,oui
21-49070,2021-04-13,2021-05-11,"['26', '69']","La présente consultation porte sur une mission d'assistance à maîtrise d'ouvrage auprès de laDREAL Auvergne-Rhône-Alpes, maître d'ouvrage de l'opération d'aménagement du carr",fns,cmp2006,appeloffre,initial,DIR REG ENVIR AMENAGEMENT LOGT AUVERGN,69453,Lyon cedex 06,,['Ingénierie'],[455],non,non
21-49452,2021-04-13,2021-05-13,['69'],"Fourniture d'un agrégateur de presse, d'un service de veille de la presse, et d'un service de panorama de presse.",mapa,cmp2006,attribution,initial,ANACT Département Finance Gestion,69457,Lyon cedex 06,,['Prestations de services'],[274],non,non
21-49460,2021-04-13,2021-05-13,['69'],"Fourniture et gestion d'abonnements français et étrangers, tous supports et périodicités confondus.",mapa,cmp2006,attribution,initial,ANACT Département Finance Gestion,69457,Lyon cedex 06,,['Abonnement'],[2],non,non
21-49529,2021-04-13,2021-05-13,['69'],Le présent marché a pour objet la promotion digitale de la plateforme du réseau des consultants Qualité de vie au travail.La prestation comprend la définition et la mise en oeuvre d'une stratégi,fns,cmp2006,attribution,initial,ANACT Département Finance Gestion,69457,Lyon cedex 06,"[('2021-01-15', 'E MAGINEURS', (51783, 'EUR'), None)]","['Publicité, Communication']",[285],non,non
21-49542,2021-04-13,2021-05-13,['69'],Appui-conseil pour la refonte du site web de l'Anact : www.anact.fr. Il est attendu du titulaire du marché qu'il : anime et guide la réflexion interne (via des ateliers de co-construction a,fns,cmp2006,attribution,initial,ANACT Département Finance Gestion,69457,Lyon cedex 06,"[('2021-04-06', 'ALL CONTENTS', (24990, 'EUR'), None)]","['Publicité, Communication']",[285],non,non
21-49548,2021-04-13,2021-05-13,['69'],"Mise en place d'une solution de signatures électroniques en application Web et en mode API ainsi que la fourniture de certificats et prestations associées : Accompagnement, conseil, développement",fns,cmp2006,attribution,initial,ANACT Département Finance Gestion,69457,Lyon cedex 06,"[('2021-04-12', 'DOCAPOSTE FAST', (20560, 'EUR'), None)]",['Informatique (prestations de services)'],[163],non,non
21-39402,2021-04-13,2021-05-17,['69'],Prestation de réalisation des contrôles de services faits du fonds social européen (fse) de la métropole de lyon,fns,cmp2006,appeloffre,initial,Métropole de Lyon,69505,Lyon cedex 03,,['Prestations de services'],[274],non,non
21-49231,2021-04-13,2021-05-20,"['69', '38']",marché de restauration collective,fns,cmp2006,appeloffre,initial,ARA,69675,Bron cedex,,['Restauration collective'],[66],non,non
21-49527,2021-04-13,2021-05-26,['70'],Inspections détaillées et visites subaquatiques d'ouvrages d'art programmées sur 3 années.Programme 2021-2023,fns,cmp2006,appeloffre,initial,Département de la Haute Saône,70006,Vesoul cedex,,"[""Ouvrage d'art""]",[252],non,non
21-49183,2021-04-13,2021-05-19,['70'],Maintenance des alarmes de sécurité anti-intrusion et anti-incendie,fns,cmp2006,appeloffre,initial,Conseil général de la Haute-Saône,70006,Vesoul cedex,,['Matériel électronique'],[204],non,non
21-49286,2021-04-13,2021-06-07,['72'],TRAVAUX DE REHABILITATION DU BATIMENT REILLY AU CENTRE HOSPITALIER DU MANSRELANCE LOT 5 MENUISERIES EXTERIEURES et SERRURERIE Pour le Centre Hospitalier du Mans.,fns,cmp2006,appeloffre,initial,CH LE MANS,72037,Le mans cedex 09,,['Menuiserie'],[222],non,non
21-49249,2021-04-13,2021-04-30,['72'],"Fourniture, livraison et services des repas à destination des convives du restaurant scolaire du collège François GRUDE de CONNERRE (72) durant une phase de travaux de 6 semaines",fns,cmp2006,appeloffre,initial,DEPARTEMENT DE LA SARTHE,72072,Le Mans,,['Restauration collective'],[66],non,non
21-48974,2021-04-13,2021-06-21,['72'],"concession du service public de production, de stockage et de distribution d'eau potable attribuée conformément aux articles L3120-1 et suivants, R3121-1 et suivants du Code de la commande publiq",mapa,cmp2006,appeloffre,initial,SIAEP DU JALAIS,72370,Le Breil sur Merize,,['Alimentation en eau potable'],[6],non,non
21-49044,2021-04-13,2021-06-21,['72'],"Concession du service public de l'assainissement collectif attribuée conformément aux ar-ticles L3120-1 et suivants, R3121-1 et suivants du Code de la commande publique et L1411-1 et suivants, R1",fns,cmp2006,appeloffre,initial,COMMUNE DE SAVIGNE L EVEQUE,72460,Savigné l'Evêque,,['Assainissement'],[18],non,non
21-49493,2021-04-13,2021-05-06,['73'],Prestation de surveillance et ablation de pompe à chimiothérapie,mapa,cmp2006,appeloffre,initial,GHT Savoie-Belley,73011,Chambéry,,['Pompes'],[272],non,non
21-49108,2021-04-13,2021-05-06,"['73', '74', '38']",Acquisition de certificats logiciels,mapa,cmp2006,appeloffre,initial,DEPARTEMENT DE LA SAVOIE,73018,CHAMBERY,,['Informatique (prestations de services)'],[163],non,oui
21-49256,2021-04-13,2021-05-06,"['73', '38']",Création d'un plan d'eau d'altitude et réseau neige - La Féclaz,fns,cmp2006,appeloffre,initial,Syndicat mixte Savoie Grand Revard,73100,AIX-LES-BAINS,,"['Enneigement artificiel', 'Génie civil', 'Ouvrage hydraulique', 'Réseaux divers', 'Terrassement']","[109, 141, 255, 306, 341]",non,oui
21-49488,2021-04-13,2021-05-19,['73'],Maitrise d'oeuvre pour l'aménagement de l'avenue du Prariond,mapa,cmp2006,appeloffre,initial,COMMUNE DE VAL D ISERE,73155,VAL D'ISERE CEDEX,,"[""Maîtrise d'oeuvre""]",[197],non,non
21-49327,2021-04-13,2021-07-11,['73'],Mission de responsable de modifications en remontées mécaniques (RMOD) et d'assistance à maitrise d'ouvrage dans le cadre de l'opération de maintenance de l'infrastructure du funic,fns,cmp2006,attribution,initial,Commune de Bourg-St-Maurice / Les Arcs,73700,Bourg Saint Maurice,"[('2021-04-07', 'DCSA', (143000, 'EUR'), None)]","[""Assistance à maîtrise d'ouvrage""]",[433],non,non
21-49209,2021-04-13,2021-04-30,['74'],Création d'un self et d'un vestiaire dans la salle du restaurant scolaire actuel de VEIGY-FONCENEX,fns,cmp2006,appeloffre,initial,Ville de Veigy-Foncenex,74140,VEIGY FONCENEX,,['Cuisine (équipement)'],[77],non,non
21-49105,2021-04-13,2021-05-28,['74'],Nettoyage des locaux du groupe scolaire et périscolaire Beaupré,mapa,cmp2006,appeloffre,initial,SIVU Beaupré,74160,Beaumont,,['Nettoyage de locaux'],[239],non,non
21-49491,2021-04-13,2021-05-12,['74'],Marché de maîtrise d'oeuvre pour des travaux de mise en place de compteur de sectorisation sur le réseau d'eau potable de la Communauté de Communes du Genevois,mapa,cmp2006,appeloffre,initial,Communauté de Communes du Genevois,74166,ST JULIEN EN GENEVOIS Cedex,,['Ingénierie'],[455],non,non
21-49048,2021-04-13,2021-05-17,['74'],"Travaux de renouvellement, de restructuration du réseau d'eau potable et des réservoirs de la commune de Minzier",fns,cmp2006,appeloffre,initial,MINZIER,74270,MINZIER,,['Alimentation en eau potable'],[6],non,non
21-49501,2021-04-13,2021-05-07,['74'],Prestations de transports sanitaires,mapa,cmp2006,appeloffre,initial,Commune du Grand-Bornand,74450,LE GRAND BORNAND,,['Transport'],[347],non,non
21-49146,2021-04-13,2021-04-30,['75'],Mission d'assistance technique pour la mise en place de stations GNV,fns,cmp2006,appeloffre,annulation,SEML SIGEIF MOBILITES,75008,PARIS,,['Assistance technique'],[19],non,non
21-49457,2021-04-13,2021-06-13,['75'],Marché de travaux de modernisation des sanitaires à l'école élémentaire 6/8 cité Voltaire 75011 Paris en deux lots - Opération GO 201912235,fns,cmp2006,attribution,initial,VILLE DE PARIS,75012,Paris,"[('2021-03-29', 'DARRAS ET JOUANIN', (47801.88, 'EUR'), None), ('2021-03-29', 'DARRAS ET JOUANIN', (35469.77, 'EUR'), None)]",['Bâtiment'],[33],non,non
21-49530,2021-04-13,2021-06-13,['75'],"Marché de BET électricité pour la mise en conformité des postes HT et mise aux normes des installations de distribution électrique du Parc Floral, route de la pyramide 75012 Paris",fns,cmp2006,attribution,initial,VILLE DE PARIS,75012,Paris,"[('2021-03-31', 'PANTEC', (17701.1, 'EUR'), None)]","['Bâtiment', ""Maîtrise d'oeuvre""]","[33, 197]",non,non
21-49514,2021-04-13,2021-06-13,['75'],"Marché de travaux de création d'un auvent dans la cour du collège Germaine Tillion 8, avenue Vincent d'Indy 75012 Paris - Opération 201721191",fns,cmp2006,attribution,initial,VILLE DE PARIS,75012,Paris,"[('2021-03-30', 'ATELIER BOIS ET CIE', (318572.0, 'EUR'), None)]",['Bâtiment'],[33],non,non
21-49525,2021-04-13,2021-06-13,['75'],Accord cadre mono attributaire de travaux pour la fourniture et pose d'illuminations de Noël dans divers équipements des 11e et 12e arrondissements de Paris.,fns,cmp2006,attribution,initial,VILLE DE PARIS,75012,Paris,"[('2021-03-31', 'COGELUM IDF', (89714.32, 'EUR'), None)]",['Electricité (travaux)'],[105],non,non
21-49435,2021-04-13,2021-06-14,['75'],Travaux de rénovation de la Chapelle Saint Lazare rue Léon Schwartzenberg 75010 Paris,fns,cmp2006,attribution,initial,Ville de Paris,75013,Paris,"[('2021-04-07', 'Société Nouvelle Pradeau Morin - Établissement Pradeau Morin Monuments Historiques', (1358349.06, 'EUR'), None), ('2021-03-05', 'Union Technique du Bâtiment - UTB', (349119.11, 'EUR'), None), ('2021-04-08', 'Société Bourneuf', (142000, 'EUR'), None), ('2021-03-05', 'Atelier Meriguet Carrere - Meriguet Restauration', (186513.69, 'EUR'), None)]","['Couverture', 'Echafaudage', 'Gros oeuvre', 'Menuiserie', 'Peinture (travaux)']","[74, 101, 144, 222, 264]",non,non
21-49509,2021-04-13,2021-06-14,['75'],Accord-cadre à bons de commande pour la mise à disposition et le maintien en condition opérationnelle d'un outil de gestion de la dette propre de la Ville de Paris en solution Saas,mapa,cmp2006,attribution,initial,Ville de Paris,75013,Paris,,['Informatique (prestations de services)'],[163],non,non
21-49523,2021-04-13,2021-05-18,['75'],Accord-cadre à bons de commande pour la fourniture de bons d'achat de jouets de Noël destinés aux enfants de 4 ans de certains personnels de la Ville de ParisMontant minimum pour 12 mois : 24 00,fns,cmp2006,appeloffre,rectificatif,Ville de Paris,75013,Paris,,"['Jeux, jouets']",[175],non,non
21-49083,2021-04-13,2021-05-12,['75'],"Opération GO: 201914442 / 949797 - Réfection des façades de l'école maternelle sise 15, rue Aristide Maillol 75015 Paris.Le marché comporte une tranche ferme et une tranche optionnelle.",fns,cmp2006,appeloffre,initial,VILLE DE PARIS,75015,Paris,,['Ravalement'],[299],non,non
21-49476,2021-04-13,2021-05-06,['75'],Le présent marché a pour objet la refonte du site Internet du CTIFL et sa tierce maintenance applicative (TMA) comprenant la formation aux utilisateurs et l'assistance utilisateurs.,fns,cmp2006,appeloffre,initial,CTIFL,75017,Paris,,['Informatique (maintenance serveurs et réseaux)'],[454],non,non
21-49533,2021-04-13,2021-05-05,['75'],Assistance à maîtrise d'ouvrage pour le suivi des engagements contractuels des prestations du marché de restauration collective de la DILA et son renouvellement,fns,cmp2006,appeloffre,initial,SPM - DSAF - BCP,75334,Paris cedex 07,,"[""Assistance à maîtrise d'ouvrage""]",[433],non,non
21-49421,2021-04-13,2021-05-10,['75'],"Le présent marché a pour objet le lot "" Électricité - Courants forts "" de l'opération de remplacement des tableaux électriques non conformes ou obsolètes au sein des bâtiments de l'Assemblée",fns,cmp2006,appeloffre,initial,ASSEMBLÉE NATIONALE,75355,Paris 07 sp,,['Electricité (travaux)'],[105],non,non
21-49508,2021-04-13,2021-07-11,['59'],Réalisation d'actions de formation sur le thème 'Protection de l'enfance et de l'adolescence',fns,cmp2006,attribution,initial,CNFPT,75578,PARIS,,['Prestations de services'],[274],non,non
21-49015,2021-04-13,2021-05-05,['75'],"fourniture de vins, champagne, boissons courantes et prestations associées",fns,cmp2006,appeloffre,initial,Centre national du cinéma,75675,Paris cedex 14,,"['Boisson', 'Denrées alimentaires']","[39, 88]",non,oui
21-49197,2021-04-13,2021-05-19,['75'],"Contrat de concession portant autorisation d'installer et d'exploiter un libre service de photocopie, d'impression et de numérisation destiné aux usagers de la BnF",fns,cmp2006,appeloffre,initial,Bibliothèque nationale de France,75706,Paris Cedex 13,,"[""Matériel d'imprimerie""]",[211],non,non
21-49262,2021-04-13,2021-05-07,['75'],Accord-cadre portant sur une mission CSPS pour la réhabilitation du bâtiment Pinard en équipements publics et locaux d'activités de la ZAC Saint-Vincent-de-Paul à Paris 14ème,mapa,cmp2006,appeloffre,initial,SPL Paris et Métropole aménagement,75927,Paris cedex 19,,['Prestations de services'],[274],non,non
21-49278,2021-04-13,2021-05-03,"['93', '75']",Travaux d'aménagement et d'ameublement intérieur d'un local,mapa,cmp2006,appeloffre,initial,POLE EMPLOI,75987,Paris Cedex 20,,"['Cloison, faux plafond', 'Electricité (travaux)', 'Mobilier', 'Peinture (travaux)', 'Revêtements de sols', 'Revêtements muraux']","[63, 105, 230, 264, 308, 309]",oui,oui
21-49037,2021-04-13,2021-05-25,['76'],Fourniture et livraison de boissons,fns,cmp2006,appeloffre,initial,METROPOLE ROUEN NORMANDIE,76000,ROUEN,,['Boisson'],[39],non,non
21-49334,2021-04-13,2021-05-07,['76'],Fourniture de produits stériles pour nettoyage des salles blanches (sols et surfaces) pour le CHU ROUEN NORMANDIE Lot 1 : Nettoyant désinfectant stérile - à base d'ammonium quaternaire,mapa,cmp2006,appeloffre,initial,CHU-Hôpitaux de Rouen,76031,Rouen cedex,,['Nettoyage de locaux'],[239],non,oui
21-49313,2021-04-13,2021-05-14,['76'],Réalisation d'enquêtes sur le réseau de transports de la communauté urbaine,fns,cmp2006,appeloffre,initial,LE HAVRE SEINE METROPOLE,76085,LE HAVRE,,"['Sondage, enquête']",[471],non,non
21-49419,2021-04-13,2021-07-11,['76'],Location de sanitaires mobiles pour les manifestations dans les sites et musées départementaux de la Seine Maritime,mapa,cmp2006,attribution,initial,Département de Seine Maritime,76101,ROUEN CEDEX,,['Sanitaire'],[319],non,oui
21-49135,2021-04-13,2021-05-17,"['76', '75']",Elaboration du schéma directeur de dragages,fns,cmp2006,appeloffre,initial,DRAGAGES PORTS,76107,Rouen,,['Audit'],[21],non,non
21-49154,2021-04-13,2021-04-30,['76'],Prestation de service de reprographie dans le cadre des modifications PLU de la Métropole Rouen Normandie,mapa,cmp2006,appeloffre,initial,METROPOLE ROUEN NORMANDIE,76176,ROUEN,,['Reprographie'],[305],non,non
21-49019,2021-04-13,2021-06-14,['76'],Aménagement urbain et paysagé au sein du campus de l'Université de Rouen Normandie à Mont-Saint-Aignan,fns,cmp2006,attribution,initial,Université de Rouen,76821,Mont saint aignan cedex,"[('2021-04-08', 'VIAFRANCE NORMANDIE', (1955042.42, 'EUR'), None), ('2021-04-08', 'Entreprise VALLOIS', (275496.11, 'EUR'), None)]","['Eclairage public', 'Espaces verts']","[102, 116]",non,non
21-49528,2021-04-13,2021-05-26,['77'],"Prestations de numérisation de documents d'archives, hors presse, conservés aux Archives départementales de Seine-et-Marne, afin de permettre leur consultation sur support numérique.",fns,cmp2006,appeloffre,initial,Département de Seine-et-Marne,77010,Melun,,['Numérisation'],[463],non,non
21-49340,2021-04-13,2021-05-08,"['77', '2']",Remplacement de 4 chaudières à fioul et ballons d'eau chaude par 4 pompes à chaleur air/eau (PAC) avec production d'eau chaude dans 4 maisons éclusières. Les travaux comprennent la fournitur,fns,cmp2006,appeloffre,initial,Voies navigables de France,77100,Meaux,,['Chauffage (travaux)'],[61],non,non
21-49091,2021-04-13,2021-05-07,['77'],Conception et réalisation d'un espace ludique multi pratiques pumptrack,fns,cmp2006,appeloffre,initial,Ville de Montereau,77130,Montereau,,['Gros oeuvre'],[144],oui,oui
21-49220,2021-04-13,2021-05-07,['77'],Remplacement des menuiseries extérieures de 3 groupes scolaires,fns,cmp2006,appeloffre,initial,Commune de Moret sur Loing,77250,Moret Loing et Orvanne,,['Menuiserie'],[222],non,non
21-49096,2021-04-13,2021-05-13,['77'],"Travaux de réparation, d'entretien, d'amélioration et d'aménagement des installations relatives à la sécurité incendie, intrusion et courant fort des bâtiments communaux",fns,cmp2006,attribution,initial,COMMUNE LOGNES,77315,Marne la vallee cedex 02,"[('2021-03-26', 'EIFFAGE SYSTEMS ENERGIE IDF', (350000, 'EUR'), None), ('2021-03-26', 'EIFFAGE SYSTEMS ENERGIE IDF', (350000, 'EUR'), None), ('2021-03-26', 'EIFFAGE SYSTEMS ENERGIE IDF', (350000, 'EUR'), None)]","['Détection incendie', 'Electricité (travaux)', 'Sécurité incendie']","[90, 105, 332]",non,non
21-48589,2021-04-13,2021-05-07,['77'],mise en oeuvre et maintenance du nouveau site internet,mapa,cmp2006,appeloffre,initial,Ville de Quincy-Voisins,77860,Quincy-Voisins,,['Site internet'],[171],non,non
21-49560,2021-04-13,2021-05-06,['78'],"LE MESNIL-SAINT-DENIS - Collège Philippe de Champaigne - Mise en accessibilité du collège, réfection de l'étanchéité et des ventilations du bâtiment de la demi-pension, isolation et ventilation d",mapa,cmp2006,appeloffre,initial,Conseil départemental des Yvelines,78012,VERSAILLES,,['Menuiserie'],[222],non,non
21-49148,2021-04-13,2021-05-14,"['60', '75', '95']",Le présent marché a pour objet l'exécution de travaux d'installation d'un ascenseur à l'intérieur du bâtiment de la DMD de BEAUVAIS (60) afin de répondre aux contraintes d'acc,fns,cmp2006,appeloffre,rectificatif,ESID IDF,78102,Saint germain en laye cedex,,['Ascenseur'],[17],non,oui
21-49272,2021-04-13,2021-07-10,['78'],Mission d'assistance à maitrise d'ouvrage pour la Réhabilitation-extension du groupe scolaire Rousseau-Colette-Jonquilles,mapa,cmp2006,attribution,initial,Commune de Mantes la Jolie,78200,Mantes-la-jolie,,"[""Assistance à maîtrise d'ouvrage""]",[433],non,non
21-49054,2021-04-13,2021-07-11,['78'],"Mission d'assistance à maîtrise d'ouvrage : projet scientifique et culturel des médiathèques de Mantes-la-Jolie, programme pour le réaménagement de la médiathèque G. Duhamel",mapa,cmp2006,attribution,initial,Commune de Mantes la Jolie,78200,Mantes-la-jolie,,"[""Assistance à maîtrise d'ouvrage""]",[433],non,non
21-49287,2021-04-13,2021-07-10,['78'],Construction d'un bureau d'accueil parc des expositions - Lot 1 Désamiantage et démolition du chalet du gardien du parc des expositions,fns,cmp2006,attribution,initial,Commune de Mantes la Jolie,78200,Mantes la jolie,"[('2021-02-15', 'SN TTC', (34690.5, 'EUR'), None)]",['Amiante'],[24],non,non
21-49338,2021-04-13,2021-05-04,['78'],Modifications d'installations de chauffage,fns,cmp2006,appeloffre,initial,Ville de Plaisir,78375,PLAISIR Cedex,,['Chauffage (travaux)'],[61],non,non
21-49484,2021-04-13,2021-05-03,['78'],Marché de prestations intellectuelles relatif à la maîtrise d'oeuvre dans le cadre de la réhabilitation de l'ancienne école et l'ancien accueil de loisirs Jacques-Gillet en Maison des a,fns,cmp2006,appeloffre,rectificatif,ville de Villepreux,78450,Villepreux,,['Etude'],[118],non,non
21-49326,2021-04-13,2021-07-11,['79'],"Travaux neufs et d'entretien, réparations et réfection de l'étanchéité des toitures terrasses (DSTTE-2021-01-mpc)",fns,cmp2006,attribution,initial,CENTRE HOSPITALIER DE NIORT,79021,NIORT,,"['Etanchéité', 'Terrasse']","[117, 354]",non,non
21-49077,2021-04-13,2021-04-29,"['79', '17', '16']","La présente consultation a pour objet la fourniture, l'installation et la maintenance de matériel de vidéo-projection et autres équipements connexes",fns,cmp2006,appeloffre,rectificatif,Communauté d'agglomération du Niortais,79027,Niort cedex,,['Audiovisuel'],[22],non,non
21-49520,2021-04-13,2021-06-17,"['79', '86', '85', '17', '16', '87']","Investigations complémentaires sur les réseaux enterrés sensibles et non sensibles, par procédés de détections non intrusifs et par sondages intrusifs",fns,cmp2006,appeloffre,initial,Communauté Communes Parthenay-Gâtine,79205,Parthenay cedex,,"['Canalisations', 'Prestations de services', 'Réseaux divers']","[48, 274, 306]",non,non
21-49020,2021-04-13,2021-05-05,['80'],Réalisation de vidéos autour de la marque de territoire Amiens Naturellement,mapa,cmp2006,appeloffre,initial,AMIENS MÉTROPOLE,80000,Amiens,,"['Audiovisuel', 'Prestations de services', 'Publicité, Communication', 'Vidéo, cinéma']","[22, 274, 285, 362]",non,non
21-49251,2021-04-13,2021-04-30,['80'],2021-087 Machines dédiées à l'électronique,mapa,cmp2006,appeloffre,initial,UNIVERSITE AMIENS PICARDIE JULES VERNE,80025,AMIENS,,"[""Banc d'essais"", 'Equipement industriel']","[29, 112]",non,non
21-49041,2021-04-13,2021-05-13,['80'],Amiens. Avenue de la Paix. Réalisation d'un parvis devant le centre social ALCO.,fns,cmp2006,attribution,initial,Ville d'AMIENS,80027,Amiens,"[('2021-03-29', 'Groupement EIFFAGE ROUTE NORD EST (Mandataire)', (408774.88, 'EUR'), None)]","['Assainissement', 'Réseaux divers', 'Terrassement']","[18, 306, 341]",non,non
21-48997,2021-04-13,2021-05-25,['80'],"Curage, évacuation et traitement des boues de bassin d'infiltration de la station d'épuration de la Commune de Sains en Amiénois",fns,cmp2006,appeloffre,initial,Amiens Métropole,80027,AMIENS,,['Curage'],[78],non,non
21-47918,2021-04-13,2021-05-12,['80'],Groupement de commandes accord-cadre à bons de commande pour les travaux de voirie 2021-2023.,fns,cmp2006,appeloffre,initial,COM DE COMMUNES DU PAYS DU COQUELICOT,80300,Albert,,['Voirie'],[365],non,non
21-49024,2021-04-13,2021-05-20,['80'],marché d'exploitation de la piscine municipale,fns,cmp2006,appeloffre,initial,Ville de Montdidier,80500,Montdidier,,"['Chauffage (exploitation, entretien)']",[59],non,non
21-49104,2021-04-13,2021-05-06,['82'],Réhabilitation d'une maison d'habitation,fns,cmp2006,appeloffre,initial,Commune de Merles,82210,MERLES,,"[""Tous corps d'état""]",[345],non,non
21-49468,2021-04-13,2021-05-12,['83'],Accord cadre à bon de commande pour l'exécution de travaux de menuiserie sur la Commune des Arcs,fns,cmp2006,appeloffre,initial,Ville des Arcs sur Argens,83460,Les Arcs,,['Menuiserie'],[222],non,oui
21-49480,2021-04-13,2021-05-12,['83'],Marché de travaux d'aménagement et de mise aux normes PMR d'un bâtiment d'enseignement Campus de la Grande Tourrache pour la CCI du Var,fns,cmp2006,appeloffre,initial,CCI TERRITORIALE DU VAR,83500,La seyne-sur-mer,,"['Ascenseur', 'Gros oeuvre', 'Peinture (travaux)', 'Revêtements de sols', ""Tous corps d'état""]","[17, 144, 264, 308, 345]",non,non
21-48995,2021-04-13,2021-05-12,['83'],Accord-cadre d'achat de prestations de formation de fibre optique dispensées par Capforma pour la CCI du Var,fns,cmp2006,appeloffre,initial,CCI TERRITORIALE DU VAR,83500,La seyne-sur-mer,,['Formation'],[410],non,non
21-49388,2021-04-13,2021-05-03,['85'],REALISATION DE TROIS CENTRALES SOLAIRES PHOTOVOLTAÏQUES INTEGREES A DES OMBRIERES DE PARKING ET SIX CENTRALES SOLAIRES PHOTOVOLTAÏQUES SUR BATIMENTS SITUEES SUR LE DEPARTEMENT DE LA VENDEE,fns,cmp2006,appeloffre,rectificatif,SAEML VENDEE ENERGIE,85000,LA ROCHE-SUR-YON,,"['Electricité (travaux)', 'Panneaux', 'Photovoltaïque']","[105, 261, 476]",non,non
21-48992,2021-04-13,2021-05-12,['85'],Travaux de sécurisation électrique,fns,cmp2006,appeloffre,rectificatif,CHD VENDEE,85925,La roche sur yon cedex 9,,"['Détection incendie', 'Electricité (travaux)', 'Matériel électrique', 'Sécurité incendie']","[90, 105, 203, 332]",non,non
21-49336,2021-04-13,2021-05-20,['86'],"TRAVAUX D'ADAPTATION, DE MAINTENANCE ET DE RÉPARATION DES BÂTIMENTS, INSTALLATIONS ET INFRASTRUCTURES CHAUFFAGE - VENTILATION - CLIMATISATION - DÉSENFUMAGE",fns,cmp2006,appeloffre,initial,CHU DE POITIERS,86021,Poitiers cedex,,"['Chauffage (travaux)', 'Climatisation', 'Ventilation']","[61, 62, 360]",non,non
21-49567,2021-04-13,2021-06-28,['87'],Externalisation de la gestion de la paie des personnels recrutés en contrat d'engagement éducatif,fns,cmp2006,appeloffre,initial,Agence de services et de paiement,87040,Limoges,,['Prestations de services'],[274],non,non
21-49379,2021-04-13,2021-05-11,['88'],REQUALIFICATION DES ESPACES PUBLICS DU CENTRE ANCIEN DE RAMBERVILLERS-.,fns,cmp2006,appeloffre,initial,Commune de RAMBERVILLERS,88700,RAMBERVILLERS,,"['Espaces verts', ""Ouvrage d'infrastructure"", 'Terrassement', 'Voirie']","[116, 253, 341, 365]",non,non
21-48988,2021-04-13,2021-05-07,['89'],MAS2105 - Travaux de réfection des sanitaires dans les écoles maternelle Cours Tarbé et élémentaire Paul Bert à Sens,fns,cmp2006,appeloffre,initial,Ville de Sens,89100,Sens,,['Plomberie (travaux)'],[270],non,oui
21-49085,2021-04-13,2021-05-12,['90'],Réalisation de travaux de marquage au sol,fns,cmp2006,appeloffre,initial,Ville de Belfort,90020,BELFORT,,['Signalisation'],[322],non,non
21-49356,2021-04-13,2021-05-06,['90'],Prestation d'accompagnement des professionnels en protection de l'enfance - Territoire de Belfort,mapa,cmp2006,appeloffre,initial,DEPARTEMENT DU TERRITOIRE DE BELFORT,90020,BELFORT CEDEX,,['Etude'],[118],non,non
21-49116,2021-04-13,2021-07-11,['91'],Délégation de service public relative à l'organisation et la gestion des marchés de plein vent,dsp,autre,attribution,initial,Commune de Montlhéry,91310,Montlhery,"[('2021-03-23', 'mandon', (30000, 'EUR'), None)]",['Délégation de service public'],[406],non,non
21-47054,2021-04-13,2021-05-05,['91'],réhabilitation et extension du gymnase rochopt,fns,cmp2006,appeloffre,initial,Ville de Boussy Saint Antoine,91800,Boussy-Saint-Antoine,,"[""Maîtrise d'oeuvre""]",[197],non,non
21-49008,2021-04-13,2021-05-17,['91'],location de matériels d'illumination de noël (2021-2025) (rectificatif),mapa,cmp2006,appeloffre,rectificatif,Ville du Coudray-Montceaux,91830,Le Coudray-Montceaux,,"['Illumination', 'Location (matériels)']","[170, 185]",non,non
21-49092,2021-04-13,2021-05-08,"['92', '75']",La présente consultation concerne la passation de marchés pour l'exécution des travaux d'aménagement des espaces extérieures de la place de la gare de La Garenne-Colombes.,fns,cmp2006,appeloffre,initial,Ville de La Garenne-Colombes,92250,La garenne colombes,,"['Espaces verts', 'Voirie et réseaux divers']","[116, 366]",non,oui
21-49555,2021-04-13,2021-05-06,"['92', '78']",Fourniture de matériaux et équipements divers pour les bâtiments communaux de la ville de Neuilly-sur-Seine (lots 4 et 8),fns,cmp2006,appeloffre,initial,Ville de Neuilly-sur-Seine,92522,Neuilly-sur-seine,,"['Vitrerie', 'Voirie et réseaux divers']","[363, 366]",non,non
21-49149,2021-04-13,2021-05-06,"['92', '95']",Acquisition de véhicules pour la Ville de Neuilly-sur-Seine : acquisition d'un véhicule utilitaire léger plateau benne,fns,cmp2006,appeloffre,rectificatif,Ville de Neuilly-sur-Seine,92522,Neuilly-sur-seine,,['Véhicules (acquisition)'],[475],non,non
21-49062,2021-04-13,2021-05-10,['92'],Location-maintenance d'une presse numérique couleur pour la ville d'Asnières-sur-Seine,fns,cmp2006,appeloffre,initial,Ville d'Asnières-sur-Seine,92600,Asnières sur seine,,['Maintenance'],[196],non,non
21-49072,2021-04-13,2021-06-30,['92'],"Le présent marché a pour objet les travaux de Chauffage de l'Eglise Sainte Geneviève, 4 rue du Cardinal Verdier à Asnières sur Seine.",fns,cmp2006,appeloffre,initial,Ville d'Asnières-sur-Seine,92600,Asnières sur seine,,['Chauffage (travaux)'],[61],non,non
21-49465,2021-04-13,2021-05-11,"['93', '75', '92', '95']","Le présent marché porte sur les travaux de climatisation chauffage ventilation, plomberie et régulation dans le but d'économies d'énergie du campus de Saint-Denis de l'Université Paris",fns,cmp2006,appeloffre,initial,Université Paris 8,93526,Saint denis,,['Chauffage (travaux)'],[61],oui,oui
21-49307,2021-04-13,2021-05-05,['93'],HABITAT - PARIS TERRES D'ENVOL (93) - ELABORATION DU PLAN DE SAUVEGARDE DE LA COPROPRIETE LES CHALANDS 1 à SEVRAN,fns,cmp2006,appeloffre,initial,PARIS TERRES D'ENVOL,93601,Aulnay sous bois cedex,,['Etude'],[118],non,non
21-49367,2021-04-13,2021-05-05,['93'],HABITAT - PARIS TERRES D'ENVOL (93) - ELABORATION DU PLAN DE SAUVEGARDE DE LA COPROPRIETE MARGUERITE à SEVRAN,fns,cmp2006,appeloffre,initial,PARIS TERRES D'ENVOL,93601,Aulnay sous bois cedex,,['Etude'],[118],non,non
21-48944,2021-04-13,2021-05-07,['94'],Service de carte d'achat avec assistance technique et fonctionnelle du Département du Val de Marne,fns,cmp2006,appeloffre,initial,Département du Val de Marne,94054,Créteil cedex,,['Prestations de services'],[274],non,non
21-49364,2021-04-13,2021-05-18,['94'],Fourniture et livraison de balais pour les véhicules de nettoyage de la Régie propreté de la Ville de Nogent sur Marne,fns,cmp2006,appeloffre,initial,Ville de Nogent sur Marne,94130,Nogent sur marne,,"['Nettoyage urbain', 'Voirie']","[240, 365]",non,non
21-49392,2021-04-13,2021-05-08,['94'],"La présente consultation concerne : Marché d'exploitation des installations de CVCD Chauffage-Ventilation- Climatisation- DésenfumagePrestations de conduite, d'entretien et de maintenance (",fns,cmp2006,appeloffre,initial,GRAND ORLY SEINE BIEVRE,94200,Ivry-sur-seine,,"['Chauffage (exploitation, entretien)', 'Equipement thermique', 'Maintenance']","[59, 114, 196]",non,non
21-49194,2021-04-13,2021-05-11,"['95', '75']","mise à disposition, installation, maintenance, entretien, exploitation commerciale d'abris et de mobiliers urbains publicitaires (rectificatif)",dsp,autre,rectificatif,rectificatif,Ville de Montmorency,95162,Montmorency cedex,,['Objet publicitaire'],[464],non,non
21-48229,2021-04-13,2021-05-11,"['95', '75']","mise à disposition, installation, maintenance, entretien, exploitation commerciale d'abris et de mobiliers urbains publicitaires",dsp,dsp,appeloffre,initial,Ville de Montmorency,95162,Montmorency cedex,,['Objet publicitaire'],[464],non,non
21-49161,2021-04-13,2021-05-04,['95'],Taille en rideau des arbres d'alignement de rues,mapa,cmp2006,appeloffre,initial,ville de Goussainville,95191,GOUSSAINVILLE,,['Espaces verts'],[116],non,non
21-49260,2021-04-13,2021-07-11,['95'],Location et maintenance de 3 autocars d'occasion sans conducteur,fns,cmp2006,attribution,initial,ville de Goussainville,95191,GOUSSAINVILLE,,['Véhicules (location)'],[474],non,oui
21-49431,2021-04-13,2021-05-07,['95'],Accord-cadre no2021-04 - Location et entretien d'équipements sanitaires (distributeurs à savon et essuie-mains papier) et fourniture des consommables.,fns,cmp2006,appeloffre,initial,Ville de Soisy-sous-Montmorency,95232,Soisy-sous-montmorency cedex,,['Hygiène (articles)'],[153],non,non
21-41401,2021-04-13,2021-05-12,"['971', '978']","La location, l'installation et la maintenance d'appareils de reprographie multifonctionnels au profit des unités et services du commandement de la gendarmerie de Guadeloupe et des îles du nord.",joue,directive24,appeloffre,initial,COMGEND GUADELOUPE,97120,SAINT-CLAUDE,,"['Maintenance', 'Reprographie']","[196, 305]",oui,oui
21-49568,2021-04-13,2021-05-13,['978'],MARCHE DE FOURNITURE D'EQUIPEMENT POUR INJECTER DE L'AIR ET DE BACTERIES DANS LES PR,fns,cmp2006,appeloffre,initial,EEAS de Saint Martin (978),97150,Saint Martin,,['Assainissement'],[18],non,non
20-101050,2021-04-13,2021-05-17,['972'],Etalonnages et vérifications de matériels du laboratoire,fns,cmp2006,appeloffre,initial,COLLECTIVITE TERRITORIALE MARTINIQUE,97201,Fort-de-france,,['Laboratoire (matériel)'],[188],non,non
21-49443,2021-04-13,2021-06-07,['973'],Marché de fournitures de véhicules,mapa,cmp2006,appeloffre,rectificatif,Office National des Forêts,97300,Cayenne,,['Véhicules'],[359],non,oui
21-49570,2021-04-13,2021-04-30,['973'],"Fourniture et pose de stores à lames verticales, et de films solaires dans les bureaux des sites de la Collectivité Territoriale de Guyane",fns,cmp2006,appeloffre,initial,COLLECTIVITE TERRITORIALE DE GUYANE,97307,CAYENNE,,['Equipement thermique'],[114],non,non
21-49581,2021-04-13,2021-07-11,['973'],Aménagement de la Route Départementale N°2 - Route d'Attila Cabassou - Phase2,fns,cmp2006,attribution,initial,COLLECTIVITE TERRITORIALE DE GUYANE,97307,CAYENNE,,"['Eclairage public', 'Signalisation', 'Voirie']","[102, 322, 365]",non,non
21-49575,2021-04-13,2021-04-21,['973'],Réalisation de travaux de voiries provisoires en vue de la fermeture de la voie de Novembre 96 afin de raccorder les bâtiments en activité.,fns,cmp2006,appeloffre,initial,Etab. Public d'Aménagement en Guyane,97357,Matoury cedex,,['Voirie et réseaux divers'],[366],non,non
21-49203,2021-04-13,2021-05-11,['974'],TRAVAUX DE RÉALISATION DU BÂTIMENT DES VESTIAIRES DU STADE MUNICIPAL COMMUNE DE SAINTE ROSE,fns,cmp2006,appeloffre,initial,COMMUNE DE SAINTE ROSE,97439,Sainte-Rose,,['Bâtiment'],[33],non,non
21-49245,2021-04-13,2021-05-26,['974'],Mission d'accompagnement par un conseiller cit'ergie dans le cadre d'un premier processus de labellisation de la cirest,fns,cmp2006,appeloffre,initial,CIREST,97470,Saint-Benoit,,['Etude'],[118],non,non
21-49288,2021-04-13,2021-05-21,['976'],Marché de maitrise d'oeuvre relatif à la création d'une route communale entre Passamainty et Tsoundzou,fns,cmp2006,appeloffre,initial,Ville de Mamoudzou (976),97600,Mamoudzou,,"['Etude', 'Voirie']","[118, 365]",non,non
21-49198,2021-04-13,2021-07-01,['976'],Construction de la Mairie Annexe de Mtsapéré,fns,cmp2006,appeloffre,initial,Ville de Mamoudzou (976),97600,Mamoudzou,,"['Ascenseur', 'Bâtiment', 'Bois', 'Climatisation', 'Cloison, faux plafond', 'Démolition', 'Electricité (travaux)', 'Etanchéité', 'Gros oeuvre', 'Menuiserie', 'Métallerie', 'Ouvrage métallique', 'Peinture (travaux)', 'Plomberie (travaux)', 'Revêtements de sols', 'Revêtements muraux', 'Voirie et réseaux divers']","[17, 33, 38, 62, 63, 87, 105, 117, 144, 222, 223, 254, 264, 270, 308, 309, 366]",oui,oui
21-48945,2021-04-13,2021-05-08,['976'],TRAVAUX D'ENTRETIEN DES RÉSEAUX EAU PLUVIALE,fns,cmp2006,appeloffre,initial,COMMUNE DE DZAOUDZI LABATTOIR,97610,Labattoir,,['Réseaux divers'],[306],non,oui
21-49331,2021-04-13,2021-06-12,['976'],Mise aux normes d'éclairage de 4 terrains de football de la commune de Tsingoni,fns,cmp2006,appeloffre,initial,COMMUNE DE TSINGONI,97680,Tsingoni,,"['Eclairage public', 'Electricité (travaux)']","[102, 105]",non,non
21-49199,2021-04-13,2021-05-06,['974'],"Marché de maintenance, fourniture, installation de la défense incendie et de l'alarme incendie du TCO",fns,cmp2006,appeloffre,initial,TERRITOIRE DE LA COTE OUEST,97822,Le port cedex,,['Sécurité incendie'],[332],non,non
21-48946,2021-04-13,2021-05-02,['974'],Transport de documents entre les différents sites de la Caisse d'Allocations Familiales de LaREUNION.,fns,cmp2006,appeloffre,initial,CAF de la Réunion,97833,Ste marie de la reunion,,['Transport'],[347],non,non
