a00_cle_idweb,g04_01_date_publication,g04_03_date_fin_diffusion,g04_07_dep_publication,g04_09_resume_objet,g01_02_01_famille,g01_02_02_perimetre,g01_02_03_nature,g01_02_04_statut,d01_01_denomination,d01_07_cp,d01_08_ville,d08_09_decision_titulaireandRENSEIGNEMENT,g04_052_descripteurs_libelles,g04_051_descripteurs_codes,g04_061_criteres_sociaux,g04_062_criteres_environnementaux
21-71967,2021-05-30,2021-06-21,['1'],Fourniture de repas préparés en liaison froide,joue,autre,rectificatif,rectificatif,COMMUNE D OYONNAX,01100,Oyonnax,,"['Denrées alimentaires', 'Repas, traiteur']","[88, 304]",non,non
21-72058,2021-05-30,2021-08-25,['1'],Services d'assurance construction - tous risques montage essais-tous risques chantier-dommages aux existants-frais supplémentaires-Rc maître d'ouvrage-dommages ouvrage - 2 lots<br,joue,directive24,attribution,initial,SYND MIXTE GEST DECHET FAUCIGNY GENEVO,01200,Valserhone,,['Assurance'],[20],non,non
21-72136,2021-05-30,2021-07-01,['2'],Fourniture et mise en place de conteneurs d'apport volontaire pour la collecte des déchets ménagers et assimilés-.,joue,directive24,appeloffre,initial,SIRTOM du LAONNOIS,02000,LAON,,"['Conteneur, poubelles', 'Equipement industriel']","[71, 112]",non,oui
21-72220,2021-05-30,2021-06-28,['2'],"PRISE EN CHARGE , TRAITEMENT PRODUITS CURAGE, ENCOMBRANTS, DECHETS INERTES ,COMPOSTAGE DES VEGETAUX, VALORISATION DEBLAIS EN MATERIAUX REUTILISABLES, AMIANTE",joue,directive24,attribution,initial,Cté d'Agglo du Saint-Quentinois,02108,SAINT QUENTIN CEDEX,,['Déchets non ménagers (prestations)'],[404],non,non
21-72311,2021-05-30,2021-07-12,['4'],Travaux de réhabilitation lourde de 260 logements collectifs locatifs sociaux des résidences 'Pigeonnier I et II et Barbejas' à DIGNE-LES-BAINS,joue,directive24,appeloffre,initial,Habitations de Haute-Provence,04005,DIGNE LES BAINS,,['Bâtiment'],[33],non,non
21-72123,2021-05-30,2021-08-25,['4'],Marché de service pour la mise en place du suivi post-exploitation de l'Isdnd de Sorbiers (05150),joue,directive24,attribution,initial,CC DU SISTERONAIS BUECH,04200,Sisteron,"[('2021-03-30', 'Paprec Grand Est', (933760, 'EUR'), None)]",['Prestations de services'],[274],non,non
21-72308,2021-05-30,2021-06-29,['5'],Passation de marchés d assurances risques statutaires au profit du Centre de Gestion et collectivités et entités publiques l ayant mandatés à cet effet pour la passation de leurs contrats.,joue,directive24,appeloffre,initial,CDG 05,05000,GAP,,['Assurance'],[20],non,non
21-71821,2021-05-30,2021-08-25,['5'],Inspections Detaillees Periodiques Et Diagnostics Des Ouvrages D'Art Du Departement Des Hautes Alpes,joue,directive24,attribution,initial,DEPARTEMENT DES HAUTES-ALPES,05008,Gap,"[('2021-05-26', 'Sedoa', (99315, 'EUR'), None)]","['Contrôle technique', ""Ouvrage d'art""]","[72, 252]",non,non
21-71787,2021-05-30,2021-07-09,['6'],"ETUDES CONJOINTES SUR LA PLAINE DE LA BRAGUE POUR LA RESTAURATION DES COURS D'EAU, LA REDUCTION DU RISQUE INONDATION, LA FAISABILITE DES AMENAGEMENTS ET L'OPTIMISATION DU FRANCHISSEMENT DE L",joue,directive24,appeloffre,initial,SYND MIXTE INONDATIONS AMENAGEMENT GES,06204,NICE Cedex 3,,"['Etude', 'Prestations de services']","[118, 274]",non,non
21-71871,2021-05-30,2021-06-30,['6'],FOURNITURE DE MOBILIER DE BUREAU ET PRESTATIONS ANNEXES POUR LE SDIS 06,joue,directive24,attribution,initial,SDIS (06),06273,Villeneuve Loubet Cedex,"[('2021-05-03', 'ELLIPSE', (39143, 'EUR'), ""Fourniture de mobilier de bureau et prestations annexes pour le Service départemental d'incendie et de secours des Alpes-Maritimes"")]",['Mobilier'],[230],non,non
21-71730,2021-05-30,2021-07-01,['6'],Achat de Matières d'oeuvre pour les sections 'Boucherie' du CFA MNCA,joue,directive24,appeloffre,initial,Métropole Nice Côte d'Azur,06364,Nice cedex 4,,"[""Produits de l'agriculture""]",[276],non,oui
21-72332,2021-05-30,2021-06-18,['6'],Fourniture et maintenance de matériels et contenus pour projections lumineuses sur façades,joue,autre,rectificatif,rectificatif,COMMUNE DE CANNES,06406,Cannes,,['Illumination'],[170],non,oui
21-72075,2021-05-30,2021-07-05,"['6', '83', '13', '75']",RÉALISATION DE LEVÉS TOPOGRAPHIQUES SUR LE RÉSEAU D'EAUX PLUVIALES - MISE A JOUR DE LA BASE DE DONNÉES SIG,joue,directive24,appeloffre,initial,C.A.P.L.,06414,Cannes Cedex,,['Topographie'],[344],non,non
21-71307,2021-05-30,2021-07-01,['8'],assistance technique à l'exploitation du service public de l'eau potable d'ardenne-métropole,joue,directive24,appeloffre,initial,ARDENNE METROPOLE,08003,CHARLEVILLE MEZIERES,,['Assistance technique'],[19],non,non
21-72225,2021-05-30,2021-08-25,['9'],Prestation de remplacement d'agents techniques territoriaux des établissements d'enseignement,joue,directive24,attribution,initial,CONSEIL GENERAL de L'ARIEGE,09000,Foix,"[('2021-05-21', 'Arcsi', (35000, 'EUR'), 'Couserans'), ('2021-05-20', 'Aje', (90000, 'EUR'), ""Portes d'Ariège et Pays d'Olmes""), ('2021-05-19', 'Association Ariege Profession Animation', (35000, 'EUR'), 'Foix - Haute Ariège')]",['Prestations de services'],[274],non,non
21-72379,2021-05-30,2021-07-28,['10'],fourniture de sacs pour la collecte des emballages ménagers recyclables,joue,directive24,attribution,initial,Troyes Champagne Métropole,10000,Troyes,"[('2021-04-29', 'PTL', (338360, 'EUR'), None)]",['Sacs'],[318],non,non
21-72081,2021-05-30,2021-07-21,"['13', '83', '84']",LIGNES REGULIERES DE TRANSPORT DE PASSAGERS PAR VOIES NAVIGABLES SUR LE TERRITOIRE DU PAYS DE MARTIGUES,joue,directive24,attribution,initial,METROPOLE D AIX MARSEILLE PROVENCE,13007,Marseille,"[('2021-05-18', 'NAVETTES PROVENCALES', (1759401, 'EUR'), 'Lignes regulières de trnasport de passagers par voies navigables sur le territoire du Pays de Martigues')]",['Transport'],[347],non,non
21-71732,2021-05-30,2021-07-27,"['13', '83', '84']",Services de télécommunications de données au profit de la Métropole Aix-Marseille-Provence,joue,directive24,attribution,initial,METROPOLE D AIX MARSEILLE PROVENCE,13007,Marseille,,['Télécommunications'],[338],non,non
21-72313,2021-05-30,2021-07-28,"['13', '83', '84']",ASSISTANCE TECHNIQUE DANS LE DOMAINE DE LA COMPETENCE GEMAPI,joue,directive24,attribution,initial,METROPOLE D AIX MARSEILLE PROVENCE,13007,Marseille,,"['Etude', 'Prestations de services']","[118, 274]",non,non
21-72263,2021-05-30,2021-06-11,"['13', '83', '84', '4', '5', '6']",ANIMATION DE FORMATIONS COURTES POUR LES BESOINS DE LA CMAR PACA SITES ECONOMIQUES 04/05 - 13 - 83 - 84,joue,directive24,attribution,initial,CMAR PACA,13008,Marseille,,"['Prestations de services', 'Formation']","[274, 410]",non,non
21-71934,2021-05-30,2021-06-16,['13'],MAINTENANCE PREVENTIVE ET CORRECTIVE DES ONDULEURS DEDIES A L'INFORMATIQUE ET PRESTATIONS ASSOCIEES APPARTENANT A LA CAISSE PRIMAIRE D'ASSURANCE MALADIE DES BOUCHES-DU-RHÔNE,joue,directive24,intentionconclure,initial,CAISSE PRIMAIRE CENTRALE ASSUR MALADIE,13009,Marseille,"[('2021-05-20', 'PHISEO', (38628.33, 'EUR'), ""MAINTENANCE PREVENTIVE ETCORRECTIVE DES ONDULEURS DEDIES A L'INFORMATIQUE ET PRESTATIONS ASSOCIEESAPPARTENANT A LA CAISSE PRIMAIRE D'ASSURANCE MALADIE DES BOUCHES-DU-RHONE."")]","['Matériel électrique', 'Informatique (maintenance serveurs et réseaux)']","[203, 454]",non,non
21-72196,2021-05-30,2021-06-28,['13'],Fourniture et livraison de titres restaurant pour le personnel du CCAS d'Aix-en-Provence (21.01F),joue,directive24,attribution,initial,CCAS d'Aix en Provence,13092,Aix en Provence cedex 2,"[('2021-05-12', 'EDENRED FRANCE SAS', (350000, 'EUR'), None)]",['Titres restaurant'],[416],non,oui
21-72011,2021-05-30,2021-11-28,"['83', '13', '6', '84', '4', '5']",mission de maîtrise d'oeuvre pour la mise en oeuvre du programme d'aménagement hydraulique du bassin du préconil dans le cadre du papi golfe de saint tropez,joue,directive24,attribution,initial,CCGST,13182,Aix-en-Provence cedex 05,,"[""Maîtrise d'oeuvre""]",[197],non,non
21-72386,2021-05-30,2021-06-30,['13'],Services de télécommunications,joue,directive24,appeloffre,initial,Commune de Saint Rémy de Provence,13210,Saint-Rémy-de-Provence,,['Télécommunications'],[338],non,non
21-71987,2021-05-30,2021-07-05,['13'],Mission de maîtrise d'oeuvre pour la réhabilitation du théâtre du Gymnase - 4 Rue du Théâtre Français - 13001 Marseille,joue,directive24,appeloffre,initial,Ville de Marseille,13233,Marseille cedex 20,,['Ingénierie'],[455],non,non
21-71855,2021-05-30,2021-06-05,['13'],SIGNALETIQUE EVENEMENTIELLE,joue,autre,rectificatif,rectificatif,Ville de Marseille,13233,Marseille cedex 20,,['Prestations de services'],[274],non,non
21-72061,2021-05-30,2021-07-28,['13'],Accord-cadre de formations certifiantes portant sur la sécurité des agents du Conseil départemental des Bouches-du-Rhône (3 lots distincts),joue,directive24,appeloffre,initial,DEPARTEMENT DES BOUCHES DU RHONE,13256,Marseille cedex 20,,['Formation'],[410],non,non
21-72322,2021-05-30,2021-06-29,['13'],Operations Pour Travaux De Gros Entretien Et D'Amenagement Des Batiments De L'Assistance Publique - Hopitaux De Marseille (Ap-Hm),joue,directive24,appeloffre,initial,APHM,13292,Marseille,,"['Cloison, faux plafond', 'Fluides médicaux', 'Gros oeuvre', 'Plomberie (travaux)']","[63, 128, 144, 270]",non,oui
21-71559,2021-05-30,2021-06-28,['13'],Surveillance Des Parametres Aerauliques,joue,directive24,appeloffre,initial,APHM,13292,Marseille,,['Maintenance'],[196],non,non
21-72381,2021-05-30,2021-06-28,['13'],Travaux pour la gestion du patrimoine et d'intervention d'urgence de la Région Provence Alpes Côte d'Azur,joue,directive24,appeloffre,initial,Conseil Rég Provence-Alpes-Côte d'Azur,13331,Marseille,,"['Assainissement', 'Charpente', 'Chauffage (travaux)', 'Gros oeuvre']","[18, 57, 61, 144]",non,non
21-72181,2021-05-30,2021-07-12,['13'],Tierce Maintenance Applicative et d'Exploitation (TMA-TME) des applications NTIC de la CPRPSNCF,joue,directive24,appeloffre,initial,CPRP SNCF,13347,Marseille cedex 20,,['Informatique (prestations de services)'],[163],non,non
21-71881,2021-05-30,2021-06-11,"['13', '83']","mission de maîtrise d'oeuvre (conception - réalisation) pour la réduction de la vulnérabilité, la sécurisation et la valorisation des berges de l'huveaune en centre-ville à aubagne (rectificatif)",joue,autre,rectificatif,rectificatif,Syndicat Mixte du B.V. de l'Huveaune,13400,Aubagne,,"['Etude', ""Maîtrise d'oeuvre"", 'Rivières/ruisseaux', 'Ingénierie']","[118, 197, 310, 455]",non,non
21-72131,2021-05-30,2021-08-25,['13'],Accord-Cadre De Services De Telecommunications,joue,directive24,attribution,initial,COMMUNE DE PORT DE BOUC,13528,Port de Bouc Cédex,"[('2021-04-13', 'Sfr', (271073.59, 'EUR'), None)]",['Télécommunications'],[338],non,non
21-71736,2021-05-30,2021-07-28,['13'],FOURNITURE ET SERVICE EVENTUEL (POSE/DEPOSE ET AUTRES) DE PANNEAUX DE SIGNALISATION VERTICALES ET PRODUITS DIVERS,joue,directive24,attribution,initial,Ville de Salon de Provence,13663,Salon de provence cedex,"[('2021-05-05', 'SIGNAUX GIROD S.A.', (240000, 'EUR'), 'SIGNALISATION VERTICALE DE POLICE ET PRODUITS DIVERS'), ('2021-05-05', 'LACROIX CITY ST HERBLAIN SAS', (320000, 'EUR'), 'SIGNALISATION DIRECTIONNELLE ET PRODUITS DIVERS'), ('2021-05-05', 'SIGNAUX GIROD S.A.', (80000, 'EUR'), 'SIGNALISATION DE POLICE DYNAMIQUE A LEDS')]",['Signalisation'],[322],non,non
21-71985,2021-05-30,2021-06-30,['13'],Attribution Réhabilitation Paradis Saint Roch lot 01 - Façades et Isolation et lot 03 - Etanchéité,joue,directive24,attribution,initial,SEMIVIM,13698,MARTIGUES,,"['Electricité (travaux)', 'Etanchéité', 'Isolation', 'Menuiserie', 'Plomberie (travaux)', 'Revêtements de sols']","[105, 117, 169, 222, 270, 308]",non,non
21-71741,2021-05-30,2021-07-05,['13'],"Prestations de maintenance préventive et curative de la plateforme de formation multi-énergies (H2, Gpl, Gnv...) à l'Ensosp",joue,directive24,appeloffre,initial,ENSOSP,13798,Aix En Provence,,['Gaz divers'],[139],non,non
21-71986,2021-05-30,2021-07-27,['14'],Attribution fourniture équipements et logiciels informatiques pour les collèges,joue,directive24,attribution,initial,DEPARTEMENT DU CALVADOS,14035,Caen cedex 1,"[('2021-05-27', 'QUADRIA', (8000000, 'EUR'), ""Fourniture, intégration et garantie d'équipements et logiciels informatiques pour les collèges du Calvados"")]","['Informatique (matériel)', 'Informatique (prestations de services)']","[162, 163]",non,non
21-71977,2021-05-30,2021-08-25,['14'],"Marché de fourniture, livraison, transport, traitement et exploitation pour la gestion des déchets ménagers",joue,directive24,attribution,initial,CA Lisieux Normandie,14106,Lisieux,,"['Conteneur, poubelles', 'Ordures ménagères (prestations)', 'Sacs', 'Déchets non ménagers (prestations)', 'Déchetterie (exploitation)']","[71, 249, 318, 404, 405]",non,non
21-71766,2021-05-30,2021-06-05,['14'],Préparation et livraison de repas en liaison froide pour neuf restaurants scolaires et les accueils de loisirs de vacances.,joue,directive24,appeloffre,initial,CC ISIGNY OMAHA INTERCOM,14330,LE MOLAY-LITTRY,,['Restauration collective'],[66],non,non
21-71713,2021-05-30,2021-06-28,"['14', '50', '61']",Traitement des déchets des déchèteries de l'Intercom de la Vire au Noireau,joue,directive24,appeloffre,initial,CC INTERCOM DE LA VIRE AU NOIREAU,14500,Vire Normandie,,"['Ordures ménagères (prestations)', 'Déchets non ménagers (prestations)']","[249, 404]",non,non
21-71753,2021-05-30,2021-06-30,['16'],Impression des magazines de GrandAngoulême,joue,directive24,appeloffre,initial,GrandAngoulême agglomération,16023,Angoulême cedex,,"['Impression', 'Imprimés']","[160, 161]",non,oui
21-72142,2021-05-30,2021-06-27,['17'],"Solutions pour "" Territoires intelligents "" et services associés",joue,directive24,attribution,initial,SMIC17,17100,Saintes,"[('2021-02-24', 'SENSING VISION', (214000, 'EUR'), 'Solutions pour "" Territoires intelligents "" et services associés')]","['Informatique (matériel)', 'Informatique (prestations de services)']","[162, 163]",non,non
21-72055,2021-05-30,2021-08-09,['18'],2021-EREP-01,joue,directive24,appeloffre,initial,Syndicat Départemental d'Energie 18,18000,Bourges,,"['Eclairage public', 'Electricité (travaux)', 'Télécommunications']","[102, 105, 338]",non,oui
21-72290,2021-05-30,2021-08-25,['18'],Fourniture De Pieces Detachees Et Accessoires D'Origine Et De Qualité équivalente Pour Vl Et Vul,joue,directive24,attribution,initial,Conseil départemental du Cher,18023,Bourges,"[('2020-12-10', 'Atac 91', (31285, 'EUR'), ""Pièces détachées et accessoires d'origine et de qualité équivalente pour Vl et Vul de marque Renault-Dacia""), ('2020-12-10', 'Atac 91', (6849, 'EUR'), ""Pièces détachées et accessoires d'origine et de qualité équivalente pour Vl et Vul de marque Peugeot-Citroen"")]",['Pièces détachées'],[266],non,non
21-72288,2021-05-30,2021-08-25,['18'],Maintenance et Fourniture de consommables de Matériels d'Imprimerie,joue,directive24,attribution,initial,Conseil départemental du Cher,18023,Bourges,,"['Maintenance', ""Matériel d'imprimerie""]","[196, 211]",non,non
21-71769,2021-05-30,2021-06-30,['18'],"FOURNITURE DE REPAS EN LIAISON FROIDE AUX CANTINES SCOLAIRES DES ECOLES MATERNELLES, ÉLEMENTAIRES ET PRIMAIRES AINSI QU'AUX ACCUEILS DE LOISIRS SANS HEBERGEMENT COMMUNAUTAIRES",joue,directive24,appeloffre,initial,Communauté de Communes de La Septaine,18520,AVORD,,"['Repas, traiteur']",[304],non,non
21-72226,2021-05-30,2021-08-25,['20B'],Assurance Dommages Ouvrage et responsabilités civiles associées sur chantier déjà réceptionné,joue,directive24,attribution,initial,COMMUNE DE BASTIA,20410,Bastia,"[('2021-05-17', 'Smabtp', (155861, 'EUR'), None)]",['Assurance'],[20],non,non
21-71897,2021-05-30,2021-07-06,['20A'],ACQUISITION DE MOBILIER ET ACCESSOIRES,joue,directive24,appeloffre,initial,SDIS Corse du Sud,20700,Ajaccio cedex 9,,"['Mobilier', 'Rayonnage']","[230, 300]",non,non
21-72349,2021-05-30,2021-07-05,['21'],"Acquisition de livres, partitions et documents sonores et audiovisuels pour les bibliothèques",joue,directive24,appeloffre,initial,Dijon Métropole,21075,Dijon,,['Livres'],[184],non,oui
21-71810,2021-05-30,2021-08-25,['21'],Centrale D'Achat - Relance suite à déclaration sans suite - Location de balayeuses avec chauffeurs,joue,directive24,attribution,initial,Dijon Métropole,21075,Dijon,"[('2021-04-13', 'Perrbal', (149895, 'EUR'), 'Lot no1 Location de balayeuses avec chauffeurs pour le territoire de Dijon métropole'), ('2021-04-13', 'Perrbal', (41250, 'EUR'), 'Lot no2 Location de balayeuses avec chauffeur pour des prestations dans certaines communes du territoire de Dijon métropole')]",['Véhicules (location)'],[474],non,oui
21-72352,2021-05-30,2021-07-13,['24'],Acheminement et fourniture d'électricité,joue,directive24,appeloffre,initial,Conseil Général de la Dordogne,24019,Perigueux,,"['Electricité, gaz (fourniture)']",[443],non,non
21-71691,2021-05-30,2021-06-29,['24'],Fourniture et acheminement d'électricité pour les sites du groupement de commande et prestations de services associées,joue,directive24,appeloffre,initial,ASA DE CELLES ET LA TOUR BLANCHE,24660,Coulounieix Chamiers,,"['Electricité, gaz (fourniture)']",[443],non,non
21-72135,2021-05-30,2021-08-25,['28'],La présente consultation concerne la fourniture de pièces détachées et les prestations de service associées pour les véhicules et les engins. (Lots 11 à 19),joue,directive24,attribution,initial,Conseil général d'Eure et Loir,28028,Chartres,,"['Matériel agricole, horticole', 'Pièces détachées']","[200, 266]",non,non
21-71704,2021-05-30,2021-06-28,"['75', '76']","location, maintenance et assistance des systèmes d'exploitation pour le montage photo, vidéo",joue,directive24,appeloffre,initial,DIRISI,29240,Brest,,['Informatique (matériel)'],[162],non,non
21-60281,2021-05-30,2021-06-28,['30'],travaux d'entretien du patrimoine bâti de la ville de nîmes,joue,directive24,appeloffre,initial,Ville de Nîmes,30000,Nîmes,,"['Alarme', 'Bâtiment', 'Bois', 'Charpente', 'Climatisation', 'Cloison, faux plafond', 'Couverture', 'Détection incendie', 'Eclairage public', 'Etanchéité', 'Gros oeuvre', 'Gouttières', 'Isolation', 'Maçonnerie', 'Menuiserie', 'Métallerie', 'Peinture (travaux)', 'Plâtrerie', 'Plomberie (travaux)', 'Revêtements de sols', 'Terrain de sport', 'Vitrerie']","[5, 33, 38, 57, 62, 63, 74, 90, 102, 117, 144, 145, 169, 195, 222, 223, 264, 269, 270, 308, 342, 363]",non,non
21-71928,2021-05-30,2021-07-02,"['30', '34', '84']",Accord-cadre de prestationstopographiques et de géomètre expert dans le cadre de l'opération d'aménagement du quartier Pissevin-Valdegour à Nîmes.,joue,directive24,appeloffre,initial,SPL AGATE,30000,Nîmes,,['Topographie'],[344],non,non
21-72299,2021-05-30,2021-06-07,"['30', '34']","Fourniture, livraison, montage, répartition et installation du mobilier et du matériel destinés au nouveau Collège de Remoulins et Halles de Sport du département du Gard. (I)",joue,autre,rectificatif,rectificatif,Conseil Général du Gard,30044,Nîmes,,['Mobilier'],[230],non,non
21-71998,2021-05-30,2021-07-03,"['31', '71']",Entretien des espaces verts et nettoyage des voiries du centre ENAC de Saint Yan.,joue,directive24,appeloffre,initial,ENAC,31055,Toulouse cedex,,"['Espaces verts', 'Prestations de services']","[116, 274]",non,non
21-72277,2021-05-30,2021-06-29,['31'],Fourniture d'éléments spécifiques des infrastructures de voies,joue,directive25,appeloffre,initial,TISSEO,31081,Toulouse,,"['Equipements spécialisés', 'Matériel ferroviaire']","[115, 206]",non,non
21-71556,2021-05-30,2021-06-25,"['31', '34']",Fourniture de pièces automobile et maintenance associée pour les services de Sète,joue,directive24,appeloffre,initial,REGION OCCITANIE,31406,Toulouse,,"['Maintenance', 'Pièces détachées']","[196, 266]",non,oui
21-72325,2021-05-30,2021-07-02,"['31', '34']",Câblage informatique dans les lycées d'Occitanie,joue,directive24,appeloffre,initial,REGION OCCITANIE,31406,Toulouse,,['Câblage'],[47],oui,oui
21-71884,2021-05-30,2021-06-28,['31'],21v0103cor - Concours Pour L'Attribution D'Un Marche Negocie De Maitrise D'Oeuvre - Construction Du Groupe Scolaire Roquemaurel Va/Lm,joue,directive24,appeloffre,initial,COMMUNE DE TOULOUSE,31505,Toulouse,,"[""Maîtrise d'oeuvre""]",[197],oui,non
21-72129,2021-05-30,2021-08-25,['31'],"Pr/Sm-21mc0006aoo-Fourniture De Dispositifs De Fermeture De Regard D400, D'Accessoires, De Pieces Detachees Et De Prestations De Reparation - Annees 2021 A 2025",joue,directive24,attribution,initial,TOULOUSE METROPOLE,31505,Toulouse,"[('2021-05-27', 'Nemso', (65827, 'EUR'), None)]",['Matériel de sécurité'],[209],non,non
21-72320,2021-05-30,2021-06-29,['31'],Marché de mise en oeuvre et gestion globale de la billetterie du Festival des lanternes pour la Ville de Blagnac,joue,directive24,appeloffre,initial,Ville de Blagnac,31700,Blagnac,,"['Informatique (matériel)', 'Logiciel', 'Informatique (assistance)', 'Mise à disposition de personnel']","[162, 186, 453, 461]",non,non
21-72188,2021-05-30,2021-06-29,['33'],BORDEAUX TRAVAUX DE VOIRIE DANS LE PÉRIMÈTRE DES BASSINS A FLOT,joue,directive24,appeloffre,initial,Bordeaux Métropole,33045,BORDEAUX,,"['Voirie', 'Voirie et réseaux divers']","[365, 366]",non,non
21-71863,2021-05-30,2021-06-30,['33'],Elaboration de menus et fourniture de repas en denrées grammées et liaison froide pour les EAJE,joue,directive24,appeloffre,initial,COMMUNE DE BORDEAUX,33045,BORDEAUX,,"['Restauration collective', 'Denrées alimentaires']","[66, 88]",non,non
21-53916,2021-05-30,2021-07-30,['33'],Externalisation de prestations logistiques au profit de la dga ev site de Cazaux (dpt 33),joue,directive81,attribution,initial,SCA/PFAF SO,33068,Bordeaux,"[('2021-05-26', 'GT Logistics.01', (1300423.68, 'EUR'), None)]",['Prestations de services'],[274],non,oui
21-71906,2021-05-30,2021-08-25,['33'],"Dépoussiérage, désinfection, conditionnement de documents d'archives et dépoussiérage et désinfection de magasins d'archives et de leur rayonnage",joue,directive24,attribution,initial,DEPARTEMENT DE LA GIRONDE,33074,Bordeaux,"[('2021-04-27', 'Vectura Archivage', (250000, 'EUR'), None)]",['Prestations de services'],[274],non,non
21-72155,2021-05-30,2021-07-28,['33'],Fourniture de bacs roulants destinés à la collecte mécanisée des déchets ménagers,joue,directive24,attribution,initial,CdC Bassin d'Arcachon Nord,33510,Andernos les bains,"[('2021-05-25', 'SULO France sas', (1200000, 'EUR'), 'Fourniture de bacs roulants destinés à la collecte mécanisée des déchets.')]","['Conteneur, poubelles', 'Equipements spécialisés']","[71, 115]",non,non
21-72102,2021-05-30,2021-06-15,"['34', '11', '30', '66']","Marché de maîtrise d'oeuvre pour la rénovation énergétique, la restructuration et l'extension de l'école élémentaire l'Ensolelhat à Sussargues",joue,directive24,appeloffre,initial,COMMUNE DE SUSSARGUES,34160,SUSSARGUES,,['Prestations de services'],[274],non,non
21-72328,2021-05-30,2021-07-01,['34'],Mission d'animation et de réalisation de diagnostics de vulnérabilité aux inondations des bâtiments d'habitations sur le bassin versant de l'Or (Hérault) - Programme L'Or Alabri,joue,directive24,appeloffre,initial,SYNDICAT MIXTE DU BASSIN DE L'OR,34400,Lunel,,['Ingénierie'],[455],non,non
21-62768,2021-05-30,2021-07-12,['34'],marché d'assurance des risques statutaires,joue,directive24,appeloffre,initial,MAIRIE SAINT JEAN DE VEDAS,34430,Saint jean de vedas,,['Assurance'],[20],non,non
21-71973,2021-05-30,2021-08-25,['34'],Services D'Assurances Pour Le Syndicat Centre Herault,joue,directive24,attribution,initial,Syndicat Centre Hérault,34800,Aspiran,"[('2020-12-17', 'Groupama méditerranée', (109701.4, 'EUR'), 'Assurance des dommages aux biens et des risques annexes'), ('2020-12-17', 'Groupama méditerranée', (16605.2, 'EUR'), 'Assurance des responsabilités et des risques annexes'), ('2020-12-17', 'Assurances Pilliot', (128264.04, 'EUR'), 'Assurance des véhicules à moteur et des risques annexes'), ('2020-12-17', 'Groupama méditerranée', (3229.08, 'EUR'), 'Assurance de la protection fonctionnelle des agents et des élus')]",['Assurance'],[20],non,non
21-71935,2021-05-30,2021-09-15,['34'],Prestation de ménage et d'entretien de l'Opéra Orchestre national de Montpellier,joue,directive24,appeloffre,initial,OPERA ORCHESTRE NAL DE MONTPELLIER,34967,MONTPELLIER cedex 2,,['Nettoyage de locaux'],[239],non,non
21-72306,2021-05-30,2021-06-07,"['35', '22', '29', '50']","MARCHE MUTUALISE DE NETTOYAGE POUR LES CAF DE BRETAGNE, POUR L'UIOSS D'ILLE-ET-VILAINE ET POUR LA CAF DE MANCHE",joue,autre,rectificatif,rectificatif,Caisse d'Allocations Familiales d'Ille,35028,Rennes cedex 09,,['Nettoyage de locaux'],[239],non,non
21-71784,2021-05-30,2021-07-02,['35'],Location de bâtiments modulaires pour le Département d'Ille et Vilaine,joue,directive24,appeloffre,initial,Département d'Ille-et-Vilaine,35042,RENNES CEDEX,,['Bâtiments modulaires'],[27],non,non
21-72275,2021-05-30,2021-06-29,"['35', '22', '29', '56']","DEVELOPPEMENT, FOUNITURE ET MAINTENANCE DE POSTES D'EMISSION DE CARTES KORRIGO SERVICES",joue,directive24,appeloffre,initial,Syndicat mixte mégalis bretagne,35510,CESSON-SEVIGNE,,['Informatique (matériel)'],[162],non,non
21-71749,2021-05-30,2021-06-29,['37'],MARCHE DE MAITRISE D'OEUVRE POUR LA REQUALIFICATION DE LA RUE MARCEL CACHIN A SAINT-PIERRE-DES-CORPS,joue,directive24,appeloffre,initial,Tours Métropole Val de Loire,37206,TOURS CEDEX 3,,"[""Maîtrise d'oeuvre""]",[197],non,non
21-72247,2021-05-30,2021-06-28,['37'],"Fourniture de vêtements professionnels, de vêtements de sport et d'équipements de protection individuelle",joue,directive24,attribution,initial,Ville de Tours,37926,Tours cedex 9,,['Textile'],[343],non,non
21-72109,2021-05-30,2021-07-02,['38'],Entretien des dépendances routières végétalisées - fauchage et élagage mécaniques,joue,directive24,appeloffre,initial,DEPARTEMENT DE L ISERE,38022,Grenoble,,['Voirie'],[365],oui,oui
21-72035,2021-05-30,2021-07-02,['38'],Entretien des dépendances routières végétalisées - Fauchage et élagage manuels,joue,directive24,appeloffre,initial,DEPARTEMENT DE L ISERE,38022,Grenoble,,['Voirie'],[365],non,oui
21-72281,2021-05-30,2021-07-05,['38'],Prestation de services d'assurance,joue,directive24,appeloffre,initial,GRENOBLE-ALPES METROPOLE,38031,Grenoble,,['Assurance'],[20],non,non
21-72282,2021-05-30,2021-07-01,['38'],"Construction d'une déchèterie sur le "" site jacquard "" - Zac Flaubert a Grenoble - Marché de maitrise d'oeuvre",joue,directive24,appeloffre,initial,GRENOBLE-ALPES METROPOLE,38031,Grenoble,,"[""Maîtrise d'oeuvre""]",[197],non,non
21-72148,2021-05-30,2021-06-25,['38'],Mission de Maîtrise d'oeuvre pour la restructuration de l'école maternelle Montfleury,joue,directive24,appeloffre,initial,Commune de Corenc,38700,Corenc,,"[""Maîtrise d'oeuvre"", 'Ingénierie']","[197, 455]",non,non
21-71853,2021-05-30,2021-07-07,['40'],réalisation de missions d'ingénierie géotechnique pour le confortement du système d'endiguement dacquois,joue,directive24,appeloffre,initial,Communauté agglomération du Grand Dax,40102,Dax cedex,,['Etude'],[118],non,non
21-71755,2021-05-30,2021-07-09,['40'],mission de maitrise d'oeuvre pour les travaux substantiels de confortement du système d'endiguement dacquois,joue,directive24,appeloffre,initial,Communauté agglomération du Grand Dax,40102,Dax cedex,,"[""Maîtrise d'oeuvre""]",[197],non,non
21-72224,2021-05-30,2021-08-25,['41'],Fourniture de chèques d'accompagnement social personnalisé papier auprès de bénéficiaires rencontrant des difficultés sociales,joue,directive24,attribution,initial,CONSEIL DEPARTEMENTAL DE LOIR-ET-CHER,41020,Blois,"[('2021-04-27', 'Edenred', (1, 'EUR'), ""Lot no1 : Enfance : alimentation (hors alcool), produits d'hygiène et culture""), ('2021-04-27', 'Everest Marketing Group', (1, 'EUR'), 'Lot no2 : Enfance : habillement, chaussures'), ('2021-04-27', 'Edenred', (1, 'EUR'), ""Lot no3 : Mdcs : alimentation (hors alcool), produits d' hygiène""), ('2021-04-27', 'Up', (1, 'EUR'), 'Lot no4 : Mdcs : carburant'), ('2021-04-27', 'Edenred', (1, 'EUR'), 'Lot no5 : Mdcs : habillement, chaussures, linge de toilette')]",['Prestations de services'],[274],non,non
21-72360,2021-05-30,2021-08-25,['41'],Mise en oeuvre de bilans de compétences pour les bénéficiaires du Rsa,joue,directive24,attribution,initial,CONSEIL DEPARTEMENTAL DE LOIR-ET-CHER,41020,Blois,"[('2021-05-07', 'Retravailler Dans L Ouest', (249999, 'EUR'), None)]",['Prestations de services'],[274],non,non
21-72358,2021-05-30,2021-08-25,['41'],Hebergement Des Meres Isolees,joue,directive24,attribution,initial,CONSEIL DEPARTEMENTAL DE LOIR-ET-CHER,41020,Blois,"[('2021-05-10', 'Ibis Budget Blois', (1007283, 'EUR'), None), ('2021-05-10', 'Sarl Cosy', (1340280, 'EUR'), None)]","['Prestations de services', 'Prestation hotelière']","[274, 466]",non,non
21-72338,2021-05-30,2021-06-29,['41'],Entretien des espaces verts de différents sites du Conseil Départemental,joue,directive24,appeloffre,initial,CONSEIL DEPARTEMENTAL DE LOIR-ET-CHER,41020,Blois,,['Espaces verts'],[116],non,non
21-72340,2021-05-30,2021-06-28,['42'],Fourniture de titres cadeaux multi-enseignes à l'attention du personnel de la ville de Saint-étienne et des enfants du personnel de la ville de Saint-étienne âgés de 11 à 17 ans,joue,directive24,appeloffre,initial,Ville de Saint-Etienne,42007,Saint Etienne,,['Chèque cadeau'],[436],non,non
21-70242,2021-05-30,2021-06-29,['44'],Concours de maîtrise d'oeuvre de création d'un parking relais en ouvrage sur le site de la Babinière à la Chapelle-Sur-Erdre,joue,directive25,attribution,initial,SEMITAN mandataire de Nantes Métropole,44046,Nantes Cedex 1,,"['Bâtiment', ""Maîtrise d'oeuvre""]","[33, 197]",non,non
21-71993,2021-05-30,2021-07-19,"['44', '49', '56']",Etude Hydrologie Milieux Usages Climat (HMUC) du SAGE Estuaire de la Loire,joue,directive24,appeloffre,initial,SYNDICAT DE LA LOIRE AVAL,44120,VERTOU,,"['Etude', 'Prestations de services']","[118, 274]",non,non
21-71867,2021-05-30,2021-08-23,['44'],Achat de 5 cars scolaires neufs avec reprise de 5 cars scolaires d'occasion,joue,autre,rectificatif,rectificatif,Cté de Communes de la Région de Blain,44130,Blain,,['Véhicules (acquisition)'],[475],non,non
21-72086,2021-05-30,2021-09-01,['44'],Circuits estivaux de transport collectif sur le territoire de Pornic agglo Pays de Retz - 2 lots (2021-001),joue,directive24,attribution,initial,CA PORNIC AGGLO PAYS DE RETZ,44215,PORNIC,"[('2021-05-17', 'SAS TRANSPORTS BETHUIZEAU', (98337.52, 'EUR'), 'Circuit Pornic / La Bernerie-en-Retz / Les Moutiers-en-Retz / Villeneuve en Retz')]","['Prestations de services', 'Transport']","[274, 347]",non,non
21-71752,2021-05-30,2021-06-28,['44'],"Fourniture de contenants, les prestations de collecte, transport et traitement des DASRI et DIMED produits par plusieurs établissements de l'UGECAM BRPL.",joue,directive24,appeloffre,initial,UGECAM Bretagne - Pays de la Loire,44814,Saint herblain cedex,,['Déchets non ménagers (prestations)'],[404],non,non
21-72167,2021-05-30,2021-07-09,"['53', '44']","Mission d'ordonnancement, pilotage et coordination de chantier relative à la restructuration et à l'extension du bâtiment A0 au lycée douanier rousseau à laval",joue,directive24,appeloffre,initial,Conseil régional des Pays de la Loire,44966,Nantes cedex 1,,['Prestations de services'],[274],non,non
21-72130,2021-05-30,2021-08-25,['45'],Travaux courants de voirie sur l'espace public pour les opérations inférieures à 50 000 euro(s) Ht (5 lots),joue,directive24,attribution,initial,Orléans Métropole,45058,Orléans,"[('2021-05-11', 'Sas Eurovia Centre Loire', (1241778.17, 'EUR'), ""Pôle Territorial d'Orléans (Pt1) et de la Ville d'Orléans (hors Orléans La Source) ainsi que sur les emprises des lignes A et B du Tramway d'Orléans""), ('2021-05-11', 'Sas Eurovia Centre Loire', (370127.03, 'EUR'), ""Pôle Territorial Nord-Ouest (Pt2) et Pôle Territorial Nord (Pt3) et sur les espaces publics des Villes d'Ingré et de Fleury les Aubrais""), ('2021-05-11', ""Colas France - Ets d'Orleans"", (261120.7, 'EUR'), 'Pôle Territorial Nord-Est (Pt4)'), ('2021-05-11', 'Travaux Publics Du Val De Loire', (380210, 'EUR'), 'Pôle Territorial Sud-Ouest (Pt5)'), ('2021-05-11', 'Travaux Publics Du Val De Loire', (224299.5, 'EUR'), ""Pôle Territorial Sud-Est (Pt6), de la Ville d'Orléans (uniquement Orléans La Source) et sur les espaces publics de la Ville de Saint Jean le Blanc"")]",['Voirie'],[365],non,non
21-72134,2021-05-30,2021-08-25,['45'],Travaux afférents à la distribution d'eau potable et de défense incendie supérieurs à 50 000 euro(s) Ht,joue,directive25,attribution,initial,Orléans Métropole,45058,Orléans,"[('2021-05-11', 'Ada Réseaux (2ème attributaire)', (1884090.2, 'EUR'), None), ('2021-05-11', 'Les Travaux Publics du Loiret (4ème attributaire)', (1502182.34, 'EUR'), None), ('2021-05-11', 'Ehtp (mandataire du groupement Ehtp / Veolia Eau) (5ème attributaire)', (1718354.34, 'EUR'), None), ('2021-05-11', 'Eiffage Route Val de Loire (3ème attributaire)', (1811554.17, 'EUR'), None), ('2021-05-11', 'Sogea Nord Ouest Tp (mandataire du groupement Sogea / Eurovia) (1er attributaire)', (1441334.57, 'EUR'), None)]","['Alimentation en eau potable', 'Détection incendie']","[6, 90]",oui,oui
21-72108,2021-05-30,2021-07-13,['45'],Services d'assurances pour l'Agglomération Montargoise Et rives du loing,joue,directive24,appeloffre,initial,COM D AGL MONTARGOISE ET RIVES LOING,45125,Montargis,,['Assurance'],[20],non,non
21-72124,2021-05-30,2021-08-25,['45'],Inspections et suivi sur ouvrages d'art départementaux,joue,directive24,attribution,initial,Département du Loiret,45945,Orléans,"[('2021-05-25', 'Pmm', (281792.5, 'EUR'), 'Inspections des Ouvrages courant'), ('2021-05-25', 'Infraneo Structure Et Rehabilitation', (255520, 'EUR'), 'Inspections des Ouvrages courant'), ('2021-05-25', 'Adiss', (146315, 'EUR'), 'Inspections des Ouvrages non courant'), ('2021-05-27', ""Satif ouvrages d'art"", (152118, 'EUR'), 'Inspections subaquatique'), ('2021-05-25', 'Adiss', (299177.5, 'EUR'), 'Investigations sur ouvrages')]","['Etude', 'Ingénierie']","[118, 455]",non,non
21-72036,2021-05-30,2021-06-28,['48'],Scenographie Du Musee Du Gevaudan,joue,directive24,appeloffre,initial,COMMUNE DE MENDE,48000,Mende,,"[""Tous corps d'état""]",[345],non,non
21-72059,2021-05-30,2021-08-25,['49'],Prestations de nettoyage et d'entretien des locaux et de la vitrerie des bâtiments de la Ccvha et des communes du Lion d'Angers et Sceaux d'Anjou,joue,directive24,attribution,initial,ComCom des Vallées du Haut-Anjou,49220,Le Lion d'Angers,"[('2021-05-18', 'Arcade', (80422, 'EUR'), 'Nettoyage et entretien des locaux et de la vitrerie'), ('2021-05-18', 'Aides', (99024, 'EUR'), 'Nettoyage & entretien des locaux - Lot réservé')]","['Nettoyage de locaux', 'Vitrerie']","[239, 363]",oui,oui
21-71689,2021-05-30,2021-07-05,['51'],2021-35CA CONCOURS RESTREINT DE MAITRISE D'OEUVRE POUR LA CONCEPTION ET LA REALISATION D'UN GROUPE SCOLAIRE AU MESNIL-SUR-OGER.,joue,directive24,appeloffre,initial,CA EPERNAY COTEAUX ET PLAINE CHAMPAGNE,51200,Epernay,,"[""Maîtrise d'oeuvre""]",[197],non,oui
21-71965,2021-05-30,2021-06-05,['51'],Attribution de la représentation officielle du Comité Champagne en Allemagne et en Autriche,joue,directive24,attribution,initial,Comité Interpro. du Vin de Champagne,51204,Epernay,"[('2021-04-29', 'PANAMA PR', (148500, 'EUR'), 'Représentation officielle du Comité Champagne en Allemagne et en Autriche')]","['Publicité, Communication']",[285],non,non
21-71921,2021-05-30,2021-07-29,['51'],CONCOURS DE MAÎTRISE D'OEUVRE POUR L'EXTENSION DE L'ÉCOLE ET LA CONSTRUCTION D'UNE CANTINE ET D'UNE GARDERIE PÉRISCOLAIRE SUR LA COMMUNE DE VAL DE VESLE,joue,directive24,attribution,initial,COMMUNAUTE URBAINE DU GRAND REIMS,51722,Reims cedex,,['Prestations de services'],[274],non,non
21-72093,2021-05-30,2021-07-30,['51'],Fourniture d'éléments de pavoisement,joue,directive24,attribution,initial,COMMUNAUTE URBAINE DU GRAND REIMS,51722,Reims cedex,"[('2021-05-27', 'MANUFETES', (140000, 'EUR'), ""Fourniture d'éléments de pavoisement"")]",['Signalétique'],[333],non,non
21-71886,2021-05-30,2021-07-28,['51'],Mise à disposition de distributeurs automatiques et location de fontaines à eau,joue,directive24,attribution,initial,COMMUNAUTE URBAINE DU GRAND REIMS,51722,Reims cedex,"[('2021-05-26', 'MAXICOFFEE NORD', (47945.12, 'EUR'), 'Distributeurs automatiques'), ('2021-05-26', 'MAXICOFFEE NORD', (20000, 'EUR'), 'Fontaines à eau')]",['Location (matériels)'],[185],non,non
21-71773,2021-05-30,2021-07-31,['52'],GROUPEMENT DE COMMANDES - LOCATION ET ENTRETIEN D'UN PARC DE PHOTOCOPIEURS,joue,directive24,attribution,initial,COM DE COM DU GRAND LANGRES,52206,Langres cedex,"[('2021-05-25', 'AR TECHNOLOGIE', (250000, 'EUR'), ""GROUPEMENT DE COMMANDES - LOCATION ET ENTRETIEN D'UN PARC DE PHOTOCOPIEURS"")]","['Prestations de services', 'Reprographie']","[274, 305]",non,non
21-72063,2021-05-30,2021-06-27,['53'],Fourniture de divers véhicules en Location avec Option d'Achat et en Location Longue Durée pour les établissements du GHT53,joue,directive24,attribution,initial,Centre Hospitalier de Laval (53),53015,Laval Cedex,,['Véhicules (location)'],[474],non,non
21-71432,2021-05-30,2021-08-01,['54'],"Maîtrise d'oeuvre pour l'extension, la restructuration et la rénovation du groupe scolaire du Placieux",joue,directive24,attribution,initial,Ville de Nancy,54035,NANCY,,"[""Maîtrise d'oeuvre""]",[197],oui,non
21-71876,2021-05-30,2021-06-29,['54'],Services de transport routier urbain de voyageurs et services de transports périscolaires-.,joue,directive24,appeloffre,initial,COM DE COMMUNES MOSELLE ET MADON,54230,NEUVES MAISONS,,['Transport'],[347],non,non
21-71834,2021-05-30,2021-06-14,"['54', '55']",21-20 Marché pour l'exploitation du service public de production et vente d'eau en gros de la Communauté d'Agglomération de Longwy-.,joue,directive24,appeloffre,initial,CA DE LONGWY,54414,LONGWY CEDEX,,['Maintenance'],[196],non,non
21-72302,2021-05-30,2021-06-25,['55'],"Fourniture et livraison de repas au profit d'établissements scolaires, structures Petite Enfance et centres aérés de la Communauté de Communes des Portes de Meuse",joue,directive24,appeloffre,initial,CC des Portes De Meuse,55290,MONTIERS-SUR-SAULX,,"['Repas, traiteur']",[304],non,non
21-71696,2021-05-30,2021-07-10,"['56', '29']",DELEGATION DU SERVICE PUBLIC DE COLLECTE ET DE TRAITEMENT DES EAUX USEES SUR LE TERRITOIRE DE BELLE ILE EN MER,joue,directive23,appeloffre,initial,COM DE COMMUNES DE BELLE ILE EN MER,56360,Le palais,,['Délégation de service public'],[406],oui,oui
21-72003,2021-05-30,2021-06-28,['57'],2021-Sa0103_ Fourniture et livraison d'une solution de paiement pour les bénéficiaires de prestations du plan Moselle Espoir (type chèques d'accompagnement personnalisé (Cap),joue,directive24,appeloffre,initial,DEPARTEMENT DE LA MOSELLE,57036,Metz,,"['Prestations de services', 'Chèque cadeau']","[274, 436]",non,oui
21-72350,2021-05-30,2021-06-28,['57'],2021-Sa0088 - Drm - Sder - Location d'élévateurs ou de nacelles positives,joue,directive24,appeloffre,initial,DEPARTEMENT DE LA MOSELLE,57036,Metz,,['Location (matériels)'],[185],non,non
21-17721,2021-05-30,2021-06-14,['57'],Pilotage et exploitation de l'instance Skolengo de Mon Bureau Numérique pour les Établissements d'enseignement de la Région Grand Est et des départements situés sur le territoire régional,joue,directive24,intentionconclure,initial,REGION GRAND EST,57036,METZ Cedex 1,"[('2021-05-26', 'KOSMOS', (1500932, 'EUR'), 'Pilotage et exploitation de l\x92instance Skolengo\x99 de Mon Bureau Numérique pour les Établissements d\x92enseignement de la Région Grand Est et des départements situés sur le territoire régional')]",['Informatique (prestations de services)'],[163],non,non
21-24506,2021-05-30,2021-07-08,"['57', '51', '67']","fourniture d'équipements informatiques pour les établissements d'enseignement de la région grand est, la collectivité européenne d'alsace, le département de la meuse et les services de la région",joue,directive24,appeloffre,initial,REGION GRAND EST,57036,METZ Cedex 1,,['Informatique (matériel)'],[162],non,oui
21-72346,2021-05-30,2021-07-01,['57'],Mission de suivi et animation du plan de prévention des risques technologiques (Pprt) Ineos,joue,directive24,appeloffre,initial,CA SARREGUEMINES CONFLUENCES,57208,Sarreguemines Cedex,,['Prestations de services'],[274],non,non
21-72158,2021-05-30,2021-07-01,['57'],FOURNITURE DE DENREES ALIMENTAIRES POUR LA RESTAURATION COLLECTIVE 2021-2025 à F57330 HETTANGE-GRANDE,joue,directive24,appeloffre,initial,Ville de Hettange-Grande,57330,HETTANGE-GRANDE,,['Denrées alimentaires'],[88],non,non
21-72257,2021-05-30,2021-07-01,['58'],ACCORD -CADRE MULTI-ATTRIBUTAIRE DE FOURNITURE DE CARBURANTS EN VRAC POUR LE REMPLISSAGE DES CUVES DE LA STATION A BRINON SUR BEUVRON.,joue,directive24,appeloffre,initial,CC TANNAY BRINON CORBIGNY,58800,CORBIGNY,,['Combustible'],[438],non,non
21-72245,2021-05-30,2021-07-30,['59'],Acquisition de véhicules de secours et d'assistance aux victimes (VSAV),joue,directive24,attribution,initial,SDIS 59,59028,Lille cedex,"[('2021-05-26', 'GIFA COLLET', (9373200, 'EUR'), ""Acquisition de véhicules de secours et d'assistance aux victimes (VSAV)"")]",['Véhicules (acquisition)'],[475],non,non
21-72100,2021-05-30,2021-06-30,['59'],"Conception graphique, gravure et impression du magazine",joue,directive24,appeloffre,initial,METROPOLE EUROPEENNE DE LILLE,59040,Lille,,['Prestations de services'],[274],non,oui
21-72159,2021-05-30,2021-07-28,['59'],Missions de maîtrise d'oeuvre lors des opérations de remplacement de l'ouvrage d'art no6313 - RD 11 au PR 11 + 0343 sur le territoire de la commune de Looberghe pour le Département du N,joue,directive24,attribution,initial,DEPARTEMENT DU NORD,59047,Lille,,"[""Maîtrise d'oeuvre""]",[197],oui,non
21-72205,2021-05-30,2021-07-28,['59'],Services de location avec conducteur d'un atelier pour la réalisation du Point A Temps Automatique (P.A.T.A.) sur le domaine départemental,joue,directive24,attribution,initial,DEPARTEMENT DU NORD,59047,Lille,,"['Location (matériels)', 'Véhicules (location)']","[185, 474]",non,non
21-64478,2021-05-30,2021-08-27,"['59', '62']",accord cadre de transport d'enfants et d'adolescents en autocar,joue,directive24,attribution,initial,Cté de Communes de Flandre Intérieure,59190,Hazebrouck,,['Transport'],[347],non,non
21-71870,2021-05-30,2021-07-28,['59'],impression et livraison de documents de communication,joue,directive24,attribution,initial,SMT du Douaisis,59287,guesnain,,"['Impression', 'Imprimés', 'Livres', 'Publicité, Communication', 'Stand', 'Bâche']","[160, 161, 184, 285, 325, 435]",non,non
21-72107,2021-05-30,2021-07-28,['59'],conception et réalisation de documents de communication pour le smtd,joue,directive24,attribution,initial,SMT du Douaisis,59287,guesnain,"[('2021-05-28', 'audace', (10780, 'EUR'), 'Conception et réalisation de documents de communication pour le smtd'), ('2021-05-28', 'Lbda communication', (14095, 'EUR'), 'Conception et réalisation de documents de communication pour le SMTD')]","['Publicité, Communication']",[285],non,non
21-72161,2021-05-30,2021-06-28,['59'],Requalification de la trémie et mise en lumière des boulevards Saly et Beauneveu,joue,directive24,appeloffre,initial,Cté d'Agglo Valenciennes Métropole,59300,VALENCIENNES,,"['Bois', 'Eclairage public', 'Métallerie', 'Signalétique']","[38, 102, 223, 333]",non,oui
21-29893,2021-05-30,2021-06-28,['59'],"MOE - études paysageres et urbaines pour la requalification des avenues verdun a valenciennes, barbusse a marly, de la rue carpentier et de la place de l'hôtel de ville gabriel peri a marly",joue,directive24,appeloffre,initial,Cté d'Agglo Valenciennes Métropole,59300,VALENCIENNES,,"['Etude', ""Maîtrise d'oeuvre""]","[118, 197]",non,non
21-72176,2021-05-30,2021-06-28,['59'],Construction d'un centre d'exploitation - Commune de Beauvois en Cambrésis,joue,directive25,attribution,initial,SIDEN-SIAN NOREADE EAU,59443,Wasquehal cedex,,"['Bâtiment', 'Carrelage', 'Chauffage (travaux)', 'Couverture', 'Décoration (travaux)', 'Gros oeuvre', 'Mobilier', 'Prestations de services', 'Serrurerie']","[33, 53, 61, 74, 85, 144, 230, 274, 321]",non,non
21-72085,2021-05-30,2021-06-30,['59'],Maintenance des installations de désenfumage des établissements du G.H.T Psychiatrie Nord Pas - de - Calais,joue,directive24,appeloffre,initial,EPSM Lille Métropole,59487,Armentières,,"['Maintenance', 'Sécurité incendie']","[196, 332]",non,non
21-71854,2021-05-30,2021-07-02,['59'],Mission de maitrise d'ouvre - projet de reconstruction de l'EHPAD Pays de Mormal - 46 lits,joue,directive24,appeloffre,initial,EHPAD Pays de Mormal,59550,LANDRECIES,,"[""Maîtrise d'oeuvre""]",[197],oui,oui
21-70423,2021-05-30,2021-06-30,['60'],entretien sur les réseaux et ouvrages d'eclairage public,joue,directive24,appeloffre,initial,Ville de Compiègne,60321,Compiegne,,"['Eclairage public', 'Maintenance']","[102, 196]",oui,non
21-71733,2021-05-30,2021-07-02,['61'],Accord-cadre à bons de commande - Travaux de voirie et d'aménagements extérieurs dans divers sites du Conseil départemental de l'Orne.,joue,directive24,appeloffre,initial,Conseil départemental de l'Orne,61017,Alençon Cedex,,['Voirie'],[365],non,non
21-72045,2021-05-30,2021-07-05,['61'],"fourniture de denrees alimentaires et boissons, fruits et legumes frais, produits d'hygiene et d'entretien pour l'epicerie sociale",joue,directive24,appeloffre,initial,CCAS de FLERS,61100,Flers,,"['Denrées alimentaires', 'Hygiène (articles)']","[88, 153]",non,non
21-71796,2021-05-30,2021-06-29,['61'],"Transfert, tri, transport et traitement des encombrants issus des déchèteries",joue,directive24,appeloffre,initial,Sirtom de la Région Flers-Condé,61440,Messei,,"['Ordures ménagères (prestations)', 'Transport']","[249, 347]",non,non
21-72040,2021-05-30,2021-06-28,['62'],aoo-lbgf-21c0004 - location et installation de bâtiments modulaires pour le département du pas-de-calais,joue,directive24,appeloffre,initial,Conseil départemental du Pas-de-Calais,62018,Arras cedex 9,,['Bâtiments modulaires'],[27],non,non
21-72482,2021-05-30,2021-06-28,['62'],Création d'une déchèterie à AVESNES-LE-COMTE,fns,cmp2006,appeloffre,initial,Synd Mixte Artois Valorisation,62217,Tilloy-les-mofflaines,,"['Electricité (travaux)', 'Génie civil', 'Voirie et réseaux divers']","[105, 141, 366]",non,non
21-71771,2021-05-30,2021-07-28,['62'],Acquisition de fournitures et matériaux pour travaux en régie,joue,directive24,attribution,initial,Ville de lens,62300,Lens,,"['Acier', 'Gaz divers', 'Gros oeuvre', 'Matériaux de construction', 'Matériel électronique', 'Peinture (fourniture)', ""Produits d'entretien"", 'Quincaillerie (articles)', 'Matériel robinetterie']","[3, 139, 144, 198, 204, 263, 278, 291, 311]",non,non
21-57803,2021-05-30,2021-07-28,"['62', '59']","marche d'entretien, de reparations et travaux d'amenagements du patrimoine bati relance du lot 8 menuiseries bois et pvc",joue,directive24,attribution,initial,CommunAupole de Lens-Liévin,62302,Lens,,['Menuiserie'],[222],non,oui
21-71782,2021-05-30,2021-07-28,"['62', '59']","marché maintenance, entretien et réparation climatisations ventilations et de centrale de traitement d'air de la call",joue,directive24,attribution,initial,CommunAupole de Lens-Liévin,62302,Lens Cedex,"[('2021-04-20', 'SPIE FACILITIES', (400000.0, 'EUR'), ""Accord-cadre à bons de commande pour la maintenance, l'entretien et la réparation des climatisations, ventilations et centrale de traitement d'air"")]",['Climatisation'],[62],non,non
21-71883,2021-05-30,2021-06-28,['62'],Acquisition et location des illuminations de fin d'année,joue,directive24,appeloffre,initial,Mairie de Béthune,62407,Bethune,,['Illumination'],[170],non,non
21-72324,2021-05-30,2021-07-02,['63'],"Acquisition De Vehicules D'Occasion'Au niveau fiscal, un véhicule est considéré comme d'occasion dès qu'il est âgé de plus de six mois à la date de livraison et a parcouru p",joue,directive24,appeloffre,initial,S.D.I.S du Puy-de-Dôme,63008,Clermont Ferrand,,['Véhicules (acquisition)'],[475],non,non
21-71899,2021-05-30,2021-07-27,['63'],"acquisition, installation et mise en service d'une solution de génotypage par séquençage (gbs thermo agriseq)",joue,directive24,attribution,initial,INRAE Centre Clermont Auvergne Rhone A,63122,SAINT-GENES-CHAMPANELLE,"[('2021-05-27', 'LIFE TECHNOLOGIES', (183952.91, 'EUR'), ""Acquisition, installation et mise en service d'une solution de génotypage par séquençage (GBS THERMO AGRISEQ)"")]",['Equipements spécialisés'],[115],non,non
21-72285,2021-05-30,2021-06-30,['63'],Fourniture De Carburant Et De Fuel Domestique,joue,directive24,appeloffre,initial,SYND MIXTE COLLECTE TRAITEMENT RESIDUS,63200,Riom,,"['Carburant, hydrocarbure']",[52],non,oui
21-72116,2021-05-30,2021-06-30,['63'],Accord-Cadre Pour La Fourniture De Matériels Informatiques,joue,directive24,appeloffre,initial,SYND MIXTE COLLECTE TRAITEMENT RESIDUS,63200,Riom,,['Informatique (matériel)'],[162],non,oui
21-72371,2021-05-30,2021-06-28,['64'],Distribution de documents,joue,directive24,appeloffre,initial,CA PAU BEARN PYRENEES,64000,Pau Cedex,,['Prestations de services'],[274],non,non
21-71750,2021-05-30,2021-07-31,['64'],maintenance et contrôles de dispositifs médicaux - 21 lots,joue,directive24,appeloffre,initial,Centre hospitalier de la côte basque,64109,Bayonne cedex,,['Maintenance'],[196],non,non
21-72369,2021-05-30,2021-06-30,['64'],Création d'une identité visuelle sur les bonnes pratiques en montagne basque et fabrication de panneaux relais d'information service (Ris),joue,directive24,appeloffre,initial,CA DU PAYS BASQUE,64185,Bayonne Cedex,,['Panneaux'],[261],non,oui
21-72046,2021-05-30,2021-06-28,['65'],Prestations De Maintenance Des Automatismes Du Centre Horticole Et Des Haras De La Ville De Tarbes,joue,directive24,appeloffre,initial,VILLE DE TARBES,65000,Tarbes,,"['Automatisation', 'Maintenance']","[14, 196]",non,non
21-72262,2021-05-30,2021-06-30,['65'],"Services de transports scolaires - Transports scolaires par autocar pour les établissements de Tarbes, secteur Pontacq/Ossun.",joue,directive24,appeloffre,initial,COM D AGGL TARBES LOURDES PYRENEES,65013,Tarbes cedex 9,,['Transport'],[347],non,non
21-71960,2021-05-30,2021-07-02,['66'],"Acquisition d'armement, de munitions et maintenance des armes de la Police Municipale de la Ville de Perpignan",joue,directive24,appeloffre,initial,COMMUNE DE PERPIGNAN,66931,Perpignan Cedex,,['Armement'],[12],non,non
21-71154,2021-05-30,2021-06-28,['67'],creation d'un pole dedie a l'innovation et a l'accompagnement de start'up,joue,directive24,appeloffre,initial,S.E.R.S.,67004,Strasbourg,,"['Ascenseur', 'Bâtiment', 'Carrelage', 'Charpente', 'Chauffage (travaux)', 'Couverture', 'Démolition', 'Echafaudage', 'Electricité (travaux)', 'Etanchéité', 'Extincteur', 'Matériaux de construction', 'Menuiserie', 'Peinture (travaux)', 'Plâtrerie', 'Ravalement', 'Revêtements de sols', 'Sanitaire', 'Signalétique', 'Ventilation', 'Zinguerie']","[17, 33, 53, 57, 61, 74, 87, 101, 105, 117, 119, 198, 222, 264, 269, 299, 308, 319, 333, 360, 372]",non,non
21-71850,2021-05-30,2021-07-13,['67'],Acquisition détiquettes RFID et fournitures associées  Médiathèques,joue,directive24,appeloffre,initial,Eurométropole de Strasbourg,67076,STRASBOURG CEDEX,,['Logiciel'],[186],non,non
21-72065,2021-05-30,2021-06-29,['67'],"Mission de maîtrise duvre dans le cadre des travaux de rénovation énergétique, de mise aux normes, et création dune nouvelle salle de sport au gymnase du conseil des XV à Strasbourg.",joue,directive24,appeloffre,initial,Ville de Strasbourg,67076,STRASBOURG CEDEX,,"[""Maîtrise d'oeuvre""]",[197],non,non
21-72038,2021-05-30,2021-06-29,['67'],"Location avec maintenance corrective de fontaines à eau de type réseau sur le patrimoine de lEurométropole, de la Ville de Strasbourg et de la Fondation de lOeuvre Notre Dame.",joue,directive24,appeloffre,initial,VILLE DE STRASBOURG,67076,STRASBOURG CEDEX,,"['Alimentation en eau potable', 'Location (matériels)', 'Maintenance', 'Fontaine']","[6, 185, 196, 449]",non,non
21-71756,2021-05-30,2021-07-06,['67'],Abattages et démontages darbres,joue,directive24,appeloffre,initial,Eurométropole de Strasbourg,67076,STRASBOURG CEDEX,,"['Prestations de services', 'Travaux forestiers']","[274, 350]",non,non
21-72372,2021-05-30,2021-07-12,['69'],Fourniture et pose de câblages banalisés multimédia et prestations associées,joue,directive24,appeloffre,initial,Ville de Lyon,69205,Lyon cedex 01,,['Câblage'],[47],non,oui
21-72111,2021-05-30,2021-07-02,['69'],Travaux de création et entretien durables des espaces paysagers,joue,directive24,appeloffre,initial,Ville de Lyon,69205,Lyon cedex 01,,['Espaces verts'],[116],non,oui
21-72283,2021-05-30,2021-06-30,['69'],Analyses environnementales,joue,directive24,appeloffre,initial,Ville de Lyon,69205,Lyon cedex 01,,['Prestations de services'],[274],non,oui
21-72146,2021-05-30,2021-06-28,"['69', '1']",Accord-cadre d'achat de petits travaux du Bâtiment au profit des adhérents de la centrale d'achat régionale- Corps d'Etat: Electricité,joue,directive24,appeloffre,initial,REGION AUVERGNE RHONE ALPES,69269,Lyon cedex 02,,"[""Tous corps d'état""]",[345],non,non
21-71806,2021-05-30,2021-06-28,['69'],Fourniture et livraison de repas en liaison froide pour la Ville de Jonage,joue,directive24,appeloffre,initial,COMMUNE DE JONAGE,69330,Jonage,,"['Repas, traiteur']",[304],non,non
21-71984,2021-05-30,2021-07-16,"['69', '1', '38', '42']","Prestations de services d'infogérance sur site pour le support, l'administration et l'expertise technique sur le système d'information du SDMIS",joue,directive24,appeloffre,initial,SCE DEP METROPOLITAIN INCENDIE SECOURS,69421,LYON Cedex 03,,['Prestations de services'],[274],non,non
21-71882,2021-05-30,2021-07-12,['69'],Prestations relatives au chantier des collections - réserves du Musée et sites gallo-romains de Saint-Romain-en-Gal,joue,directive24,appeloffre,initial,DEPARTEMENT DU RHONE,69483,Lyon,,['Prestations de services'],[274],non,non
21-72206,2021-05-30,2021-06-28,['69'],Fourniture et acheminement d'électricité et services associés pour les besoins des installations et bâtiments des adhérents de la centrale d'achat de la Métropole de Lyon,joue,directive24,appeloffre,initial,METROPOLE DE LYON,69505,Lyon,,"['Electricité, gaz (fourniture)']",[443],oui,oui
21-72132,2021-05-30,2021-06-22,['69'],Accompagnement renforcé des copropriétés de la métropole de Lyon pour la rénovation énergétique. dispositif Ecorenov. (rectificatif),joue,autre,rectificatif,rectificatif,METROPOLE DE LYON,69505,LYON CEDEX 03,,"[""Assistance à maîtrise d'ouvrage""]",[433],non,oui
21-72319,2021-05-30,2021-07-02,['69'],"Prestations d'assurances pour la Métropole de Lyon (souscription de contrat, gestion des polices et des sinistres, et ou prévention des risques) - 10 lots",joue,directive24,appeloffre,initial,METROPOLE DE LYON,69505,Lyon,,"['Assurance', 'Prestations de services']","[20, 274]",non,non
21-72051,2021-05-30,2021-08-25,['69'],"Enlèvement, transport et valorisation des cendres d'incinération de boues d'épuration urbaines sur le site de la Station d'épuration de Pierre Bénite",joue,directive25,attribution,initial,Métropole de Lyon,69505,Lyon,"[('2021-05-20', 'Suez', (3000000, 'EUR'), None)]","['Assainissement', ""Station d'épuration (travaux)"", 'Transport', 'Déchets non ménagers (prestations)']","[18, 328, 347, 404]",non,oui
21-71957,2021-05-30,2021-06-28,['69'],"Fourniture d'une plateforme de facturation et de dématérialisation des échanges et d'un service de télégestion, télétransmission, de saisie déclarative et prestations associées",joue,directive24,appeloffre,initial,METROPOLE DE LYON,69505,Lyon,,['Informatique (prestations de services)'],[163],non,non
21-71954,2021-05-30,2021-06-25,['69'],Fourniture de produits chimiques à usage industriel pour les services techniques de la Direction eau et déchets de la Métropole de Lyon - 6 lots,joue,directive24,appeloffre,initial,Métropole de Lyon,69505,Lyon,,"['Assainissement', ""Station d'épuration (travaux)"", ""Station d'épuration (exploitation)""]","[18, 328, 335]",non,oui
21-71703,2021-05-30,2021-06-30,['71'],Prestation de nettoyage de locaux et de la vitrerie des différents sites de la Caisse Primaire d'Assurance Maladie de Saône-et-Loire,joue,directive24,appeloffre,initial,CPAM MACON,71022,Macon,,['Nettoyage de locaux'],[239],non,non
21-72361,2021-05-30,2021-06-29,['71'],Réseau d'initiative publique - RIP71 - Fourniture et livraison d'armoires optiques équipées et de matériels optiques,joue,directive24,appeloffre,initial,Conseil Général de Saône-et-Loire,71026,Mâcon cedex 9,,['Fibre optique'],[133],non,non
21-72301,2021-05-30,2021-06-21,['71'],Acquisition et maintenance de photocopieurs pour les services et les collèges du Département,joue,directive24,appeloffre,initial,Conseil Général de Saône-et-Loire,71026,Mâcon Cedex 9,,"[""Matériel d'imprimerie""]",[211],non,non
21-72001,2021-05-30,2021-07-02,"['73', '74', '38']","Maintenances et prestations d'infrastructures réseau, téléphonie et sécurité (logiciels, prestations, assistances, maintenances) pour les services du Conseil départemental et les c",joue,directive24,appeloffre,initial,DEPARTEMENT DE LA SAVOIE,73018,Chambery,,['Informatique (maintenance serveurs et réseaux)'],[454],non,oui
21-72209,2021-05-30,2021-07-05,['73'],"Consultation pour la délivrance des agréments pour les prestations de dépannage, remorquage et évacuation des véhicules légers dont le poids est inférieur ou égal à 3,5 T Ptac",joue,directive24,appeloffre,initial,SOC FRANCAISE TUNNEL ROUTIER DE FREJUS,73500,Modane,,['Prestations de services'],[274],non,non
21-72087,2021-05-30,2021-06-27,['73'],FOURNITURE DE DENREES ALIMENTAIRES ET ASSISTANCE TECHNIQUE A DESTINATION DES STRUCTURES ET DES SERVICES DU CIAS,joue,directive24,attribution,initial,CIAS du Canton de Moutiers,73600,Salins les Thermes,"[('2021-05-17', 'SA API RESTAURATION', (1940471, 'EUR'), 'FOURNITURE DE DENREES ALIMENTAIRES ET ASSISTANCE TECHNIQUE A DESTINATION DES STRUCTURES ET DES SERVICES DU CIAS')]","['Restauration collective', 'Denrées alimentaires']","[66, 88]",non,non
21-71959,2021-05-30,2021-06-28,['74'],"Service régulier de transport public routier pour assurer à titre principal à l'intention des élèves, la desserte d'établissements d'enseignement",joue,directive24,appeloffre,initial,GRAND ANNECY,74007,Annecy,,['Transport'],[347],non,non
21-72368,2021-05-30,2021-06-30,['74'],Maîtrise d'oeuvre pour la sécurisation de la Rd 22 contre les chutes de blocs rocheux - Commune de Vinzier,joue,directive24,appeloffre,initial,Département de la Haute-Savoie,74041,Annecy,,['Ingénierie'],[455],non,non
21-72098,2021-05-30,2021-07-06,"['75', '78', '91', '92', '93', '94', '95']",CONCESSION RELATIVE A LA GESTION DU SERVICE PUBLIC D'EAU POTABLE,joue,directive23,appeloffre,initial,Syndicat des Eaux d'Ile-de-France,75006,Paris,,['Alimentation en eau potable'],[6],non,non
21-71903,2021-05-30,2021-07-28,"['75', '94']",Externalisation de la gestion des animaleries de l'IDV,joue,directive24,attribution,initial,Sorbonne Université,75006,Paris,,['Sanitaire'],[319],non,oui
21-72140,2021-05-30,2021-07-28,['75'],Conseil et accompagnement de CMA France et de son Président pour ses relations presse,joue,directive24,attribution,initial,CMA France,75008,Paris,"[('2021-05-10', 'The Arcane', (160000, 'EUR'), None)]","['Prestations de services', 'Publicité, Communication']","[274, 285]",non,non
21-72114,2021-05-30,2021-06-15,['75'],Fabrication du graphisme pour l'exposition 'Banquet',joue,directive24,appeloffre,initial,EPPDCSI,75008,Paris,,['Prestations de services'],[274],non,non
21-72304,2021-05-30,2021-07-13,['75'],Fourniture et mise en oeuvre d'une solution logicielle d'informatique décisionnelle pour le pilotage médico-économique,joue,directive24,appeloffre,initial,GIP RESAH,75011,Paris,,['Logiciel'],[186],non,non
21-72256,2021-05-30,2021-06-14,"['75', '78']",Maintenance d'un parc de compresseurs à palettes du site Seine aval,joue,autre,rectificatif,rectificatif,SIAAP,75012,Paris,,"['Equipement industriel', 'Maintenance']","[112, 196]",non,non
21-72115,2021-05-30,2021-07-05,['75'],Gestion et exploitation de visites évènementielles de type immersive game dans le Palais Garnier,joue,directive23,appeloffre,initial,Opera national de Paris,75012,Paris,,['Prestations de services'],[274],non,non
21-71988,2021-05-30,2021-07-28,['75'],Appui à la mise en oeuvre du programme ' e-formation ' des actions de formations du réseau des chambres de métiers et de l'artisanat.,joue,directive24,attribution,initial,CMA France,75013,PARIS,"[('2021-05-06', 'LearningSalad', (456000, 'EUR'), None)]",['Formation'],[410],non,non
21-71936,2021-05-30,2021-06-15,['75'],"Réalisation d'enquêtes de stationnement, de circulation et d'opinions sur les conditions de déplacement à Paris en trois lots séparés",joue,autre,rectificatif,rectificatif,Ville de Paris,75013,Paris,,"['Sondage, enquête']",[471],non,non
21-71970,2021-05-30,2021-08-25,['75'],"Prestations juridiques (conseils, assistance et représentation en justice)",joue,directive24,attribution,initial,ACTION LOGEMENT GROUPE,75013,Paris,"[('2020-02-18', 'Weil, Gotshal, Manges Llp', (1760740, 'EUR'), 'Operations De Developpement Parrestructuration / Croissance Externe (Conseils Juridiques Et Conseils Financiers Induits - i.e. notamment Fiscalite Specifique Afferente'), ('2020-02-18', 'Mcdermott Will & Emery', (1808880, 'EUR'), 'Operations De Developpement Parrestructuration / Croissance Externe (Conseils Juridiques Et Conseils Financiers Induits - i.e. notamment Fiscalite Specifique Afferente'), ('2020-02-18', 'Cabinet Seban & associes', (939980, 'EUR'), 'Operations De Developpement Parrestructuration / Croissance Externe (Conseils Juridiques Et Conseils Financiers Induits - i.e. notamment Fiscalite Specifique Afferente'), ('2020-02-18', 'Cms Francis Lefebrve Avocats', (1233880, 'EUR'), 'Operations De Developpement Parrestructuration / Croissance Externe (Conseils Juridiques Et Conseils Financiers Induits - i.e. notamment Fiscalite Specifique Afferente'), ('2020-02-18', 'Julien Anton Avocats', (36326, 'EUR'), 'Droit Des Associations Et Fondations'), ('2020-02-18', 'Kramer Levin', (195160, 'EUR'), 'Droit Des Associations Et Fondations'), ('2020-02-18', 'Latournerie Wolfrom Avocats', (142890, 'EUR'), 'Droit Des Associations Et Fondations'), ('2020-02-18', ""Ernst & Young Société d'Avocats"", (143200, 'EUR'), 'Droit Des Associations Et Fondations'), ('2020-02-18', 'Reinhart Marville Torre', (358650, 'EUR'), 'Droit Des Societes - Droit Des Affaires'), ('2020-02-18', 'Cabinet Seban & associes', (30890, 'EUR'), 'Droit Des Societes - Droit Des Affaires'), ('2020-02-18', ""Aarpi d'Ornano Querner Dhuin"", (290500, 'EUR'), 'Droit Des Societes - Droit Des Affaires'), ('2020-02-18', 'Cja Conseils Juristes Avocats', (382230, 'EUR'), 'Droit Des Societes - Droit Des Affaires'), ('2020-02-18', 'Hoche Avocats', (224700, 'EUR'), 'Droit Fiscal'), ('2020-02-18', 'Reinhart Marville Torre', (263460, 'EUR'), 'Droit Fiscal'), ('2020-02-18', 'Weil, Gotshal, Manges Llp', (388420, 'EUR'), 'Droit Fiscal'), ('2020-02-18', 'Cms Francis Lefebrve Avocats', (253550, 'EUR'), 'Droit Fiscal'), ('2020-02-18', 'Lacourte Raquin Tatar', (709140, 'EUR'), 'Conformite Reglementaire - Compliance - Gouvernance'), ('2020-02-18', 'Allen & Overy Llp', (761450, 'EUR'), 'Conformite Reglementaire - Compliance - Gouvernance'), ('2020-02-18', 'Gowling Wlg', (445280, 'EUR'), 'Conformite Reglementaire - Compliance - Gouvernance'), ('2020-02-18', 'Cloix & Mendes-Gil', (94000, 'EUR'), 'Droit De La Consommation Gestion Des Relations Avec Les Personnes Physiques & Personnes Morales Et Financement Des Personnes Physiques Et Personnes Morales'), ('2020-02-18', 'Selarl Gb2a', (64180, 'EUR'), 'Droit De La Consommation Gestion Des Relations Avec Les Personnes Physiques & Personnes Morales Et Financement Des Personnes Physiques Et Personnes Morales'), ('2020-02-18', 'Lacourte Raquin Tatar', (322540, 'EUR'), 'Recours Aux Financements Externes'), ('2020-02-18', 'Allen & Overy Llp', (360200, 'EUR'), 'Recours Aux Financements Externes'), ('2020-02-18', 'Gowling Wlg', (198280, 'EUR'), 'Recours Aux Financements Externes'), ('2020-02-18', 'Cms Francis Lefebrve Avocats', (215115, 'EUR'), 'Recours Aux Financements Externes'), ('2020-02-18', 'Fidal', (150520, 'EUR'), ""Droit De L'Immobilier Et De La Construction - Logement Social""), ('2020-02-18', 'Cabinet Seban & associes', (135390, 'EUR'), ""Droit De L'Immobilier Et De La Construction - Logement Social""), ('2020-02-18', ""Aarpi d'Ornano Querner Dhuin"", (128750, 'EUR'), ""Droit De L'Immobilier Et De La Construction - Logement Social""), ('2020-02-18', 'Bignon Lebray', (114720, 'EUR'), ""Droit De L'Immobilier Et De La Construction - Logement Social""), ('2020-02-18', 'Weil, Gotshal, Manges Llp', (159870, 'EUR'), ""Droit Communautaire - Droit De La Concurrence et Aides D'Etat""), ('2020-02-18', 'Thomas Picot Avocat', (81960, 'EUR'), ""Droit Communautaire - Droit De La Concurrence et Aides D'Etat""), ('2020-02-18', 'Mcdermott Will & Emery', (149300, 'EUR'), ""Droit Communautaire - Droit De La Concurrence et Aides D'Etat""), ('2020-02-18', 'Bignon Lebray', (59353, 'EUR'), ""Droit Communautaire - Droit De La Concurrence et Aides D'Etat""), ('2020-02-18', 'Weil, Gotshal, Manges Llp', (181920, 'EUR'), ""Droit Public General, Droit Public Des Affaires, Commande Publique et Droit De L'Urbanisme""), ('2020-02-18', 'Lacourte Raquin Tatar', (117620, 'EUR'), ""Droit Public General, Droit Public Des Affaires, Commande Publique et Droit De L'Urbanisme""), ('2020-02-18', 'Mcdermott Will & Emery', (171470, 'EUR'), ""Droit Public General, Droit Public Des Affaires, Commande Publique et Droit De L'Urbanisme""), ('2020-02-18', 'Bignon Lebray', (69970, 'EUR'), ""Droit Public General, Droit Public Des Affaires, Commande Publique et Droit De L'Urbanisme""), ('2020-02-18', 'Scp Fromont Briens', (146625, 'EUR'), 'Droit Social'), ('2020-02-18', 'Actance', (213740, 'EUR'), 'Droit Social'), ('2020-02-18', 'Selarl Capstan Lms', (257050, 'EUR'), 'Droit Social'), ('2020-02-18', 'Cms Francis Lefebrve Avocats', (215020, 'EUR'), 'Droit Social'), ('2020-02-18', 'Teitgen & Viottolo', (100350, 'EUR'), 'Droit Penal - Droit Penal De La Presse'), ('2020-02-18', 'Margulis Associes', (102400, 'EUR'), 'Droit Penal - Droit Penal De La Presse'), ('2020-02-18', 'Cabinet Seban & associes', (88640, 'EUR'), 'Droit Penal - Droit Penal De La Presse'), ('2020-02-18', ""7bac Cabinet d'avocats"", (32320, 'EUR'), 'Droit Penal - Droit Penal De La Presse'), ('2020-02-18', 'Alain Bensoussan Selas', (74910, 'EUR'), ""Droit De La Propriete Intellectuelle - Droit De L'Informatique et Problematiques Rgpd""), ('2020-02-18', 'Cloix & Mendes-Gil', (83720, 'EUR'), ""Droit De La Propriete Intellectuelle - Droit De L'Informatique et Problematiques Rgpd""), ('2020-02-18', 'Mcdermott Will & Emery', (247470, 'EUR'), ""Droit De La Propriete Intellectuelle - Droit De L'Informatique et Problematiques Rgpd""), ('2020-02-18', 'Gowling Wlg', (121545, 'EUR'), ""Droit De La Propriete Intellectuelle - Droit De L'Informatique et Problematiques Rgpd""), ('2020-02-25', 'Wolters Kluwer France', (62400, 'EUR'), 'Formalites Legales')]","['Prestations de services', 'Assistance juridique']","[274, 434]",non,non
21-72169,2021-05-30,2021-07-08,['75'],Fourniture et livraison de gaz pour les services de la préfecture de police et du SGAMI-IDF hors gaz naturel.,joue,directive24,appeloffre,initial,Préfecture de Police,75015,Paris,,"['Gaz divers', 'Gaz médicaux']","[139, 140]",non,non
21-72095,2021-05-30,2021-06-15,"['75', '93', '92']",hébergement des artistes et intervenants aux programmations chaillot - théâtre national de la danse,joue,directive24,attribution,initial,Théâtre National de Chaillot,75016,PARIS,"[('2021-05-26', 'CITADINES / LM TOUR SERVICE', (510000, 'EUR'), 'ACCORD-CADRE Hébergement des artistes et intervenants aux programmations Chaillot - Théâtre national de la danse')]",['Prestation hotelière'],[466],non,non
21-71700,2021-05-30,2021-06-04,['75'],Prestations de nettoyage et d'hygiène,joue,directive24,attribution,initial,EPCC 104,75019,Paris,"[('2021-05-21', 'NICKEL', (453412, 'EUR'), 'Prestations dans les murs'), ('2021-05-21', 'ATALIAN CLEANING', (60000, 'EUR'), 'Prestations hors les murs')]",['Nettoyage de locaux'],[239],non,non
21-70076,2021-05-30,2021-07-09,['75'],"Maintenance, fourniture et pose des systèmes de vidéosurveillance et anti-intrusion du CHNO des Quinze-Vingts et de la Résidence Saint-Louis",joue,directive24,appeloffre,initial,CHNO des Quinze-Vingts,75571,Paris cedex 12,,['Télésurveillance'],[415],oui,oui
21-72389,2021-05-30,2021-06-25,['75'],Inclusion Sociale - B2,joue,directive24,appeloffre,initial,CNFPT,75578,Paris,,['Formation'],[410],non,non
21-71894,2021-05-30,2021-07-02,['75'],Fourniture de services de téléphonie fixe et mobile,joue,directive24,appeloffre,initial,CNFPT,75578,Paris,,['Télécommunications'],[338],non,non
21-72164,2021-05-30,2021-07-01,['75'],"Prestations d'assistance dans le cadre de la passation de marchés publics de gestion d'actifs pour les fonds dédiées de la CAVAMAC, ainsi que de conseil et d'assistance pour le choix de",joue,directive24,appeloffre,initial,CAVAMAC Caisse d'Allocation Vieillesse,75676,Paris cedex 14,,"['Prestations de services', ""Assistance à maîtrise d'ouvrage""]","[274, 433]",non,non
21-72234,2021-05-30,2021-06-30,"['75', '91', '94']","Accord-cadre gardiennage et surveillance du patrimoine de GPA, EPA ORSA et SPLA-IN",joue,directive24,appeloffre,initial,Grand Paris Aménagement,75945,Paris cedex19,,['Gardiennage'],[138],non,non
21-72278,2021-05-30,2021-06-28,['76'],Marché de maîtrise d'oeuvre pour la rénovation et la réhabilitation de la piscine Eurocéane de Mont-Saint-Aignan,joue,directive24,appeloffre,initial,Commune de Mont Saint Aignan,76130,Mont-Saint-Aignan,,"[""Maîtrise d'oeuvre"", 'Piscine', 'Ingénierie']","[197, 265, 455]",non,non
21-72280,2021-05-30,2021-06-28,['76'],"Fourniture, pose, dépose, raccordement d'équipements routiers dynamiques",joue,directive24,appeloffre,initial,METROPOLE ROUEN NORMANDIE,76176,Rouen,,['Matériaux routiers'],[199],non,oui
21-71982,2021-05-30,2021-08-25,['1'],Groupement de commandes pour la réalisation de prestations de services liées aux activités courrier - Lot no10,joue,directive24,attribution,initial,METROPOLE ROUEN NORMANDIE,76176,Rouen,"[('2021-04-19', 'Esat Les Ateliers Du Cailly', (3878.4, 'EUR'), None)]",['Prestations de services'],[274],non,non
21-71980,2021-05-30,2021-08-25,['76'],Groupement de commandes pour la réalisation de prestations de services liées aux activités courrier - Lot no8,joue,directive24,attribution,initial,METROPOLE ROUEN NORMANDIE,76176,Rouen,"[('2021-04-19', 'Tous Services Industriels', (10976, 'EUR'), None)]",['Prestations de services'],[274],non,non
21-72031,2021-05-30,2021-06-30,['76'],Marché de fourniture de denrées alimentaires pour la cuisine centrale et la cuisine de la résidence J. Lefebvre gérées par le CCAS d'Yvetot.,joue,directive24,appeloffre,initial,CCAS d'Yvetot,76195,Yvetot Cedex,,['Denrées alimentaires'],[88],non,non
21-72223,2021-05-30,2021-08-25,['77'],Nettoyage des locaux communaux,joue,directive24,attribution,initial,COMMUNE VAUX LE PENIL,77000,Vaux-le-Pénil,"[('2021-05-25', 'Groupe Labrenne', (320000, 'EUR'), 'Bâtiments culturels'), ('2021-05-25', 'Teamex', (320000, 'EUR'), 'Bâtiments sportifs et animation'), ('2021-05-25', 'Teamex', (720000, 'EUR'), 'Bâtiments scolaires, périscolaires et Clsh'), ('2021-05-25', 'Derichebourg Proprete', (240000, 'EUR'), 'Centre municipal de santé et Petite Enfance')]",['Nettoyage de locaux'],[239],non,non
21-71780,2021-05-30,2021-06-30,['77'],"Accord-cadre : fourniture, fabrication, transport et mise en oeuvre des matériaux bitumineux à l'émulsion de bitume sur les routes du département de Seine et Marne",joue,directive24,attribution,initial,Conseil général de Seine-et-Marne,77010,Melun cedex,"[('2021-05-27', 'EIFFAGE ROUTE IDF CENTRE / OUEST', (6000000, 'EUR'), 'Marché no2020-SP10 -Lot 1 - ARD de Coulommiers, Meaux/Villenoy et Melun/Vert-Saint-Denis'), ('2021-05-27', 'COLAS FRANCE', (6000000, 'EUR'), 'Marché no2020-SP11 - Lot 2 - ARD de Moret/Veneux et Provins')]",['Voirie'],[365],oui,oui
21-72238,2021-05-30,2021-07-09,['77'],21014 à 21016 Maintenance des espaces verts du territoire de Paris-Vallée de la marne,joue,autre,rectificatif,rectificatif,PARIS VALLEE DE LA MARNE,77207,Marne-la-vallée cedex,,['Espaces verts'],[116],non,non
21-72241,2021-05-30,2021-06-07,['77'],COLLECTE DES ENCOMBRANTS SUR APPEL TELEPHONIQUE,joue,directive24,attribution,initial,SMICTOM de la Région de Fontainebleau,77250,MORET-LOING-ET-ORVANNE,,['Prestations de services'],[274],non,non
21-72110,2021-05-30,2021-06-30,"['77', '91', '93', '94']",Maintenance Et Extension D'Un Dispositif De Videoprotection,joue,directive24,appeloffre,initial,COMMUNE DE ROISSY EN BRIE,77680,Roissy En Brie,,['Télésurveillance'],[415],non,non
21-71947,2021-05-30,2021-06-30,"['78', '75']",FOURNITURE DE SUBSTRATS DE CULTURE,joue,directive24,appeloffre,initial,EPCMDN-Versailles,78008,Versailles cedex,,['Végétaux'],[358],non,non
21-71783,2021-05-30,2021-06-15,['78'],Fourniture de produits lessiviels,joue,directive24,attribution,initial,GCS BIH St GERMAIN,78100,SAINT GERMAIN EN LAYE,"[('2021-05-06', 'ECOLAB SNC DIVISION TEXTILE CARE', (230874.36, 'EUR'), ""Fourniture de produits lessiviels mise en place d'un système de distribution, de dosage et de dépotage des produits, accompagnement et suivi de la prestation"")]",['Produits chimiques'],[275],non,oui
21-71916,2021-05-30,2021-06-30,['78'],Fourniture installation et mise en service d'un train de repassage grand plat d'un robot de mise à l'unité et d'un déméleur de galettes,joue,directive24,attribution,initial,GCS BIH St GERMAIN,78100,SAINT GERMAIN EN LAYE,"[('2021-05-21', 'KANNEGIESSER FRANCE', (754560, 'EUR'), ""Fourniture installation d'un train de repassage grand plat d'un robot de mise à l'unité et d'un démêleur de galettes"")]",['Blanchisserie (matériel)'],[37],non,non
21-72104,2021-05-30,2021-07-30,"['78', '27', '28', '75', '92', '95']",Accord-cadre de maîtrise d'oeuvre urbaine pour la ZAC ECOPOLE,joue,directive24,appeloffre,initial,EPAMSA,78200,Mantes la jolie,,"[""Maîtrise d'oeuvre""]",[197],non,non
21-72191,2021-05-30,2021-06-28,"['78', '75', '95', '92']","Fournitures d'articles de quincaillerie, de plomberie, d'électricité pour la ville de Montesson.",joue,directive24,attribution,initial,Mairie de Montesson,78360,Montesson,"[('2021-04-20', 'REXEL', (180000, 'EUR'), ""Fourniture d'articles d'électricité""), ('2021-04-20', 'SIDER', (180000, 'EUR'), ""Fourniture d'articles de plomberie""), ('2021-05-27', 'LEGALLAIS', (180000, 'EUR'), ""Fourniture d'articles d'électricité"")]","['Matériel électrique', 'Quincaillerie (articles)']","[203, 291]",non,non
21-72315,2021-05-30,2021-06-24,['79'],"Reliure, restauration et désinfection de documents conservés aux Archives Départementales",joue,directive24,appeloffre,initial,Conseil départemental des Deux-Sèvres,79028,Niort Cedex,,['Prestations de services'],[274],non,non
21-72258,2021-05-30,2021-07-15,['80'],"Maintenance préventive, corrective et curative des portes et barrières automatiques des collèges et des bâtiments administratifs du Département de la Somme.",joue,directive24,appeloffre,initial,Conseil Départemental de la Somme,80026,Amiens,,"['Maintenance', 'Prestations de services']","[196, 274]",oui,oui
21-72097,2021-05-30,2021-06-28,['80'],Fourniture et pose d'abris sécurisés pour le stationnement des vélos,joue,directive24,attribution,initial,Amiens Métropole,80027,AMIENS,,['Abris'],[1],non,non
21-71772,2021-05-30,2021-06-28,['80'],Fourniture et acheminement d'électricité et services associés,joue,directive24,appeloffre,initial,Baie de Somme Habitat,80102,Abbeville cedex,,"['Electricité, gaz (fourniture)']",[443],non,non
21-72182,2021-05-30,2021-06-27,['83'],"Mutualisation d'un outil d'alerte et d'aide à la gestion de crise, création ou actualisation du volet inondation de PCS et de PICS",joue,directive24,appeloffre,initial,Syndicat Mixte de l'Argens,83300,Draguignan,,['Rivières/ruisseaux'],[310],non,non
21-72270,2021-05-30,2021-06-27,['83'],Traitement des anses d'érosion à l'aval en rive gauche du seuil des Iscles,joue,directive24,appeloffre,initial,Syndicat Mixte de l'Argens,83300,Draguignan,,"['Rivières/ruisseaux', ""Travaux dans l'eau""]","[310, 349]",non,non
21-72385,2021-05-30,2021-06-29,['83'],Extension du système de vidéo-protection sur la commune de Saint-Raphaël - Phase 3,joue,directive24,appeloffre,initial,Commune de Saint-Raphaël,83700,Saint-Raphaël,,['Télésurveillance'],[415],non,non
21-71795,2021-05-30,2021-07-07,['83'],Fourniture de recycleurs amagnétiques à régulation automatique de pression partielle d'oxygène et prestations associées au profit des plongeurs démineurs de la Marine nationale. (rectificatif),joue,directive81,appeloffre,rectificatif,Marine/DCSSF/DSSF Toulon,83800,Toulon cedex 9,,['Equipements spécialisés'],[115],non,non
21-71958,2021-05-30,2021-07-08,"['84', '13', '4', '83']",Marché de prestations de services d'assurances pour la Communauté Territoriale Sud Luberon,joue,directive24,appeloffre,initial,COMMUNAUTE TERRITORIALE DU SUD LUBERON,84240,La Tour D Aigues,,['Assurance'],[20],non,non
21-71721,2021-05-30,2021-06-28,['84'],"Fourniture d'enrobés à froid, d'émulsion de bitume et de granulats pour point à temps automatique - Agence Routière Départementale de VAISON-LA-ROMAINE",joue,directive24,appeloffre,initial,Département de Vaucluse,84909,Avignon Cedex 9,,['Matériaux routiers'],[199],non,non
21-71997,2021-05-30,2021-06-28,"['87', '86']",AMOA démonstrateur de chaîne innovante de traitement de l'information de santé,joue,directive24,appeloffre,initial,GIP SILPC,87000,Limoges,,"['Informatique (prestations de services)', 'Ingénierie']","[163, 455]",non,non
21-71915,2021-05-30,2021-12-28,"['87', '19', '23']",Contrat de maîtrise d'oeuvre pour la réalisation d'une résidence pour personnes en perte d'autonomie.,joue,directive24,appeloffre,initial,Société d'Equipement du Limousin,87000,Limoges,,"[""Maîtrise d'oeuvre"", 'Prestations de services']","[197, 274]",non,non
21-72190,2021-05-30,2021-07-21,['88'],convention de participation pour des risques de prévoyance,joue,directive24,appeloffre,initial,Conseil Départemental des Vosges,88000,EPINAL,,['Assurance'],[20],non,non
21-71082,2021-05-30,2021-11-28,['88'],marché de maîtrise d'oeuvre pour les travaux de réhabilitation et de mise aux normes d'accessibilité des personnes handicapées au collège joseph julien souhait de saint-dié-des-vosges,joue,directive24,attribution,initial,Conseil Départemental des Vosges,88088,Epinal cedex 09,,"[""Maîtrise d'oeuvre""]",[197],non,non
21-72048,2021-05-30,2021-06-23,['88'],Gestion administrative et technique de l'aire d'accueil des gens du voyage de Raon L'Étape (88110),joue,directive24,attribution,initial,CA DE SAINT DIE DES VOSGES,88100,Saint-Dié-des-Vosges,"[('2021-05-26', 'VAGO', (128865, 'EUR'), ""Gestion administrative et technique de l'aire d'accueil des gens du voyage de Raon L'Étape (88110)"")]","['Assistance technique', 'Maintenance', 'Prestations de services', 'Voyage', ""Aire d'accueil""]","[19, 196, 274, 367, 430]",non,non
21-72004,2021-05-30,2021-06-30,['91'],Marché de maitrise d'oeuvre pour la réalisation de l'école Horizon,joue,directive24,appeloffre,initial,COMMUNE DE EVRY COURCOURONNES,91000,Evry-Courcouronnes,,"[""Maîtrise d'oeuvre""]",[197],non,oui
21-72323,2021-05-30,2021-06-30,['91'],Marché relatif à la maitrise d'oeuvre pour la réalisation d'un pôle enfance au parc des loges,joue,directive24,appeloffre,initial,COMMUNE DE EVRY COURCOURONNES,91000,Evry-Courcouronnes,,"[""Maîtrise d'oeuvre""]",[197],non,oui
21-71836,2021-05-30,2021-07-28,['91'],"PRESTATIONS DE LOCATION ,ENTRETIEN DU LINGE HÔTELIER, DES VÊTEMENTS PROFESSIONNELS, ET PRESTATIONS ASSOCIÉES POUR LE CHSF ET LE CHA",joue,directive24,attribution,initial,Centre Hospitalier Sud Francilien,91106,Corbeil essonnes,"[('2021-05-19', 'ELIS SAS BLANCHISSERIE BLESOISE', (10000000, 'EUR'), 'Prestations de location entretien du linge hôtelier,des vêtements professionnels et prestations associées pour le CHSF et le CHA')]",['Blanchissage'],[36],non,non
21-71815,2021-05-30,2021-08-25,"['92', '91']","Exploitation et maintenance des installations de chauffage, ventilation, Ecs et de traitement d'eau des piscines et bâtiments de Vallée sud-Grand Paris",joue,directive24,attribution,initial,Vallée Sud - Grand Paris,92260,Fontenay-aux-Roses,"[('2021-04-23', 'Engie Cofely', (3468813, 'EUR'), ""Exploitation et maintenance des installations de chauffage, ventilation, Ecs et de traitement d'eau des piscines et bâtiments"")]","['Chauffage (exploitation, entretien)']",[59],non,non
21-71191,2021-05-30,2021-06-15,['92'],fourniture et livraison d'objets promotionnels de conception durable avec marquage personnalisé pour france education international (fei) et ses services.,joue,directive24,attribution,initial,France Éducation international,92310,SEVRES,,['Objet publicitaire'],[464],non,non
21-72396,2021-05-30,2021-06-30,['92'],Marché global de performance - Conception-réalisation exploitation maintenance (CREM) d'une école maternelle de 8 classes et sa restauration dans le secteur Jean Jaurès de Châtillon (92320),joue,directive24,appeloffre,initial,COMMUNE DE CHATILLON,92320,Chatillon,,['Gros oeuvre'],[144],non,oui
21-71818,2021-05-30,2021-08-25,['92'],"Prestations de surveillance et gardiennage des sites, équipements et manifestations évènementielles, culturelles ou sportives",joue,directive24,attribution,initial,Ville de Courbevoie,92401,Courbevoie,"[('2021-05-25', 'Tns Security Services', (294386.4, 'EUR'), 'Surveillance et gardiennage de la Promenade Paul Doumer'), ('2021-05-25', 'Tns Security Services', (404514.4, 'EUR'), 'Surveillance et gardiennage de la Piscine Municipale et des manifestations de la Ville')]",['Gardiennage'],[138],non,non
21-72265,2021-05-30,2021-07-01,"['92', '75']",Réalisation d'essais hydrogéologiques dans le cadre de la construction d'un ensemble immobilier situé 167 avenue Charles de Gaulle à Neuilly-sur-Seine,joue,directive24,appeloffre,initial,Ville de Neuilly-sur-Seine,92522,Neuilly-sur-seine cedex,,['Forage'],[132],non,non
21-71869,2021-05-30,2021-06-30,['92'],Diagnostics règlementaires avant travaux et démolition et avant vente et location,joue,autre,rectificatif,rectificatif,Ville d'Asnières-sur-Seine,92600,Asnières sur seine,,['Illumination'],[170],non,non
21-71930,2021-05-30,2021-07-28,['93'],Prestations d'impression et de livraison d'imprimés de la MSA,joue,directive24,attribution,initial,MSA Caisse Centrale,93013,Bobigny,,['Impression'],[160],non,non
21-71839,2021-05-30,2021-07-28,['93'],"Assistance à Maitrise d'Ouvrage "" Digitalisation de la prévention santé """,joue,directive24,attribution,initial,MSA Caisse Centrale,93013,Bobigny,"[('2021-05-04', 'ERNST&YOUNG ADVISORY', (3000000, 'EUR'), 'Assistance à Maitrise d\'Ouvrage "" Digitalisation de la prévention santé ""')]",['Informatique (prestations de services)'],[163],non,non
21-71798,2021-05-30,2021-07-28,['93'],Prestation de restauration et de cafétéria pour l'immeuble LUMINEM,joue,directive24,attribution,initial,MSA Caisse Centrale,93013,Bobigny,"[('2021-04-15', 'COMPASS Groupe', (4000000, 'EUR'), ""Prestation de restauration et de cafétéria pour l'immeuble LUMINEM"")]",['Restauration collective'],[66],non,non
21-72312,2021-05-30,2021-10-30,['93'],"Fourniture de denrées alimentaires, assistance technique pour la restauration collective municipale de la Ville de Bagnolet.",joue,directive24,appeloffre,initial,Ville de Bagnolet,93171,Bagnolet cedex,,['Denrées alimentaires'],[88],non,non
21-47832,2021-05-30,2021-06-30,['93'],le curage - le dégorgement - l'inspection et le contrôle des réseaux d'assainissement du domaine privé de la commune de sevran ,joue,directive24,appeloffre,initial,Commune de Sevran,93270,Sevran,,['Assainissement'],[18],non,non
21-72249,2021-05-30,2021-08-02,['93'],Marché de fourniture et acheminement d'électricité pour les usages collectifs des bâtiments de la SEMIPFA,joue,directive24,appeloffre,initial,Semipfa,93290,Tremblay-en-France,,"['Electricité, gaz (fourniture)']",[443],non,non
21-71990,2021-05-30,2021-07-08,['93'],21PROX01,joue,directive24,appeloffre,initial,OPH AUBERVILLIERS,93300,Aubervilliers,,['Nettoyage de locaux'],[239],oui,non
21-71706,2021-05-30,2021-07-28,"['93', '77', '78', '91', '94', '95']","Travaux de réalisation de voirie forestière, terrassements et réseaux",joue,directive24,attribution,initial,Agence des Espaces Verts,93500,Pantin,,['Voirie et réseaux divers'],[366],non,oui
21-71705,2021-05-30,2021-07-28,"['78', '95', '93']",Travaux de terrassement et de démolition - Territoire Nord-Ouest,joue,directive24,attribution,initial,Agence des Espaces Verts,93500,Pantin,"[('2021-05-11', 'CAPOCCI', (10000000, 'EUR'), 'Accord-cadre à bons de commande de travaux de terrassement et de démolition - Territoire Nord-Ouest')]",['Terrassement'],[341],non,oui
21-55320,2021-05-30,2021-06-30,['93'],achat de produits alimentaires divers dans le cadre des crédits reac-eu accordés par la commission européenne en réponse à la crise sanitaire liée à la pandémie de covid-19,joue,directive24,attribution,initial,FranceAgriMer,93555,Montreuil cedex,"[('2021-05-07', 'JYCO', (4739336.49, 'EUR'), 'Thon entier au naturel (listao)'), ('2021-05-07', 'JYCO', (3477269.21, 'EUR'), 'Thon entier au naturel (listao)'), ('2021-05-07', 'JYCO', (3947099.81, 'EUR'), 'Thon entier au naturel (listao)')]",['Denrées alimentaires'],[88],non,non
21-71778,2021-05-30,2021-07-05,['94'],Entretien des espaces extérieurs de divers collèges publics et équipements scolaires départementaux.,joue,directive24,appeloffre,initial,Département du Val de Marne,94054,CRETEIL CEDEX,,['Espaces verts'],[116],oui,oui
21-72260,2021-05-30,2021-06-30,['94'],ORGANISATION DES SEJOURS DE VACANCES POUR LES ENFANTS D'ALFORTVILLE,joue,directive24,appeloffre,initial,Mairie d'Alfortville,94142,Alfortville cedex,,"['Abris', 'Prestations de services']","[1, 274]",non,non
21-71845,2021-05-30,2021-06-04,['94'],fabrication sur place de repas pour la restauration collective a la residence jeanne d'albret ville (rectificatif),joue,autre,rectificatif,rectificatif,Commune de Charenton-le-Pont,94220,CHARENTON-LE-PONT,,['Restauration collective'],[66],non,oui
21-72139,2021-05-30,2021-06-28,['94'],SERVICE DE MÉDECINE PREVENTIVE POUR LES AGENTS DE LA VILLE ET DU CCAS DE CACHAN,joue,directive24,attribution,initial,Ville de Cachan,94230,CACHAN,"[('2021-05-07', 'SERVICE AUX ENTREPRISES POUR LA SANTE AU TRAVAIL', (74764, 'EUR'), None)]","['Analyses médicales, biologiques', 'Prestations de services']","[8, 274]",non,non
21-71931,2021-05-30,2021-07-30,['94'],Travaux de reprofilages et tapis en 2022 (éventuellement reconductible en 2023-2024),joue,directive24,appeloffre,initial,COMMUNE DE VITRY SUR SEINE,94400,Vitry-sur-seine,,['Voirie'],[365],non,non
21-72020,2021-05-30,2021-07-30,['94'],"Location de cars avec chauffeur en 2022 (éventuellement reconductible en 2023, 2024 et 2025)",joue,directive24,appeloffre,initial,COMMUNE DE VITRY SUR SEINE,94400,Vitry-sur-seine,,['Transport'],[347],non,non
21-72334,2021-05-30,2021-06-29,['94'],Impression des documents de communication de la ville de Chevilly-Larue,joue,directive24,appeloffre,initial,MAIRIE DE CHEVILLY LARUE,94669,Chevilly-larue,,"['Impression', 'Prestations de services']","[160, 274]",non,oui
21-72259,2021-05-30,2021-06-27,['978'],"PRESTATIONS D'ENLEVEMENT, DE TRAITEMENT ET DE TRANSPORT, EN FILIERE SOUMISE A DECLARATION, DES BATEAUX HORS D'USAGE (BHU) SUR LE TERRITOIRE DE SAINT-MARTIN",joue,directive24,appeloffre,initial,Collectivité de Saint Martin,97054,Saint-Martin Cedex,,"['Démolition', 'Transport', ""Travaux dans l'eau""]","[87, 347, 349]",non,non
21-69231,2021-05-30,2021-06-28,['971'],"maintenance préventive, curative et évolutive pour systèmes de contrôle d'accès et vidéo-surveillance.",joue,directive24,appeloffre,initial,Grand Port Maritime de la Guadeloupe,97165,Pointe-à-Pitre cédex,,"[""Contrôle d'accès"", 'Télésurveillance']","[81, 415]",oui,oui
21-72120,2021-05-30,2021-06-09,['972'],"accords-cadres à bon de commande mono attributaire pour la fourniture de services de télécommunications fixes, mobile, et accès internet pour le compte de la ville de rivière salée (rectificatif)",joue,autre,rectificatif,rectificatif,Commune de Rivière-Salée,97215,Rivière-Salée,,"['Abonnement', 'Télécommunications']","[2, 338]",non,non
21-72096,2021-05-30,2021-06-30,['972'],accord-cadre mono attributaire pour la fourniture et la livraison de divers matériaux nécessaires aux travaux de régie,joue,directive24,appeloffre,initial,Ville des Trois-Ilets,97229,trois ilets,,"['Location (matériels)', 'Matériaux de construction']","[185, 198]",non,non
21-72331,2021-05-30,2021-06-29,['973'],"Transports Aériens, Médicalises Et Non Médicalises, Pour Le Centre Hospitalier De Cayenne En Guyane Française",joue,autre,rectificatif,rectificatif,CENTRE HOSPITALIER DE CAYENNE,97306,Cayenne Cedex,,"['Prestations de services', 'Sanitaire', 'Transport']","[274, 319, 347]",non,non
21-72000,2021-05-30,2021-06-29,['974'],"Reconstruction du collège Gaston Crochet à la Plaine des Palmistes. - Relance des lots 16, 17 et 18",joue,directive24,appeloffre,initial,Département de la Réunion,97400,Saint-Denis,,['Bâtiment'],[33],non,non
21-71999,2021-05-30,2021-07-01,['974'],Location de huit modules de salles de classes au collège Mille Roches à Saint-André,joue,directive24,appeloffre,initial,Département de la Réunion,97400,Saint-Denis,,['Bâtiments modulaires'],[27],non,non
21-71712,2021-05-30,2021-07-01,['974'],"Accords-cadres de maintenance des équipements d'automatisme de portes, portails et de barrières sur l'ensemble des sites du département de la Réunion au titre de la période 2021 à",joue,directive24,appeloffre,initial,Département de la Réunion,97400,Saint-Denis,,"['Porte automatique, portail']",[412],non,non
21-72002,2021-05-30,2021-07-12,['974'],Services de télécommunications voix et données,joue,directive24,appeloffre,initial,Commune de Petite-Ile,97429,Petite-Ile,,['Télécommunications'],[338],non,non
21-71805,2021-05-30,2021-07-05,['974'],Acquisition De Vehicules Et D'Engins Divers - Relance Du Lot 6,joue,directive24,appeloffre,initial,Mairie du Tampon,97430,Le Tampon,,['Véhicules (acquisition)'],[475],non,non
21-72019,2021-05-30,2021-07-06,['974'],RELANCE DU LOT 4 ELECTRICITE CF / VENTILATION : Travaux de rénovation thermique concernant le lycée Roland Garros pour le compte de la Région Réunion,joue,directive24,appeloffre,initial,SPLA Maraïna,97460,Saint paul reunion,,['Bâtiment'],[33],non,non
21-71865,2021-05-30,2021-07-19,['974'],"ACCORD-CADRE DE PRESTATION D'ACHAT DE TITRES DE TRANSPORT (AVION, TRAIN)",joue,directive24,appeloffre,initial,CNARM,97474,Saint-Denis Cedex,,['Titres de transport'],[417],non,non
21-71862,2021-05-30,2021-07-19,['974'],ACCORD-CADRE DE PRESTATION DE FORMATIONS (ATELIERS DE PREPARATION A LA MOBILITE),joue,directive24,appeloffre,initial,CNARM,97474,Saint-Denis Cedex,,['Formation'],[410],non,non
21-71996,2021-05-30,2021-07-27,['976'],Arrêts Techniques quinquennaux des Amphidromes POLÉ et KARIHANI pour le Conseil Départemental de Mayotte,joue,directive24,appeloffre,initial,Département de Mayotte,97600,Mamoudzou,,['Maintenance'],[196],non,oui
21-71945,2021-05-30,2021-06-23,['976'],MISSION DE MAITRISE D'OEUVRE COMPLETE POUR LA CONSTRUCTION D'UN PONTON DE PECHE ET LA REHABILITATION DES EQUIPEMENTS PORTUAIRES DE LA DARSE DE M'TSAPERE,joue,autre,rectificatif,rectificatif,CADEMA,97600,Mamoudzou,,['Etude'],[118],non,non
21-71851,2021-05-30,2021-06-09,['974'],DSP production distribution eau potable périmètre ville du Port et collecte des eaux usées périmètre ville du Port et traitement des eaux usées de la ville de Port et de la Possession,joue,autre,rectificatif,rectificatif,TERRITOIRE DE LA COTE OUEST,97822,Le port cedex,,['Prestations de services'],[274],non,non
21-71714,2021-05-30,2021-08-25,['974'],Entretien des espaces verts et parcelles communales sur le territoire de la Commune de Saint-Paul,joue,directive24,attribution,initial,Mairie de Saint-Paul,97864,Saint-Paul,"[('2021-05-10', 'Mascareignes Nature Et Environnement Sasu', (40000, 'EUR'), ""Zone d'intervention St-Paul secteur Nord""), ('2021-05-10', 'Mascareignes Nature Et Environnement Sasu', (40000, 'EUR'), ""Zone d'intervention St-Paul secteur des Hauts""), ('2021-05-10', 'Mascareignes Nature Et Environnement Sasu', (20000, 'EUR'), ""Zone d'intervention St-Paul secteur Sud""), ('2021-05-26', 'Alefpa', (50000, 'EUR'), ""Marché réservé d'entretien des abords de la Chaussée Royale - Zone Toarc""), ('2021-05-26', 'Alefpa', (30000, 'EUR'), ""Marché réservé d'entretien Parcours de santé de La Saline Les Bains""), ('2021-05-26', 'Alefpa', (15000, 'EUR'), ""Marché réservé d'entretien du Jardin Zanone - Plateau Caillou"")]",['Espaces verts'],[116],non,non
21-60149,2021-05-30,2021-07-01,['35'],transport des déchets non dangereux issus des déchèteries,joue,directive24,attribution,initial,SMICTOM du Pays de Fougères,,Javené,"[('2021-05-04', 'Guy PRADAT RECYCLAGE', (1443400, 'EUR'), 'Transport des déchets non dangereux issus des déchèteries')]","['Transport', 'Déchetterie (exploitation)']","[347, 405]",non,non
21-71560,2021-05-30,2021-07-05,['35'],collecte des déchets non dangereux issus des déchèteries,joue,directive24,appeloffre,initial,smictom du Sud-Est d'Ille et Vilaine,,Vitré,,['Déchets non ménagers (prestations)'],[404],non,oui
21-71723,2021-05-30,2021-06-14,['974'],fourniture et livraison des equipements de protection individuelle pour l'ars la reunion,joue,directive24,appeloffre,initial,Agence Régionale de Santé la Réunion,,SAINT DENIS,,['Equipements spécialisés'],[115],non,non
21-71731,2021-05-30,2021-07-01,['67'],Fourniture et livraison de repas au sein des services d'accueil périscolaire (rectificatif),joue,autre,rectificatif,rectificatif,Communauté de communes du Pays de Nied,,NIEDERBRONN-LES-BAINS,,"['Restauration collective', 'Denrées alimentaires', 'Repas, traiteur']","[66, 88, 304]",non,non
