a00_cle_idweb,g04_01_date_publication,g04_03_date_fin_diffusion,g04_07_dep_publication,g04_09_resume_objet,g01_02_01_famille,g01_02_02_perimetre,g01_02_03_nature,g01_02_04_statut,d01_01_denomination,d01_07_cp,d01_08_ville,d08_09_decision_titulaireandRENSEIGNEMENT,g04_052_descripteurs_libelles,g04_051_descripteurs_codes,g04_061_criteres_sociaux,g04_062_criteres_environnementaux
21-86146,2021-06-26,2021-09-01,['4'],souscription des contrats d'assurance pour le sydevom de haute provence. (4 lots),joue,directive24,appeloffre,initial,SYDEVOM de Haute Provence,04310,Peyruis,,['Assurance'],[20],non,non
21-86530,2021-06-26,2021-08-26,"['5', '4']","Prestations d'analyses bactériologiques, endotoxines et physico-chimiques dans le cadre du groupement de commandes du GHT des Alpes du Sud",joue,directive24,appeloffre,initial,CTRE HOSPITALIER INTERCOM ALPES DU SUD,05007,Gap cedex,,"['Analyses médicales, biologiques']",[8],non,non
21-86992,2021-06-26,2021-07-26,['5'],Route Départementale no1091 création d'une bande cyclable,joue,directive24,appeloffre,initial,DEPARTEMENT DES HAUTES-ALPES,05008,Gap,,"['Terrassement', 'Voirie']","[341, 365]",non,non
21-86689,2021-06-26,2021-07-30,['5'],Marché de maîtrise d'oeuvre pour les travaux de restructuration complète du centre station et du front de neige.,joue,directive24,appeloffre,initial,COMMUNE DE SAINT CHAFFREY,05330,Saint-chaffrey,,['Ingénierie'],[455],non,non
21-71941,2021-06-26,2021-08-23,['6'],vérifications périodiques règlementaires des appareils et accessoires des véhicules et engins départementaux,joue,directive24,appeloffre,initial,Département des Alpes-Maritimes,06200,Nice,,['Prestations de services'],[274],non,non
21-81587,2021-06-26,2021-07-26,['6'],réalisation d'un ouvrage d'art sur la rd 91,joue,directive24,appeloffre,initial,Département des Alpes-Maritimes,06200,Nice,,"[""Ouvrage d'art""]",[252],non,non
21-86983,2021-06-26,2021-07-24,['6'],"Marché de location, pose dépose et maintenance de décors et matériels d'illumination pour les fêtes de fin d'année",joue,autre,rectificatif,rectificatif,COMMUNE DE SAINT JEAN CAP FERRAT,06230,Saint Jean Cap Ferrat,,"['Illumination', 'Location (matériels)', 'Maintenance', 'Matériel électrique', 'Prestations de services']","[170, 185, 196, 203, 274]",non,oui
21-86765,2021-06-26,2021-07-29,['6'],21N0221 - Etudes de faisabilité des parcs de stationnement en ouvrage - Métropole NICE COTE D'AZUR,joue,directive24,appeloffre,initial,METROPOLE NICE COTE D AZUR,06364,Nice cedex 4,,"['Assistance technique', 'Assistance juridique']","[19, 434]",non,non
21-86738,2021-06-26,2021-08-16,['6'],"Géoréférencement des réseaux enterrés - Fibre optique, Signalisation et Eclairage public",joue,directive24,appeloffre,initial,COMMUNE DE CANNES,06406,Cannes,,"['Eclairage public', 'Fibre optique', 'Prestations de services', 'Signalisation']","[102, 133, 274, 322]",non,non
21-86951,2021-06-26,2021-07-24,['6'],ETUDE ET PERENNISATION DE LA CONNAISSANCE DES PLUS HAUTES EAUX CONNUES,joue,directive24,attribution,initial,C.A.P.L.,06414,Cannes Cedex,,"['Etude', 'Ingénierie']","[118, 455]",non,non
21-86968,2021-06-26,2021-08-24,['7'],Maîtrise d'oeuvre pour la restructuration du collège de l'Eyrieux à Saint Sauveur de Montagut,joue,directive24,appeloffre,initial,Département de l'Ardèche,07007,Privas,,['Etude'],[118],non,non
21-86499,2021-06-26,2021-08-16,['7'],elaboration du plan local d'urbanisme intercommunal valant programme local de l'habitat (pluih) d'annonay rhône agglo (relance suite à classement sans suite),joue,directive24,appeloffre,initial,Annonay Rhône Agglo,07430,DAVEZIEUX,,['Etude'],[118],non,non
21-86679,2021-06-26,2021-09-09,['10'],"Fourniture et livraison de livres, CD, livres lus et DVD pour les services du Département de l'Aube (10)-.",joue,directive24,appeloffre,initial,DEPARTEMENT DE L AUBE,10000,TROYES,,['Edition'],[104],non,non
21-86481,2021-06-26,2021-07-26,['10'],Accord-cadre mono-attributaire à bons de commandes relatif à l'achat de matériels professionnels de restauration et de laverie-.,joue,directive24,appeloffre,initial,MAIRIE DE TROYES,10000,TROYES,,"['Blanchisserie (matériel)', 'Restauration collective', 'Equipements spécialisés', 'Matériel électrique']","[37, 66, 115, 203]",non,non
21-86592,2021-06-26,2021-08-02,['10'],"Achat et livraison de papier pour imprimantes, photocopieurs et traceurs-.",joue,directive24,appeloffre,initial,DEPARTEMENT DE L AUBE,10000,TROYES,,['Papeterie'],[262],non,non
21-87108,2021-06-26,2021-07-26,['11'],Ressuyage des terres - Travaux Grand vignes,joue,directive24,appeloffre,initial,SYNDICAT MIXTE DU DELTA DE L'AUDE,11100,NARBONNE,,"[""Travaux dans l'eau""]",[349],non,non
21-86849,2021-06-26,2021-07-28,['12'],"AO 2021-24 : Prestations de service d'assurance pour le compte du Centre Hospitalier d'Espalion-Saint Laurent d'Olt, du CH de Saint Geniez d'Olt et de l'EHPAD d'Aubin.",joue,directive24,appeloffre,initial,Centre Hospitalier Jacques Puel,12027,Rodez cedex 9,,['Assurance'],[20],non,non
21-87017,2021-06-26,2021-09-12,['13'],Maintenance préventive et corrective des machines tournantes du métro de la RTM,joue,directive25,appeloffre,initial,Régie des Transports Métropolitains,13013,Marseille,,['Maintenance'],[196],non,non
21-86619,2021-06-26,2021-09-12,['13'],Prestations de maintenance et fourniture de manocontacts du métro de la RTM,joue,directive25,appeloffre,initial,Régie des Transports Métropolitains,13013,Marseille,,"['Maintenance', 'Matériel électrique']","[196, 203]",non,non
21-87100,2021-06-26,2021-07-02,['13'],Gestion et exploitation de l'usine de production d'eau potable de Saint Eutrope,joue,directive25,appeloffre,initial,REGIE DES EAUX DU PAYS D AIX,13100,Aix en provence,,['Station de pompage'],[326],non,non
21-86910,2021-06-26,2021-07-12,"['13', '83', '84']",missions de diagnostics techniques pour le compte de l'epf paca (rectificatif),joue,autre,rectificatif,rectificatif,ETS PUB FONCIER P A C A,13207,MARSEILLE CEDEX 01,,"['Etude', 'Amiante (diagnostic)']","[118, 431]",non,non
21-86539,2021-06-26,2021-07-30,"['13', '6']","travaux de confortement, désamiantage et déconstruction de biens sinistrés dans les vallées de la vésubie et de la roya, en conséquence de la tempête alex - alpes maritimes (06)",joue,directive24,appeloffre,initial,ETS PUB FONCIER P A C A,13207,MARSEILLE CEDEX 01,,"['Démolition', 'Amiante (désamiantage)']","[87, 479]",non,non
21-87061,2021-06-26,2021-07-16,['13'],Mission De Maîtrise D'Oeuvre Pour La Creation D'Un Poste Electrique De Conversion De Frequence 50/60 Hz Et De Transformation Ht Pour L'Alimentation Des Navires De Croisiere En Esca,joue,directive25,appeloffre,initial,GRAND PORT MARITIME DE MARSEILLE,13226,Marseille,,['Ingénierie'],[455],non,non
21-86751,2021-06-26,2021-07-24,['13'],Mission de conseil et d'assistance technique à la gestion d'une enveloppe de crédits du Fonds social européen (FSE),joue,directive24,attribution,initial,CONSEIL DEPARTEMENTAL 13,13256,Marseille,"[('2021-05-20', 'IN EXTENSO INNOVATION CROISSANCE', (120000, 'EUR'), ""Mission de conseil et d'assistance technique à la gestion d'une enveloppe de crédits du Fonds social européen (FSE)"")]",['Assistance technique'],[19],non,non
21-86541,2021-06-26,2021-07-30,['13'],RD6 - Déviation de La Barque et liaison D6/A8 - Mission de coordination en matière de sécurité et de protection de la santé (catégorie 1),joue,directive24,appeloffre,initial,Conseil Departementa des Bouches-du R,13256,Marseille,,"['Assistance technique', 'Prestations de services']","[19, 274]",non,non
21-86877,2021-06-26,2021-07-15,['13'],"Contrat D'Agregation De Flexibilite De Consommation Electrique. Valorisation Des Productions Groupes Electrogenes Existantes, Batterie De Stockage Et Deploiement Du Photovoltaique",joue,autre,rectificatif,rectificatif,APHM,13292,Marseille,,['Photovoltaïque'],[476],non,oui
21-88026,2021-06-26,2021-07-16,['84'],Mission de C.S.P.S Conception et réalisation Catégorie 1 pour la Restructuration - Extension du secteur électrotechnique du Lycée DE GIRARD / SCHUMAN à AVIGNON (84),mapa,cmp2006,appeloffre,initial,Conseil Rég Provence-Alpes-Côte d'Azur,13331,Marseille,,['Prestations de services'],[274],non,non
21-86866,2021-06-26,2021-09-15,['13'],La mise en oeuvre d'un plan de gestion favorable à l'outarde canepetière et la faune associée sur l'aéroport d'Avignon-Caumont et sur l'aérodrome de Vinon sur Verdon,joue,directive24,appeloffre,initial,Région Provence Alpes Côte d'Azur,13481,Marseille,,['Prestations de services'],[274],non,oui
21-86219,2021-06-26,2021-07-25,['14'],Construction du nouveau musée du débarquement à Arromanches-les-Bains,joue,directive24,attribution,initial,SHEMA,14018,Caen,"[('2021-04-02', 'CMEG', (2097266.6, 'EUR'), 'Structure - Gros \x9cuvre '), ('2021-04-02', 'RENAULT ETANCHEITE', (263420.78, 'EUR'), 'Etanchéité'), ('2021-04-02', 'RENOUARD', (1039433.1, 'EUR'), 'Bardage métallique - Menuiseries extérieures - Occultations'), ('2021-04-02', 'GIRARD HERVOUET', (202989.18, 'EUR'), 'Métallerie extérieure - Serrurerie'), ('2021-04-02', 'HARET DECO', (188931.04, 'EUR'), 'Menuiseries intérieures'), ('2021-04-02', 'PIERRE SAS', (14940.95, 'EUR'), 'Revetements de sols souples'), ('2021-04-02', 'CRLC', (32512.9, 'EUR'), 'Revetements de sols durs'), ('2021-04-02', 'ESOLIA', (151681.0, 'EUR'), 'Chapes'), ('2021-04-02', 'GILSON', (43896.0, 'EUR'), 'Peinture'), ('2021-04-02', 'SPIE INDUSTRIE ET TERTIAIRE', (427272.71, 'EUR'), 'Electricité CFO/Cfa'), ('2021-04-02', 'FOUCHARD', (521184.82, 'EUR'), 'CVC - Plomberie Sanitaires'), ('2021-06-11', 'SCHINDLER', (95800.0, 'EUR'), 'Ascenseurs'), ('2021-04-02', 'GLOBAL DECONSTRUCTION', (110087.0, 'EUR'), 'Démolition - Désamiantage')]","['Ascenseur', 'Bardage', 'Bâtiment', 'Cloison, faux plafond', 'Démolition', 'Electricité (travaux)', 'Etanchéité', 'Gros oeuvre', 'Menuiserie', 'Métallerie', 'Peinture (travaux)', 'Plomberie (travaux)', 'Revêtements de sols', 'Serrurerie', 'Amiante (désamiantage)']","[17, 30, 33, 63, 87, 105, 117, 144, 222, 223, 264, 270, 308, 321, 479]",non,non
21-86970,2021-06-26,2021-08-04,['14'],"FOURNITURE DE MATERIEL DE TELEMEDECINE A USAGE PATIENT ET PRESTATION DE GESTION LOGISTIQUE, FORMATION, SUPPORT et MAINTENANCE",joue,directive24,appeloffre,initial,Normand'e-santé,14111,LOUVIGNY,,"['Informatique (matériel)', 'Informatique (prestations de services)', 'Télécommunications', 'Informatique (assistance)']","[162, 163, 338, 453]",non,non
21-86854,2021-06-26,2021-07-26,['18'],2021-005 MDT,joue,directive24,appeloffre,initial,CCI DU CHER,18000,Bourges,,"['Prestations de services', ""Assistance à maîtrise d'ouvrage""]","[274, 433]",non,non
21-87151,2021-06-26,2021-09-15,"['20A', '20B', '6', '13', '83', '34']",RESTAURATION DU VALLON DE St JOSEPH,joue,directive24,appeloffre,initial,Ametarra spl,20000,Ajaccio,,"['Bâtiment', 'Décoration (travaux)', 'Prestations de services', 'Terrassement']","[33, 85, 274, 341]",non,non
21-87052,2021-06-26,2021-09-01,"['20A', '20B']",Entretien des espaces verts du parc immobilier de l'OPH de la CAPA,joue,directive24,attribution,initial,OPH Cté Agglomération du Pays Ajaccien,20178,Ajaccio Cedex 1,,['Espaces verts'],[116],non,non
21-86605,2021-06-26,2021-07-24,"['20A', '20B']",collecte et traitement des déchets de la ccil2a,joue,directive24,attribution,initial,CCIACS,20293,Bastia cedex,,['Déchets non ménagers (prestations)'],[404],non,non
21-86522,2021-06-26,2021-10-05,['21'],Avis de pré-information relatif à la convention de concession de service public portant sur l'exploitation des services de mobilité de dijon métropole,joue,directive24,preinformation,initial,DIJON METROPOLE,21075,Dijon Cedex,,['Transport'],[347],non,non
21-86673,2021-06-26,2021-08-24,['21'],"Fourniture, livraison et maintenance des contenants de collecte des déchets ménagers de la Communauté d'Agglomération Beaune Côte et Sud",joue,directive24,attribution,initial,BEAUNE COTE SUD COM BEAUNE CHAGNY NOLA,21208,Beaune Cedex,"[('2021-06-15', 'SULO', (199514, 'EUR'), ""Fourniture, livraison et maintenance des contenants de collecte des déchets ménagers de la Communauté d'Agglomération Beaune Côte et Sud"")]","['Conteneur, poubelles']",[71],non,non
21-86837,2021-06-26,2021-09-09,['22'],"Délégation de service publicContrat de gestion et d'exploitation de 4 micro-crèches d'une capacité de 10 places chacuneLes communes sont Haut Corlay, Le Quillio, Plouguenast-Langast et T",joue,directive24,appeloffre,initial,CCAS LOUDEAC COMMUNAUTE BRETAGNE CENTR,22600,Loudéac,,['Délégation de service public'],[406],non,oui
21-86893,2021-06-26,2021-09-21,['24'],Prestations de services en cybersécurité,joue,directive24,attribution,initial,Conseil Général de la Dordogne,24019,Perigueux,"[('2021-06-11', 'tibco services', (300000, 'EUR'), None)]",['Informatique (prestations de services)'],[163],non,non
21-87009,2021-06-26,2021-09-21,['24'],Fourniture et livraison de véhicules légers particuliers et utilitaires pour le Parc départemental de la Dordogne,joue,directive24,attribution,initial,Conseil Général de la Dordogne,24019,Perigueux,"[('2021-06-11', 'Societe Anonyme De Reparation Et De Distribution Automobile', (267440.72, 'EUR'), 'Fourniture et livraison de véhicules légers particulier, à moteur thermique'), ('2021-06-11', 'Sa Deluc', (226707.96, 'EUR'), 'Fourniture et livraison de véhicules légers particulier, à moteur thermique'), ('2021-06-11', 'Clara Automobiles Peugeot Trelissac', (258920.73, 'EUR'), 'Fourniture et livraison de véhicules légers particulier, à moteur thermique'), ('2021-06-11', 'Societe Anonyme De Reparation Et De Distribution Automobile', (771263, 'EUR'), 'Fourniture et livraison de véhicules légers utilitaires à moteur thermique'), ('2021-06-11', 'Sa Deluc', (664303.54, 'EUR'), 'Fourniture et livraison de véhicules légers utilitaires à moteur thermique'), ('2021-06-11', 'Clara Automobiles Peugeot Trelissac', (658802.86, 'EUR'), 'Fourniture et livraison de véhicules légers utilitaires à moteur thermique'), ('2021-06-11', 'Societe Anonyme De Reparation Et De Distribution Automobile', (63747.52, 'EUR'), 'Fourniture et livraison de véhicules légers particuliers électriques segment'), ('2021-06-11', 'Lease Green', (58900, 'EUR'), 'Fourniture et livraison de véhicules légers particuliers électriques segment'), ('2021-06-11', 'Clara Automobiles Peugeot Trelissac', (54871.54, 'EUR'), 'Fourniture et livraison de véhicules légers particuliers électriques segment')]",['Véhicules (acquisition)'],[475],non,non
21-85134,2021-06-26,2021-08-22,"['27', '76']",SEPASE - marché de prestations de services pour le transport et l'hygiénisation des boues liquides syndicales sur l'année 2021,joue,directive24,attribution,initial,SEPASE,27160,BRETEUIL SUR ITON,"[('2021-05-04', 'SEDE Environnement', (144537.7, 'EUR'), 'SEPASE - Marché de prestations de services pour le transport et l\x92hygiénisation des boues liquides syndicales sur l\x92année 2021')]","['Assainissement', 'Transport']","[18, 347]",non,non
21-86883,2021-06-26,2021-09-21,['28'],"Collecte, transport et élimination ou valorisation des déchets pour les Ch de Chartres, Nogent le Rotrou et La Loupe",joue,directive24,attribution,initial,CENTRE HOSPITALIER GENERAL DE CHARTRES,28018,Chartres,,['Déchets non ménagers (prestations)'],[404],non,non
21-86858,2021-06-26,2021-08-05,['28'],Prestations d'accompagnement et d'expertise autour de la sécurité des systèmes d'information,joue,directive24,appeloffre,initial,Conseil général d'Eure et Loir,28028,Chartres,,['Informatique (prestations de services)'],[163],non,non
21-86546,2021-06-26,2021-08-03,['28'],La présente consultation concerne la mise en place d'une protection sociale complémentaire au profit des agents du Conseil départemental d'Eure-et-Loir,joue,directive24,appeloffre,initial,Conseil général d'Eure et Loir,28028,Chartres,,['Prestations de services'],[274],non,non
21-86972,2021-06-26,2021-09-04,"['29', '56']",Fourniture et livraison de pain et de viennoiseries conventionnels et biologiques,joue,directive24,appeloffre,initial,CA QUIMPER BRETAGNE OCCIDENTALE,29107,Quimper cedex,,['Denrées alimentaires'],[88],non,oui
21-86878,2021-06-26,2021-07-29,['29'],suivi animation de l'opération programmée d'amélioration de l'habitat,joue,directive24,appeloffre,initial,CCPI,29290,Lanrivoaré,,['Assistance technique'],[19],non,non
21-86299,2021-06-26,2021-09-24,['29'],nettoyage de la vitrerie et des locaux municipaux,joue,directive24,appeloffre,initial,VILLE de plougastel daoulas,29470,Plougastel-daoulas,,['Nettoyage de locaux'],[239],non,non
21-83646,2021-06-26,2021-09-30,['30'],Essais de controle et investigations pour reseaux humides et tranchees,joue,directive24,appeloffre,initial,CA Nîmes Métropole,30000,Nîmes,,"['Prestations de services', 'Réseaux divers']","[274, 306]",non,non
21-85900,2021-06-26,2021-08-23,['30'],"concours restreint de maitrise d'oeuvre sur ""esquisse +"" pour la construction d'un complexe sportif au mas vignoles",joue,directive24,attribution,initial,Ville de Nîmes,30000,Ville de Nîmes,,"[""Maîtrise d'oeuvre"", 'Ingénierie']","[197, 455]",non,non
21-86900,2021-06-26,2021-07-28,['30'],SOUSCRIPTION D'UN CONTRAT D'ASSURANCES DOMMAGES AUX BIENS mobiliers et immobiliers,joue,directive24,appeloffre,initial,Conseil général du Gard,30044,Nîmes,,['Prestations de services'],[274],non,non
21-86666,2021-06-26,2021-09-20,['30'],Prestations de nettoyage des bâtiments de type administratif et de type sportif de la Ville d'Alès,joue,directive24,attribution,initial,Ville d'Alès,30115,Alès,"[('2021-06-14', 'S.A.R.L. AUXI NET', (164734, 'EUR'), ""Nettoyage de locaux de type administratif de la ville d'Alès""), ('2021-06-14', 'S.A.R.L. AUXI NET', (31453, 'EUR'), 'Nettoyage de locaux de type sportif')]",['Nettoyage de locaux'],[239],non,non
21-86820,2021-06-26,2021-07-24,['30'],Attribution du marché de maîtrise d'oeuvre pour l'extension et la réhabilitation de l'EHPAD 99 lits de la Grand Combe,joue,directive24,attribution,initial,SEGARD,30904,Nîmes cedex 09,,"[""Maîtrise d'oeuvre""]",[197],non,non
21-87085,2021-06-26,2021-07-30,['31'],Teleo - Opérations d'accompagnement Ups Lot 6 - Marché de travaux de voierie et espaces verts,joue,directive25,appeloffre,initial,SOC DE LA MOBILITE DE AGGL TOULOUSAINE,31004,Toulouse,,['Voirie'],[365],non,non
21-86810,2021-06-26,2021-07-02,"['31', '34', '30', '11', '81', '82', '46', '65', '32']",Maintenance des installations électriques courants forts - PFRA OCCITANIE,joue,directive24,appeloffre,initial,MISSION REGIONALE ACHATS MIDI PYRENEES,31038,Toulouse cedex 9,,['Matériel électrique'],[203],oui,non
21-86894,2021-06-26,2021-07-02,"['31', '34', '30', '32', '82', '48', '65', '66']",PRESTATION DE MAINTENANCES PREVENTIVE ET CORRECTIVE DES AUTOMATISMES D'OUVERTURE,joue,directive24,appeloffre,initial,MISSION REGIONALE ACHATS MIDI PYRENEES,31038,Toulouse cedex 9,,['Maintenance'],[196],oui,non
21-87142,2021-06-26,2021-07-29,['31'],Achat de matériels techniques concernant les plateformes et espaces pédagogiques de la MFJA (filière génie mécanique),joue,directive24,appeloffre,initial,Université Paul Sabatier,31062,Toulouse,,['Equipements spécialisés'],[115],non,non
21-86896,2021-06-26,2021-08-28,['31'],FOURNITURE ET INSTALLATION D'UN SKID DE PREPARATION ET COMPRESSION BIOGAZ POUR PLATE FORME R&D,joue,directive24,appeloffre,initial,INSA de Toulouse,31077,Toulouse cedex 4,,['Equipements spécialisés'],[115],non,non
21-86512,2021-06-26,2021-07-27,['31'],contrôle technique des opérations de bâtiment - 2021-2025,joue,directive24,appeloffre,initial,Conseil Départemental Haute-Garonne,31090,Toulouse Cedex 9,,['Contrôle technique'],[72],non,non
21-87014,2021-06-26,2021-07-02,['31'],Le marché a pour objet la souscription des marchés d'assurance,joue,directive24,appeloffre,initial,Commune de Tournefeuille,31170,Tournefeuille,,"['Abris', 'Prestations de services']","[1, 274]",non,non
21-86991,2021-06-26,2021-07-29,['31'],"21m0111aoo - Mt/Zd - Effacage De Tags Et Graffitis, Enlèvement Des Affiches Et Affichettes, Sur L'Ensemble Des Ouvrages Ou équipements Dont Toulouse Métropole Assure La Gestion - A",joue,directive24,appeloffre,initial,TOULOUSE METROPOLE,31505,Toulouse,,['Nettoyage urbain'],[240],non,non
21-86783,2021-06-26,2021-07-30,['31'],"Fourniture De Composteurs Collectifs Anti-Intrusion, De Moyenne Et Grande Capacite - Annees 2021 A 2025 - affaire 21m0046aoo - Ac-Jm",joue,autre,rectificatif,rectificatif,TOULOUSE METROPOLE,31505,Toulouse,,['Composteur'],[439],non,non
21-86597,2021-06-26,2021-08-24,['31'],Entretien des espaces verts,joue,directive24,attribution,initial,Ville de Saint Orens de Gameville,31650,St orens de gameville,"[('2021-06-18', 'E2V entretien', (92000, 'EUR'), 'Catala-La Marcaissonne'), ('2021-06-18', ""ESAT L'occitan"", (79544, 'EUR'), 'Coustou-Firmis-Les Carabennes'), ('2021-06-18', 'BECANNE SAS Environnement et service', (21600, 'EUR'), 'Les hauts de Gameville'), ('2021-06-18', ""ESAT L'Occitan"", (381772, 'EUR'), 'Orée du bois - Bel horizon - Bousquet - Altigone - Corail - Lalande'), ('2021-06-18', 'BECANNE SAS Environnement et service', (34640, 'EUR'), 'Peyrusses aux carmes'), ('2021-06-18', 'Guidolin Transport Agri environnement', (15620, 'EUR'), 'Chemins de randonnées'), ('2021-06-18', 'Guidolin Transport Agri Environnement', (44297.8, 'EUR'), 'Faucardage des fossés - Chanterelles'), ('2021-06-18', 'Gestion technique aménagement', (164360, 'EUR'), 'Muriers - Tucard'), ('2021-06-18', 'E2V ENTRETIEN', (57600, 'EUR'), 'La Marqueille')]","['Espaces verts', 'Prestations de services']","[116, 274]",non,non
21-86758,2021-06-26,2021-08-24,['33'],Marché Systèmes centraux dans le cadre de la réalisation de la ligne BHNS entre Bordeaux Gare St Jean et Saint-Aubin de Médoc,joue,directive25,attribution,initial,Bordeaux Métropole,33045,BORDEAUX,"[('2021-06-22', 'ROIRET TRANSPORT', (335917.85, 'EUR'), 'Marché Systèmes centraux dans le cadre de la réalisation de la ligne BHNS entre Bordeaux Gare St Jean et Saint-Aubin de Médoc')]",['Informatique (prestations de services)'],[163],non,non
21-86762,2021-06-26,2021-08-24,['33'],Etude urbaine pré-opérationnelle Saige-Montaigne-Compostelle,joue,directive24,attribution,initial,Bordeaux Métropole,33045,BORDEAUX,"[('2021-06-23', 'AREP', (500000.0, 'EUR'), 'Etude urbaine pré-opérationnelle Saige-Montaigne-Compostelle')]",['Etude'],[118],non,non
21-86945,2021-06-26,2021-08-05,['33'],"AMO pour le suivi des travaux de réhabilitation, restructuration et mise en accessibilité de la Piscine Judaïque à Bordeaux",joue,directive24,appeloffre,initial,COMMUNE DE BORDEAUX,33045,BORDEAUX,,"[""Assistance à maîtrise d'ouvrage""]",[433],non,non
21-86929,2021-06-26,2021-07-28,['33'],Location de véhicules d'exploitation avec chauffeur,joue,directive24,appeloffre,initial,Bordeaux Métropole,33045,BORDEAUX,,['Véhicules (location)'],[474],non,non
21-86795,2021-06-26,2021-07-02,"['40', '33', '29']","Accord-cadre à bons de commande de maintenance, d'exploitation et de travaux des installations électriques et de GTC",joue,directive24,appeloffre,initial,MINDEF/SGA/DCSID/ESID Bordeaux,33068,Bordeaux cedex,,['Prestations de services'],[274],non,oui
21-86467,2021-06-26,2021-09-02,"['40', '33']","Ba 118 mont de marsan, captieux et cirfa -40-33 - accord cadre à bons de commande de menuiseries bois, metal et pvc (remplacement et depannages de menuiseries)",joue,directive24,appeloffre,initial,MINDEF/SGA/DCSID/ESID Bordeaux,33068,Bordeaux cedex,,['Menuiserie'],[222],non,oui
21-86702,2021-06-26,2021-07-27,['33'],Prestation de transport pour les enfants confiés à l'Aide Sociale à l'Enfance du Département de la Gironde,joue,directive24,appeloffre,initial,DEPARTEMENT DE LA GIRONDE,33074,Bordeaux,,['Transport'],[347],non,non
21-86543,2021-06-26,2021-09-10,['33'],Mission D'Assistance A Maîtrise D'Ouvrage Haute Qualité Environnementale - énergie Manager,joue,directive24,appeloffre,initial,DEPARTEMENT DE LA GIRONDE,33074,Bordeaux,,"['Assistance technique', ""Assistance à maîtrise d'ouvrage""]","[19, 433]",non,non
21-86777,2021-06-26,2021-08-20,['33'],Accord-Cadre à bons de commande concernant laFourniture De Mobilier Et D'équipement Pour Les Collèges Publics De La Gironde,joue,directive24,appeloffre,initial,DEPARTEMENT DE LA GIRONDE,33074,Bordeaux,,['Mobilier'],[230],non,non
21-86648,2021-06-26,2021-09-21,['33'],"Rd936 Communes de Carignan-de-Bordeaux, Fargues-Saint-Hilaire et Tresses - Déviation de Fargues Saint Hilaire - 3ème Tranche de Travaux - 2 lots - Réf.1990",joue,directive24,attribution,initial,DEPARTEMENT DE LA GIRONDE,33074,Bordeaux,,['Voirie'],[365],non,non
21-86708,2021-06-26,2021-09-13,['33'],"Fourniture de livres et prestations de service (Biblio.Gironde (Bibliothèque Départementale), Direction de ladocumentation, Cdef, Direction de la communication, Archives départemen",joue,directive24,appeloffre,initial,DEPARTEMENT DE LA GIRONDE,33074,Bordeaux,,['Livres'],[184],non,oui
21-86814,2021-06-26,2021-07-26,['33'],Prestations d'assurance pour les besoins de la Région Nouvelle-Aquitaine,joue,directive24,appeloffre,initial,Région Nouvelle Aquitaine,33077,Bordeaux,,['Assurance'],[20],non,non
21-86729,2021-06-26,2021-08-26,['17'],Assistance à maitrise d'ouvrage pour le renouvellement des moyens et de l'exploitation de la liaison maritime Fouras - Ile d'Aix,joue,directive24,appeloffre,initial,Région Nouvelle Aquitaine,33077,Bordeaux cedex,,"['Etude', 'Prestations de services']","[118, 274]",non,non
21-86581,2021-06-26,2021-07-24,['33'],Assistance à Maîtrise d'Ouvrage à la préparation Post Convention Ter 2019-2024 de la Nouvelle Aquitaine,joue,directive24,attribution,initial,Région Nouvelle Aquitaine,33077,Bordeaux cedex,,"['Etude', 'Prestations de services']","[118, 274]",non,non
21-87147,2021-06-26,2021-07-29,['33'],Marché public de service d'assurance,joue,directive24,appeloffre,initial,REGIE DU MIN BORDEAUX BRIENNE,33800,Bordeaux,,"['Abris', 'Prestations de services']","[1, 274]",non,non
21-86487,2021-06-26,2021-08-31,"['34', '12']","MAINTENANCE DES ENCEINTES FRIGORIFIQUES DE PRODUITS SENSIBLES POUR LE CHU DE MONTPELLIER, ETABLISSEMENT SUPPORT DU GROUPEMENT HOSPITALIER DE TERRITOIRE 'EST-HERAULT ET SUD-AVEYRON' (GHT EHSA",joue,directive24,appeloffre,initial,CHU DE MONTPELLIER,34295,Montpellier cedex 5,,['Maintenance'],[196],non,non
21-86973,2021-06-26,2021-08-07,"['34', '11']",Appel d'offres pour la souscription des contrats d'assurance du CCAS de Béziers,joue,directive24,appeloffre,initial,Ville de Béziers,34536,Béziers cedex,,['Assurance'],[20],non,non
21-86863,2021-06-26,2021-08-16,['34'],Maîtrise d'oeuvre pour la création de bassins de stockage à l'entrée de la station d'épuration de Béziers - 3 Tranches,joue,directive25,appeloffre,initial,COMMUNAUTE D AGGL BEZIERS MEDITERRANEE,34536,Béziers,,['Ingénierie'],[455],non,non
21-86721,2021-06-26,2021-08-31,['35'],ACQUISITION DE TITRES RESTAURANT POUR LE PERSONNEL DEPARTEMENTAL,joue,directive24,appeloffre,initial,Département d'Ille et Vilaine,35042,RENNES CEDEX,,['Titres restaurant'],[416],non,non
21-86792,2021-06-26,2021-08-25,['35'],ACQUISITION ET MAINTENANCE DE COPIEURS MULTIFONCTIONS DESTINES AUX SERVICES DU DEPARTEMENT D ILLE ET VILAINE ET DU SDIS 35 (SERVICE DEPARTEMENTAL INCENDIE ET SECOURS),joue,directive24,appeloffre,initial,Département d'Ille et Vilaine,35042,RENNES CEDEX,,['Matériel de bureau'],[207],non,non
21-87062,2021-06-26,2021-08-01,"['14', '18', '27', '28']","Prestations de dératisation, désinsectisation, désinfection et lutte contre les parasites et espèces animales inopportunes dans les locaux et des zones environnantes au profit des Bases de Défense",joue,directive24,attribution,initial,MINDEF/EMA/DC SCA/PFAF CO Rennes,35998,Rennes Cedex 9,"[('2021-06-01', 'TSF MADELINE / TSF NORMANDIE', (46984, 'EUR'), 'Prestations de dératisation, désinsectisation, désinfection et lutte contre les parasites et espèces animales inopportunes d au profit de la Base de Défense Angers Le Mans Saumur'), ('2021-06-02', 'SARL HDA CENTRE', (50888, 'EUR'), 'Prestations de dératisation, désinsectisation, désinfection et lutte contre les parasites et espèces animales inopportunes d au profit de la Base de Défense de Bourges'), ('2021-05-31', 'STBO', (45600, 'EUR'), 'Prestations de dératisation, désinsectisation, désinfection et lutte contre les parasites et espèces animales inopportunes d au profit de la Base de Défense de Cherbourg'), ('2021-06-01', 'TSF MADELINE / TSF NORMANDIE', (16420, 'EUR'), 'Prestations de dératisation, désinsectisation, désinfection et lutte contre les parasites et espèces animales inopportunes d au profit de la Base de Défense de Rennes/pôle Rennes Cesson'), ('2021-06-01', 'TSF MADELINE / TSF NORMANDIE', (40790, 'EUR'), 'Prestations de dératisation, désinsectisation, désinfection et lutte contre les parasites et espèces animales inopportunes d au profit de la Base de Défense de Tours'), ('2021-06-09', 'AVIPUR BRETAGNE', (45440, 'EUR'), 'Prestations de dératisation, désinsectisation, désinfection et lutte contre les parasites et espèces animales inopportunes d au profit de la Base de Défense de rennes / Pôle Vannes Coëtquidan'), ('2021-06-01', 'SAS BERTRAND', (35042.2, 'EUR'), 'Prestations de dératisation, désinsectisation, désinfection et lutte contre les parasites et espèces animales inopportunes d au profit de la Base de Défense de Evreux')]","['Dératisation, désinsectisation']",[89],non,oui
21-86493,2021-06-26,2021-12-31,"['49', '72', '44']","Entretien des espaces verts, extérieurs et espaces boisés au profit du groupement de soutien de la base de défense d'Angers Le Mans Saumur et de ses entités rattachées",joue,directive24,appeloffre,initial,MINDEF/EMA/DC SCA/PFAF CO Rennes,35998,Rennes cedex 9,,"['Espaces verts', 'Prestations de services']","[116, 274]",oui,oui
21-87092,2021-06-26,2021-07-12,['37'],Marché pour l'exploitation du service d'eau potable,joue,directive25,appeloffre,initial,CC LOCHES SUD TOURAINE,37600,Loches,,['Alimentation en eau potable'],[6],non,non
21-87094,2021-06-26,2021-07-12,['37'],Marché pour l'exploitation du service d'assainissement collectif,joue,directive25,appeloffre,initial,CC LOCHES SUD TOURAINE,37600,Loches,,['Assainissement'],[18],non,non
21-85175,2021-06-26,2021-08-23,['38'],"Fourniture et acheminement de gaz naturel, de biométhane et services associés",joue,directive24,attribution,initial,Territoire d'énergie Isère,38000,Grenoble,,"['Electricité, gaz (fourniture)']",[443],non,non
21-86709,2021-06-26,2021-09-06,['38'],Fourniture et livraison de mobilier pour l'Ehpad Flaubert du Ccas de Grenoble,joue,directive24,appeloffre,initial,CENTRE COMMUNAL D ACTION SOCIALE,38000,Grenoble,,['Mobilier'],[230],non,oui
21-86523,2021-06-26,2021-07-22,['38'],Acquisition d'une machine numérique d'éléctroerosion par enfonçage,joue,autre,rectificatif,rectificatif,Institut polytechnique de Grenoble,38031,Grenoble cedex 1,,['Laboratoire (matériel)'],[188],non,non
21-86494,2021-06-26,2021-07-30,['38'],Maintenance du logiciel EMIS/JOOL et assistance à l'exploitation des résultats,joue,directive24,attribution,initial,CTRE HOSPITALIER UNVT GRENOBLE,38043,Grenoble cedex 09,"[('2021-06-17', 'DAPESCO SA', (9999999999, 'EUR'), ""Maintenance du logiciel EMIS/JOOL et assistance à l'exploitation des résultats"")]",['Prestations de services'],[274],non,non
21-86631,2021-06-26,2021-09-14,['38'],"Conclusion d'un partenariat entre Jazz à Vienne et un brasseur en vue d'une collaboration sur les activités bars de Jazz à Vienne pour les années 2022, 2023 et 2024",joue,directive24,appeloffre,initial,Jazz à Vienne,38200,Vienne,,"['Boisson', 'Evénementiel']","[39, 445]",non,non
21-87087,2021-06-26,2021-07-26,['38'],"Modernisation du stade nautique Françoise Clavery-Bouysson - Saint Romain En Gal - Lots 5, 6, 7, 10 et 13",joue,directive24,appeloffre,initial,CA VIENNE CONDRIEU,38200,Vienne,,"[""Tous corps d'état""]",[345],non,non
21-86533,2021-06-26,2021-07-27,['38'],"Construction de la caserne de sapeurs-pompiers et du centre d'entretien routier de Vinay - relance lots no3, 4 et 8",joue,directive24,appeloffre,initial,SDIS de l'Isère,38600,Fontaine,,['Bâtiment'],[33],oui,non
21-86163,2021-06-26,2021-07-30,['39'],avis d'intention de conclure - affaire 199014m - nanchez - rénovation et extension du centre de vacances le duchet,joue,directive24,intentionconclure,initial,SIDEC du Jura,39000,Lons Le Saunier,,"['Bâtiment', 'Carrelage', 'Charpente', 'Chauffage (travaux)', 'Couverture', ""Contrôle d'accès"", 'Electricité (travaux)', 'Espaces verts', 'Equipement de piscine', 'Isolation', 'Maçonnerie', 'Menuiserie', 'Métallerie', 'Panneaux', 'Peinture (travaux)', 'Plâtrerie', 'Plomberie (travaux)', 'Revêtements de sols', 'Signalétique', 'Terrassement', 'Ventilation']","[33, 53, 57, 61, 74, 81, 105, 116, 120, 169, 195, 222, 223, 261, 264, 269, 270, 308, 333, 341, 360]",non,non
21-87002,2021-06-26,2021-07-02,"['39', '1', '25']",Objet : fourniture de biens et de services pour la mise en oeuvre de l'opération BOMAT. Elle comprend 'fourniture Infrastructures Recharge Véhicules Electriques' et ' fourniture st,joue,directive24,attribution,initial,Parc naturel régional du Haut-jura,39310,LAJOUX,"[('2021-05-19', 'SBTP', (170650, 'EUR'), 'Fourniture, installation, raccordement, paramétrage, mise en service, et maintenance pendant une année à compter de la mise en service des Infrastructures de recharge de véhicules électriques'), ('2021-05-19', 'ALTINNOVA', (318510, 'EUR'), ""Fourniture de boxs et d'arceaux vélos"")]","['Abris', 'Equipement sportif', 'Equipements spécialisés', 'Maintenance', 'Matériel électrique', 'Mobilier', ""Ouvrage d'infrastructure"", 'Prestations de services', 'Voirie et réseaux divers', 'Véhicules (location)']","[1, 113, 115, 196, 203, 230, 253, 274, 366, 474]",non,non
21-88021,2021-06-26,2021-07-16,"['40', '32', '64', '65']",Création fossé et zone tampon en amont du réservoir de la Barne (32),mapa,cmp2006,appeloffre,initial,EPTB Institution Adour,40025,Mont-de-marsan cedex,,['Réservoir'],[307],non,non
21-86691,2021-06-26,2021-07-22,['41'],Collecte des points d'apport volontaire du verre d'origine ménagère,joue,directive24,attribution,initial,S.M.I.C.T.O.M.-de-Lamotte-Salbris,41600,NOUAN-LE-FUZELIER,"[('2021-06-14', 'SOCCOIM SAS', (204000, 'EUR'), ""COLLECTE DES POINTS D'APPORT VOLONTAIRE DU VERRE D'ORIGINE MENAGERE"")]",['Verre'],[361],non,oui
21-87109,2021-06-26,2021-07-26,['44'],Passation d'un marché d'assurances pour les besoins du département de Loire Atlantique,joue,directive24,appeloffre,initial,Conseil départemental Loire-Atlantique,44041,NANTES,,['Assurance'],[20],non,non
21-86590,2021-06-26,2021-08-24,['44'],Fourniture de dispositifs médicaux pansements/hémostatiques/sets de soins/nécessaires et packs de chirurgie/casaques chirurgicales/orthèses,joue,directive24,attribution,initial,CHU de Nantes,44093,Nantes cedex,"[('2021-04-16', '3M France', (308918.72, 'EUR'), 'Fourniture de dispositifs médicaux pansements/hémostatiques/sets de soins/nécessaires et packs de chirurgie/casaques chirurgicales/orthèses-LOTS 1-2-3')]",['Matériel médical'],[212],non,non
21-87063,2021-06-26,2021-07-23,['44'],Prestations de transports sanitaires terrestres et de transports terrestres en urgence hors service d'aide médicale d'urgence (SAMU) pour 12 établissements membres du GHT 44,joue,directive24,appeloffre,initial,CHU de Nantes,44093,Nantes cedex,,['Prestations de services'],[274],non,non
21-86825,2021-06-26,2021-08-24,['44'],Fourniture de réactifs avec mise à disposition d'équipement (MAD) et consommables de laboratoire,joue,directive24,attribution,initial,CHU de Nantes,44093,Nantes cedex,,['Laboratoire (fourniture)'],[181],non,non
21-86811,2021-06-26,2021-07-30,['44'],Maîtrise d'oeuvre pour la restructuration partielle d'un bâtiment d'enseignement et de recherche en vue de l'extension d'un laboratoire,joue,directive24,appeloffre,initial,ONIRIS,44307,Nantes,,"[""Maîtrise d'oeuvre""]",[197],non,non
21-87015,2021-06-26,2021-07-24,['44'],"conception, réalisation, livraison et installation d'un système de connexion/déconnexion électrique et fibre optique d'un démonstrateur flottant sur le site sem-rev au croisic (44)",joue,directive24,attribution,initial,Ecole Centrale de Nantes,44321,Nantes,,['Equipements spécialisés'],[115],non,non
21-86767,2021-06-26,2021-07-23,['44'],recherches archéologiques - travaux de terrassements 2021-2023,joue,directive24,attribution,initial,Nantes Métropole,44929,Nantes Cedex 9,"[('2021-06-10', 'Christophe Beaussire ', (374630.0, 'EUR'), 'RECHERCHES ARCHÉOLOGIQUES TRAVAUX DE TERRASSEMENTS 2021-2023')]",['Fouille archéologique'],[450],non,non
21-86887,2021-06-26,2021-08-24,['44'],réalisation des vérifications générales réglementaires des engins spécifiques et de leurs équipements,joue,directive24,appeloffre,initial,Nantes Métropole,44929,Nantes cedex 9,,['Maintenance'],[196],non,non
21-86773,2021-06-26,2021-07-31,['44'],MISSION D'ACCOMPAGNEMENT POUR LA DÉFINITION ET LA MISE EN OEUVRE D'UNE MÉTHODOLOGIE DE CONCERTATION EXTERNE POUR L'ELABORATION DES SCHEMAS ET STRATEGIES 2021 - 2026 - CHAMP DU DEVELOPPE,joue,directive24,appeloffre,initial,Conseil régional des Pays de la Loire,44966,Nantes,,['Informatique (prestations de services)'],[163],non,non
21-86808,2021-06-26,2021-07-24,['45'],"Câblage, fourniture et maintenance du système wifi pour les établissements de l'UGECAM CENTRE et de l'UGECAM AUVERGNE LIMOUSIN POITOU CHARENTES",joue,directive24,attribution,initial,UGECAM CENTRE,45000,Orléans,,['Réseaux divers'],[306],non,non
21-87132,2021-06-26,2021-07-12,['41'],Prestations de formations dans le cadre de Préparations Opérationnelles à l'Emploi Collectives (Poec) - Centre-Val de Loire - Installateur Réseau Cuivre / Fibre Optique - Loire et,joue,autre,rectificatif,rectificatif,CONSTRUCTYS,45016,Orleans,,['Formation'],[410],non,non
21-86998,2021-06-26,2021-09-21,['45'],"Accord-cadre de travaux des bâtiments d'Orléans Métropole, de la ville d'Orléans et du Ccas d'Orléans (34 lots)",joue,directive24,attribution,initial,Orléans Métropole,45058,Orléans,,"['Charpente', 'Chauffage (matériel)', 'Couverture', 'Gros oeuvre', 'Menuiserie']","[57, 60, 74, 144, 222]",oui,non
21-86506,2021-06-26,2021-09-21,['45'],Location de chapiteaux sur l'aire événementielle métropolitaine à Fleury-les-Aubrais,joue,directive24,attribution,initial,Orléans Métropole,45058,Orléans,"[('2021-06-14', 'Groupement Irmarfrance / Coffignal', (1620400, 'EUR'), None)]",['Equipements spécialisés'],[115],non,non
21-86718,2021-06-26,2021-07-24,['57'],HAEST 210319-GESTION ET MAINTENANCE DE L'OUVRAGE VANNE DE MOYEUVRE-GRANDE (57250),joue,directive24,attribution,initial,B R G M,45060,Orleans cedex 2,"[('2021-06-01', 'VEOLIA EAU', (17600, 'EUR'), ""Gestion et maintenance de l'ouvrage vanné situé sur la commune de Moyeuvre-Grande (57250)"")]",['Prestations de services'],[274],oui,oui
21-86483,2021-06-26,2021-07-24,"['45', '44', '72', '22']","21S001 : mise à disposition de personnel intérimaire, pour la mise en oeuvre du plan de relance gouvernemental à l'échelle du territoire de l'agence de l'eau Loire-Bretagne",joue,directive24,attribution,initial,Agence de l'eau Loire-Bretagne,45063,Orleans,"[('2021-06-14', 'SYNERGIE POLE PUBLIC', (525000, 'EUR'), 'Mise à disposition de personnel intérimaire pour la mise en oeuvre du plan de relance gouvernemental')]",['Prestations de services'],[274],non,non
21-86317,2021-06-26,2021-07-26,"['46', '12']",maîtrise d'oeuvre pour les travaux d'aménagement d'espaces publics - place carnot 46100 figeac,joue,directive24,appeloffre,initial,Communauté de communes du Grand-Figeac,46100,FIGEAC,,"[""Maîtrise d'oeuvre""]",[197],non,non
21-86803,2021-06-26,2021-07-24,['47'],Prestations de transports de produits de santé thermosensibles,joue,directive24,attribution,initial,CENTRE HOSPITALIER AGEN NERAC,47923,Agen cedex 9,"[('2021-06-15', ""Trans'Organic"", (433400, 'EUR'), 'Prestations de transports de produits de santé thermosensibles')]","['Prestations de services', 'Transport']","[274, 347]",non,non
21-86181,2021-06-26,2021-07-23,['49'],accompagnement des publics dans leur accès à l'emploi dans le cadre du plie 2022-2024,joue,directive24,appeloffre,initial,Angers Loire Métropole,49020,Angers Cedex 01,,['Prestations de services'],[274],non,non
21-86761,2021-06-26,2021-09-03,['49'],LIVRAISON DE REPAS EN LIAISON FROIDE SUR DIFFERENTS SITES DE L'EPMS DE L'ANJOU ET FOURNITURE EPICERIE,joue,directive24,appeloffre,initial,EPMS DE L'ANJOU,49420,POUANCE,,"['Restauration collective', 'Denrées alimentaires']","[66, 88]",non,non
21-86563,2021-06-26,2021-09-21,['50'],Travaux d'entretien des espaces verts - Année 2021,joue,directive24,attribution,initial,CHERBOURG-EN-COTENTIN,50108,Cherbourg en Cotentin,"[('2021-06-22', 'Actp Entreprise Adaptee', (540000, 'EUR'), 'Travaux de tonte (marché réservé)'), ('2021-06-22', 'Actp Entreprise Adaptee', (368000, 'EUR'), ""Entretien des massifs d'arbustes (marché réservé)""), ('2021-06-21', 'handi green', (168000, 'EUR'), 'Entretien des espaces naturels')]","['Espaces verts', 'Prestations de services']","[116, 274]",non,non
21-86630,2021-06-26,2021-07-26,['50'],Organisation des activités socio-éducatives du Pôle de Proximité de la Côte des Isles (2022-2025),joue,directive24,appeloffre,initial,Communauté d'Agglomération du Cotentin,50130,Cherbourg en Cotentin,,['Prestations de services'],[274],non,non
21-87122,2021-06-26,2021-08-31,['50'],Remplacement des fauteuils de l'Archipel-Granville,joue,directive24,appeloffre,initial,VILLE DE GRANVILLE,50404,Granville,,['Mobilier'],[230],non,oui
21-86532,2021-06-26,2021-08-23,['51'],Acquisition d'un portique de lavage avec système de gestion par carte ou badge et sa maintenance,joue,directive24,appeloffre,initial,COMMUNAUTE URBAINE DU GRAND REIMS,51722,Reims cedex,,['Equipements spécialisés'],[115],non,oui
21-86620,2021-06-26,2021-07-24,['51'],"FOURNITURES DE MATERIELS, MATERIAUX, OUTILS ET ACCESSOIRES TECHNIQUES 2021-2025",joue,directive24,attribution,initial,Communauté urbaine du Grand Reims,51722,Reims cedex,"[('2021-06-15', 'TRENOIS DECAMPS', (1, 'EUR'), 'LOT 9 : Serrurerie - Quincaillerie')]",['Quincaillerie (articles)'],[291],non,non
21-86688,2021-06-26,2021-07-24,['51'],Exploitation des transports non urbains de la Communauté urbaine du Grand Reims,joue,directive24,attribution,initial,Communauté urbaine du Grand Reims,51722,Reims cedex,"[('2021-06-22', 'CHAMPAGNE MOBILITES', (192666.66, 'EUR'), 'Secteur EST : Beine Bourgogne / Vallée de la Suippe / Rives de la Suippe / Cernay / Vesle et Coteaux de la Montagne de Reims / Trois puits / Villers aux noeuds / Champfleury/ Prunay /..'), ('2021-06-22', 'CHAMPAGNE MOBILITES', (1497500, 'EUR'), 'Secteur OUEST : Fismes Ardre et Vesle / Nord Champenois / Champagne Vesle /Tardenois')]",['Transport'],[347],non,non
21-86668,2021-06-26,2021-09-02,['52'],Accompagnement stratégique et créatif pour développer la notoriété et l'attractivité de la Haute-Marne,joue,directive24,attribution,initial,Conseil général de la Haute-Marne,52000,CHAUMONT,"[('2021-06-17', 'LM WORK AND ROLL', (200000.0, 'EUR'), ""conseil, création et réalisation (Print, digital, évènementiel) d'une campagne de notoriété et d'attractivité de la Haute-Marne""), ('2021-06-17', 'AGENCE C3M', (80000.0, 'EUR'), ""relations presse pour développer la notoriété et l'attractivité de la Haute-Marne"")]",['Prestations de services'],[274],non,non
21-86864,2021-06-26,2021-07-27,['53'],"étude d'aménagement foncier, agricole, forestier et environnemental (Afafe) d'Ernee, Montenay et Saint-Pierre-Des-Landes",joue,directive24,appeloffre,initial,DEPARTEMENT DE LA MAYENNE,53014,Laval,,['Etude'],[118],non,non
21-86969,2021-06-26,2021-08-06,['54'],Entretien des espaces verts des équipements métropolitains,joue,directive24,appeloffre,initial,Métropole du Grand Nancy,54035,NANCY CEDEX,,"['Espaces verts', 'Prestations de services']","[116, 274]",non,non
21-86922,2021-06-26,2021-08-24,['55'],prestation d'accompagnement des travailleurs handicapés (DCE téléchargeable gratuitement : https://profilacheteur.meuse.fr),joue,directive24,attribution,initial,Conseil départemental de la Meuse,55000,Bar-le-Duc,"[('2021-06-23', ""Association Meusienne pour l'Inclusion des Personnes en situation de Handicap (A.M.I.P.H)"", (402829, 'EUR'), ""Prestation d'accompagnement renforcé des personnes engagées dans un parcours d'insertion et reconnues en qualité de travailleurs handicapés"")]",['Prestations de services'],[274],non,non
21-86860,2021-06-26,2021-08-06,['55'],"installation, entretien et exploitation commerciale de mobiliers urbains publicitaires et non publicitaires",joue,directive24,appeloffre,initial,COMMUNAUTE D AGGL DU GRAND VERDUN,55100,Verdun,,['Mobilier urbain'],[231],non,non
21-86589,2021-06-26,2021-09-21,['56'],"Réalisation, fourniture et livraison de titres-restaurant.",joue,directive24,attribution,initial,SDIS 56,56038,VANNES CEDEX,"[('2021-06-18', 'NATIXIS INTERTITRES', (800000, 'EUR'), 'Prestation de réalisation, fourniture et livraison de titres-restaurant')]",['Titres restaurant'],[416],non,non
21-86029,2021-06-26,2021-07-25,['56'],accord cadre à bons de commande pour l'entretien d'espaces verts et fourniture de mobilier naturel,joue,directive24,attribution,initial,Ville de Sarzeau,56370,Sarzeau,,"['Espaces verts', 'Mobilier', 'Travaux forestiers', 'Végétaux', 'Voirie', 'Cimetière']","[116, 230, 350, 358, 365, 437]",non,non
21-86559,2021-06-26,2021-09-21,['57'],2021-Fa0013 - Fourniture de lames d'usures pour les engins de déneigement et de curage du Département de la Moselle,joue,directive24,attribution,initial,DEPARTEMENT DE LA MOSELLE,57036,Metz,"[('2021-06-23', 'Produr', (14084, 'EUR'), ""Lot no1 - Lames d'usure en acier pour les engins de déneigement et de curage du Département de la Moselle""), ('2021-06-23', 'Atcp', (17039.75, 'EUR'), ""Lot no2 - Lames d'usure en caoutchouc pour les engins de déneigement du Département de la Moselle"")]",['Matériaux routiers'],[199],non,oui
21-86804,2021-06-26,2021-11-30,['60'],Acquisition de traceurs avec accessoires au profit de l'Etablissement Géographique Interarmées de Creil,joue,directive24,appeloffre,initial,Plate Forme Achats Finances Nord Est,57044,Metz cedex 1,,"[""Matériel d'imprimerie""]",[211],non,oui
21-86852,2021-06-26,2021-09-21,['57'],Fourniture de produits pétroliers - Lot 1 : fourniture de carburantsLot 2 : Fourniture d'huiles et de lubrifiantsLot 3 : Fourniture de fioul domestique,joue,directive24,attribution,initial,Ville de Sarreguemines,57216,SARREGUEMINES Cedex,,['Produits chimiques'],[275],non,non
21-86944,2021-06-26,2021-07-03,"['57', '54']",Fourniture et la réparation de prothèses dentaires pour les Centres de Soins Dentaires de la CPAM de Moselle,joue,directive24,attribution,initial,CPAM de Moselle,57751,Metz cedex 9,"[('2021-05-04', 'LABORATOIRE MESSIN DENTAIRE', (125000, 'EUR'), 'FOURNITURE ET REPARATION DE PROTHESES DENTAIRES AUXCENTRES DE SOINS DENTAIRES DE LA CPAM DE MOSELLE')]","['Matériel médical', 'Prothèses']","[212, 284]",non,oui
21-87043,2021-06-26,2021-09-09,"['59', '2', '8', '51', '60', '62', '80']",Prestations de balisage sur le réseau routier national géré par la DIR Nord,joue,directive24,appeloffre,initial,DIR INTERDEPARTEMENTALE ROUTES NORD 59,59019,Lille cedex,,['Voirie et réseaux divers'],[366],non,oui
21-86614,2021-06-26,2021-08-30,"['59', '62', '80', '2']",ACCOMPAGNEMENT DE TPE/PME SUR L'AIDE AU CONSEIL EN RESSOURCES HUMAINES,joue,directive24,attribution,initial,CCI de région Nord de France,59031,Lille cedex,"[('2021-06-03', 'SARL ITINERAIRE CONSEIL ENTREPRISE', (151000, 'EUR'), 'Accompagnement - secteur Littoral HAUTS-DE-FRANCE et Artois/Ternois.'), ('2021-06-03', 'KOHERENCE', (151000, 'EUR'), 'Accompagnement - secteur Littoral HAUTS-DE-FRANCE et Artois/Ternois.'), ('2021-06-03', 'COMPETENCES & DIVERSITE', (151000, 'EUR'), 'Accompagnement - secteur Littoral HAUTS-DE-FRANCE et Artois/Ternois.'), ('2021-06-03', 'Kohérence', (151000, 'EUR'), 'Accompagnement - secteur Grand Lille et Grand Hainaut'), ('2021-06-03', 'COMPETENCES&DIVERSITE', (151000, 'EUR'), 'Accompagnement - secteur Grand Lille et Grand Hainaut'), ('2021-06-03', 'AEGIST CONSEIL SARL', (151000, 'EUR'), 'Accompagnement - secteur Grand Lille et Grand Hainaut'), ('2021-06-03', 'AEGIST CONSEIL SARL', (151000, 'EUR'), 'Accompagnement - secteur Amiens Picardie, Aisne et Oise.'), ('2021-06-03', 'SAS FIDEI RH', (151000, 'EUR'), 'Accompagnement - secteur Amiens Picardie, Aisne et Oise.'), ('2021-06-03', 'HIBYRD', (151000, 'EUR'), 'Accompagnement - secteur Amiens Picardie, Aisne et Oise.')]",['Prestations de services'],[274],non,non
21-86843,2021-06-26,2021-07-27,['59'],Assistance technique pour la réalisation d'études de modélisation du trafic et de la circulation/des déplacements,joue,directive24,appeloffre,initial,METROPOLE EUROPEENNE DE LILLE,59040,Lille cedex,,['Prestations de services'],[274],non,non
21-87103,2021-06-26,2021-09-21,['59'],Collectes des déchets ménagers et assimilés en porte-à-porte sur le territoire de la Métropole européenne de Lille hors Lille intramuros,joue,directive24,appeloffre,initial,METROPOLE EUROPEENNE DE LILLE,59040,Lille cedex,,"['Ordures ménagères (prestations)', 'Prestations de services']","[249, 274]",non,non
21-86993,2021-06-26,2021-07-23,['59'],"Fourniture, livraison, montage et installation de mobiliers, sièges et assises pour répondre aux besoins de l'Université du Littoral Côte d'Opale",joue,directive24,appeloffre,initial,Université du Littoral Côte d'Opale,59375,Dunkerque,,['Mobilier'],[230],oui,oui
21-86736,2021-06-26,2021-07-22,['59'],Maintenance et exploitation des installations de chauffage,joue,directive24,appeloffre,initial,Université du Littoral Côte d'Opale,59375,Dunkerque,,"['Chauffage (exploitation, entretien)']",[59],non,non
21-86994,2021-06-26,2021-09-21,['59'],"Transport sanitaire pour les personnes en ambulances, Vsl, bariatrique et autres transports pour le Ght du Dunkerquois et de l'Audomarois",joue,directive24,appeloffre,initial,Centre Hospitalier de Dunkerque,59385,Dunkerque,,"['Sanitaire', 'Transport']","[319, 347]",non,non
21-86540,2021-06-26,2021-07-26,['59'],Mission de maîtrise d'oeuvre pour la requalification de la Place des fusillés et déportés sur la commune de La Madeleine,joue,directive24,appeloffre,initial,METROPOLE EUROPEENNE DE LILLE,59800,Lille,,"[""Maîtrise d'oeuvre""]",[197],non,non
21-86829,2021-06-26,2021-08-24,"['59', '62', '80']",Accord-cadre de maîtrise d'oeuvre pour la réalisation des travaux de réhabilitation de la canalisation de transport d'eau potable du SMAEL,joue,directive24,attribution,initial,S.M.A.E.L.,59840,Premesques,,"['Alimentation en eau potable', ""Maîtrise d'oeuvre""]","[6, 197]",non,non
21-87084,2021-06-26,2021-07-26,['60'],"Mission de Maîtrise d'oeuvre portant sur l'extension, réhabilitation du groupe scolaire "" Les Marronniers "" à Cauffry",joue,directive24,appeloffre,initial,ADTO-SAO,60000,Beauvais,,"[""Maîtrise d'oeuvre""]",[197],non,non
21-86880,2021-06-26,2021-09-21,['60'],Entretien Et Réparations Des Installations Et équipements De Sécurité Incendie Installés Dans Divers Groupes Immobiliers De L'Opac De L'Oise,joue,directive24,attribution,initial,OPAC de l'Oise,60016,Beauvais,"[('2021-06-18', 'Acme Sifrrap', (41744, 'EUR'), 'Système de sécurité incendie (Ssi)')]",['Sécurité incendie'],[332],non,non
21-86786,2021-06-26,2022-06-24,['60'],etude hydrogéologique pour la délimitation de l'aire d'alimentation préférentielle des captages de baugy,joue,directive24,appeloffre,initial,Agglomération Région de Compiègne,60200,compiegne,,['Etude'],[118],non,non
21-87060,2021-06-26,2021-08-24,"['60', '75', '59', '80']",PLANTATION D'ARBRES ET ARBUSTES,joue,directive24,appeloffre,initial,COMMUNE DE LAMORLAYE,60260,Lamorlaye,,['Espaces verts'],[116],non,oui
21-87024,2021-06-26,2021-08-06,['62'],Modernisation de l'infrastructure technique,joue,directive24,appeloffre,initial,COMMUNE D ARRAS,62000,Arras,,"['Logiciel', 'Informatique (maintenance serveurs et réseaux)']","[186, 454]",non,oui
21-86560,2021-06-26,2021-08-24,['62'],accord cadre de services de télécommunications transport de données intersites à très haut débit et fibres noires,joue,directive24,attribution,initial,Conseil départemental du Pas-de-Calais,62018,Arras cedex 9,"[('2021-06-24', 'Linkt', (1109866, 'EUR'), 'Transport de données intersites à très haut débit de niveau 2'), ('2021-06-24', 'Serinya Telecom', (155520, 'EUR'), 'Accès et services de Fibres Optiques Noires')]",['Télécommunications'],[338],non,non
21-86902,2021-06-26,2021-08-03,['43'],RN102 - Liaison A75-Brioude - Construction des PI Routiers,joue,directive24,appeloffre,initial,DIR REG ENVIR AMENAGEMENT LOGT AUVERGN,63033,Clermont-ferrand cedex 01,,"[""Ouvrage d'art""]",[252],oui,oui
21-86752,2021-06-26,2021-07-26,['63'],MISE A DISPOSITION D'UNE SOLUTION DE PAIEMENT DEMATERIALISEE DU STATIONNEMENT EN VOIRIE POUR LA VILLE DE CLERMONT-FERRAND,joue,directive24,appeloffre,initial,Ville de Clermont-Ferrand,63033,CLERMONT-FERRAND,,['Logiciel'],[186],non,non
21-86634,2021-06-26,2021-07-16,['66'],"Acquisition de véhicules de moins de 3,5 tonnes pour la Ville de Perpignan",joue,autre,rectificatif,rectificatif,COMMUNE DE PERPIGNAN,66931,Perpignan Cedex,,['Véhicules (acquisition)'],[475],non,oui
21-87072,2021-06-26,2021-08-24,"['67', '75', '69', '21', '31', '59', '54']",Infrastructure nationale très haut-débit à fibres optiques pour Voies Navigables de France,joue,directive24,appeloffre,initial,Voies navigables de France,67010,Strasbourg,,['Fibre optique'],[133],oui,oui
21-71380,2021-06-26,2021-07-24,"['67', '68', '88', '55', '54', '57', '51', '52', '8']","assistance technique pour l'intégration des enjeux climat et biodiversité dans la conception des politiques publiques, dans le cadre de la budgétisation verte",joue,directive24,attribution,initial,REGION GRAND EST,67070,Strasbourg cedex,,['Assistance technique'],[19],non,oui
21-71368,2021-06-26,2021-07-24,"['67', '68', '8', '10', '51', '54', '55', '57', '88']",mission d'assistance à maîtrise d'ouvrage pour la formalisation d'un schéma directeur du numérique (sdn) de la région grand est,joue,directive24,attribution,initial,REGION GRAND EST,67070,Strasbourg cedex,,"[""Assistance à maîtrise d'ouvrage""]",[433],non,non
21-86604,2021-06-26,2021-07-26,['67'],Elimination des déchets de produits chimiques des HUS. Lot 1 : Traitement des déchets liquides à risques chimiques.,joue,directive24,attribution,initial,HOPITAUX UNIVERSITAIRES DE STRASBOURG,67091,Strasbourg cedex,"[('2021-05-26', 'TREDI STRASBOURG', (288000, 'EUR'), 'Traitement des déchets liquides à risques chimiques')]",['Prestations de services'],[274],non,non
21-78358,2021-06-26,2021-07-26,['68'],Achat et maintenance des systèmes d'impressions de m2A Habitat,joue,directive24,appeloffre,initial,m2A HABITAT,68071,Mulhouse Cedex,,"['Impression', 'Maintenance']","[160, 196]",non,non
21-87037,2021-06-26,2021-07-20,['69'],Contrat de maintenance préventive et curative des onduleurs des aérports de Lyon,joue,directive25,appeloffre,initial,Société Aéroports de Lyon,69125,Lyon-Saint Exupéry Aéroport,,"['Maintenance', 'Onduleur']","[196, 465]",non,non
21-86719,2021-06-26,2021-08-03,"['38', '69', '1', '26']",Enquêtes clients mystères,joue,autre,rectificatif,rectificatif,REGION AUVERGNE RHONE ALPES,69269,Lyon cedex 2,,['Prestations de services'],[274],non,non
21-86959,2021-06-26,2021-11-30,"['31', '9', '32', '64', '65', '81']",DAF_2020_002509 - ESID 21-004 à 005,joue,directive24,appeloffre,initial,DRSID Lyon,69347,Lyon cedex 07,,['Maintenance'],[196],non,oui
21-86583,2021-06-26,2021-07-31,['69'],Création d'un studio radio anthropocène,joue,directive24,attribution,initial,CUE - Université de Lyon,69361,Lyon cedex 07,,['Prestations de services'],[274],non,non
21-87035,2021-06-26,2021-07-31,['69'],Réhabilitation site universitaire des Quais - Démolition,joue,directive24,attribution,initial,CUE - Université de Lyon,69361,Lyon cedex 07,"[('2021-02-17', 'BRB CONSTRUCTION', (103744.43, 'EUR'), 'Réhabilitation du site universitaire des Quais - Démolition')]",['Bâtiment'],[33],non,non
21-86819,2021-06-26,2021-08-23,"['69', '7', '75', '1']",2021-29,joue,directive24,attribution,initial,Université Jean Moulin Lyon 3,69372,Lyon cedex 08,"[('2021-06-23', 'SNEF CONNECT / SNEF SA', (600000, 'EUR'), ""Contrôle d'accès"")]","[""Contrôle d'accès""]",[81],non,non
21-86641,2021-06-26,2021-09-21,['69'],Entretien Des Stades Municipaux Et Des Espaces Exterieurs,joue,directive24,attribution,initial,COMMUNE DE VAULX EN VELIN,69518,Vaulx en Velin cedex,,['Prestations de services'],[274],non,non
21-86649,2021-06-26,2021-09-21,['69'],"Entretien Des Stades Municipaux Et Des Espaces ExterieursLot no2 : Entretien des terrains sportifs en gazon synthétique (stades Jomard, Ladoumègue et Aubert)",joue,directive24,attribution,initial,COMMUNE DE VAULX EN VELIN,69518,Vaulx en Velin cedex,"[('2021-06-14', 'Technigazon', (60000, 'EUR'), 'Entretien des terrains sportifs en gazon synthétique (stades Jomard, Ladoumègue et Aubert)')]",['Prestations de services'],[274],non,non
21-86645,2021-06-26,2021-09-21,['69'],Entretien Des Stades Municipaux Et Des Espaces ExterieursLot no4 : Nettoyage des espaces extérieurs,joue,directive24,attribution,initial,COMMUNE DE VAULX EN VELIN,69518,Vaulx en Velin cedex,"[('2021-04-13', 'Serned', (100000, 'EUR'), 'Nettoyages des espaces extérieurs')]","['Espaces verts', 'Prestations de services']","[116, 274]",non,non
21-87069,2021-06-26,2021-09-21,['69'],Accord-cadre Mise à disposition d'un système de vote dématérialisé par Internet et services associés et expertise indépendante du système de vote électronique,joue,directive24,attribution,initial,Université Claude Bernard Lyon 1,69622,Villeurbanne cedex,,"['Informatique (prestations de services)', 'Logiciel']","[163, 186]",non,non
21-86865,2021-06-26,2021-07-27,['69'],Construction Du Groupe Scolaire Les Genets A Bron,joue,directive24,appeloffre,initial,COMMUNE DE BRON,69671,Bron,,"[""Maîtrise d'oeuvre""]",[197],non,non
21-87003,2021-06-26,2021-09-21,['69'],Gestion et animation de quatre équipements de proximité,joue,directive24,attribution,initial,Ville de Saint-Priest (69),69800,Saint-Priest,"[('2021-06-22', 'Fol69', (4020137, 'EUR'), None)]",['Prestations de services'],[274],non,non
21-84669,2021-06-26,2021-07-15,['71'],réalisation d'examens de biologie médicale pour le compte du centre hospitalier d'autun,joue,directive24,attribution,initial,Centre Hospitalier Chalon sur Saône,71321,CHALON SUR SAONE,"[('2021-06-24', 'ACM BIO UNILABS', (800000, 'EUR'), ""Réalisation d'examens de biologie médicale pour le compte du CH d'Autun"")]","['Analyses médicales, biologiques']",[8],non,non
21-86565,2021-06-26,2021-09-21,['73'],Accompagnement du Département de la Savoie dans le cadre de son programme d'émission Emtn (Euro Medium Term Notes) - Assistance juridique,joue,directive24,attribution,initial,DEPARTEMENT DE LA SAVOIE,73018,Chambery,"[('2021-06-22', 'Dentons', (9000, 'EUR'), None)]","['Prestations de services', 'Assistance juridique']","[274, 434]",non,non
21-86652,2021-06-26,2021-09-21,['73'],"Fourniture de compteur vélos, transmission et exploitation de données, pose et entretien",joue,directive24,attribution,initial,DEPARTEMENT DE LA SAVOIE,73018,Chambery,"[('2021-06-17', 'Eco-Compteur', (104410, 'EUR'), None)]",['Prestations de services'],[274],non,non
21-86552,2021-06-26,2021-09-21,['73'],Accord cadre mixte d'ingénierie de faisabilité et de conduite d'opération - Programme Step Bourget/Aix 2040,joue,directive25,attribution,initial,Cté d'Agglo du Lac du Bourget,73106,Aix les Bains,"[('2021-01-18', ""Cabinet d'études Marc Merlin"", (198000, 'EUR'), None)]",['Ingénierie'],[455],non,non
21-86640,2021-06-26,2021-09-21,['73'],Accord cadre multi attributaires relatif à la réalisation d'éléments de maîtrise d'oeuvre et d'études,joue,directive24,attribution,initial,Cté d'Agglo du Lac du Bourget,73106,Aix les Bains,"[('2021-03-31', 'Profils Etudes', (120000, 'EUR'), None), ('2021-03-31', 'Baron Ingenierie', (120000, 'EUR'), None), ('2021-03-31', 'Cabinet Longeray', (120000, 'EUR'), None), ('2021-03-31', 'Bg Ingénieurs Conseils', (120000, 'EUR'), None), ('2021-03-31', 'Epode', (120000, 'EUR'), None)]",['Ingénierie'],[455],non,non
21-86561,2021-06-26,2021-09-21,['74'],Marché no 2021/01 relatif à l'exécution des services de transport de personnes pour le compte de la Sibra,joue,directive24,attribution,initial,SIBRA,74003,Annecy,"[('2021-05-07', 'Transdve Bassin Annecien', (1621426.25, 'EUR'), None)]",['Transport'],[347],non,non
21-86655,2021-06-26,2021-09-21,['74'],Le marché 2021/02 porte sur l'exécution de services de transport régulier de personnes pour le compte de la Sibra sur le ressort territorial du Grand Annecy,joue,directive24,attribution,initial,SIBRA,74003,Annecy,"[('2021-05-07', 'Voyages Francony', (1380433.46, 'EUR'), ""Lot N°1 : 2 lignes régulières sur le secteur d'Annecy, Sevrier, Saint-Jorioz, Duingt""), ('2021-05-07', 'Transdev Bassin Annécien', (782386, 'EUR'), ""Lot N°2 : 1 ligne régulière sur le secteur d'Annecy, Veyrier-du-lac, Menthon-Saint-Bernard, Talloires"")]",['Transport'],[347],non,non
21-86800,2021-06-26,2021-08-09,['74'],LOCATION LONGUE DUREE DE VEHICULES LEGERS,joue,directive24,appeloffre,initial,CH Annecy Genevois,74370,EPAGNY METZ TESSY,,['Véhicules (location)'],[474],non,non
21-86766,2021-06-26,2021-07-30,['74'],Acquisition de véhicules liaison tout terrain,joue,directive24,appeloffre,initial,SCE DEPARTEMENTAL INCENDIE ET SECOURS,74960,Meythet,,"['Sécurité incendie', 'Véhicules (acquisition)']","[332, 475]",non,non
21-86458,2021-06-26,2021-07-24,['75'],Missions d'appui à la mise en oeuvre opérationnelle de programmes soutenus par l'Anah.,joue,directive24,appeloffre,initial,Agence nationale de l'habitat,75001,Paris,,"[""Assistance à maîtrise d'ouvrage""]",[433],non,non
21-86591,2021-06-26,2021-09-20,"['75', '11', '50', '37']","Concession de services pour la conception, la production et l'exploitation d'un parcours nocturne dans 3 monuments du CMN (3 lots)",joue,directive23,appeloffre,initial,Centre des monuments nationaux,75004,Paris,,['Spectacle'],[472],non,non
21-86626,2021-06-26,2021-09-18,"['75', '78', '77', '91', '92', '93', '94', '95']",Renouvellement des équipements de la station de transfert de Villetaneuse,joue,autre,rectificatif,rectificatif,Syndicat des Eaux d'Ile-de-France,75006,Paris,,"[""Travaux dans l'eau""]",[349],non,non
21-87051,2021-06-26,2021-08-27,['75'],"Développement du programme "" Mode et Matière """,joue,directive24,appeloffre,initial,UNIVERSITE PARIS SCIENCES ET LETTRES,75006,Paris,,['Etude'],[118],non,non
21-86594,2021-06-26,2021-07-26,['75'],Transport et installation d'oeuvres d'art et de mobilier à caractère patrimonial en Île-de-France,joue,directive24,appeloffre,initial,Ministère des Affaires étrangères,75007,Paris,,['Transport'],[347],non,non
21-87126,2021-06-26,2021-07-26,['75'],"Transport et distribution de plis, colis et objets divers en Ile de France et en France métropolitaine",joue,directive24,appeloffre,initial,CAISSE DES DEPOTS,75007,Paris,,['Colis'],[65],oui,oui
21-86833,2021-06-26,2021-10-15,['75'],Accord-cadre de fourniture et pose de signalétique non lumineuse pour le musée du quai Branly - Jacques Chirac,joue,directive24,appeloffre,initial,Musée du quai Branly-Jacques Chirac,75007,Paris,,['Signalétique'],[333],non,non
21-87113,2021-06-26,2021-07-19,['75'],Marché de fabrication et de maintenance d'une ligne de mobilier public destinée aux différents espaces de l'EPMO,joue,autre,rectificatif,rectificatif,ETS PUB DU MUS D ORSAY MUS ORANGERIE,75007,Paris,,['Mobilier'],[230],non,oui
21-86701,2021-06-26,2021-07-18,"['75', '77', '78', '91', '92', '93', '94', '95']","assistance technique à maîtrise d'ouvrage pour la conception, la réalisation et l'aménagement de centres opérationnels bus de persan (95), ormoy (91) et noiseau (94) (rectificatif)",joue,autre,rectificatif,rectificatif,Ile de France Mobilités,75009,Paris,,"[""Assistance à maîtrise d'ouvrage""]",[433],non,non
21-86479,2021-06-26,2021-09-15,['75'],"Réalisation de l'audit du compte d'exploitation du MAV, prestation d'optimisation du MAV, accompagnement au renouvellement du MAV et liquidation des comptes pour sa clôture",joue,directive24,attribution,initial,MINDEF/SGA/SPAC/S-Direction des achats,75009,Paris cedex 15,"[('2021-06-23', 'SELOGEC EXPERTISE', (900000, 'EUR'), ""Réalisation de l'audit du compte d'exploitation du marché d'agence de voyage (MAV), prestation d'optimisation du MAV, accompagnement au renouvellement du MAV et liquidation des comptes pour sa clôture"")]",['Prestations de services'],[274],oui,oui
21-86693,2021-06-26,2021-09-01,['94'],Marché de travaux pour la construction d'une résidence sociale de 130 logements et un local d'activités à rez-de-chaussée à Villejuif (94800),joue,autre,rectificatif,rectificatif,Adoma,75013,Paris,,['Gros oeuvre'],[144],non,non
21-86950,2021-06-26,2021-08-05,['75'],"Tierce maintenance multi applicative, développements associés et prestations associées, pour des applications en technologie Microsoft, Sybase et ObjectView.",joue,autre,rectificatif,rectificatif,Centre nationale du cinéma,75014,Paris,,['Informatique (prestations de services)'],[163],non,non
21-86573,2021-06-26,2021-09-01,['75'],"Réalisation de prestations visuelles portant sur des biens immobiliers de l'Etat à vendre ou à louer situés sur le territoire national : métropole, départements et régions d'Outre-Mer",joue,directive24,attribution,initial,Ministère Economie Industrie Emploi,75572,Paris cedex 12,,"['Publicité, Communication']",[285],non,non
21-87163,2021-06-26,2021-07-31,"['75', '92', '93', '94', '95', '77', '78']",Assistance et conseil financier dans le cadre du projet de développement du marché de Rungis de la Semmaris,joue,directive24,appeloffre,initial,AGENCE DES PARTICIPATIONS DE L ETAT,75572,Paris cedex 12,,['Prestations de services'],[274],non,non
21-86516,2021-06-26,2021-09-30,"['75', '92', '93', '94']","Prestations dédiées à la mise en oeuvre de la règlementation relative à l'exécution de travaux à proximité de certains ouvrages souterrains, aériens ou subaquatiques de transport ou de distributi",joue,directive24,appeloffre,initial,SIPPEREC,75588,Paris cedex 12,,['Prestations de services'],[274],non,non
21-86856,2021-06-26,2021-07-20,['75'],"Organisation de déjeuners réveillons destinés aux personnes âgées parisiennes (pendant la période des mois de novembre, décembre et janvier) en 4 lots",joue,directive24,appeloffre,initial,CAS-VP,75589,PARIS Cedex 12,,"['Repas, traiteur']",[304],oui,oui
21-87016,2021-06-26,2021-10-14,['75'],Fourniture d'arbustes pour plantations sur le domaine de la Ville de Paris,joue,directive24,appeloffre,initial,Ville de Paris - DEVE,75639,Paris cedex 13,,['Végétaux'],[358],non,oui
21-87130,2021-06-26,2025-12-31,"['75', '13', '32', '29', '20B', '62', '77', '44', '971']",Formation civique du parcours d'intégration républicaine,joue,directive24,appeloffre,initial,OFII,75732,Paris cedex 15,,['Prestations de services'],[274],oui,oui
21-87117,2021-06-26,2025-12-31,"['75', '1', '5', '49', '35', '93', '974', '8', '62']",Formation linguistique du contrat d'intégration républicaine,joue,directive24,appeloffre,initial,OFII,75732,Paris cedex 15,,['Prestations de services'],[274],oui,oui
21-87133,2021-06-26,2021-09-15,['75'],Formation civique du contrat d'intégration républicaine,joue,directive24,appeloffre,initial,OFII,75732,Paris cedex 15,,['Formation'],[410],oui,oui
21-86918,2021-06-26,2021-08-25,['76'],Fourniture et pose de signalétique,joue,directive24,attribution,initial,CCI de Rouen,76007,Rouen cedex 1,"[('2021-06-22', 'POLYSIGN', (200000, 'EUR'), 'Fourniture et pose de signalétique')]",['Signalétique'],[333],non,non
21-86956,2021-06-26,2021-08-25,"['76', '14', '27']",Fourniture et livraison de mobiliers pour la CCI Rouen Métropole,joue,directive24,attribution,initial,CCI de Rouen,76007,Rouen,"[('2021-06-22', ""BUROD'OC"", (280000, 'EUR'), 'Mobilier de bureau'), ('2021-06-22', 'MOBIDECOR', (120000, 'EUR'), 'Mobilier scolaire'), ('2021-06-22', ""BUROD'OC"", (100000, 'EUR'), 'Mobilier design')]",['Mobilier'],[230],non,non
21-87090,2021-06-26,2021-09-21,['76'],Entretien de voirie et des espaces publics - Viabilité hivernale Hivers 2020-2024,joue,directive24,attribution,initial,LE HAVRE SEINE METROPOLE,76085,Le Havre,"[('2020-11-26', 'Sas Benoit Le Maitre', (5515, 'EUR'), None)]",['Déneigement'],[98],non,non
21-86980,2021-06-26,2021-09-30,"['76', '14', '27', '50', '61']","Fourniture de gants, savons, SHA et dispositifs médicaux non stériles",joue,directive24,appeloffre,initial,GPT DE COOPERATION SANITAIRE HACOM,76170,Lillebonne,,['Produits pharmaceutiques'],[280],non,non
21-86986,2021-06-26,2021-07-26,['76'],Missions de maîtrise d'oeuvre d'élaboration du schéma d'aménagement à vocation économique et écologique du Secteur Orgachim Yorkshire de Seine Sud à Oissel,joue,directive24,appeloffre,initial,METROPOLE ROUEN NORMANDIE,76176,Rouen,,"[""Maîtrise d'oeuvre""]",[197],non,non
21-87018,2021-06-26,2021-07-24,['76'],fourniture de denrées alimentaires et confection de repas - mise à disposition d'un chef gérant,joue,directive24,attribution,initial,Ville de Sainte-Adresse,76310,Sainte Adresse,"[('2021-06-18', 'Société DUPONT RESTAURATION', (380000, 'EUR'), ""Fourniture de denrées alimentaires pour la cuisine centrale du Groupe Scolaire Antoine Lagarde et assistance technique à la confection de repas - mise à disposition d'un chef gérant"")]","['Restauration collective', 'Denrées alimentaires']","[66, 88]",non,non
21-87073,2021-06-26,2021-07-26,['77'],Marché public de services d'entretien des espaces verts de la ville de Savigny-le-Temple,joue,directive24,appeloffre,initial,COMMUNE DE SAVIGNY LE TEMPLE,77176,Savigny Le Temple,,['Espaces verts'],[116],non,non
21-86730,2021-06-26,2021-07-31,['77'],ACCORD CADRE D'ASSISTANCE TECHNIQUE A MAITRISE D'OUVRAGE POUR DES OPERATIONS D'AMENAGEMENTS ET DE CONSTRUCTIONS,joue,directive24,attribution,initial,SIETREM,77400,Saint-thibault-des-vignes,,"[""Assistance à maîtrise d'ouvrage""]",[433],non,non
21-87101,2021-06-26,2021-07-24,['77'],"Attribution de l'accord cadre à bons de commande concernant le marché de restauration scolaire, lot no1 et lot no2.",joue,directive24,attribution,initial,Ville de Saint Thibault des Vignes,77400,Saint Thibault des Vignes,"[('2021-05-15', 'QUADRATURE RESTAURATION', (618735, 'EUR'), ""Confection et livraison de repas en liaison froide pendant le temps scolaire et les vacances. Les convives sont ceux des écoles et de l'accueil de loisirs, enfants et adultes.""), ('2021-05-17', 'SOCIETE FRANCAISE DE RESTAURATION ET SERVICES', (67889, 'EUR'), 'Confection et livraison de repas en liaison froide, au restaurant scolaire Marie-Curie, pour les personnes âgées du CCAS')]","['Restauration collective', 'Repas, traiteur']","[66, 304]",non,non
21-86606,2021-06-26,2021-07-26,['77'],Prestations de logistique et de transport et prestations associées,joue,directive24,appeloffre,initial,Union des Groupements d'Achats Publics,77444,Marne-La-Vallée cedex 2,,['Transport'],[347],oui,oui
21-87067,2021-06-26,2021-07-23,['77'],fourniture et installation d'un dispositif hydraulique pour l'alimentation de machines d'essais pour l'enpc (rectificatif),joue,autre,rectificatif,rectificatif,Ecole Nationale des Ponts et Chaussées,77455,Champs-sur-Marrne,,['Equipement hydraulique'],[111],non,non
21-73625,2021-06-26,2021-09-10,['77'],"Acquisition et mise en place d'un systeme d'information budgetaire, financier et comptable "" GBCP """,joue,directive24,appeloffre,initial,Ecole Nationale des Ponts et Chaussées,77455,Champs-sur-Marne - Marne-la-Vallée Cedex 2,,"['Informatique (prestations de services)', 'Progiciel']","[163, 283]",non,non
21-86690,2021-06-26,2021-09-24,['78'],Marchés de prestations de services d'assurances,joue,directive24,attribution,initial,CROUS de Versailles,78000,Versailles,,['Assurance'],[20],non,non
21-86842,2021-06-26,2021-07-30,"['78', '75']",ENTRETIEN GENERAL DES CLAVECINS ET PIANO-FORTES ET AUTRES PRESTATIONS ANNEXES,joue,directive24,appeloffre,initial,EPCMDN-Versailles,78008,Versailles cedex,,['Prestations de services'],[274],non,non
21-87040,2021-06-26,2021-07-30,"['78', '92', '95', '75']","Aménagement, fourniture et pose de bâtiments provisoires.",joue,directive24,appeloffre,initial,COMMUNE DE SAINT GERMAIN EN LAYE,78100,Saint-germain-en-laye cedex,,['Bâtiments modulaires'],[27],non,non
21-87068,2021-06-26,2021-07-30,"['78', '75', '92', '95']",Mission de maîtrise d'oeuvre pour les travaux de rénovation du stade Georges Lefèvre.,joue,directive24,appeloffre,initial,COMMUNE DE SAINT GERMAIN EN LAYE,78101,Saint-germain-en-laye,,['Terrain de sport'],[342],non,non
21-86985,2021-06-26,2021-08-03,"['95', '78', '92', '93', '60']",TAVERNY (95) - EAR 921 - T28 - Réhabilitation du bâtiment,joue,directive24,appeloffre,initial,ESID IDF,78102,Saint germain en laye cedex,,"[""Tous corps d'état""]",[345],oui,oui
21-86658,2021-06-26,2021-09-21,['78'],Prestations de services relatives à la gestion des marchés d'approvisionnement de la commune de Viroflay,joue,directive24,attribution,initial,COMMUNE DE VIROFLAY,78220,Viroflay,"[('2021-06-23', 'Egs', (585390, 'EUR'), None)]",['Prestations de services'],[274],non,non
21-86700,2021-06-26,2021-09-01,['78'],Nettoiement et entretien du quartier du Valibout,joue,directive24,attribution,initial,Ville de Plaisir,78370,PLAISIR,"[('2021-06-17', 'AB ENVIRONNEMENT', (223200, 'EUR'), 'Nettoiement et entretien du quartier du Valibout')]",['Nettoyage urbain'],[240],non,non
21-86514,2021-06-26,2021-09-30,"['78', '75']",FOURNITURE DE PRODUITS DE DROGUERIE ET DE MATÉRIELS D'ENTRETIEN,joue,directive24,appeloffre,initial,MAIRIE DE CHATOU,78400,CHATOU,,"[""Produits d'entretien""]",[278],non,non
21-87099,2021-06-26,2021-07-26,['78'],Fourniture de carburants pris aux pompes de stations-service par cartes accréditives et services associés,joue,directive24,appeloffre,initial,COMMUNE DE CONFLANS SAINTE HONORINE,78700,Conflans Sainte Honorine,,"['Carburant, hydrocarbure']",[52],non,non
21-86965,2021-06-26,2021-07-12,['78'],Location et entretien des vêtements de travail et des EPI pour le personnel municipal,joue,autre,rectificatif,rectificatif,Ville de Houilles,78800,Houilles,,['Prestations de services'],[274],non,non
21-86510,2021-06-26,2021-09-21,['79'],Maintenance de la robinetterie du Centre Hospitalier Nord-Deux-Sèvres et du Centre Hospitalier de Mauléon,joue,directive24,attribution,initial,CENTRE HOSPITALIER DE NIORT,79021,Niort,"[('2021-06-22', 'Proxiserve', (614879, 'EUR'), None)]","['Maintenance', 'Matériel robinetterie']","[196, 311]",non,non
21-87011,2021-06-26,2021-09-21,['79'],Prestation De Surveillance Et De Securite Sur Sites Hospitaliers,joue,directive24,attribution,initial,CENTRE HOSPITALIER DE NIORT,79021,Niort,"[('2021-06-14', 'Sgi surveillance', (578160, 'EUR'), 'Prestation Pour Le Centre Hospitalier De Niort: Agent De Surveillance'), ('2021-06-14', 'Sgi surveillance', (578160, 'EUR'), 'Prestation Pour Le Centre Hospitalier Nord Deux Sevres: Agent De Securite Ssiap 1'), ('2021-06-14', 'Sgi surveillance', (269904, 'EUR'), 'Prestation Pour Le Centre Hospitalier Nord Deux Sevres: Agent De Securite Qualifie Cqp-Aps')]","['Gardiennage', 'Surveillance']","[138, 331]",non,non
21-87079,2021-06-26,2021-07-27,['82'],"supervision, exploitation, gestion monétique et maintenance d'infrastructures de recharge pour véhicules électriques et hybrides rechargeables",joue,directive24,appeloffre,initial,SDETG,82000,Montauban,,['Maintenance'],[196],non,non
21-86716,2021-06-26,2021-09-21,['82'],Tri Et Conditionnement Des Materiaux Recyclables Issus De La Collecte Selective,joue,directive24,attribution,initial,SYND MIXTE TRAITEMENT ORDURES MENAGERE,82013,Montauban,"[('2021-04-27', 'Drimm', (1829851, 'EUR'), None)]",['Collecte sélective'],[82],oui,non
21-86715,2021-06-26,2021-09-21,['82'],Assistance Technique Pour Le Suivi De La Dsp Portant Sur L'Usine D'Incineration Des Ordures Menageres,joue,directive24,attribution,initial,SYND MIXTE TRAITEMENT ORDURES MENAGERE,82013,Montauban,"[('2021-04-27', ""Cabinet d'Etudes Merlin"", (474460, 'EUR'), None)]",['Assistance technique'],[19],non,non
21-86717,2021-06-26,2021-09-21,['82'],Gestion De La Plateforme De Compostage Ecosud,joue,directive24,attribution,initial,SYND MIXTE TRAITEMENT ORDURES MENAGERE,82013,Montauban,"[('2021-04-27', 'Apag Environnement', (226914.07, 'EUR'), None)]",['Déchetterie (exploitation)'],[405],non,non
21-86989,2021-06-26,2021-07-26,['83'],"Maintenance Des Ascenseurs, Escaliers Mécaniques, élévateurs Pour Personnes à Mobilité Réduite Et Monte Charges Dans Les Batiments Du Département Du Var Relance Du Lot 3 : Pôle Tec",joue,directive24,appeloffre,initial,Conseil Général du Var,83000,Toulon,,['Maintenance'],[196],non,non
21-87076,2021-06-26,2021-07-26,['83'],Travaux d'entretien et d'amélioration des bâtiments et des collèges du Département du Var - Menuiseries extérieures-vitrerie - (4 lots),joue,directive24,appeloffre,initial,Conseil Général du Var,83000,Toulon,,['Menuiserie'],[222],non,non
21-86628,2021-06-26,2021-08-05,['83'],21trav07 Travaux de réhabilitation des pontons de plaisance du site portuaire du Lazaret,joue,directive24,appeloffre,initial,Métropole Toulon Provence Méditerranée,83041,Toulon,,['Installation portuaire'],[165],non,oui
21-86838,2021-06-26,2021-12-15,['83'],ASSISTANCE ET CONSEIL A MAITRISE D'OUVRAGE POUR L'ELABORATION ET LA MISE EN OEUVRE DU SCHEMA DIRECTEUR IMMOBILIER COMMUN DU CH DE BRIGNOLES ET DU CH DU LUC EN PROVENCE,joue,directive24,appeloffre,initial,CHI Toulon La Seyne sur Mer,83056,Toulon cedex,,"['Prestations de services', ""Assistance à maîtrise d'ouvrage""]","[274, 433]",non,non
21-87093,2021-06-26,2021-09-21,['83'],"Aoo en vue des prestations de conception, de réalisation, d'impression et de distribution de produits de communication de la ville de Toulon en 6 lots - Relance suite à déclaration",joue,directive24,attribution,initial,COMMUNE DE TOULON,83056,Toulon,"[('2021-05-25', 'Les Licornes Barbues', (29860, 'EUR'), 'Prestations de conception graphique et de création de maquettes'), ('2021-05-25', 'Imaye Graphic', (53046.49, 'EUR'), ""Prestations d'impression offset et prestations associées (façonnage, conditionnement et livraison) de supports de communication en grand tirage (tirages supérieurs à 15.000 exemplaires)""), ('2021-05-25', 'Imprimerie Trulli', (33823, 'EUR'), ""Prestations d'impression offset et prestations associées (façonnage, conditionnement et livraison) de supports de communication en tirages inférieurs à 15.000 exemplaires""), ('2021-05-25', 'Pfc Dullac', (29891.81, 'EUR'), ""Prestations d'impression hors offset (sérigraphie, numérique, reprographie, impression sur traceur) de supports de communication""), ('2021-05-25', 'Manugraph', (45561.14, 'EUR'), 'Prestations de réalisation de signalétique de communication et fournitures associées'), ('2021-05-25', 'Dve Provence Cote D Azur', (32603.78, 'EUR'), 'Prestations de distribution de produits de communication')]","['Impression', 'Reprographie']","[160, 305]",non,oui
21-86889,2021-06-26,2021-09-21,['83'],Accord-cadre à commandes en vue de la fourniture de mobilier scolaire pour les écoles publiques maternelles et élémentaires de la Ville de Toulon en deux lots,joue,directive24,attribution,initial,COMMUNE DE TOULON,83056,Toulon,"[('2021-06-01', 'La Saonoise De Mobiliers', (127603.25, 'EUR'), 'Fourniture de mobilier scolaire pour les écoles maternelles'), ('2021-06-01', 'La Saonoise De Mobiliers', (195009.02, 'EUR'), 'Fourniture de mobilier scolaire pour les écoles élémentaires')]",['Mobilier'],[230],non,non
21-87120,2021-06-26,2021-09-02,['83'],Appel d'offres en vue des prestations d'Assistance à Maîtrise d'Ouvrage pour les études de faisabilité et de programmation pour la création d'une médiathèque et d'un jardin su,joue,directive24,appeloffre,initial,COMMUNE DE TOULON,83056,Toulon,,"['Prestations de services', ""Assistance à maîtrise d'ouvrage"", 'Ingénierie']","[274, 433, 455]",non,non
21-86660,2021-06-26,2021-09-21,['83'],Fourniture acheminement de gaz naturel et services associés - marchés subséquents mono-attribués découlant de l'accord-cadre ayant le même objet,joue,directive24,attribution,initial,COMMUNE DE TOULON,83056,Toulon,"[('2021-03-25', 'Sas Gaz De Bordeaux', (67560, 'EUR'), ""Marché subséquent de fourniture et d'acheminement de gaz naturel et services associés des Pce distribués par Grdf région Auvergne-Rhône-Alpes et Provence-Alpes-Côte d'Azur"")]","['Electricité, gaz (fourniture)']",[443],non,non
21-86836,2021-06-26,2021-07-29,['83'],"MISSIONS DE PROGRAMMATION, D'ASSISTANCE MUSEOGRAPHIQUE ET CONCEPTION SCENOGRAPHIQUE (ET REALISATION ASSOCIEE) POUR LA COMMUNE DE SANARY-SUR-MER",joue,directive24,appeloffre,initial,COMMUNE DE SANARY SUR MER,83112,Sanary sur Mer,,['Prestations de services'],[274],oui,oui
21-86675,2021-06-26,2021-07-22,['83'],Maintenance des toitures des bâtiments du SDIS du Var,joue,directive24,attribution,initial,SDIS du Var,83300,Draguignan,"[('2021-06-18', 'NOVI-ETANCHEITE', (28704, 'EUR'), ""Prestations de maintenance préventive ou curative des toitures des bâtiments du Service Départemental d'Incendie et de Secours(SDIS) du Var."")]","['Maintenance', 'Prestations de services']","[196, 274]",non,non
21-86924,2021-06-26,2021-07-09,['83'],Création d'un pole technique - 14 lots,joue,autre,rectificatif,rectificatif,REGIE PORT PLAISANCE MARINES COGOLIN,83310,COGOLIN,,"['Charpente', 'Cloison, faux plafond', 'Gros oeuvre', 'Menuiserie', 'Revêtements de sols']","[57, 63, 144, 222, 308]",non,non
21-86632,2021-06-26,2021-08-20,['83'],Organisation et animation de l'accueil de loisirs sans hébergement.,joue,autre,rectificatif,rectificatif,Ville de La Cadière d'Azur,83740,La cadiere d'azur,,['Prestations de services'],[274],non,non
21-62302,2021-06-26,2021-08-03,"['84', '13', '30']",transport routier de personnes -2022-2025,joue,directive24,appeloffre,initial,Ville d'Avignon,84045,Avignon cedex 09,,['Transport'],[347],non,oui
21-14587,2021-06-26,2021-08-10,"['84', '13', '30']",restauration de peintures murales dans le cadre du plan de gestion des décors peints du palais des papes à avignon,joue,directive24,appeloffre,initial,Ville d'Avignon,84045,Avignon cedex 09,,"['Monuments historiques', ""Oeuvre d'art"", 'Prestations de services']","[236, 247, 274]",non,non
21-86593,2021-06-26,2021-08-31,['86'],Acquisition d'un appareil de fluorescence X dispersive en longueur d'onde,joue,directive24,attribution,initial,UNiversité de Poitiers,86034,Poitiers,"[('2021-06-21', 'Malvern Panalytical', (174292, 'EUR'), ""Acquisition d'un appareil de fluorescence X dispersive en longueur d'onde (FX)"")]",['Laboratoire (matériel)'],[188],non,non
21-86813,2021-06-26,2021-09-02,['86'],"Travaux de rénovation des façades l'amélioration de énergétique des bâtiments B25, B31, B35-B8 des bâtiments",joue,directive24,appeloffre,initial,UNiversité de Poitiers,86073,Poitiers cedex 9,,"['Abris', 'Gros oeuvre', 'Isolation', 'Ravalement', 'Revêtements muraux', 'Terrassement', ""Tous corps d'état""]","[1, 144, 169, 299, 309, 341, 345]",oui,oui
21-86661,2021-06-26,2021-08-05,['88'],maîtrise d'oeuvre pour la restauration de la basilique Saint-Maurice à Épinal (88),joue,directive24,appeloffre,initial,COMMUNE DE EPINAL,88000,Epinal,,"[""Maîtrise d'oeuvre"", 'Monuments historiques']","[197, 236]",non,non
21-83148,2021-06-26,2021-07-27,['88'],impression sur support papier et sérigraphie sur tous supports,joue,directive24,appeloffre,initial,Conseil Départemental des Vosges,88088,Epinal cedex 09,,['Impression'],[160],non,non
21-85448,2021-06-26,2021-07-26,['88'],déneigement et déverglaçage de la voirie départementale,joue,directive24,appeloffre,initial,Conseil Départemental des Vosges,88088,Epinal cedex 09,,['Déneigement'],[98],non,non
21-86520,2021-06-26,2021-07-30,"['91', '77', '75']",MARCHE DE TRAVAUX NEUFS ET D'ENTRETIEN DES VOIRIES,joue,directive24,appeloffre,initial,CAGrand Paris Sud Seine Essonne Sénart,91054,Evry courcouronnes cedex,,['Voirie'],[365],non,non
21-86963,2021-06-26,2021-08-02,['91'],Tierce Maintenance Applicative de l'application GEODE (gestion électronique documentaire) de la DGAC.,joue,directive24,appeloffre,initial,MEDDE / DGAC / SCN / SSIM,91200,Athis-Mons,,['Informatique (maintenance serveurs et réseaux)'],[454],non,oui
21-87102,2021-06-26,2021-12-31,['92'],Prestations de reprographie et conception graphique des thèsesl'Université Paris Nanterre,joue,directive24,appeloffre,initial,Université Paris Ouest Nanterre,92001,Nanterre cedex,,['Prestations de services'],[274],non,oui
21-86975,2021-06-26,2021-07-27,['92'],"Marché de fourniture de contenants, sacs et couverts pour la restauration dans une démarche de transition écologique responsable",joue,directive24,appeloffre,initial,CTRE NAL OEUVRES UNIVERSITAIRES SCOLAI,92170,Vanves,,"['Cuisine (équipement)', 'Sacs', 'Vaisselle', 'Verre']","[77, 318, 357, 361]",non,non
21-86822,2021-06-26,2021-09-01,['92'],"Acquisition et livraison de petits matériels informatiques, de composants et de consommables associés au profit d'un organisme du ministère des Armées",joue,directive24,attribution,initial,DPSD,92241,MALAKOFF,"[('2021-06-21', 'DHS', (18000, 'EUR'), 'Fourniture de petits matériels informatiques (accessoires informatiques/composants/périphériques informatiques/connectiques)'), ('2021-06-21', 'NUMERICARCHIVE', (70000, 'EUR'), 'Fourniture de petits matériels informatiques (outillages spécifiques informatiques/électroniques/appareils de mesure)')]",['Informatique (matériel)'],[162],non,non
21-86555,2021-06-26,2021-09-21,['92'],Services De Nettoyage Et Repassage Du Linge,joue,directive24,attribution,initial,Ville de Levallois,92300,Levallois,"[('2021-05-20', 'Blanchisserie Lucien', (280000, 'EUR'), 'Linge classique'), ('2021-05-20', 'Blanchisserie Lucien', (80000, 'EUR'), 'Linge haut de gamme')]",['Blanchissage'],[36],non,non
21-87054,2021-06-26,2021-09-20,['92'],Conception et réalisation d'un dispositif d'études d'opinions internes et d'analyse des résultats du baromètre managers,joue,directive24,attribution,initial,INST NAT DE LA PROPRIETE INDUSTRIELLE,92677,Courbevoie cedex,"[('2021-05-21', 'LE SPHINX DEVELOPPEMENT', (80589, 'EUR'), ""Conception et réalisation d'un dispositif d'études d'opinion interne et d'analyse des résultats du baromètre managers"")]",['Prestations de services'],[274],non,non
21-86976,2021-06-26,2021-08-04,['92'],Organisation de classes d'environnement entre janvier 2022 et février 2022 destinées aux enfants scolarisés dans les écoles élémentaires de la commune de Puteaux,joue,directive24,appeloffre,initial,Ville de Puteaux,92800,Puteaux,,['Prestations de services'],[274],non,non
21-86915,2021-06-26,2021-09-14,"['75', '67']",TRAITEMENT DES OPERATIONS BANCAIRES ET FOURNITURE DE SERVICES BANCAIRES ASSOCIES POUR LES ORGANISMES DE L'ASSURANCE RETRAITE,joue,directive24,appeloffre,initial,ACOSS,93108,Montreuil,,['Prestations de services'],[274],non,non
21-86659,2021-06-26,2021-09-26,"['93', '75']",Accord-cadre multi-attributaires à marchés subséquents pour la réalisation d études d impact sur le territoire de l EPT Plaine Commune,joue,directive24,appeloffre,initial,EPT Plaine Commune,93218,Saint-denis,,"['Etude', 'Prestations de services']","[118, 274]",non,non
21-86617,2021-06-26,2021-09-26,"['93', '75']","Accord-cadre multi-attributaires à marchés subséquents pour la réalisation d?études faune, flore et habitats sur le territoire de l?établissement public territorial Plaine Commune",joue,directive24,appeloffre,initial,EPT Plaine Commune,93218,Saint-denis,,"['Etude', 'Prestations de services']","[118, 274]",non,non
21-86904,2021-06-26,2021-10-01,['93'],Relance du marché entretien et la réparation du parc automobile de la ville de Pierrefitte-sur-Seine,joue,directive24,appeloffre,initial,ville de Pierrefitte-sur-Seine,93380,Pierrefitte sur seine,,['Véhicules'],[359],non,oui
21-86957,2021-06-26,2021-09-07,"['75', '77', '78', '91', '92', '93', '94', '95']","Travaux d'entretien et de remplacement de volets roulants, battants, coulissants, persiennes, stores, brise-soleil, rideaux d'occultation et rideaux à enroulement",joue,directive24,appeloffre,initial,Région Ile de France,93400,Saint ouen,,"[""Tous corps d'état""]",[345],non,non
21-86697,2021-06-26,2021-07-30,"['93', '75', '95', '77', '92', '94']",ACCORD-CADRE À BONS DE COMMANDE RELATIF À DES MISSIONS DE COORDINATION SÉCURITÉ ET PROTECTION DE LA SANTÉ - NIVEAUX 2 ET 3.,joue,directive24,appeloffre,initial,Mairie Villepinte,93420,Villepinte,,['Prestations de services'],[274],non,oui
21-78865,2021-06-26,2021-08-24,['93'],"location de cars avec chauffeurs annee 2021, reconductible eventuellement jusqu'en 2024 - relance du lot no1 a la suite d'une declaration sans suite",joue,directive24,attribution,initial,Ville d'Aulnay-sous-Bois,93600,Aulnay-sous-bois,"[('2021-05-03', 'SARL VIC', (360000, 'EUR'), 'LOCATION DE CARS AVEC CHAUFFEURS ANNEE 2021, RECONDUCTIBLE EVENTUELLEMENT JUSQU\x92EN 2024 \x96 RELANCE DU LOT N°1 A LA SUITE D\x92UNE DECLARATION SANS SUITE ')]",['Véhicules (location)'],[474],non,non
21-86685,2021-06-26,2021-07-26,['94'],"Mission d'appui à Maîtrise d'Ouvrage en "" Space Planning "" dans le cadre du projet de construction du rectorat de l'académie de Créteil",joue,directive24,appeloffre,initial,Rectorat de l'académie de Créteil,94010,Créteil,,"[""Assistance à maîtrise d'ouvrage""]",[433],non,non
21-87022,2021-06-26,2021-08-31,['94'],DSP EAU ORMESSON-NOISEAU,joue,directive23,attribution,initial,GRAND PARIS SUD EST AVENIR,94046,Créteil,"[('2021-06-09', 'SUEZ EAU FRANCE Entreprise régionale Sud et Est Ile-de-France', (6272000, 'EUR'), ""Concession de service public de distribution de l'eau potable sur le périmètre des communes de Noiseau et Ormesson sur Marne"")]",['Alimentation en eau potable'],[6],non,oui
21-87148,2021-06-26,2021-07-06,['94'],Entretien des espaces extérieurs de divers collèges publics et équipements scolaires départementaux.,joue,autre,rectificatif,rectificatif,Département du Val de Marne,94054,CRETEIL CEDEX,,['Espaces verts'],[116],oui,oui
21-86627,2021-06-26,2021-08-05,['94'],"Rénovation des installations de contrôle d'accès, de détection d'intrusion et de vidéosurveillance des sites de l'Ign",joue,directive24,appeloffre,initial,Institut Geographique National,94165,Saint-Mandé,,"[""Contrôle d'accès""]",[81],non,non
21-87150,2021-06-26,2021-07-24,['94'],"Le présent appel d'offres a pour objet la fourniture et la livraison de repas en liaison froide pour le collège Françoise Giroud, 14 rue Leroyer, 94300 Vincennes.",joue,directive24,attribution,initial,Collège Françoise Giroud,94300,Vincennes,"[('2021-06-23', 'SAGERE', (166000, 'EUR'), None)]","['Repas, traiteur']",[304],non,non
21-87031,2021-06-26,2021-07-24,['94'],"Le présent appel d'offres a pour objet la fourniture et la livraison de repas en liaison froide pour le collège Françoise Giroud, 14 rue Leroyer, 94300 Vincennes.",joue,directive24,attribution,initial,Collège Françoise Giroud,94300,Vincennes,,"['Repas, traiteur']",[304],non,non
21-86489,2021-06-26,2021-08-24,['94'],Travaux de réhabilitation des réseaux d'assainissement sur le territoire de l'EPT Paris Est Marne & Bois,joue,directive24,attribution,initial,EPT PARIS EST MARNE ET BOIS,94500,Champigny sur marne,"[('2021-06-23', 'Société VALENTIN ENVIRONNEMENT ET TRAVAUX PUBLICS', (120000, 'EUR'), ""Travaux de réhabilitation des réseaux d'assainissement sur le territoire de l'EPT Paris Est Marne & Bois"")]","['Assainissement', 'Irrigation']","[18, 168]",non,non
21-86484,2021-06-26,2021-08-24,['94'],Fourniture de contenants pour les déchets ménagers et assimilés,joue,directive24,attribution,initial,EPT PARIS EST MARNE ET BOIS,94500,Champigny sur marne,"[('2021-06-23', 'Société SULO FRANCE', (1300000, 'EUR'), 'Fourniture de contenants pour les déchets ménagers et assimilés')]","['Conteneur, poubelles']",[71],non,non
21-86491,2021-06-26,2021-08-24,['94'],Entretien des vêtements de travail du personnel de l'EPT Paris Est Marne & Bois,joue,directive24,attribution,initial,EPT PARIS EST MARNE ET BOIS,94500,Champigny sur marne,"[('2021-06-23', 'Sociét2 SUN PRESS', (220000, 'EUR'), ""Entretien des vêtements de travail du personnel de l'EPT Paris Est Marne & Bois"")]","['Blanchissage', 'Prestations de services']","[36, 274]",non,non
21-86611,2021-06-26,2021-07-30,['94'],Services d'assurances pour la commune de La Queue-en-Brie,joue,directive24,appeloffre,initial,ville de La Queue-en-Brie,94510,La queue en brie,,['Assurance'],[20],non,non
21-86570,2021-06-26,2021-08-09,['95'],Fourniture de carburants en station et péage autoroutier par carte accréditive pour le service départemental d'incendie et de secours du Val d'Oise 21-050,joue,directive24,appeloffre,initial,SCE DEPARTEMENTAL INCENDIE ET SECOURS,95000,Neuville sur oise,,"['Carburant, hydrocarbure']",[52],non,non
21-87164,2021-06-26,2021-07-26,['95'],"21sf03_mission d'ordonnancement, pilotage et coordination inter chantiers (Opcic) pour l'aménagement du secteur grand centre en lien avec le pôle gare de la Zac Grand Centre à Cerg",joue,directive24,appeloffre,initial,CACP,95027,Cergy-Pontoise,,['Prestations de services'],[274],non,non
21-86670,2021-06-26,2021-08-23,['95'],Impression et distribution de chèques d'accompagnement personnalisé (CAP) dans le cadre de l'aide d'urgence aux personnes en grande difficulté,joue,directive24,attribution,initial,Conseil général du Val d'Oise,95032,Cergy pontoise cedex,"[('2021-06-14', 'SOCIETE UP', (12360, 'EUR'), ""Impression et distribution de chèques d'accompagnement personnalisé (CAP) dans le cadre de l'aide d'urgence aux personnes en grande difficulté"")]",['Chèque cadeau'],[436],non,non
21-77246,2021-06-26,2021-07-30,['95'],conception et construction des extensions du bâtiment M.BRES et aménagement du site du centre hospitalier d'Argenteuil,joue,directive24,appeloffre,initial,Centre Hospitalier d'Argenteuil,95100,Argenteuil,,"[""Tous corps d'état""]",[345],non,non
21-86553,2021-06-26,2021-08-05,"['95', '75', '92']","Traitement des emballages recyclables, papiers et journaux-magazines, des déchets encombrants, gravats, gravats/plâtres, plâtres et des déchets végétaux",joue,directive24,appeloffre,initial,SYNDICAT AZUR,95100,ARGENTEUIL,,['Déchets non ménagers (prestations)'],[404],non,non
21-88023,2021-06-26,2021-07-12,['971'],"La mission de contrôle technique de cette consultation, a pour objet la réhabilitation lourde et le confortement parasismique de la Sous -Préfecture de Pointe à Pitre.",mapa,cmp2006,appeloffre,initial,Préfecture de Guadeloupe,97100,Basse terre,,['Contrôle technique'],[72],non,non
21-87156,2021-06-26,2021-07-05,['972'],Mission de maîtrise d'oeuvre domaine infrastructure pour la restauration de la Fontaine GUEYDON et ses abords,joue,autre,rectificatif,rectificatif,SOC ECONOMIE MIXTE AMENAGEMENT VILLE F,97200,Fort de france,,['Ingénierie'],[455],non,non
21-87097,2021-06-26,2021-09-30,['972'],Sélectionner un prestataire pour la réalisation du HUB digital de la destination Martinique pour le compte du Comité Martiniquais du Tourisme.,joue,directive24,appeloffre,initial,Comité Martiniquais du Tourisme,97276,Fort de France Cedex,,['Site internet'],[171],non,non
21-86759,2021-06-26,2021-07-07,['973'],"travaux de bâtiment relatifs à l'opération de construction de 76 lls et 1 commerce ""battures"" - ecoquartier g. othily à rémire-montjoly (rectificatif no2)",joue,autre,rectificatif,rectificatif,Société Immobilière de Kourou (SIMKO),97388,Kourou Cedex,,"['Bardage', 'Bâtiment', 'Charpente', 'Couverture', 'Electricité (travaux)', 'Gros oeuvre', 'Menuiserie', 'Peinture (travaux)', 'Plomberie (travaux)', 'Revêtements de sols', 'Revêtements muraux', 'Sanitaire', ""Tous corps d'état""]","[30, 33, 57, 74, 105, 144, 222, 264, 270, 308, 309, 319, 345]",oui,non
21-86737,2021-06-26,2021-07-27,['974'],"Accord-cadre de production et fourniture de plants indigènes et endémiques dans le cadre du projet départemental "" 1 million d'arbres pour la Réunion """,joue,directive24,appeloffre,initial,Département de la Réunion,97400,Saint-Denis,,"['Espaces verts', 'Végétaux']","[116, 358]",non,oui
21-86474,2021-06-26,2021-08-24,['974'],Travaux de mise en place d'une conduite d'adduction d'eau potable entre l'UPEP DE SAINT-PIERRE et le réservoir Cadet,joue,directive25,attribution,initial,C.I.V.I.S.,97410,Saint-Pierre,,"['Alimentation en eau potable', 'Canalisations']","[6, 48]",oui,non
21-86478,2021-06-26,2021-07-23,['974'],Acquisition de vêtement de travail et d'équipement de protection individuelle pour les services de la CIVIS.,joue,directive24,attribution,initial,C.I.V.I.S.,97410,Saint Pierre,"[('2021-03-12', ""SOCIETE AUSTRALE D'EQUIPEMENT"", (15000, 'EUR'), None), ('2021-03-12', 'PROMONET', (25000, 'EUR'), None), ('2021-03-12', 'PROMONET', (15000, 'EUR'), None), ('2021-03-12', ""SOCIETE AUSTRALE D'EQUIPEMENT"", (10000, 'EUR'), None)]","['Chaussures ou articles chaussants', 'Habillement', 'Textile']","[79, 150, 343]",non,non
21-86466,2021-06-26,2021-08-24,['974'],"Le présent marché a pour objet l'acquisition de véhicules légers et utilitaires pour les besoins de ses services GEMAPI, eau et assainissement.",joue,directive24,attribution,initial,C.I.V.I.S.,97410,Saint-Pierre,,['Véhicules (acquisition)'],[475],non,non
21-88022,2021-06-26,2021-08-06,['987'],Etude de marché et étude juridico-économique de la faisabilité et de la rentabilité d'un transport maritime inter-îles à propulsion bas-carbone (polynésie française).,mapa,cmp2006,appeloffre,initial,DPAM,98716,Pirae,,"['Etude', 'Prestations de services', 'Transport', 'Assistance juridique']","[118, 274, 347, 434]",non,non
21-52055,2021-06-26,2021-07-26,"['31', '9']","marché de maîtrise d'oeuvre pour les études de conception détaillées et le suivi des travaux de réalisation de la déviation de tarascon-sur-ariège par la rn20, en ariège.",joue,directive24,appeloffre,initial,RPA DREAL Languedoc-R - Midi-Pyrenées,,TOULOUSE CEDEX 9,,"[""Maîtrise d'oeuvre""]",[197],non,oui
21-77439,2021-06-26,2021-07-26,['22'],services d'assurances,joue,directive24,appeloffre,initial,Département des Côtes d'Armor,,Saint-Brieuc,,['Assurance'],[20],non,non
21-85903,2021-06-26,2021-07-30,['29'],marché d'exploitation des installations de génie climatique et de traitement d'eau de la nouvelle piscine de la communauté de communes de haute cornouaille à saint-goazec,joue,directive24,appeloffre,initial,Cté de Com de Haute Cornouaille,,Châteauneuf-du-Faou,,"['Assistance technique', 'Bois', 'Chauffage (exploitation, entretien)', 'Equipement de piscine', 'Maintenance', 'Combustible']","[19, 38, 59, 120, 196, 438]",non,non
21-85992,2021-06-26,2021-09-06,['81'],Services d'assurance pour la communauté d'Agglomération Gaillac Graulhet,joue,directive24,appeloffre,initial,Communauté d'aglomération Gaillac Grau,,Gaillac,,['Assurance'],[20],non,non
21-86525,2021-06-26,2021-08-24,['35'],RD 177 - mise a 2x2 voies de l'axe rennes redon - section saint-just - renac - fourniture et pose de dispositifs de retenue routiers métalliques,joue,directive24,attribution,initial,Département d'Ille et Vilaine,,Rennes,"[('2021-06-10', ""AER CARQUEFOU Ets d'AER SAS"", (1052117.3, 'EUR'), ""RD 177 Mise à 2x2 voies de l'axe RENNES-REDON Section SAINT JUST-RENAC Fourniture et Pose de dispositifs de retenue routiers métalliques"")]",['Glissières de sécurité'],[142],non,non
21-86831,2021-06-26,2021-07-23,['44'],fourniture de colonnes aériennes pour l'apport volontaire sur le territoire de nantes métropole,joue,directive24,attribution,initial,METROPOLE NANTES METROPOLE,,Nantes cedex 9,"[('2021-06-08', 'COLLECTAL', (453715.0, 'EUR'), 'Fourniture de colonnes aériennes en métal et de pièces détachées pour la collecte des déchets en apport volontaire'), ('2021-06-08', 'ECOBA', (407955.0, 'EUR'), 'Fourniture de colonnes aériennes en bois et de pièces détachées pour la collecte des déchets en apport volontaire')]","['Conteneur, poubelles']",[71],non,non
