a00_cle_idweb,g04_01_date_publication,g04_03_date_fin_diffusion,g04_07_dep_publication,g04_09_resume_objet,g01_02_01_famille,g01_02_02_perimetre,g01_02_03_nature,g01_02_04_statut,d01_01_denomination,d01_07_cp,d01_08_ville,d08_09_decision_titulaireandRENSEIGNEMENT,g04_052_descripteurs_libelles,g04_051_descripteurs_codes,g04_061_criteres_sociaux,g04_062_criteres_environnementaux
21-52753,2021-04-20,2021-05-19,"['1', '38', '39', '74', '69']",Aménagement du carrefour de la RD1005- Rue de Béjoud et des abords de la Mairie,fns,cmp2006,appeloffre,initial,COMMUNE D ORNEX,01210,Ornex,,"['Electricité (travaux)', 'Menuiserie']","[105, 222]",non,non
21-52720,2021-04-20,2021-05-17,['2'],MARCHE DE MAITRISE D'¼UVRE RELATIF AUX TRAVAUX CREATION D'UN INTERNAT D'EXCELLENCE - COLLEGE CONDORCET A VERVINS DANS L'AISNE-.,fns,cmp2006,appeloffre,initial,DEPARTEMENT DE L'AISNE,02000,Laon,,"[""Maîtrise d'oeuvre""]",[197],non,non
21-53148,2021-04-20,2021-05-26,['2'],réfection des toitures et des chéneaux du collège Hanotaux à Saint Quentin-.,fns,cmp2006,appeloffre,initial,DEPARTEMENT DE L'AISNE,02000,Laon,,"[""Tous corps d'état""]",[345],oui,non
21-52731,2021-04-20,2021-05-21,['2'],Marché de restauration scolaire - Groupement de commandes-.,fns,cmp2006,appeloffre,initial,CC PICARDIE DES CHATEAUX,02320,PINON,,['Restauration collective'],[66],non,non
21-52747,2021-04-20,2021-05-12,['4'],Aménagement d'un Pumptrack sur la station de Montclar,mapa,cmp2006,appeloffre,initial,COMMUNE DE MONTCLAR,04140,Montclar,,"['Peinture (fourniture)', 'Peinture (travaux)', 'Revêtements de sols', 'Terrassement', 'Aire de jeux']","[263, 264, 308, 341, 400]",non,non
21-53018,2021-04-20,2021-05-25,"['4', '5']",Fourniture et livraison journalière depuis une cuisine centrale de repas cuisinés et livrés en liaison chaude et/ou liaison froide pour les personnes âgées de la résidence autonomie,fns,cmp2006,appeloffre,initial,Residence Saint Michel,04300,Forcalquier,,"['Restauration collective', 'Repas, traiteur']","[66, 304]",non,non
21-52606,2021-04-20,2021-05-07,['6'],La fourniture de câbles industriels et informatiques pour la Régie Lignes d'Azur,fns,cmp2006,appeloffre,initial,Régie Ligne d'Azur,06100,Nice,,['Câblage'],[47],non,non
21-44945,2021-04-20,2021-05-11,['6'],réfection de la chaufferie du collège paul langevin à carros,fns,cmp2006,appeloffre,initial,Département des Alpes-Maritimes,06201,Nice Cedex 3,,['Chauffage (travaux)'],[61],non,oui
21-52559,2021-04-20,2021-05-04,['6'],ac mono-attributaire pour les travaux de vrd et de maçonnerie dans le cadre de la remise en état des sites du syndicat mixte situés au boréon - commune de saint martin vésubie touchés par tempête alex,fns,cmp2006,appeloffre,rectificatif,Syndicat mixte Deve Vesubie Valdeblore,06201,Nice cedex 03,,['Voirie et réseaux divers'],[366],non,non
21-52833,2021-04-20,2021-05-18,"['6', '13']",2021-035 contrat de maintenance des équipements hta des aéroports de la côte d'azur,mapa,cmp2006,appeloffre,initial,Société Aéroports de la Côte d'Azur,06206,Nice Cedex 3,,['Maintenance'],[196],oui,oui
21-52668,2021-04-20,2021-05-10,['6'],FOURNITURE ET LIVRAISON DE PRODUITS ET PETITS MATERIELS D'HYGIENE CORPORELLE ET CONSOMMABLES MEDICAUX,fns,cmp2006,appeloffre,initial,CENTRE COMMUNAL D ACTION SOCIALE,06600,Antibes,,"['Consommables médicaux', 'Hygiène (articles)', 'Literie']","[69, 153, 183]",non,oui
21-52999,2021-04-20,2021-05-31,['6'],"Acquisition de sacs poubelle en matière plastique de type "" vigipirate "" pour collecteurs de déchets",fns,cmp2006,appeloffre,initial,Ville d'Antibes Juan-les-Pins,06606,Antibes cedex,,['Sacs'],[318],non,non
21-48520,2021-04-20,2021-06-20,['7'],fourniture de matériels électriques pour les bâtiments municipaux,fns,cmp2006,attribution,initial,MAIRIE DE PRIVAS,07006,Privas cedex,,['Matériel électrique'],[203],non,non
21-51052,2021-04-20,2021-05-10,['8'],installation de pylônes et d'antennes pour stations fixes,fns,cmp2006,appeloffre,initial,SDIS des Ardennes,08000,Prix-les-mézières,,"['Antenne', 'Matériel de transmission']","[10, 210]",non,non
21-52746,2021-04-20,2021-06-29,['8'],Numérisation au format CNIG des documents d'urbanisme des communes membres d'Ardenne-Métropole,fns,cmp2006,attribution,initial,ARDENNE METROPOLE,08003,Charleville-Mézières,"[('2021-03-31', '1SPATIAL FRANCE SAS', (38527.2, 'EUR'), None)]",['Informatique (prestations de services)'],[163],non,non
21-52792,2021-04-20,2021-05-19,['10'],Travaux de désamiantage des réseaux de chauffage en vide-sanitaire de l'école élémentaire Marcel Pagnol à Troyes-.,mapa,cmp2006,appeloffre,initial,MAIRIE DE TROYES,10000,TROYES,,['Amiante (désamiantage)'],[479],non,non
21-52915,2021-04-20,2021-05-17,['10'],Programme voirie 2021-2022-.,fns,cmp2006,appeloffre,initial,COMMUNE DE DROUPT SAINT BASLE,10170,DROUPT SAINT BASLE,,"[""Ouvrage d'infrastructure""]",[253],non,non
21-52745,2021-04-20,2021-06-04,['10'],Accompagnement à la révision de la Charte du PNR de la Forêt d'Orient-.,fns,cmp2006,appeloffre,initial,SMAG du PNRFO,10220,PINEY,,['Etude'],[118],non,non
21-53034,2021-04-20,2021-05-11,['10'],Aménagement de la rue Jean Jacques Rousseau et déconnexion des gouttières du domaine public-.,fns,cmp2006,appeloffre,initial,COMMUNE DE SAINT JULIEN LES VILLAS,10800,SAINT JULIEN LES VILLAS,,"[""Ouvrage d'infrastructure""]",[253],non,non
21-53106,2021-04-20,2021-05-25,"['11', '31', '66', '9', '81']",Travaux Barrage de Pezens,mapa,cmp2006,appeloffre,initial,SI AMENAGEMENT HYDRAULIQUE BSN FRESQUE,11150,VILLEPINTE,,['Ouvrage hydraulique'],[255],non,non
21-53176,2021-04-20,2021-05-14,['11'],Acquisition de matériel informatique Année 2021,fns,cmp2006,appeloffre,initial,COMMUNE DE CASTELNAUDARY,11491,CASTELNAUDARY,,['Informatique (matériel)'],[162],non,non
21-52540,2021-04-20,2021-05-11,['12'],alimentation en eau potable - tdsm 2021commune de valady - travaux de renforcement et renouvellement des canalisations d'eau potable acier dans le village de serres,fns,cmp2006,appeloffre,initial,SYND MIXTE ADDUCTION EAU POTABLE MONTB,12220,Montbazens,,"['Alimentation en eau potable', 'Canalisations', 'Equipement hydraulique']","[6, 48, 111]",non,non
21-52764,2021-04-20,2021-05-20,['13'],"Fourniture de gaz industriels pour tous travaux de soudure, de gaz de carburation et de divers accessoires nécessaires au fonctionnement des bouteilles gaz industriels pour la Métropole AIX-MARSEIL..",fns,cmp2006,appeloffre,initial,METROPOLE D AIX MARSEILLE PROVENCE,13002,Marseille,,['Gaz divers'],[139],non,non
21-52806,2021-04-20,2021-05-27,['13'],"Approvisionnement en fournitures de bureaux, papiers et consommables informatiques",mapa,cmp2006,appeloffre,initial,CDT13,13006,Marseille,,"['Informatique (matériel)', 'Matériel de bureau', 'Papeterie']","[162, 207, 262]",non,non
21-52505,2021-04-20,2021-05-10,"['13', '83', '84']",Accompagnement à la création du Collège citoyens et à l'animation des travaux du Conseil de développement,fns,cmp2006,appeloffre,rectificatif,METROPOLE D AIX MARSEILLE PROVENCE,13007,Marseille,,"[""Assistance à maîtrise d'ouvrage""]",[433],non,non
21-52981,2021-04-20,2021-04-28,['13'],"Le marché a pour objet des travaux de terrassements, de voiries, de réseaux divers, d'éclairage public et d'espaces verts.Le linéaire concerné est voisin de 300 m.",fns,cmp2006,attribution,initial,METROPOLE D AIX MARSEILLE PROVENCE,13007,Marseille,"[('2021-04-14', 'SATR', (441939, 'EUR'), None)]","[""Tous corps d'état""]",[345],non,non
21-52928,2021-04-20,2021-06-21,['13'],Fabrication de pièces en PVC et en ABS pour les services techniques de la Régie des Transports Métropolitains,fns,cmp2006,appeloffre,initial,Régie des Transports Métropolitains,13013,Marseille,,"['Matériel de sécurité', 'Signalisation']","[209, 322]",non,non
21-53019,2021-04-20,2021-07-15,['13'],Travaux de rénovation de la voie tramway sur le site de la Blancarde à Marseille,fns,cmp2006,attribution,initial,Régie des Transports Métropolitains,13013,Marseille,,['Voies ferrées'],[364],non,non
21-52848,2021-04-20,2021-05-31,['13'],Numéro de la consultation : 202010011 ACCORD CADRE MULTI ATTRIBUTAIRE POUR DE PRESTATIONS DE CONTRÔLES EXTÉRIEURS DE MATÉRIAUX POUR LES PROJETS DU GPMM,fns,cmp2006,appeloffre,initial,GRAND PORT MARITIME DE MARSEILLE,13226,MARSEILLE,,['Assistance technique'],[19],non,non
21-52658,2021-04-20,2021-05-08,"['13', '30', '84', '83']","DC_006_2021 Isolation des façades par l'extérieur, remise en état des balcons et des garde-corps, installation d'un contrôle d'accès caserne les 3 Sautets à Aix-en-Provence (13)",fns,cmp2006,appeloffre,rectificatif,MIOMCT/DGGN/GENDARMERIE/RGPACA,13387,Marseille cedex 10,,"[""Contrôle d'accès"", 'Isolation']","[81, 169]",non,non
21-52676,2021-04-20,2021-05-21,"['13', '84', '83', '4']",DC _009_2021 - Le présent marché consiste à effectuer les travaux d'isolation par l'extérieur des façades des bâtiments familles et des locaux de service et la rénovation des toitures terras,fns,cmp2006,appeloffre,rectificatif,MIOMCT/DGGN/GENDARMERIE/RGPACA,13387,Marseille cedex 10,,['Isolation'],[169],non,non
21-53130,2021-04-20,2021-07-18,['13'],Marché public pour le recrutement d'un opérateur économiquechargé d'assurer la réalisation d'une prestation artistique musicale(Variété française)Le dimanche 18 juillet 2021 dans le,fns,cmp2006,attribution,initial,Commune d'Eyguières,13430,Eyguières,[],"['Prestations de services', 'Evénementiel']","[274, 445]",non,non
21-53128,2021-04-20,2021-07-18,['13'],Marché public pour le recrutement d'un opérateur économique chargé d'assurer la réalisation d'une prestation artistique musicale (Rap-Rnb)Le samedi 17 juillet 2021 dans le cadre de l&a,fns,cmp2006,attribution,initial,Commune d'Eyguières,13430,Eyguières,[],"['Prestations de services', 'Evénementiel']","[274, 445]",non,non
21-52646,2021-04-20,2021-07-18,['13'],Marché Public pour le choix d'un opérateur économique (société d'évènementiel et de communication) chargé de l'organisation et de la réalisation des prestations artistiques théâtrales e,fns,cmp2006,attribution,initial,Commune d'Eyguières,13430,Eyguières,"[('2021-04-12', 'COTE SUD', (199300, 'EUR'), None)]","['Prestations de services', 'Evénementiel']","[274, 445]",non,non
21-53061,2021-04-20,2021-07-18,['13'],Marché public pour le recrutement d'un opérateur économique chargé d'assurer la réalisation d'une prestation artistique musicale (concert de Variété française) le jeudi 15 juillet 2021,fns,cmp2006,attribution,initial,Commune d'Eyguières,13430,Eyguières,[],"['Prestations de services', 'Evénementiel']","[274, 445]",non,non
21-53038,2021-04-20,2021-05-21,['13'],"Développement d'un outil numérique permettant l'interopérabilité des plateformes de commercialisation pour l'intégration de données touristiques "" froides et chaudes "" dans le Système d",fns,cmp2006,appeloffre,initial,Région Provence Alpes Côte d'Azur,13481,Marseille,,"['Assistance technique', 'Informatique (prestations de services)', 'Logiciel', 'Informatique (maintenance serveurs et réseaux)', 'Ingénierie']","[19, 163, 186, 454, 455]",non,non
21-53147,2021-04-20,2021-06-30,"['13', '83']","Prestations de conception d'une solution de contrôle d'accès et location, installation et exploitation d'un système de contrôle d'accès pour le Grand Prix de France de Formule 1 20",fns,cmp2006,appeloffre,rectificatif,GPT INTERET PUB GD PRIX FRANCE CASTELL,13481,Marseille,,"[""Contrôle d'accès""]",[81],non,non
21-52713,2021-04-20,2021-07-18,['13'],Acquisition et maintenance de portiques détecteurs de métaux et tout autre matériel de détection pour la sécurité de la Région Provence-Alpes-Côte d'Azur,fns,cmp2006,attribution,initial,Région Provence Alpes Côte d'Azur,13481,Marseille,,['Matériel de sécurité'],[209],non,non
21-52706,2021-04-20,2021-05-17,['13'],Numéro de la consultation : 21TRA12 THEATRE LE SEMAPHORE - TRAVAUX DE RENOVATION,fns,cmp2006,appeloffre,initial,COMMUNE DE PORT DE BOUC,13528,Port de Bouc Cédex,,"['Climatisation', 'Gros oeuvre', 'Maçonnerie', 'Menuiserie']","[62, 144, 195, 222]",non,non
21-52566,2021-04-20,2021-06-20,['13'],exécution d'un service d'accueil physique & téléphonique et tâches administratives,fns,cmp2006,attribution,initial,CEREQ,13567,Marseille CEDEX 02,,"[""Aire d'accueil"", 'Mise à disposition de personnel']","[430, 461]",oui,non
21-53090,2021-04-20,2021-05-27,['13'],"La ville de Vitrolles envisage de confier à une entreprise le renforcement des sols du groupe scolaire Lucie Aubrac. Il s'agit de mettre en oeuvre par injection, en différents points du sol et de",fns,cmp2006,appeloffre,initial,COMMUNE DE VITROLLES,13743,Vitrolles cedex,,['Terrassement'],[341],non,non
21-52524,2021-04-20,2021-05-20,['14'],Travaux de restructuration du collège Boris Vian à Mézidon Vallée d'Auge,fns,cmp2006,appeloffre,rectificatif,DEPARTEMENT DU CALVADOS,14000,Caen,,"['Charpente', 'Electricité (travaux)', 'Gros oeuvre', 'Plomberie (travaux)', 'Amiante (désamiantage)']","[57, 105, 144, 270, 479]",non,non
21-52926,2021-04-20,2021-05-31,"['14', '61']",RESTRUCTURATION DU BLOC OPERATOIRE DU CENTRE HOSPITALIER D'ARGENTAN,fns,cmp2006,appeloffre,initial,CENTRE HOSPITALIER UNIVERSITAIRE,14033,Caen,,"[""Tous corps d'état""]",[345],non,non
21-52545,2021-04-20,2021-05-27,['76'],Seine-Maritime - Château d'Arques la Bataille - Travaux d'urgence pour la consolidation de la courtine Est.,fns,cmp2006,appeloffre,initial,MINISTERE DE LA CULTURE,14052,Caen cedex,,['Maçonnerie'],[195],non,non
21-53194,2021-04-20,2021-05-20,['14'],LISIEUX - Programme 1053 - Travaux de rénovation 82 HLM - Allée Georges Bizet - Rue Maurice Ravel,fns,cmp2006,appeloffre,initial,PARTELIOS HABITAT,14280,Saint Contest,,"['Ascenseur', 'Bâtiment', 'Carrelage', 'Charpente', 'Chauffage (travaux)', 'Couverture', 'Electricité (travaux)', 'Etanchéité', 'Gros oeuvre', 'Menuiserie', 'Métallerie', 'Peinture (travaux)', 'Plâtrerie', 'Plomberie (travaux)', 'Ravalement', 'Revêtements de sols', 'Ventilation', 'Voirie et réseaux divers']","[17, 33, 53, 57, 61, 74, 105, 117, 144, 222, 223, 264, 269, 270, 299, 308, 360, 366]",non,non
21-52957,2021-04-20,2021-05-18,['14'],travaux de création d'un réseau d'assainissement collectif que le secteur du bourg et renouvellement du réseau eau potable- commune de vaux sur aure,fns,cmp2006,appeloffre,initial,Cté de Communes Bayeux Intercomm.,14400,Bayeux,,"['Alimentation en eau potable', 'Assainissement']","[6, 18]",non,non
21-53186,2021-04-20,2021-05-21,['16'],Service d'Aunac - Alimentation en Eau Potable-Renouvellement de canalisations,fns,cmp2006,appeloffre,initial,SIAEP NORD EST CHARENTE,16450,SAINT CLAUD,,['Alimentation en eau potable'],[6],non,non
21-52803,2021-04-20,2021-05-20,"['13', '30', '34', '83', '84', '4']",Travaux de réhabilitation des pistes des Marais du Vigueirat (13),fns,cmp2006,appeloffre,initial,Conservatoire du littoral,17306,Rochefort cedex,,['Terrassement'],[341],non,oui
21-53074,2021-04-20,2021-05-20,['17'],Réhabilitation de l'immeuble A2 de la résidence Philippe (Phase Travaux),fns,cmp2006,appeloffre,initial,Commune de Jonzac,17501,Jonzac,,"['Ascenseur', 'Cloison, faux plafond', 'Electricité (travaux)', 'Etanchéité', 'Gros oeuvre', 'Isolation', 'Menuiserie', 'Nettoyage de locaux', 'Peinture (travaux)', 'Plomberie (travaux)', 'Revêtements de sols', 'Revêtements muraux', 'Serrurerie']","[17, 63, 105, 117, 144, 169, 222, 239, 264, 270, 308, 309, 321]",oui,oui
21-52590,2021-04-20,2021-05-31,['18'],"réfection de charpente, travaux couverture et maçonnerie sur la grange communale",fns,cmp2006,attribution,initial,COMMUNE DE FEUX,18300,FEUX,"[('2021-04-14', 'SARL LEGER PERE ET FILS', (68910.84, 'EUR'), None), ('2021-04-14', 'ECB', (28936, 'EUR'), None)]",['Charpente'],[57],non,non
21-53100,2021-04-20,2021-05-17,['19'],"Collège Allassac - Restructuration de la demi-pension et création de 4 salles de classes.Le présent projet prévoit la création d'une nouvelle demi-pension, et la création de 4 salles de classes",fns,cmp2006,appeloffre,initial,DEPARTEMENT DE LA CORREZE,19005,Tulle cedex,,"['Démolition', 'Isolation', 'Menuiserie', 'Peinture (travaux)', 'Revêtements de sols']","[87, 169, 222, 264, 308]",oui,oui
21-53091,2021-04-20,2021-05-11,['20B'],Evolution et extension des réseaux WIFI au stade Armand Cesari,fns,cmp2006,appeloffre,initial,Communauté d'Agglomération de Bastia,20291,BASTIA CEDEX,,['Fibre optique'],[133],non,non
21-52960,2021-04-20,2021-05-31,['21'],conception-realisation d'une seconde helistation en terrasse hopital françois mitterrand hall a (bocage central) chu dijon bourgogne,fns,cmp2006,attribution,initial,Centre Hospitalier Universitaire Dijon,21079,dijon cedex,,"[""Tous corps d'état""]",[345],non,non
21-53119,2021-04-20,2021-05-18,['21'],Entretien des espaces verts de la Ville de Chenôve,fns,cmp2006,appeloffre,initial,COMMUNE DE CHENOVE,21303,Chenôve,,['Espaces verts'],[116],non,oui
21-52775,2021-04-20,2021-05-25,['21'],Travaux d'aménagements intérieurs de la médiathèque tiers lieu 'La Parenthèse' à QUETIGNY,fns,cmp2006,appeloffre,initial,COMMUNE DE QUETIGNY,21800,Quetigny,,"['Bâtiment', 'Electricité (travaux)', 'Menuiserie', 'Peinture (travaux)', 'Plomberie (travaux)']","[33, 105, 222, 264, 270]",non,oui
21-53195,2021-04-20,2021-05-11,['24'],Maîtrise d'oeuvre pour les travaux d'isolation thermique des façades du bâtiment B du collège Clos Chassaing à Périgueux,mapa,cmp2006,appeloffre,initial,Conseil Général de la Dordogne,24019,PERIGUEUX,,"[""Maîtrise d'oeuvre""]",[197],non,non
21-53202,2021-04-20,2021-05-18,['24'],Travaux de restauration d'habitats favorables à la reproduction des salmonidés sur la Dordogne Corrézienne - Tranche 2021,mapa,cmp2006,appeloffre,initial,EPTB de la Dordogne - EPIDOR,24250,CASTELNAUD LA CHAPELLE,,['Prestations de services'],[274],non,non
21-52687,2021-04-20,2021-05-26,"['25', '70', '90', '39', '21', '58', '89', '71']",Fourniture d'un microtracteur neuf pour la tonte et le déneigement ainsi que ses accessoires.,mapa,cmp2006,appeloffre,initial,CENTRE HOSPITALIER REGIONAL UNVT,25030,Besançon,,['Véhicules'],[359],non,non
21-52627,2021-04-20,2021-05-17,"['25', '71']",Amélioration thermique et réfection des toitures des bâtiments 00 et 01 du lycée Lamartine à Mâcon 71,fns,cmp2006,appeloffre,initial,REGION BOURGOGNE FRANCHE COMTE,25031,Besançon cedex,,"['Charpente', 'Couverture', 'Echafaudage']","[57, 74, 101]",non,non
21-52763,2021-04-20,2021-05-17,['25'],"Accompagnement à la création d'une Coopérative du Numérique : Planoise, quartier d'excellence numérique (rectificatif)",fns,cmp2006,appeloffre,rectificatif,Grand Besançon Métropole,25053,Besançon,,"['Etude', 'Ingénierie']","[118, 455]",non,non
21-52502,2021-04-20,2021-05-10,['25'],marché public de maîtrise d'oeuvre pour le réaménagement des locaux de la communauté de communes loue lison à amancey,mapa,cmp2006,appeloffre,initial,Communauté de Communes Loue Lison,25290,Ornans,,"[""Maîtrise d'oeuvre""]",[197],non,non
21-53041,2021-04-20,2021-05-21,['26'],Fourniture de sacs en plastique et de sacs papier pour le Groupement Hospitalier de Territoire,fns,cmp2006,appeloffre,initial,Centre Hospitalier de Valence,26953,Valence,,['Sacs'],[318],non,non
21-49616,2021-04-20,2021-05-11,['27'],Contrat de maîtrise d'oeuvre pour la réalisation d'un pôle de santé libéral et ambulatoire à Guichainville,fns,cmp2006,appeloffre,initial,SPL EVREUX NORMANDIE AMENAGEMENT,27000,Evreux,,"[""Maîtrise d'oeuvre""]",[197],non,non
21-52900,2021-04-20,2021-05-20,['27'],"Travaux d'aménagement du quartier Saint-Michel, place Aimé Doucerain à Evreux",fns,cmp2006,attribution,initial,CA EVREUX PORTES DE NORMANDIE,27004,EVREUX CEDEX,"[('2021-04-16', 'COLAS FRANCE (anciennement IDFN SAS)', (1666545.05, 'EUR'), None), ('2021-04-16', 'VALLOIS', (135480.62, 'EUR'), None)]","['Espaces verts', 'Voirie et réseaux divers']","[116, 366]",non,non
21-52822,2021-04-20,2021-06-20,['27'],réalisation de levées topographiques des sites du setom,fns,cmp2006,attribution,initial,SETOM,27091,Evreux cedex 9,,['Topographie'],[344],non,non
21-52799,2021-04-20,2021-06-20,['27'],prestations d'analyse selon des normes réglementées des lots de composts issus du broyage puis criblage de déchets verts sur les plateformes de compostage du setom afin d'en connaître la composition,fns,cmp2006,attribution,initial,SETOM,27091,Evreux cedex 9,,"['Prestations de services', 'Déchets non ménagers (prestations)', 'Composteur']","[274, 404, 439]",non,non
21-52771,2021-04-20,2021-06-19,['27'],le marché a pour objet la mise en place d'une prestation de gardiennage physique sur l'isdnd de l'ecoparc de mercey (27950 la chapelle-réanville) en dehors des heures d'ouverture.,fns,cmp2006,attribution,initial,SETOM,27091,Evreux cedex,,['Gardiennage'],[138],non,non
21-52684,2021-04-20,2021-05-20,['27'],location d'engins de manutention quais de transfert du setom,fns,cmp2006,appeloffre,initial,SETOM,27091,Evreux cedex 9,,['Matériel de manutention'],[208],non,non
21-52924,2021-04-20,2021-06-18,"['27', '76']",création d'une voie douce entre le thuit signol et la saussaye,fns,cmp2006,appeloffre,initial,COMMUNE DU THUIT DE L'OISON,27370,Le Thuit de l'Oison,,['Voirie'],[365],non,non
21-52985,2021-04-20,2021-05-12,['27'],création d'un lotissement,fns,cmp2006,appeloffre,initial,MAIRIE DE LE BOSC DU THEIL,27370,Le bosc du theil,,['Voirie et réseaux divers'],[366],non,non
21-52876,2021-04-20,2021-06-01,"['28', '27']",prestations de service d'assurances pour les besoins de la ville de saint remy sur avre,fns,cmp2006,appeloffre,initial,Ville de St Rémy sur Avre,28380,saint rémy sur avre,,['Assurance'],[20],non,non
21-52944,2021-04-20,2021-05-17,"['27', '28']",travaux de voirie 2021,fns,cmp2006,appeloffre,initial,Ville de St Rémy sur Avre,28380,saint remy sur avre,,['Voirie'],[365],non,non
21-53089,2021-04-20,2021-05-11,['29'],Marché de conception-réalisation pour la rénovation énergétique de la Bibliothèque universitaire du Bouguen,fns,cmp2006,appeloffre,initial,Université de Bretagne Occidentale,29238,Brest cedex 3,,"['Bardage', 'Isolation']","[30, 169]",oui,oui
21-52690,2021-04-20,2021-05-14,"['29', '22', '35', '56']",Mission de maîtrise d'oeuvre - Construction d'un restaurant scolaire et réhabilitation d'une construction existante en garderie,fns,cmp2006,appeloffre,initial,Ville de Morlaix,29671,Morlaix cedex,,"[""Maîtrise d'oeuvre""]",[197],non,non
21-52708,2021-04-20,2021-07-18,['30'],Fabrication et pose de repères de crue sur le bassin versant du Vidourle,mapa,cmp2006,attribution,initial,EPTB Vidourle,30250,SOMMIERES,,['Panneaux'],[261],non,non
21-52655,2021-04-20,2021-05-10,['31'],"MARCHÉ 2021-014 : MISSIONS DE COORDINATION SPS ET DE CONTROLE TECHNIQUE POUR LA RENOVATION ENERGETIQUE DES BATIMENTS 42 BIO3, 48 EXAM/AIME ET RESIDENCE ETUDIANTE 1 (R1)",fns,cmp2006,appeloffre,initial,INSA de Toulouse,31077,Toulouse cedex 4,,['Contrôle technique'],[72],non,non
21-53187,2021-04-20,2021-05-21,['32'],Marché livraison de repas à domicile,fns,cmp2006,appeloffre,initial,CENTRE HOSPITALIER D AUCH,32000,AUCH,,"['Repas, traiteur']",[304],non,non
21-53095,2021-04-20,2021-05-11,['33'],"Migration du logiciel Autoturn, maintenance et prestations complémentaires",fns,cmp2006,appeloffre,initial,Bordeaux Métropole,33045,BORDEAUX,,['Logiciel'],[186],non,non
21-52180,2021-04-20,2021-05-18,['33'],Etudes programmatique et pré-opérationnelle sur le secteur centre-bourg de Martignas sur Jalle,fns,cmp2006,appeloffre,initial,Bordeaux Métropole,33045,Bordeaux Cedex,,['Etude'],[118],non,non
21-52872,2021-04-20,2021-06-09,['17'],"Rochefort (17) - BA721 - Travaux d'alimentations électriques, construction d'un poste haute tension, courants forts et courants faibles pour deux hangars avions.",fns,cmp2006,appeloffre,initial,MINDEF/SGA/DCSID/ESID Bordeaux,33068,Bordeaux cedex,,['Electrification rurale'],[106],oui,oui
21-53046,2021-04-20,2021-05-21,['33'],"RÉALISATION DE PRODUCTIONS AUDIOVISUELLES DESTINÉES A PROMOUVOIR LES PROJETS ARTISTIQUES RETENUS POUR LES "" SCÈNES D'ÉTÉ ITINÉRANTES 2022 """,mapa,cmp2006,appeloffre,initial,DEPARTEMENT DE LA GIRONDE,33074,Bordeaux,,"['Prestations de services', 'Publicité, Communication']","[274, 285]",non,non
21-52978,2021-04-20,2021-05-19,['33'],"Missions de Contrôle Technique, SPS et OPC pour la reconstruction/réhabilitation de l'Ecole Paul Bert",mapa,cmp2006,appeloffre,initial,Ville d'Arcachon,33311,ARCACHON Cedex,,"['Contrôle technique', ""Mission d'ordonnancement, pilotage, coordination (OPC)"", 'Prestations de services']","[72, 234, 274]",non,non
21-53145,2021-04-20,2021-05-10,['33'],Mission de maîtrise d'?uvre relative aux travaux hydrauliques et d'entretien sur les digues de la Dordogne et de la Laurence et entretien de la Laurence aval et le Jacoutet aval,fns,cmp2006,appeloffre,initial,CdC du secteur de Saint Loubès,33452,Saint loubès,,['Etude'],[118],non,non
21-52528,2021-04-20,2021-05-31,['33'],Aménagement de la Rue des Castaings et de la Rue du Château,fns,cmp2006,attribution,initial,Ville Le Teich,33470,Le Teich,"[('2021-04-12', 'EIFFAGE ROUTE SUD OUEST TP', (411801.8, 'EUR'), None)]",['Voirie et réseaux divers'],[366],non,non
21-53156,2021-04-20,2021-05-17,['33'],Entretien et maintenance du parc des abris voyageurs de la COBAN,fns,cmp2006,appeloffre,initial,CdC Bassin d'Arcachon Nord,33510,Andernos les bains,,['Abris'],[1],non,oui
21-52582,2021-04-20,2021-05-19,"['34', '30']","extension et restructuration du palais des sports "" jacques chaban-delmas "" - phase ii - agrandissement du gymnase",fns,cmp2006,appeloffre,initial,Ville de Castelnau-le-lez,34173,Castelnau-le-Lez,,"['Bardage', 'Bâtiment', 'Charpente', 'Electricité (travaux)', 'Equipement sportif', 'Etanchéité', 'Gros oeuvre', 'Menuiserie', 'Peinture (travaux)', 'Plâtrerie', 'Plomberie (travaux)', 'Revêtements de sols', 'Serrurerie', 'Terrassement']","[30, 33, 57, 105, 113, 117, 144, 222, 264, 269, 270, 308, 321, 341]",non,non
21-52862,2021-04-20,2021-07-18,['34'],Délégation de service public pour l'exploitation d'un petit train routier touristique électrique et/ou solaire sur le territoire communal de La Grande Motte,dsp,autre,attribution,initial,COMMUNE DE LA GRANDE MOTTE,34280,La Grande Motte,"[('2021-04-16', 'Color Group Experience / Color Train', (172800, 'EUR'), None)]",['Transport'],[347],non,non
21-53088,2021-04-20,2021-05-31,['35'],La présente consultation a pour objet la réalisation des prestations de travaux sur le réseau adduction eau potable au profit de la SPL EAU DU BASSIN RENNAIS pour les travaux suivants :1. CREATIO..,fns,cmp2006,attribution,initial,SPL EAU DU BASSIN RENNAIS,35000,Rennes,"[('2020-06-26', 'CISE', (3900000, 'EUR'), None)]",['Réseaux divers'],[306],non,non
21-52842,2021-04-20,2021-05-20,['27'],"mission de diagnostics cvcd, courants faibles, courants forts, énergétique et qualité de l'air",fns,cmp2006,appeloffre,initial,Ministère de la Justice,35000,Rennes,,"['Chauffage (exploitation, entretien)', 'Chauffage (matériel)', 'Climatisation', 'Electricité (travaux)', 'Etude', 'Gaz divers', 'Sanitaire', 'Ventilation', 'Electricité, gaz (fourniture)']","[59, 60, 62, 105, 118, 139, 319, 360, 443]",non,non
21-52716,2021-04-20,2021-05-18,['35'],Réfection de la chaufferie gaz du gymnase Rapatel,fns,cmp2006,appeloffre,initial,Ville de Rennes,35031,RENNES CEDEX,,['Chauffage (travaux)'],[61],non,non
21-52983,2021-04-20,2021-05-25,['35'],ACCOMPAGNEMENT A L'ELABORATION DU SCHEMA DE L'AUTONOMIE DU DEPARTEMENT D'ILLE ET VILAINE,fns,cmp2006,appeloffre,initial,Département d'Ille et Vilaine,35042,RENNES CEDEX,,['Etude'],[118],non,non
21-53072,2021-04-20,2021-05-20,['35'],Accompagnement à l élaboration du recensement des initiatives départementales en matière d habitats inclusifs en faveur des personnes âgées et des personnes en situation de handicap,fns,cmp2006,appeloffre,initial,Département d'Ille et Vilaine,35042,RENNES CEDEX,,['Etude'],[118],non,non
21-52975,2021-04-20,2021-05-26,"['35', '44', '53', '22', '56', '49', '14']",Travaux de remplacement des menuiseries extérieures à la compagnie Républicaine de Sécurité N°9 à Saint Jacques de la Lande (35),fns,cmp2006,appeloffre,initial,SEC GAL POUR L ADM MIN INTERIEUR OUEST,35207,Rennes cedex 2,,['Menuiserie'],[222],non,oui
21-52802,2021-04-20,2021-05-23,"['35', '53', '44', '50']","Le présent marché a pour objet la réalisation de la viabilisation des lotissements du Courtil de la Salle et de la Beauvairie, sur la commune de La Mézière. Ce marché est découpé en deux tranches :..",fns,cmp2006,appeloffre,initial,COMMUNE DE LA MEZIERE,35520,La mézière,,"['Canalisations', 'Espaces verts', 'Terrassement', 'Travaux de viabilité', 'Voirie']","[48, 116, 341, 353, 365]",non,non
21-52992,2021-04-20,2021-05-28,"['35', '22', '56', '29']",PRESTATIONS DE BILANS DE PARCOURS PROFESSIONNELS POUR DES AGENTS DE LA REGION BRETAGNELot no1 : Accompagnement d'agents en vue d'un repositionnement prioritairement dans le secteur publicL,fns,cmp2006,appeloffre,initial,Région Bretagne,35711,Rennes cedex 7,,['Formation'],[410],non,non
21-52506,2021-04-20,2021-06-05,['35'],"gestion et exploitation des activités de plage constituées par 7 lots de plage répartis entre les plages de l'ecluse, du prieuré et de saint enogat (rectificatif)",dsp,autre,rectificatif,rectificatif,Commune de Dinard,35800,Dinard,,['Délégation de service public'],[406],non,non
21-52938,2021-04-20,2021-05-17,['28'],CHATEAUDUN (28) - EX ETAMAT déviation de route dans le cadre d'un chantier de dépollution pyrotechnique - Mission de signalisation temporaire verticale et horizontale - 451317,fns,cmp2006,appeloffre,initial,ESID de Rennes,35998,Rennes cedex 9,,['Signalisation'],[322],non,non
21-53077,2021-04-20,2021-05-22,['36'],"Déconstruction/démolition / désamiantage / dépollution du tènement comprenant les bâtiments sis 8, 10 et 12 Boulevard Marx DORMOY et aux 7 et 9 rue Zulma CARRAUD à ISSOUDUN (36100)",fns,cmp2006,appeloffre,initial,Commune d'Issoudun,36100,Issoudun,,"['Bâtiment', 'Démolition']","[33, 87]",oui,non
21-53082,2021-04-20,2021-05-20,"['37', '41']","services de télécommunications : téléphonie fixe, téléphonie mobile et services internet",mapa,cmp2006,appeloffre,initial,Ville d'Amboise,37400,Amboise,,"['Fibre optique', 'Site internet', 'Télécommunications']","[133, 171, 338]",non,non
21-52864,2021-04-20,2021-05-20,"['37', '41']",fourniture de liaisons fibre optique très haut débit pour les membres du groupement de commande ville d'amboise/ccas/ville de nazelles-négron et de la communauté de communes val d'amboise.,mapa,cmp2006,appeloffre,initial,Ville d'Amboise,37400,Amboise,,['Télécommunications'],[338],non,non
21-52752,2021-04-20,2021-05-17,['55'],RENOVATION DE TOITURES SITUEES A VAUCOULEURS ET A VOID-VACON,fns,cmp2006,appeloffre,rectificatif,Cacic-public,37551,Saint-Avertin cedex,,['Bâtiment'],[33],non,non
21-52699,2021-04-20,2021-06-02,"['38', '42', '69']",CONTROLES MICROBIOLOGIQUES DE L'ENVIRONNEMENT,fns,cmp2006,appeloffre,initial,CENTRE HOSPITALIER GAL LUCIEN HUSSEL,38209,VIENNE CEDEX,,['Sanitaire'],[319],non,non
21-52940,2021-04-20,2021-05-17,['38'],Appel à Manifestation d'Intérêt concurrent pour développer un service de trottinettes et vélos électriques en libre-service sans station,fns,cmp2006,appeloffre,initial,COMMUNE DE BOURGOIN JALLIEU,38307,Bourgoin-Jallieu Cédex,,['Prestations de services'],[274],non,non
21-53016,2021-04-20,2021-05-21,['39'],Location et maintenance de photocopieurs,fns,cmp2006,appeloffre,initial,CCHJ Haut-Jura Arcade,39400,Hauts-de-bienne,,"['Consommables informatiques', 'Maintenance', 'Reprographie']","[68, 196, 305]",non,non
21-52946,2021-04-20,2021-05-21,['39'],Ingénierie d'accompagnement à l'émergence d'un Projet Alimentaire Territorial sur le territoire de la Communauté de Communes Arbois Poligny Salins,fns,cmp2006,appeloffre,initial,CC ARBOIS POLIGNY SALINS COEUR DU JURA,39800,POLIGNY,,['Ingénierie'],[455],non,non
21-52550,2021-04-20,2021-05-17,['40'],Réhabilitation de la déchetterie de sore,fns,cmp2006,appeloffre,initial,Syndicat d'élimination des déchets de,40110,Morcenx-la-nouvelle,,"['Déchetterie (travaux)', 'Voirie et réseaux divers']","[96, 366]",non,non
21-52734,2021-04-20,2021-05-17,['40'],Fourniture de colonnes aériennes de tri sélectif,fns,cmp2006,appeloffre,initial,Syndicat d'élimination des déchets de,40110,Morcenx-la-nouvelle,,"['Conteneur, poubelles']",[71],non,non
21-52990,2021-04-20,2021-06-19,['42'],"BIHLSUD 2021-03 Produits lubrifiants, dégraissants et dégrippants pour le matériel de blanchisserie",mapa,cmp2006,appeloffre,initial,CHU SAINT ETIENNE,42055,Saint etienne cedex 02,,['Blanchisserie (matériel)'],[37],non,non
21-52986,2021-04-20,2021-05-17,['42'],"Le SIEL- Territoire d'énergies, déploie sur le département de la Loire un réseau de communicationsélectroniques FTTH et FTTE dans le cadre du programme THD42.Le SIEL souhaite faire assurer le",fns,cmp2006,appeloffre,initial,SIEL- Territoire d'énergies Loire,42270,St priest en jarez,,['Télécommunications'],[338],non,non
21-52874,2021-04-20,2021-06-08,['42'],Le Syndicat Intercommunal d'Energies du département de la Loire (SIEL-TE-Loire) a développé en partenariat avec la commune de Saint-Genest-Malifaux un projet de centrale photovoltaïque au sol sur,fns,cmp2006,appeloffre,initial,SIEL- Territoire d'énergies Loire,42270,St priest en jarez,,['Photovoltaïque'],[476],non,non
21-52937,2021-04-20,2021-05-10,['42'],Fourniture de modules connectés pour le contrôle de l'éclairage public,fns,cmp2006,appeloffre,initial,SIEL- Territoire d'énergies Loire,42270,St priest en jarez,,['Eclairage public'],[102],non,non
21-53133,2021-04-20,2021-05-20,['42'],Rénovation thermique de l'espace Bel Air,fns,cmp2006,appeloffre,initial,Commune de Saint-Haon-le-Châtel,42370,SAINT-HAON-LE-CHATEL,,['Menuiserie'],[222],non,non
21-52859,2021-04-20,2021-05-12,['43'],Numéro de la consultation : 2021-SBD-0017 Réfection des toitures de l'ancienne infirmerie et du bâtiment dit 'bergerie' au Domaine de CHAVANIAC LAFAYETTE,fns,cmp2006,appeloffre,initial,DEPARTEMENT DE LA HAUTE LOIRE,43009,LE PUY EN VELAY Cedex,,"['Charpente', 'Couverture']","[57, 74]",non,non
21-52898,2021-04-20,2021-05-12,['44'],Production et animation de contenus pour les sites internet du Département,fns,cmp2006,appeloffre,initial,Conseil départemental Loire-Atlantique,44041,NANTES,,"['Edition', 'Publicité, Communication']","[104, 285]",non,non
21-52671,2021-04-20,2021-06-30,['44'],"Travaux de requalification de la voie - Parc d'Activités du Moulin de la Chaussée, à St Philbert de Grand Lieu.",fns,cmp2006,attribution,initial,Communauté de Communes de Grand Lieu,44118,La chevroliere,"[('2021-04-09', 'Charier TP Sud', (158599.7, 'EUR'), None), ('2021-04-09', 'Bouygues énergies et services', (34325.1, 'EUR'), None)]","['Assainissement', 'Réseaux divers', 'Voirie et réseaux divers']","[18, 306, 366]",non,non
21-53075,2021-04-20,2021-06-19,['44'],"Travaux d'aménagement sur divers sites (Cimetières, École de musique, Marché)",fns,cmp2006,appeloffre,initial,COMMUNE DE VERTOU,44123,VERTOU,,"['Bardage', 'Charpente', 'Cloison, faux plafond', 'Couverture', 'Electricité (travaux)', 'Gros oeuvre', 'Menuiserie', 'Peinture (travaux)', 'Plomberie (travaux)', 'Ravalement', 'Revêtements de sols', 'Serrurerie', 'Ventilation', 'Zinguerie', 'Amiante (désamiantage)']","[30, 57, 63, 74, 105, 144, 222, 264, 270, 299, 308, 321, 360, 372, 479]",non,non
21-52732,2021-04-20,2021-05-12,"['44', '53', '49', '72', '85']",Le marché a pour objet le déploiement dun outil permettant de réaliser des séances déducation thérapeutique (ETP) du patient à distance tout en garantissant la confidentialité des échanges et la sé..,fns,cmp2006,appeloffre,initial,ARS Pays de La Loire,44262,Nantes cedex 2,,['Logiciel'],[186],non,non
21-52248,2021-04-20,2021-05-21,['44'],travaux de restructuration et d'extension d'une plateforme de traitement des déchets au centre technique du perray,fns,cmp2006,appeloffre,initial,Nantes Métropole,44929,Nantes Cedex 9,,"['Bardage', 'Câblage', 'Charpente', 'Couverture', 'Démolition', 'Electricité (travaux)', 'Gros oeuvre', 'Terrassement']","[30, 47, 57, 74, 87, 105, 144, 341]",non,non
21-52626,2021-04-20,2021-05-17,['45'],Fête Nationale 14 Juillet 2021 - Prestations évènementielles du 13 juillet 2021,mapa,cmp2006,appeloffre,initial,Ville d'Orléans,45040,Orléans,,"[""Feu d'artifice""]",[447],non,oui
21-52578,2021-04-20,2021-07-18,['45'],Marché de maîtrise d'oeuvre pour les travaux d'aménagement de voiries de la Communauté de Communes des Loges,fns,cmp2006,attribution,initial,COMMUNAUTE DE COMMUNES DES LOGES,45110,Châteauneuf sur Loire,"[('2021-03-31', 'INCA', (23120.82, 'EUR'), None)]","[""Maîtrise d'oeuvre"", 'Voirie']","[197, 365]",non,non
21-52577,2021-04-20,2021-07-18,['45'],Entretien des installations d'assainissement non collectif,fns,cmp2006,attribution,initial,COMMUNAUTE DE COMMUNES DES LOGES,45110,Châteauneuf sur Loire,"[('2021-03-31', 'EAL', (160000, 'EUR'), None)]",['Assainissement'],[18],non,oui
21-52941,2021-04-20,2021-05-19,['45'],MARCHE DE MAITRISE D'OEUVRE CONSTRUCTION D'UN MULTI ACCUEIL PETITE ENFANCE,fns,cmp2006,appeloffre,initial,Ville de Saint Jean de la Ruelle,45142,Saint Jean de la Ruelle,,"[""Maîtrise d'oeuvre""]",[197],non,non
21-53168,2021-04-20,2021-05-11,['45'],Marché de travaux - Rénovation des espaces d'hygiène de l'école maternelle du Champ Luneau,fns,cmp2006,appeloffre,initial,Mairie de Semoy,45400,Semoy,,"['Bâtiment', 'Sanitaire']","[33, 319]",non,non
21-53057,2021-04-20,2021-05-21,['45'],"Pour la commune de Tigy désignée selon la convention de groupement de commandes en tant que coordinateur technique :Gestion et fabrication sur place du service de Restauration Scolaire, du service..",fns,cmp2006,appeloffre,initial,Commune de Vienne-en-Val,45510,Vienne-en-val,,['Restauration collective'],[66],non,non
21-52680,2021-04-20,2021-05-11,['47'],Fourniture et livraison de changes complets jetables classiques et gamme écologique.,fns,cmp2006,appeloffre,initial,Val de garonne agglomeration,47213,Marmande cedex,,['Couches'],[73],non,non
21-52724,2021-04-20,2021-05-12,['49'],L'entreprise Podeliha et ses filiales (Podeliha Accession et les Trois Roches) vont déménager leur siège social à horizon juillet 2021.Elles doivent en amont externaliser les archives restantes,fns,cmp2006,appeloffre,initial,Podeliha,49009,Angers cedex 01,,['Conditionnement'],[67],non,oui
21-52562,2021-04-20,2021-05-26,['50'],Maîtrise d'oeuvre pour l'installation d'une station hydrométrique sur la Sélune (commune de Grandparigny),mapa,cmp2006,appeloffre,initial,Syndicat Départemental de l'eau Manche,50000,SAINT LO,,"[""Maîtrise d'oeuvre""]",[197],non,non
21-52858,2021-04-20,2021-05-17,['50'],RD72 - Aménagement de trottoirs (phase 3)Commune de Gouville-sur-Mer,fns,cmp2006,appeloffre,initial,DEPARTEMENT DE LA MANCHE,50050,Saint-Lo,,['Voirie'],[365],non,non
21-52780,2021-04-20,2021-05-12,['50'],Collège de Bricquebec-en-Cotentin - Travaux sur l'amélioration des performances énergétiques et rénovation des locauxRestructuration des locaux de la demi-pensionBureau d'études techniques,mapa,cmp2006,appeloffre,initial,DEPARTEMENT DE LA MANCHE,50050,Saint-Lo,,['Assistance technique'],[19],non,non
21-53122,2021-04-20,2021-05-12,['50'],Collège 'Diderot' à Cherbourg-en-CotentinTravaux sur l'amélioration des performances énergétiques et rénovation des locauxBureau d'études techniques,mapa,cmp2006,appeloffre,initial,DEPARTEMENT DE LA MANCHE,50050,Saint-Lo,,['Assistance technique'],[19],non,non
21-53117,2021-04-20,2021-05-12,['50'],"Remplacement d'équipements sonorisation, divers et mobiliers au cinéma 'Le Richelieu' à Réville",fns,cmp2006,appeloffre,initial,Communauté d'Agglomération du Cotentin,50130,Cherbourg en Cotentin,,"['Etanchéité', 'Mobilier', 'Revêtements de sols', 'Sonorisation']","[117, 230, 308, 324]",non,non
21-53142,2021-04-20,2021-05-12,['50'],"REVITALISATION QUARTIER DE LA CITE NORD: voirie, espaces verts, éclairage public",fns,cmp2006,appeloffre,initial,Commune de Pontorson,50170,Pontorson,,"['Eclairage public', 'Espaces verts', 'Voirie']","[102, 116, 365]",non,non
21-52886,2021-04-20,2021-05-20,['51'],2021-26EP - Réfection de l'étanchéité et solarisation de la toiture de l'école maternelle belle noue à Epernay,fns,cmp2006,appeloffre,initial,COMMUNE DE EPERNAY,51331,Epernay Cedex,,"['Electricité (travaux)', 'Etanchéité']","[105, 117]",non,non
21-53184,2021-04-20,2021-05-18,['52'],Vérification et maintenance des organes de sécurité incendie,fns,cmp2006,appeloffre,initial,VILLE DE CHAUMONT,52000,CHAUMONT,,"['Maintenance', 'Sécurité incendie']","[196, 332]",non,non
21-52847,2021-04-20,2021-05-04,['52'],Travaux de modernisation de deux ascenseurs appartenant au Département de la Haute-Marne-.,fns,cmp2006,appeloffre,initial,Conseil général de la Haute-Marne,52000,Chaumont,,"[""Tous corps d'état""]",[345],non,non
21-52520,2021-04-20,2021-05-14,"['52', '8', '10', '54', '51', '55', '57', '88', '21']","Le présent marché concerne l'exécution de travaux relatifs à la création d'une route empierrée avec création d'une place de dépôt-retournement empierrée, d'une surlargeur empierrée",fns,cmp2006,appeloffre,initial,OFFICE NATIONAL DES FORETS,52130,Wassy,,"[""Ouvrage d'infrastructure""]",[253],non,non
21-52621,2021-04-20,2021-05-18,['53'],Diagnostic et propositions de mise en conformité et pistes d'optimisations des quais de transfert du département de la Mayenne,mapa,cmp2006,appeloffre,initial,DEPARTEMENT DE LA MAYENNE,53014,LAVAL,,['Etude'],[118],non,non
21-53160,2021-04-20,2021-05-18,['57'],Entretien des locaux de la délégation Grand Est du CNFPT à Metz,fns,cmp2006,appeloffre,initial,CNFPT délégation Alsace-Moselle,54000,NANCY,,['Nettoyage de locaux'],[239],non,oui
21-52932,2021-04-20,2021-05-21,['54'],Rénovation du réseau d'éclairage public-.,fns,cmp2006,appeloffre,initial,MAIRIE DE JEANDELAINCOURT,54114,JEANDELAINCOURT,,"[""Ouvrage d'infrastructure""]",[253],non,non
21-52757,2021-04-20,2021-05-12,"['54', '55', '88', '57']",REMPLACEMENT DE CHARPENTE ET COUVERTURE ECOLE PRIMAIRE JEAN MOULIN,fns,cmp2006,appeloffre,initial,Ville de St Nicolas de Port,54210,Saint nicolas de port,,"['Charpente', 'Chauffage (travaux)', 'Couverture', 'Démolition', 'Electricité (travaux)', 'Maçonnerie', 'Ravalement', 'Zinguerie']","[57, 61, 74, 87, 105, 195, 299, 372]",non,non
21-52798,2021-04-20,2021-06-30,['54'],"L'objectif de cet accord cadre est de construire un modèle type de centre de première intervention intégré (caserne de type "" CPIi "").Chaque marché subséquent de l'accord cadre permettra do",fns,cmp2006,appeloffre,initial,SCE DEPARTEMENTAL INCENDIE ET SECOURS,54271,Essey les nancy,,['Bâtiment'],[33],non,non
21-52935,2021-04-20,2021-05-21,['54'],Création et rénovation de branchements d'assainissement et terrassement pour travaux en régie-.,fns,cmp2006,appeloffre,initial,COM DE COMMUNES DU BSN DE POMPEY,54340,Pompey,,"['Alimentation en eau potable', 'Assainissement', ""Ouvrage d'infrastructure"", 'Terrassement']","[6, 18, 253, 341]",non,oui
21-52902,2021-04-20,2021-05-21,['54'],Programme voiries 2021-.,mapa,cmp2006,appeloffre,initial,Mairie de Velaine-en-Haye,54840,BOIS DE HAYE,,"[""Maîtrise d'oeuvre""]",[197],non,non
21-52594,2021-04-20,2021-05-19,['56'],TRAVAUX DE CURAGE DE FOSSES ET DERASEMENT DES ACCOTEMENTS EN BORDURE DES ROUTES DEPARTEMENTALES DU MORBIHAN 16 LOTS GEOGRAPHIQUES,fns,cmp2006,attribution,initial,Département du Morbihan,56009,VANNES,"[('2021-04-15', 'CHARIER TP Agence du Morbihan (Theix)', (300000.0, 'EUR'), None), ('2021-04-15', 'CHARIER TP Agence du Morbihan', (360000.0, 'EUR'), None), ('2021-04-15', 'PICAUT FELICIEN ETS ( SAS)(ENTREPR DE', (320000.0, 'EUR'), None), ('2021-04-15', 'CHARIER TP Agence du Morbihan', (160000.0, 'EUR'), None), ('2021-04-15', 'COUESPEL (SARL)', (260000.0, 'EUR'), None), ('2021-04-15', 'PICAUT FELICIEN ETS ( SAS)(ENTREPR DE', (400000.0, 'EUR'), None), ('2021-04-15', 'POMPEI', (400000.0, 'EUR'), None), ('2021-04-15', 'COUESPEL (SARL)', (400000.0, 'EUR'), None), ('2021-04-15', 'COUESPEL (SARL)', (400000.0, 'EUR'), None), ('2021-04-15', 'BEUREL TP', (400000.0, 'EUR'), None), ('2021-04-16', 'HELLEC TRANSPORTS -TP (SARL)', (300000.0, 'EUR'), None), ('2021-04-16', 'HELLEC TRANSPORTS -TP (SARL)', (300000.0, 'EUR'), None), ('2021-04-15', 'LE LAN ANDRE (SARL)', (300000.0, 'EUR'), None), ('2021-04-15', 'LE LAN ANDRE (SARL)', (300000.0, 'EUR'), None), ('2021-04-15', 'LE LAN ANDRE (SARL)', (300000.0, 'EUR'), None), ('2021-04-15', 'DANIEL PIERRE (SAS)', (300000.0, 'EUR'), None)]",['Curage'],[78],non,non
21-53067,2021-04-20,2021-05-20,['56'],"Entretien et maintenance des installations de chauffage, ventilation, climatisation et traitement d'eau sur différents sites de Lorient Agglomération",fns,cmp2006,appeloffre,initial,Lorient Agglomération,56314,Lorient cedex,,"['Chauffage (exploitation, entretien)', 'Climatisation', 'Ventilation']","[59, 62, 360]",oui,oui
21-52508,2021-04-20,2021-05-21,['56'],Entretien des espaces verts du patrimoine de LORIENT HABITAT (secteur Hennebont),fns,cmp2006,appeloffre,initial,OFFICE PUB HABITAT COM AGGL PAYS LORIE,56325,LORIENT,,['Espaces verts'],[116],non,non
21-52821,2021-04-20,2021-05-21,['57'],GROUPE SCOLAIRE ST MAXIMIN TRANSFORMATION D'UN LOGEMENT EN LOCAUX PERISCOLAIRES,fns,cmp2006,appeloffre,initial,Ville de Metz,57036,METZ,,"['Cloison, faux plafond', 'Gros oeuvre', 'Menuiserie', 'Plâtrerie', 'Amiante (désamiantage)']","[63, 144, 222, 269, 479]",non,non
21-53049,2021-04-20,2021-05-23,['57'],Délégation de service public pour la gestion et l'exploitation des structures d'accueil périscolaire et des accueils de loisirs,dsp,dsp,appeloffre,initial,Ville de L'Hopital,57490,L'HOPITAL,,['Délégation de service public'],[406],non,non
21-52751,2021-04-20,2021-05-04,['57'],Travaux de pose de canalisations d'assainissement et création d'ouvrages pour la restructuration du collecteur de transfert syndical d'Algrange-Nilvange en amont du PR St Jacques - Lots,fns,cmp2006,attribution,initial,S.I.E.A. de Fontoy-Vallée de la Fensch,57650,FONTOY,"[('2021-04-08', 'WEILER', (488973.35, 'EUR'), None), ('2021-04-08', 'T.H.E.B.A.', (1357796, 'EUR'), None)]","['Assainissement', 'Canalisations']","[18, 48]",non,non
21-52701,2021-04-20,2021-05-25,['57'],Création d'un poste de refoulement route de Metz à Fontoy,fns,cmp2006,appeloffre,initial,COMMUNAUTE AGGLO PORTES DE FRANCE,57972,Yutz,,['Assainissement'],[18],non,oui
21-52844,2021-04-20,2021-05-20,['58'],travaux de rénovation du réseau eau chaude sanitaire,mapa,cmp2006,attribution,initial,Ville de Nevers,58000,Nevers,,['Sanitaire'],[319],non,non
21-52514,2021-04-20,2021-04-27,['59'],aménagement des locaux du crédit municipal de lille (rectificatif),fns,cmp2006,appeloffre,rectificatif,Caisse de Crédit municipal de Lille,59000,Lille,,"['Bâtiment', 'Carrelage', 'Cloison, faux plafond', 'Couverture', 'Démolition', 'Electricité (travaux)', 'Menuiserie', 'Peinture (travaux)', 'Plomberie (travaux)']","[33, 53, 63, 74, 87, 105, 222, 264, 270]",non,non
21-52604,2021-04-20,2021-05-20,['62'],Réfection ventilation au commissariat de Carvin.,mapa,cmp2006,appeloffre,initial,SGAMI de Lille,59012,Lille cedex,,['Ventilation'],[360],non,non
21-52728,2021-04-20,2021-06-20,['59'],Missions de C.S.P.S. (coordination sécurité et protection de la santé).,mapa,cmp2006,attribution,initial,SDIS 59,59028,Lille cedex,,['Ingénierie'],[455],non,non
21-52635,2021-04-20,2021-05-18,['59'],"Maintenance du réseau de fibres optiques signalisation, fournitures de pièces détachées et entretien d'outillage spécialisé, sur le territoire de la Métropole Européenne de Lille",fns,cmp2006,appeloffre,initial,METROPOLE EUROPEENNE DE LILLE,59034,Lille cedex,,['Prestations de services'],[274],non,oui
21-52650,2021-04-20,2021-05-11,['59'],Prestation d'expertise préalable et après sinistre des biens métropolitains,fns,cmp2006,appeloffre,initial,METROPOLE EUROPEENNE DE LILLE,59040,Lille,,['Assurance'],[20],non,non
21-52585,2021-04-20,2021-05-12,['59'],Travaux de requalification des espaces extérieurs du collège Félicien Joly à Fresnes sur Escaut pour le Département du Nord - 2 lots,fns,cmp2006,appeloffre,initial,DEPARTEMENT DU NORD,59047,Lille,,['Bâtiment'],[33],non,non
21-53094,2021-04-20,2021-05-17,['59'],"Marché de travaux de terrassement, d'assainissement et de chaussée en vue de la réalisation d'un giratoire plateau à l'intersection des RD 13 au PR 16+0100 et RD 130 au PR 4+0516 sur le",fns,cmp2006,appeloffre,initial,DEPARTEMENT DU NORD,59047,Lille,,['Voirie'],[365],non,non
21-52666,2021-04-20,2021-05-17,"['59', '62']","Aménagement des abords des rues de la Coquerie, Fourmanoir et Gambette",fns,cmp2006,appeloffre,initial,Commune de Nomain,59310,Nomain,,['Voirie'],[365],non,non
21-52543,2021-04-20,2021-05-21,['59'],MAPA 2020-2007 à 2011 Marché de fournitures d'articles textiles tissés Centre Hospitalier de Saint-Amand-les-Eaux,fns,cmp2006,attribution,initial,Centre hospitalier de Valenciennes,59322,Valenciennes,,['Textile'],[343],non,non
21-52971,2021-04-20,2021-07-18,['59'],Extension et maintenance du système de vidéoprotection du Centre Hospitalier de Dunkerque,fns,cmp2006,attribution,initial,Centre Hospitalier de Dunkerque,59385,DUNKERQUE,"[('2021-03-30', 'SATELEC', (118165.5, 'EUR'), None), ('2021-03-30', 'ERYMA', (129997.18, 'EUR'), None)]","[""Contrôle d'accès"", 'Télésurveillance']","[81, 415]",non,non
21-52736,2021-04-20,2021-05-20,['59'],Aménagement des allées du parc de la mairie,fns,cmp2006,appeloffre,initial,MAIRIE DE LANNOY,59390,Lannoy,,"['Couches', 'Voirie et réseaux divers']","[73, 366]",non,non
21-52692,2021-04-20,2021-06-20,['59'],"Marché public global de performance associant la modernisation, la rénovation, l'exploitation, la maintenance et la gestion des installations d'éclairage public et des installations connexes",fns,cmp2006,appeloffre,initial,Ville de Linselles,59497,Linselles cedex,,['Eclairage public'],[102],non,non
21-52620,2021-04-20,2021-06-20,"['59', '62']",Travaux d'aménagement intérieur d'une salle de dojo,fns,cmp2006,appeloffre,initial,Commune de Marquette-lez-Lille,59520,Marquette-lez-lille,,['Equipement sportif'],[113],non,non
21-52883,2021-04-20,2021-05-13,['59'],Accord-cadre à bons de commande pour le suivi environnemental de 3 anciennes friches industrielles de la Communauté d'Agglomération Maubeuge Val de Sambre,fns,cmp2006,appeloffre,initial,Agglomération Maubeuge Val de Sambre,59603,Maubeuge cedex,,['Surveillance'],[331],non,non
21-53005,2021-04-20,2021-06-04,['59'],"Travaux de mise en sécurité et d'accessibilité du centre technique municipal (CTM), des locaux de la police municipale (PM) et des locaux des archives de la Ville de Maubeuge.",fns,cmp2006,appeloffre,initial,Commune de Maubeuge,59607,Maubeuge,,"['Electricité (travaux)', 'Travaux de viabilité']","[105, 353]",non,non
21-53126,2021-04-20,2021-05-12,['59'],Travaux de menuiseries extérieures dans les écoles,fns,cmp2006,appeloffre,initial,Commune de Maubeuge,59607,Maubeuge cedex,,['Menuiserie'],[222],non,non
21-52592,2021-04-20,2021-05-19,['59'],Fourniture d'un camion poids lourd d'occasion pour le service des Espaces Verts,fns,cmp2006,appeloffre,initial,Commune de Wattignies,59635,Wattignies,,['Véhicules'],[359],non,non
21-53113,2021-04-20,2021-05-14,['59'],"Maintenance et dépannage des ascenseurs, des élévateurs PMR, des dispositifs automatiques et manuels de fermeture dans les bâtiments communaux",fns,cmp2006,appeloffre,initial,Ville de Villeneuve d'Ascq,59652,Villeneuve D'Ascq,,"['Appareil élévateur', 'Ascenseur', 'Prestations de services']","[11, 17, 274]",non,non
21-52895,2021-04-20,2021-06-10,['59'],LOCATION ET ENTRETIEN DES TENUES PROFESSIONNELLES ET DES TAPIS,fns,cmp2006,appeloffre,initial,Residence Paul Cordonnier,59700,Marcq En Baroeul,,"['Blanchissage', 'Textile']","[36, 343]",non,non
21-53181,2021-04-20,2021-05-18,"['59', '80']",Réalisation d'actions de formation et accompagnement dans la définition et la mise en oeuvre des séances sur le thème Co-design et Innovation publique,fns,cmp2006,appeloffre,initial,CNFPT - Délégation Nord-Pas-de-Calais,59800,LILLE,,['Formation'],[410],non,non
21-52529,2021-04-20,2021-06-03,"['60', '59', '2', '62', '75', '80']",Conduite d'un chantier expérimental permettant de vérifier des points clés identifiés de conception et de construction des écluses du Canal Seine Nord Europe.L'ouvrage à construire dénommé,fns,cmp2006,appeloffre,initial,SOCIETE DU CANAL SEINE NORD EUROPE,60204,Compiègne,,['Etanchéité'],[117],non,non
21-52647,2021-04-20,2021-05-10,['60'],acquisition de véhicules d'occasion pour les services de la ville de compiègne,fns,cmp2006,appeloffre,initial,Ville de Compiègne,60321,compiegne cedex,,['Véhicules (acquisition)'],[475],non,non
21-52329,2021-04-20,2021-06-18,"['60', '75', '77', '78', '91', '92', '93', '94', '95']",Avis de mise en concurrence - Autorisation d'occupation temporaire pour l'exploitation privative de dépendances du domaine de chantilly.,divers,autre,appeloffre,initial,Domaine de Chantilly - Fondation d'Aum,60500,chantilly,,['Prestation hotelière'],[466],non,non
21-53024,2021-04-20,2021-05-28,['61'],Etude de faisabilité pour la mise en ouvre de dispositifs de détournement et de tri à la source des biodéchets,mapa,cmp2006,appeloffre,initial,SITCOM Région d'Argentan,61200,ARGENTAN,,['Etude'],[118],non,non
21-52860,2021-04-20,2021-05-14,['62'],Fourniture de véhicules pour la SEPD,fns,cmp2006,appeloffre,initial,SEPD,62100,Calais,,['Véhicules (acquisition)'],[475],non,non
21-52861,2021-04-20,2021-05-07,['62'],RENOUVELLEMENT ABONNEMENT ANTIVIRUS TREND MICRO,mapa,cmp2006,appeloffre,initial,SEPD,62100,Calais,,['Informatique (prestations de services)'],[163],non,non
21-52871,2021-04-20,2021-05-12,['62'],Réfection de la rampe d'accès à la plage de Sainte-Cécile,fns,cmp2006,appeloffre,initial,Mairie de Camiers,62176,Camiers,,['Voirie et réseaux divers'],[366],oui,oui
21-52907,2021-04-20,2021-05-20,['62'],Réalisation de travaux sur la digue de la Biette à Bruay-la-Buissière,fns,cmp2006,appeloffre,initial,CA DE BETHUNE BRUAY ARTOIS LYS ROMANE,62411,BETHUNE,,"['Digue', 'Espaces verts', 'Terrassement']","[91, 116, 341]",non,non
21-48557,2021-04-20,2021-05-10,"['62', '59', '80']",travaux dans des bâtiments communaux,fns,cmp2006,appeloffre,initial,Ville de Berck sur Mer,62600,Berck-sur-Mer,,"['Menuiserie', 'Peinture (travaux)', 'Plâtrerie']","[222, 264, 269]",non,non
21-53027,2021-04-20,2021-05-10,['62'],Démolition de 5 bâtiments,fns,cmp2006,appeloffre,initial,Mairie de LIEVIN,62800,LIEVIN,,['Démolition'],[87],non,non
21-53212,2021-04-20,2021-05-12,"['63', '15', '34', '43', '48', '12']",Réalisation d'inspections détaillées périodiques sur ouvrages d'art de la DIR Massif Central,fns,cmp2006,appeloffre,initial,DIR INTERDEP ROUTES MASSIF CENTRAL,63012,Clermont-ferrand,,['Assistance technique'],[19],oui,oui
21-52673,2021-04-20,2021-05-21,['63'],Mission d'assistance à Maitrise d'Ouvrage relative à la maintenance aéroportuaire de l'aéroport Clermont-Ferrand Auvergne,mapa,cmp2006,appeloffre,initial,SMACFA,63050,Clermont-ferrand,,['Ingénierie'],[455],non,non
21-52953,2021-04-20,2021-04-28,['63'],FOURNITURE ET LIVRAISON D'ARTICLES DE QUINCAILLERIE ET OUTILS COUPANTS,fns,cmp2006,appeloffre,rectificatif,REGIE T2C,63063,CLERMONT-FERRAND,,['Quincaillerie (articles)'],[291],non,non
21-52602,2021-04-20,2021-05-19,['63'],Mission d'assistance à maîtrise d'ouvrage pour la réalisation d'un schéma directeur,mapa,cmp2006,appeloffre,initial,Commune de MUR-SUR-ALLIER,63115,Mur sur Allier,,['Etude'],[118],non,non
21-52700,2021-04-20,2021-05-22,['63'],VPN MPLS et Accès internet,fns,cmp2006,appeloffre,initial,SOC EXPL MUTUALISEE EAU ENVIR RESEAUX,63200,RIOM,,['Informatique (prestations de services)'],[163],non,non
21-52702,2021-04-20,2021-05-12,['63'],"création d'un giratoire et d'une voie nouvelle pour l'accès au nouvel ehpad, commune des ancizes comps",fns,cmp2006,appeloffre,initial,CTE CMES COMBRAILLES SIOULE ET MORGE,63410,Manzat,,['Voirie et réseaux divers'],[366],non,non
21-52698,2021-04-20,2021-05-11,['63'],Remplacement de la laverie-vaisselle et mise en place d'un tri sélectif et participatif,mapa,cmp2006,appeloffre,initial,COMMUNE DE PONT DU CHATEAU,63430,Pont-du-Château,,['Cuisine (équipement)'],[77],non,non
21-52819,2021-04-20,2021-05-12,['64'],Assistance à maîtrise d'ouvrage pour l'analyse des performances globales des déchetteries de la Communauté d'Agglomération Pau Béarn Pyrénées,fns,cmp2006,appeloffre,initial,CA PAU BEARN PYRENEES,64000,PAU CEDEX,,"[""Assistance à maîtrise d'ouvrage""]",[433],non,non
21-53121,2021-04-20,2021-05-17,['64'],Rénovation des deux ascenseurs et remplacement de l'édicule du Parking Bosquet Place d'Espagne - RELANCE LOT 3 : ASCENSEURS,fns,cmp2006,appeloffre,initial,COMMUNE DE PAU,64000,PAU,,['Ascenseur'],[17],non,non
21-53141,2021-04-20,2021-05-12,['64'],Fourniture de titres spéciaux de paiement,fns,cmp2006,appeloffre,initial,Centre Communal d'Action Sociale,64000,Pau,,"['Carte magnétique, carte à puce', 'Titres restaurant']","[403, 416]",oui,oui
21-52537,2021-04-20,2021-05-11,['64'],accord-cadre de travaux à bons de commandes 2021 mono-attributaire,mapa,cmp2006,appeloffre,initial,SMEP DE LA REGION DE JURANCON,64110,Jurançon,,['Alimentation en eau potable'],[6],non,non
21-52643,2021-04-20,2021-07-18,['65'],MARCHE DE DESINSECTISATION ET DERATISATION DU PATRIMOINE DE L'OPH65,fns,cmp2006,attribution,initial,OFFICE PUB DE L HABITAT HTES PYRENEES,65000,TARBES,[],"['Dératisation, désinsectisation']",[89],non,non
21-52979,2021-04-20,2021-05-14,['65'],Fourniture et livraison d'une scène mobile,fns,cmp2006,appeloffre,initial,ville de Lourdes,65107,LOURDES,,['Matériel scénique'],[216],non,non
21-53008,2021-04-20,2021-05-18,['66'],location et maintenance de matériels de photocopies pour les besoins de la ville d'amélie les bains palalda et pour les besoins de l'office municipal du tourisme et du thermalisme,fns,cmp2006,appeloffre,initial,Ville d'Amélie - les - Bains - Palalda,66110,Amelie les bains palalda,,['Location (matériels)'],[185],non,non
21-53196,2021-04-20,2021-05-20,['66'],Port de Port-Vendres - Création d'un espace de stockage conteneurisé 2021-FCS-SDET-0043,mapa,cmp2006,appeloffre,initial,DEPARTEMENT DES PYRENEES-ORIENTALES,66906,PERPIGNAN,,"['Conteneur, poubelles', 'Installation portuaire']","[71, 165]",oui,oui
21-52818,2021-04-20,2021-05-21,['66'],Maitrise d'oeuvre relative aux aménagements extérieurs du parc des expositions,fns,cmp2006,appeloffre,initial,COMMUNE DE PERPIGNAN,66931,PERPIGNAN CEDEX,,"['Bâtiment', 'Ingénierie']","[33, 455]",non,non
21-52973,2021-04-20,2021-07-18,['66'],"Numéro de la consultation : 20mdmpbpa65 Réhabilitation de deux logements situés 15, rue Fontaine Neuve",fns,cmp2006,attribution,initial,COMMUNE DE PERPIGNAN,66931,PERPIGNAN CEDEX,"[('2021-03-29', ""ECHA'S"", (6855, 'EUR'), None), ('2021-03-29', 'corebat', (2982, 'EUR'), None), ('2021-03-31', 'corebat', (2346, 'EUR'), None), ('2021-03-29', 'SAS CLIMATISATION CHAUFFAGE IBANEZ', (15580, 'EUR'), None), ('2021-03-31', 'corebat', (3100, 'EUR'), None), ('2021-03-29', 'EGP', (5777.1, 'EUR'), None), ('2021-03-29', 'ELECTRICITE INDUSTRIELLE JP FAUCHE', (28888.36, 'EUR'), None), ('2021-03-29', 'EGP', (29988.4, 'EUR'), None), ('2021-03-31', 'AG METAL', (3517.95, 'EUR'), None)]","[""Tous corps d'état""]",[345],oui,non
21-52703,2021-04-20,2021-05-21,['66'],Réaménagement de l'aire de jeux du square Bir Hakeim,fns,cmp2006,appeloffre,initial,COMMUNE DE PERPIGNAN,66931,PERPIGNAN CEDEX,,['Aire de jeux'],[400],non,non
21-53076,2021-04-20,2021-06-08,['67'],Acquisition de prestations d'audits et de conseils en sécurité des Systèmes dInformation,fns,cmp2006,appeloffre,initial,Eurométropole de Strasbourg,67076,STRASBOURG CEDEX,,['Informatique (prestations de services)'],[163],non,non
21-53006,2021-04-20,2021-05-04,['67'],Les stipulations du présent règlement de la consultation concernent la restructuration du Système de Sécurité Incendie au Pôle Européen de Gestion et d'Economie (PEGE).,fns,cmp2006,appeloffre,rectificatif,Université de Strasbourg,67081,Strasbourg,,['Electricité (travaux)'],[105],non,non
21-52885,2021-04-20,2021-05-20,['67'],mission de contrôle technique pour la restructuration des unités techniques de bouxwiller et sarre-union.,mapa,cmp2006,attribution,initial,Collectivité européenne d'Alsace,67964,Strasbourg cedex 9,,['Contrôle technique'],[72],non,non
21-52533,2021-04-20,2021-05-12,"['68', '67']",Collège A.Frank à ILLZACH Fourniture et pose de modulaires extérieurs équipés de sanitaires pour les élèves.,fns,cmp2006,appeloffre,initial,Collectivité européenne d'Alsace,67964,Strasbourg Cedex 9,,"['Bâtiments modulaires', 'Electricité (travaux)', 'Gros oeuvre', 'Sanitaire']","[27, 105, 144, 319]",non,non
21-52947,2021-04-20,2021-05-06,"['67', '68']",restructuration de la demi-pension du collège françois truffaut à strasbourg (rectificatif),fns,cmp2006,appeloffre,rectificatif,Collectivité européenne d'Alsace,67964,Strasbourg Cedex 9,,"['Carrelage', 'Chauffage (travaux)', 'Restauration collective', 'Cuisine (équipement)', 'Démolition', 'Electricité (travaux)', 'Gros oeuvre', 'Menuiserie', 'Peinture (travaux)', 'Plâtrerie', 'Revêtements de sols', 'Sanitaire', 'Ventilation', 'Amiante (désamiantage)']","[53, 61, 66, 77, 87, 105, 144, 222, 264, 269, 308, 319, 360, 479]",non,non
21-52995,2021-04-20,2021-05-20,['67'],mission de contrôle technique pour l'opération de reconstruction du collège katia et maurice krafft à eckbolsheim,fns,cmp2006,attribution,initial,Collectivité européenne d'Alsace,67964,Strasbourg Cedex 9,,['Contrôle technique'],[72],non,non
21-52678,2021-04-20,2021-05-17,"['67', '68']",marchés de travaux pour la restructuration de la plateforme logistique de l'hcea à strasbourg (rectificatif),fns,cmp2006,appeloffre,rectificatif,Collectivité européenne d'Alsace,67964,Strasbourg Cedex 9,,"['Carrelage', 'Chauffage (travaux)', 'Climatisation', 'Cloison, faux plafond', 'Déménagement', 'Démolition', 'Electricité (travaux)', 'Etanchéité', 'Gros oeuvre', 'Menuiserie', 'Nettoyage de locaux', 'Peinture (travaux)', 'Plâtrerie', 'Rayonnage', 'Revêtements de sols', 'Sanitaire', 'Serrurerie', 'Signalétique', 'Ventilation', 'Voirie', 'Porte automatique, portail']","[53, 61, 62, 63, 86, 87, 105, 117, 144, 222, 239, 264, 269, 300, 308, 319, 321, 333, 360, 365, 412]",oui,non
21-53114,2021-04-20,2021-05-20,['68'],Fourniture de réactifs ID NOW COVID-19 TEST,fns,cmp2006,attribution,initial,Hôpitaux Civils de Colmar,68024,Colmar,"[('2021-03-26', 'ABBOTT RAPID DIAGNOSTICS', (722284, 'EUR'), None)]","['Analyses médicales, biologiques', 'Laboratoire (fourniture)', 'Réactifs']","[8, 181, 301]",non,non
21-52719,2021-04-20,2021-07-18,['68'],Réaménagement du Boulevard d'Alsace à Village-Neuf,fns,cmp2006,attribution,initial,SAINT-LOUIS Agglomération,68305,Saint-Louis,,"['Réseaux divers', 'Signalisation']","[306, 322]",non,non
21-52795,2021-04-20,2021-05-01,"['68', '67', '25', '90']",Réaménagement et sécurisation des locaux du rez-de-chaussée de la Mairie de Wittelsheim,fns,cmp2006,appeloffre,rectificatif,Mairie de Wittelsheim,68310,Wittelsheim,,['Bâtiment'],[33],non,non
21-52629,2021-04-20,2021-05-18,['68'],travaux de mise en oeuvre d'ombrières photovoltaïques en autoconsommation sur le parking du centre aquatique nautilia à guebwiller,fns,cmp2006,appeloffre,initial,C.C. de la Région de Guebwiller,68502,Guebwiller Cedex,,"['Charpente', 'Gros oeuvre', 'Photovoltaïque']","[57, 144, 476]",non,non
21-52939,2021-04-20,2021-05-20,['69'],Marché de travaux pour l'opération du Bâtiment du Porche - Lot 17 : Photovoltaïque,fns,cmp2006,appeloffre,initial,SPL Lyon Confluence,69002,Lyon,,['Photovoltaïque'],[476],non,non
21-52705,2021-04-20,2021-06-01,['69'],PRESTATION DE SERVICE D'ASSURANCEEXTENSION DU GROUPE SCOLAIRE JULES GUESDE,fns,cmp2006,appeloffre,initial,COMMUNE DE VENISSIEUX,69200,Vénissieux,,['Assurance'],[20],non,non
21-52951,2021-04-20,2021-04-28,['69'],"Conception, réalisation, montage de vidéos pour les musées Gadagne à Lyon",mapa,cmp2006,appeloffre,rectificatif,Ville de Lyon,69205,LYON,,"['Vidéo, cinéma']",[362],non,oui
21-50177,2021-04-20,2021-05-17,['69'],requalification du square de l'église,fns,cmp2006,appeloffre,initial,MAIRIE EVEUX,69210,eveux,,"['Espaces verts', 'Mobilier urbain', 'Terrassement', 'Voirie et réseaux divers']","[116, 231, 341, 366]",non,non
21-52681,2021-04-20,2021-06-27,"['69', '1', '7', '38', '75']",MARCHE RELATIF A LA PRESTATION DE CONTROLE DE DESENFUMAGE DANS LE CADRE DE LA VERIFICATION TECHNIQUE REGLEMENTAIRE (VTR) ET DE PRESTATION CURATIVE,mapa,cmp2006,appeloffre,initial,Université Jean Moulin Lyon 3,69372,Lyon cedex 08,,['Maintenance'],[196],non,non
21-53053,2021-04-20,2021-07-18,['69'],Câblage en station des BIV,fns,cmp2006,attribution,initial,SYTRAL,69487,Lyon,"[('2021-03-30', 'UNISELEC', (48415.89, 'EUR'), None)]",['Câblage'],[47],non,non
21-53101,2021-04-20,2021-05-04,['69'],RECONSTRUCTION DU POSTE DE REFOULEMENT DE LA CÔTE - COMMUNE DE MORNANT,fns,cmp2006,appeloffre,rectificatif,SYSEG,69530,BRIGNAIS,,"['Assainissement', 'Station de pompage', 'Station de refoulement']","[18, 326, 334]",non,non
21-53140,2021-04-20,2021-07-18,['69'],L'objet du présent marché concerne les prestations de gardiennage de la surveillance de manifestations et de bâtiments de la ville de Feyzin.Le marché est décomposé en 2 lots : - lot no1 : Surv,fns,cmp2006,attribution,initial,Ville de Feyzin,69552,FEYZIN,,['Gardiennage'],[138],non,non
21-53185,2021-04-20,2021-05-06,['69'],REALISATION DE REPORTAGES VIDEOGRAPHIQUES INTERNES ET EXTERNES SUR LES ACTIVITES DE LA VILLE DE VILLEURBANNE ET L'ACTUALITE GENERALE ET MUNICIPALE,fns,cmp2006,appeloffre,initial,Ville de Villeurbanne,69601,VILLEURBANNE,,"['Publicité, Communication']",[285],non,non
21-53201,2021-04-20,2021-05-06,['69'],"CAPTATION VIDEOGRAPHIQUE ET RETRANSMISSION, EN DIRECT SUR LES COMPTES DES RESEAUX SOCIAUX DE LA VILLE DE VILLEURBANNE, D'INTERVIEWS OU D'INTERVENTIONS D'ELUS, D'AGENTS MUNICIPAUX",fns,cmp2006,appeloffre,initial,Ville de Villeurbanne,69601,VILLEURBANNE,,"['Publicité, Communication']",[285],non,non
21-53036,2021-04-20,2021-05-11,['69'],Aménagement de sécurité RD23 - RD129 à l'entrée du village de Claveisolles,fns,cmp2006,appeloffre,initial,COMMUNE DE CLAVEISOLLES,69870,CLAVEISOLLES,,"['Réseaux divers', 'Signalisation', 'Voirie']","[306, 322, 365]",non,non
21-52727,2021-04-20,2021-05-15,['70'],Rénovation du collège Louis Pergaud de Faverney,fns,cmp2006,appeloffre,initial,Conseil général de la Haute-Saône,70006,Vesoul cedex,,"['Bâtiment', ""Tous corps d'état""]","[33, 345]",non,non
21-53152,2021-04-20,2021-05-17,['70'],Assistance à maîtrise d'ouvrage pour l'élaboration d'un schéma de développement des modes actifs,mapa,cmp2006,appeloffre,initial,COMMUNAUTE DE COMMUNES VAL DE GRAY,70100,Gray,,"['Etude', 'Voirie', ""Assistance à maîtrise d'ouvrage""]","[118, 365, 433]",non,non
21-53190,2021-04-20,2021-06-01,['71'],RD 985 - TOULON/ARROUX - PR 16+250 - Réparation du pont du Faubourg,fns,cmp2006,appeloffre,initial,Conseil Général de Saône-et-Loire,71026,Mâcon cedex 9,,"[""Ouvrage d'art""]",[252],oui,non
21-53193,2021-04-20,2021-05-26,['71'],Espace naturel sensible - Marais de Massilly - Aménagement du site,fns,cmp2006,appeloffre,initial,Conseil Général de Saône-et-Loire,71026,Mâcon cedex 9,,['Menuiserie'],[222],oui,non
21-53047,2021-04-20,2021-05-20,['72'],Fourniture de gaz naturel et services associés,mapa,cmp2006,appeloffre,initial,commune de Parigné l'Evêque,72250,Parigné l'Evêque,,"['Electricité, gaz (fourniture)']",[443],non,non
21-53188,2021-04-20,2021-07-16,['73'],Aménagement et exploitation d'un espace boutique/presse/cafeteria,fns,cmp2006,appeloffre,rectificatif,GHT Savoie-Belley,73011,Chambéry,,['Prestations de services'],[274],non,non
21-52571,2021-04-20,2021-07-18,['73'],"Numéro de la consultation : 20AP009 Estivales en Savoie -du 1 au 19 juillet 2021- Régie générale, Prestations matériels scéniques et Sécurité sûreté",fns,cmp2006,attribution,initial,DEPARTEMENT DE LA SAVOIE,73018,CHAMBERY,"[('2021-04-09', 'gateway.prod', (30000, 'EUR'), None), ('2021-04-19', '3J MUSIC', (95000, 'EUR'), None), ('2021-04-20', 'SNEC', (25000, 'EUR'), None)]",['Spectacle'],[472],non,non
21-52628,2021-04-20,2021-05-17,['73'],Travaux de protection du stade d'Albertville par des écrans pare-blocs,fns,cmp2006,appeloffre,initial,Ville d'Albertville,73207,ALBERTVILLE,,"['Falaise', 'Matériel de sécurité', 'Protection, chutes de pierres']","[125, 209, 288]",non,non
21-53165,2021-04-20,2021-05-11,['73'],"Acquisition d'un véhicule, d'une benne et d'un lève-conteneur électrique et automatique pour la collecte des déchets ménagers",fns,cmp2006,appeloffre,initial,Communauté d'Agglomération ARLYSERE,73207,ALBERTVILLE CEDEX,,['Collecte sélective'],[82],non,non
21-43981,2021-04-20,2021-05-19,['73'],"Fourniture d'une plateforme de suivi, de contrôle des réseaux informatiques et d'enregistrement d'activités avec test d'intrusion, conformément à la certification ISO 27001 de la société TELT",fns,cmp2006,appeloffre,initial,Tunnel Euralpin Lyon Turin SAS,73375,Le bourget du lac,,['Logiciel'],[186],non,non
21-52636,2021-04-20,2021-05-10,['73'],Fonctionnement de navette durant les saisons d'été dans la vallée des Chapieux sur la commune de Bourg Saint Maurice / les Arcs,fns,cmp2006,appeloffre,initial,Commune de Bourg-St-Maurice / Les Arcs,73700,Bourg Saint Maurice,,['Transport'],[347],non,non
21-52739,2021-04-20,2021-05-12,['73'],réfection des toitures et de l'étanchéité de la savoyarde - espace françois mitterrand - montmélian,fns,cmp2006,appeloffre,initial,Ville de Montmélian,73801,Montmélian cedex 1,,['Couverture'],[74],non,non
21-52816,2021-04-20,2021-05-07,"['74', '69']",Maîtrise d'oeuvre pour la restauration générale de l'église de la Trinité,fns,cmp2006,appeloffre,initial,Ville des Contamines-Montjoie,74170,Contamines Montjoie,,"[""Maîtrise d'oeuvre"", 'Prestations de services']","[197, 274]",non,non
21-52575,2021-04-20,2021-07-18,['74'],Marché de construction du siège de la CCVT et de la Maison de Services au Public et de la Maison des Associations à Thônes,fns,cmp2006,attribution,initial,Cté de Cnes des Vallées de Thônes,74230,THÔNES,"[('2021-04-20', 'STA', (71427.97, 'EUR'), None)]","['Métallerie', 'Serrurerie', 'Porte automatique, portail']","[223, 321, 412]",non,non
21-52959,2021-04-20,2021-07-18,['74'],Marché de travaux d'aménagement et d'entretien de la voirie sur le territoire de la communauté de communes des vallées de Thônes (CCVT),fns,cmp2006,attribution,initial,Cté de Cnes des Vallées de Thônes,74230,THÔNES,,['Voirie'],[365],non,non
21-48276,2021-04-20,2021-05-17,['75'],Marché public relatif à l'exploitation et à la maintenance des installations de climatisation de la cour de cassation.,mapa,cmp2006,appeloffre,initial,Cour de Cassation,75001,Paris,,['Climatisation'],[62],non,oui
21-52765,2021-04-20,2021-05-20,['75'],"Accord-cadre alloti relatif à des prestations de constats d'état, d'intervention minimale, de dépoussiérage, de visite et de suivi durant la période d'exploitation et de prestation de c",fns,cmp2006,appeloffre,initial,Musée du quai Branly-Jacques Chirac,75007,Paris,,"[""Oeuvre d'art""]",[247],oui,non
21-53000,2021-04-20,2021-05-11,['75'],Organisation et réalisation d'un événement,fns,cmp2006,appeloffre,initial,Conseil National Ordre Des Pharmaciens,75008,PARIS,,['Evénementiel'],[445],non,non
21-52801,2021-04-20,2021-06-20,['75'],Audits internes et appuis,fns,cmp2006,attribution,initial,Ass Permanente Chambres d'Agriculture,75008,Paris,,['Audit'],[21],non,non
21-53017,2021-04-20,2021-05-20,['75'],"Le présent accord-cadre a pour objet la réalisation de prestations de maintenance et coanimation de formation à l'échantillonnage OMER, composée de deux modules: Module 1: OMER Initial (stagiair",fns,cmp2006,attribution,initial,INSTITUT 4.10,75010,Paris,"[('2021-04-19', 'ESOPE FORMATION', (120000, 'EUR'), None)]",['Formation'],[410],non,non
21-52608,2021-04-20,2021-05-10,['75'],"Conception et suivi de la scénographie de l'exposition "" Frida Kahlo "" (titre provisoire) organisée au Palais Galliera, musée de la Mode de la Ville de Paris du 15 septembre 2022 au 5 mars 2023",mapa,cmp2006,appeloffre,initial,PARIS MUSEES,75010,Paris,,"[""Maîtrise d'oeuvre""]",[197],non,non
21-53177,2021-04-20,2021-05-19,['75'],Accord cadre mono attributaire de maîtrise d'oeuvre -pour les travaux de sécurisation et amélioration des performances énergétiques des façades de l'école maternelle et la crèche sises 10b e,fns,cmp2006,appeloffre,initial,VILLE DE PARIS,75012,Paris,,"[""Maîtrise d'oeuvre""]",[197],non,non
21-53183,2021-04-20,2021-05-17,['75'],Travaux de protection de l'usine d'Austerlitz vis à vis des venues d'eau de la Seine depuis la prise d'eau,fns,cmp2006,appeloffre,initial,EAU DE PARIS,75013,PARIS,,['Equipement hydraulique'],[111],non,non
21-52743,2021-04-20,2021-05-20,['75'],Fourniture d'ordinateurs portables à la BULAC (75),mapa,cmp2006,appeloffre,initial,GIP BULAC,75013,Paris,,['Informatique (matériel)'],[162],non,non
21-52863,2021-04-20,2021-07-18,['75'],"Impression, reprographie et papeterie personnalisée",fns,cmp2006,attribution,initial,EAU DE PARIS,75013,PARIS,"[('2021-03-24', 'SCOP NEA - Néa Graphic', (280000, 'EUR'), None), ('2021-03-15', 'CHAUMEIL ILE DE FRANCE EST', (80000, 'EUR'), None), ('2021-03-16', 'APOSIT', (60000, 'EUR'), None)]","['Impression', 'Imprimés', 'Papeterie', 'Reprographie']","[160, 161, 262, 305]",non,oui
21-52988,2021-04-20,2021-06-30,['75'],Accord-cadre à bons de commande monoattributaire concernant des prestations de suivis photographiques automatisés des chantiers de la SEMAPA.,fns,cmp2006,appeloffre,initial,SEMAPA,75013,PARIS,,"['Assistance technique', 'Publicité, Communication']","[19, 285]",non,non
21-52820,2021-04-20,2021-05-07,['75'],PRESTATIONS D'ASSISTANCE RESPONSABLE SYSTEMES ET BASES DE DONNEES,fns,cmp2006,appeloffre,initial,REGIE IMMOBILIERE DE LA VILLE DE PARIS,75013,Paris,,['Informatique (prestations de services)'],[163],non,non
21-52931,2021-04-20,2021-05-04,['75'],Travaux de rénovation dans le cadre des Jeux Olympiques et Paralympiques du stade Pierre de Coubertin- 82 avenue Georges Lafont- 75016 Paris_ Lot 2: menuiseries extérieures bois _ lot 3 : mobilier ..,fns,cmp2006,appeloffre,rectificatif,Ville de Paris,75013,Paris,,['Equipement sportif'],[113],non,non
21-52846,2021-04-20,2021-06-30,"['75', '91', '78', '92', '93', '94', '95']","ALVEOLES WATT - Lot 7 - Marché de travaux reprise Chauffage, Ventilation, Plomberie sanitaire",fns,cmp2006,appeloffre,initial,SEMAPA,75013,PARIS,,"['Chauffage (travaux)', 'Plomberie (travaux)', 'Sanitaire', 'Ventilation']","[61, 270, 319, 360]",oui,oui
21-53203,2021-04-20,2021-05-31,['75'],Marché de démolition et de désamiantage des parcelles situées de 6 à 16 rue Mousset Robert à Paris (12e),fns,cmp2006,appeloffre,initial,REGIE IMMOBILIERE DE LA VILLE DE PARIS,75013,Paris,,"['Bâtiment', 'Démolition']","[33, 87]",non,oui
21-52560,2021-04-20,2021-05-03,['75'],"La présente consultation a pour objet la refonte graphique, ergonomique et technique du site ephe.psl.eu vitrine et portail institutionnel de l'École Pratique des Hautes Études (EPHE).",mapa,cmp2006,attribution,initial,Ecole Pratique des Hautes Etudes,75014,Paris,,['Site internet'],[171],non,non
21-53065,2021-04-20,2021-05-10,['75'],Travaux Bâtiment Ollier - Installation du scanner 4 pour le compte du site Cochin Port Royal du GHU AP-HP. Centre - Université de Paris.,fns,cmp2006,appeloffre,initial,GHU AP-HP.CENTRE - UNIVERSITE DE PARIS,75014,Paris,,"['Electricité (travaux)', 'Menuiserie', ""Tous corps d'état""]","[105, 222, 345]",non,non
21-52599,2021-04-20,2021-05-03,['75'],Prestations de navette multi-sites pour le transport quotidien de sacoches-courrier et prestations occasionnelles de coursiers paris et en petite couronne.,mapa,cmp2006,attribution,initial,Ecole Pratique des Hautes Etudes,75014,Paris,,"['Prestations de services', 'Transport']","[274, 347]",non,oui
21-52663,2021-04-20,2021-04-28,['75'],Les prestations de restauration des statues de Charles V et Jeanne de Bourbon.,mapa,cmp2006,appeloffre,rectificatif,Musée du Louvre,75058,Paris cedex 01,,['Prestations de services'],[274],non,non
21-53086,2021-04-20,2021-05-20,"['75', '41']",Marché de maitrise d'oeuvre pour la remise en état du pont canal au Château de Fougères-sur-Bièvre,fns,cmp2006,appeloffre,initial,Centre des monuments nationaux,75186,Paris Cedex 04,,"[""Maîtrise d'oeuvre"", 'Monuments historiques']","[197, 236]",non,non
21-53159,2021-04-20,2021-05-17,['75'],Mission de maîtrise d'oeuvre pour la réhabilitation du groupe immobilier 19 rue Turgot -9ème arrondissement Paris-1.09TU,mapa,cmp2006,appeloffre,initial,Paris Habitat - OPH,75253,Paris,,['Prestations de services'],[274],non,non
21-53098,2021-04-20,2021-05-21,['75'],Marché 2021SAIP-06 - Traitement biologique des bacs à graisses et des fosses de relevage,fns,cmp2006,appeloffre,initial,ASSEMBLÉE NATIONALE,75355,Paris 07 sp,,['Maintenance'],[196],non,non
21-52591,2021-04-20,2021-05-19,['75'],Réalisation de prestations de professionnalisation au profit des conseillers en transition professionnelle (CTP) spécialisés dans l'accompagnement des militaires blessés.,mapa,cmp2006,attribution,initial,MINDEF/SGA - Défense mobilité,75614,Paris cedex 12,,['Formation'],[410],oui,non
21-53199,2021-04-20,2021-05-20,['76'],Acquisition et installation d'un système audio vidéo pour la salle du Conseil Municipal,fns,cmp2006,appeloffre,initial,COMMUNE DE ROUEN,76037,ROUEN CEDEX,,['Audiovisuel'],[22],non,non
21-52633,2021-04-20,2021-05-18,"['76', '27', '60', '80', '14']",Fourniture de pièces détachées pour électroménager,fns,cmp2006,appeloffre,initial,GROUPE HOSPITALIER DU HAVRE,76083,Le havre cedex,,"['Electroménager', 'Pièces détachées']","[108, 266]",non,non
21-53123,2021-04-20,2021-07-18,['76'],Mission de maîtrise d'oeuvre pour la construction du centre médico-social Ramponneau à FECAMP,fns,cmp2006,attribution,initial,DEPARTEMENT DE LA SEINE MARITIME,76101,ROUEN CEDEX,,"[""Maîtrise d'oeuvre""]",[197],non,oui
21-52774,2021-04-20,2021-05-21,['76'],RENOVATION DES SANITAIRES DE L'ECOLE ST EXUPERY,mapa,cmp2006,appeloffre,initial,Commune de Mont Saint Aignan,76130,MONT-SAINT-AIGNAN,,['Sanitaire'],[319],non,non
21-53011,2021-04-20,2021-05-11,['76'],Travaux de réparation des structures en bois lamellé-collé d'un gymnase,fns,cmp2006,appeloffre,initial,Lillebonne,76170,Lillebonne,,['Charpente'],[57],oui,non
21-53044,2021-04-20,2021-05-17,['76'],Travaux de mise en oeuvre d'un complexe d'isolation thermique et d'étanchéité sur couverture en bac acier et de rénovation d'une toiture en polyuréthane projeté,fns,cmp2006,appeloffre,initial,Lillebonne,76170,Lillebonne,,"['Couverture', 'Etanchéité', 'Isolation']","[74, 117, 169]",oui,non
21-52784,2021-04-20,2021-07-18,['76'],Etude de faisabilité pour la création d'un outil de développement durable (dont projet de création d'un Parc Naturel Interrégional du Pays de Bray),fns,cmp2006,attribution,initial,P E T R DU PAYS DE BRAY,76270,Neufchâtel-en-Bray,,"['Etude', 'Ingénierie']","[118, 455]",non,non
21-53116,2021-04-20,2021-05-14,['76'],Location et pose des illuminations de noël,fns,cmp2006,appeloffre,initial,Ville de Sotteville-lès-Rouen,76301,SOTTEVILLE-LES-ROUEN CEDEX,,['Illumination'],[170],non,non
21-52718,2021-04-20,2021-07-18,['76'],Analyse des risques et étude de travaux de dépollution de l'emprise du futur parc Auguste Badin,fns,cmp2006,attribution,initial,COMMUNE DE BARENTIN,76360,BARENTIN,,['Etude'],[118],non,non
21-52632,2021-04-20,2021-05-17,['76'],Ecole LDM - travaux divers de bâtiment,fns,cmp2006,appeloffre,initial,Ville du Tréport,76470,Le Tréport,,"['Maçonnerie', 'Menuiserie', 'Peinture (travaux)', 'Plomberie (travaux)', 'Aire de jeux']","[195, 222, 264, 270, 400]",non,non
21-52630,2021-04-20,2021-05-21,['76'],Entretien et maintenance des ascenseurs et monte-charges de la ville d'Elbeuf sur Seine,mapa,cmp2006,appeloffre,initial,Ville d'Elbeuf sur Seine,76503,ELBEUF SUR SEINE,,['Ascenseur'],[17],non,non
21-53132,2021-04-20,2021-07-18,['77'],Missions de contrôle et de vérifications techniques lors de travaux neufs ou d'aménagements dans un ERP,fns,cmp2006,attribution,initial,Ville de Coulommiers,77120,COULOMMIERS,[],['Contrôle technique'],[72],non,non
21-53143,2021-04-20,2021-05-21,['77'],Travaux de réhabilitation de la toiture du bâtiment télécentre Paul Tavernier - 3 Rue Paul Tavernier à Fontainebleau.,fns,cmp2006,appeloffre,initial,C.C Fontainebleau-Avon,77300,Fontainebleau,,"['Charpente', 'Couverture']","[57, 74]",non,non
21-53062,2021-04-20,2021-05-17,"['77', '94']",travaux de renouvellement et d'extension de canalisations d'eau potableaccord-cadre a marches subsequents,divers,autre,appeloffre,initial,SM ALIMENTATION EAU OUEST BRIARD,77340,Pontault- combault,,['Alimentation en eau potable'],[6],non,oui
21-53078,2021-04-20,2021-05-20,['77'],"Travaux de réhabilitation des huisseries, de traitement des murs et de ravalement du Groupe Scolaire Fenez",fns,cmp2006,appeloffre,rectificatif,COMMUNE LE MEE SUR SEINE,77350,Le mée sur seine,,['Menuiserie'],[222],non,non
21-52755,2021-04-20,2021-05-10,['77'],"Acquisition de véhicules (relance des lots 1, 2, 3, 4 et 6 du MAPA 2021002)",fns,cmp2006,appeloffre,initial,Ville de Chelles,77505,Chelles cedex,,['Véhicules'],[359],non,non
21-52725,2021-04-20,2021-05-31,['77'],"Etude hydrographique dans le cadre de la compétence GEMAPI sur l'ensemble des bassins versants du territoire de compétence du SM4VB, dont les principaux sont :L'Ancoeur / AlmontLe rû de la",fns,cmp2006,appeloffre,initial,SM4VB,77820,Le chatelet en brie,,['Etude'],[118],non,non
21-53170,2021-04-20,2021-05-25,['78'],Travaux de réfection toiture terrasse et de garde-corps sur plusieurs sites de lUniversité de Versailles Saint Quentin en Yvelines.,fns,cmp2006,appeloffre,initial,Université de Versailles Saint-Quentin,78035,VERSAILLES,,['Terrasse'],[354],non,non
21-52950,2021-04-20,2021-05-18,['78'],Location et installation (montage et démontage) de tentes d'exposition avec ou sans plancher,fns,cmp2006,appeloffre,initial,Ville de Guyancourt,78041,Guyancourt,,['Location (matériels)'],[185],non,non
21-53099,2021-04-20,2021-06-20,"['78', '92', '94', '93']",Le présent marché est un marché de prestation de service relatif à la surveillance et la protection des locaux de la CPAM des Yvelines. Le Marché est traité sur la base d'un prix global forfaitai,fns,cmp2006,appeloffre,annulation,CAISSE PRIMAIRE ASSURANCE MALADIE,78085,Yveline cedex 09,,['Gardiennage'],[138],oui,oui
21-53172,2021-04-20,2021-05-12,['78'],"Réalisation des installations d'électricité courant faible vidéosurveillance, pour la mise en sécurité des deux bâtiments et parkings de la construction d'une fourrière intercommunale à Pois",fns,cmp2006,appeloffre,initial,SIVOM,78101,Saint-germain-en-laye,,['Fourrière'],[451],non,non
21-53137,2021-04-20,2021-05-17,"['78', '75', '91', '92']",Réhabilitation et reconstruction partielle du Groupe Scolaire BONNENFANT - LOTS 1C et 6.,fns,cmp2006,appeloffre,rectificatif,COMMUNE DE SAINT GERMAIN EN LAYE,78101,Saint-germain-en-laye cedex,,"['Ascenseur', 'Espaces verts', 'Voirie et réseaux divers']","[17, 116, 366]",non,non
21-52768,2021-04-20,2021-05-24,['78'],"Mission d'assistance technique, juridique et fiscale pour l'élaboration, la mise en place et le recouvrement de la taxe locale sur la publicité extérieure",mapa,cmp2006,appeloffre,initial,Ville de Plaisir,78370,PLAISIR,,"['Assistance technique', 'Assistance juridique']","[19, 434]",non,non
21-52504,2021-04-20,2021-05-31,['78'],REFECTION DES SANITAIRES DE L'ECOLE PRIMAIRE MISTRAL,fns,cmp2006,appeloffre,initial,ville de Bois d'Arcy,78390,Bois d\\\'Arcy,,"['Maçonnerie', 'Plomberie (travaux)']","[195, 270]",non,non
21-52660,2021-04-20,2021-06-01,"['78', '91']","Il s'agit d'un marché de services pour la réalisation d'outils de communication : outils graphiques, vidéos pédagogiques et repères d'inondation.",mapa,cmp2006,appeloffre,initial,SYND MIXTE REALI GEST PARC VALLEE,78472,Chevreuse cedex,,"['Equipement hydraulique', 'Impression', 'Vidéo, cinéma']","[111, 160, 362]",non,non
21-53178,2021-04-20,2021-05-26,['78'],Marché public de travaux d'extension de réseaux et de voirie pour la commune de SAINT-MARTIN-DES-CHAMPS (78),fns,cmp2006,appeloffre,initial,COMMUNE SAINT MARTIN DES CHAMPS,78790,SAINT-MARTIN-DES-CHAMPS,,"['Réseaux divers', 'Voirie']","[306, 365]",non,non
21-52934,2021-04-20,2021-06-04,['80'],mise aux normes et interventions de maintenance sur le parc de machines-outils (service de l'eau),mapa,cmp2006,appeloffre,initial,COMMUNAUTE AGGLO AMIENS METROPOLE,80000,Amiens,,"['Machines-outils', 'Maintenance']","[194, 196]",non,non
21-52887,2021-04-20,2021-05-21,['80'],achat de paniers de noël pour les amiénois de plus de 75 ans,mapa,cmp2006,appeloffre,initial,VILLE D'AMIENS - DCS CCAS,80027,AMIENS cedex 1,,['Colis'],[65],non,oui
21-53102,2021-04-20,2021-05-19,['80'],"Fourniture d'équipements pour laboratoire de prothèses maxillo-faciales, consommables, accessoires, pièces détachées et prestations de maintenance associées",fns,cmp2006,appeloffre,initial,CHU AMIENS PICARDIE,80054,Amiens cedex 1,,['Matériel médical'],[212],non,non
21-52613,2021-04-20,2021-05-20,['80'],Assistance à maîtrise d'ouvrage pour l'assistance à la conception et à la réalisation de la mise en place de la couverture finale des casiers C1 et C2 et de l'aménagement des accès au s,fns,cmp2006,attribution,initial,TRINOVAL,80640,Thieulloy l'abbaye,,"[""Assistance à maîtrise d'ouvrage""]",[433],non,non
21-52843,2021-04-20,2021-05-20,"['80', '2', '60', '59', '62', '76']",Fourniture de pièces détachées pour réseau de lixiviats,fns,cmp2006,appeloffre,initial,TRINOVAL,80640,Thieulloy l'abbaye,,['Assainissement'],[18],non,non
21-52911,2021-04-20,2021-07-31,['82'],Achat de trois tondeuses à coupe frontale en groupement de commande sur le territoire de la CC2R,mapa,cmp2006,attribution,initial,Communauté de Communes des Deux Rives,82400,Valence d'Agen,,['Espaces verts'],[116],non,non
21-53200,2021-04-20,2021-05-21,['83'],Assistance pour l'exploitation et la tierce maintenance du système d'information des ressources humaines,fns,cmp2006,appeloffre,initial,Conseil Général du Var,83000,TOULON,,['Informatique (prestations de services)'],[163],non,non
21-52897,2021-04-20,2021-05-10,['83'],réalisation d'ouvrages de métallerie aux écoles simone veil et les censiés.,fns,cmp2006,appeloffre,initial,Commune de Brignoles,83177,Brignoles Cedex,,"['Clôture', 'Métallerie', 'Occultation']","[64, 223, 414]",non,non
21-52682,2021-04-20,2021-05-10,['83'],Etude de compatibilité antennaire sur l'hélicoptère NH90,mapa,cmp2006,appeloffre,initial,MINDEF/AIR/SIAé/AIA de Cuers Pierrefeu,83390,Cuers,,['Etude'],[118],non,non
21-53073,2021-04-20,2021-05-21,['83'],Renouvellement de l'éclairage public du rond point de la CROIX CONSTANTIN à LA CROIX VALMER,mapa,cmp2006,appeloffre,initial,Commune de La Croix Valmer,83420,La Croix Valmer,,['Eclairage public'],[102],non,non
21-22928,2021-04-20,2021-05-27,"['84', '13', '30']",travaux de réhabilitation de la bibliothèque jl barrault à avignon- lot 3- charpente bois et lot 8 menuiseries intérieures bois,fns,cmp2006,appeloffre,initial,Ville d'Avignon,84045,Avignon cedex 09,,"['Bois', 'Charpente', 'Menuiserie']","[38, 57, 222]",oui,oui
21-53010,2021-04-20,2021-05-11,['84'],fourniture de liaisons de télécommunications,mapa,cmp2006,appeloffre,initial,Cté des Cnes du Pays réuni d'Orange,84100,Orange,,['Télécommunications'],[338],non,non
21-53167,2021-04-20,2021-05-20,['84'],Travaux de sécurisation et mise aux normes HACCP et vétérinaire de la cantine de l'école élémentaire Pergaud,fns,cmp2006,appeloffre,initial,COMMUNE DU PONTET,84134,Le Pontet cedex,,"['Cloison, faux plafond', 'Cuisine (équipement)', 'Electricité (travaux)', 'Menuiserie', 'Peinture (travaux)']","[63, 77, 105, 222, 264]",non,non
21-52015,2021-04-20,2021-05-03,['84'],Délégation de service public pour la gestion de la fourrière automobile,dsp,dsp,appeloffre,initial,Mairie de Le Thor,84250,LE THOR,,"['Délégation de service public', 'Fourrière']","[406, 451]",non,non
21-53120,2021-04-20,2021-05-11,['84'],Travaux de rénovation du réseau de chauffage et climatisation de l'hôtel de ville de la commune de L'ISLE SUR LA SORGUE,fns,cmp2006,appeloffre,initial,COMMUNE DE L ISLE SUR LA SORGUE,84800,L'Isle sur la Sorgue,,['Chauffage (travaux)'],[61],non,non
21-53110,2021-04-20,2021-05-20,['85'],CONTROLES PERIODIQUES DES INSTALLATIONS D'ASSAINISSEMENT NON COLLECTIF,mapa,cmp2006,appeloffre,initial,cc du Pays de Mortagne,85130,Chanverrie,,['Prestations de services'],[274],non,non
21-52615,2021-04-20,2021-05-11,"['85', '44', '49', '53', '72']","Enlèvement, mise en fourrière, gardiennage, mise en vente et destruction de véhicules",mapa,cmp2006,appeloffre,initial,Commune de Saint Jean de Monts,85167,SAINT-JEAN-DE-MONTS Cedex,,"['Gardiennage', 'Fourrière']","[138, 451]",non,non
21-50509,2021-04-20,2021-05-17,['85'],marché d'assurance 'Dommage Ouvrage et garanties diverses ' applicables à l'opération de construction d'un complexe cinématographique,fns,cmp2006,appeloffre,initial,Commune des Herbiers,85502,Les herbiers,,['Assurance'],[20],non,non
21-53085,2021-04-20,2021-05-20,['85'],"Aménagement d'un cheminement piétonnier, aménagement sécurité de la RD 25 et aménagement de la rue Rivière Vendée",fns,cmp2006,appeloffre,initial,Commune du Gué de Velluire,85770,Le Gué de Velluire,,"['Signalisation', 'Terrassement', 'Voirie et réseaux divers']","[322, 341, 366]",non,non
21-50804,2021-04-20,2021-05-20,['85'],"Fourniture de dispositifs médicaux implantables ou non, consommables associés et ancillaires de pose nécessaires à l'activité des établissements membres du GHT Vendée",joue,directive24,appeloffre,initial,CHD VENDEE,85925,La roche sur yon cedex 9,,['Consommables médicaux'],[69],non,non
21-53136,2021-04-20,2021-05-20,['86'],Construction de stations de traitement des eaux usées par des disques biologiques pour les bourgs de Brux et Valence en Poitou (Vaux en Couhé) - 220 et 115 EH,fns,cmp2006,appeloffre,initial,Eaux de Vienne - Siveer,86000,Poitiers,,"['Assainissement', 'Génie civil', 'Réseaux divers', 'Station de pompage', ""Station d'épuration (travaux)""]","[18, 141, 306, 326, 328]",non,non
21-52767,2021-04-20,2021-05-19,['86'],Travaux d'aménagement du quai Alsace Lorraine (quai haut),fns,cmp2006,appeloffre,initial,Ville de Châtellerault,86100,Châtellerault,,['Voirie'],[365],non,non
21-53153,2021-04-20,2021-05-19,['91'],Le présent marché a objet des travaux de rénovation énergétique dans le gymnase situé sur le campus des écoles Institut Mines-télécom Business School et Télécom SudParis situé à Evry (91) ; 9 rue C..,fns,cmp2006,appeloffre,initial,Télécom SudParis / Ecole de Management,91011,Evry,,"['Isolation', 'Menuiserie', 'Revêtements muraux', ""Tous corps d'état""]","[169, 222, 309, 345]",non,oui
21-52542,2021-04-20,2021-04-28,"['91', '92', '93', '94']","Fourniture de tampons, de dateurs, de numéroteurs et d'autres accessoires",fns,cmp2006,appeloffre,rectificatif,Conseil général de l'Essonne,91012,Evry cedex,,['Articles de bureau et articles scolaires'],[16],non,oui
21-52919,2021-04-20,2021-05-12,"['91', '75', '77', '78', '92', '93', '94', '95']","LOCATION DE STRUCTURES, TENTES ET EQUIPEMENTS EVENEMENTIELS ASSOCIES DESTINES A I'ORGANISATION DE MANIFESTATIONSLa présente consultation concerne la location de structures, de tentes, matériels,",fns,cmp2006,appeloffre,initial,Conseil général de l'Essonne,91012,Evry cedex,,['Tente'],[473],non,non
21-52748,2021-04-20,2021-05-17,['91'],Contrôle et recherche d'anomalies dans l'historique des factures d'électricité et de gaz pour le Conseil départemental de l'Essonne.,fns,cmp2006,appeloffre,initial,Conseil général de l'Essonne,91012,Evry cedex,,['Audit'],[21],non,non
21-53213,2021-04-20,2021-06-18,['91'],Conception et réalisation des travaux de construction d'une installation de transfert de déchets ménagers et assimilés à l'ECOSITE SUD ESSONNE.,fns,cmp2006,appeloffre,initial,Siredom,91029,EVRY,,"['Déchetterie (travaux)', 'Matériel de travaux publics']","[96, 220]",non,non
21-53097,2021-04-20,2021-06-30,['91'],"Les travaux de dépannages, d'adaptation, d'extension et d'entretien des réseaux électriques des bâtiments communaux de la ville de Lisses.",fns,cmp2006,appeloffre,initial,COMMUNE DE LISSES,91090,Lisses,,['Electricité (travaux)'],[105],non,non
21-53204,2021-04-20,2021-04-30,['91'],"Concession des Services Publics d'assainissement de collecte, de transport et de traitement des eaux usées et des eaux pluviales du bassin de collecte-épuration de Boutigny-sur-Ess",dsp,autre,rectificatif,rectificatif,SIARCE,91100,Corbeil-Essonnes,,['Assainissement'],[18],non,non
21-53166,2021-04-20,2021-05-20,['91'],Fourniture de sacs poubelles pour les besoins de la Ville de Massy,fns,cmp2006,appeloffre,initial,COMMUNE DE MASSY,91300,Massy,,['Sacs'],[318],non,oui
21-52648,2021-04-20,2021-07-18,['91'],Travaux de démolition d'un immeuble situé 9 rue Ernest Chesneau,fns,cmp2006,attribution,initial,Commune de Montlhéry,91310,MONTLHERY,"[('2021-04-19', 'MELCHIORRE', (88220, 'EUR'), None)]",['Démolition'],[87],non,non
21-52525,2021-04-20,2021-06-30,['91'],Acquisition d'un système de chromatographie en phase gazeuse couplé à un spectromètre de masse simple quadripôle (GC-MS) et d'un lot de consommable pour le département ANAC de DGA MNRBC (rectificatif),fns,cmp2006DEFENSE,appeloffre,rectificatif,MINARM/DGA/DO/S2A,91710,Vert le petit,,['Laboratoire (matériel)'],[188],non,non
21-52557,2021-04-20,2021-06-30,['91'],Acquisition d'un système de chromatographie en phase gazeuse couplé à un spectromètre de masse simple quadripôle (GC-MS) et d'un lot de consommable pour le département TOGA de DGA MNRBC (rectificatif),fns,cmp2006DEFENSE,appeloffre,rectificatif,MINARM/DGA/DO/S2A,91710,Vert le petit,,['Laboratoire (matériel)'],[188],non,non
21-53012,2021-04-20,2021-07-07,['91'],"Prestations de services de relation presse institutionnelles, réseaux sociaux et communication pour le SIOM de la Vallée de Chevreuse",fns,cmp2006,appeloffre,initial,SIOM de la Vallée de Chevreuse,91978,Courtaboeuf cedex,,"['Publicité, Communication']",[285],non,non
21-52989,2021-04-20,2021-05-27,['92'],"La fourniture, l'installation et la maintenance de liens d'accès internet de très haut débit pour la Ville de Clichy.",fns,cmp2006,appeloffre,initial,COMMUNE DE CLICHY,92110,Clichy la garenne,,['Informatique (matériel)'],[162],non,non
21-52797,2021-04-20,2021-06-19,"['78', '75', '92']",La présente consultation a pour objet un contrat comprenant en partie un marché ordinaire et en partie un accord-cadre à bons de commande portant sur le développement d'un nouvel outil de traitem,fns,cmp2006,appeloffre,initial,IRSN,92260,Fontenay-aux-roses,,['Informatique (prestations de services)'],[163],non,non
21-52551,2021-04-20,2021-05-19,['92'],"marché 13-21 : "" marché de maitrise d'oeuvre pour le remplacement de 8 ascenseurs au verseau, 32 à 38, rue de l'Alma à Courbevoie",fns,cmp2006,appeloffre,initial,OPHLM de Courbevoie,92400,courbevoie,,['Bâtiment'],[33],non,non
21-53138,2021-04-20,2021-05-31,['92'],Résidentialisation et aménagement des espaces extérieurs d'une résidence de 257 logements située 143-145 bis Grande Rue 92310 Sèvres,fns,cmp2006,appeloffre,initial,Hauts-de-Seine Habitat - OPH,92532,Levallois-Perret,,"['Canalisations', 'Espaces verts', 'Etanchéité', 'Ravalement', 'Serrurerie']","[48, 116, 117, 299, 321]",non,non
21-52588,2021-04-20,2021-06-16,['92'],Le présent marché a pour objet la gestion externalisée des allocations de retour à l'emploi - instruction des dossiers et traitement - dont la Ville d'Asnières-sur-Seine doit s'acquitte,fns,cmp2006,attribution,initial,Ville d'Asnières-sur-Seine,92600,Asnières sur seine,,['Audit'],[21],non,non
21-52948,2021-04-20,2021-05-11,['93'],Mission OPC pour la restructuration et l'extension du collège Lavoisier à Pantin,fns,cmp2006,appeloffre,initial,DEPARTEMENT DE LA SEINE SAINT DENIS,93000,BOBIGNY,,"[""Mission d'ordonnancement, pilotage, coordination (OPC)"", 'Prestations de services']","[234, 274]",non,non
21-52879,2021-04-20,2021-05-10,['93'],Travaux de rénovation de la MPE Ribambelle,fns,cmp2006,appeloffre,initial,Ville de Saint-Denis,93205,Saint-denis cédex 01,,"['Electricité (travaux)', 'Gros oeuvre', 'Menuiserie', 'Peinture (travaux)', 'Plomberie (travaux)']","[105, 144, 222, 264, 270]",non,oui
21-52756,2021-04-20,2021-07-17,['93'],Acquisition de matériel son et lumière,fns,cmp2006,appeloffre,initial,Commune de Tremblay-en-France,93290,Tremblay-en-france,,['Sonorisation'],[324],non,oui
21-52918,2021-04-20,2021-06-20,['93'],Installation d'un système d'extinction automatique à eau,fns,cmp2006,appeloffre,initial,Ville de Drancy,93701,Drancy,,['Extincteur'],[119],non,non
21-45124,2021-04-20,2021-05-12,['94'],organisation de séjours de vacances avec hébergement pour les enfants et les jeunes de charenton-le-pont- eté 2021,mapa,cmp2006,appeloffre,initial,Commune de Charenton-le-Pont,94220,Charenton-le-pont,,['Voyage'],[367],non,non
21-52572,2021-04-20,2021-04-30,"['94', '75', '973']","marche de travaux de desamiantage, deplombage, curage et demolition du site rebard a cayenne (973) (rectificatif)",fns,cmp2006,appeloffre,rectificatif,APIJ,94270,Le kremlin bicetre,,"['Démolition', 'Amiante (désamiantage)']","[87, 479]",non,non
21-52292,2021-04-20,2021-09-01,['95'],Avis de pré-information concernant un prochain MPGP relatif aux travaux de rénovation énergétique et d'adaptation au changement climatique du centre des finances publiques de saint-leu la forêt,fns,cmp2006,appeloffre,initial,DIRECTION DEP FIN PUBLIQUES VAL D OISE,95000,Cergy,,"['Couverture', 'Isolation']","[74, 169]",non,oui
21-53139,2021-04-20,2021-05-20,['95'],"Entretien, nettoyage, curage des canalisations d'eaux usées, eaux pluviales, et ouvrages annexes des réseaux d'assainissement des bâtiments, parkings et propriétés communales et inspections",fns,cmp2006,appeloffre,initial,COMMUNE DE GONESSE,95503,GONESSE,,['Curage'],[78],non,non
21-52500,2021-04-20,2021-05-26,['973'],MISSION D'ASSISTANCE À MAÎTRISE D'OUVRAGE DANS LE CADRE DE TRAVAUX DE RÉNOVATION DE LA BLANCHISSERIE EN CONCEPTION RÉALISATION POUR LE CENTRE HOSPITALIER DE CAYENNE,fns,cmp2006,appeloffre,initial,CENTRE HOSPITALIER DE CAYENNE,97306,CAYENNE CEDEX,,"[""Assistance à maîtrise d'ouvrage""]",[433],non,non
21-52873,2021-04-20,2021-04-29,['973'],Extension du lycée max joséphine - construction de deux salles de classes,fns,cmp2006,attribution,initial,COLLECTIVITE TERRITORIALE DE GUYANE,97307,Cayenne,"[('2019-12-12', 'Batipro', (110261.26, 'EUR'), None), ('2019-12-11', 'Cbci', (63816.88, 'EUR'), None), ('2020-01-16', 'Select alu', (46819.4, 'EUR'), None), ('2019-12-13', 'Sepag', (12282.67, 'EUR'), None), ('2019-12-11', 'Planète aménagement', (1749.3, 'EUR'), None), ('2019-12-19', 'Sgem', (52330.26, 'EUR'), None)]","[""Tous corps d'état""]",[345],non,non
21-53157,2021-04-20,2021-05-20,['973'],Prestations de Conseil et d'Assistance en matière Budgétaire et Financière,fns,cmp2006,appeloffre,initial,COMMUNE DE MACOURIA,97355,Macouria,,['Audit'],[21],non,non
21-52644,2021-04-20,2021-06-19,['974'],ACCORD CADRE MULTI ATTRIBUTAIRE - TRAVAUX DE MISE EN CONFORMITE ELECTRIQUE DES SITES DE LA COLLECTIVITE,fns,cmp2006,appeloffre,initial,Ville de Saint-André,97440,SAINT ANDRÉ,,['Electricité (travaux)'],[105],non,oui
21-52688,2021-04-20,2021-05-10,"['976', '974']",Restructuration et extension du Service Territorial de la Police Aux Frontières de Mayotte.,fns,cmp2006,appeloffre,initial,SGAP 976,97610,Dzaoudzi,,"[""Tous corps d'état""]",[345],non,non
21-52852,2021-04-20,2021-05-21,['976'],Construction d'un réfectoire au Groupe Scolaire T28 Koungou Maraicher,fns,cmp2006,appeloffre,initial,Ville de Koungou,97690,Koungou,,"['Bâtiment', 'Clôture', 'Restauration collective', 'Equipements spécialisés', 'Gros oeuvre']","[33, 64, 66, 115, 144]",non,oui
21-52958,2021-04-20,2021-05-21,"['83', '6', '13']","Concession de service public de la gestion des alsh, des accueils périscolaires maternelle et élémentaire et de la pause méridienne",dsp,dsp,appeloffre,initial,Commune de Cuers,,Cuers,,"['Prestations de services', 'Délégation de service public']","[274, 406]",non,non
