,a00_cle_idweb,g04_01_date_publication,g04_03_date_fin_diffusion,g04_07_dep_publication,g04_09_resume_objet,g01_02_01_famille,g01_02_02_perimetre,g01_02_03_nature,g01_02_04_statut,d01_01_denomination,d01_07_cp,d01_08_ville,d08_09_decision_titulaireandRENSEIGNEMENT,g04_052_descripteurs_libelles,g04_051_descripteurs_codes,g04_061_criteres_sociaux,g04_062_criteres_environnementaux
0,21-89382,2021-06-29,2021-07-16,['1'],"ACQUISITION DE VEHICULES LEGERS, D'UN UTILITAIRE LEGERD'UN CAMION DE TYPE POIDS LOURD DE 7 TONNES (PTAC) EN 4x2",mapa,cmp2006,appeloffre,initial,Ville de Ferney-Voltaire,01216,FERNEY-VOLTAIRE,,"['Véhicules', 'Véhicules (acquisition)']","[359, 475]",non,non
1,21-89269,2021-06-29,2021-08-16,['1'],marchés relatifs à l'exécution des travaux d'extension du réservoir de cessy est,fns,cmp2006,appeloffre,initial,REGIE DES EAUX GESSIENNES,01630,Saint Genis Pouilly,,"['Equipement hydraulique', 'Equipements spécialisés', 'Matériel électrique', 'Réservoir']","[111, 115, 203, 307]",non,non
2,21-89283,2021-06-29,2021-07-22,['2'],Distribution du magazine AISNE'mag-.,fns,cmp2006,appeloffre,initial,DEPARTEMENT DE L'AISNE,02000,Laon,,['Prestations de services'],[274],non,non
3,21-89391,2021-06-29,2021-07-28,['2'],Réalisation d'un Schéma Directeur d'Accessibilité - Agenda d'Accessibilité Programmée (SDA-Ad'AP),mapa,cmp2006,appeloffre,initial,CA Chauny-Tergnier-La Fère,02300,CHAUNY,,['Etude'],[118],non,non
4,21-89411,2021-06-29,2021-07-30,['2'],Mission de maîtrise d'oeuvre pour les travaux de réhabilitation et la construction d'une extension du complexe sportif Jacques Gatineau à Villers-Cotterêts (02600).,fns,cmp2006,attribution,initial,Ville de Villers-Cotterêts,02600,VILLERS-COTTERETS,"[('2021-06-03', 'CINQ ARCHITECTURE', (123690, 'EUR'), None)]","[""Maîtrise d'oeuvre""]",[197],non,non
5,21-89142,2021-06-29,2021-07-22,['3'],Prestation topographiques et foncières liées à la réalisation de la Voie Verte ' Via Allier,fns,cmp2006,appeloffre,initial,DEPARTEMENT DE L ALLIER,03016,MOULINS,,"['Prestations de services', 'Topographie']","[274, 344]",non,non
6,21-89062,2021-06-29,2021-07-22,['3'],Prestations géotechniques liées à la réalisation de la Voie Verte ' Via Allier ',fns,cmp2006,appeloffre,initial,DEPARTEMENT DE L ALLIER,03016,MOULINS,,['Ingénierie'],[455],non,non
7,21-89342,2021-06-29,2021-09-26,['3'],Marché de travaux pour l'extension de la déchèterie d'AVERMES,fns,cmp2006,attribution,initial,SYND MIXTE COLLECTE TRAITEMENT ORDURES,03230,Chézy,"[('2021-06-24', 'COLAS FRANCE -ETS TOULON SUR ALLIER', (475000, 'EUR'), None), ('2021-06-24', 'SGR MAINTENANCE', (27150, 'EUR'), None), ('2021-06-24', 'AGEC', (42580, 'EUR'), None)]","['Bâtiments modulaires', 'Déchetterie (travaux)']","[27, 96]",non,non
8,21-89405,2021-06-29,2021-07-19,['4'],"Travaux de consolidation et de restauration de la chapelle Tranche uniqueConsolidation et restauration de la chapelle de Vérimande, édifice à fortes caractéristiques patrimoniales. Références requ..",fns,cmp2006,appeloffre,initial,MAIRIE D'ANNOT,04240,Annot,,"[""Tous corps d'état""]",[345],non,non
9,21-89029,2021-06-29,2021-07-23,"['6', '13']",2021-032 Remplacement escalier mécanique Mistral 4B - Terminal 2 Aéroport Nice Côte d'Azur,mapa,cmp2006,appeloffre,initial,Société Aéroports de la Côte d'Azur,06206,Nice Cedex 3,,"['Ascenseur', 'Mécanique']","[17, 221]",non,non
10,15-38225,2021-06-29,2021-08-10,['7'],concession de service public relative à l'exploitation et exploitation du camping municipal les bastides,mapa,cmp2006,appeloffre,initial,Mairie de Chauzon,07120,Chauzon,,"['Espaces verts', 'Gardiennage', 'Délégation de service public']","[116, 138, 406]",non,non
11,21-89337,2021-06-29,2021-07-21,['9'],achat de citernes incendie,fns,cmp2006,appeloffre,initial,cté de communes Couserans-Pyrénées,09190,Saint Lizier,,['Sécurité incendie'],[332],non,non
12,21-89149,2021-06-29,2021-07-28,['9'],EXTENSION DU SIEGE ADMINISTRATIF DE LA CCHA,fns,cmp2006,appeloffre,initial,CC DE LA HAUTE ARIEGE,09250,LUZENAC,,"[""Tous corps d'état""]",[345],non,non
13,21-89115,2021-06-29,2021-07-30,['10'],Fourniture de consommables de lingerie et marquage du lingepour le GHT de l'Aube et du Sézannais et le GIP Logistique inter-hospitalier de l'Auberéunis en groupement de commande.,fns,cmp2006,appeloffre,initial,Centre hospitalier de Troyes,10003,Troyes cedex,,['Textile'],[343],oui,oui
14,21-85608,2021-06-29,2021-07-30,['10'],accord-cadre mono-attributaire à bons de commande relatif à la fourniture et à la pose de films anti chaleur et à l'application de laque solaire,fns,cmp2006,attribution,initial,MAIRIE DE TROYES,10026,Troyes Cedex,[],"['Vitrerie', 'Film plastique']","[363, 448]",non,non
15,21-89557,2021-06-29,2021-07-22,['10'],Rénovation et mise en accessibilité de la Rue Champêtre à SAINT LYE (10 180)-.,fns,cmp2006,appeloffre,initial,COMMUNE DE SAINT LYE,10180,SAINT LYE,,"[""Ouvrage d'infrastructure""]",[253],non,non
16,21-89019,2021-06-29,2021-08-12,['11'],Interventions pour entretien et maintenance des équipements et ouvrages eau potable assainissement (2021-2023),fns,cmp2006,appeloffre,initial,Communauté de communes Piège Lauragais,11150,Bram,,"['Alimentation en eau potable', 'Assainissement', 'Réseaux divers', ""Compteur d'eau""]","[6, 18, 306, 440]",non,non
17,21-88884,2021-06-29,2021-09-15,['11'],Mise en place de contenants réutilisables pour les manifestations,fns,cmp2006,attribution,initial,COMMUNE DE CARCASSONNE,11835,Carcassonne cedex 9,,"['Location (matériels)', 'Prestations de services', 'Vaisselle']","[185, 274, 357]",non,non
18,21-89211,2021-06-29,2021-07-29,['11'],"Acquisition d'un engin de manutention type élévateur télescopique neuf sans chauffeur avec ses équipements et une prestation d'entretien de l'engin dite "" en full service "" pour le Cent",fns,cmp2006,attribution,initial,COVALDEM11,11890,Carcassonne cedex 9,"[('2021-06-07', 'MEDIMAT', (116620, 'EUR'), None)]",['Manutention'],[237],non,non
19,21-88829,2021-06-29,2021-07-21,['12'],route departementale no 60pont de de saint-izairerehabilitationcontrole d'enlevement d'amiantecanton de saint-affriquecommune de saint-izaire,fns,cmp2006,appeloffre,initial,Conseil Départemental de l AVEYRON,12450,Flavin,,"[""Ouvrage d'art"", 'Amiante (diagnostic)', 'Amiante (désamiantage)']","[252, 431, 479]",non,non
20,21-89239,2021-06-29,2021-07-22,"['83', '13']",conception et réalisation d'un pumptrack pour le site de boulouris (saint raphaël) du creps provence alpes côte d'azur,fns,cmp2006,appeloffre,initial,CREPS Provence Alpes Côte d'Azur,13100,Aix-en-Provence,,['Terrassement'],[341],non,oui
21,21-88100,2021-06-29,2021-09-24,['13'],Accompagnement à l'emploi des adhérents du PLIE MP Centre,joue,directive24,attribution,initial,EMERGENCE S COMPETENCES PROJETS,13215,Marseille cedex 02,"[('2021-05-27', ""Association Départementale pour l'Emploi Intermédiaire (A.D.P.E.I.)"", (30041, 'EUR'), 'Lot 1 : Mise en oeuvre des parcours PLIE auprès du public cible du PLIE prioritairement issu des territoires des 1er, 5e, 6e, et 7e arrondissements de Marseille'), ('2021-05-27', ""Association Départementale Pour L'Emploi Intermédiaire (A.D.P.E.I.)"", (29218, 'EUR'), 'Lot 2 : Mise en oeuvre des parcours PLIE auprès du public cible du PLIE prioritairement issu des territoires des 1er, 5e, 6e, et 7e arrondissements de Marseille'), ('2021-05-27', 'HOME SERVICES FORMATION', (31399, 'EUR'), 'Lot 3 : Mise en oeuvre des parcours PLIE auprès du public cible du PLIE prioritairement issu des territoires des 1er, 5e, 6e, et 7e arrondissements de Marseille'), ('2021-05-27', 'Mission Locale de Marseille', (30628, 'EUR'), 'Lot 4 : Mise en oeuvre des parcours PLIE auprès du public cible du PLIE prioritairement issu des territoires des 1er, 5e, 6e, et 7e arrondissements de Marseille'), ('2021-05-27', ""Association Départementale pour l'Emploi Intermédiaire (A.D.P.E.I)"", (27180, 'EUR'), 'Lot 5 : Mise en oeuvre des parcours PLIE auprès du public cible du PLIE prioritairement issu des territoires des 1er, 5e, 6e, et 7e arrondissements de Marseille'), ('2021-05-27', 'Association Conseil Orientation Professionnelle Accompagnement et Développement (A.C.O.P.A.D.)', (30246, 'EUR'), 'Lot 6 : Mise en oeuvre des parcours PLIE auprès du public cible du PLIE prioritairement issu des territoires des 1er, 5e, 6e, et 7e arrondissements de Marseille'), ('2021-05-27', ""Association Départementale pour l'Emploi Intermédiaire (A.D.P.E.I.)"", (30041, 'EUR'), 'Lot 7 : Mise en oeuvre des parcours PLIE auprès du public cible du PLIE prioritairement issu des territoires des 1er, 5e, 6e, et 7e arrondissements de Marseille'), ('2021-05-27', ""Centre d'Innovation pour l'Emploi et le Reclassement Social (C.I.E.R.E.S)"", (29313, 'EUR'), 'Lot 8 : Mise en oeuvre des parcours PLIE auprès du public cible du PLIE prioritairement issu des territoires des 2e et 3e arrondissements de Marseille'), ('2021-05-27', ""Centre d'Innovation pour l'Emploi et le Reclassement Social (C.I.E.R.E.S)"", (29021, 'EUR'), 'Lot 9 : Mise en oeuvre des parcours PLIE auprès du public cible du PLIE prioritairement issu des territoires des 2e et 3e arrondissements de Marseille'), ('2021-05-27', ""Centre d'Information sur le Droit des Femmes et des Familles (C.I.D.F.F - PHOCÉEN)"", (28300, 'EUR'), 'Lot 10 : Mise en oeuvre des parcours PLIE auprès du public cible du PLIE prioritairement issu des territoires des 2e et 3e arrondissements de Marseille'), ('2021-05-27', ""Centre d'Information sur le Droit des Femmes et des Familles (C.I.D.F.F - PHOCÉEN)"", (27700, 'EUR'), 'Lot 11 : Mise en oeuvre des parcours PLIE auprès du public cible du PLIE prioritairement issu des territoires des 2e et 3e arrondissements de Marseille'), ('2021-05-27', 'Association pour le Développement des Relations Intercommunautaires Méditerranéennes (A.D.R.I.M)', (28362, 'EUR'), 'Lot 12 : Mise en oeuvre des parcours PLIE auprès du public cible du PLIE prioritairement issu des territoires des 2e et 3e arrondissements de Marseille'), ('2021-05-27', 'Association pour le Développement des Relations Intercommunautaires Méditerranéennes (A.D.R.I.M)', (28362, 'EUR'), 'Lot 13 : Mise en oeuvre des parcours PLIE auprès du public cible du PLIE prioritairement issu des territoires des 2e et 3e arrondissements de Marseille'), ('2021-05-27', ""Centre d'Innovation pour l'Emploi et le Reclassement Social (C.I.E.R.E.S)"", (28000, 'EUR'), 'Lot 14 : Mise en oeuvre des parcours PLIE auprès du public cible du PLIE prioritairement issu des territoires des 2e et 3e arrondissements de Marseille'), ('2021-05-27', 'SIGMA FORMATION', (28188, 'EUR'), 'Lot 15 : Mise en oeuvre des parcours PLIE auprès du public cible du PLIE prioritairement issu des territoires des 4e, 8e, 9e, 10e, 11e et 12e arrondissements de Marseille'), ('2021-05-27', ""Association pour le Développement de l'Insertion par l'Economie (A.D.I.E)"", (29563, 'EUR'), 'Lot 16 : Mise en oeuvre des parcours PLIE auprès du public cible du PLIE prioritairement issu des territoires des 4e, 8e, 9e, 10e, 11e et 12e arrondissements de Marseille'), ('2021-05-27', ""Institut de Formation, d'Animation et de Conseil (I.F.A.C)"", (30151, 'EUR'), 'Lot 17 : Mise en oeuvre des parcours PLIE auprès du public cible du PLIE prioritairement issu des territoires des 4e, 8e, 9e, 10e, 11e et 12e arrondissements de Marseille'), ('2021-05-27', ""Institut de Formation, d'Animation et de Conseil (I.F.A.C)"", (30151, 'EUR'), 'Lot 18 : Mise en oeuvre des parcours PLIE auprès du public cible du PLIE prioritairement issu des territoires des 4e, 8e, 9e, 10e, 11e et 12e arrondissements de Marseille'), ('2021-05-27', ""Institut de Formation, d'Animation et de Conseil (I.F.A.C)"", (30151, 'EUR'), 'Lot 19 : Mise en oeuvre des parcours PLIE auprès du public cible du PLIE prioritairement issu des territoires des 4e, 8e, 9e, 10e, 11e et 12e arrondissements de Marseille'), ('2021-05-27', ""Association pour le Développement de l'Insertion par l'Economie (A.D.I.E)"", (29563, 'EUR'), 'Lot 20 : Mise en oeuvre des parcours PLIE auprès du public cible du PLIE prioritairement issu des territoires des 13e et 14e arrondissements de Marseille'), ('2021-05-27', ""Association Agir pour le Développement d'Actions d'Insertions (A.D.A.I)"", (30779, 'EUR'), 'Lot 21 : Mise en oeuvre des parcours PLIE auprès du public cible du PLIE prioritairement issu des territoires des 13e et 14e arrondissements de Marseille'), ('2021-05-27', 'Apprentis Auteuil - CFC Marseille', (31281, 'EUR'), 'Lot 22 : Mise en oeuvre des parcours PLIE auprès du public cible du PLIE prioritairement issu des territoires des 13e et 14e arrondissements de Marseille'), ('2021-05-27', 'Apprentis Auteuil - CFC Marseille', (31490, 'EUR'), 'Lot 23 : Mise en oeuvre des parcours PLIE auprès du public cible du PLIE prioritairement issu des territoires des 13e et 14e arrondissements de Marseille'), ('2021-05-27', 'Apprentis Auteuil - CFC Marseille', (31558, 'EUR'), 'Lot 24 : Mise en oeuvre des parcours PLIE auprès du public cible du PLIE prioritairement issu des territoires des 13e et 14e arrondissements de Marseille'), ('2021-05-27', ""Association Agir pour le Développement d'Actions d'Insertions (A.D.A.I)"", (28462, 'EUR'), 'Lot 25 : Mise en oeuvre des parcours PLIE auprès du public cible du PLIE prioritairement issu des territoires des 13e et 14e arrondissements de Marseille'), ('2021-05-27', ""Association Agir pour le Développement d'Actions d'Insertions (A.D.A.I)"", (29740, 'EUR'), ""Lot 26 : Mise en oeuvre des parcours PLIE auprès du public cible du PLIE prioritairement issu des territoires d'Allauch, Plan-de-Cuques et des 13e et 14e arrondissements de Marseille""), ('2021-05-27', ""Centre de formation et de Préparation à l'emploi LE CANA"", (29663, 'EUR'), 'Lot 27 : Mise en oeuvre des parcours PLIE auprès du public cible du PLIE prioritairement issu des territoires des 15e et 16e arrondissements de Marseille'), ('2021-05-27', 'ETTIC EMPLOI', (29194, 'EUR'), 'Lot 28 : Mise en oeuvre des parcours PLIE auprès du public cible du PLIE prioritairement issu des territoires des 15e et 16e arrondissements de Marseille'), ('2021-05-27', 'ETTIC EMPLOI', (29194, 'EUR'), 'Lot 29 : Mise en oeuvre des parcours PLIE auprès du public cible du PLIE prioritairement issu des territoires des 15e et 16e arrondissements de Marseille'), ('2021-05-27', ""Centre de formation et de Préparation à l'emploi LE CANA"", (29663, 'EUR'), 'Lot 30 : Mise en oeuvre des parcours PLIE auprès du public cible du PLIE prioritairement issu des territoires des 15e et 16e arrondissements de Marseille'), ('2021-05-27', 'Association DEPART', (30217, 'EUR'), 'Lot 31 : Mise en oeuvre des parcours PLIE auprès du public cible du PLIE prioritairement issu des territoires des 15e et 16e arrondissements de Marseille'), ('2021-05-27', 'SIGMA FORMATION', (28188, 'EUR'), 'Lot 32 : Mise en oeuvre des parcours PLIE auprès du public cible du PLIE prioritairement issu des territoires des 15e et 16e arrondissements de Marseille'), ('2021-05-27', 'ETTIC EMPLOI', (29513, 'EUR'), 'Lot 33 : Mise en oeuvre des parcours PLIE auprès du public cible du PLIE prioritairement issu du territoire de Septèmes-les-Vallons')]",['Prestations de services'],[274],non,non
22,21-88905,2021-06-29,2021-08-25,['13'],Travaux d'aménagement d'un jardin thérapeutique et sportif,fns,cmp2006,appeloffre,initial,AP-HM pour le compte du CHPA-CHIAP,13616,Aix en Provence,,"['Terrassement', 'Aire de jeux']","[341, 400]",non,non
23,21-89296,2021-06-29,2021-08-27,['13'],Création d'un espace d'escalade extérieur au complexe sportif d'Ensuès la Redonne,fns,cmp2006,attribution,initial,Ville d'Ensuès la Redonne,13820,ENSUES-LA-REDONNE,"[('2021-06-14', 'EIFFAGE', (81485.9, 'EUR'), None), ('2021-06-14', 'TRANSALP', (65603.13, 'EUR'), None), ('2021-06-14', 'APY MEDITERRANEE QUALICITE', (25358, 'EUR'), None)]","['Espaces verts', 'Revêtements de sols', 'Terrassement', 'Voirie et réseaux divers']","[116, 308, 341, 366]",non,non
24,21-89590,2021-06-29,2021-09-06,"['14', '27', '35', '50', '61', '76']",Elaboration d'un schéma directeur d'aménagement et de développement économique sur le Secteur de la Sphère élargie,fns,cmp2006,appeloffre,initial,Communauté Urbaine Caen la mer,14050,CAEN,,['Etude'],[118],non,non
25,21-89472,2021-06-29,2021-09-26,['15'],"Acquisition, Prestations et Maintenance d'un outil de gestion des Ouvrages d'Art",fns,cmp2006,attribution,initial,Conseil départemental du Cantal,15000,AURILLAC,,['Logiciel'],[186],non,non
26,21-88589,2021-06-29,2021-09-07,"['15', '63']",Marché des conserves et de l'épicerie 2021-2022,mapa,cmp2006,appeloffre,initial,Groupement de services du Cantal,15000,Aurillac,,['Denrées alimentaires'],[88],non,non
27,21-89573,2021-06-29,2021-09-03,['17'],ETUDE DE STRATEGIE LOCALE DE REVITALISATION DES CENTRES BOURGS,fns,cmp2006,appeloffre,initial,CDA LA ROCHELLE,17086,La Rochelle,,['Etude'],[118],non,non
28,21-89324,2021-06-29,2021-09-29,['17'],mission de maîtrise d'oeuvre relative à la réhabilitation du foyer d'animation culturelle de la tremblade,fns,cmp2006,attribution,initial,Commune de La Tremblade,17390,La Tremblade,"[('2021-06-28', 'Groupement MG+ / ISB / BECIS / GANTHA', (146640, 'EUR'), None)]","[""Maîtrise d'oeuvre""]",[197],non,non
29,21-88981,2021-06-29,2021-08-24,['18'],Assistance à Maîtrise d'Ouvrage 'Urbaniste Coordonnateur',fns,cmp2006,appeloffre,initial,COMMUNAUTE AGGLOMERATION BOURGES PLUS,18000,BOURGES,,"['Etude', ""Assistance à maîtrise d'ouvrage""]","[118, 433]",non,non
30,21-89099,2021-06-29,2021-07-20,['18'],Entretien des espaces verts de Bourges Plus,fns,cmp2006,appeloffre,initial,COMMUNAUTE AGGLOMERATION BOURGES PLUS,18000,BOURGES,,['Espaces verts'],[116],non,non
31,21-88960,2021-06-29,2021-07-22,['18'],Sécurisation des berges communales de l'Auron en aval du barrage du lac d'Auron et du pont du Boulevard de l'Industrie - Année 2021,mapa,cmp2006,appeloffre,initial,Ville de Bourges,18000,BOURGES,,['Berge'],[35],non,non
32,21-89300,2021-06-29,2021-07-30,['18'],ACQUISITION ET MAINTENANCE DE TRACTEURS POUR LE CENTRE HOSPITALIER GEORGE SAND,fns,cmp2006,appeloffre,initial,C.H. Jacques Coeur de Bourges,18020,BOURGES cedex,,"['Matériel agricole, horticole']",[200],non,oui
33,21-89204,2021-06-29,2021-07-30,['18'],Réhabilitation et extension du réseau d'assainissement,fns,cmp2006,appeloffre,initial,Mairie de Bengy sur Craon,18520,BENGY SUR CRAON,,"['Assainissement', 'Canalisations', 'Ingénierie']","[18, 48, 455]",non,non
34,21-89050,2021-06-29,2021-07-31,['19'],"Fourniture et mise en place d'un système de contrôle d'accès dans les locaux de la direction, du bâtiment formation sport, du groupement logistique du SDIS 19 et dans les centres d'ince",fns,cmp2006,attribution,initial,SDIS 19,19003,Tulle cedex,"[('2021-06-28', 'OMNITECH SECURITY', (43333.8, 'EUR'), None)]","[""Contrôle d'accès""]",[81],non,non
35,21-89053,2021-06-29,2021-07-21,"['19', '13', '55', '94']","Engins manutention, matériel neuf ou occasion récente, destinés aux ateliers ATIGIP - RIEP Arles (13), Fresnes (94) et Montmédy (55)",mapa,cmp2006,appeloffre,initial,ATIGIP SEP,19015,Tulle,,['Matériel de manutention'],[208],non,non
36,21-89529,2021-06-29,2021-07-20,['19'],Etablissement du programme immobilier relatif à la construction d'un bâtiment pour la pépinière d'entreprise NOVAPOLE,mapa,cmp2006,appeloffre,initial,COMMUNAUTE D'AGGLO DU BASSIN DE BRIVE,19103,Brive,,['Etude'],[118],non,non
37,21-88910,2021-06-29,2021-09-26,['20A'],Numéro de la consultation : AC20-54 Amélioration des connaissances sur la qualité de l'eau - Ponte Bonellu et Cavallu Mortu,fns,cmp2006,attribution,initial,COMMUNAUTE D AGGLO DU PAYS AJACCIEN,20000,Ajaccio,"[('2021-05-06', 'SARL TPAe', (60000, 'EUR'), None)]",['Etude'],[118],non,non
38,21-89518,2021-06-29,2021-07-30,['20A'],Réhabilitation et agrandissement du groupe scolaire communal de Pianottoli-Caldarello,fns,cmp2006,appeloffre,initial,commune de Pianottoli-Caldarello,20131,PIANOTOLI-CALDARELLO,,"['Bâtiment', 'Couverture', 'Electricité (travaux)', 'Maçonnerie', 'Menuiserie']","[33, 74, 105, 195, 222]",non,non
39,21-88911,2021-06-29,2021-09-26,['20A'],Feux d'artifice de la Ville d'Ajaccio,fns,cmp2006,attribution,initial,COMMUNE D AJACCIO,20304,Ajaccio,,"[""Feu d'artifice""]",[447],non,non
40,21-89348,2021-06-29,2021-07-23,"['58', '21', '18', '45', '3', '71', '89']",rénovation de la toiture de la préfecture de nevers,fns,cmp2006,appeloffre,initial,Préfecture région BFC,21041,Dijon,,"['Charpente', 'Couverture', 'Menuiserie', 'Plâtrerie']","[57, 74, 222, 269]",non,oui
41,21-89562,2021-06-29,2021-08-06,['21'],Maintenance et formation de systèmes de protection incendie,mapa,cmp2006,appeloffre,initial,CARSAT Bourgogne et Franche-Comté,21044,Dijon cedex,,"[""Matériel de secours et d'incendie""]",[217],non,non
42,21-89531,2021-06-29,2021-08-31,['21'],travaux de mise en securite et demolition des balcons batiment b site de champmaillot,fns,cmp2006,attribution,initial,Centre Hospitalier Universitaire Dijon,21079,dijon cedex,,"['Charpente', 'Cloison, faux plafond', 'Couverture', 'Démolition', 'Détection incendie', 'Electricité (travaux)', 'Gros oeuvre', 'Matériel de sécurité', 'Menuiserie', 'Nettoyage de locaux', 'Peinture (travaux)', 'Sécurité incendie', 'Amiante (désamiantage)']","[57, 63, 74, 87, 90, 105, 144, 209, 222, 239, 264, 332, 479]",non,non
43,21-89150,2021-06-29,2021-07-20,['21'],MARSANNAY-LA-COTE - Rénovation des installations de chauffage et de ventilation pour le centre social Bachelard et la médiathèque,fns,cmp2006,appeloffre,initial,COMMUNE DE MARSANNAY LA COTE,21160,Marsannay-la-Côte,,['Chauffage (travaux)'],[61],non,non
44,21-88806,2021-06-29,2021-07-21,['22'],entretien spécialisé sur ouvrage d'art - programme 2021 à saint-brieuc,fns,cmp2006,appeloffre,initial,Ville de Saint-Brieuc,22023,Saint-Brieuc Cedex 1,,"['Génie civil', ""Ouvrage d'art""]","[141, 252]",non,non
45,21-89568,2021-06-29,2021-07-29,['22'],Assurance Dommage Ouvrage pour l'opération de construction 'Bâtiment JOBERT' - Site de Lamballe - Centre Hospitalier du Penthièvre et du Poudouvre,mapa,cmp2006,appeloffre,initial,CENTRE HOSPITALIER SAINT BRIEUC,22027,SAINT-BRIEUC,,['Assurance'],[20],non,non
46,21-89448,2021-06-29,2021-08-29,"['22', '29', '56', '35']",Concession mobilier urbain d'information de la commune,dsp,autre,attribution,initial,Commune de Pléneuf-Val-André,22370,Pléneuf val andré,"[('2021-06-17', 'JCDECAUX FRANCE', (596806, 'EUR'), ""INSTALLATION, MISE À DISPOSITION, ENTRETIEN ET EXPLOITATION DU MOBILIER URBAIN D'INFORMATION DE LA COMMUNE"")]",['Mobilier urbain'],[231],non,non
47,21-89097,2021-06-29,2021-07-31,['22'],Fourniture et livraison de gaz propane avec installation et mise à disposition d'une ou deux cuve(s),fns,cmp2006,attribution,initial,SERVICE COMMUN D ACHATS,22400,Lamballe,"[('2021-06-18', 'ANTARGAZ', (1, 'EUR'), None)]",['Gaz divers'],[139],non,non
48,21-89084,2021-06-29,2021-09-26,['24'],Assistance de formation pour l'accompagnement des Communes et Groupements de Communes du département de la Dordogne dans les projets d'alimentation 100% bio et locale de la restauration scol,fns,cmp2006,attribution,initial,Conseil Général de la Dordogne,24019,PERIGUEUX,,['Formation'],[410],non,non
49,21-89000,2021-06-29,2021-09-26,['24'],Maîtrise d'oeuvre des travaux de réhabilitation du barrage du Grand étang de Gurson,mapa,cmp2006,attribution,initial,Conseil Général de la Dordogne,24019,PERIGUEUX,,"[""Maîtrise d'oeuvre""]",[197],non,non
50,21-88997,2021-06-29,2021-09-26,['24'],Construction de locaux techniques pour EPIDOR à CASTELNAUD LA CHAPELLE,fns,cmp2006,attribution,initial,Conseil Général de la Dordogne,24019,PERIGUEUX,"[('2021-04-12', 'SSC VAUNAC', (52145.16, 'EUR'), None), ('2021-04-12', 'LAVERGNE', (45628.55, 'EUR'), None), ('2021-04-12', 'sarl dufour electricite', (5855, 'EUR'), None)]",['Electricité (travaux)'],[105],non,non
51,21-88996,2021-06-29,2021-09-26,['24'],Hydro-régénération de l'état de surface de la chaussée - RD105 - Commune de La Roche Chalais du PR±0.000 au PR4+200 et RD97 - Commune de Bouteille Saint Sébastien du PR4+200 au PR8+700,mapa,cmp2006,attribution,initial,Conseil Général de la Dordogne,24019,PERIGUEUX,,['Travaux de viabilité'],[353],non,non
52,21-88995,2021-06-29,2021-09-26,['24'],Recensement et organisation d achat groupés des contrats d exploitation de chauffage pour les collèges et sites du Département,mapa,cmp2006,attribution,initial,Conseil Général de la Dordogne,24019,PERIGUEUX,,"[""Assistance à maîtrise d'ouvrage""]",[433],non,non
53,21-88868,2021-06-29,2021-07-27,['24'],"Aménagement de carrefour, RD 57 et VC La Croix d'Espit, Commune de Sarlat",mapa,cmp2006,appeloffre,initial,Conseil Général de la Dordogne,24019,PERIGUEUX,,['Génie civil'],[141],non,non
54,21-88906,2021-06-29,2021-09-26,['24'],La réfection du réseau de distribution chauffage / Eau Glacée au Pôle Paysage Espace Vert du Département,mapa,cmp2006,attribution,initial,Conseil Général de la Dordogne,24019,PERIGUEUX,,['Chauffage (travaux)'],[61],non,non
55,21-88907,2021-06-29,2021-09-26,['24'],Travaux de reprise de la toiture du DOJO Départemental à Coulounieix Chamiers,fns,cmp2006,attribution,initial,Conseil Général de la Dordogne,24019,PERIGUEUX,[],['Couverture'],[74],non,non
56,21-89091,2021-06-29,2021-09-26,['24'],Appui à la création d'une foncière commerciale et d'immobilier d'entreprise,mapa,cmp2006,attribution,initial,Conseil Général de la Dordogne,24019,PERIGUEUX,,['Etude'],[118],non,non
57,21-89086,2021-06-29,2021-09-26,['24'],"Réfection de l'étanchéité des toitures terrasses de l'administration du collège "" Léonce Bourliaguet "" à Thiviers. - 2 lots",fns,cmp2006,attribution,initial,Conseil Général de la Dordogne,24019,PERIGUEUX,"[('2021-04-30', 'SCEP', (80845.15, 'EUR'), None), ('2021-04-30', 'SCEP', (15555.25, 'EUR'), None)]",['Etanchéité'],[117],non,non
58,21-89081,2021-06-29,2021-09-26,['24'],Cité scolaire de NONTRON 'mise en place de volets',fns,cmp2006,attribution,initial,Conseil Général de la Dordogne,24019,PERIGUEUX,"[('2021-05-07', 'MARTY MENUISERIES MIROITERIES', (84063, 'EUR'), None)]",['Menuiserie'],[222],non,non
59,21-89085,2021-06-29,2021-09-26,['24'],Réfection de la toiture en polycarbonate du collège de TOCANE,mapa,cmp2006,attribution,initial,Conseil Général de la Dordogne,24019,PERIGUEUX,,['Couverture'],[74],non,non
60,21-88885,2021-06-29,2021-09-28,['25'],maîtrise d'oeuvre pour la construction du centre d'incendie et de secours de chapelle-des-bois (25240),fns,cmp2006,appeloffre,rectificatif,ACE BTP INGENEERY,25042,Besançon Cedex,,"[""Maîtrise d'oeuvre""]",[197],non,non
61,21-86713,2021-06-29,2021-07-30,['25'],Campus bouloie temis - area sport - équipements sportifs - installations de parkour et paraworkout,fns,cmp2006,appeloffre,initial,Grand Besançon Métropole,25043,Besançon Cedex,,"['Equipement sportif', 'Terrassement', 'Terrain de sport']","[113, 341, 342]",non,non
62,21-88946,2021-06-29,2021-08-28,['27'],Fournitures d'observations et de prévisions de phénomènes atmosphériques pour le Département de l'Eure et les Départements limitrophes,mapa,cmp2006,appeloffre,initial,Département de l'Eure,27000,ÉVREUX,,['Prestations de services'],[274],non,non
63,21-89485,2021-06-29,2021-08-04,"['76', '27']",Nettoyage et entretien des locaux et des vitresSite de Bois Guillaume et agences extérieures (27 et 76),fns,cmp2006,appeloffre,initial,MSA Haute Normandie,27036,Evreux,,['Nettoyage de locaux'],[239],non,oui
64,21-88947,2021-06-29,2021-09-08,['27'],Fournitures de denrées alimentaires pour l'Intercom Bernay Terres de Normandie,fns,cmp2006,appeloffre,initial,Intercom Bernay Terres de Normandie,27300,Bernay,,['Denrées alimentaires'],[88],non,non
65,21-89109,2021-06-29,2021-07-08,['27'],Réalisation d'analyse d'échantillons afin de rechercher la présence de fibres d'amiante et / ou de HAP (hydrocarbures Aromatiques Polycycliques).Le marché comprend la prise sur site de,fns,cmp2006,appeloffre,annulation,SIEGE 27,27930,Guichainville,,['Amiante'],[24],non,non
66,21-89161,2021-06-29,2021-08-27,['29'],"Réhabilitation du bâtiment "" Maison des solidarités """,fns,cmp2006,appeloffre,initial,Département du Finistère,29000,Quimper,,"[""Tous corps d'état""]",[345],oui,non
67,21-89582,2021-06-29,2021-08-30,['29'],"Le projet du SIGNAL , Centre National des Phares, porté par le Conseil départemental du Finistère, consiste à créer un espace d'interprétation et de médiation, valorisant le domaine des phares et",fns,cmp2006,appeloffre,initial,Société d'Aménagement du Finistère,29018,Quimper cedex,,['Bâtiment'],[33],non,non
68,21-89111,2021-06-29,2021-08-01,['29'],"maintenance des ascenseurs, des portes automatiques et sectionnelles, des barrières levantes et du portail motorisé à l'ensta bretagne",fns,cmp2006,attribution,initial,ESTM/EPA/ENSTA Bretagne,29200,Brest,,['Maintenance'],[196],non,non
69,21-89426,2021-06-29,2021-08-30,['29'],"La présente consultation concerne des travaux relatifs à la création d'une chaufferie bois et au remplacement de la régulation climatique des serres horticoles de Brest métropole, allée de Keréde",fns,cmp2006,attribution,initial,Brest métropole,29238,Brest cedex 2,"[('2021-06-15', 'Sarl Squiban', (262576.8, 'EUR'), None), ('2021-06-15', 'MARC SA', (76899.5, 'EUR'), None)]",['Gros oeuvre'],[144],oui,oui
70,21-89495,2021-06-29,2021-07-15,['29'],Marché de travaux pour la construction de deux garages à vélos au sein de l'IUEM,fns,cmp2006,appeloffre,initial,Université de Bretagne Occidentale,29238,Brest cedex 3,,"[""Tous corps d'état""]",[345],oui,non
71,21-89374,2021-06-29,2021-07-23,['29'],"Acquisition de 6 capteurs enregistreurs de conductivité et température, et 2 capteurs enregistreurs d'oxygène dissous",mapa,cmp2006,appeloffre,initial,IRD,29290,Plouzané,,['Matériel de transmission'],[210],non,non
72,21-89592,2021-06-29,2021-07-20,['30'],Le marché a pour objet l'Achat et la location de véhicules légers pour l'université de Nîmes,fns,cmp2006,appeloffre,initial,Universite de Nimes,30021,Nimes cedex 1,,['Véhicules'],[359],non,oui
73,21-89436,2021-06-29,2021-07-19,['30'],RESTRUCTURATION D'UN SKATE PARC,mapa,cmp2006,appeloffre,initial,COM DE COMMUNES DU PAYS DE SOMMIERES,30252,SOMMIERES,,['Aire de jeux'],[400],non,non
74,21-89257,2021-06-29,2021-09-26,['30'],"Accord cadre à bons de commande mono attributaire pour travaux de réparation, d'entretien et d'amélioration de la voirie communale et d'aménagements urbains. Années 2021 - 2025",fns,cmp2006,attribution,initial,COMMUNE DE VERGEZE,30310,VERGEZE,"[('2021-06-24', 'GARDOISE TRAVAUX PUBLICS', (600000, 'EUR'), None)]",['Voirie'],[365],non,non
75,21-88985,2021-06-29,2021-07-23,"['30', '34', '13', '84']",Travaux d'aménagement intérieur de l'annexe des Arènes,fns,cmp2006,appeloffre,initial,Commune d'Aigues-Vives,30670,AIGUES-VIVES,,['Gros oeuvre'],[144],non,non
76,21-89556,2021-06-29,2021-08-29,"['31', '9', '81', '82']","Remplacement des menuiseries extérieures et des murs rideaux des bâtiments A,B,C & D de l?école "" Fourier "" de la Météopole.Ce marché est composé d'une tranche ferme et deux tranches optionn",fns,cmp2006,appeloffre,initial,METEO FRANCE,31057,Toulouse,,['Vitrerie'],[363],non,non
77,21-89419,2021-06-29,2021-08-31,"['31', '32', '81']","Travaux de menuiseries intérieures et extérieures, vitrerie et métallerie",fns,cmp2006,appeloffre,initial,Université Paul Sabatier,31062,Toulouse,,['Menuiserie'],[222],non,non
78,21-89130,2021-06-29,2021-07-23,['81'],Consultation pour les marchés de travaux du 2ème étage de la Villa Sainte Barbe de la DSDEN81 à Albi,fns,cmp2006,appeloffre,initial,Rectorat de l'académie de Toulouse,31400,Toulouse,,"[""Tous corps d'état""]",[345],non,non
79,21-88876,2021-06-29,2021-07-26,['33'],fourniture de petits équipements favorisant la biodiversité sur les espaces de nature et espaces publics gérés par la ville de bordeaux,mapa,cmp2006,appeloffre,initial,COMMUNE DE BORDEAUX,33045,Bordeaux,,"['Abris', 'Animaux', 'Bois']","[1, 9, 38]",non,oui
80,21-89021,2021-06-29,2021-08-20,['56'],Fourniture de jeux de docks de maintenance pour avion E2C et prestations associées,fns,cmp2006,appeloffre,initial,MINARM/DMAé,33068,Bordeaux cedex,,"['Echafaudage', 'Passerelle']","[101, 286]",non,non
81,21-89166,2021-06-29,2021-07-23,"['40', '33', '64', '24']",Travaux d'aménagement de l'aire de contrôle de Benesse-Maremne-Landes,fns,cmp2006,appeloffre,initial,DREAL NOUVELLE-AQUITAINE,33090,Bordeaux cedex,,"['Génie civil', 'Terrassement', 'Voirie']","[141, 341, 365]",non,non
82,21-89026,2021-06-29,2021-07-13,"['33', '17', '24']",transports de jeunes de l'ime de l'epmsd par route,mapa,cmp2006,appeloffre,initial,E.P.M.S.D Coutras,33230,Coutras,,['Transport'],[347],non,oui
83,21-89140,2021-06-29,2021-07-30,['33'],mission d'audit et d'assistance à la passation des marchés d'assurances de la ville de lormont (mairie et ccas de lormont),mapa,cmp2006,appeloffre,initial,Ville de Lormont,33305,Lormont cedex,,['Assurance'],[20],non,non
84,21-89133,2021-06-29,2021-07-28,['33'],MARCHE DE MAITRISE D'OEUVRE POUR LA CONSTRUCTION D'UNE RECYCLERIE A VOCATION TEXTILE SUR BELIN BELIET,fns,cmp2006,appeloffre,initial,Cté de Cnes du Val de l'Eyre,33830,Belin-Beliet,,"[""Maîtrise d'oeuvre""]",[197],non,non
85,21-89017,2021-06-29,2021-09-01,['34'],Vérifications périodiques de sorbonnes de laboratoire et de bras orientables aspirants (BOA).Il s'agit du contrôle périodique d'équipements installés dans des bâtiments d'enseignements,fns,cmp2006,appeloffre,initial,UNIVERSITE DE MONTPELLIER,34090,Montpellier,,"['Contrôle technique', 'Surveillance']","[72, 331]",non,non
86,21-88944,2021-06-29,2021-07-15,['34'],Nettoyage des bâtiments communaux,fns,cmp2006,attribution,initial,Commune de Le Crès,34920,Le Crès,[],"['Nettoyage de locaux', 'Vitrerie']","[239, 363]",non,non
87,21-89475,2021-06-29,2021-07-30,['35'],LA MODIFICATION DE LA SIGNALETIQUE LIGNE 'a',fns,cmp2006,attribution,initial,Rennes Métropole,35000,RENNES,"[('2021-05-11', 'SELF SIGNAL', (190000.0, 'EUR'), None)]","['Panneaux', 'Signalétique']","[261, 333]",non,non
88,21-89035,2021-06-29,2021-07-21,['36'],Réaménagement de la rue Gabriel Nigond - 36000 Châteauroux,fns,cmp2006,appeloffre,initial,VILLE DE CHATEAUROUX,36012,Châteauroux cedex,,"[""Contrôle d'accès"", 'Voirie et réseaux divers']","[81, 366]",oui,oui
89,21-89114,2021-06-29,2021-07-23,['37'],Réalisation de travaux pour aménager des locaux de stockage au rez-de-jardin des bâtiments C et D du site des Tanneurs à Tours.,fns,cmp2006,appeloffre,initial,Université François Rabelais de Tours,37020,Tours cedex 1,,"['Démolition', 'Electricité (travaux)', 'Menuiserie', 'Peinture (travaux)', 'Plâtrerie']","[87, 105, 222, 264, 269]",non,non
90,21-88904,2021-06-29,2021-07-16,['38'],Travaux de création d'un auvent et de sanitaires dans l'atelier de l'agent de maintenance - collège Brel à Beaurepaire,fns,cmp2006,appeloffre,initial,DEPARTEMENT DE L ISERE,38022,Grenoble,,['Sanitaire'],[319],non,non
91,21-88861,2021-06-29,2021-07-16,"['38', '69']",Prestations d'accompagnement et d'assistance au recrutement des personnes de la caf de l'isère,mapa,cmp2006,appeloffre,initial,CAF Grenoble,38051,Grenoble,,['Prestations de services'],[274],non,non
92,21-89122,2021-06-29,2021-08-31,['39'],FOURNITURE ET MISE EN OEUVRE D'UN PONT BASCULE (AVEC BARRIERES ET BORNES) POUR LE CENTRE DEPARTEMENTAL DE TRAITEMENT DES DECHETS MENAGERS DU SYDOM DU JURA A LONS LE SAUNIER (CDTOM),fns,cmp2006,appeloffre,initial,Sydom du Jura,39000,Lons le saunier,,['Déchetterie (travaux)'],[96],non,non
93,21-89388,2021-06-29,2021-07-30,['39'],MARCHE PUBLIC DE TRAVAUX - AMENAGEMENT EXTERIEUR - CHJS - SITE DE LONS LE SAUNIER,fns,cmp2006,appeloffre,initial,Centre Hospitalier Jura Sud,39016,LONS LE SAUNIER CEDEX,,"[""Contrôle d'accès"", 'Travaux de viabilité']","[81, 353]",non,non
94,20-17267,2021-06-29,2021-07-30,['40'],travaux sur les siphons de tambareau et amélioration de l'instrumentation du déversoir d'orage de tambareau,fns,cmp2006,appeloffre,initial,MONT DE MARSAN AGGLOMERATION,40001,Mont-de-Marsan,,"['Canalisations', 'Equipement hydraulique']","[48, 111]",non,oui
95,21-88923,2021-06-29,2021-07-30,['40'],Signalétique spécifique SITCOM,fns,cmp2006,appeloffre,initial,SITCOM Côte Sud des Landes,40230,BENESSE MAREMNE,,['Panneaux'],[261],non,non
96,21-89301,2021-06-29,2021-08-06,"['40', '64']",Les travaux consisteront en : La restauration de la ripisylveLe désencombrement du lit mineurLe traitement des plantes exotiques envahissantes,fns,cmp2006,appeloffre,initial,Syndicat de rivière Bourret-Boudigau,40230,St vincent de tyrosse,,"['Espaces verts', 'Rivières/ruisseaux', 'Travaux forestiers']","[116, 310, 350]",non,oui
97,21-89014,2021-06-29,2021-07-19,"['40', '33', '64', '31', '75', '92']",maîtrise d'oeuvre réaménagement durable de la plage centrale,fns,cmp2006,appeloffre,annulation,MAIRIE DE MOLIETS ET MAA,40660,Moliets et maâ,,"[""Maîtrise d'oeuvre"", 'Plage']","[197, 289]",non,non
98,21-89023,2021-06-29,2021-07-30,['40'],Marché de travaux pour l'Aménagement du lotissement Lapuyade - phase 2 - à Peyrehorade (40),fns,cmp2006,appeloffre,initial,SATEL,40990,Saint paul les dax,,"['Travaux de viabilité', 'Voirie et réseaux divers']","[353, 366]",non,non
99,21-89030,2021-06-29,2021-08-18,['41'],Assistance à maîtrise d'ouvrage en Gestion intégrée des eaux pluviales (GIEP),fns,cmp2006,appeloffre,initial,Agglopolys,41043,Blois Cedex,,['Etude'],[118],non,oui
100,21-89355,2021-06-29,2021-07-23,['42'],Travaux de curage et de compostage des boues de lagunage de Saint Christo En Jarez,fns,cmp2006,appeloffre,initial,Saint Etienne Métropole,42006,Saint Etienne,,['Assainissement'],[18],non,non
101,21-89415,2021-06-29,2021-07-26,['42'],construction de 15 logements locatifs collectifs au 87 rue emile zola au chambon-feugerolles,fns,cmp2006,appeloffre,initial,Habitat et Métropole,42028,Saint-etienne,,"['Ascenseur', 'Carrelage', 'Charpente', 'Chauffage (travaux)', 'Couverture', 'Démolition', 'Electricité (travaux)', 'Etanchéité', 'Gros oeuvre', 'Isolation', 'Menuiserie', 'Métallerie', 'Peinture (travaux)', 'Plâtrerie', 'Plomberie (travaux)', 'Ravalement', 'Revêtements de sols', 'Terrassement', ""Tous corps d'état"", 'Ventilation', 'Porte automatique, portail']","[17, 53, 57, 61, 74, 87, 105, 117, 144, 169, 222, 223, 264, 269, 270, 299, 308, 341, 345, 360, 412]",non,non
102,21-89477,2021-06-29,2021-08-12,['42'],RESTRUCTURATION DES ESPACES PUBLICS DU FUTUR PARC URBAIN COMMUNE DE VILLARS (42°,fns,cmp2006,appeloffre,initial,MAIRIE DE VILLARS,42390,VILLARS,,['Ingénierie'],[455],non,non
103,21-89432,2021-06-29,2021-07-26,['43'],Route Départementale no23 - Réparation d'un mur de soutènement - PR15+800 - Commune de DUNIERES,mapa,cmp2006,appeloffre,initial,DEPARTEMENT DE LA HAUTE LOIRE,43009,LE PUY EN VELAY Cedex,,"[""Ouvrage d'art""]",[252],non,non
104,21-89373,2021-06-29,2021-08-06,['43'],Étude de gestion quantitative avec une analyse Hydrologie-Milieux-Usages-Climat (HMUC),fns,cmp2006,appeloffre,initial,EPAGE LOIRE LIGNON,43700,Brives Charensac,,['Etude'],[118],non,non
105,21-88753,2021-06-29,2021-09-08,['44'],"fourniture de livrets de famille, encarts et étuis de protection",mapa,cmp2006,appeloffre,initial,Ville de Nantes,44094,Nantes Cedex 1,,"['Publicité, Communication']",[285],non,non
106,21-88292,2021-06-29,2021-07-30,['44'],marché d'assistance au maître d'ouvrage pour la mise en place d'une démarche bim relative au projet ' ambicion - saint-herblain '.,mapa,cmp2006,appeloffre,initial,Institut de Cancérologie de l'Ouest,44100,Nantes,,"['Assistance technique', 'Prestations de services']","[19, 274]",non,non
107,21-89252,2021-06-29,2021-08-29,['44'],"Location de matériel professionnel son, éclairage, équipements scéniques, vidéo et instruments de musique",fns,cmp2006,attribution,initial,Ville de Carquefou,44471,Carquefou Cedex,,"['Instruments de musique', 'Location (matériels)', 'Matériel scénique', 'Sonorisation']","[166, 185, 216, 324]",non,non
108,21-89572,2021-06-29,2021-09-16,['44'],"Réhabilitation extension du Conservatoire à Rayonnement Départemental-CRD (MAPA) - (Relance des lots 1,2,3,5 et 6 de la procédure no 202103121024)",fns,cmp2006,appeloffre,initial,COMMUNE DE SAINT NAZAIRE,44600,Saint Nazaire,,['Bâtiment'],[33],oui,non
109,21-89534,2021-06-29,2021-08-03,['45'],Travaux de modification et équipement d'ouvrages d'assainissement du Bassin de Lignerolles à Fleury les Aubrais,fns,cmp2006,appeloffre,initial,Orléans Métropole,45058,Orléans,,['Assainissement'],[18],oui,non
110,21-88929,2021-06-29,2021-08-29,['45'],Prestations de développement d'applicatif mobile et d'un portail applicatif Web pour le suivi nutritionnel du patient en situation d'obésité 'e-carnet',mapa,cmp2006,attribution,initial,CENTRE HOSPITALIER REGIONAL D ORLEANS,45067,Orleans cedex 2,[],['Informatique (prestations de services)'],[163],non,non
111,21-89179,2021-06-29,2021-07-29,['45'],Marché de prestations de services relatives à la sécurité (sécurité incendie - sécurité évènementielle - gardiennage),fns,cmp2006,appeloffre,initial,Ville de Fleury-les-Aubrais,45400,Fleury-les-Aubrais,,['Gardiennage'],[138],non,non
112,21-89178,2021-06-29,2021-08-20,['45'],Maison médicale d'Artenay : Réhabilitation d'un bâtiment existant et une extension en neuf,fns,cmp2006,appeloffre,initial,ARTENAY,45410,Artenay,,['Gros oeuvre'],[144],non,non
113,21-89108,2021-06-29,2021-07-28,['47'],TRAVAUX DE REALISATION DE 16 LOGEMENTS COLLECTIFS A MARMANDE,fns,cmp2006,appeloffre,initial,SEM 47,47000,Agen,,"[""Tous corps d'état""]",[345],non,non
114,21-89195,2021-06-29,2021-07-29,['47'],Modernisation du réseau d'irrigation de TRENTELS - 6eme tranche,fns,cmp2006,appeloffre,initial,Cie Aménagement Côteaux de Gascogne,47140,TRENTELS,,"['Canalisations', 'Irrigation', 'Réseaux divers']","[48, 168, 306]",non,non
115,21-89314,2021-06-29,2021-08-30,['47'],TRAVAUX DE VOIRIE - ACCORD-CADRE A BONS DE COMMANDE,fns,cmp2006,appeloffre,initial,COMMUNE DE VILLENEUVE SUR LOT,47307,VILLENEUVE-SUR-LOT,,"['Réseaux divers', 'Voirie']","[306, 365]",non,non
116,21-89548,2021-06-29,2021-07-30,['47'],VERIFICATION ET MAINTENANCE DES SYSTEMES DE SECURITE INCENDIE SITUES DANS LES BATIMENTS DU CONSEIL DEPARTEMENTAL DE LOT-ET-GARONNE - 4 lots,mapa,cmp2006,attribution,initial,Département de Lot-et-Garonne,47922,Agen cedex 9,,['Sécurité incendie'],[332],non,non
117,21-89547,2021-06-29,2021-07-29,['47'],"MISSION D'ASSISTANCE, DE CONSEIL JURIDIQUE ET FINANCIER EN MATIÈRE DE GESTION ACTIVE DE LA DETTE DU DÉPARTEMENT DE LOT-ET-GARONNE",mapa,cmp2006,attribution,initial,Département de Lot-et-Garonne,47922,Agen cedex 9,,['Etude'],[118],non,non
118,21-88930,2021-06-29,2021-09-25,['49'],"Le présent marché a pour objet la fourniture, la livraison, la mise en service, la formation et la garantie d'un an minimum d'un compteur gamma destiné à la SFR ICAT 4208",mapa,cmp2006,attribution,initial,Université d'Angers,49035,Angers cedex 01,,['Equipements spécialisés'],[115],non,non
119,21-89487,2021-06-29,2021-09-15,['49'],REMPLACEMENT DES SYSTEMES DE SURETE DE L UFR SCIENCES TRAVAUX DE MENUISERIE,fns,cmp2006,appeloffre,rectificatif,Université d'Angers,49035,Angers cedex 01,,['Menuiserie'],[222],non,non
120,21-89482,2021-06-29,2021-07-24,['49'],"Exploitation des équipements et réseaux rattachés à la compétence pluviale sur les communes de Saumur, Chacé et Varrains (49)",fns,cmp2006,appeloffre,initial,CA SAUMUR VAL DE LOIRE,49408,Saumur Cedex,,"['Assainissement', 'Réseaux divers', 'Station de relevage', 'Surveillance']","[18, 306, 327, 331]",non,non
121,21-89192,2021-06-29,2021-07-24,"['49', '35', '44', '53']","Location de véhicules, engins et matériel",fns,cmp2006,appeloffre,initial,COMMUNE DE OMBREE D ANJOU,49420,Ombrée d'Anjou,,['Location (matériels)'],[185],non,non
122,21-89274,2021-06-29,2021-07-16,['50'],"FOURNITURE DE MATÉRIEL, INSTALLATION ET FOURNITURE D'ABONNEMENT INTERNET AVEC UNE LIGNE TELEPHONIQUE ET UNE CONNEXION SATELLITE",mapa,cmp2006,appeloffre,initial,SDIS 50,50009,SAINT LO CEDEX,,['Télécommunications'],[338],non,non
123,21-89090,2021-06-29,2021-09-26,['50'],"Enlèvement, transfert et traitement de déchetsAC à BC",fns,cmp2006,attribution,initial,DEPARTEMENT DE LA MANCHE,50050,Saint-Lo,,['Déchets non ménagers (prestations)'],[404],non,oui
124,21-89498,2021-06-29,2021-07-24,['51'],Démolition et désamiantage de la maison no23 de Coupé sur le territoire de la commune de Condé sur Marne,mapa,cmp2006,appeloffre,initial,Voies navigables de France,51084,Reims cedex,,"['Amiante', 'Démolition']","[24, 87]",non,non
125,21-88967,2021-06-29,2021-07-31,['54'],Interventions subaquatiques dans le CMRO,fns,cmp2006,appeloffre,initial,Voies navigables de France,54036,Nancy,,"['Ecluse', ""Travaux dans l'eau""]","[103, 349]",non,oui
126,21-89046,2021-06-29,2021-09-25,['54'],L'objet du marché est la restauration du barrage de Pont-à-Mousson sur la Moselle canalisée à grand gabarit.,fns,cmp2006,appeloffre,rectificatif,Voies navigables de France,54036,Nancy,,['Barrage'],[31],oui,oui
127,21-89589,2021-06-29,2021-07-19,"['54', '57', '88', '55']",Enfouissement des réseaux secs et aménagement sécuritaire des entrées du village RD674 à Laneuvelotte-.,fns,cmp2006,appeloffre,initial,MAIRIE DE LANEUVELOTTE,54280,LANEUVELOTTE,,"['Eclairage public', 'Espaces verts', ""Ouvrage d'infrastructure"", 'Voirie']","[102, 116, 253, 365]",non,non
128,21-89268,2021-06-29,2021-07-12,['54'],Mission d'auscultation des mouvements au droit des fissures - Mesures de l'hygrométrie des bois,mapa,cmp2006,appeloffre,rectificatif,Département de Meurthe-et-Moselle,54302,LUNEVILLE CEDEX,,['Etude'],[118],non,non
129,21-89147,2021-06-29,2021-07-30,"['55', '54', '57', '88']",Transport des écoles maternelles et primaires de la Communauté de Communes de Commercy-Void-Vaucouleurs,mapa,cmp2006,appeloffre,initial,CC DE COMMERCY VOID VAUCOULEURS,55200,COMMERCY,,['Transport'],[347],non,non
130,21-89565,2021-06-29,2021-07-21,['57'],Logistique des oeuvres d'art dans le cadre de l'exposition 'Ecrire c'est dessiner',fns,cmp2006,appeloffre,initial,EPCC du Centre Pompidou-Metz,57000,Metz,,"['Manutention', ""Oeuvre d'art"", 'Transport']","[237, 247, 347]",non,non
131,21-89276,2021-06-29,2021-09-14,"['57', '54']",vérification triennale des systèmes de sécurité incendie par un organisme agréé en prévention,fns,cmp2006,appeloffre,initial,Lycée Louis VINCENT,57000,Metz,,['Sécurité incendie'],[332],non,non
132,21-89522,2021-06-29,2021-07-31,['59'],Accompagnement de la délégation Hauts-De-France/EuraTechnologies pour le Consumer Electronic Show 2022 à Las Vegas,fns,cmp2006,appeloffre,initial,EuraTechnologies,59000,Lille,,['Voyage'],[367],non,non
133,21-89120,2021-06-29,2021-07-20,"['59', '62', '2', '80', '60']",Promotion du Salon International des Métiers d'Art de Lens - édition 2021 - pour la CMA Hauts-de-France,fns,cmp2006,appeloffre,initial,CMAR Hauts de France,59011,Lille Cedex,,"['Prestations de services', 'Publicité, Communication']","[274, 285]",non,non
134,21-89164,2021-06-29,2021-08-20,['59'],"La présente consultation concerne les travaux de reconstruction d'un collecteur d'assainissement unitaire rue de Mouscron à Wattrelos. Le réseau sera remplacé par un collecteur en grès, sur",fns,cmp2006,appeloffre,initial,METROPOLE EUROPEENNE DE LILLE,59040,Lille cedex,,['Assainissement'],[18],oui,oui
135,21-88935,2021-06-29,2021-07-29,['59'],Mission de maîtrise d'oeuvre pour la requalification du parc d'activités du moulin blanc à saint-amand-les-eaux,mapa,cmp2006,attribution,initial,COM D AGGL DE LA PORT DU HAINAUT,59135,Wallers arenberg,,"[""Maîtrise d'oeuvre""]",[197],non,non
136,21-88991,2021-06-29,2021-07-29,['59'],travaux de fourniture et pose d'éclairage public sur parking à auberchicourt.,fns,cmp2006,attribution,initial,SMT du Douaisis,59287,guesnain,,['Eclairage public'],[102],non,non
137,21-89210,2021-06-29,2021-07-13,['59'],Acquisition de scooters neufs thermiques,mapa,cmp2006,appeloffre,initial,Ville d'Armentières,59427,Armentières cedex,,['Véhicules (acquisition)'],[475],non,non
138,21-89372,2021-06-29,2021-07-31,['59'],Fourniture et livraison d'un système de Pile à combustible pour un banc de travaux pratiques.,mapa,cmp2006,appeloffre,initial,IMT LILLE DOUAI,59508,Douai,,['Equipements spécialisés'],[115],non,oui
139,21-89066,2021-06-29,2021-08-29,['59'],place saint-améréalisation d'un revêtement en béton bouchardé sur la place centrale et les pistes cyclables,fns,cmp2006,attribution,initial,Commune de Douai,59508,Douai cedex,"[('2021-06-29', 'ID Verde', (160339.01, 'EUR'), None)]",['Voirie'],[365],oui,non
140,21-89441,2021-06-29,2021-07-26,['59'],"Mise en oeuvre d'une solution informatique de gestion des prêts et avances remboursables (GePAR), maintenance et prestations associées incluses",fns,cmp2006,appeloffre,initial,CONSEIL REGIONAL HAUTS DE FRANCE,59555,Lille,,"['Informatique (prestations de services)', 'Logiciel', 'Maintenance']","[163, 186, 196]",non,non
141,21-88757,2021-06-29,2021-07-23,['59'],réaménagement et sécurisation du secteur du pas roland pour les cyclistes sur la commune de mons-en-pévèle (59246),mapa,cmp2006,appeloffre,initial,Communauté Communes Pévèle Carembault,59710,Pont-à-Marcq,,['Voirie'],[365],non,non
142,21-89544,2021-06-29,2021-09-26,['59'],"Numéro de la consultation : 2021-MAI-0002 Accord cadre de fourniture de graines, plants d'annuelles, bisannuelles, de bulbes a fleurs, de produits biologiques, de produits horticoles, de substrat",fns,cmp2006,attribution,initial,COMMUNE DE LAMBERSART,59831,LAMBERSART,,"['Matériel agricole, horticole']",[200],non,non
143,21-89117,2021-06-29,2021-08-28,['59'],"Extincteurs - vérifications périodiques, maintenance et remplacement",mapa,cmp2006,appeloffre,initial,VILLE DE NIEPPE,59850,NIEPPE,,['Extincteur'],[119],non,non
144,21-76930,2021-06-29,2021-07-30,['60'],rd 139 beauvais - renforcement des murs en terre armée,fns,cmp2006,appeloffre,initial,Département de l'Oise,60000,Beauvais,,"['Mur de soutènement', ""Ouvrage d'art""]","[233, 252]",non,oui
145,21-89539,2021-06-29,2021-07-16,['60'],Restauration de la continuité écologique du RU de Laversines,fns,cmp2006,appeloffre,rectificatif,Communaute d'Agglo du Beauvaisis,60000,BEAUVAIS,,"['Equipement hydraulique', 'Ouvrage hydraulique']","[111, 255]",non,non
146,21-89569,2021-06-29,2021-07-30,['60'],Mission d'assistance à maîtrise d'ouvrage pour la réalisation d'un diagnostic du patrimoine monumental appartenant à la ville de Beauvais,fns,cmp2006,appeloffre,initial,VILLE DE BEAUVAIS,60021,Beauvais,,"['Etude', ""Assistance à maîtrise d'ouvrage""]","[118, 433]",non,non
147,21-89354,2021-06-29,2021-08-11,['60'],"Le présent marché porte sur - La production (en petites quantités) . - L'évolution (sur demande spécifique du client). - La maintenance en atelier - L'installation, le paramétrage et la",fns,cmp2006,appeloffre,initial,INERIS,60550,Verneuil en halatte,,['Matériel de précision'],[215],non,non
148,21-89131,2021-06-29,2021-07-15,['60'],Fourniture et livraison de repas en liaison froide pour les restaurants scolaires de la commune de Cires les Mello pour les années 2021/2022 et 2022/2023,fns,cmp2006,appeloffre,initial,Mairie de Cires Les Mello,60660,Cires Les Mello,,['Restauration collective'],[66],non,non
149,21-89205,2021-06-29,2021-07-30,"['62', '59']",organisation d'une classe de neige pour 53 enfants de deux classes de cm2 de l'école ferry de blériot plage et une classe de 24 élèves de cm2 de l'école latham de sangatte pour l'année 2022,mapa,cmp2006,appeloffre,initial,Mairie de Sangatte,62231,sangatte,,['Prestations de services'],[274],non,non
150,21-88902,2021-06-29,2021-07-29,['62'],services d'un vétérinaire pour les besoins d'un cheptel de la ferme pédagogique municipale,mapa,cmp2006,appeloffre,initial,COMMUNE DE HENIN BEAUMONT,62252,Hénin-Beaumont cédex,,"['Animaux', 'Prestations de services']","[9, 274]",non,non
151,21-89340,2021-06-29,2021-09-26,['62'],REHABILITATION DE LA VOIRIE ET CREATION DE RESEAUX VOIE ALBERT CARRE A HENIN-BEAUMONT,fns,cmp2006,attribution,initial,COMMUNAUTE D AGL D HENIN CARVIN,62253,HENIN BEAUMONT CEDEX,"[('2021-05-19', 'EUROVIA PAS DE CALAIS', (839714.03, 'EUR'), None), ('2021-05-19', 'CITEOS ARRAS', (197774.67, 'EUR'), None), ('2021-05-19', 'LEMOINE ESPACES VERTS', (81894.31, 'EUR'), None)]","['Réseaux divers', 'Terrassement']","[306, 341]",oui,non
152,21-89256,2021-06-29,2021-09-26,['62'],Entretien des bassins et des cours d'eau de la Communauté d'Agglomération Hénin Carvin,fns,cmp2006,attribution,initial,COMMUNAUTE D AGL D HENIN CARVIN,62253,HENIN BEAUMONT CEDEX,"[('2021-06-29', 'EDIVERT', (60000, 'EUR'), None), ('2021-06-29', 'FLANDRES ARTOIS PAYSAGES', (40000, 'EUR'), None)]",['Espaces verts'],[116],non,non
153,21-89176,2021-06-29,2021-07-30,['62'],"L'objet du présent contrat porte sur l'accompagnement de la commune par le titulaire pour toute la durée de la procédure de la révision générale du règlement local de publicité, de la phase",fns,cmp2006,appeloffre,initial,Ville de lens,62300,Lens,,['Etude'],[118],non,non
154,21-89223,2021-06-29,2021-08-17,['62'],Maîtrise d'oeuvre pour travaux de rénovation sur le site d'ARMATIS,fns,cmp2006,appeloffre,initial,Cté d'agglomération du Boulonnais,62321,Boulogne sur Mer Cedex,,['Etude'],[118],non,non
155,21-89228,2021-06-29,2021-07-30,['62'],Wimereux - Réalisation du schéma directeur cyclable rues Léon Fayolle et du Général de Gaulle - Zone de rencontre,fns,cmp2006,appeloffre,initial,Cté d'agglomération du Boulonnais,62321,Boulogne sur Mer Cedex,,"['Signalisation', 'Voirie', 'Voirie et réseaux divers']","[322, 365, 366]",non,non
156,21-89599,2021-06-29,2021-09-20,"['62', '75', '13']","Le présent accord-cadre a pour objet l'organisation, la promotion et la commercialisation d'une convention d'affaires destinée aux professionnels du tourisme fluvial Rencontres National",fns,cmp2006,appeloffre,initial,Voies navigables de France,62408,Béthune cedex,,['Evénementiel'],[445],oui,oui
157,21-87806,2021-06-29,2021-07-19,['62'],centre sportif - rénovation de l'éclairage sportif des terrains de football et hockey,fns,cmp2006,appeloffre,initial,ville du Touquet-Paris-Plage,62520,Le Touquet-Paris-Plage,,['Eclairage public'],[102],non,non
158,21-89123,2021-06-29,2021-07-20,['63'],Travaux de rénovation thermique du Centre Anatole France - relance Lot 3 Menuiseries extérieures serrurerie - Clermont Ferrand,fns,cmp2006,appeloffre,initial,Ville de Clermont-Ferrand,63033,CLERMONT-FERRAND,,['Menuiserie'],[222],non,non
159,21-89357,2021-06-29,2021-07-19,['63'],Grande Halle d'Auvergne : MOE rénovation éclairage extérieur du site,fns,cmp2006,appeloffre,rectificatif,REGION AUVERGNE RHONE ALPES,63050,Clermont-ferrand cedex 2,,"[""Maîtrise d'oeuvre""]",[197],non,non
160,21-89068,2021-06-29,2021-07-20,['63'],MAINTENANCE PREVENTIVE ET CORRECTIVE DES APPAREILS DE LEVAGE,fns,cmp2006,appeloffre,initial,REGIE T2C,63063,CLERMONT-FERRAND,,['Maintenance'],[196],non,non
161,21-89491,2021-06-29,2021-07-23,"['64', '65', '40', '33']",Le présent marché a pour objet une mission de maitrise d'oeuvre pour l'opération : Marché de maîtrise d'oeuvre dans le cadre de l'opération de mise en sécurité et d'accessibil,fns,cmp2006,appeloffre,initial,UPPA,64012,Pau cedex,,"[""Maîtrise d'oeuvre""]",[197],non,non
162,21-89200,2021-06-29,2021-07-07,['64'],équipement audiovisuel des salles de réunion de la communauté de communes de lacq-orthez,fns,cmp2006,appeloffre,initial,Communauté de communes de Lacq-Orthez,64150,Mourenx,,['Audiovisuel'],[22],non,non
163,21-89054,2021-06-29,2021-07-28,['64'],"construction d'un centre technique à orthez, mission de maîtrise d'oeuvre, contrôle technique et sps",fns,cmp2006,appeloffre,initial,Communauté de communes de Lacq-Orthez,64150,Mourenx,,"['Contrôle technique', ""Maîtrise d'oeuvre"", 'Ingénierie']","[72, 197, 455]",non,non
164,21-89444,2021-06-29,2021-07-29,['65'],FOURNITURE DE COUCHES POUR LES ENFANTS DES CRECHES MUNICIPALES,fns,cmp2006,appeloffre,rectificatif,CCAS DE LA VILLE DE TARBES,65000,TARBES,,['Couches'],[73],non,non
165,21-89315,2021-06-29,2021-07-28,['65'],RENOVATION DU BATIMENT C AU COLLEGE VOLTAIRE A TARBES,fns,cmp2006,appeloffre,initial,DEPARTEMENT HAUTES-PYRENEES,65013,TARBES,,['Bâtiment'],[33],non,non
166,21-89213,2021-06-29,2021-08-29,['65'],TRAVAUX DE DESAMIANTAGE/CURAGE/DEMOLITION/DEROCTAGE DANS LE CADRE DE LA CONSTRUCTION MAISON TOURMALET PIC DU MIDI,fns,cmp2006,attribution,initial,SM de Valorisation du Pic,65200,La Mongie,"[('2021-06-15', 'SAS SOGEP', (129566.52, 'EUR'), None)]",['Démolition'],[87],non,non
167,21-89434,2021-06-29,2021-09-01,['65'],fourniture d'un chargeur télescopique avec contrat d'entretien pour une durée de 4 ans,mapa,cmp2006,appeloffre,initial,S.M.T.D. 65,65420,ibos,,['Véhicules (acquisition)'],[475],non,non
168,21-89076,2021-06-29,2021-09-10,['66'],Prestations d'assurances pour l'établissement public foncier local Perpignan Pyrénées Méditerranée,fns,cmp2006,appeloffre,initial,EPFL Perpignan Pyrénées Méditerranée,66000,Perpignan,,"['Assurance', 'Assistance juridique']","[20, 434]",non,non
169,21-89325,2021-06-29,2021-07-19,['66'],GESTION DE L'AIRE PERMANENTE D'ACCUEIL DES GENS DU VOYAGE,fns,cmp2006,appeloffre,rectificatif,CC CORBIERES SALANQUE MEDITERRANEE,66530,Claira,,"['Prestations de services', ""Aire d'accueil""]","[274, 430]",non,non
170,21-89427,2021-06-29,2021-07-29,['66'],ROUTES ET VELOROUTES DEPARTEMENTALES - SUIVIS ECOLOGIQUES DES CHANTIERS AVEC EXPERTISES ENVIRONNEMENTALES,fns,cmp2006,appeloffre,initial,DEPARTEMENT DES PYRENEES-ORIENTALES,66906,PERPIGNAN,,['Etude'],[118],non,non
171,21-89429,2021-06-29,2021-08-02,['67'],Opérations de déneigement de voiries et de parkings - GHT10,fns,cmp2006,appeloffre,initial,HOPITAUX UNIVERSITAIRES DE STRASBOURG,67091,Strasbourg cedex,,['Prestations de services'],[274],non,non
172,21-89225,2021-06-29,2021-07-27,['67'],BISCHWILLER : TRAVAUX D'AMENAGEMENT DE VOIRIE RUE DE L'USINE À GAZ (2 lots),fns,cmp2006,appeloffre,initial,Ville de Bischwiller,67241,Bischwiller cedex,,"['Eclairage public', 'Voirie']","[102, 365]",non,non
173,21-89118,2021-06-29,2021-07-29,['67'],mission de maitrise d'oeuvre pour la mise en accessibilité du collège charles munch à niederbronn-les-bains,mapa,cmp2006,appeloffre,initial,Collectivité européenne d'Alsace,67964,Strasbourg cedex 9,,"[""Maîtrise d'oeuvre""]",[197],non,non
174,21-86971,2021-06-29,2021-07-19,['68'],réfection de la fosse de réception de la salle de gymnastique spécialisée,fns,cmp2006,appeloffre,initial,Ville d'Illzach,68110,Illzach,,['Equipement sportif'],[113],non,non
175,21-88961,2021-06-29,2021-07-29,['69'],Prestations d'hôtes et d'hôtesses d'accueil à caractère événementiel,fns,cmp2006,attribution,initial,REGION AUVERGNE RHONE ALPES,69002,Lyon,,['Prestations de services'],[274],non,non
176,21-88126,2021-06-29,2021-07-19,['69'],Assistance a maitrise d'ouvragechangement de siège - locaux de bureau,mapa,cmp2006,appeloffre,initial,SIGERLY,69100,Villeurbanne,,"['Déménagement', ""Maîtrise d'oeuvre"", ""Assistance à maîtrise d'ouvrage""]","[86, 197, 433]",non,non
177,21-89060,2021-06-29,2021-08-09,['69'],Réfection des installations électriques de la Mairie - Lot 2 Peinture (relance),fns,cmp2006,appeloffre,initial,COMMUNE D ECULLY,69134,ECULLY,,['Peinture (travaux)'],[264],non,non
178,21-89282,2021-06-29,2021-07-20,['69'],Prestations de services de télédiagnostics pour le service d'imagerie vétérinaire de Vet Agro Sup,fns,cmp2006,appeloffre,initial,VetAgro Sup,69280,Marcy l'etoile,,['Télégestion'],[352],non,non
179,21-89320,2021-06-29,2021-09-23,"['48', '12', '34']","Mission de MAITRISE D'OEUVRE COMPLETE pour la transformation/ réhabilitation d'une partie d'un bâtiment ancien (création de 35 logements, d'un tiers lieu et d'espaces communs)",fns,cmp2006,appeloffre,initial,EHD,69300,Caluire et cuire,,"[""Assistance à maîtrise d'ouvrage""]",[433],non,non
180,21-89180,2021-06-29,2021-07-16,['69'],"Le CCAS de SAINT-DIDIER-AU-MONT-D'OR souhaite confier à un prestataire la fourniture de repas à domicile en faveur des personnes âgées de la commune.La prestation comprend la fabrication, le con",fns,cmp2006,appeloffre,initial,Mairie de Saint-Didier-au-Mont-d'Or,69370,SAINT-DIDIER-AU-MONT-D'OR,,"['Repas, traiteur']",[304],non,non
181,21-88931,2021-06-29,2021-07-08,['69'],Acquisition d'un oscilloscope pour le laboratoire IP2I,fns,cmp2006,appeloffre,initial,Université Claude Bernard Lyon 1,69622,Villeurbanne cedex,,['Matériel électrique'],[203],non,non
182,21-89089,2021-06-29,2021-09-29,['71'],Travaux d'installations électriques pour le compte du CH de Laguiche et de l'EHPAD du Mont Saint Vincent,mapa,cmp2006,attribution,initial,Centre Hospitalier Chalon sur Saône,71321,Chalon sur Saone,,['Groupe électrogène'],[143],non,non
183,21-89420,2021-06-29,2021-08-09,['71'],Zonage des eaux pluviales du Grand Chalon,fns,cmp2006,appeloffre,initial,C.A. Chalon Val de Bourgogne,71321,Chalon sur saône cedex,,['Etude'],[118],non,non
184,21-89558,2021-06-29,2021-07-23,['71'],Entretien des locaux communaux,fns,cmp2006,appeloffre,initial,Ville de Givry,71640,Givry,,['Nettoyage de locaux'],[239],non,non
185,21-89387,2021-06-29,2021-08-02,['71'],Acheminement et fourniture de gaz naturel,fns,cmp2006,attribution,initial,Ville de Chatenoy-le-Royal,71880,Châtenoy-le-royal,,"['Electricité, gaz (fourniture)']",[443],non,non
186,21-89344,2021-06-29,2021-09-26,['72'],Requalification de deux cours d'écoles : École Elémentaire des Ardriers et École Maternelle Berthe HUBERT au Mans,fns,cmp2006,attribution,initial,Ville du Mans,72039,LE MANS,"[('2021-06-24', 'HRC', (154232, 'EUR'), None), ('2021-06-24', 'NCI Paysage (mandataire) - Julien LEGAULT', (64993, 'EUR'), None), ('2021-06-24', 'ID VERDE', (46300, 'EUR'), None), ('2021-06-24', 'EIFFAGE ROUTE SUD OUEST', (158384, 'EUR'), None), ('2021-06-25', 'ID VERDE', (154320, 'EUR'), None)]",['Aire de jeux'],[400],non,oui
187,21-89468,2021-06-29,2021-09-26,['72'],Assistance à Maîtrise d'Ouvrage pour l'élaboration d'une stratégie territoriale et la mise en oeuvre d'un projet de territoire stratégique et programmatique,fns,cmp2006,attribution,initial,Le Mans Métropole - Communauté Urbaine,72039,Le Mans,"[('2021-06-24', 'SEMAPHORES EXPERTISE', (59737, 'EUR'), None)]",['Etude'],[118],non,non
188,21-89457,2021-06-29,2021-09-26,['72'],Aménagement de la rue de l'église à Saint Saturnin,fns,cmp2006,attribution,initial,Le Mans Métropole - Communauté Urbaine,72039,Le Mans,"[('2021-06-24', 'HRC', (1405403, 'EUR'), None), ('2021-06-28', 'TELELEC RESEAUX (mandataire) - SORELUM', (222857, 'EUR'), None), ('2021-06-24', 'ID VERDE', (73721, 'EUR'), None)]","['Espaces verts', 'Terrassement', 'Voirie']","[116, 341, 365]",oui,oui
189,21-89530,2021-06-29,2021-07-21,['72'],FORMATION CPJEPS ANIMATEUR D'ACTIVITES ET DE VIE QUOTIDIENNE - 2021,fns,cmp2006,appeloffre,initial,Ville du Mans,72039,LE MANS,,['Formation'],[410],non,non
190,21-89275,2021-06-29,2021-07-28,['73'],conception de l'aménagement des accès au coeur du parc national de la vanoise (pnv) pour un meilleur accueil des publics,fns,cmp2006,appeloffre,initial,Parc national de la Vanoise,73000,Chambéry,,['Etude'],[118],non,non
191,21-89574,2021-06-29,2021-07-07,['73'],DESAMIANTAGE DEMOLITIONSDEMOLITION DU PAVILLON DES ADOLESCENTS A CHANTOISEAU 1,fns,cmp2006,appeloffre,rectificatif,GHT Savoie-Belley,73000,Bassens,,['Amiante (désamiantage)'],[479],non,non
192,21-88988,2021-06-29,2021-07-20,['73'],"Rénovation Thermique "" Crèche Les Bouts de Choux """,fns,cmp2006,appeloffre,initial,COMMUNE DE VAL D ISERE,73155,VAL D'ISERE CEDEX,,"['Cloison, faux plafond', 'Menuiserie']","[63, 222]",non,non
193,21-89486,2021-06-29,2021-08-20,['75'],Mission de préparation et d'organisation logistique de rencontres publiques dans le cadre du projet de restructuration et d'extension de l'ancien hôpital d'instruction des Armées (,fns,cmp2006,appeloffre,initial,Etablt Public du Campus de Jussieu,75002,Paris,,['Evénementiel'],[445],non,non
194,21-89168,2021-06-29,2021-07-13,['75'],Mise en place d'un système de vote par voie électronique pour les élections ordinales des pharmaciens prévues en 2022,mapa,cmp2006,appeloffre,initial,Conseil National Ordre Des Pharmaciens,75008,Paris,,['Informatique (prestations de services)'],[163],non,non
195,21-89454,2021-06-29,2021-09-26,['75'],renouvellement de la restauration grand public et traiteur sur le site de la Cité des sciences et de l'industrie,mapa,cmp2006,attribution,initial,EPPDCSI,75008,Paris,,['Prestations de services'],[274],non,non
196,21-89459,2021-06-29,2021-09-26,['1'],Marché de conception graphique aux fins de réalisation de 12 livrets tactiles bi-graphiques et en bi-écriture à destination du public déficient visuel,mapa,cmp2006,attribution,initial,EPPDCSI,75008,Paris,,['Reprographie'],[305],non,non
197,21-89189,2021-06-29,2021-07-26,"['75', '77', '78', '91', '92', '93', '94', '95']",Formations de formateurs et formations pour les équipes des structures de formation initiale du CFDC pour le compte du Centre de la Formation et du Développement des Compétences de l'Assistance P,fns,cmp2006,appeloffre,initial,AP-HP / CFDC,75012,Paris,,['Formation'],[410],non,non
198,21-89045,2021-06-29,2021-09-02,['75'],Accord-cadre à bons de commande pour la fourniture de cartes d'achat de niveaux 1 et 3 pour des services de la Ville de Paris,fns,cmp2006,appeloffre,initial,Ville de Paris,75013,Paris,,"['Carte magnétique, carte à puce']",[403],non,non
199,21-89020,2021-06-29,2021-07-29,['51'],"Nettoyage, équilibrage du réseau de chauffage et installation de têtes thermostatiques - Campus de Châlons-en-Champagne",fns,cmp2006,attribution,initial,Ecole National Sup. d'Arts et Métiers,75013,Paris,"[('2021-06-11', 'ENGIE ENERGIE SERVICES - ENGIE Solutions', (54135.39, 'EUR'), None)]",['Chauffage (travaux)'],[61],non,oui
200,21-88873,2021-06-29,2021-09-26,['75'],Travaux de restauration de la continuité écologique sur la rivière Vanne à Chigy (89),fns,cmp2006,attribution,initial,EAU DE PARIS,75013,PARIS,"[('2021-06-24', 'TERIDEAL - SEGEX', (184100, 'EUR'), None)]",['Génie civil'],[141],non,non
201,21-89280,2021-06-29,2021-08-29,['75'],"Marché public de travaux de rénovation des blocs sanitaires sur cour et des étages 1,2 et 3 du collège Gustave Flaubert et rénovation des douches du 5e étage de l'internat du collège Thomas Mann.",fns,cmp2006,attribution,initial,VILLE DE PARIS,75013,Paris,"[('2021-06-28', 'STA BAT S.A.S.U.', (213525.63, 'EUR'), None)]","['Plomberie (travaux)', 'Sanitaire', ""Tous corps d'état""]","[270, 319, 345]",non,non
202,21-89321,2021-06-29,2021-07-27,['77'],Travaux d'optimisation des systèmes de sécurité incendie du Site de Sorques (77690),fns,cmp2006,appeloffre,initial,EAU DE PARIS,75013,PARIS,,['Détection incendie'],[90],non,oui
203,21-89163,2021-06-29,2021-09-03,['75'],"Formations dans les domaines de l'écrit, de l'oral et du développement personnel à l'attention des membres du personnel du Sénat (à Paris)",mapa,cmp2006,appeloffre,initial,Sénat,75291,Paris cedex 06,,['Formation'],[410],non,non
204,21-88925,2021-06-29,2021-09-22,"['75', '92', '93', '94']","Les stipulations du présent marché concernent les missions relatives à l'organisation, la préparation, la captation et l'animation de débats mensuels avec les citoyens en relation avec les p",fns,cmp2006,appeloffre,initial,METROPOLE DU GRAND PARIS,75646,Paris cedex 13,,['Assistance technique'],[19],non,non
205,21-88678,2021-06-29,2021-07-30,"['75', '93']",petits travaux d'entretien des bâtiments et logements gta gérés par le pôle de paris-le bourget du snia-nord,fns,cmp2006,appeloffre,initial,MEDAD_DGAC_SNIA,75970,Paris cedex 20,,"['Canalisations', 'Electricité (travaux)', 'Peinture (travaux)', 'Plomberie (travaux)', 'Serrurerie']","[48, 105, 264, 270, 321]",non,oui
206,21-89512,2021-06-29,2021-07-28,"['76', '14', '27', '60', '80']",La présente consultation concerne les aménagements pour l'amélioration de la qualité des eaux sur le Terminal de Honfleur.,fns,cmp2006,appeloffre,initial,GPFMAS DT ROUEN,76022,Rouen,,"[""Travaux dans l'eau""]",[349],non,non
207,21-88916,2021-06-29,2021-09-26,['76'],Collège Paul Eluard à St Etienne du Rouvray- Gros Travaux 2021,fns,cmp2006,attribution,initial,DEPARTEMENT DE LA SEINE-MARITIME,76101,ROUEN CEDEX,"[('2021-06-22', 'ZANONE PEINTURE', (44472, 'EUR'), None), ('2021-06-22', 'SFEE', (6553.32, 'EUR'), None), ('2021-06-22', 'GIFEC', (49000, 'EUR'), None)]",['Bâtiment'],[33],non,non
208,21-89141,2021-06-29,2021-07-29,['76'],Marchés d'études : nouvelle stratégie touristique départementale 2022-2027,mapa,cmp2006,appeloffre,initial,Département de Seine-Maritime,76101,ROUEN CEDEX,,"['Etude', 'Prestations de services']","[118, 274]",non,non
209,21-89188,2021-06-29,2021-09-26,['76'],Collège Jean Renoir à Grand-Couronne - GT 19-21 complémentairesDémolition et reconstruction du préau,fns,cmp2006,attribution,initial,DEPARTEMENT DE LA SEINE-MARITIME,76101,ROUEN CEDEX,,['Bâtiment'],[33],non,non
210,21-89235,2021-06-29,2021-08-13,['76'],marché d'exploitation et de maintenance des installations de chauffage - eau chaude sanitaire eau froide - ventilation - traitement d'air - climatisation de la plupart des bâtiments de la commune,fns,cmp2006,appeloffre,initial,Commune de Préaux,76160,Préaux,,"['Chauffage (exploitation, entretien)', 'Chauffage (travaux)', 'Climatisation']","[59, 61, 62]",non,non
211,21-89232,2021-06-29,2021-08-23,['76'],Mise en place et développement de plateformes collaboratives pour le Département urbanisme et habitat,fns,cmp2006,appeloffre,initial,METROPOLE ROUEN NORMANDIE,76176,ROUEN,,['Logiciel'],[186],non,non
212,21-89308,2021-06-29,2021-08-09,['76'],Réalisation des examens d'adéquation des appareils et accessoires de levage de la Direction Eau/Assainissement-Régies,fns,cmp2006,appeloffre,initial,METROPOLE ROUEN NORMANDIE,76176,ROUEN,,"['Alimentation en eau potable', 'Etude']","[6, 118]",non,oui
213,21-89431,2021-06-29,2021-08-23,"['76', '27']",MAITRISE D'OEUVRE URBAINE ET SOCIALE (MOUS) POUR L'HABITAT ET L'ACCUEIL DES GENS DU VOYAGE SUR DIEPPE-MARITIME,mapa,cmp2006,appeloffre,initial,Cté d'agglo. de la Région Dieppoise,76204,DIEPPE CEDEX,,"[""Maîtrise d'oeuvre""]",[197],non,non
214,21-89331,2021-06-29,2021-07-23,['76'],travaux de sécurisation de la RD 940 route de dieppesection boulevard du calvaire - rue paul paray,fns,cmp2006,appeloffre,initial,Ville du Tréport,76470,Le Tréport,,"['Assainissement', 'Eclairage public', 'Réseaux divers', 'Voirie', 'Voirie et réseaux divers']","[18, 102, 306, 365, 366]",non,non
215,21-89349,2021-06-29,2021-09-26,['76'],MAÎTRISE D'OEUVRE POUR LA RESTRUCTURATION THERMIQUE DU CENTRE SOCIO-CULTUREL BORIS VIAN ET DE L'ESPACE PIERRE NEHOULT ET LA CREATION DE CENTRALES SOLAIRES PHOTOVOLTAIQUES EN TOITURES,fns,cmp2006,attribution,initial,COMMUNE DE MALAUNAY,76770,MALAUNAY,"[('2021-06-15', 'I.P.H', (79150, 'EUR'), None)]","[""Maîtrise d'oeuvre"", 'Ingénierie']","[197, 455]",oui,non
216,21-89583,2021-06-29,2021-07-15,"['77', '93', '91', '94']",La formation à la consultation de puéricultrice en service de protection maternelle infantile.,mapa,cmp2006,appeloffre,rectificatif,Département de Seine-et-Marne,77010,Melun cedex,,['Formation'],[410],non,non
217,21-89100,2021-06-29,2021-09-11,['77'],"réalisation, montage / démontage et stockage de stands modulables d'exposition en location pour la participation du CSTB à divers salons",fns,cmp2006,appeloffre,initial,C.S.T.B.,77421,Marne-la-Vallée Cedex 2,,"['Prestations de services', 'Stand']","[274, 325]",non,non
218,21-89259,2021-06-29,2021-07-20,"['78', '92']",travaux d'aménagement intérieur de la brasserie le millénium à nanterre gérée par le crous de l'académie de versailles,fns,cmp2006,appeloffre,initial,CROUS de Versailles,78000,versailles,,"['Cloison, faux plafond', 'Décoration (travaux)', 'Démolition', 'Electricité (travaux)', 'Informatique (matériel)', 'Mobilier', 'Peinture (travaux)', 'Plâtrerie', 'Revêtements de sols', 'Sonorisation']","[63, 85, 87, 105, 162, 230, 264, 269, 308, 324]",non,non
219,21-89236,2021-06-29,2021-07-28,['78'],Accord cadre 'formations sécurité au travail',fns,cmp2006,appeloffre,initial,Ville de Guyancourt,78041,Guyancourt,,['Formation'],[410],non,non
220,21-89412,2021-06-29,2021-07-10,"['75', '92', '91', '95', '93', '94']",Location et maintenance d'un parc de défibrillateurs externes automatiques au profit des entités soutenues par le GSBdD IdF / Pôle Arcueil- Vanves,fns,cmp2006,appeloffre,initial,MINDEF/EMA/SCA/PFAF-IDF,78102,Saint-germain-en-laye cedex,,['Matériel électronique médical'],[205],oui,oui
221,21-89048,2021-06-29,2021-09-24,"['91', '78']",BRETIGNY SUR ORGE (91) - Ex B.A.217 zone OuestRéhabilitation du bâtiment CAMBOIS au profit des troupes SENTINELLE,fns,cmp2006,appeloffre,rectificatif,ESID IDF,78102,Saint germain en laye cedex,,['Bâtiment'],[33],oui,oui
222,21-89484,2021-06-29,2021-08-06,['78'],AMENAGEMENT DE L'ENTREE ET DES TROTTOIRS DE LA ZONE D'ACTIVITES PAVY SUR LA COMMUNE DE SAINT-GERMAIN-DE-LA-GRANGE,fns,cmp2006,appeloffre,initial,Communauté de Communes Coeur Yvelines,78640,Neauphle,,['Voirie'],[365],non,non
223,21-89004,2021-06-29,2021-09-26,['79'],Aménagements intérieur et extérieur d'un Véhicule Utilitaire Léger RENAULT MASTER FG III pour l'adaptation d'un Véhicule Poste de Commandement (VPC) utilisé par les équipes du SAMU 79 b,fns,cmp2006,attribution,initial,CENTRE HOSPITALIER DE NIORT,79021,NIORT,,"[""Matériel de secours et d'incendie""]",[217],non,non
224,21-89409,2021-06-29,2021-08-01,"['79', '16', '17', '86', '85', '44']",Le marché porte sur l'aménagement d'un bassin d'orage rue Sarrazine sur la commune de Niort (79),fns,cmp2006,appeloffre,initial,Communauté d'agglomération du Niortais,79027,Niort cedex,,['Assainissement'],[18],oui,non
225,21-89067,2021-06-29,2021-08-17,['79'],Gestion et fourniture des abonnements aux publications périodiques à destination des bibliothèques de la Communauté d'agglomération du bocage bressuirais,fns,cmp2006,appeloffre,initial,COM D AGGL DU BOCAGE BRESSUIRAIS,79304,BRESSUIRE,,['Abonnement'],[2],non,non
226,21-89027,2021-06-29,2021-07-16,['80'],"travaux sur l'espace naturel sensible des étangs de la barette sur les communes de corbie et vaux-sur-somme, propriété départementale (annulation)",fns,cmp2006,appeloffre,annulation,Conseil Départemental de la Somme,80026,Amiens,,"['Bois', 'Espaces verts']","[38, 116]",non,non
227,21-89124,2021-06-29,2021-07-20,['81'],Prestations de location de chalets d'exposition-vente pour les festivités de fin d'année 2021 à Albi,fns,cmp2006,appeloffre,initial,COMMUNE D ALBI,81000,Albi,,['Bâtiments modulaires'],[27],non,non
228,21-88956,2021-06-29,2021-07-29,['81'],"Travaux de rénovation des centres d'exploitation routiers de Brassac (81260), Montredon-Labessonié (81360) et Vabre (81330). Marché alloti. Date prévisionnelle de démarrage des travaux : Octobre",fns,cmp2006,appeloffre,initial,THEMELIA,81011,Albi cedex 9,,['Bâtiment'],[33],non,non
229,21-89305,2021-06-29,2021-07-20,['83'],21PM07 - Réalisation de la fin de la communication de l'enquête mobilité certifié CEREMA sur la Métropole Toulon Provence Méditerranée (EMC² Métropole TPM),mapa,cmp2006,appeloffre,initial,Métropole Toulon Provence Méditerranée,83041,TOULON,,"['Publicité, Communication']",[285],non,non
230,21-88943,2021-06-29,2021-09-15,['83'],"Le présent accord cadre concerne la fourniture d'une prestation de service comprenant la conception, l'installation, la mise à disposition et l'animation d'un stand professionnel.",fns,cmp2006,appeloffre,initial,CAISSE NATIONALE MILITAIRE DE SECU SOC,83090,Toulon,,['Stand'],[325],non,non
231,21-89307,2021-06-29,2021-07-28,['83'],"FOURNITURE DE BOÎTIERS D'ALERTES MOBILES POUR LES ANNEES 2021, 2022 ET 2023",fns,cmp2006,appeloffre,initial,Commune de Six-Fours-les-Plages,83140,SIX-FOURS-LES-PLAGES,,['Irrigation'],[168],non,non
232,21-89148,2021-06-29,2021-07-21,['83'],Entretien et maintenance du mobilier de collecte de type ascenseurs enterrés pour bacs roulants,fns,cmp2006,appeloffre,initial,Communauté Communes Golfe de ST-Tropez,83310,COGOLIN,,"['Maintenance', 'Prestations de services']","[196, 274]",non,non
233,21-89395,2021-06-29,2021-07-25,['83'],Acquisition de véhicules neufs pour la ville de Fréjus,fns,cmp2006,attribution,initial,Ville de Fréjus,83608,Fréjus Cedex,"[('2021-06-07', 'Gpt : SATAC Fréjus / DIAC Location', (32636, 'EUR'), None), ('2021-06-07', 'SATAC Fréjus', (13695, 'EUR'), None), ('2021-06-07', 'SATAC Fréjus', (26584, 'EUR'), None), ('2021-06-07', 'SATAC Fréjus', (19794, 'EUR'), None), ('2021-06-07', 'SATAC Fréjus', (14396, 'EUR'), None), ('2021-06-07', 'Bacchi Bouteille', (10201, 'EUR'), None), ('2021-06-07', 'Bacchi Bouteille', (19777, 'EUR'), None)]",['Véhicules (acquisition)'],[475],non,non
234,21-89033,2021-06-29,2021-07-27,['83'],Contrôle des installations d'assainissement non collectif,fns,cmp2006,appeloffre,initial,Estérel Côte d'Azur Agglomération,83707,SAINT RAPHAEL CEDEX,,['Assainissement'],[18],non,non
235,21-79067,2021-06-29,2021-07-20,['85'],"Dépose, fourniture et installation des nouveaux casiers du centre aquatique cap-vert",fns,cmp2006,appeloffre,initial,Cté de Communes du Pays des Herbiers,85500,Les Herbiers,,"['Equipement de piscine', 'Piscine']","[120, 265]",non,oui
236,21-88883,2021-06-29,2021-07-30,['87'],Remplacement des réseaux eau du site de l'abattoir de limoges métropole,fns,cmp2006,appeloffre,initial,Régie Municipale de l'Abattoir,87000,Limoges,,['Réseaux divers'],[306],non,non
237,21-87408,2021-06-29,2021-08-05,"['87', '19', '23', '24', '16']","Travaux d'assainissement collectif des eaux usées des Villages Les Richards, Puy froid et la Ribière sur la Commune de Saint-Priest-sous-Aixe",fns,cmp2006,appeloffre,initial,Communauté de Communes Val de Vienne,87700,Aixe-sur-Vienne,,"['Assainissement', ""Station d'épuration (travaux)""]","[18, 328]",oui,non
238,21-89524,2021-06-29,2021-07-19,['88'],Déconstruction et désamiantage du bâtiment de l'internat de l'ancien Collège d'enseignement secondaire de Rambervillers-.,fns,cmp2006,appeloffre,initial,Commune de RAMBERVILLERS,88700,RAMBERVILLERS,,"[""Tous corps d'état""]",[345],non,non
239,21-89481,2021-06-29,2021-08-31,['89'],Réhabilitation tour Marcel Aymé - MA - 5 rue de l'Europe - 89300 JOIGNY,fns,cmp2006,appeloffre,initial,SIMAD,89300,Joigny,,['Isolation'],[169],non,non
240,21-89238,2021-06-29,2021-07-26,['90'],Location d'un chargeur sur pneus pour le SERTRID,fns,cmp2006,appeloffre,initial,SMGPAP,90000,BELFORT,,['Location (matériels)'],[185],non,non
241,21-89198,2021-06-29,2021-08-27,['90'],remplacement des manches filtrantes d'un filtre à manches de l'usine d'incinération d'ordures ménagères de bourogne,fns,cmp2006,appeloffre,rectificatif,SERTRID,90140,Bourogne,,['Equipement industriel'],[112],non,non
242,21-89386,2021-06-29,2021-07-28,['91'],Maintenance des onduleurs du Service Départemental d'Incendie et de Secours de l'Essonne,fns,cmp2006,appeloffre,initial,SDIS 91,91007,Evry,,"['Maintenance', 'Onduleur']","[196, 465]",non,non
243,21-89417,2021-06-29,2021-08-13,['91'],Maintenance des portes de fermeture coupe-feu coulissantes métalliques du Centre Hospitalier Sud Francilien et du parking.,fns,cmp2006,appeloffre,initial,Centre Hospitalier Sud Francilien,91106,Corbeil-essonnes,,['Maintenance'],[196],non,non
244,21-88986,2021-06-29,2021-07-30,['91'],"Restructuration du bâtiment E de l'ancien lycée BLERIOT à Etampes, en locaux associatifs",fns,cmp2006,appeloffre,initial,COMMUNE D ETAMPES,91150,ETAMPES,,['Bâtiment'],[33],oui,non
245,21-89011,2021-06-29,2021-07-29,['91'],ENTRETIEN DES ESPACES VERTS DE L'UNIVERSITE PARIS -SACLAY,fns,cmp2006,attribution,initial,UNIVERSITE PARIS-SACLAY,91190,GIF SUR YVETTE,"[('2021-06-04', 'IDVERDE', (238746.19, 'EUR'), None), ('2021-06-04', ""Fondation des amis de l'atelier, ESAT MOSAIC"", (72372.76, 'EUR'), None), ('2021-06-04', 'IDVERDE', (44336.54, 'EUR'), None)]",['Espaces verts'],[116],non,non
246,21-89012,2021-06-29,2021-07-29,['91'],L'objet du présent marché est la fourniture et la pose de clôtures dans les bâtiments communaux de la ville de Brétigny-sur-Orge,fns,cmp2006,attribution,initial,COMMUNE DE BRETIGNY SUR ORGE,91220,Brétigny-sur-orge,,['Clôture'],[64],non,non
247,21-89526,2021-06-29,2021-08-15,['91'],Travaux de réaménagement du Centre Culturel Jean Jacques Robert situé allée des Sycomores à Mennecy (13 lots).,fns,cmp2006,appeloffre,initial,Ville de Mennecy,91540,Mennecy,,['Gros oeuvre'],[144],non,non
248,21-89009,2021-06-29,2021-07-24,['91'],OPTIMISATION ENERGETIQUE DE BATIMENTS COMMUNAUX,fns,cmp2006,appeloffre,initial,Commune de La Ville du Bois,91620,LA VILLE DU BOIS,,"['Bâtiment', 'Couverture', 'Electricité (travaux)', 'Menuiserie', 'Ravalement']","[33, 74, 105, 222, 299]",non,non
249,21-83673,2021-06-29,2021-07-22,"['92', '75', '77', '94', '93', '91', '95', '78']",réalisation et de traitement de l'enquête biennale de l'occupation du parc social (ops) et l'enquête annuelle du supplément de loyer de solidarité (sls) de nanterre coop' habitat,fns,cmp2006,appeloffre,initial,Nanterre Coop Habitat,92000,Nanterre,,"['Sondage, enquête']",[471],non,non
250,21-89511,2021-06-29,2021-07-22,"['92', '75']",Fourniture et livraison de boîtes de chocolats pour le Centre Communal d'Actions Sociales (CCAS) de la ville de Neuilly-sur-Seine,fns,cmp2006,appeloffre,initial,CCAS de Neuilly-sur-Seine,92200,Neuilly-sur-seine,,['Denrées alimentaires'],[88],non,non
251,21-88889,2021-06-29,2021-09-06,"['92', '75']","Le présent marché public a pour objet une mission d'assistance urbaniste conseil pour le renouvellement urbain du "" Petit Colombes "" à Colombes (92700).",fns,cmp2006,appeloffre,initial,BOUCLE NORD DE SEINE,92230,Gennevilliers,,"['Etude', 'Prestations de services']","[118, 274]",non,non
252,21-89591,2021-06-29,2021-07-27,['92'],Travaux d'aménagement de l'atelier de restauration du Musée national de la céramique à Sèvres,fns,cmp2006,appeloffre,initial,ETS PUB CITE CERAMIQUE SEVRES LIMOGES,92310,Sèvres,,"['Bâtiment', 'Electricité (travaux)', 'Gros oeuvre', 'Peinture (travaux)', 'Revêtements de sols']","[33, 105, 144, 264, 308]",non,non
253,21-89121,2021-06-29,2021-07-28,['92'],Prestations de service de maintenance mutli technique des locaux privatifs de l'institut national du cancer (3 lots).Les prestations sont décomposées en trois lots. Chaque lot donne lieu à la co,fns,cmp2006,appeloffre,initial,Institut National du Cancer (INCa),92513,Boulogne-billancourt cedex,,"['Extincteur', 'Maintenance', 'Manutention', 'Pièces détachées', 'Sécurité incendie']","[119, 196, 237, 266, 332]",non,oui
254,21-89492,2021-06-29,2021-08-30,['92'],Le présent marché a pour objet les travaux de climatisation du centre municipal de santé (CMSM),fns,cmp2006,appeloffre,initial,Ville d'Asnières-sur-Seine,92600,Asnières sur seine,,['Climatisation'],[62],non,non
255,21-88928,2021-06-29,2021-07-22,['92'],"L'objet est de réaliser des prestations d'audit et d'investigation visant à rassembler des informations factuelles, juridiques et financières sur les entités publiques ou privées, clien",fns,cmp2006,appeloffre,initial,PARIS LA DEFENSE,92931,Paris la defense,,"['Audit', ""Assistance à maîtrise d'ouvrage""]","[21, 433]",non,non
256,21-89580,2021-06-29,2021-07-22,['92'],L'objectif du présent accord cadre consiste à réaliser des travaux de retrait ou de sécurisation de matériaux contenant de l'amiante.,fns,cmp2006,appeloffre,initial,PARIS LA DEFENSE,92931,Paris la defense,,"['Amiante', 'Amiante (diagnostic)', 'Amiante (désamiantage)']","[24, 431, 479]",non,non
257,21-89514,2021-06-29,2021-07-15,['93'],"La mise à disposition de conteneurs pour la collecte et le traitement sélectif de déchets (non recyclables et recyclables) et de caisses spéciales pour les ampoules et les fluos, et pour la collect..",fns,cmp2006,attribution,initial,CAF Bobigny,93024,Bobigny,[],['Collecte sélective'],[82],oui,oui
258,21-89361,2021-06-29,2021-08-31,['93'],"Acquisition et mise en place d'un système d'information budgétaire, financier et comptable pour le GIP HIS",fns,cmp2006,appeloffre,initial,GIP Habitat et Interventions sociales,93100,MONTREUIL,,"['Informatique (prestations de services)', 'Logiciel', 'Expertise comptable']","[163, 186, 446]",non,non
259,21-89489,2021-06-29,2021-08-31,['93'],Travaux de réalisation d'un Centre Technique Municipal (CTM) et d'un garage pour la ville du Pré Saint-Gervais,fns,cmp2006,appeloffre,initial,COMMUNE DE PRE SAINT GERVAIS,93310,Le Pré Saint-Gervais,,"['Appareil élévateur', 'Ascenseur', 'Bardage', 'Chauffage (matériel)', 'Chauffage (travaux)', 'Cloison, faux plafond', 'Couverture', 'Electricité (travaux)', 'Gros oeuvre', 'Maçonnerie', 'Menuiserie', 'Peinture (travaux)', 'Plomberie (travaux)', 'Serrurerie', 'Voirie et réseaux divers']","[11, 17, 30, 60, 61, 63, 74, 105, 144, 195, 222, 264, 270, 321, 366]",non,non
260,21-89222,2021-06-29,2021-09-13,['93'],Travaux de création d'un préau du lycée Théodore Monod à Noisy le Sec (93),fns,cmp2006,appeloffre,initial,Conseil Régional d'Ile-de-france,93400,Saint-ouen,,"['Bâtiment', 'Charpente', 'Couverture', 'Gros oeuvre']","[33, 57, 74, 144]",non,non
261,21-89611,2021-06-29,2021-09-25,"['93', '75', '91', '92', '94', '95', '77', '78']",Animation-débats dans le cadre du programme d'éducation pour la santé du Crips Île-de-France.,fns,cmp2006,appeloffre,initial,CRIPS,93500,Pantin,,['Prestations de services'],[274],non,non
262,21-89401,2021-06-29,2021-07-15,"['75', '94', '77']","La Ville souhaite acquérir du matériel de restauration, équipement d'office cuisine, pour l'année 2021 pour les besoins des restaurants scolaires et administratif sur Gentilly (94) et du Cen",fns,cmp2006,appeloffre,initial,COMMUNE DE GENTILLY,94250,Gentilly,,['Restauration collective'],[66],non,oui
263,21-89286,2021-06-29,2021-08-31,['40'],Prestations de nettoyage des locaux sur le site du STAC de Biscarrosse,fns,cmp2006,appeloffre,initial,Service Technique de l'Aviation Civile,94385,Bonneuil-sur-Marne Cedex,,['Nettoyage de locaux'],[239],non,oui
264,21-89403,2021-06-29,2021-07-23,['94'],Contrats Frais de santé et Prévoyance obligatoire,fns,cmp2006,appeloffre,initial,Maisons-Alfort Habitat,94700,Maisons-Alfort,,"['Assurance', 'Prestations de services']","[20, 274]",non,non
265,21-89437,2021-06-29,2021-07-23,['95'],Fourniture de papiers et d'enveloppes,fns,cmp2006,appeloffre,initial,ville de Goussainville,95191,GOUSSAINVILLE,,['Papeterie'],[262],non,non
266,21-89160,2021-06-29,2021-07-29,['95'],Le présent marché est un marché de travaux ayant pour objet la mise en conformité du système de sécurité incendie du CVE.,fns,cmp2006,attribution,initial,SIGIDURS,95200,Sarcelles,,['Sécurité incendie'],[332],non,oui
267,21-89550,2021-06-29,2021-07-28,['971'],Réalisation des travaux de terrassement et de VRD de la halle aux poissons de Deshaies,fns,cmp2006,appeloffre,initial,Semsamar (971),97122,Baie-Mahault,,"['Terrassement', 'Voirie']","[341, 365]",non,non
268,21-89290,2021-06-29,2021-07-23,['971'],Désinsectisation et dératisation du site de la Gabarre et du siège duSYVADE,fns,cmp2006,appeloffre,initial,SYVADE de Guadeloupe,97139,les Abymes,,"['Dératisation, désinsectisation']",[89],non,non
269,21-89453,2021-06-29,2021-07-29,['972'],travaux d'aménagement extérieurs et de vrd de la cgss martinique.,fns,cmp2006,attribution,initial,CGSSM,97200,Lamentin cedex 2,"[('2021-06-21', 'CARAIB MOTER', (450000.0, 'EUR'), None), ('2021-06-21', 'CARAIB MOTER', (150000.0, 'EUR'), None)]",['Gros oeuvre'],[144],non,non
270,21-89600,2021-06-29,2021-08-30,['973'],Le présent marché a pour objet l'acquisition de 5 véhicules neufs avec prestations associées pour l'Agence régionale de santé de Guyane. Le marché concerne la région Guyane (973).,mapa,cmp2006,appeloffre,initial,AGENCE REGIONALE SANTE DE GUYANE,97336,Cayenne cedex,,['Véhicules (acquisition)'],[475],non,non
271,21-89602,2021-06-29,2021-07-26,['973'],Mission de Programmation et de définition pour la construction d'une Halle Commerciale Coeur de ville,mapa,cmp2006,appeloffre,initial,COMMUNE DE REMIRE MONTJOLY,97354,REMIRE MONTJOLY,,"['Assistance technique', ""Maîtrise d'oeuvre"", ""Assistance à maîtrise d'ouvrage""]","[19, 197, 433]",non,non
272,21-88877,2021-06-29,2021-08-05,['974'],"La fourniture, la livraison, la pose, le montage et la vérification et mise en fonctionnement de mobilier destiné aux espaces d'accueil CICAS des sites de Saint-Denis et de Saint-Pierre de la Cai",fns,cmp2006,appeloffre,initial,Caisse Réunion Retraite Complémentaire,97400,Saint-denis-de-la-reunion,,['Mobilier'],[230],non,non
273,21-88878,2021-06-29,2021-07-20,['974'],Acquisition de fourgons neufs 3.5T plateau ridelles,fns,cmp2006,appeloffre,initial,SYND MIXTE DU PARC ROUTIER DE REUNION,97490,Ste clotilde,,['Véhicules (acquisition)'],[475],non,non
274,21-88932,2021-06-29,2021-07-29,['976'],ACQUISITION DE MOTOS ELECTRIQUES,mapa,cmp2006,appeloffre,initial,Ville de Mamoudzou (976),97600,Mamoudzou,,['Matériel électrique'],[203],non,non
