a00_cle_idweb,g04_01_date_publication,g04_03_date_fin_diffusion,g04_07_dep_publication,g04_09_resume_objet,g01_02_01_famille,g01_02_02_perimetre,g01_02_03_nature,g01_02_04_statut,d01_01_denomination,d01_07_cp,d01_08_ville,d08_09_decision_titulaireandRENSEIGNEMENT,g04_052_descripteurs_libelles,g04_051_descripteurs_codes,g04_061_criteres_sociaux,g04_062_criteres_environnementaux
21-30651,2021-03-08,2021-04-08,['1'],Extension du préau du collège Lucie Aubrac à Ceyzériat,fns,cmp2006,appeloffre,initial,DEPARTEMENT DE L AIN,01003,BOURG EN BRESSE CEDEX,,"['Peinture (travaux)', 'Terrassement']","[264, 341]",non,non
21-30521,2021-03-08,2021-04-15,['1'],GRANDE INSPECTION TELECOMBI DU MONT ROND,fns,cmp2006,appeloffre,initial,SYNDICAT MIXTE DES MONTRS JURA,01170,Crozet,,"['Télécabines, télésièges, téléskis']",[337],non,non
21-30658,2021-03-08,2021-04-09,['2'],Fourniture de vêtements de travail et d'équipements de protection individuelle-.,fns,cmp2006,appeloffre,initial,SIRTOM du LAONNOIS,02000,LAON,,['Habillement'],[150],non,non
21-30598,2021-03-08,2021-03-31,"['2', '60', '59', '80']",Travaux de fouilles archéologiques dans le cadre d'un projet de construction SIS 24 rue du belvédère à Soissons (02).,fns,cmp2006,appeloffre,rectificatif,La Maison du Cil - SA d'HLM,02100,Saint quentin,,['Fouille archéologique'],[450],non,non
21-30740,2021-03-08,2021-05-31,['3'],"Fourniture, en liaison froide, de repas pour personnes âgées, personnes en situation de handicap et personnes malades, avec livraison par le titulaire sur un site unique.La livraison des repas au ..",fns,cmp2006,appeloffre,initial,C.C.A.S. de Moulins,03000,Moulins,,"['Restauration collective', 'Repas, traiteur']","[66, 304]",non,non
21-30883,2021-03-08,2021-06-05,['3'],Amélioration du confort thermique dans les Centres de Secours Principaux du SDIS de l'Allier,fns,cmp2006,attribution,initial,SCE DEPARTEMENTAL INCENDIE ET SECOURS,03401,YZEURE,"[('2021-02-23', 'SATERM', (47599.83, 'EUR'), None), ('2021-02-23', 'CAU', (99800, 'EUR'), None), ('2021-02-23', 'SATERM', (85479.27, 'EUR'), None)]",['Climatisation'],[62],non,non
21-30708,2021-03-08,2021-04-06,['4'],NETTOYAGE DES ABORDS ET DU GARAGE DE L'HOTEL DU DEPARTEMENT ET LOCAUX ANNEXES,mapa,cmp2006,appeloffre,initial,Département des Alpes de Hte Provence,04995,DIGNE-LES-BAINS,,['Nettoyage urbain'],[240],non,non
21-30388,2021-03-08,2021-03-22,"['6', '4', '5']",Acquisition d'enregistreurs bioacoustiques autonomes dans le cadre du suivi des populations de lagopède alpin dans le massif des Alpes françaises,mapa,cmp2006,appeloffre,initial,Parc national du Mercantour,06006,Nice,,['Equipements spécialisés'],[115],non,non
21-30643,2021-03-08,2021-04-01,['6'],"Fourniture et maintenance d'équipements de détection, traçage, inspection des réseaux et de recherche de fuites",fns,cmp2006,appeloffre,initial,REGIE EAU D'AZUR,06203,Nice Cedex 3,,"['Etanchéité', 'Réseaux divers']","[117, 306]",non,non
21-30382,2021-03-08,2021-04-09,['11'],fourniture et mise en oeuvre de matériaux de voirie 2021-2023,fns,cmp2006,appeloffre,initial,Communauté de communes Piège Lauragais,11150,Bram,,['Voirie et réseaux divers'],[366],non,non
21-30348,2021-03-08,2021-04-09,['11'],travaux de renouvellement des canalisations d'eau potable vétustes commune de cenne monestiés et villepinte (place carnot),fns,cmp2006,appeloffre,initial,Communauté de communes Piège Lauragais,11150,Bram,,['Alimentation en eau potable'],[6],non,non
21-30627,2021-03-08,2021-04-19,['11'],MISSION DE MAITRISE D'OEUVRE COMPLETE POUR LA RESTAURATION MORPHOLOGIQUE DE L'ORBIEU AU DROIT DES MEANDRES DE VILLENOUVETTE,mapa,cmp2006,appeloffre,initial,SYNDICAT DU BSN VERSANT ORBIEU JOURRES,11200,THEZAN DES CORBIERES,,['Rivières/ruisseaux'],[310],non,non
21-30373,2021-03-08,2021-04-12,['11'],acquisition d'une balayeuse aspiratrice compacte 5m3,fns,cmp2006,appeloffre,initial,Ville de Port La Nouvelle,11210,Port-La Nouvelle,,['Véhicules (acquisition)'],[475],non,non
21-30335,2021-03-08,2021-03-31,['11'],FOURNITURE DE REPAS POUR LE GROUPE SCOLAIRE DE NARBONNE PLAGE,fns,cmp2006,appeloffre,initial,COMMUNE DE NARBONNE,11785,NARBONNE CEDEX,,['Restauration collective'],[66],non,non
21-30418,2021-03-08,2021-05-15,['11'],FOURNITURE DE PIECES DETACHEES ET REPARATION DE PETITS MATERIELS DE PROPRETE URBAINE ET D'ESPACES VERTS,fns,cmp2006,attribution,initial,COMMUNE DE CARCASSONNE,11835,Carcassonne,"[('2021-02-18', 'AGRIVISION - 420avenue du Docteur Guihem - 11400 CASTELNAUDARY -EURL CANCIAN DAVID', (40000, 'EUR'), None)]",['Matériel de travaux publics'],[220],non,non
21-30663,2021-03-08,2021-03-20,['11'],Etude de l'aléa inondation sur 23 communes du bassin versant de l'Aude - ALEA Tranche 2 --,mapa,cmp2006,attribution,initial,SMMAR,11855,Carcassonne,,['Etude'],[118],non,non
21-30502,2021-03-08,2021-04-15,['12'],marché public pour la gestion de la fourrière animale de rodez agglomération,fns,cmp2006,appeloffre,initial,Cté d'Agglomération du Grand Rodez,12000,Rodez,,"['Prestations de services', 'Fourrière']","[274, 451]",non,non
21-28393,2021-03-08,2021-03-23,['12'],Routes Departementales no 994/576/997 - Réfection de la couche de roulement - RD 994/576 - giratoire du bouldou - RD 994/997 - giratoire de rignac-monpalisir - cantons d'enne et alzou et vallon,fns,cmp2006,appeloffre,initial,Conseil Départemental de l AVEYRON,12450,Flavin,,['Voirie'],[365],non,non
21-30714,2021-03-08,2021-04-06,['13'],Numéro de la consultation : 2021DS0009 Rénovation du terrain de football en gazon synthétique au stade Marius Réquier aux Milles,fns,cmp2006,appeloffre,initial,COMMUNE D AIX EN PROVENCE,13100,Aix-en-Provence,,['Terrain de sport'],[342],non,non
21-30788,2021-03-08,2021-04-19,['13'],"CONSTRUCTION D'UN CIRQUE STABLE SUR LE SITE DU POLE CIRQUE DE LA MOLIÈRE DE LA VILLE D'AIX EN PROVENCE - RELANCE DES LOTS 3, 4, 5 ET CRÉATION DU LOT 7",fns,cmp2006,appeloffre,initial,COMMUNE D AIX EN PROVENCE,13100,Aix-en-Provence,,"['Bardage', 'Chauffage (travaux)', 'Menuiserie', 'Revêtements de sols', 'Revêtements muraux']","[30, 61, 222, 308, 309]",non,non
21-28131,2021-03-08,2021-03-31,['13'],Mise en oeuvre de deux spectacles pyrotechniques musicaux et cinq feux d'artifices non musicaux tirés simultanément,fns,cmp2006,appeloffre,initial,Commune de Berre l'Etang,13130,Berre l'Etang,,"['Eclairage public', 'Location (matériels)', 'Sonorisation', ""Feu d'artifice""]","[102, 185, 324, 447]",non,non
21-30875,2021-03-08,2021-03-30,['13'],Maintenances des groupes électrogènes de l'Activité Voyageurs,mapa,cmp2006,appeloffre,initial,GRAND PORT MARITIME DE MARSEILLE,13226,MARSEILLE,,['Groupe électrogène'],[143],non,non
21-30832,2021-03-08,2021-04-07,['13'],"Travaux de modernisation et de sécurisation au Musée d'Art Contemporain, 69 Rue de Haïfa,13008 Marseille (Relance du lot 6 : Menuiseries intérieures bois/Mobiliers/Signalétique)",fns,cmp2006,appeloffre,initial,Ville de Marseille,13233,Marseille cedex 20,,['Menuiserie'],[222],non,non
21-30683,2021-03-08,2021-05-08,['13'],Actualisation du dossier sécurité du tunnel du Resquiadou sur la route départementale no568 avec avis d'expert,mapa,cmp2006,attribution,initial,CONSEIL DEPARTEMENTAL 13,13256,Marseille cedex 20,,['Ingénierie'],[455],non,non
21-30560,2021-03-08,2021-05-08,['13'],"Création d'une exposition - animation pour le lieu-dit "" les souterrains de l'Hauture "" à Fos - sur - Mer Date de la dernière visite : 23/12/2020",fns,cmp2006,attribution,initial,Ville de Fos-sur-Mer,13270,Fos sur mer,"[('2021-03-05', 'SAS AC PROD', (114350, 'EUR'), None)]",['Prestations de services'],[274],non,non
21-30607,2021-03-08,2021-04-01,['13'],"Etude de définition de concept, de positionnement et de faisabilité d'un équipement de vulgarisation et de pédagogie autour des savoir-faire et de l'activité industriels",fns,cmp2006,appeloffre,initial,SPL SENS URBAIN,13270,Fos-sur-mer,,['Etude'],[118],non,non
21-30542,2021-03-08,2021-04-02,['13'],TRAVAUX DE REMPLACEMENT DES GROUPES FROID ET POMPE A CHALEUR,fns,cmp2006,appeloffre,initial,HOPITAUX DE PROVENCE,13295,MARSEILLE,,['Climatisation'],[62],non,non
21-30699,2021-03-08,2021-03-18,"['13', '6', '4', '5', '83', '84']","Fourniture et livraison de produits d'entretien, matériels de nettoyage et divers articles de droguerie à usage professionnel pour les rectorats et des Directions des Services Départementaux de l",fns,cmp2006,appeloffre,rectificatif,Rectorat Aix-Marseille,13621,Aix en provence cedex 1,,"['Produits chimiques', ""Produits d'entretien""]","[275, 278]",non,oui
21-30712,2021-03-08,2021-03-26,['13'],PRESTATIONS DE SERVICES D'IMPRESSION ET DE REPROGRAPHIE DE DOCUMENTS POUR LE CENTRE HOSPITALIER DE MARTIGUES,fns,cmp2006,appeloffre,initial,APHM pour le compte du CH Martigues,13698,MARTIGUES,,['Reprographie'],[305],non,oui
21-30738,2021-03-08,2021-04-06,['13'],Travaux de construction du 'poste de commande de l'ascenseur à bateaux' dans le cadre du projet ATLAS 4300T à La Ciotat,fns,cmp2006,appeloffre,rectificatif,LA CIOTAT SHIPYARDS,13703,La ciotat cedex,,['Bâtiment'],[33],non,non
21-30898,2021-03-08,2021-04-13,['13'],REHABILITATION ET AMENAGEMENT EN POLE CULTUREL DE L'ANCIENNE USINE ELECTRIQUE - 13190 ALLAUCH - relance de la consultation,fns,cmp2006,appeloffre,initial,Commune d'Allauch,13718,Allauch cedex,,"[""Tous corps d'état""]",[345],non,non
21-30858,2021-03-08,2021-03-16,"['13', '34', '83', '84']",Achat de cadeaux pour les élèves des classes de CM2 de la ville de Fos-sur-Mer,fns,cmp2006,appeloffre,rectificatif,Ville de Fos-sur-Mer,13771,Fos sur mer cedex,,['Articles de bureau et articles scolaires'],[16],non,non
21-30400,2021-03-08,2021-04-14,['17'],Numéro de la consultation : 2021.FCS.PAT.0030 MAINTENANCE DES INSTALLATIONS INCENDIE,fns,cmp2006,appeloffre,initial,CDA LA ROCHELLE,17086,La Rochelle,,"['Maintenance', ""Matériel de secours et d'incendie""]","[196, 217]",non,non
21-30462,2021-03-08,2021-03-29,['17'],Numéro de la consultation : 2021.TX.PAT.0055ESPACE ENCAN - INSTALLATION D'UN SYSTEME DE SONORISATION POUR L'AUDITORIUM MICHEL CREPEAU - RELANCE,fns,cmp2006,appeloffre,initial,CDA LA ROCHELLE,17086,La Rochelle,,['Sonorisation'],[324],non,non
21-29733,2021-03-08,2021-04-29,['17'],Commune de Celles - Création du réseau de collecte des eaux usées et de la station d'épuration et renouvellement du réseau d'eau potable,fns,cmp2006,appeloffre,initial,Eau 17,17100,Saintes,,"['Alimentation en eau potable', 'Assainissement']","[6, 18]",non,non
21-30735,2021-03-08,2021-04-02,['17'],"renouvellement des réseaux d'eau potable & réhabilitation des réseaux d'assainissement pour les rues de la boirie, du port ouest & des fuchetiers, sur le territoire de la commune de st denis d'oléron",fns,cmp2006,appeloffre,initial,Eau 17,17119,Saintes cedex,,"['Alimentation en eau potable', 'Assainissement']","[6, 18]",non,non
21-30334,2021-03-08,2021-04-09,"['17', '16']",travaux de renouvellement des réseaux humide( eu/ep/aep/refoulement et voirie) de la cité point du jour sur la commune de saint jean d'angély,fns,cmp2006,appeloffre,initial,Ville de Saint Jean d'Angely,17400,saint jean d'angély,,"['Alimentation en eau potable', 'Assainissement', 'Réseaux divers', 'Station de refoulement', 'Voirie']","[6, 18, 306, 334, 365]",non,non
21-30717,2021-03-08,2021-03-18,['18'],"Réaménagement des vestiaires, sanitaires, classes SEGPA et céramique du collège Jean Renoir Bourges",fns,cmp2006,appeloffre,rectificatif,Conseil départemental du Cher,18023,BOURGES,,"['Démolition', 'Electricité (travaux)', 'Menuiserie', 'Peinture (travaux)', 'Plomberie (travaux)']","[87, 105, 222, 264, 270]",non,non
21-30452,2021-03-08,2021-04-07,"['20A', '20B']","Numéro de la consultation : 2021-7DIE-0055 COLLEGE DU FIUM'ORBU - EXTENSION DE LA DEMI-PENSION, DES VESTIAIRES ET CREATION DE SANITAIRES",fns,cmp2006,appeloffre,initial,COLLECTIVITE DE CORSE,20187,AJACCIO,,"['Cuisine (équipement)', 'Electricité (travaux)', 'Gros oeuvre', 'Peinture (travaux)', 'Plomberie (travaux)']","[77, 105, 144, 264, 270]",non,non
21-30412,2021-03-08,2021-06-05,['20B'],Numéro de la consultation : 21F02 ACCORD CADRE de maintenance des pompes et moteurs pour la Régie des Eaux du Pays Bastiais,fns,cmp2006,attribution,initial,Régie des Eaux du Pays Bastiais,20291,Bastia,,['Pompes'],[272],non,non
21-30401,2021-03-08,2021-04-02,['20B'],Renouvellement de l'armoire principale (puissance et commande) et de l'automate programmable de l'usine de traitement d'eau potable du Lancone,mapa,cmp2006,appeloffre,initial,Régie des Eaux du Pays Bastiais,20291,Bastia,,['Electromécanique'],[107],non,non
21-30845,2021-03-08,2021-03-31,"['20A', '75']",Audit de la Direction de la Stratégie et de la Qualité de l'ARS Corse,mapa,cmp2006,appeloffre,initial,ARS de Corse,20700,Ajaccio cedex 9,,['Prestations de services'],[274],non,non
21-30039,2021-03-08,2021-04-02,['21'],"Mission de programmiste dans le cadre du projet de création d'un campus urbain d'enseignement supérieur au 3 rue du docteur Maret à Djon, ancien siège du CROUS",fns,cmp2006,appeloffre,initial,Rectorat de Région Académique BFC,21000,Dijon,,['Etude'],[118],non,non
21-30841,2021-03-08,2021-03-29,"['21', '25', '39', '58', '71', '89', '10', '3', '1']",La consultation a pour objet des travaux de remplacement de menuiseries extérieures site DRFiP BFC située 1 Bis place de la BANQUE à DIJON (21): pose de menuiseries aluminium,mapa,cmp2006,appeloffre,initial,DIR REG FIN PUBLIQUES BOURGOGNE FRANCH,21042,Dijon cedex,,['Menuiserie'],[222],non,non
21-30839,2021-03-08,2021-04-30,['21'],creation du sas urgences sur voie pietonne hopital françois mitterrand hall a chu dijon bourgogne,fns,cmp2006,attribution,initial,Centre Hospitalier Universitaire Dijon,21079,dijon cedex,[],"[""Tous corps d'état""]",[345],non,non
21-29352,2021-03-08,2021-03-25,['21'],creation du sas urgences sur voie pietonne hopital françois mitterrand hall a chu dijon bourgogne,fns,cmp2006,appeloffre,initial,Centre Hospitalier Universitaire Dijon,21079,dijon cedex,,"['Charpente', 'Chauffage (travaux)', 'Climatisation', 'Cloison, faux plafond', 'Couverture', 'Electricité (travaux)', 'Gaz médicaux', 'Gros oeuvre', 'Menuiserie', 'Nettoyage de locaux', 'Peinture (travaux)', 'Revêtements muraux', 'Sécurité incendie', ""Tous corps d'état"", 'Ventilation', 'Porte automatique, portail']","[57, 61, 62, 63, 74, 105, 140, 144, 222, 239, 264, 309, 332, 345, 360, 412]",non,non
21-30371,2021-03-08,2021-03-29,['21'],"Élaboration, impression et distribution du journal de la Communauté d'Agglomération Beaune, Côte et Sud.",fns,cmp2006,appeloffre,initial,BEAUNE COTE SUD COM BEAUNE CHAGNY NOLA,21200,Beaune cedex,,['Impression'],[160],non,oui
21-30494,2021-03-08,2021-05-08,['21'],MISSION DE SURVEILLANCE PAR AGENT ITINERANT ET DE PREVENTION SUR LE TERRITOIRE DE LA COMMUNAUTE D'AGGLOMERATION BEAUNE COTE ET SUD,fns,cmp2006,attribution,initial,BEAUNE COTE SUD COM BEAUNE CHAGNY NOLA,21208,Beaune cedex,,['Surveillance'],[331],non,non
21-30873,2021-03-08,2021-03-26,['23'],Mission de repérage amiante avant démolition d'un bâtiment de 75 logements - 12 Rue du Docteur Brésard - 23000 GUERET,fns,cmp2006,appeloffre,initial,OFFICE PUB DE L HABITAT DE LA CREUSE,23000,Guéret,,['Amiante (diagnostic)'],[431],non,non
21-30349,2021-03-08,2021-03-30,['25'],Le présent marché a pour objet la réalisation de travaux de remplacement des éclairages extérieurs des parkingsCes travaux concernent les parkings de l'Union Immobilière des Organismes de Sécuri,fns,cmp2006,appeloffre,annulation,UNION IMMOB ORGANISMES SECU SOC DOUBS,25000,Besançon,,['Eclairage public'],[102],non,non
21-30565,2021-03-08,2021-04-01,"['39', '25']",Marché d'Etudes de Programmation et de Faisabilité pour les Travaux de restructuration de la pharmacie à usage intérieur ( PUI ) du Centre Hospitalier de Dole,fns,cmp2006,appeloffre,initial,CENTRE HOSPITALIER REGIONAL UNVT,25030,Besançon,,"[""Assistance à maîtrise d'ouvrage""]",[433],non,non
21-24937,2021-03-08,2021-04-06,['25'],Besançon - Campus Bouloie Temis area sport équipements sportifs - terrain de rugby et piste d'athlétisme,fns,cmp2006,appeloffre,initial,Grand Besançon Métropole,25043,Besançon cedex,,"['Arrosage', 'Terrain de sport']","[13, 342]",oui,non
21-27270,2021-03-08,2021-04-01,['25'],Complexe sportif de la malcombe : mission géotechnique relative à la réalisation d'un bassin d'assainissement enterré de 20000 m3 et de ses ouvrages connexes,mapa,cmp2006,appeloffre,initial,Grand Besançon Métropole,25043,Besancon cedex,,"['Assainissement', 'Etude']","[18, 118]",non,non
21-30869,2021-03-08,2021-04-15,['25'],Assistance à Maîtrise d'Ouvrage pour l'accompagnement à la définition d'une stratégie territoriale opérationnelle participant au développement économique et touristique du Nord Franche-,mapa,cmp2006,appeloffre,initial,POLE METROPOLITAIN NORD FRANCHE-COMTE,25200,Montbéliard,,"[""Assistance à maîtrise d'ouvrage""]",[433],non,non
21-30876,2021-03-08,2021-04-01,['28'],Prestation d'entretien du Centre Psychiatrique du Coudray,mapa,cmp2006,appeloffre,initial,CENTRE HOSPITALIER GENERAL DE CHARTRES,28018,Chartres,,['Nettoyage de locaux'],[239],non,non
21-30559,2021-03-08,2021-04-07,['28'],Affaire no21A003 - Raccordement des eaux usées du lotissement du Clos Joli sur le réseau de Nogent-le-Phaye (28),fns,cmp2006,appeloffre,initial,Chartres Métropole,28019,Chartres cedex,,"['Assainissement', 'Canalisations']","[18, 48]",oui,non
21-30731,2021-03-08,2021-04-02,['28'],"Affaire no21V002 : Essais de compacité et portance pour la Ville de Chartres, Chartres Métropole, et le CCAS de la Ville de Chartres",fns,cmp2006,appeloffre,initial,Ville de Chartres,28019,CHARTRES CEDEX,,['Etude'],[118],non,non
21-30419,2021-03-08,2021-04-07,['29'],Fourniture de dispositifs médicaux non stériles pour les équipements de radiothérapie,fns,cmp2006,appeloffre,initial,CH DE CORNOUAILLE,29107,Quimper cedex,,['Equipements spécialisés'],[115],non,non
21-6487,2021-03-08,2021-05-08,['29'],formations en sécurité au travailaccord-cadre à procédure adaptée,fns,cmp2006,attribution,initial,Brest métropole,29238,Brest cédex,"[('2021-01-14', 'CCI Métropolitaine Bretagne Ouest', (148652, 'EUR'), None), ('2021-01-14', 'ECF Roger Roudaut', (69919, 'EUR'), None), ('2021-01-14', 'Cepim', (17550, 'EUR'), None)]",['Formation'],[410],non,non
21-30862,2021-03-08,2021-03-31,"['31', '81']",Maîtrise d'oeuvre pour la construction d'un dépôt et d'un centre d'exploitation pour autocars à Saint Sulpice la Pointe (Opération no 50252),fns,cmp2006,appeloffre,initial,SPL ARAC OCCITANIE,31028,Toulouse,,"[""Maîtrise d'oeuvre""]",[197],non,non
21-30954,2021-03-08,2021-04-08,"['31', '82']",Assurances construction pour la restructuration générale du centre universitaire de Montauban (Opération no (32949),fns,cmp2006,appeloffre,initial,SEM AREC Occitanie,31028,Toulouse,,['Assurance'],[20],non,non
21-30515,2021-03-08,2021-06-04,['31'],Complément d'étude du choeur clos (compris dépoussiérage),fns,cmp2006,appeloffre,initial,MINISTERE DE LA CULTURE,31080,Toulouse,,['Monuments historiques'],[236],non,non
21-30470,2021-03-08,2021-06-05,['31'],20M0462PA - PONT DES CATALANS - TRAVAUX DE REHABILITATION DES ENTRETOISES D'ABOUT - REMPLACEMENT D'UN CABLE DE PRECONTRAINTE VA/SG,fns,cmp2006,attribution,initial,TOULOUSE METROPOLE,31505,Toulouse,,['Ravalement'],[299],non,non
21-30709,2021-03-08,2021-03-29,['31'],21M0091PA-TRAVAUX DE SURPRESSEURS AEP SUR LES COMMUNES DE PIBRAC (route de Lévignac) et AUSSONNE (réservoir de Bordebasse) MS-NF,fns,cmp2006,appeloffre,initial,TOULOUSE METROPOLE,31505,Toulouse,,['Station de pompage'],[326],non,non
21-30545,2021-03-08,2021-03-17,['31'],Maintenance préventive et corrective des équipements HT/BT et TGBT des bâtiments de la Ville de Blagnac,fns,cmp2006,appeloffre,rectificatif,Ville de Blagnac,31700,BLAGNAC,,['Maintenance'],[196],non,non
21-30577,2021-03-08,2021-04-01,['32'],REFROIDISSEMENT DES CIRCULATIONS DES ETAGES DU CH DU GERS A AUCH,mapa,cmp2006,appeloffre,initial,CENTRE HOSPITALIER D AUCH,32000,AUCH,,['Climatisation'],[62],non,non
21-30455,2021-03-08,2021-03-30,['33'],Réfections partielles des Couvertures & reprise des charpentes sur 6 écoles de Bordeaux Programmation 2021 (rectificatif),fns,cmp2006,appeloffre,rectificatif,COMMUNE DE BORDEAUX,33045,BORDEAUX,,['Couverture'],[74],non,non
21-28406,2021-03-08,2021-03-30,"['33', '16', '17']",mise en oeuvre et réparation de clôtures sur le réseau routier national géré par les districts d'Angoulême et de Saintes de la DIR Atlantique,fns,cmp2006,appeloffre,initial,DIR Atlantique,33073,Bordeaux cedex,,['Clôture'],[64],non,oui
21-30635,2021-03-08,2021-04-06,['33'],Modification du barrage de Joncru - Le Porge(33),fns,cmp2006,appeloffre,initial,SYND INTERCOMMUNAL AMENAGEMENT EAUX BS,33121,Carcans,,"['Ouvrage hydraulique', 'Passe à poissons']","[255, 287]",non,non
21-18632,2021-03-08,2021-04-06,['33'],aménagement de 2 logements dans un séchoir / aménagement d'une aire de stationnement et liaison douce vers l'église,mapa,cmp2006,appeloffre,initial,COMMUNE DE BROUQUEYRAN,33124,Brouqueyran,,"['Assainissement', 'Bois', 'Carrelage', 'Charpente', 'Chauffage (travaux)', 'Couverture', 'Electricité (travaux)', 'Espaces verts', 'Fondations spéciales', 'Gros oeuvre', 'Isolation', 'Maçonnerie', 'Menuiserie', 'Mobilier urbain', 'Peinture (travaux)', 'Plâtrerie', 'Plomberie (travaux)', 'Revêtements de sols', 'Sanitaire', 'Terrassement', 'Travaux de viabilité', 'Voirie et réseaux divers', 'Zinguerie', 'Aire de jeux']","[18, 38, 53, 57, 61, 74, 105, 116, 129, 144, 169, 195, 222, 231, 264, 269, 270, 308, 319, 341, 353, 366, 372, 400]",non,non
21-30922,2021-03-08,2021-03-31,['33'],Marchés d'impressions,fns,cmp2006,appeloffre,initial,Ville de Marcheprime,33380,Marcheprime,,['Impression'],[160],non,oui
21-30614,2021-03-08,2021-03-31,['33'],Aménagement d'une voie nouvelle sur la ZAE Eyrialis à Le Barp,mapa,cmp2006,appeloffre,initial,Cté de Cnes du Val de l'Eyre,33830,Belin-Beliet,,['Voirie et réseaux divers'],[366],non,non
21-28276,2021-03-08,2021-03-30,"['33', '47']",rènovation et création de bâtiment pour l'accueil de l'unité mixte de recherche interaction sols plantes et atmosphère (umr ispa)-,fns,cmp2006,appeloffre,initial,INRA Centre de Bordeaux Aquitaine,33882,Villenave d'Ornon,,"['Automatisation', 'Menuiserie', 'Serrurerie']","[14, 222, 321]",non,non
21-30475,2021-03-08,2021-03-19,['34'],"Mission d'Assistance Technique pour la mise en place d'équipements de vidéo-surveillance et contrôle d'accès sur les ports de commerce, plaisance et pêche de Sète",mapa,cmp2006,appeloffre,rectificatif,Port Sud de France,34201,SETE,,"['Assistance technique', 'Surveillance', 'Télésurveillance', ""Assistance à maîtrise d'ouvrage""]","[19, 331, 415, 433]",non,non
21-30441,2021-03-08,2021-04-01,['34'],Logiciel de facturation d'eaux et d'électricité,fns,cmp2006,appeloffre,rectificatif,SIVOM Orb et Vernazobres,34370,Cazouls les Béziers,,"['Informatique (prestations de services)', 'Logiciel', 'Maintenance']","[163, 186, 196]",non,non
21-29916,2021-03-08,2021-04-09,['34'],fourniture de produits d'entretien pour les services de la ville de saint-jean-de-védas.,fns,cmp2006,appeloffre,initial,MAIRIE SAINT JEAN DE VEDAS,34430,Saint-jean-de-vedas,,"[""Produits d'entretien""]",[278],non,oui
21-30689,2021-03-08,2021-03-29,['34'],Travaux de réfection des façades et toitures de l'Hôtel Bergé,fns,cmp2006,appeloffre,initial,Ville de Béziers,34508,Béziers,,"['Charpente', 'Etanchéité', 'Maçonnerie', 'Peinture (travaux)', 'Serrurerie']","[57, 117, 195, 264, 321]",non,non
21-30747,2021-03-08,2021-03-22,['46'],Mission de Maîtrise d'oeuvre relative à la construction d'un bâtiment (ateliers et bureaux) sur le Parc d'activités de CAMBES (46),fns,cmp2006,appeloffre,initial,SEM ARAC OCCITANIE,34961,Montpellier,,"[""Maîtrise d'oeuvre""]",[197],non,non
21-30492,2021-03-08,2021-04-09,['35'],Spectacle pyrotechnique pour le 13 juillet 2021,mapa,cmp2006,appeloffre,initial,Ville de Rennes,35031,RENNES CEDEX,,"['Eclairage public', ""Feu d'artifice""]","[102, 447]",non,non
21-30675,2021-03-08,2021-04-12,['35'],Travaux de remplacement d'une source centrale et de plots de balisage dans le parcs relais JFK ligne a du métro de Rennes,fns,cmp2006,attribution,initial,Rennes Métropole,35031,RENNES CEDEX,"[('2021-02-15', 'INEO ATLANTIQUE', (100000.0, 'EUR'), None)]",['Electricité (travaux)'],[105],non,non
21-30397,2021-03-08,2021-04-20,['45'],Orléans(45)-Centre National de Soutien Opérationel-Désamiantage et déplombage des locaux et supports,fns,cmp2006,appeloffre,initial,ESID de Rennes,35998,Rennes cedex 9,,['Amiante (désamiantage)'],[479],non,non
21-30582,2021-03-08,2021-03-29,['36'],REHABILITATION DE DEUX OUVRAGES SUR LA RD1 - COMMUNE DE CHAZELET - 2 LOTS,fns,cmp2006,appeloffre,initial,Conseil Départemental de l'Indre,36020,Chateauroux cedex,,"[""Ouvrage d'art""]",[252],non,non
21-30893,2021-03-08,2021-04-30,"['36', '18']",Acquisition d'une balayeuse aspiratrice,fns,cmp2006,appeloffre,initial,Commune d'Issoudun,36100,Issoudun,,['Voirie'],[365],non,non
21-30912,2021-03-08,2021-04-07,['38'],Travaux de retraitement en place de chaussée sur la RD 27b (PR 0 à 1+750 et PR 2+500 à 4+150) sur les communes de St Antoine L'Abbaye et St Bonnet de Chavagne,fns,cmp2006,appeloffre,initial,DEPARTEMENT DE L ISERE,38022,Grenoble,,['Voirie'],[365],non,oui
21-30853,2021-03-08,2021-03-30,['38'],"Marché d'assistance, de maintenance et de conseil informatiques",mapa,cmp2006,appeloffre,initial,Ville de St Ismier,38330,Saint-ismier,,"['Informatique (prestations de services)', 'Informatique (assistance)', 'Informatique (maintenance serveurs et réseaux)']","[163, 453, 454]",non,non
21-30527,2021-03-08,2021-04-09,['38'],Création du city parc sur le site des Ayencins,fns,cmp2006,appeloffre,initial,Commune du Péage de Roussillon,38550,Péage de Roussillon,,"['Eclairage public', 'Equipement sportif', 'Espaces verts', 'Réseaux divers', 'Terrassement', 'Terrain de sport', 'Aire de jeux']","[102, 113, 116, 306, 341, 342, 400]",non,non
21-30711,2021-03-08,2021-04-06,['40'],"MISE A DISPOSITION, INSTALLATION, MISE EN SERVICE, FORMATION ET MAINTENANCE D UN AUTOMATE D ANALYSE DE L HEMOGLOBINE GLYQUEE par HPLC POUR LE GHT DES LANDES",mapa,cmp2006,appeloffre,initial,GHT 40,40024,Mont de Marsan,,"['Laboratoire (fourniture)', 'Automate']","[181, 402]",non,non
21-30528,2021-03-08,2021-04-06,['40'],Accompagnement 'Analyse des pratiques à la Direction de la Solidarité départementale',fns,cmp2006,appeloffre,initial,Conseil Général des Landes,40025,Mont-de-Marsan Cedex,,['Prestations de services'],[274],non,non
21-30833,2021-03-08,2021-04-06,['40'],RD 4 - Aménagement du carrefour avec la RD 9 sur la commune de Luxey,fns,cmp2006,appeloffre,initial,Conseil Général des Landes,40025,Mont-de-Marsan Cedex,,['Voirie'],[365],oui,oui
21-30811,2021-03-08,2021-03-30,"['41', '37', '45']",Mission de maitrise d'oeuvre pour le réaménagement de locaux commerciaux 2 rue Saint Germain à Saint-Laurent-Nouan,mapa,cmp2006,appeloffre,initial,COMMUNE DE SAINT LAURENT NOUAN,41220,Saint-Laurent-Nouan,,"['Bâtiment', 'Ingénierie']","[33, 455]",non,non
21-30718,2021-03-08,2021-03-26,['41'],Installation de systèmes de climatisations réversibles,mapa,cmp2006,appeloffre,initial,Communauté de Communes du Controis,41700,LE CONTROIS EN SOLOGNE,,['Climatisation'],[62],non,non
21-30284,2021-03-08,2021-06-03,['42'],Deratisation Desinsectisation Sur Le Territoire De Saint-Etienne Metropole,joue,directive24,attribution,initial,Saint Etienne Métropole,42006,Saint Etienne,"[('2021-02-18', 'Sanopure', (69000, 'EUR'), 'Dératisation Désinsectisation Territoire Plaine'), ('2021-02-18', 'Sanopure', (69000, 'EUR'), 'Dératisation Désinsectisation Territoire Furan'), ('2021-02-18', 'Sanopure', (69000, 'EUR'), 'Dératisation Désinsectisation Territoire Gier'), ('2021-02-18', 'Sanopure', (69000, 'EUR'), 'Dératisation Désinsectisation Territoire Ondaine')]","['Dératisation, désinsectisation']",[89],non,non
21-30920,2021-03-08,2021-04-02,['42'],"Mission d'OPCU (ordonnancement, pilotage, coordination) pour les quartiers ANRU de Montreynaud et Tarentaize Beaubrun Couriot (NPNRU de St-Etienne)",fns,cmp2006,appeloffre,initial,Ville de Saint-Etienne,42007,Saint Etienne,,"[""Assistance à maîtrise d'ouvrage""]",[433],non,non
21-30767,2021-03-08,2021-05-07,"['42', '43', '69']",Travaux de réfection de l'étanchéité des toitures des bâtiments E et F sur le Campus Tréfilerie de l'Université Jean Monnet.,fns,cmp2006,appeloffre,initial,UNIVERSITE JEAN MONNET,42023,Saint-etienne cedex 2,,['Etanchéité'],[117],non,non
21-30831,2021-03-08,2021-04-09,"['42', '13']","Fourniture de consommables, outils et petits matériels électroniques",fns,cmp2006,appeloffre,initial,ECOLE NAL SUP DES MINES DE ST ETIENNE,42023,Saint etienne,,['Matériel électronique'],[204],non,oui
21-30484,2021-03-08,2021-04-07,['42'],EFFAROUCHEMENT DES ETOURNEAUX,fns,cmp2006,appeloffre,initial,Ville de Roanne,42328,Roanne,,['Nettoyage urbain'],[240],non,oui
21-30730,2021-03-08,2021-06-05,['42'],Travaux de rénovation de revêtements bétons sur le canal du Forez,fns,cmp2006,attribution,initial,SMIF - Canal du Forez,42604,MONTBRISON,"[('2021-01-28', 'SAS PYRAMID', (136425, 'EUR'), None)]",['Génie civil'],[141],non,non
21-30814,2021-03-08,2021-03-30,['42'],"Travaux de réhabilitation du réseau d'assainissement et d'eau potable des rues du Pré de l'Orme, du Huit Mai 1945 et Antoine Dupuy sur la commune de Saint-Marcellin-en-Forez",fns,cmp2006,appeloffre,initial,Communauté d'Agglomération Loire Forez,42605,Montbrison Cedex,,"['Alimentation en eau potable', 'Assainissement']","[6, 18]",non,non
21-30906,2021-03-08,2021-04-06,['43'],Numéro de la consultation : 2020-SBD-0055 Interventions et travaux en couverture-zinguerie sur les bâtiments départementaux de la Haute Loire,fns,cmp2006,appeloffre,initial,DEPARTEMENT DE LA HAUTE LOIRE,43009,LE PUY EN VELAY Cedex,,"['Couverture', 'Zinguerie']","[74, 372]",non,non
21-30423,2021-03-08,2021-03-31,['44'],"Secteur BELLE ETOILE Ilot NORD - Extension T2 - Terrassements, assainissement EU/EP, Chaussées, signalisation",fns,cmp2006,appeloffre,initial,Cté de Communes d'Erdre et Gesvres,44119,Grandchamp des Fontaines,,['Voirie et réseaux divers'],[366],non,non
21-29074,2021-03-08,2021-04-13,"['44', '85']",Achat de 3 véhicules pour la ville de Pornic,fns,cmp2006,appeloffre,initial,Commune de Pornic,44210,Pornic Cedex,,['Véhicules (acquisition)'],[475],non,non
21-30471,2021-03-08,2021-04-03,['44'],TRAVAUX DE MISE AUX NORMES DE LA QUALITE DE L'AIR D'ERP DE LA VILLE DE BOUGUENAIS,fns,cmp2006,appeloffre,initial,Ville de Bouguenais,44341,BOUGUENAIS CEDEX,,"['Cloison, faux plafond', 'Ventilation']","[63, 360]",non,non
21-30823,2021-03-08,2021-03-16,['44'],Rénovation d'un ensemble central de cuisson d'un laboratoire pédagogique - Métiers de l'alimentation URMA 44,mapa,cmp2006,attribution,initial,CMAR Pays de La Loire,44985,Sainte Luce sur Loire Cedex,,"['Cuisine (équipement)', 'Formation']","[77, 410]",non,non
21-30540,2021-03-08,2021-03-29,['36'],Lycée Polyvalent Balzac d'Alembert à Issoudun (36) - Travaux de remplacement des réseaux d'eau chaude sanitaire et bouclage,fns,cmp2006,appeloffre,initial,REGION CENTRE VAL DE LOIRE,45041,ORLEANS,,['Plomberie (travaux)'],[270],non,non
21-30620,2021-03-08,2021-04-12,['45'],Compteurs de visiteurs sur les réserves naturelles régionales et prestations associées,mapa,cmp2006,appeloffre,initial,REGION CENTRE VAL DE LOIRE,45041,ORLEANS,,"[""Contrôle d'accès""]",[81],non,oui
21-30786,2021-03-08,2021-03-31,['45'],Travaux pour la création d'un réseau d'eaux usées Rue de Cormier à Olivet,fns,cmp2006,appeloffre,initial,Orléans Métropole,45058,Orléans,,['Canalisations'],[48],oui,non
21-30919,2021-03-08,2021-03-31,['45'],Prestation de service d'assistance et de conseil en développement et expertise RH,fns,cmp2006,appeloffre,initial,BRGM,45060,Orléans,,['Prestations de services'],[274],non,non
21-30867,2021-03-08,2021-04-08,['45'],"Travaux de signalétique et de balisage de chemins de randonnée pédestre, équestre et de VTT sur le territoire de la Communauté de communes Portes de Sologne",fns,cmp2006,appeloffre,initial,Ville de la Ferté saint Aubin,45240,La Ferté Saint Aubin,,"['Bois', 'Mobilier urbain', 'Panneaux', 'Signalisation']","[38, 231, 261, 322]",non,oui
21-30585,2021-03-08,2021-03-26,['47'],Agrandissement et rénovation du club house de rugby Stade Saint-livradais XV,fns,cmp2006,appeloffre,initial,Commune de Sainte-Livrade-sur-Lot,47110,Sainte livrade-sur-lot,,['Gros oeuvre'],[144],non,non
21-26390,2021-03-08,2021-05-10,"['47', '33']","MAÎTRISE D'OEUVRE - DOMAINES INFRASTRUCTURE & BATIMENT 'COCUMONT COEUR DE BOURG 2030' : ESPACES PUBLICS + DEMOLITIONS DE 3 IMMEUBLES, RENOVATION AVEC CREATION DE LOGEMENTS/CONSTRUCTION D'UNE HALLE",mapa,cmp2006,appeloffre,initial,COMMUNE DE COCUMONT,47250,Cocumont,,"['Etude', ""Maîtrise d'oeuvre"", ""Mission d'ordonnancement, pilotage, coordination (OPC)"", 'Prestations de services']","[118, 197, 234, 274]",non,non
21-30331,2021-03-08,2021-06-05,['47'],EXTENSION DU RESEAU EAUX USEES AVENUE DU GENERAL DE GAULLE A VILLENEUVE-SUR-LOT,mapa,cmp2006,attribution,initial,COMMUNAUTE AGGLO DU GRAND VILLENEUVOIS,47440,CASSENEUIL,,['Assainissement'],[18],non,non
21-30332,2021-03-08,2021-06-05,['47'],Numéro de la consultation : 20-CAGV-0017 EXTENSION DU RESEAU EAUX USEES RUE DOREE A VILLENEUVE-SUR-LOT,fns,cmp2006,attribution,initial,COMMUNAUTE AGGLO DU GRAND VILLENEUVOIS,47440,CASSENEUIL,"[('2021-02-16', 'SARL LAGES ET FILS', (77353, 'EUR'), None)]",['Assainissement'],[18],non,non
21-30606,2021-03-08,2021-03-31,"['47', '24', '19', '31', '33', '65', '82', '46', '16']",Elevage de juvéniles et géniteurs de saumons atlantique et de larves de grandes aloses sur le bassin Garonne Dordogne,fns,cmp2006,appeloffre,initial,ASSOCIATION MIGADO,47520,Le passage,,['Animaux'],[9],non,non
21-30543,2021-03-08,2021-04-06,['48'],marché de programmation et assistance à maîtrise d'ouvrage en vue de la réhabilitation de l'îlot châtillon à marvejols,fns,cmp2006,appeloffre,initial,Communauté de Communes du Gévaudan,48100,Marvejols,,"['Etude', ""Assistance à maîtrise d'ouvrage""]","[118, 433]",non,non
21-30707,2021-03-08,2021-04-07,['50'],Restauration de vitraux à l'Eglise 'Notre-Dame' de Querqueville,mapa,cmp2006,appeloffre,initial,CHERBOURG-EN-COTENTIN,50108,Cherbourg-en-Cotentin,,"[""Ouvrage d'art"", 'Vitraux']","[252, 418]",non,non
21-30486,2021-03-08,2021-04-07,['53'],"Mission d'assistance générale de conseil et d'assistance technique permanentes relevant de l'assurance des biens, des responsabilités, des véhicules ou des personnels",mapa,cmp2006,appeloffre,initial,Centre Hospitalier de Laval (53),53015,Laval Cedex,,['Assurance'],[20],non,non
21-30724,2021-03-08,2021-04-07,['53'],Mise aux normes du service de stérilisation pour le Centre Hospitalier de Laval,fns,cmp2006,appeloffre,initial,Centre Hospitalier de Laval (53),53015,Laval Cedex,,"['Bâtiment', 'Démolition', 'Electricité (travaux)', 'Menuiserie', 'Peinture (travaux)', 'Plomberie (travaux)', 'Travaux de viabilité']","[33, 87, 105, 222, 264, 270, 353]",non,non
21-30777,2021-03-08,2021-04-02,['54'],Études et travaux de suivi des circuits et niveaux des eaux souterraines du secteur vieille ville et pépinière-.,fns,cmp2006,appeloffre,initial,Ville de Nancy,54035,NANCY,,"[""Ouvrage d'infrastructure""]",[253],non,non
21-27728,2021-03-08,2021-05-31,['54'],Remplacement des vérins du barrage de Nancy,fns,cmp2006,attribution,initial,Métropole du Grand Nancy,54035,NANCY CEDEX,"[('2021-02-23', 'INEO INDUSTRIE ET TERTIAIRE EST', (185975, 'EUR'), None)]",['Barrage'],[31],non,non
21-30744,2021-03-08,2021-04-10,['54'],Marché de travaux pour la séparation hydraulique primaire/secondaire d'un réseau d'eau glacée IJL Nancy,fns,cmp2006,appeloffre,initial,Université de lorraine,54052,Nancy,,['Bâtiment'],[33],non,non
21-30432,2021-03-08,2021-03-31,['54'],"Travaux d'aménagement du local, situé Place du Couarail, en vue de l'implantation d'une poissonnerie à Toul-.",fns,cmp2006,appeloffre,initial,COMMUNE DE TOUL,54201,TOUL,,"[""Tous corps d'état""]",[345],non,non
21-30696,2021-03-08,2021-03-29,['54'],"Travaux d'aménagement pour l'exposition "" La sculpture en son château. Variations sur un art majeur """,mapa,cmp2006,appeloffre,initial,Département de Meurthe-et-Moselle,54302,LUNEVILLE CEDEX,,"['Cloison, faux plafond', 'Electricité (travaux)', 'Métallerie', 'Peinture (travaux)']","[63, 105, 223, 264]",non,non
21-30776,2021-03-08,2021-04-23,['54'],21-08 Mission de maitrise d'½uvre pour les travaux de mise en conformité de l'autosurveillance de la Communauté d'Agglomération de Longwy-.,mapa,cmp2006,appeloffre,initial,CA DE LONGWY,54414,LONGWY CEDEX,,"['Assainissement', 'Equipement hydraulique', ""Maîtrise d'oeuvre""]","[18, 111, 197]",non,non
21-30726,2021-03-08,2021-04-15,['54'],Acquisition d'un analyseur de taille de particules et de potentiel zeta et prestations associées (SAV & formation),mapa,cmp2006,appeloffre,initial,Université de Lorraine,54505,Vandoeuvre-les-nancy,,['Equipements spécialisés'],[115],non,non
21-30438,2021-03-08,2021-04-09,['54'],Prestations de services d'assurances,mapa,cmp2006,appeloffre,initial,centre de gestion 54,54600,Villers-les-Nancy,,['Assurance'],[20],non,non
21-22053,2021-03-08,2021-04-02,"['55', '52']",marchés de contrôle technique et de coordination sps Saint Dizier Bar le Duc,fns,cmp2006,appeloffre,initial,Région Alsace Champagne Ardenne Lorr,55007,Bar le duc,,"['Contrôle technique', 'Prestations de services']","[72, 274]",non,non
21-30677,2021-03-08,2021-04-01,['55'],travaux portant création d'un centre de connaissances et de culture au collège jean d'Allamont à Montmédy (55)( DCE téléchargeable gratuitement sur https://profilacheteur.meuse.fr).,fns,cmp2006,appeloffre,initial,Conseil départemental de la Meuse,55012,Bar-le-Duc,,"['Carrelage', 'Charpente', 'Chauffage (travaux)', 'Cloison, faux plafond', 'Couverture', 'Démolition', 'Electricité (travaux)', 'Gros oeuvre', 'Menuiserie', 'Peinture (travaux)', 'Plâtrerie', 'Plomberie (travaux)', 'Revêtements de sols', 'Revêtements muraux', 'Sanitaire', 'Signalétique', 'Ventilation']","[53, 57, 61, 63, 74, 87, 105, 144, 222, 264, 269, 270, 308, 309, 319, 333, 360]",oui,non
21-30597,2021-03-08,2021-06-05,['59'],Fourniture et maintenance du parc de gilets de sauvetage des différents sites de la Direction Territoriale Nord-Pas-de-Calais de Voies Navigables de France,fns,cmp2006,attribution,initial,Voies navigables de France,59034,Lille cédex,"[('2021-02-22', 'PROMAT SECURITE', (116000, 'EUR'), None)]",['Equipement industriel'],[112],non,oui
21-30570,2021-03-08,2021-04-15,['59'],Le présent accord-cadre à bons de commande concerne une mission d'accompagnement au pilotage de la politique de lutte contre l'habitat indigne de la MEL et d'appui face aux situations d,fns,cmp2006,appeloffre,rectificatif,METROPOLE EUROPEENNE DE LILLE,59040,Lille,,['Etude'],[118],non,non
21-30619,2021-03-08,2021-04-02,['59'],Travaux de requalification du carrefour rue mont-houy et rue roger salengro sur la commune de famars pour le compte de valenciennes métropole,fns,cmp2006,appeloffre,initial,Cté d'Agglo Valenciennes Métropole,59300,Valenciennes,,"['Assainissement', 'Voirie et réseaux divers']","[18, 366]",non,non
21-30652,2021-03-08,2021-04-09,"['59', '62']",Travaux de réhabilitation de la crèche Joséphine Baker,fns,cmp2006,appeloffre,initial,Ville de Mons en Baroeul,59370,Mons en baroeul,,"[""Tous corps d'état""]",[345],non,oui
21-30782,2021-03-08,2021-03-26,"['59', '62']","Prestations de traduction de textes en anglais, allemand, espagnol et néerlandais et dans d'autres langues étrangères",fns,cmp2006,appeloffre,initial,Université du Littoral Côte d'Opale,59375,DUNKERQUE,,['Prestations de services'],[274],non,non
21-30381,2021-03-08,2021-03-28,['59'],"Fourniture de matériel d'éclairage électrique et électronique normalisé : mâts, lanternes, accessoires .",fns,cmp2006,appeloffre,initial,Ville de Coudekerque-Branche (59),59411,Coudekerque-Branche Cedex,,"['Candélabre', 'Matériel électrique', 'Matériel de travaux publics']","[49, 203, 220]",non,non
21-30745,2021-03-08,2021-04-20,['62'],Commune de Thérouanne (Département du Pas-de-Calais) Fouilles archéologiques préventives,fns,cmp2006,appeloffre,initial,Noréade,59443,Wasquehal cedex,,['Fouille archéologique'],[450],non,non
21-30364,2021-03-08,2021-03-29,['59'],Travaux de rénovation et de mise aux normes électrique et sécurité incendie de l'église Saint-Martin de la commune de SIN-LE-NOBLE,fns,cmp2006,appeloffre,initial,COMMUNE DE SIN LE NOBLE,59450,Sin le noble,,"['Electricité (travaux)', 'Sécurité incendie']","[105, 332]",non,oui
21-30792,2021-03-08,2021-03-19,['59'],Reconstruction de la salle des mariages (rectificatif),fns,cmp2006,appeloffre,rectificatif,MAIRIE DE COLLERET,59680,Colleret,,"['Charpente', 'Couverture', 'Démolition', 'Electricité (travaux)', 'Etanchéité', 'Gros oeuvre', 'Menuiserie', 'Peinture (travaux)', 'Plomberie (travaux)', 'Revêtements de sols']","[57, 74, 87, 105, 117, 144, 222, 264, 270, 308]",non,non
21-30522,2021-03-08,2021-03-17,['59'],"Locations ponctuelles de matériels de chantiers, de matériels pour espaces verts et de nacelles pour les différents services de la Ville de Marcq-en-Baroeul. Relance du lot 3 : Location de nacelles.",fns,cmp2006,appeloffre,rectificatif,Ville de Marcq-en-Baroeul,59704,Marcq en baroeul cedex,,['Location (matériels)'],[185],non,non
21-30454,2021-03-08,2021-04-08,['59'],"Vérification, entretien, maintenance et réparation des systèmes de désenfumage dans différents établissements de la commune et maintenance des ventilations, extractions et hottes de cuisine sur le sit",fns,cmp2006,appeloffre,initial,COMMUNE DE LAMBERSART,59831,LAMBERSART,,['Prestations de services'],[274],non,non
21-29358,2021-03-08,2021-03-31,['60'],Travaux de sécurisation des pistes cyclables situées sur le territoire de l'Agglomération de la Région de Compiègne et de la Basse Automne,fns,cmp2006,appeloffre,initial,Agglomération Région de Compiègne,60321,Compiègne cedex,,"['Signalisation', 'Terrassement', 'Voirie']","[322, 341, 365]",oui,non
21-29986,2021-03-08,2021-04-01,['60'],Mission de maîtrise d'oeuvre dans le cadre des travaux d'aménagement d'une piste internationale de BMX sur la commune de Venette,fns,cmp2006,appeloffre,initial,Agglomération Région de Compiègne,60321,Compiègne cedex,,"['Etude', ""Maîtrise d'oeuvre""]","[118, 197]",non,non
21-30579,2021-03-08,2021-04-02,"['60', '2', '80']",travaux de raccordement des habitations au réseau d'eaux usées de la commune de berlancourt,fns,cmp2006,appeloffre,initial,COMMUNE DE BERLANCOURT,60640,Berlancourt,,"['Assainissement', 'Réseaux divers']","[18, 306]",non,non
21-15062,2021-03-08,2021-03-30,"['62', '80']",travaux de couverture dans les écoles,fns,cmp2006,appeloffre,initial,Ville de Berck sur Mer,62600,Berck-sur-Mer,,['Couverture'],[74],non,non
21-30472,2021-03-08,2021-05-08,['62'],IMPRESSION / FAÇONNAGE DE PUBLICATIONS ET DOCUMENTS DIVERS (Suite au lot 2 du marché 2020M027 déclaré infructueux),fns,cmp2006,attribution,initial,Mairie de LIEVIN,62800,Liévin,,['Impression'],[160],non,non
21-30698,2021-03-08,2021-05-08,['62'],Fourniture de matériaux de rénovation,fns,cmp2006,attribution,initial,Mairie de LIEVIN,62800,Liévin,[],['Matériaux de construction'],[198],non,non
21-30541,2021-03-08,2021-03-29,['62'],assistance à maîtrise d'ouvrage pour l'instruction des autorisations relevant du droit des sols,fns,cmp2006,appeloffre,initial,COMMUNE DE COURCELLES LES LENS,62970,COURCELLES-LES-LENS,,['Prestations de services'],[274],non,non
21-30378,2021-03-08,2021-04-08,['63'],2020CM-TRX155 CONSTRUCTION DE LA DECHETTERIE DE GERZAT,fns,cmp2006,appeloffre,initial,Clermont Auvergne Métropole,63007,CLERMONT-FERRAND,,"['Bardage', 'Carrelage', 'Charpente', 'Chauffage (travaux)', 'Clôture', 'Couverture', 'Déchetterie (travaux)', 'Eclairage public', 'Electricité (travaux)', 'Espaces verts', 'Etanchéité', 'Fondations spéciales', 'Gros oeuvre', 'Menuiserie', 'Mobilier urbain', 'Peinture (travaux)', 'Plâtrerie', 'Plomberie (travaux)', 'Sanitaire', 'Serrurerie', 'Terrassement', 'Voirie']","[30, 53, 57, 61, 64, 74, 96, 102, 105, 116, 117, 129, 144, 222, 231, 264, 269, 270, 319, 321, 341, 365]",non,non
21-30352,2021-03-08,2021-05-31,['3'],Travaux de réhabilitation du Lycée Albert Einstein,fns,cmp2006,attribution,initial,Ophis,63050,Clermont ferrand cedex 2,"[('2021-02-15', 'Tabard Construction', (128700, 'EUR'), None), ('2021-02-15', 'MCA Lazaro', (519715, 'EUR'), None), ('2021-02-15', 'Domes Etanch', (959295, 'EUR'), None), ('2021-02-15', 'BP métallerie', (100210, 'EUR'), None), ('2021-02-15', 'Dumas Giry', (212226, 'EUR'), None), ('2021-02-15', 'Canti Cegelec', (28377, 'EUR'), None)]",['Bâtiment'],[33],non,non
21-30806,2021-03-08,2021-06-05,['64'],Réhabilitation des bâtiments d'exploitation du funiculaire de PAU,fns,cmp2006,attribution,initial,SYNDICAT MIXTE DES TRANSPORTS URBAINS,64000,PAU,,['Bâtiment'],[33],non,non
21-30889,2021-03-08,2021-03-30,"['64', '40', '65']",Restructuration de la laverie au collège Simin Palay à LESCAR,fns,cmp2006,appeloffre,initial,Département des Pyrénées-Atlantiques,64000,Pau,,"['Cuisine (équipement)', 'Maçonnerie', 'Revêtements de sols']","[77, 195, 308]",non,oui
21-30468,2021-03-08,2021-06-05,['64'],Achat et maintenance de défibrillateurs automatisés externes,fns,cmp2006,attribution,initial,CA PAU BEARN PYRENEES,64000,PAU CEDEX,,"[""Matériel de secours et d'incendie""]",[217],non,non
21-30469,2021-03-08,2021-06-05,['64'],Travaux de déconstruction et reconstruction du pont Lalanne à PAU,fns,cmp2006,attribution,initial,CA PAU BEARN PYRENEES,64000,PAU CEDEX,,"[""Ouvrage d'art""]",[252],non,non
21-30715,2021-03-08,2021-03-31,['64'],Fourniture et livraison de gazole non routier,fns,cmp2006,appeloffre,initial,VALOR BEARN - SMTD,64010,PAU,,['Combustible'],[438],non,non
21-30507,2021-03-08,2021-03-23,['64'],Achat de tondeuses (3 autoportées et 1 tractée) pour 4 antennes du Département des Pyrénées-Atlantiques,mapa,cmp2006,appeloffre,initial,Département des Pyrénées-Atlantiques,64058,Pau cedex 9,,"['Matériel agricole, horticole']",[200],non,non
21-30626,2021-03-08,2021-06-05,['65'],MARCHE DE TRAVAUX POUR LA CONSTRUCTION DE 6 LOGEMENTS A SAUVAGNON,fns,cmp2006,attribution,initial,OFFICE PUB DE L HABITAT HTES PYRENEES,65000,TARBES,,"[""Tous corps d'état""]",[345],non,non
21-30914,2021-03-08,2021-04-12,['65'],ETUDE DE PROGRAMMATION ET MISSION D'ASSISTANCE A MAITRISE D'OUVRAGE PORTANT SUR LA CONSTRUCTION D'UN IMMEUBLE SUR LA PARCELLE DE L'ANCIENNE IMPRIMERIE DULOUT À TARBES,mapa,cmp2006,appeloffre,initial,VILLE DE TARBES,65000,TARBES,,"[""Assistance à maîtrise d'ouvrage""]",[433],non,oui
21-30716,2021-03-08,2021-04-01,['65'],"MARCHE DE TRAVAUX POUR LA CONSTRUCTION DE 6 LOGEMENTS A SAUVAGNON, seuls sont relancés le lot 3 déclaré infructueux et le lot 11 déclaré sans suite",fns,cmp2006,appeloffre,initial,OFFICE PUB DE L HABITAT HTES PYRENEES,65000,TARBES,,"['Etanchéité', 'Voirie']","[117, 365]",non,non
21-30789,2021-03-08,2021-03-30,['65'],"FOURNITURES DE PNEUMATIQUES, D'ACCESSOIRES ET PRESTATIONS ASSOCIEES",fns,cmp2006,appeloffre,initial,DEPARTEMENT HAUTES-PYRENEES,65013,TARBES,,['Pneumatiques'],[271],non,non
21-30787,2021-03-08,2021-04-19,['65'],MARCHE DE SERVICE D'ASSURANCE,fns,cmp2006,appeloffre,initial,COMMUNE DE CAPVERN,65130,Capvern,,['Assurance'],[20],non,non
21-30868,2021-03-08,2021-03-25,['66'],Audit et accompagnement à la transformation des services municipaux de la Ville de Perpignan - Assistance à maîtrise d'ouvrage,fns,cmp2006,appeloffre,initial,COMMUNE DE PERPIGNAN,66931,PERPIGNAN CEDEX,,['Audit'],[21],non,non
21-30891,2021-03-08,2021-03-31,"['57', '67']","Étude d'analyse de sédiments qui comprend les prélèvements, l'analyse et un rapport sur les possibilités de gestion des sédiments - Unité territoriale du canal de la Sarre",fns,cmp2006,appeloffre,initial,Voies navigables de France,67000,Strasbourg,,['Etude'],[118],non,non
21-30596,2021-03-08,2021-04-06,['67'],"Conception, production et réalisation d'aménagements scénographiés dans le cadre de l'offre événementielle estivale 2021 de la Ville de Strasbourg",fns,cmp2006,appeloffre,initial,VILLE DE STRASBOURG,67076,STRASBOURG CEDEX,,['Spectacle'],[472],non,non
21-30508,2021-03-08,2021-05-20,['67'],Le marché public concerne une mission d'assistance à maitrise d'ouvrage à la réalisation de la maquette numérique (AMO BIM).Le descriptif des prestations figure dans les pièces techniques d,fns,cmp2006,attribution,initial,HOPITAUX UNIVERSITAIRES DE STRASBOURG,67091,Strasbourg cedex,"[('2021-03-04', 'SAS TIPEE', (126746.1, 'EUR'), None)]","[""Assistance à maîtrise d'ouvrage""]",[433],non,non
21-30704,2021-03-08,2021-04-03,['67'],assistance à maitrise d'ouvrage pour la construction et l'agrandissement de quatre déchèteries,mapa,cmp2006,appeloffre,initial,SMICTOMME,67120,Molsheim,,"[""Assistance à maîtrise d'ouvrage""]",[433],non,non
21-30946,2021-03-08,2021-04-09,['67'],Création d'un terrain 'cécifoot' au complexe sportif de l'Aar de la Ville de Schiltigheim,mapa,cmp2006,appeloffre,initial,Ville de Schiltigheim,67302,Schiltigheim,,['Terrain de sport'],[342],oui,oui
21-30536,2021-03-08,2021-03-29,['67'],Mise en oeuvre d'un portail citoyen avec le logiciel libre Publik,fns,cmp2006,appeloffre,initial,CA DE HAGUENAU,67500,Haguenau,,['Informatique (prestations de services)'],[163],non,non
21-30613,2021-03-08,2021-04-10,['67'],SCHIRRHEIN : TRAVAUX D'ASSAINISSEMENT - RENFORCEMENT DU RESEAU RUE DE LA GARE,fns,cmp2006,appeloffre,initial,CA DE HAGUENAU,67504,Haguenau,,['Assainissement'],[18],non,non
21-30684,2021-03-08,2021-04-07,['68'],Marché de prestations d'étude de diagnostic amont des stations de traitement des eaux usées du Sivom s'inscrivant dans le cadre de la recherche et de la réduction/suppression des micropollua,fns,cmp2006,appeloffre,initial,SIVOM de la Région Mulhousienne,68200,MULHOUSE,,"['Assainissement', 'Etude', 'Prestations de services']","[18, 118, 274]",non,non
21-30446,2021-03-08,2021-04-06,"['68', '67']",Aménagement de la liaison de la Rue de Nevers,fns,cmp2006,appeloffre,initial,commune d'issenheim,68500,Issenheim,,['Voirie'],[365],non,non
21-30481,2021-03-08,2021-06-05,['69'],Réalisation d'actions de formation sur le thème 'Lecture publique et documentation' sur le territoire pour le compte du CNFPT d'Auvergne Rhône-Alpes,fns,cmp2006,attribution,initial,CNFPT-Délégation Auvergne Rhône-Alpes,69005,LYON,,['Formation'],[410],non,non
21-30362,2021-03-08,2021-06-05,['69'],Attribution de 2 marchés de formation sur le thème ' programmation et techniques du spectacle' pour le compte du CNFPT sur les territoires d'Auvergne Rhône-Alpes',fns,cmp2006,attribution,initial,CNFPT-Délégation Auvergne Rhône-Alpes,69005,LYON,"[('2021-02-24', 'i-St@ge', (156000, 'EUR'), None), ('2021-02-24', 'i-St@ge', (56000, 'EUR'), None)]",['Formation'],[410],non,non
21-30618,2021-03-08,2021-04-06,['69'],Accompagnement de la ville de Lyon pour la mise en oeuvre opérationnelle d'un budget sensible au genre (BSG),fns,cmp2006,appeloffre,initial,Ville de Lyon,69205,LYON,,"[""Assistance à maîtrise d'ouvrage""]",[433],non,non
21-30537,2021-03-08,2021-04-01,['63'],Le marché a pour objet la réalisation d'inspection visuelle à la nacelle et par cordiste sur les parements extérieurs de la cathédrale de Clermont-Ferrand,fns,cmp2006,appeloffre,initial,MINISTERE DE LA CULTURE,69283,Lyon cedex 01,,['Etude'],[118],non,non
21-30337,2021-03-08,2021-03-22,['69'],E20_0312BIs_TF_PRESTATIONS DE SOINS DE BIEN ETRE POUR LES HOSPICES CIVILS DE LYON,fns,cmp2006,appeloffre,initial,CHU Lyon,69373,Lyon cedex 08,,['Prestations de services'],[274],non,non
21-30576,2021-03-08,2021-03-29,['70'],Travaux de mise en séparatif du réseau d'assainissement et renouvellement du réseau aep rue salengro sur la ville de lure,fns,cmp2006,appeloffre,initial,Communauté de Communes du Pays de Lure,70200,Lure,,"['Assainissement', 'Réseaux divers']","[18, 306]",non,non
21-30950,2021-03-08,2021-03-29,['71'],Assistance à maîtrise d'ouvrage pour la construction de scénarios d'évolution de la fonction financière,fns,cmp2006,appeloffre,initial,Conseil Général de Saône-et-Loire,71026,Mâcon cedex 9,,"[""Assistance à maîtrise d'ouvrage""]",[433],non,non
21-30890,2021-03-08,2021-03-29,['71'],Accord cadre de travauxMarché à bons de commande: travaux d'entretien et d'investissements des voiries communautaires,fns,cmp2006,appeloffre,initial,Communauté communes Terres de Bresse,71290,CUISERY,,['Voirie et réseaux divers'],[366],non,non
21-30376,2021-03-08,2021-03-31,['74'],Achat de fournitures informatiques,fns,cmp2006,appeloffre,initial,CITIA,74000,Annecy,,"['Informatique (matériel)', 'Informatique (maintenance serveurs et réseaux)']","[162, 454]",non,non
21-30578,2021-03-08,2021-03-29,['74'],"Etude de diagnostic des points d'arrêts de transports urbain, interurbain et scolaires du Grand Annecy",fns,cmp2006,appeloffre,rectificatif,GRAND ANNECY,74007,ANNECY,,['Transport'],[347],non,non
21-30632,2021-03-08,2021-03-26,['74'],Restructuration et extension de la Mairie - lot no1,fns,cmp2006,appeloffre,rectificatif,Commune de Vetraz-Monthoux,74100,VETRAZ MONTHOUX,,"['Démolition', 'Amiante (désamiantage)']","[87, 479]",non,non
21-30797,2021-03-08,2021-04-17,['74'],Réservation de places dans une structure multi-accueil pour enfants,fns,cmp2006,appeloffre,initial,Commune de Saint-Gervais Les Bains,74170,SAINT GERVAIS,,['Prestations de services'],[274],non,non
21-30799,2021-03-08,2021-04-06,['74'],Etude de faisabilité de la restauration hydromorphologique et écologique du torrent de Seytroux,mapa,cmp2006,appeloffre,initial,Syndicat Intercom Aménagement Chablais,74200,THONON LES BAINS,,['Etude'],[118],non,non
21-30925,2021-03-08,2021-04-02,['75'],La présente consultation a pour objet des prestations de service pour la fourniture et la maintenance d'un parc de copieurs et de scanners de livres à la Fondation Maison des sciences de l'h,fns,cmp2006,appeloffre,initial,FONDATION MAISON SCIENCES DE L'HOMME,75006,Paris,,['Impression'],[160],non,non
21-30688,2021-03-08,2021-05-19,"['75', '77', '78', '91', '92', '93', '94', '95']",Le présent marché a pour objet la maintenance préventive et corrective des systèmes de sécurité incendie (S.S.I) et des équipements de lutte contre l'incendie (E.L.I) des bâtiments d'Ile de,fns,cmp2006,appeloffre,rectificatif,Ile de France Mobilités,75009,Paris,,"['Maintenance', 'Prestations de services']","[196, 274]",non,non
21-30289,2021-03-08,2021-04-09,['75'],"REALISATION ET GESTION DU DISPOSITIF "" CHEQUES MOBILITES "" 2022 2023 2024",joue,directive24,appeloffre,initial,Ile de France Mobilités,75009,Paris,,['Prestations de services'],[274],non,oui
21-30736,2021-03-08,2021-03-23,['75'],Marchés pour le déménagement et la fourniture de classeurs rotatifs destinés à la mairie de Paris Centre en 2 lots séparés,fns,cmp2006,appeloffre,rectificatif,Ville de Paris,75013,Paris,,['Matériel de bureau'],[207],non,non
21-30756,2021-03-08,2021-05-08,['75'],Travaux de restructuration et d'extension en vue de la réalisation d'une médiathèque et d'une maison des réfugiés à faible impact environnemental- LOT 4 Espaces verts et biodiversité,fns,cmp2006,attribution,initial,Ville de Paris,75013,Paris,,['Espaces verts'],[116],non,non
21-30351,2021-03-08,2021-04-02,['75'],Travaux d'agrandissement et d'insonorisation du réfectoire et ouverture du mur entre les deux cours de l'école élémentaire -129 rue Belliard 75018 Paris,mapa,cmp2006,appeloffre,initial,VILLE DE PARIS,75018,Paris,,"[""Tous corps d'état""]",[345],non,non
21-30825,2021-03-08,2021-04-02,['75'],L'objet de cette consultation est l'attribution d'un marché de travaux pour les travaux de transformation en ERP de locaux à usage mixte (enseignement et bureaux) sur le site du 21-23 r,fns,cmp2006,appeloffre,initial,EC NAL SUP ARCHITECTURE PARIS VILLETTE,75019,Paris,,"[""Ouvrage d'art""]",[252],non,non
21-30739,2021-03-08,2021-04-02,['75'],"Mise en accessibilité aux personnes en situation de handicap des escaliers Henri II, Henri IV, Mollien et Darue.",fns,cmp2006,appeloffre,initial,Musée du Louvre,75058,Paris cedex 01,,"[""Tous corps d'état""]",[345],non,non
21-30624,2021-03-08,2021-03-31,['75'],"Fourniture, installation et contrat de maintenance pour un système de télésurveillance et Prestation de service de surveillance humaine",mapa,cmp2006,attribution,initial,INALCO,75214,Paris cedex 13,,"['Surveillance', 'Télésurveillance']","[331, 415]",non,non
21-30379,2021-03-08,2021-04-12,"['75', '94', '93', '92']","S'agissant d'une étude, il n'y a pas de lieu désigné. Les réunions auront toutefois lieu à Paris ou en visio-conférence.",mapa,cmp2006,appeloffre,initial,Ministère de l'agriculture,75349,Paris 07 sp,,['Etude'],[118],non,oui
21-30842,2021-03-08,2021-05-03,['75'],"L'accord-cadre, et les bons de commande pris sur son fondement, ont pour objet l'évaluation actuarielle des engagements de retraite de l'Assemblée nationale et autres avantages postérie",fns,cmp2006,attribution,initial,ASSEMBLÉE NATIONALE,75355,Paris 07 sp,"[('2020-12-15', 'Société Ernst & Young', (68400, 'EUR'), None)]",['Prestations de services'],[274],non,non
21-30636,2021-03-08,2021-03-19,['93'],"Le présent marché a pour objet des travaux de désamiantage et déconstruction - Phase 2. curage, désamiantage, déconstruction d'anciens pavillons psychiatriques de l'ex-hôpital de Maison blan",fns,cmp2006,appeloffre,initial,Grand Paris Aménagement,75945,Paris cedex 19,,['Démolition'],[87],oui,non
21-30874,2021-03-08,2021-04-29,"['76', '14', '27']",Ce marché public de travaux a pour objet la réalisation de travaux de restructuration et d'extension de la cuisine de l'ESIGELEC. Il est divisé en 4 lots dont la description des travaux à r,fns,cmp2006,appeloffre,initial,CCI de Rouen,76007,Rouen,,['Bâtiment'],[33],non,non
21-30649,2021-03-08,2021-05-15,"['76', '27', '14', '80']","Restauration de la tour marégraphe aval, classée aux monuments historiques.Ce bâtiment est situé sur l'espace des marégraphes à Rouen rive droite.",fns,cmp2006,appeloffre,rectificatif,GRAND PORT MARITIME DE ROUEN,76022,Rouen cedex,,"['Couverture', 'Electricité (travaux)', 'Maçonnerie', ""Tous corps d'état""]","[74, 105, 195, 345]",non,non
21-30465,2021-03-08,2021-03-18,['76'],TRAVAUX DE REMPLACEMENT DES MENUISERIES EXTERIEURES DANS LES ECOLES MATERNELLE ET PRIMAIRE LOUIS PASTEUR,fns,cmp2006,appeloffre,rectificatif,COMMUNE DE ROUEN,76037,ROUEN CEDEX,,"['Couverture', 'Isolation']","[74, 169]",non,oui
21-30894,2021-03-08,2021-05-29,['76'],QUAI DE L'EUROPE - PLATE-FORME RORO NORD - REMPLACEMENT DE LA PROTECTION CATHODIQUE,fns,cmp2006,attribution,initial,GPMH au Havre,76067,Le havre cedex,"[('2021-03-05', 'TETIS', (105555.0, 'EUR'), None)]","[""Travaux dans l'eau""]",[349],non,non
21-30703,2021-03-08,2021-04-01,['76'],RD6015-31-112 - LES TROIS PIERRES - AMÉNAGEMENT DU GIRATOIRE - TAC,fns,cmp2006,appeloffre,initial,Département de Seine Maritime,76101,ROUEN Cedex,,"[""Ouvrage d'art""]",[252],non,non
21-30405,2021-03-08,2021-03-26,['76'],Collège Claude Bernard à Grand-Quevilly - Gros Travaux 2019-2021 complémentaire : Réfection des sanitaires élèves,fns,cmp2006,appeloffre,rectificatif,DEPARTEMENT DE LA SEINE-MARITIME,76101,ROUEN CEDEX,,['Bâtiment'],[33],non,non
21-30781,2021-03-08,2021-04-12,['76'],Réparations et fourniture de pièces détachées d'origine constructeur pour les grues de marque HIAB de la Métropole Rouen Normandie Relance Lot no9,mapa,cmp2006,appeloffre,initial,METROPOLE ROUEN NORMANDIE,76176,ROUEN,,['Equipement hydraulique'],[111],non,oui
21-28140,2021-03-08,2021-04-09,['76'],achat de matériels espaces verts - 8 lots,fns,cmp2006,appeloffre,initial,Ville de Gonfreville l'Orcher,76700,Gonfreville l'Orcher,,"['Espaces verts', 'Matériel agricole, horticole', 'Nettoyage urbain', 'Terrain de sport']","[116, 200, 240, 342]",non,non
21-30680,2021-03-08,2021-03-31,['76'],Fourniture d'un cryostat,fns,cmp2006,appeloffre,initial,Université de Rouen,76821,Mont saint aignan cedex,,['Equipements spécialisés'],[115],non,non
21-30870,2021-03-08,2021-04-12,['77'],APPROVISIONNEMENT EN PETITS MATERIELS ET FOURNITURES DE RESTAURATION COLLECTIVE,mapa,cmp2006,appeloffre,initial,MAIRIE DE LAGNY SUR MARNE,77400,LAGNY SUR MARNE,,['Vaisselle'],[357],non,non
21-30375,2021-03-08,2021-04-08,"['78', '75', '77', '76', '93', '92', '94']",Transports sanitaires médicalisés et paramédicalisés,fns,cmp2006,appeloffre,initial,Centre Hospitalier de Versailles,78157,Chesnay-rocquencourt,,"['Sanitaire', 'Transport']","[319, 347]",non,oui
21-30622,2021-03-08,2021-03-18,['78'],RESTRUCTURATION DES VESTIAIRES DU GYMNASE PIERRE DE COUBERTIN D'ACHERES,fns,cmp2006,appeloffre,rectificatif,COMMUNE D ACHERES,78260,ACHERES,,"[""Tous corps d'état""]",[345],non,oui
21-30904,2021-03-08,2021-03-16,['78'],Réalisation d'un audit sous forme de base de données relative au diagnostic détaillé du patrimoine bâti de la commune de Villepreux,fns,cmp2006,appeloffre,rectificatif,ville de Villepreux,78450,Villepreux,,['Audit'],[21],non,non
21-30392,2021-03-08,2021-04-09,['78'],"Fournitures de bureau pour la commune et le ccas du Perray en Yvelines.Lot no1 : Petites fournitures de bureau (stylo..) et consommables pour imprimantes.Lot no2 : Papeterie (papier, enveloppes)",fns,cmp2006,appeloffre,initial,Ville de Perray-en-Yvelines,78610,LE PERRAY EN YVELINES,,"['Articles de bureau et articles scolaires', 'Papeterie']","[16, 262]",non,oui
21-30864,2021-03-08,2021-05-07,['79'],Entretien et exploitation des installations thermiques de la piscine PRE LEROY à Niort,fns,cmp2006,appeloffre,initial,Communauté d'Agglomération du Niortais,79027,NIORT CEDEX,,"['Chauffage (exploitation, entretien)']",[59],non,non
21-30460,2021-03-08,2021-03-23,['80'],ressources humaines: prestation d'assistance à la transformation des fonctions logistiques et immobilières de la ville et de l'agglomération d'amiens,mapa,cmp2006,appeloffre,initial,Amiens Métropole,80027,Amiens cedex 1,,"['Audit', 'Prestations de services']","[21, 274]",non,non
21-22273,2021-03-08,2021-04-09,['80'],fourniture de prestations de restauration collective,fns,cmp2006,appeloffre,initial,DISI NORD,80080,Amiens,,['Restauration collective'],[66],non,non
21-30861,2021-03-08,2021-04-09,['83'],20MAP56 - Travaux de remplacement du revêtement synthétique du terrain no 2 du Vallon du Soleil à LA CRAU,fns,cmp2006,appeloffre,initial,Métropole Toulon Provence Méditerranée,83041,TOULON,,['Revêtements de sols'],[308],non,non
21-30856,2021-03-08,2021-04-16,['83'],REHABILITATION DU RESEAU DES EAUX USEES SECTEUR BD DE TAHITI / RD 559,fns,cmp2006,appeloffre,initial,Commune de La Croix Valmer,83420,La Croix Valmer,,"['Assainissement', 'Réseaux divers']","[18, 306]",non,non
21-30424,2021-03-08,2021-04-07,"['84', '13', '30']",Rénovation de deux courts de tennis au Tennis Park d'Avignon - Plaine des sports,fns,cmp2006,appeloffre,initial,Ville d'Avignon,84045,Avignon cedex 9,,"['Electricité (travaux)', 'Terrain de sport']","[105, 342]",non,oui
21-30628,2021-03-08,2021-03-15,['84'],approvisionnement en denrées alimentaires et assistance technique,mapa,cmp2006,attribution,initial,EHPAD JEHAN RIPPERT,84490,Saint-Saturnin-Les-Apt,,"['Boisson', 'Restauration collective', 'Denrées alimentaires', 'Surgelés']","[39, 66, 88, 330]",non,non
21-30757,2021-03-08,2021-04-02,['84'],"Audit des fonctions transports sanitaires, transports de biens et accompagnement à la mise en place des marchés correspondants pour le GHT 84",fns,cmp2006,appeloffre,initial,CENTRE HOSPITALIER D AVIGNON,84902,Avignon cedex 9,,"['Audit', 'Transport']","[21, 347]",non,non
21-30448,2021-03-08,2021-03-30,['84'],Collège Anne Frank (Morières-Lès-Avignon) : réhabilitation de la laverie et création d'une zone plonge batterie,fns,cmp2006,appeloffre,initial,Département de Vaucluse,84909,Avignon Cedex 9,,"['Carrelage', 'Chauffage (travaux)', 'Cloison, faux plafond', 'Electricité (travaux)', 'Gros oeuvre', 'Peinture (travaux)', 'Plomberie (travaux)', 'Ventilation']","[53, 61, 63, 105, 144, 264, 270, 360]",non,non
21-30551,2021-03-08,2021-03-29,['85'],fourniture et livraison de fournitures scolaires pour les collégiens du territoire de la communauté de communes.,fns,cmp2006,appeloffre,initial,CDC du Pays de Saint Gilles Cx de Vie,85806,Saint Gilles Croix de Vie,,['Articles de bureau et articles scolaires'],[16],non,non
21-30790,2021-03-08,2021-03-29,['87'],Impression de documents de communication et de supports spéciaux pour l'Opéra de Limoges,fns,cmp2006,appeloffre,initial,OPERA DE LIMOGES,87000,LIMOGES,,"['Publicité, Communication']",[285],non,non
21-30826,2021-03-08,2021-04-09,['87'],Travaux de reconnaissances géotechniques,fns,cmp2006,appeloffre,initial,DIR Centre-Ouest,87000,Limoges,,['Voirie'],[365],non,non
21-30803,2021-03-08,2021-06-05,['87'],"Nettoyage, dégraissage et désinfection des conduits d'extraction et des systèmes d'aspiration de vapeurs grasses Consultation lancée par un groupement de commandes composé des membres suivan",fns,cmp2006,attribution,initial,COMMUNE DE LIMOGES,87031,LIMOGES CEDEX 1,,['Nettoyage de locaux'],[239],non,non
21-30880,2021-03-08,2021-03-19,['87'],Fourniture d'éclairage pour festivités et manifestations,fns,cmp2006,appeloffre,rectificatif,COMMUNE DE LIMOGES,87031,LIMOGES CEDEX 1,,['Matériel électrique'],[203],non,non
21-30710,2021-03-08,2021-04-01,['87'],Evaluations externes pour des établissements du CCAS,fns,cmp2006,appeloffre,initial,CENTRE COMMUNAL D ACTION SOCIALE,87031,LIMOGES CEDEX 1,,['Etude'],[118],non,non
21-30846,2021-03-08,2021-05-07,['87'],Etude économique liée au projet de création de la Cité du cuir à Saint-Junien.,mapa,cmp2006,attribution,initial,CC Porte Océane du Limousin (POL),87200,Saint Junien,,['Etude'],[118],non,non
21-30746,2021-03-08,2021-03-26,['90'],Mission d'expertise phytosanitaire et sécuritaire des arbres d-alignement le long des routes départementales du Territoire de Belfort,mapa,cmp2006,appeloffre,initial,DEPARTEMENT DU TERRITOIRE DE BELFORT,90020,BELFORT CEDEX,,"['Espaces verts', 'Voirie']","[116, 365]",non,non
21-30678,2021-03-08,2021-04-14,['90'],Travaux de reprise de concessions funéraires dans les cimetières de Brasse et de Bellevue,fns,cmp2006,appeloffre,initial,Ville de Belfort,90020,BELFORT,,['Cimetière'],[437],non,non
21-30674,2021-03-08,2021-03-26,['90'],Contrôles extérieurs de travaux du domaine routier - Territoire de Belfort (90),fns,cmp2006,appeloffre,initial,DEPARTEMENT DU TERRITOIRE DE BELFORT,90020,BELFORT CEDEX,,"['Etude', 'Voirie']","[118, 365]",non,non
21-30532,2021-03-08,2021-04-07,['91'],"Le présent marché a objet des travaux de remplacement des menuiseries PVC extérieures des bâtiments d'hébergement étudiant U1 & U2, propriété des écoles Institut Mines-télécom Business School",fns,cmp2006,appeloffre,initial,Télécom SudParis / Ecole de Management,91011,Evry,,"['Menuiserie', ""Tous corps d'état""]","[222, 345]",non,oui
21-30774,2021-03-08,2021-04-03,['91'],Missions de relations presse pour les expositions dédiées à la création contemporaine au Domaine départemental de Chamarande,mapa,cmp2006,appeloffre,initial,DEPARTEMENT DE L ESSONNE,91012,Evry cedex,,['Prestations de services'],[274],non,non
21-30500,2021-03-08,2021-04-13,"['91', '75']",Réalisation d'une enquête relative à la culture auprès d'un échantillon représentatif de la population française,fns,cmp2006,appeloffre,rectificatif,Ecole normale supérieure de Cachan,91190,Gif sur yvette,,"['Sondage, enquête']",[471],non,non
21-30819,2021-03-08,2021-05-31,['91'],Entretien des climatiseurs de l'UFR de Sciences,mapa,cmp2006,appeloffre,initial,UNIVERSITE PARIS-SACLAY,91400,Orsay,,['Maintenance'],[196],non,oui
21-30836,2021-03-08,2021-03-30,"['91', '75']",210013 - PRESTATION DE REPORTAGE PHOTOGRAPHIE POUR LES FAMILLES ET LES NOUVEAU-NES LORS DE LEUR SEJOUR AU SEIN DES MATERNITES DU GHNE,dsp,dsp,appeloffre,initial,GROUPE HOSPITALIER NORD ESSONNE,91406,Orsay cedex,,['Délégation de service public'],[406],non,non
21-30727,2021-03-08,2021-04-02,"['92', '75', '91', '78', '93', '94', '95']",prestations d'accompagnement par un ergothérapeute pour l'adaptation des logements des locataires à mobilités réduites et/ou vieillissantes,fns,cmp2006,appeloffre,initial,Nanterre Coop Habitat,92000,Nanterre,,['Prestations de services'],[274],non,non
21-30523,2021-03-08,2021-05-04,['92'],Travaux de réfection du plafond du gymnase du collège République à Nanterre _ lot 02 Faux plafond (relance suite à déclaration sans suite),fns,cmp2006,appeloffre,initial,Cons. Départ. des Hauts-de-Seine,92000,Nanterre,,"['Cloison, faux plafond']",[63],oui,non
21-30895,2021-03-08,2021-04-01,"['92', '69', '75', '77', '78', '91', '93', '94', '95']",Mission de maîtrise d'oeuvre privée relative à l'aménagement de locaux de Rétention Administrative (LRA) au CAD des hauts de seine.Le marché de maîtrise d'oeu sera scindé en 2 tranches,fns,cmp2006,appeloffre,initial,Préfecture des Hauts-de-Seine,92013,Nanterre,,"[""Maîtrise d'oeuvre""]",[197],non,oui
21-30758,2021-03-08,2021-03-16,['92'],Travaux de raccordement et de réfection des abords du programme immobilier sis 12-22 bd Victor Hugo à CLICHY (92110),fns,cmp2006,appeloffre,rectificatif,CITALLIOS,92024,Nanterre cedex,,"[""Ouvrage d'infrastructure""]",[253],non,non
21-30530,2021-03-08,2021-04-08,"['92', '75', '91', '78', '93', '94', '95']","Conception et animation de formations pour la professionnalisation des membres de jury de concours nationaux organisés par le ministère de la transition écologique, le ministère de la Cohésion des ..",fns,cmp2006,appeloffre,initial,MEDDTL,92055,La défense cedex,,['Formation'],[410],non,oui
21-30923,2021-03-08,2021-05-28,['92'],Marché de surveillance et gardiennage des bâtiments publics et de leurs abords pour la ville de Montrouge,fns,cmp2006,appeloffre,initial,Ville de Montrouge,92121,Montrouge cedex,,['Surveillance'],[331],non,non
21-30385,2021-03-08,2021-05-17,['92'],"Le présent marché a pour objet les prestations de capture, ramassage, transport des animaux errants, dangereux, blessés, maltraités ou morts trouvés à la Ville de Suresnes et gestion et mise en fou..",fns,cmp2006,appeloffre,rectificatif,COMMUNE DE SURESNES,92150,Suresnes,,"['Animaux', 'Fourrière']","[9, 451]",non,non
21-30824,2021-03-08,2021-03-31,['91'],"Gardiennage, sécurité et surveillance",fns,cmp2006,appeloffre,initial,Ville d'Orsay,92160,Antony,,['Surveillance'],[331],oui,oui
21-30365,2021-03-08,2021-03-31,"['77', '92', '94']",MARCHE DE MAITRISE D'OEUVRE MARCHE DE REALISATION D'UN ENSEMBLE D'ETUDES POUR LE PLAN DE RELANCE CLIMAT AIR ENERGIE - SITE DE MONTRY,fns,cmp2006,appeloffre,initial,EPIDE,92247,Malakoff cedex,,"[""Maîtrise d'oeuvre""]",[197],non,non
21-30544,2021-03-08,2021-03-18,['92'],Mandat simple de commercialisation en vue de la cession de biens immobiliers résidentiel et d'un local d'activités,fns,cmp2006,appeloffre,rectificatif,Ville de Courbevoie,92401,Courbevoie,,['Prestations de services'],[274],non,non
21-30512,2021-03-08,2021-04-10,['92'],La construction de deux terrains de grands jeux en revêtement synthétique sur le site du Haras Lupin : un terrain pour la pratique du football et un terrain pour la pratique du rugby.,fns,cmp2006,appeloffre,initial,COMMUNE DE VAUCRESSON,92420,Vaucresson,,['Equipement sportif'],[113],non,non
21-30896,2021-03-08,2021-04-06,['93'],Travaux de désamiantage et démolition de bureaux et d'un atelier à usage de garage au 4 bis et 6 rue Goulet à Aubervilliers - Parcelles K 56 et K 214,fns,cmp2006,appeloffre,initial,SEQUANO Aménagement,93022,Bobigny cedex,,['Démolition'],[87],non,non
21-30644,2021-03-08,2021-04-01,['75'],"Marché Public de Contrôle technique, Coordination SPS et Coordination SSI portant sur le projet de Réhabilitation et Extension de l'Académie Fratellini",fns,cmp2006,attribution,initial,ACADEMIE FRATELLINI,93210,Saint-denis la plaine,"[('2020-07-21', 'QUALICONSULT SASU', (25360, 'EUR'), None), ('2020-07-21', 'DEGOUY Coordination SPS - SARL COSSEC', (23310, 'EUR'), None), ('2020-07-21', 'BELLEGARDE ING', (13728, 'EUR'), None)]",['Contrôle technique'],[72],non,non
21-30602,2021-03-08,2021-03-30,['93'],Travaux du parc ascenseurs : Gros oeuvre pour l'installation de gaines ascenseurs,fns,cmp2006,appeloffre,initial,MAIRIE DE TREMBLAY EN FRANCE,93290,Tremblay-en-france,,"['Ascenseur', 'Gros oeuvre']","[17, 144]",non,non
21-30604,2021-03-08,2021-04-02,['93'],La présent marché a pour objet la réalisation de prestations de comptabilité pour les majeurs protégés de l'EPS de Ville-Evrard,fns,cmp2006,appeloffre,initial,E.P.S. de Ville-Evrard,93332,Neuilly sur marne cedex,,['Prestations de services'],[274],non,non
21-30935,2021-03-08,2021-04-02,['93'],Réalisation d'un bâtiment modulaire à l'école Jules Ferry.,fns,cmp2006,appeloffre,initial,Ville de Vaujours,93410,Vaujours,,['Bâtiments modulaires'],[27],non,non
21-30879,2021-03-08,2021-04-02,"['93', '77', '94', '95', '75', '92']",Formations à la prévention des risques 'santé et sécurité au travail'.,fns,cmp2006,appeloffre,initial,Mairie Villepinte,93420,Villepinte,,['Formation'],[410],non,non
21-30899,2021-03-08,2021-05-30,['93'],Le marché a pour objet la maintenance du parc de radiamètres (modèle Radeye B20) portables des services de la DGDDI (métropole et DOM COM).,mapa,cmp2006,attribution,initial,DGDDI,93558,Montreuil,,['Maintenance'],[196],non,non
21-30483,2021-03-08,2021-05-01,['94'],Travaux d'amélioration et de renforcement du réseau d'incendie des tunnels de l'échangeur A 14/A 86 -tunnel A14Y - La Défense,fns,cmp2006,attribution,initial,MEEDDM,94046,Créteil,"[('2021-02-10', 'SOGEA ILE DE FRANCE', (477830.0, 'EUR'), None)]",['Réseaux divers'],[306],non,non
21-20999,2021-03-08,2021-04-09,['94'],Déménagements de logements.,fns,cmp2006,appeloffre,initial,Créteil-Habitat-SEMIC,94048,Créteil Cedex,,['Déménagement'],[86],non,non
21-30725,2021-03-08,2021-05-03,['94'],"Ce marché a pour objet : LES ENSEIGNEMENTS CULTURELS ET ARTISTIQUESLa mission confiée au prestataire poursuit des objectifs pédagogiques, centrés autour des missions d'enseignements culturels et",fns,cmp2006,appeloffre,initial,Ville de l'Hay-les-Roses,94240,L'hay les roses,,['Instruments de musique'],[166],non,non
21-30466,2021-03-08,2021-03-29,['94'],Prestation de Bio nettoyage des établissements scolaires de la Ville du Kremlin-Bicêtre,fns,cmp2006,appeloffre,rectificatif,COMMUNE LE KREMLIN BICETRE,94270,LE KREMLIN-BICETRE,,['Nettoyage de locaux'],[239],non,non
21-30795,2021-03-08,2021-03-26,['94'],"Fourniture, pose et aménagement d'un bâtiment modulaire de deux salles de classe élémentaire",fns,cmp2006,appeloffre,rectificatif,COMMUNE DE CHAMPIGNY SUR MARNE,94507,Champigny-sur-Marne,,['Bâtiments modulaires'],[27],non,non
21-30516,2021-03-08,2021-03-17,['95'],Marché d'entretien des locaux du bâtiment administratif du SICTEUB,fns,cmp2006,appeloffre,rectificatif,SI COLLECTE TRAIT EAUX USEES,95270,Asnieres sur oise,,['Nettoyage de locaux'],[239],non,non
21-30641,2021-03-08,2021-04-23,"['95', '75', '92', '94', '93']",Révision générale du Plan Local d'Urbanisme de la Commune de Fontenay-en-Parisis,mapa,cmp2006,appeloffre,initial,Commune de Fontenay-en-Parisis,95270,Fontenay en parisis,,['Prestations de services'],[274],non,non
21-30561,2021-03-08,2021-04-07,['95'],travaux d'entretien et de réfection de voiries intercommunales et mise en sécurité temporaire,fns,cmp2006,appeloffre,initial,C.C Vexin Val de Seine,95420,Magny en Vexin,,['Voirie'],[365],non,oui
21-30518,2021-03-08,2021-04-13,"['95', '94', '92', '93', '91', '60', '77', '78', '80']",Le marché a pour objet la réalisation de la maîtrise d??uvre pour les travaux de rénovation des façades du Bâtiment 1 et du Bâtiment 2 du Centre Informatique Douanier,fns,cmp2006,appeloffre,initial,Centre-informatique-douanier,95521,Cergy pontoise,,['Etude'],[118],non,oui
21-30945,2021-03-08,2021-04-08,['971'],Mission Responsable Surveillance de la conformité du PSNA AFIS - Aéroport Rémy de Haenen,fns,cmp2006,attribution,initial,Collectivité de Saint-Barthélemy,97098,Saint-barthelemy,"[('2021-03-01', 'VEYRIER DIDIER', (115680.0, 'EUR'), None)]",['Surveillance'],[331],non,non
21-30273,2021-03-08,2021-04-09,['971'],Exploitation et maintenance des groupes electrogenes et des onduleurs du Centre Hospitalier Universitaire de Guadeloupe,joue,directive24,appeloffre,initial,GHT DE LA GUADELOUPE,97139,ABYMES,,['Groupe électrogène'],[143],non,non
21-30892,2021-03-08,2021-03-29,['972'],AMO pour l'élaboration de la Stratégie Locale de Gestion du Risque d'Inondation (SLGRI) du Territoire à Risque important d'Inondation (TRI) de Fort-de-France / Le Lamentin,mapa,cmp2006,appeloffre,initial,Cté d'Agglo du centre de la Martinique,97204,Fort de france cedex martinique,,['Assistance technique'],[19],non,non
21-30695,2021-03-08,2021-04-13,['972'],"le marché a pour objet de certifier la conformité des points d'alimentation électrique des télétravailleurs, dédiés au matériel informatique professionnel.",fns,cmp2006,appeloffre,initial,CGSSM,97210,Lamentin cedex 02,,"['Electricité (travaux)', 'Prestations de services']","[105, 274]",non,non
20-89943,2021-03-08,2021-06-02,['972'],"installation temporaire d'un commerce ambulant de type "" food truck "" sur le site de trinité, au centre hospitalier louis domergue (chld)",dsp,dsp,appeloffre,initial,CHU de Martinique,97261,Fort-de-France Cedex,,"['Prestations de services', 'Repas, traiteur']","[274, 304]",non,non
21-30813,2021-03-08,2021-04-07,['973'],"Renforcement des Voiries de la Ville de Macouria - "" Secteur Lieu-dit La Marguerite "" Rues C.YAPARA et KAMUYENEHMarché à procédure adaptée conformément aux dispositions des articles L2123-1 et R21..",fns,cmp2006,appeloffre,initial,COMMUNE DE MACOURIA,97300,Macouria,,['Voirie'],[365],non,non
21-30944,2021-03-08,2021-05-15,['973'],"Prestation d'entretien ponctuel de la route de la route forestière de Montagne de Fer, du PK 0 au PK 10. La forêt domaniale de Montagne de Fer se situe au PK 200 de la RN1, la route forestière d",fns,cmp2006,appeloffre,initial,Office National des Forêts,97300,Cayenne,,['Travaux forestiers'],[350],non,oui
21-30327,2021-03-08,2021-04-06,['974'],Aménagement du Front de Mer de Saint-Benoit,fns,cmp2006,appeloffre,initial,Ville de Saint-Benoit,97470,Saint-benoit,,"['Espaces verts', 'Voirie et réseaux divers']","[116, 366]",non,non
21-30442,2021-03-08,2021-03-31,['974'],diagnostic du forage ango - commune de sainte suzanne,fns,cmp2006,appeloffre,initial,CINOR,97495,Sainte clotilde cedex,,['Contrôle technique'],[72],non,non
21-30533,2021-03-08,2021-04-06,['976'],"Il s'agit de la rénovation de l'école élémentaire de PASSAMAINTY stade. Les travaux concernent des aménagements extérieurs des gros ouvres, couverture, menuiserie bois-menuiserie alu, faux -",fns,cmp2006,appeloffre,initial,Ville de Mamoudzou (976),97600,Mamoudzou,,"['Bâtiment', 'Bois', 'Carrelage', 'Charpente', 'Electricité (travaux)', 'Gros oeuvre', 'Maçonnerie', 'Métallerie', 'Nettoyage de locaux', 'Peinture (travaux)', 'Plâtrerie', 'Plomberie (travaux)']","[33, 38, 53, 57, 105, 144, 195, 223, 239, 264, 269, 270]",oui,non
21-30564,2021-03-08,2021-04-06,['976'],La présente consultation concerne :LA RENOVATION DE l'ECOLE MATERNELLE DE PASSAMAINTY STADE.Il s'agit de la rénovation de l'école maternelle de PASSAMAINTY stade. Les travaux concern,fns,cmp2006,appeloffre,initial,Ville de Mamoudzou (976),97600,Mamoudzou,,"['Abonnement', 'Bâtiment', 'Carrelage', 'Charpente', 'Couverture', 'Démolition', 'Electricité (travaux)', 'Gros oeuvre', 'Menuiserie', 'Métallerie', 'Nettoyage de locaux', 'Peinture (travaux)', 'Plâtrerie', 'Plomberie (travaux)']","[2, 33, 53, 57, 74, 87, 105, 144, 222, 223, 239, 264, 269, 270]",oui,non
21-30325,2021-03-08,2021-03-16,['974'],"Acquisition d'un appareil isocinétique. Université de la Réunion, Laboratoire IRISSE, Bâtiment Q, 117 rue du général Ailleret, 97430 Le Tampon.",mapa,cmp2006,attribution,initial,Université de la Réunion,97744,Saint-denis cedex 9,,['Laboratoire (matériel)'],[188],non,non
21-30323,2021-03-08,2021-03-23,"['974', '75']",Acquisition d'un appareil de chromatographie sur couche mince haute-performance (HPTLC),fns,cmp2006,appeloffre,initial,Université de la Réunion,97744,Saint-denis cedex 9,,['Laboratoire (matériel)'],[188],non,non
